x_mean,x_rms,order_parameter,residue_mean,mismatch_mean
-0.009763459981777058,0.49085534866202174,0.03441049717751197,9.749904268998476e-06,0.0009756143552256877
-0.009570349650717878,0.4914648376676423,0.034616317711487404,3.8972043089097976e-05,0.0019511212454364608
-0.009374942481682037,0.4921583103615534,0.03481774657548018,8.76253630077591e-05,0.002926520693466352
-0.009177285371452166,0.4929347481301235,0.03501904444983732,0.00015566889233365304,0.003901812346315559
-0.008977425756785954,0.49379301617379406,0.035227577033425286,0.00024306172888049007,0.00487699554781164
-0.008775411603031455,0.4947318670197619,0.035437611301106973,0.0003497630414061545,0.005852070647067231
-0.008571291392615973,0.49574994432636793,0.03565228723453547,0.0004757321239723514,0.006827039227244669
-0.008365114113410146,0.4968457869521442,0.035871780949374744,0.0006209282909268527,0.007801895966475499
-0.008156929246971307,0.498017833261347,0.035983109097597304,0.0007853110066398594,0.008776665899820036
-0.007946786756667998,0.49926442563701146,0.03620741816985075,0.000968840595267154,0.009751360732227267
-0.007734737075689288,0.5005838151721188,0.036438409532726146,0.0011714767153347102,0.010725935987142134
-0.007520831094940653,0.5019741665093559,0.03663992925756045,0.001393178615735785,0.011700368692110826
-0.007305120150830721,0.5034335628001507,0.03684399186258028,0.0016339054036162686,0.012674671552241949
-0.007087656012950597,0.5049600107541709,0.03696820606733793,0.0018936166065056615,0.013648865855688062
-0.006868490871649515,0.5065514457512469,0.037208069011287315,0.002172272456710975,0.014622960750802612
-0.006647677325509359,0.5082057369886878,0.037415395723300215,0.0024698327029321764,0.015596931235343142
-0.006425268368721284,0.5099206926382034,0.03766656847836394,0.002786257097797976,0.016570770696339582
-0.006201317378367213,0.5116940649880518,0.03787331449808434,0.003121505145519323,0.01754446215745632
-0.0059758781016099214,0.5135235555475876,0.03808521788082961,0.003475536209913189,0.018518003569018476
-0.005749004642793668,0.515406820093089,0.03834441005117434,0.0038483098778500854,0.01949140245558448
-0.005520751450459487,0.5173414736354903,0.05375195777895467,0.004239760950410134,0.02045970698763497
-0.005291173304277931,0.5193250952924897,0.06967781764660035,0.004649652163754639,0.021415620932986098
-0.0050603253019020225,0.521355233049354,0.07010775104352499,0.00507772590801328,0.022364134382710003
-0.004828262845744248,0.5234294083946018,0.0854283879244234,0.0055238692706732475,0.023307653068184622
-0.004595041629680113,0.5255451208185916,0.0859640028503092,0.005987875804249041,0.02424380790065812
-0.004360717625682007,0.5276998521648417,0.101171789841557,0.006469632888900485,0.025174978665411133
-0.0041253470703860404,0.5298910708256535,0.10180562649592853,0.006968936318317068,0.02609885106594644
-0.0038889864515956937,0.5321162357752672,0.10245443641903111,0.007485697258089499,0.02702233665163271
-0.0036516924947248676,0.5343728004353795,0.11750752935682766,0.008019850188470026,0.027940877352869056
-0.0034135221491842205,0.5366582163693209,0.11823966949849815,0.008571193481942456,0.028852177782545885
-0.00317453257471335,0.538969936802582,0.11897675206432583,0.009139638412255157,0.029763021238096345
-0.0029347811276629527,0.5413054199686443,0.1197211746391592,0.00972514174370388,0.030673414919775776
-0.0026943253472294874,0.5436621322802425,0.12040631556229404,0.010327660443824804,0.03158336690725225
-0.0024532229416460057,0.5460375513272188,0.12115188833535719,0.010947151872921453,0.03249287982737499
-0.0022115317743325352,0.5484291687030798,0.12190178506714151,0.011583573089573852,0.0334019405114594
-0.0019693098500090257,0.5508344926631775,0.12265756869819663,0.012236881260789317,0.034310549235003436
-0.0017266153007746412,0.5532510506181805,0.12341357873596985,0.012907033577637717,0.03521869704403686
-0.0014835063721561977,0.5556763914670861,0.13843110917437243,0.013593964586416752,0.036121914638239515
-0.001240041409129589,0.5581080877745754,0.1392891335415729,0.014297475950855405,0.037017983866370965
-0.0009962788421172832,0.5605437377979291,0.14014688974786574,0.01501747995357967,0.03791353649486915
-0.0007522771729652358,0.5629809673690568,0.141015967593782,0.015753933632163403,0.03880859589471982
-0.0005080949609028207,0.5654174316374904,0.14187860793544801,0.01650679410469225,0.039703144974340965
-0.0002637908084887673,0.5678508166803521,0.1566902286393507,0.01727599641550601,0.04059282184054124
-1.9423347546990987e-05,0.5702788409854606,0.17128265561100242,0.01806132490344468,0.041471325125137924
0.0002249487749049312,0.5726992568138012,0.17229459393972438,0.018862548859545965,0.04234307787895578
0.00046926691073061953,0.5751098514476143,0.1733258636307147,0.01967958393050843,0.043214253885385225
0.0007134724247502517,0.5775084483303122,0.17435920909413757,0.02051238659136537,0.04408482117500372
0.0009575067088127242,0.5798929081043961,0.17540073304842857,0.02136091328117847,0.04495479141850713
0.0012013111958612396,0.582261129553409,0.17643941896654547,0.022225120555822157,0.045824148018875036
0.0014448273739892047,0.5846110504538641,0.17749140653236994,0.02310496456777028,0.04669287173534149
0.0016879968004828406,0.58694064834292,0.1783779773264171,0.024000402039034925,0.047561070555837755
0.0019307611158470106,0.5892479412073766,0.17941761134329443,0.024911392801599958,0.04842880391675441
0.0021730620578113637,0.5915309880994262,0.18047353516778206,0.025837894894209793,0.04929594696285366
0.0024148414753128998,0.5937878896843342,0.18153624976191846,0.02677986530333239,0.05016249358831666
0.002656041342452039,0.5960167887250514,0.18260932197656676,0.027737261505342895,0.051028448168603975
0.0028966037724184207,0.5982158705085188,0.18369046886650217,0.028710040047687974,0.051893742886551034
0.0031364710313836488,0.6003833632182164,0.18477836921116364,0.029698157077445487,0.05275839191457351
0.0033755855523569583,0.6025175382572702,0.1858612546355368,0.030701569262081056,0.05362240918668989
0.0036138899490011163,0.6046167105262125,0.18694900681127546,0.03172023321807763,0.05448577798508576
0.0038513270294048426,0.6066792386592808,0.18805818587230794,0.03275410564185231,0.05534851009392455
0.0040878398098085494,0.6087035252228915,0.18916276404846,0.03380314338630225,0.05621059965801917
0.004323371528280279,0.6106880168797455,0.19027486577448657,0.03486730332907171,0.05707205299376888
0.004557865658338204,0.6126312045217921,0.19142021812893767,0.03594654246098481,0.057932854681336035
0.004791265922516723,0.614531623375081,0.19237847363603897,0.03704081783835471,0.05879306652594375
0.005023516305872768,0.6163878530793343,0.19353776936639003,0.038150088940866446,0.05965274849946836
0.005254561069429203,0.6181985177448969,0.19467623450778035,0.03927431365810789,0.06051177308178436
0.005484344763551828,0.6199622859895269,0.20923960305650624,0.040413428349185536,0.06136604257326441
0.005712812241257084,0.6216778709573155,0.21047041601394845,0.04156724700325092,0.06221348728884198
0.005939908671446976,0.6233440303218944,0.21169202475251012,0.04273568487997799,0.0630601975878492
0.006165579552068388,0.6249595662758759,0.21290365811851472,0.04391869846752328,0.06390620337778143
0.006389770723193224,0.6265233255083937,0.2141597571249673,0.04511624448692607,0.06475149910509258
0.006612428380016564,0.6280341991724068,0.2153827924313299,0.04632827983375442,0.06559609791466375
0.006833499085769609,0.6294911228433493,0.21665383210257447,0.04755476164675912,0.0664399941627785
0.007052929784544098,0.6308930764705655,0.21788738687758494,0.04879564698241978,0.06728318522190935
0.007270667814025688,0.6322390843228349,0.21918029435461703,0.05005089275763777,0.06812564922435196
0.007486660918132485,0.633528214929237,0.22043397387152686,0.051320455993980246,0.06896741521056857
0.007700857259556283,0.6347595810164378,0.22173881802912745,0.052604293805781105,0.06980844670176241
0.007913205432203361,0.6359323394434432,0.22305246532084264,0.05390236311884106,0.07064874950666607
0.008123654473531569,0.6370456911347451,0.22431618935928493,0.05521462081853702,0.07148832801660862
0.008332153876781172,0.6380988810126944,0.22543062455246157,0.05654102463734881,0.07232726076131706
0.008538653603096254,0.6390911979299141,0.22675630384664358,0.057881534484911734,0.07316558735324759
0.008743104093533708,0.6400219746024098,0.22805443854212898,0.05923610885865866,0.07400322455409669
0.008945456280957305,0.6408905875440501,0.22936309854688072,0.06060470532607043,0.07484010538876135
0.0091456616018133,0.6416964570029738,0.2306508585418926,0.06198728096183857,0.07567625884009008
0.00934367200778576,0.6424390469004538,0.24520945542270303,0.06338377355704597,0.07650778789775592
0.009539439977327728,0.6431178647726757,0.24658223237328727,0.06479400590009932,0.0773328431903365
0.009732918527066266,0.6437324617158465,0.24800402151365908,0.06621789828868,0.07815719056201331
0.009924061223078125,0.6442824323350241,0.26202989339045274,0.06765538973511509,0.07897703969121724
0.010112822192033818,0.644767414696962,0.27575333723215845,0.06910629094835297,0.07978714057228169
0.010299156132206866,0.6451870902872914,0.27722420894648,0.07057040314581763,0.08059135653235905
0.010483018324346094,0.6455411839722707,0.2787596299881388,0.07204765099831964,0.08139482566245855
0.010664364642407935,0.6458294639653276,0.2802992325133466,0.07353799228544373,0.08219745643508437
0.01084315156414655,0.6460517417985692,0.28184641048039044,0.07504138430595907,0.08299927601582052
0.011019336181558956,0.6462078722994259,0.28339870434374614,0.07655778477314085,0.08380028046109646
0.011192876211182682,0.6462977535725305,0.2849459420235415,0.07808715149549185,0.08460048556170024
0.011363730004243636,0.6463213269869426,0.28643726518121543,0.07962944309149443,0.08539994688595968
0.011531856556651635,0.6462785771687714,0.2879328633364283,0.08118461937228547,0.08619869413063402
0.011697215518841132,0.6461695319992435,0.28943935508561147,0.08275264002274527,0.08699669991866386
0.011859767205454955,0.6459942626182049,0.29100623897148414,0.08433346424174555,0.087793934903019
0.012019472604868596,0.6457528834330748,0.29252338820164275,0.08592705129564782,0.08859042738508219
0.012176293388552807,0.6454455521331672,0.2941158266407056,0.08753336078047763,0.0893861601069373
0.012330191920272297,0.6450724697093387,0.2957160405341482,0.08915235211183142,0.09018114700411711
0.01248113126511818,0.6446338804788428,0.2973254826857671,0.09078398479243693,0.09097534981249034
0.012629075198372237,0.6441300721152735,0.2988608462324102,0.09242821781716502,0.09176877308145652
0.012773988214200617,0.6435613756834281,0.3004220755340031,0.09408501015724884,0.09256137389638694
0.012915835534175147,0.6429281656789013,0.30205897928649544,0.09575432019126359,0.09335315633595448
0.013054583115619967,0.6422308600721903,0.3037014479148076,0.097436107166472,0.09414417953580562
0.013190197659781527,0.6414699203570341,0.30535249306934514,0.09913033042416634,0.09493438847222087
0.013322646619820149,0.6406458516027006,0.31811380107493437,0.10083693307975393,0.09572062036808159
0.013451898208621289,0.6397592025098822,0.31972027213644144,0.10255576422465001,0.09650137776917372
0.013577921406424021,0.6388105654697993,0.3214244858748767,0.10428675340300589,0.09728138881675538
0.013700685968265808,0.6378005766261029,0.3231337141140059,0.10602986084656617,0.09806061267281858
0.01382016243124113,0.6367299159390759,0.32474321814143287,0.10778504692225682,0.09883909282868766
0.013936322121572347,0.6355993072516152,0.3263707921545879,0.10955227285782733,0.09961683385155254
0.0140491371614914,0.6344095183563834,0.3382814864643967,0.11133148425147524,0.10039081054326086
0.014158580475930205,0.6331613610634927,0.34995889019701504,0.11312252482526836,0.10115691209893435
0.01426462579901871,0.6318556912679817,0.351633067151443,0.11492523306712936,0.10191830847027519
0.014367247680388348,0.630493409016305,0.36211136583486203,0.11673953188067537,0.1026763464884062
0.014466421491280204,0.6290754585709374,0.3638420239489487,0.11856529216137227,0.10342977250344373
0.014562123430455738,0.6276028284721675,0.3655446689804344,0.12040245087058547,0.10418249211710949
0.014654330529908973,0.6260765515960038,0.37540735232948674,0.12225095898727985,0.10493203728454971
0.014743020660378574,0.6244977052070702,0.3771992242414989,0.12411069348412568,0.10567718963994
0.014828172536659015,0.6228674110052228,0.3789799554503303,0.12598159377846055,0.10642168230894733
0.014909765722708695,0.6211868351645593,0.38077362229675693,0.12786362434345017,0.10716550386612972
0.014987780636554666,0.619457188363307,0.38255955663958435,0.1297567492902039,0.10790864063868306
0.015062198554992074,0.6176797258030404,0.38436839664296674,0.13166093292683462,0.10865110107921536
0.015133001618077704,0.6158557472154357,0.3861412684134888,0.13357613948495192,0.10939287404370981
0.01520017283341632,0.6139865968547451,0.38791514185592274,0.1355023332737595,0.11013395726646752
0.015263696080238632,0.6120736634739274,0.3898356484333469,0.1374394782944479,0.11087431398297369
0.015323556113270314,0.610118380282273,0.3916243096710026,0.13938753762338743,0.11161392956620435
0.015379738566390848,0.6081222248821808,0.40052133013145313,0.14134646404005805,0.11235061602136538
0.015432229956081147,0.6060867191825465,0.4023254911227923,0.143316144363147,0.11308327711070774
0.015481017684659626,0.6040134292860871,0.4041395289003229,0.14529652099150822,0.1138152682549753
0.015526090043305619,0.6019039653476946,0.40595045596831086,0.14728755971997773,0.11454663135871221
0.015567436214869465,0.5997599814007312,0.40776570112587696,0.14928922681336387,0.11527736799331732
0.015605046276468375,0.5975831751479804,0.4095877135057423,0.15130148829749732,0.11600746738486661
0.015638911201868187,0.5953752877137494,0.4114153556185911,0.15332431014374232,0.11673689878005436
0.015669022863649292,0.5931381033533997,0.41324745790912626,0.15535765748533112,0.11746564310941526
0.015695374035157427,0.5908734491163761,0.41506837897574117,0.15740149622420394,0.1181937645425777
0.015717958392237916,0.58858319445857,0.41689708941613607,0.15945579315872646,0.11892127422493674
0.015736770514753497,0.5862692507996331,0.41872952276622555,0.16152051510107474,0.11964815686991798
0.015751805887885044,0.5839335710206224,0.42685504126791035,0.1635956184926577,0.12037244933462478
0.01576306090321521,0.5815781488971665,0.4349513132944709,0.1656809936770674,0.12109146102326343
0.015770532859594316,0.5792050184630754,0.4425120923670323,0.167776517630968,0.12180542952306554
0.015774219963788687,0.5768162532991579,0.4443882970144102,0.16988207968208643,0.12251627299865116
0.015774121330911047,0.5744139657417705,0.44626326686377055,0.17199763289523387,0.12322665042106426
0.015770236984632827,0.572000306005458,0.4481419979489425,0.1741231472244713,0.12393648053620718
0.015762567857178406,0.5695774612138635,0.4500188185143389,0.17625859151458556,0.12464573948112254
0.015751115789101655,0.5671476543329534,0.4518523610848351,0.17840393466337687,0.1253544522362225
0.01573588352884385,0.5647131430004505,0.4537261386425794,0.1805591466086385,0.1260626858867057
0.01571687473207444,0.5622762182453199,0.455809932510403,0.18272419821518088,0.12677042970696373
0.015694093960813348,0.559839203091057,0.45765148572553577,0.18489905952889227,0.12747765719264156
0.01566754668233632,0.5574044510365344,0.4595270114559752,0.1870837010853773,0.12818441030062913
0.015637239267862778,0.554974344408203,0.46123759045650975,0.18927809453516034,0.1288907654096406
0.015603178991026688,0.5525512925775053,0.4629191341385418,0.19148221299247328,0.12959676293675107
0.015565374026131031,0.5501377300375389,0.4693853402530249,0.19369602219424192,0.1303009034005504
0.015523833446185884,0.5477361143332046,0.4712869137340381,0.19591944404077952,0.13100246393049472
0.015478567220731005,0.5453489238393592,0.47780663658859873,0.1981524298055058,0.13170230010324885
0.015429586213443333,0.5429786553818761,0.4796537262800633,0.20039490713460545,0.13239978994516577
0.015376902179529377,0.5406278216969663,0.48130451825544524,0.2026468356613313,0.1330968958998133
0.015320527762904393,0.5382989487246509,0.48692052134202624,0.20490818406532124,0.1337925163468468
0.015260476493157855,0.5359945727329454,0.49260439839484405,0.20717888141792257,0.1344850734962878
0.01519676278230615,0.533717237270037,0.4947694846646569,0.20945885582037363,0.13517578538960895
0.015129401921334088,0.5314694899426272,0.49693345811432654,0.2117480721358605,0.13586618971437203
0.015058410076524973,0.5292538790195461,0.49877655450705444,0.21404650596160213,0.13655628575467565
0.014983804285580762,0.5270729498608567,0.5009393782634836,0.216354132084671,0.13724606200039302
0.01490560245353317,0.5249292411738345,0.5031004766831453,0.21867092798898247,0.1379356881385694
0.01482382334844648,0.5228252810985403,0.5052580539452804,0.22099687086714714,0.1386250261746483
0.014738486596913366,0.5207635831270764,0.5074163531014915,0.22333193691416436,0.13931412131353474
0.014649612679344568,0.5187466418621877,0.5092962771867202,0.22567610366865792,0.14000301875909954
0.014557222925053754,0.5167769286224085,0.5114504236419011,0.22802934867420085,0.14069168527669262
0.014461339507138363,0.5148568869027136,0.515578594123777,0.2303916458989994,0.14137942996459904
0.014361985437158485,0.5129889277013427,0.5177567981071166,0.2327629480767237,0.1420659201079139
0.014259184559614013,0.5111754247253131,0.5199325550101057,0.2351432271125311,0.14275226756605733
0.014152961546222064,0.5094187094889643,0.5221134002163444,0.2375324624864673,0.14343851968670157
0.014043341889995968,0.507721066321766,0.5239460131487569,0.239930634574777,0.14412464464131558
0.013930351899127042,0.506084727303438,0.5258243651672175,0.24233772190892142,0.14481058994811133
0.01381401869067071,0.5045118671462826,0.5280006253775825,0.24475370391271584,0.1454964307213825
0.013694370184038577,0.5030045980463517,0.529974011935052,0.2471785604479922,0.1461820541654407
0.013571435094297944,0.5015649645267267,0.5321485792790697,0.2496122672270286,0.146867387998771
0.013445242925280156,0.5001949382977321,0.5340128680095597,0.2520548044506918,0.1475527243616319
0.013315823962500067,0.49889641316023003,0.5358697607865911,0.25450615425828627,0.14823802189492558
0.013183209265887534,0.4976711999793658,0.5380393646641597,0.2569662991537772,0.1489234372538494
0.013047430662333118,0.4965210217570265,0.5402045078302523,0.2594352248440289,0.14960898652845317
0.012908520738049977,0.49544750883201993,0.5420327954086954,0.26191291493785834,0.15029446400545562
0.012766512830753078,0.4944521942373762,0.5438894300068423,0.26439934840854756,0.15097977178586783
0.01262144102165856,0.4935365092442877,0.5460536762935152,0.2668945058105563,0.15166505700356867
0.012473340127304234,0.4927017791220066,0.5480176228485103,0.26939837026558844,0.15235028529482164
0.012322245691193777,0.4919492191424717,0.5501791286808003,0.27191092022510516,0.153035336847984
0.012168193975266608,0.4912799308575476,0.5520126758273537,0.27443213821115925,0.1537204533384143
0.012011221951195087,0.49069489867552324,0.5541698932061515,0.27696200852324565,0.15440570479334417
0.01185136729151147,0.4901949867619262,0.5560017032711625,0.2795005172127506,0.15509110446383553
0.011688668360566755,0.48978093628781133,0.5578207192903483,0.28204764922330333,0.1557766026166443
0.011523164205323396,0.48945336304642584,0.5616696957921553,0.28460338839695093,0.1564620339203462
0.011354894545984212,0.4892127554566409,0.5638604473930793,0.2871677152724835,0.15714749202128409
0.011183899766459676,0.48905947296874414,0.5657131775477185,0.28974061660348815,0.15783316258792296
0.011010220904676073,0.48899374488516795,0.5675658987180432,0.29232207817965855,0.15851894513974205
0.010833899642726538,0.48901566960553355,0.5693993475813047,0.2949120851080279,0.15920485977782453
0.010654978296867632,0.4891252143020377,0.5731978573132552,0.29751062344117474,0.15989095264381617
0.010473499807363453,0.48932221502779655,0.5754210778087921,0.30011768092391944,0.16057735814649
0.010289507728180347,0.48960637725725686,0.5772778230470288,0.3027332467572228,0.16126400567395782
0.010103046216534104,0.4899772768543724,0.5791278548463206,0.3053573082898729,0.16195090498194412
0.009914160022292503,0.49043436146080693,0.5809729793382419,0.30798985379131194,0.16263807549806086
0.009722894477235457,0.49097695229317634,0.582818504379013,0.31063087214086943,0.1633255355243786
0.00952929548417563,0.4916042463352099,0.5846635694139856,0.31328035166783597,0.1640132433730009
0.009333409505942154,0.4923153189078211,0.5883343718492454,0.31593828234119786,0.16470156099867514
0.009135283554229412,0.4931091265973872,0.5901764096983283,0.3186046640787881,0.16539052474512939
0.008934965178314817,0.49398451052018544,0.5920350565034725,0.3212794835284457,0.16607954926963922
0.00873250245364701,0.49494019989883015,0.5938895978671814,0.3239627289527007,0.16676893318885075
0.00852794397030805,0.4959748159248131,0.5958856283528109,0.3266543895324392,0.16745841119808713
0.008321338821352026,0.4970868758798434,0.5977601312641885,0.32935444582279216,0.16814780780928726
0.008112736591022964,0.49827479748761455,0.599590884040612,0.3320628840399567,0.16883736246216016
0.007902187342854772,0.4995369034669083,0.6014270168892455,0.3347796876583351,0.16952696215524532
0.007689741607656352,0.5008714262565804,0.6031547995954972,0.33750484378043955,0.17021670487019308
0.007475450371384357,0.5022765128829225,0.604977255789068,0.34023833199591297,0.17090606460801
0.007259365062906899,0.5037502299401718,0.6068376444307984,0.34298013460115945,0.17159575493008278
0.007041537541660716,0.5052905686554845,0.6087952280755453,0.3457302417992979,0.1722855998891748
0.0068220200852052775,0.5068954500105449,0.6106508933705476,0.34848863611196246,0.17297540965076472
0.006600865376676503,0.5085627298930067,0.61246626805876,0.3512553050317444,0.1736656007854867
0.006378126492142719,0.5102902042522829,0.614318441240203,0.3540302410082179,0.174356270030684
0.006153856887867147,0.5120756142355959,0.6161319533984809,0.3568134334776502,0.1750469864877052
0.005928110387478196,0.5139166512818352,0.6178253038131643,0.359604867288775,0.17573782743191718
0.0057009411690523756,0.5158109621524519,0.6196360245199197,0.3624045256911003,0.1764285580301719
0.005472403752111627,0.5177561538804094,0.6214117139631268,0.3652123916178048,0.17711944427644233
0.005242552984539009,0.5197497986200357,0.623183611781031,0.3680284553859775,0.17781074554079312
0.005011444029415405,0.5217894383825126,0.6249518543993249,0.370852710380348,0.1785026116179239
0.004779132351780693,0.5238725896435544,0.6267039635975419,0.37368515609805886,0.17919558510439065
0.004545673705322343,0.5259967478117027,0.6288541286929245,0.3765257967180051,0.17988942101900024
0.004311124118994863,0.5281593915474293,0.6309954610956662,0.37937463645938274,0.18058446461997604
0.0040755398835731,0.5303579869249725,0.6331324324522554,0.38223168396961604,0.18128079102564468
0.00383897753814269,0.5325899914304949,0.6352586995815198,0.3850969484701325,0.18197839337628632
0.0036014938565310114,0.5348528577916937,0.6371606060994253,0.38797043592670044,0.18267665577684258
0.0033631458336816507,0.5371440376354745,0.6397886672214596,0.3908521406991899,0.18337658410167698
0.003123990671976032,0.5394609849716513,0.6415533654762832,0.3937421103869888,0.1840795780263841
0.0028840857675049075,0.5418011595018882,0.6432921685413063,0.396640359670142,0.18478335133573254
0.0026434886962938085,0.5441620297542268,0.6454409738948971,0.3995468884180277,0.18548814343699072
0.0024022572004848935,0.546541076044579,0.6475806682184174,0.4024617065325388,0.18619444477261238
0.0021604491744792106,0.5489357932674828,0.6493298552727438,0.40538482677197996,0.1869019698733774
0.0019181226510422626,0.5513436935191858,0.6514569907480469,0.4083162523121815,0.1876106330876912
0.001675335787376483,0.553762308556878,0.6530799690192867,0.4112560057344635,0.18832271894061015
0.0014321468511636864,0.5561891920984342,0.6548528444969001,0.4142041623181916,0.1890387057807279
0.0011886142065812512,0.5586219219675705,0.6566195188184841,0.4171607417938094,0.18975547311138882
0.000944796300294866,0.5610581020897021,0.6584998211204757,0.4201257408742333,0.19047265897767646
0.000700751647431653,0.563495364344141,0.6602593458721528,0.4230991467379322,0.1911901727464951
0.00045653881753685233,0.5659313702784974,0.6621000113338388,0.4260809544363954,0.1919081808152631
0.00021221642051736056,0.5683638126913597,0.6637958084152052,0.429071151437997,0.1926264852278075
-3.215690742433641e-05,0.5707904170894185,0.6654899648729623,0.4320697354511404,0.1933457890945964
-0.0002765225178625541,0.5732089430252747,0.6672302567114653,0.43507670741762017,0.1940656416505387
-0.0005208217642237903,0.5756171853221772,0.668914068894623,0.4380920566711816,0.19478593684525758
-0.0007649960158616389,0.5780129751919081,0.6705810744629855,0.4411157826005051,0.19550722377241284
-0.001008986672127738,0.5803941812519344,0.6723056381090297,0.4441478886311396,0.19622950935176128
-0.0012527351764358237,0.5827587104478825,0.6739177803421414,0.44718837551231244,0.1969523788672874
-0.0014961830303148694,0.5851045088872019,0.6755656696407167,0.450237232271522,0.1976756455229526
-0.0017392718074485814,0.5874295625897755,0.6772091444559085,0.45329445913034455,0.1984000126161256
-0.0019819431676972817,0.5897318981610142,0.6788480138399428,0.45636006165687504,0.19912547024770616
-0.0022241388710993936,0.5920095833928144,0.6805524713814063,0.45943404385780634,0.19985192485186812
-0.002465800791848699,0.5942607277975159,0.6825791565243446,0.46251641167516583,0.20057996204020465
-0.002706870932244227,0.5964834830798247,0.6841816461195771,0.4656071891796056,0.20130995334409707
-0.002947291436609468,0.5986760435513931,0.6857782301677295,0.468706388645878,0.2020411505942337
-0.0031870046051774505,0.6008366464925866,0.6874567765024897,0.4718140168184703,0.20277349267190659
-0.0034259529079383624,0.6029635724656843,0.6890405628237619,0.47493007944896287,0.20350699039827794
-0.0036640789984465683,0.6050551455835712,0.6910180300355742,0.4780545872099124,0.20424234905347577
-0.0039013257275833757,0.6071097337377593,0.6925913063915665,0.4811875682847143,0.20497976175768937
-0.004137636157272631,0.6091257487893278,0.694247040433945,0.4843290319132498,0.20571782541594302
-0.004372953574145557,0.6111016467261913,0.69597933867853,0.48747896567804067,0.2064559135791497
-0.004607221503151633,0.6130359277898856,0.6976794407864103,0.49063735342218967,0.207194067152213
-0.004840383721112478,0.6149271365748551,0.6993484115665016,0.49380418008653404,0.20793232025877034
-0.0050723842702149885,0.6167738621030358,0.7012610465870064,0.4969794358332873,0.2086717568337894
-0.005303167471440989,0.6185747378763486,0.7027903332286182,0.5001631470145912,0.2094134259402787
-0.005532677937930052,0.6203284419095355,0.7043167252494038,0.5033553286696879,0.21015638725992009
-0.005760860588271878,0.6220336967455904,0.7061966314431318,0.5065559924119322,0.21090127574255496
-0.005987660659725698,0.6236892694558956,0.7077124583243866,0.5097651714974857,0.21164857263618714
-0.006213023721363062,0.6252939716270121,0.7091937446411902,0.5129828830743351,0.21239722250423826
-0.006436895687130987,0.6268466593359141,0.7106781936600047,0.5162091384118663,0.21314735052296674
-0.006659222828832266,0.6283462331153468,0.7122988023117004,0.5194439468392326,0.2138983631516446
-0.006879951789020137,0.6297916379108335,0.713888551689198,0.5226872984939055,0.21464949638543238
-0.007099029593803697,0.6311818630307572,0.7154467240601106,0.5259391790082465,0.21540077438260513
-0.007316403665561423,0.6325159420908083,0.7169731926286068,0.52919957416752,0.21615218865941804
-0.007532021835559484,0.6337929529539991,0.7187636920541591,0.5324684767496661,0.21690510653736395
-0.007745832356472123,0.6350120176673366,0.720234635557784,0.5357459220988554,0.2176607096985395
-0.007957783914800665,0.6361723023961635,0.7217012728526896,0.5390319309075879,0.21841779038762849
-0.0081678256431885,0.6372730173570647,0.7231926367742423,0.5423265131317843,0.21917585663029984
-0.00837590713262907,0.6383134167502003,0.724932683718249,0.5456296680463006,0.21993551266137581
-0.008581978444563718,0.6392927986917968,0.7266566663746554,0.5489414376853363,0.220698842994927
-0.008785990122866787,0.6402105051475027,0.72835761250044,0.5522618798784213,0.22146602939184504
-0.008987893205714744,0.6410659218672287,0.7300660169662115,0.5555910546460773,0.2222369912622452
-0.009187639237336917,0.6418584783220312,0.7302981691863987,0.5589290359425106,0.22301517428810885
-0.009385180279644537,0.6425876476435524,0.731682067749277,0.5622760000320626,0.22380161410734498
-0.009580468923735663,0.6432529465664738,0.7330560640056196,0.5656320075752166,0.22458982288335605
-0.009773458301273144,0.6438539353743762,0.7344305636057734,0.568997076580312,0.22537986813678162
-0.009964102095732766,0.6443902178493921,0.7357985624748549,0.572371225577793,0.22617175536907622
-0.01015235455351895,0.6448614412259437,0.7372381293304846,0.5757544707807739,0.2269649014197597
-0.010338170494945521,0.645267296148868,0.7388883118705698,0.5791468143324148,0.22775995636196086
-0.01052150532507846,0.6456075166361648,0.7402127473504121,0.5825483033378471,0.2285583487153859
-0.010702315044438634,0.6458818800465652,0.7415276268541597,0.5859589668498955,0.22935862140626231
-0.010880556259561242,0.6460902070521245,0.7429262737880344,0.589378821055866,0.23016013813958508
-0.011056186193410266,0.6462323616159522,0.744302416651719,0.5928078590864817,0.23096189905424921
-0.01122916269564468,0.6463082509752189,0.7435647538034157,0.5962460968830146,0.23176971193310095
-0.011399444252734243,0.6463178256295123,0.7448943758078608,0.5996937262974582,0.23258711150823197
-0.011566989997922644,0.6462610793346106,0.74621103017757,0.6031508182634827,0.2334064213862514
-0.011731759721035247,0.6461380491016898,0.747560939886311,0.6066173913666635,0.23422757360199176
-0.011893713878129505,0.6459488152019914,0.7489139643845922,0.6100934594859415,0.23504988301081886
-0.012052813600985089,0.6456935011768994,0.7502400790569491,0.6135790153675749,0.23587251714638124
-0.012209020706432212,0.6453722738534056,0.7515371458652969,0.6170740463882287,0.23669545100965023
-0.0123622977055154,0.6449853433648559,0.7528666916408603,0.6205785426539606,0.23751931557816963
-0.012512607812490655,0.6445329631768982,0.7541393425165955,0.6240925172377566,0.2383451725024841
-0.012659914953653801,0.6440154301184718,0.7554563356617073,0.6276159919006689,0.23917299811287362
-0.012804183775998033,0.6434330844176948,0.7569939833469449,0.6311489899595649,0.24000378515978824
-0.01294537965569857,0.6427863097424195,0.756013774825263,0.6346915995664842,0.240843908752783
-0.01308346870642204,0.6420755332452612,0.7572777774462367,0.6382440482868849,0.2416944422499753
-0.013218417787459058,0.6413012256127977,0.7588217144923367,0.6418064199783579,0.24254827982512514
-0.01335019451167803,0.6404639011186432,0.760083649266683,0.6453787744887698,0.24340523726322288
-0.013478767253297661,0.6395641176800575,0.7613197779153503,0.6489611161372169,0.24426247589160893
-0.013604105155477155,0.6386024769176788,0.762552597867281,0.6525534353505625,0.2451208239999242
-0.01372617813772161,0.6375796242179481,0.7637787515867545,0.6561557480183929,0.24598127337584394
-0.0138449569031013,0.6364962487977412,0.7648941734849104,0.6597680720500676,0.24684302010207654
-0.013960412945282647,0.6353530837706388,0.7663625300509149,0.663390407245287,0.24770687244547143
-0.014072518555369793,0.634150906214256,0.7675606152147069,0.6670228108482086,0.24857473492207183
-0.014181246828554398,0.6328905372379433,0.7687701118983067,0.670665314203763,0.24944395716811216
-0.014286571670572876,0.6315728420501195,0.7699490513598369,0.6743179093856403,0.2503134104327532
-0.014388467803968658,0.6301987300244414,0.7711319422233275,0.6779805831766255,0.2511837348423251
-0.014486910774158828,0.6287691547639008,0.7723053170477318,0.6816533499956895,0.25205628819331155
-0.014581876955303217,0.6272851141618823,0.7734787478483427,0.6853362357029431,0.25293116871604515
-0.014673343555974093,0.6257476504591151,0.7746334076386368,0.6890292646000103,0.2538081978661412
-0.014761288624626388,0.6241578502953464,0.7757846605509254,0.6927324591221286,0.25468734193613657
-0.014845691054865745,0.6225168447544744,0.7769489987210061,0.6964458417814643,0.25556867525496535
-0.014926530590514119,0.6208258094017536,0.7780888087126143,0.7001694358545365,0.2564521846311489
-0.015003787830470941,0.6190859643115745,0.7792217695398722,0.7039032645095546,0.25733790059886846
-0.015077444233369505,0.6172985740841928,0.7805441451774859,0.7076473598142786,0.2582273281442014
-0.015147482122026686,0.6154649478496369,0.7816610661423391,0.7114017953031527,0.2591210812175707
-0.015213884687685374,0.6135864392569038,0.7827998850330847,0.7151666092015576,0.2600170571201966
-0.01527663599404858,0.6116644464463691,0.7840689685083405,0.7189418309833938,0.2609166144159564
-0.015335720981104,0.6097004120032151,0.7853181451054088,0.7227275421145554,0.26182212307304104
-0.015391125468738318,0.6076958228894835,0.7864339090104558,0.7265238331768831,0.2627320044676359
-0.015442836160140501,0.6056522103521983,0.7875064798118347,0.7303307386696565,0.2636439441931246
-0.01549084064499281,0.6035711498048234,0.7885742007368488,0.7341482814583886,0.26455819723250606
-0.015535127402449358,0.6014542606791048,0.789673618209009,0.7379764876998209,0.2654748303614796
-0.01557568580390088,0.5993032062441974,0.790724145211369,0.741815381611095,0.2663936983303891
-0.015612506115525714,0.5971196933897104,0.7920192525823692,0.7456649832105018,0.2673139921478753
-0.01564557950062587,0.594905472369139,0.7931835444833857,0.7495252812306442,0.2682343444325673
-0.015674898021747645,0.5926623364999204,0.7943114404806546,0.7533962560299686,0.26915480521156976
-0.01570045464258674,0.5903921218161211,0.7953396883816173,0.7572778935417287,0.27007632548319627
-0.01572224322967676,0.5880967066695503,0.7964143603815579,0.7611702109351979,0.27100013218985247
-0.015740258553861495,0.5857780112748748,0.7974300632657639,0.7650732307250641,0.27192615981478097
-0.01575449629154954,0.5834379971940673,0.7985210689747916,0.768986986218594,0.2728561811771407
-0.015764953025752197,0.5810786667553085,0.799517134272,0.7729115599612725,0.2737910037894402
-0.015771626246903477,0.5787020624012679,0.8005135143600218,0.7768469934646778,0.27472814666639195
-0.015774514353462357,0.5763102659614321,0.8015578527213048,0.7807933109374434,0.2756675469312214
-0.015773616652297064,0.573905397843002,0.8028003173854559,0.784750530233944,0.27660826179772474
-0.01576893335885164,0.5714896161346593,0.8037739032337253,0.7887186436020023,0.27754996020837647
-0.015760465597093983,0.5690651156173623,0.8047520778846587,0.7926976680849978,0.2784940730611393
-0.015748215399246326,0.56663412667617,0.8057155599038328,0.796687628760091,0.27944048391552206
-0.015732185705297285,0.5641989141069913,0.8039155658073082,0.8006885858000659,0.2803962974215498
-0.015712380362296448,0.5617617758120611,0.8051416443782733,0.804700804197232,0.2813639552723779
-0.015688804123431144,0.5593250413779076,0.8061417219047211,0.8087243513760277,0.2823340445498409
-0.01566146264688548,0.5568910705295607,0.8071206378053869,0.8127593064691299,0.28331061202463614
-0.015630362494482623,0.5544622514548088,0.8081375394156285,0.8168057672923056,0.2842918673917418
-0.015595511130109829,0.5520409989923991,0.8090744092005066,0.8208637764427633,0.28527677170070126
-0.015556916917927243,0.5496297526782459,0.8100773835981683,0.8249334111296817,0.2862662747015857
-0.015514589120360566,0.54723097464394,0.8110753144923512,0.8290147027863413,0.2872575618035292
-0.015468537895877989,0.544847147362159,0.8122655019698891,0.8331076602104714,0.2882498871951193
-0.015418774296552407,0.5424807712339604,0.8132512420501583,0.8372122697370005,0.2892429403985375
-0.015365310265408723,0.5401343620134156,0.8112217669310969,0.8413285771907848,0.2902454313678033
-0.015308158633557821,0.5378104480656182,0.8124030217634195,0.8454568502544331,0.29125988321035196
-0.015247333117116907,0.5355115674547573,0.8133892474966585,0.8495971460021645,0.29227494489080263
-0.015182848313918055,0.5332402648597343,0.8142466436786666,0.8537494773000313,0.2932936325062821
-0.01511471970000445,0.5309990883156582,0.8151341199865988,0.8579139203476495,0.29431692588524844
-0.015042963625916438,0.5287905857805713,0.8161024999559796,0.86209050844353,0.2953421687560541
-0.01496759731276731,0.526617301527858,0.817256697092457,0.8662792498758238,0.2963684210662906
-0.014888638848110482,0.5244817723659847,0.8180604866798685,0.8704801374395148,0.29739705097747016
-0.014806107181598478,0.5223865236885756,0.8188267796106861,0.8746932470181,0.2984320384000028
-0.014720022120435022,0.5203340653592422,0.8196816097947275,0.878918672850826,0.29947164969889356
-0.014630404324621626,0.518326887437131,0.8206213656811957,0.8831564471653136,0.3005131219316861
-0.014537275301999076,0.5163674557507771,0.8213344900276935,0.8874065895610566,0.30155826038004285
-0.014440657403085819,0.5144582073295572,0.8220226101768953,0.8916691869841957,0.302609844102569
-0.014340573815713749,0.5126015457038015,0.8228531095786839,0.8959443329859811,0.30366601772963314
-0.014237048559463391,0.5107998360864782,0.8239919527540107,0.9002320538879847,0.3047231589173476
-0.014130106479899388,0.5090554004511698,0.8248121479915468,0.9045323307435699,0.3057808661977574
-0.01401977324260742,0.5073705125229747,0.8226063168792771,0.9088452028197274,0.30684746614620684
-0.013906075327034877,0.5057473927007697,0.8237226287177016,0.9131709206363345,0.30792534226950885
-0.013789040020135705,0.5041882029311046,0.8214350117950902,0.9175095654828113,0.30901052684144037
-0.013668695409821748,0.5026950415557168,0.8223571440211542,0.9218613774296502,0.3101075247145148
-0.01354507037822181,0.5012699381562675,0.823010849703586,0.9262264325439836,0.3112074355166242
-0.013418194594750077,0.4999148484214294,0.8238284386914364,0.9306047907331058,0.31231135728340303
-0.013288098508985552,0.4986316490627377,0.8247382025774838,0.9349964715027254,0.3134166304146787
-0.013154813343364312,0.49742213280678876,0.8253986738113893,0.939401469752934,0.3145224036733809
-0.013018371085686306,0.49628800349222335,0.8263002588300423,0.943819757182874,0.3156282154915482
-0.012878804481438447,0.4952308713006145,0.827097105141219,0.948251321526979,0.31673516171201554
-0.012736147025935857,0.4942522481507009,0.8279893663948585,0.9526961615185068,0.3178432917699403
-0.012590432956282918,0.4933535432854862,0.8285526718464601,0.9571542773086908,0.31895398306232603
-0.012441697243157048,0.4925360590814164,0.8293344415058952,0.9616257235756975,0.32006847400067867
-0.012289975582415413,0.49180098710826176,0.8298558871686574,0.9661105251901811,0.3211859398960175
-0.01213530438652824,0.49114940446734995,0.8306385146070535,0.970608737227703,0.3223070139134807
-0.01197772077584011,0.49058227043448777,0.831417395700823,0.9751203737835425,0.32342936342010054
-0.011817262569661183,0.49010042343225874,0.8321916269938175,0.9796454324777067,0.3245529009346236
-0.011653968277190667,0.4897045783544049,0.8329556936679217,0.984183910448952,0.32567765820327454
-0.011487877088274985,0.4893953242626833,0.8337171893188219,0.9887358055276675,0.3268036217357007
-0.01131902886400218,0.489173122474022,0.8315636123807854,0.9933011432179342,0.32793665748187956
-0.011147464127135484,0.4890383050529497,0.8327154908641938,0.9978801239485496,0.3290789596650534
-0.010973224052388314,0.48899107372121353,0.8337631851373628,1.002472770366989,0.33022036000706684
-0.0107963504565422,0.48903149919326344,0.8342259919184609,1.0070790454808027,0.3313628254702909
-0.010616885788411117,0.48915952094292653,0.8346561169005058,1.0116989893399433,0.33250990682659765
-0.010434873118653893,0.4893749474031254,0.8355021367630691,1.0163326591536614,0.33365989605735874
-0.01025035612943768,0.48967745659706263,0.8333669883857526,1.0209800794530912,0.33481596110530765
-0.01006337910395408,0.49006659719579754,0.8312949658598363,1.0256414558068139,0.3359861049243413
-0.009873986915791716,0.4905417899938104,0.8317524005623349,1.0303170106241557,0.33716551401155015
-0.00968222501816661,0.4911023297908727,0.8294461970062383,1.0350068394990868,0.3383518884189504
-0.009488139433013777,0.4917473876654863,0.8271519060519709,1.039711122998221,0.3395501369211021
-0.009291776739941878,0.49247601362227683,0.8280188327716348,1.0444300346525737,0.3407546854814891
-0.009093184065054792,0.49328713959314485,0.8291737064769327,1.0491635765090266,0.3419582503525522
-0.008892409069641173,0.49417958276962237,0.8300295617677769,1.053911695124877,0.3431606978930831
-0.008689499938736104,0.49515204924190814,0.8304856598884633,1.058674350897868,0.34436353648407836
-0.00848450536955709,0.49620313791834814,0.8308716380434018,1.0634515401855051,0.34556801501872253
-0.008277474559816655,0.4973313446977985,0.8312252174105981,1.0682432669202606,0.3467741912791288
-0.008068457195915377,0.4985350668663311,0.8320766229023558,1.073049530575022,0.34798095565044396
-0.007857503441017252,0.4998126076890699,0.832836071621599,1.0778702917104133,0.34918669976719524
-0.007644663923010862,0.5011621811676855,0.8339781008926138,1.082705502434645,0.3503912654035148
-0.007429989722358843,0.5025819169340535,0.8350051775200872,1.0875550990908607,0.35159384411864364
-0.007213532359838845,0.5040698652509568,0.8358349132708993,1.0924190180769036,0.35279495569803276
-0.006995343784178906,0.5056240020912978,0.8361379243795426,1.097297209775658,0.3539958057921168
-0.006775476359589769,0.5072422342681949,0.8372373659458557,1.1021896527982693,0.35519655026340974
-0.006553982853197993,0.5089224045894204,0.8379747480067481,1.107096294821377,0.3563958001062286
-0.006330916422381846,0.5106622970109723,0.8387100354153822,1.1120170855444207,0.35759416032820734
-0.006106330602013992,0.5124596417660372,0.8394430859038875,1.1169519749681833,0.35879116928063187
-0.0058802792916132435,0.5143121204472266,0.8396936265508035,1.121900912107028,0.359987678368464
-0.005652816742409053,0.5162173710216998,0.8405057206162931,1.1268638675303104,0.3611838167569058
-0.005423997544321308,0.5181729927605545,0.8407276714867024,1.1318407939840707,0.3623791105715727
-0.005193876612859207,0.5201765510657596,0.841460791191195,1.1368316573160095,0.3635739756798359
-0.004962509175941657,0.5222255821797188,0.8421913934398156,1.141836408218529,0.3647673725611148
-0.004729950760642925,0.5243175977644355,0.8398016981007758,1.1468550034281078,0.3659619300557149
-0.004496257179866357,0.5264500893390752,0.8406038810273239,1.1518874652085693,0.36715790772771567
-0.004261484518949577,0.5286205325664871,0.840783003637441,1.1569337499412025,0.368352320289127
-0.004025689122204237,0.530826391380982,0.8415156669678697,1.1619938046311378,0.36954532789275457
-0.0037889275793936833,0.5330651219512577,0.8420590249486852,1.1670675642608574,0.3707361029234823
-0.003551256712151683,0.5353341764739661,0.8427837266522383,1.1721549548051868,0.3719246375883201
-0.003312733560345568,0.5376310067947858,0.8435741555209034,1.1772559067968125,0.37311105203406325
-0.0030734153683867377,0.539953067855265,0.8411818708454655,1.1823703553424096,0.37429624869807027
-0.0028333595714925557,0.5422978209648818,0.8413015254086084,1.1874982582163163,0.37548025678175917
-0.002592623781901909,0.5446627368989065,0.8420234379905028,1.1926395451029785,0.37666155401512896
-0.002351265775048751,0.5470452988236394,0.8427411135577019,1.1977941350446757,0.37784016258827186
-0.002109343475696158,0.5494430050514887,0.8437216708788263,1.2029619484420055,0.3790161635677247
-0.001866914944034691,0.5518533716291387,0.8444305019406841,1.208142907191054,0.38018955180717096
-0.00162403836174825,0.5542739347627353,0.8451966219134845,1.2133369320018772,0.38136027821719
-0.00138077201805072,0.5567022530845763,0.8452690130766103,1.2185439423625806,0.3825281152860397
-0.0011371742956968957,0.5591359097663033,0.8453212496478737,1.223763850154909,0.3836926730073027
-0.0008933036569708131,0.5615725144839637,0.845347574450759,1.2289965607495552,0.3848536082075029
-0.0006492186296551208,0.5640097052406202,0.845361904724489,1.2342419727564313,0.38601056275201945
-0.00040497779298471803,0.5664451500524478,0.8453576843132502,1.239499979085881,0.3871633484358639
-0.00016063976358803784,0.5688765485043931,0.8453177046640509,1.2447704678671454,0.3883116019723767
8.373681858075883e-05,0.5713016331815938,0.8452771703099503,1.250053320741268,0.38945505660056906
0.0003280933043149996,0.5737181709828035,0.8452203118533518,1.2553484152446506,0.3905935467014116
0.0005723710492310792,0.5761239643220619,0.8460267863986456,1.260655628837253,0.3917274864090746
0.0008165114278427854,0.5785168522248066,0.8472868522454252,1.2659748595265525,0.3928579947268193
0.0010604558476311572,0.5808947113245515,0.8480524948360284,1.271306016567142,0.3939850029854013
0.0013041457631064609,0.5832554567661205,0.8479759397761207,1.2766489965119672,0.395107356326365
0.0015475226898587166,0.5855970430213203,0.8485503323607057,1.2820036727908264,0.3962248682371405
0.0017905282185937549,0.5879174646227244,0.8495884386410965,1.2873699441945679,0.39733901868838023
0.0020331040291511927,0.590214756821108,0.8494954093586826,1.2927477162632979,0.39844874291025234
0.002275191904500856,0.5924869961718402,0.8505366063588983,1.2981368596122858,0.39955342844861175
0.002516733744714747,0.5947323010553456,0.8513169031804997,1.3035372742671556,0.4006547409193648
0.0027576715809106587,0.5969488321365339,0.8511564308398474,1.3089488589340676,0.4017510423092676
0.0029979475891644654,0.5991347927678735,0.8519403094751425,1.3143714731627718,0.4028416720207127
0.003237504104387578,0.601288429340553,0.8527118487680366,1.3198050020786727,0.40392798072604186
0.0034762836341662127,0.6034080315879585,0.8534891271957895,1.3252493316476854,0.40500961127550583
0.003714228872559423,0.6054919328454771,0.8542566025839269,1.330704350352215,0.40608674241280585
0.003951282713852192,0.607538510270387,0.854068091978794,1.3361699375414289,0.4071579636717154
0.004187388266260506,0.6095461850254248,0.85385777108907,1.3416459299953492,0.40822135697716033
0.00442248886558513,0.611513422429357,0.8546422048775009,1.34713215171653,0.4092776747235792
0.004656528088810766,0.6134387320777188,0.8543913798041625,1.3526284584010932,0.41032745102948437
0.004889449767647292,0.6153206679366631,0.8521601301691815,1.3581346486823611,0.41136388240353267
0.005121198002009826,0.6171578284126696,0.8499623730663781,1.3636503346857989,0.41237878904500336
0.005351717173434567,0.61894885640069,0.8507466774065042,1.3691750827039981,0.4133775363269495
0.005580951958426905,0.6206924393131303,0.8515274607714626,1.3747086853835124,0.41437007925298863
0.00580884734173881,0.6223873090918841,0.8512040527932445,1.3802509919227792,0.41535458408068593
0.006035348629572248,0.6240322422054944,0.8519901579992266,1.385801795915754,0.4163300448269898
0.006260401462705365,0.6256260596333566,0.8527723691735489,1.3913609358326058,0.4172992195237405
0.006483951829538532,0.6271676268387402,0.8507760986513888,1.3969282271288288,0.41825321820814315
0.006705946079056765,0.6286558537322536,0.8515603066387986,1.4025032078943516,0.41918691628842036
0.006926330933705831,0.6300896946272815,0.8521747047774918,1.408085642113407,0.4201147665530303
0.007145053502178471,0.6314681481887688,0.8517913529935882,1.4136754008801178,0.4210349794903307
0.0073620612921081905,0.6327902573766386,0.8525640769363664,1.419272263126843,0.42194492537048034
0.00757730222266705,0.6340551093850121,0.8533324337749132,1.4248760546185457,0.4228479582400201
0.007790724637064949,0.6352618355783097,0.8529184460647269,1.4304866102675309,0.42374154149665344
0.008002277314946868,0.6364096114252139,0.8539838355351098,1.4361036966652776,0.42462558365520886
0.008211909484685634,0.6374976564313929,0.8547482948145211,1.441727175377386,0.4255042792415658
0.008419570835566772,0.6385252340718016,0.8555192568129483,1.447356904851239,0.4263759797799526
0.008625211529862906,0.6394916517232996,0.8568961362604579,1.4529927375886886,0.42724172041292807
0.008828782214794516,0.640396260598275,0.8582289603009373,1.4586345643526286,0.4281031350926014
0.009030234034374345,0.6412384556798645,0.8564166913336926,1.4642822223430776,0.4289472964024121
0.009229518641132774,0.6420176756593442,0.8559428156588731,1.4699351379109975,0.4297634365946822
0.00942658820772072,0.6427334028761611,0.8566876200165262,1.4755929332198454,0.4305677719371993
0.00962139543838824,0.6433851632610793,0.8580209511107764,1.4812554257675954,0.431365801330636
0.009813893580335065,0.643972526282807,0.8590435136820502,1.4869225049375727,0.43215941033190836
0.010004036434931122,0.6444951048984922,0.8598121186157124,1.492594067461379,0.4329473277740548
0.01019177836880405,0.6449525555083574,0.8605786791076582,1.4982699638546924,0.4337275224131801
0.010377074324790944,0.6453445779147879,0.8612915875184814,1.503950029375682,0.43449988380605914
0.010559879832751798,0.6456709152860747,0.8620525672151594,1.5096341004907898,0.4352644529234219
0.010740151020242191,0.6459313541250371,0.8628076140293832,1.515322011777467,0.43602109553185786
0.010917844623042506,0.6461257242426804,0.8611314458450562,1.5210135274162786,0.4367558362812758
0.011092917995540973,0.6462538987370395,0.8618843577036507,1.5267079928942275,0.43746170661193445
0.011265329120968613,0.6463157939773019,0.8626318830336432,1.532405102879724,0.4381593884195787
0.01143503662148296,0.6463113695933072,0.8636075099595198,1.5381046940483425,0.4388502332267263
0.011601999768098479,0.6462406284704648,0.8643439196009293,1.5438066469815885,0.43953495597135833
0.011766178490461444,0.6461036167501127,0.8650758334828034,1.5495108037667813,0.4402112362574783
0.011927533386466552,0.645900423835332,0.865815161921935,1.5552169912590377,0.4408790602314394
0.012086025731713392,0.645631182402165,0.8670898514530887,1.5609250441739482,0.4415400243702241
0.012241617488799764,0.645296068416201,0.8678175888256852,1.5666348475558114,0.4421950767554051
0.012394271316450947,0.6448953011544374,0.8690513048738647,1.5723462537965653,0.4428432054513435
0.012543950578481055,0.644429143232293,0.869773138502832,1.5780591437652483,0.4434850653419138
0.012690619352585636,0.6438979006356571,0.8706916093002576,1.5837733651215926,0.44411990386740063
0.012834242438962999,0.6433019227577688,0.8713952319008184,1.589488800751336,0.4447486386082137
0.012974785368761786,0.6426416024407499,0.8725831531164295,1.5952053013089913,0.4453703958532329
0.013112214412353558,0.6419173760215259,0.8734790223251567,1.6009227572480484,0.44598758738733274
0.013246496587427416,0.6411297233818783,0.8741755559051286,1.6066410683865848,0.4465986856268662
0.013377599666906029,0.6402791680022913,0.8748684510051987,1.6123600782011025,0.44720116729707315
0.013505492186679588,0.6393662770192567,0.8755568865616018,1.6180796115563072,0.44779489262225225
0.013630143453157283,0.638391661285608,0.8762409085970174,1.6237994920949066,0.4483798171665592
0.013751523550633532,0.637355975433463,0.8769111805490993,1.629519544567204,0.4489561096071189
0.013869603348467529,0.6362599179392395,0.8763700212214218,1.6352395749200468,0.4495195125796148
0.013984354508074623,0.6351042311902085,0.8757905119348152,1.6409592410789948,0.45006365222302064
0.014095749489727347,0.6338897015519557,0.8764787093653773,1.6466781773850068,0.4505924341504523
0.014203761559164842,0.6326171594360701,0.8771965689844797,1.652396161874276,0.45111217145204513
0.014308364794008883,0.6312874793673018,0.8779099187142648,1.6581130156588288,0.45162285921550754
0.014409534089985257,0.6299015800493706,0.8786182255450463,1.6638285600393528,0.4521244756193986
0.014507245166948509,0.6284604244285078,0.8794975055477052,1.6695426261239936,0.4526189003675745
0.014601474574709257,0.6269650197537361,0.8806557219590395,1.6752551090935068,0.453108808303849
0.014692199698661932,0.6254164176328103,0.8813438794661504,1.6809659134700248,0.45359248759950244
0.014779398765212297,0.623815714082618,0.8807311883720645,1.686674858005988,0.45406254904014126
0.014863050847002951,0.6221640495727613,0.880076678293308,1.6923815851312642,0.454512305745789
0.014943135867935803,0.6204626090608965,0.8807835629323468,1.6980857150679827,0.45494616891616785
0.015019634607990247,0.6187126220183254,0.881668995366773,1.7037870349791933,0.4553727710795373
0.015092528707835869,0.6169153624441698,0.882810645096265,1.7094854425025565,0.4557949458919731
0.015161800673238668,0.6150721488663354,0.8836763645650074,1.715180856229539,0.45621275069671224
0.01522743387925943,0.6131843443273406,0.8829974495627491,1.720873163457542,0.45661985742180156
0.015289412574243781,0.6112533563529124,0.8838726966239501,1.726562056865195,0.4570127199420553
0.015347721883602361,0.6092806369011063,0.88315716034052,1.7322473574404107,0.4573947835423111
0.015402347813380946,0.6072676822895255,0.8842802742433903,1.7379287593376591,0.45776269368908507
0.015453277253618468,0.6052160330980536,0.8834766002522643,1.743606009036658,0.45810491311213114
0.015500497981493838,0.6031272740443048,0.8841965509240983,1.7492782768592734,0.4584090429418301
0.015543998664258991,0.6010030338288409,0.883648916673391,1.7549450952881944,0.4586840445601875
0.015583768861958905,0.5988449849469529,0.8847378306750961,1.7606056081845176,0.45892207291711307
0.01561979902993702,0.5966548434636597,0.8857775613438184,1.766259522751572,0.4591556495785045
0.01565208052112599,0.5944343687482968,0.8864873974552282,1.771906754220795,0.4593829348559816
0.01568060558812287,0.592185363164922,0.8871899591239086,1.7775471522204132,0.4596010587044589
0.015705367385048484,0.5899096717144652,0.8881695911948034,1.7831805560053438,0.45981188223303276
0.015726359969190497,0.5876091816244076,0.8873900099540764,1.7888068400606558,0.4600116925380291
0.01574357830242945,0.5852858218814836,0.8882619673390735,1.794425697406852,0.46019706589602294
0.015757018252448022,0.5829415627027048,0.8874431551004003,1.8000369548396356,0.4603713868220279
0.015766676593722658,0.5805784149397968,0.8884099119675285,1.8056403062098931,0.46053128111104713
0.015772551008297945,0.5781984294118884,0.887554421658856,1.811235581681728,0.4606804118139203
0.015774640086342454,0.5758036961611187,0.8872768808175546,1.8168223751442454,0.46079362918205513
0.015772943326487578,0.5733963436256292,0.8863556232646208,1.8223997578021174,0.46086354197729273
0.015767461135947472,0.5709785377241919,0.8863698527088346,1.8279671162492532,0.4608979419153796
0.015758194830421624,0.5685524808466232,0.8864117779213903,1.8335234564158132,0.4608745516337918
0.015745146633778802,0.5661204107439403,0.8864725870020043,1.8390676694464805,0.4607958503611309
0.015728319677523615,0.563684599312144,0.8872281526831018,1.8445987909002235,0.4606820726596191
0.015707718000044762,0.5612473512634126,0.8889503707974703,1.850116412639415,0.46054117642515996
0.015683346545646012,0.5588110026784651,0.8897062566118503,1.8556197378163803,0.46036419654888416
0.01565521116335932,0.5563779194338563,0.8886719857916324,1.8611084445791644,0.4601770212731364
0.015623318605541501,0.5539504954980223,0.8894194160019512,1.8665823155198635,0.4599784115164476
0.015587676526253248,0.5515311510899951,0.8901772389158067,1.8720412117224747,0.4597727984351819
0.015548293479422595,0.5491223306949035,0.8909291040762766,1.8774850226483983,0.4595601988060974
0.015505178916791615,0.5467265009306094,0.8916562876812234,1.8829136414772087,0.4593408451532469
0.015458343185648468,0.5443461482601435,0.8923955892929704,1.8883269637134519,0.45911473903426564
0.015407797526343813,0.54198377654503,0.8931275019845704,1.893724886770627,0.45888209127150853
0.015353554069593222,0.5396419044350619,0.8963006833021312,1.8991072195827963,0.4586248216105033
0.015295625833565982,0.5373230625906893,0.8969823954239874,1.904473239506701,0.4583346932077286
0.01523402672076055,0.5350297907348783,0.9004469616836429,1.9098225996034137,0.4580221556044746
0.015168771514668496,0.5327646345320811,0.9011188696512764,1.9151546438549147,0.45767958403299003
0.015099875876225874,0.530530142292863,0.9000424683257775,1.920469131677,0.4573302990258051
0.015027356340055302,0.5283288615037611,0.9007208907804675,1.9257659399667222,0.4569736766033647
0.014951230310497346,0.5261633351830641,0.9015816662816101,1.9310449980520452,0.45661330534960154
0.014871516057433629,0.5240360980644473,0.9004610186489586,1.9363062720596125,0.4562481498466268
0.014788232711902275,0.5219496726117524,0.9012820433778675,1.9415496688883005,0.45587721742060977
0.014701400261506466,0.519906564869649,0.9056900854052906,1.9467750789407523,0.4554891517636368
0.014611039545617436,0.5179092601564745,0.9063149844425973,1.9519819828392946,0.45507676130810004
0.014517172250373295,0.515960218607202,0.9069329681032382,1.9571702098014103,0.45466098734405547
0.014419820903474248,0.5140618705761861,0.9076060071609192,1.9623397332283674,0.45424251432809437
0.014319008868776342,0.5122166119111483,0.9136085732593328,1.967490481029427,0.4538090649757126
0.014214760340683927,0.5104267991116763,0.9184824453807517,1.972621954248322,0.45334498784750055
0.014107100338343328,0.5086947443873812,0.9175722097840283,1.97773370338021,0.4528657362491586
0.01399605469963837,0.5070227106327098,0.9165926868384041,1.9828256573661773,0.45238604104260416
0.013881650074989257,0.5054129063372543,0.9155458412581138,1.9878978574648223,0.4519069544023166
0.013763913920956744,0.503867480452194,0.9144350370562562,1.992950365880527,0.45142954955763637
0.013642874493652639,0.5023885172351987,0.9149173938456615,1.9979832593206748,0.45095341627669144
0.01351856084195858,0.5009780310977506,0.9137409948634241,2.0029965879027336,0.4504785094739734
0.013391002800554047,0.4996379614802787,0.9125022689943453,2.007990449628535,0.45000765139965915
0.013260230982756825,0.4983701677818003,0.9130065151335264,2.0129649651417387,0.44953979545061024
0.013126276773175446,0.49717642437183357,0.9135590784363535,2.0179201962753774,0.44907216869387323
0.012989172320177197,0.4960584157132112,0.9141062178110321,2.022856185330222,0.4486047157508907
0.012848950528172618,0.4950177316249822,0.9146492134947015,2.0277729748370015,0.4481375057075482
0.012705645049718774,0.4940558627149024,0.9151876312019838,2.0326706064669287,0.44767030946226033
0.012559290277442507,0.4931741960109879,0.9156656551453877,2.0375491205336442,0.44720346619149826
0.012409921335786727,0.49237401082125215,0.9162138069847835,2.042408563615585,0.44673682021928013
0.012257574072580364,0.49165647485007674,0.9167357532570939,2.0472489720767557,0.4462701717273497
0.01210228505043533,0.4910226405986083,0.9173942760770118,2.052070390128187,0.44580376844688707
0.0119440915379715,0.4904734420752113,0.9179888313175023,2.0568728527228113,0.44533702616497306
0.011783031500872546,0.4900096918402575,0.9185135198758125,2.06165639218849,0.44487008672976047
0.01161914359277422,0.48963207840750944,0.9189570678110964,2.0664210458075716,0.4444034738923666
0.011452467145987752,0.489341164021966,0.9194548324236123,2.0711668674791732,0.4439379484597837
0.011283042162060327,0.48913738283140845,0.9199480169388012,2.075893914166621,0.44347314781860175
0.011110909302174874,0.4890210394660014,0.9203777428956313,2.0806022359437653,0.44300914149920395
0.010936109877391362,0.4889923080371839,0.9208639824630196,2.085291892443869,0.44254637380559997
0.010758685838732771,0.48905123156383445,0.921497004348837,2.0899629414798895,0.4420842160062814
0.01057867976711664,0.48919772183031074,0.9219114731400877,2.0946154235758243,0.44162209419261145
0.010396134863136178,0.48943155967748236,0.920686914367809,2.099249396207594,0.4411637880598653
0.010211094936691974,0.4897523957244482,0.9211104899637386,2.103865034462368,0.4407120260055522
0.010023604396478267,0.49015975151515095,0.9198160211567522,2.1084624593421704,0.4402656154911232
0.009833708239324702,0.4906530210807746,0.9202504878459449,2.113041872357199,0.4398266999385856
0.009641452039397341,0.491231472905589,0.92074838400685,2.117603386588102,0.43938980233498753
0.009446881937261413,0.4918942522808759,0.9212422595226484,2.1221470766272894,0.43895479614690014
0.009250044628807413,0.4926403840287549,0.9217320948253142,2.1266730161464147,0.4385217105121081
0.009050987354044545,0.4934687755751875,0.920375847817074,2.131181301356906,0.43809504113891984
0.008849757885763228,0.4943782203491691,0.9209074208320297,2.1356721611140954,0.4376764715129137
0.00864640451806991,0.49536740148319114,0.9195004069972768,2.140145715974453,0.4372638342457809
0.008440976054796668,0.4964348957884262,0.9200173868564324,2.144602209922152,0.4368609765357492
0.00823352179778862,0.4975791779768527,0.9205173642160716,2.1490417720259973,0.4364598011108176
0.008024091535071658,0.49879862510158357,0.9209513483465506,2.1534644508517387,0.4360588794038443
0.007812735528903474,0.5000915211861341,0.9213757289821414,2.1578702917594526,0.4356593868442501
0.007599504503711058,0.501456062013099,0.9218702416800247,2.162259377937803,0.4352628701543298
0.007384449633916835,0.5028903600428142,0.9222207578690971,2.1666317972249076,0.4348683850941756
0.007167622531657313,0.5043924494329806,0.9227061898552412,2.1709876102043673,0.4344755388943709
0.006949075234396185,0.5059602911308809,0.9231122735198717,2.1753269014813514,0.43408578863815406
0.00672886019243572,0.5075917780107821,0.9237647146343165,2.1796497632788516,0.4336981974965831
0.006507030256328974,0.5092847400302445,0.9241608153538946,2.1839562533830215,0.43331215271070894
0.006283638664195735,0.5110369493804194,0.9246276609431887,2.1882464587326984,0.4329293598364493
0.006058739028945797,0.5128461256069385,0.9250913369610809,2.192520476945957,0.4325498485161528
0.005832385325412079,0.5147099406796213,0.9255500858565501,2.1967784054635766,0.4321735996512199
0.005604631877396849,0.5166260239909888,0.9260046166559732,2.2010203420259673,0.43180063991163475
0.005375533344634408,0.5185919672653644,0.9264547710052259,2.2052463847675328,0.4314310241506154
0.0051451447096729,0.5206053293622097,0.9269019037981518,2.2094566337830766,0.43106490638805534
0.004913521264678782,0.5226636409591853,0.9273435740671094,2.2136511904188105,0.43070237867499916
0.00468071859816704,0.5247644091023062,0.927782706819503,2.2178301648739946,0.4303439439684034
0.004446792581660129,0.526905121612347,0.9281419046222166,2.2219936594073424,0.42998807360494384
0.004211799356279133,0.5290832513384494,0.9287372218910146,2.2261417326813167,0.42963291411603766
0.00397579531927011,0.5312962602515501,0.9290272917302302,2.230274428586389,0.4292785018219066
0.003738837110469086,0.5335416033718976,0.9294460167319886,2.2343918017455557,0.4289261998722225
0.0035009815987087404,0.5358167325264168,0.9298614279428545,2.238493947450574,0.428577707578773
0.00326228586817012,0.5381190999331146,0.9302735674773426,2.242580972778471,0.4282330894480096
0.003022807204682804,0.5404461616110371,0.93068238398408,2.2466529862921143,0.4278924410258232
0.002782603081976439,0.5427953806154778,0.9310882454910826,2.2507100976140912,0.42755578012216294
0.0025417311478874893,0.5451642300992456,0.9297177187594545,2.2547524507985908,0.42723002295056256
0.0023002492105238977,0.5475501962017489,0.930136599024873,2.2587803977713743,0.4269187651797795
0.0020582152243914455,0.5499507807685553,0.9305521728577285,2.2627941210163725,0.4266118100751094
0.0018156872764850318,0.5523635039048086,0.9291028310017104,2.266793770929268,0.4263164699651939
0.0015727235723479577,0.5547859063665702,0.9314988846295473,2.2707797210359963,0.42603675469265695
0.0013293824221029234,0.557215551794682,0.9318371769677448,2.274752158406001,0.42576029972493407
0.0010857222264579356,0.559650028796235,0.9322572354303912,2.2787111531177313,0.42548633979287687
0.0008418014626903143,0.5620869528790801,0.9339500856559225,2.2826568128000413,0.4252175515717288
0.0005976786706124973,0.564523968245124,0.9342440103268724,2.2865892704730473,0.42495295723518667
0.0003534124385227581,0.5669587494483881,0.9346533226644995,2.2905086040598754,0.424691057925186
0.00010906138914427733,0.5693890029239216,0.9331607441129297,2.294414962564481,0.42444203238104466
-0.00013531583444404438,0.5718124683938,0.9335810107618865,2.2983087499364427,0.42420994808881074
-0.0003796605828815888,0.5742269201564413,0.9339962734790275,2.302190171110041,0.4239829328904665
-0.0006239142146016421,0.5766301682654824,0.9344064977909631,2.3060593519121118,0.4237609921015882
-0.0008680181099050467,0.5790200596044,0.934812615550361,2.3099164196674775,0.4235442450418022
-0.0011119136850287123,0.5813944788629667,0.9332319587645803,2.3137615460903405,0.423341495544451
-0.0013555424062052818,0.5837513494215256,0.9336473692794472,2.3175951680421303,0.423157255338785
-0.0015988458037111903,0.5860886341489069,0.9339735008447213,2.3214174942455648,0.42297668596938987
-0.001841765485898943,0.588404336119647,0.933976093053731,2.325228587438253,0.4227973436173144
-0.002084243153210849,0.590696499255989,0.9323397725275552,2.3290285500750927,0.4226301221020757
-0.0023262206121707012,0.5929632088999433,0.9306194449010392,2.3328178649658886,0.4224916500724444
-0.0025676397893499023,0.5952025923204691,0.93105025599777,2.3365970881974705,0.4223731035948849
-0.0028084427453047827,0.5974128191606233,0.9292469297791535,2.340366497497956,0.42226997862884325
-0.003048571688481794,0.599592101829315,0.9296878444227963,2.3441265679486,0.4221872939604063
-0.0032879689890872527,0.6017386958420634,0.9278016822841401,2.347877581742736,0.42212043076095573
-0.003526577192918182,0.6038509001149249,0.925833760191263,2.3516200754737926,0.42208479560029566
-0.003764339035150994,0.6059270572155656,0.9263203922232258,2.355354635945467,0.42206864713242664
-0.004001197454084883,0.6079655535752021,0.9270679532733969,2.35908142166645,0.4220534129394364
-0.004237095604836258,0.609964819664921,0.9275165595193243,2.3628004748994313,0.4220410151310175
-0.004471976872981297,0.6119233301397105,0.9254945650061314,2.3665119628663436,0.42204526867215014
-0.004705784888143136,0.6138396039532767,0.9259815861398223,2.370216383412778,0.422069478773846
-0.004938463537520447,0.6157122044465769,0.9264365934170798,2.3739139046020346,0.4220966088565064
-0.005169956979354265,0.61753973941277,0.9268824764468662,2.377604641771555,0.42212988276084695
-0.005400209656329788,0.6193208611411226,0.9247951163272499,2.3812887862378074,0.42218029990316663
-0.005629166308909785,0.6210542664422337,0.9252861459505941,2.38496684702278,0.4222512079189522
-0.005856771988596712,0.6227386966567645,0.9257453430544625,2.3886389852224563,0.4223230789992912
-0.006082972071119923,0.6243729376497046,0.9236110574988614,2.3923052984293602,0.4224091272557424
-0.006307712269545466,0.6259558197920801,0.9213995531331909,2.3959663450847226,0.42252918881082685
-0.006530938647304504,0.6274862179318202,0.9191120745713305,2.399622817724278,0.4226835083586975
-0.0067525976311379275,0.6289630513554079,0.9196137458741918,2.403275354909994,0.4228609104635833
-0.006972636023953574,0.6303852837418037,0.9172501401822041,2.4069242585847452,0.42305600747854427
-0.0071910010175934075,0.6317519231099887,0.9177640263159814,2.4105700597727266,0.4232743858728349
-0.007407640205507196,0.6330620217614066,0.9182716829199422,2.41421300102038,0.42349890376495797
-0.007622501595329703,0.6343146762184374,0.9187687147946972,2.4178532115967744,0.42372963390507157
-0.007835533621358762,0.6355090271599698,0.9192577571234575,2.4214908211709294,0.4239665852297839
-0.008046685156930727,0.6366442593550296,0.9201202825249569,2.4251259480095855,0.42420751214718705
-0.008255905526690609,0.6377196015953459,0.9205925869604261,2.4287586436196866,0.4244513817919311
-0.008463144518753985,0.6387343266276639,0.921052855608678,2.432389016769035,0.42470156448112023
-0.008668352396757542,0.6396877510865201,0.9199138042128819,2.436017229049557,0.42496426702962264
-0.00887147991179558,0.6405792354281505,0.9207564976719314,2.439643617284869,0.4252403601127816
-0.009072478314239558,0.6414081838661321,0.921210722195452,2.443268293906408,0.42551934718416884
-0.009271299365437741,0.6421740443092833,0.9216544046931786,2.446891365621116,0.4258046563696437
-0.009467895349292167,0.6428763083023227,0.9224711988877565,2.4505129516094564,0.42609410798283204
-0.00966221908371045,0.6435145109697163,0.9232755363657988,2.4541330921570115,0.42638427308276516
-0.00985422393192911,0.6440882309630988,0.9220494471459649,2.45775184770291,0.4266838961621446
-0.010043863813706248,0.6445970904126065,0.9224819042083481,2.461369553142912,0.42699963100728583
-0.010231093216380516,0.6450407548824416,0.9200853633994736,2.46498645986973,0.42733328937741566
-0.01041586720579404,0.6454189333309189,0.9209156401046152,2.468603089492828,0.42768830101840993
-0.01059814143707631,0.6457313780752266,0.9184536868847996,2.472219661116777,0.42805774996725854
-0.010777872165286759,0.6459778847610924,0.9189115718071444,2.475836681740338,0.4284507261643483
-0.01095501625591334,0.6461582923375344,0.9193636427861285,2.4794543879321527,0.4288497803750002
-0.011129531195224663,0.6462724830368013,0.9180404084775595,2.4830729355911654,0.42926209493774903
-0.011301375100472981,0.6463203823596331,0.9184860837123295,2.486692695823808,0.42969127405641633
-0.011470506729945932,0.6463019590658916,0.9189379858069672,2.4903138596617125,0.4301265173972417
-0.011636885492864263,0.646217225170634,0.9176224295199874,2.4939365807239144,0.4305750444984368
-0.011800471459123604,0.6460662359456202,0.9180657424260301,2.4975612310820208,0.4310405104898758
-0.01196122536887724,0.64584908992627,0.9155255262105668,2.5011880543565965,0.43152311341807564
-0.012119108641958502,0.645565928924024,0.9164061555559674,2.5048175463412816,0.4320262360381336
-0.012274083387139693,0.6452169380440452,0.9172397555504139,2.508449840409935,0.43252950940699475
-0.01242611241122589,0.6448023457081823,0.9176804036794391,2.512084946004125,0.43303522555706175
-0.012575159227981093,0.6443224236830559,0.9181156709813089,2.515722950103582,0.43354666524414615
-0.012721188066884773,0.6437774871131465,0.9189601542877133,2.5193639496631275,0.43406157414367
-0.012864163881716474,0.6431678945586699,0.9193769543092868,2.523007975484421,0.43457889804984606
-0.013004052358966983,0.6424940480380593,0.919788672911631,2.5266551137171978,0.43510192314065005
-0.01314081992607331,0.6417563930747858,0.9201944274568125,2.5303054716486093,0.4356306218810151
-0.013274433759475778,0.640955418748232,0.9210076116454669,2.533959145585452,0.4361628322685223
-0.013404861792495773,0.6400916577483053,0.9218350284299716,2.537616154993464,0.43669522434071584
-0.013532072723031448,0.639165686433419,0.9226161966847377,2.541276497339018,0.4372278851617344
-0.013656036021070142,0.6381781248914121,0.9213835440122036,2.5449402203326765,0.43777054077156896
-0.013776721936015346,0.6371296370029725,0.9201615167322361,2.548607709224617,0.4383374898427085
-0.013894101503826794,0.6360209305070309,0.9205534738264832,2.552279400268169,0.43892095188607255
-0.014008146553971652,0.6348527570675534,0.9193231619339896,2.5559555043870494,0.43951735874666265
-0.014118829716185324,0.6336259123411148,0.9181034042857764,2.559636421561335,0.44013785256265475
-0.014226124427040174,0.6323412360445393,0.9189399749943745,2.5633225712075296,0.4407725791660249
-0.014330004936320674,0.6309996120218408,0.9164376389333254,2.567014099681439,0.4414196017561901
-0.014430446313203171,0.6296019683096387,0.9168607165782643,2.570711433085452,0.4420868236169389
-0.014527424452239418,0.6281492772000912,0.9177101228307092,2.5744147487532665,0.44275693110389375
-0.014620916079141528,0.6266425553003562,0.9185121989692533,2.5781240548340962,0.4434271043661211
-0.014710898756367835,0.6250828635874642,0.9159655540621774,2.5818393989583344,0.44410911153301436
-0.014797350888507768,0.6234713074573907,0.9133355893808525,2.5855612382409965,0.44482017593075557
-0.01488025172746451,0.6218090367670167,0.9118661048366439,2.5892901228873537,0.4455576048578274
-0.014959581377434718,0.6200972458675514,0.9123274095420458,2.5930264823799187,0.44631037979850935
-0.015035320799683227,0.618337173627845,0.9127837761599723,2.5967704563594087,0.4470670745558315
-0.015107451817112202,0.6165301034459335,0.9100768205272974,2.600522152388569,0.4478366253879631
-0.015175957118623736,0.6146773632469764,0.907295268630853,2.604281987230087,0.44863187412824984
-0.015240820263274264,0.6127803254656218,0.9074286973758335,2.6080503956470364,0.4494415698094915
-0.015302025684220469,0.6108404070106923,0.9079223380835237,2.6118274489215425,0.4502517931870509
-0.015359558692455096,0.6088590692098815,0.906408240263302,2.615613210876977,0.4510721635001023
-0.015413405480332407,0.6068378177320329,0.9035718244751719,2.6194080072756254,0.4519137227843297
-0.015463553124881698,0.6047782024843473,0.9006623309807473,2.623212258279904,0.4527772744454197
-0.01550998959090904,0.6026818174817117,0.9012125767626717,2.627026335784932,0.453654470612466
-0.015552703733885462,0.6005503006851238,0.9017559837917092,2.630850341748896,0.4545338789797998
-0.015591685302621746,0.5983853338060059,0.8987868609367466,2.6346843341407453,0.4554223509605693
-0.01562692494172845,0.5961886420729713,0.8993531373651279,2.638528574884842,0.4563230487355625
-0.01565841419386138,0.5939619939574226,0.8995561100077866,2.642383141715583,0.45722412586109645
-0.01568614550175119,0.5917072008541062,0.9001100394846213,2.6462479993266164,0.4581247671811676
-0.015710112210017026,0.5894261167125563,0.9013666601499982,2.650123139833298,0.45902578456119836
-0.0157303085667641,0.5871206376151238,0.9025894129265568,2.6540085256231403,0.4599253688076651
-0.015746729724963576,0.5847927012970612,0.9037368471480052,2.657904108792214,0.460823628545278
-0.015759371743616385,0.5824442866039105,0.9007695259805768,2.6618098792948106,0.46172795631615304
-0.015768231588698757,0.5800774128812273,0.8977296541314239,2.665726083874638,0.4626489860277382
-0.01577330713389036,0.5776941392914601,0.8958581531952172,2.6696530183364073,0.4635847044472364
-0.015774597161084723,0.5752965640525803,0.8964376560415388,2.6735909067833012,0.4645283740838083
-0.015772101360681554,0.572886823592909,0.8970123490673623,2.6775397871510775,0.4654725806514738
-0.01576582033166093,0.5704670916163556,0.8972590801753433,2.6814996417873385,0.46641611641762726
-0.015755755581439667,0.5680395780721728,0.897820882192216,2.685470418293613,0.4673583443374732
-0.015741909525509513,0.5656065280231782,0.8947263391580181,2.6894521132655185,0.46830554666346946
-0.01572428548685742,0.56317022040629,0.894941400133446,2.6934448676696956,0.46925887282536105
-0.015702887695168078,0.5607329666791584,0.8962974780214266,2.697448667063433,0.4702098037914127
-0.015677721285808802,0.5582971093466554,0.8931733153767566,2.7014634711243275,0.4711636300685643
-0.015648792298596944,0.5558650203609756,0.8937660488212829,2.705489390051477,0.472123232692317
-0.015616107676350705,0.5534390993891921,0.8939801072772073,2.7095264270097887,0.47308125182864325
-0.015579675263222426,0.5510217719422354,0.8945601110689956,2.7135745126904447,0.474037057080684
-0.015539503802816412,0.5486154873594309,0.8913915876781268,2.7176336159737384,0.47499547924174207
-0.015495602936090348,0.5462227166430179,0.8928256117713548,2.72170381523836,0.4759575593845532
-0.015447983199041478,0.5438459501374008,0.8934146253499013,2.725785083831314,0.4769178216364883
-0.015396656020178156,0.5414876950483026,0.8939977912336488,2.7298773728898458,0.47787693961737143
-0.015341633717776887,0.5391504727975063,0.892021775605849,2.7339806470229546,0.47883685047711794
-0.015282929496926143,0.5368368162094933,0.8926052059041736,2.7380949261752137,0.4797981412948902
-0.015220557446357164,0.5345492665269727,0.893182629367653,2.7422201727965128,0.48075755320417074
-0.015154532535062682,0.5322903702531426,0.8937534716168589,2.746356327430384,0.48171506318325796
-0.015084870608704438,0.5300626758194333,0.8943170519577384,2.7505033290336214,0.48267056962981025
-0.015011588385810423,0.5278687300785223,0.8948740105276599,2.754661116751922,0.483624137459756
-0.014934703453762303,0.5257110746235766,0.895426953430514,2.7588296273107304,0.48457547892314357
-0.014854234264574735,0.5235922419359265,0.895974251084492,2.7630087951110256,0.4855246051534441
-0.01477020013046686,0.5215147513647618,0.8965139255587319,2.767198553550556,0.4864714435379714
-0.014682621219227502,0.5194811049438998,0.8979560399773384,2.7713988343820657,0.48741574943159494
-0.014591518549374946,0.5174937830522813,0.8947257540020638,2.7756095702914125,0.48835880810003635
-0.014496913985112662,0.5155552399264719,0.8914180239320642,2.7798307415057413,0.48930218043394175
-0.01439883023108189,0.5136678990352217,0.8919871392765166,2.784062314403842,0.49024374809071375
-0.014297290826912905,0.5118341483279029,0.8886080057656061,2.788304214863062,0.4911824348747567
-0.01419232014157517,0.5100563353705106,0.8851592646034364,2.792556366228545,0.49211799210980656
-0.014083943367529345,0.5083367623847497,0.8830345063291098,2.7968186618368684,0.4930470476028932
-0.013972186514680952,0.5066776812076033,0.8795129116880493,2.801090906763799,0.49396705547468295
-0.013857076404138266,0.5050812881906066,0.875930016786366,2.805372922933679,0.49487936362861806
-0.013738640661775237,0.5035497190598252,0.8776031617512094,2.8096645355957355,0.49578498921059677
-0.013616907711601473,0.5020850437592284,0.8739532527855075,2.8139656182495205,0.496684436613038
-0.013491906768940765,0.5006892613017165,0.8755922008555607,2.818275988971213,0.49757612579389565
-0.013363667833419262,0.4993642946534994,0.8771882025515372,2.8225955231360804,0.49846379205421665
-0.013232221681765917,0.49811198567875675,0.8778470542408928,2.8269241182155045,0.49934668975767943
-0.013097599860426213,0.49693409017255435,0.8793833981223065,2.83126165158641,0.5002245589352207
-0.012959834677990988,0.49583227301077926,0.8800160120645864,2.8356080141632884,0.5010976819443436
-0.012818959197442786,0.49480810344637455,0.8806412951795124,2.8399630799086624,0.5019650220706828
-0.012675007228220696,0.4938630505813993,0.881273443319049,2.8443267126155933,0.5028261333387427
-0.012528013318106315,0.4929984790443373,0.8775928106819412,2.8486987562924084,0.5036783637538613
-0.012378012744932509,0.4922156449016615,0.8782343936291475,2.8530789741792573,0.5045201207500658
-0.012225041508116768,0.4915156918319116,0.878858402521321,2.857467191269168,0.5053550830577381
-0.01206913632002165,0.4908996475894256,0.8751238289636436,2.861863241833048,0.5061802874867163
-0.011910334597143947,0.4903684207833904,0.8757837412097353,2.8662668626425,0.5069936632357533
-0.01174867445113484,0.48992279799613225,0.8773309236388438,2.870677871480523,0.5078010357638797
-0.011584194679653366,0.48956344126237783,0.878577139156751,2.875096152850418,0.5086038466531942
-0.0114169347570552,0.48929088592886133,0.8800569302283644,2.8795215980011957,0.509401685157904
-0.011246934824918823,0.4891055389109001,0.8806837606825415,2.883954087868403,0.5101937184562518
-0.011074235682411981,0.4890076773596688,0.881304593497203,2.8883934752301856,0.5109786328338802
-0.010898878776499818,0.48899744775071696,0.8827178731684512,2.8928396099001934,0.5117574806328375
-0.010720906191998043,0.4890748654010245,0.8839064843365401,2.897292374946735,0.5125315844431259
-0.010540360641472634,0.48923981441845227,0.8850822622593872,2.9017516642649417,0.5133011295910705
-0.010357285454989068,0.489492048083989,0.8862446867648853,2.9062173735004095,0.5140660563309472
-0.010171724569713292,0.4898311896637437,0.882522968587629,2.9106893712164346,0.514821081760426
-0.00998372251936705,0.49025673364418926,0.8837052207463282,2.915167364318991,0.5155633027577666
-0.009793324423539987,0.4907680473808441,0.8799414780035668,2.919651165936811,0.5162952379353923
-0.009600575976861113,0.49136437314740505,0.8805591187246082,2.924140464711913,0.5170125731604283
-0.009405523438032512,0.4920448305693517,0.8819545346600667,2.9286350534537147,0.5177232258172481
-0.009208213618727085,0.4928084194232783,0.8832841462463802,2.933134811877043,0.5184289653789133
-0.00900869387235439,0.49365402278072523,0.8794791027078019,2.937639601085215,0.5191236729240797
-0.008807012082695876,0.49458041047309814,0.88009656400784,2.9421490894823825,0.5198027957630704
-0.008603216652412858,0.495586242852368,0.876234547217684,2.9466630291095743,0.5204684317033866
-0.008397356491430412,0.4966700748207313,0.8768659555222906,2.951181057783489,0.5211175533298873
-0.00818948100519898,0.49783036010119935,0.8774945708390164,2.9557029444722924,0.5217582317006381
-0.007979640082837417,0.4990654557202635,0.8781197030205817,2.96022851204093,0.5223903564621261
-0.007767884085159818,0.5003736266732642,0.8787220766712565,2.9647575803060953,0.5230137860759149
-0.007554263832589149,0.501753050742943,0.8793278536867298,2.9692899693695165,0.5236286955747704
-0.007338830592960656,0.5032018234418176,0.879931923464975,2.9738255085431486,0.5242354295752477
-0.007121636069217645,0.5047179630494555,0.8805118442225806,2.9783640196914334,0.524833309065524
-0.006902732387003314,0.5062994157164793,0.8810843400162156,2.982905320324392,0.5254223849956831
-0.006682172082150567,0.507944060608101,0.8771915579326828,2.9874491978685214,0.525996460434831
-0.006460008088073856,0.5096497150611917,0.8777784372578481,2.991995257480982,0.5265526474499347
-0.00623629372306533,0.511414139730263,0.8791236826505496,2.9965432638879137,0.5271013886897045
-0.006011082677498712,0.5132350436993135,0.8804053785717404,3.0010931019117635,0.5276454608479857
-0.005784429000943918,0.5151100895381117,0.8764847328679173,3.0056446254436096,0.5281760800122336
-0.005556387089195278,0.5170368982832964,0.8770991360875345,3.010197435409724,0.5286877603150664
-0.0053270116712170025,0.51901305432645,0.8731315702217274,3.014751244881918,0.5291833705214667
-0.005096357796008383,0.5210361101931951,0.8737637210591738,3.019305631053414,0.52965954438498
-0.004864480819392236,0.5231035911991944,0.8749590752057496,3.0238603431694155,0.5301277361471013
-0.004631436390729929,0.525212999970806,0.875578068891936,3.028415248843457,0.5305890154566897
-0.004397280439565679,0.5273618208199352,0.8761857803164592,3.0329701763139227,0.5310409234824246
-0.00416206916220376,0.52954752396439,0.8767918559684329,3.037524936668947,0.5314832478328413
-0.003925859008221703,0.5317675695867189,0.8780577563850932,3.042079346008716,0.5319175596754233
-0.0036887066669225774,0.5340194117261149,0.8740783478804733,3.046633235023821,0.5323377690103815
-0.003450669053729955,0.5363005019994636,0.8700578886197499,3.051186151810229,0.5327310387329058
-0.003211803296528366,0.5386082931490103,0.8706918701674684,3.05573759357563,0.5331040901254651
-0.0029721667219528903,0.5409402424154214,0.8713091801143319,3.060287295591462,0.5334672079257686
-0.002731816841631189,0.5432938147361773,0.8725672940684414,3.0648350705300547,0.5338219513374912
-0.0024908113383807777,0.5456664857703177,0.868525362900144,3.069380745863604,0.5341622825023217
-0.002249208052365578,0.5480557447515042,0.8691587992867207,3.0739238995871734,0.5344821656336002
-0.002007064967214473,0.5504590971721988,0.8697836047679179,3.078464267785193,0.5347920974370909
-0.001764440196105607,0.5528740673025208,0.8657147512964081,3.08300162341164,0.5350852469393003
-0.001521391967819362,0.5552982005479447,0.8657675252300284,3.0875354370027153,0.5353388048234548
-0.0012779786127638535,0.5577290656505667,0.8658781208495278,3.0920646761428725,0.5355341487505197
-0.0010342585489758972,0.5601642567390854,0.8660344668656894,3.096588189205225,0.5356716127210035
-0.0007902902681008491,0.5626013952330217,0.8662246104938484,3.1011048379397823,0.5357518944043214
-0.0005461323213550444,0.5650381316069731,0.8674903055636742,3.1056136004777537,0.5357957936578113
-0.00030184330547370557,0.5674721470208933,0.8632433222246627,3.11011413822009,0.5358265626193026
-5.748184864801636e-05,0.5699011548225483,0.8589600638693139,3.1146060527670834,0.5358328680271637
0.00018689340354538836,0.5723229019283682,0.85967720813714,3.1190889128274653,0.5358214709521754
0.0004312238022190155,0.5747351700889308,0.8553691987227021,3.123562470551184,0.5357957342565508
0.0006754507092500182,0.5771357770453199,0.8581927856212688,3.128026273981947,0.5357316415493665
0.000919515511353038,0.5795225775825318,0.8589356430542094,3.1324793609190453,0.5356265978205688
0.001163359634147157,0.5818934644859709,0.8628663946068995,3.1369212561760738,0.5354910725928012
0.0014069245562133724,0.5842463694070262,0.8636074896915018,3.141351048792328,0.5353144607819631
0.0016501518231395679,0.5865792636434818,0.8643340776800789,3.1457683806302588,0.5351297512784924
0.0018929830615491876,0.5888901588404178,0.8650499779815681,3.150173116470151,0.5349370579388251
0.002135359993110683,0.5911771076170136,0.8690564136397305,3.1545650153730085,0.5347153434220437
0.002377224448523925,0.5934382041244987,0.8646966288240913,3.158943202817923,0.5344522064762564
0.002618518381480604,0.5956715845402686,0.8661359645771082,3.163307269915431,0.5341792177800488
0.002859183882595084,0.5978754275029634,0.8668631011697913,3.167657109702226,0.5339004505179117
0.00309916319330232,0.6000479544931033,0.8675779961493536,3.171992618753283,0.5336146887367741
0.0033383987197196886,0.6021874301636132,0.8682876491788973,3.1763136869749338,0.5333221172427351
0.003576833046469247,0.6042921626243921,0.8689882133233162,3.1806202117773252,0.5330230335992134
0.0038144089504570755,0.6063605036848178,0.8702526340985667,3.1849120932781267,0.5327180817975696
0.004051069414606659,0.6083908490578832,0.8709317082297344,3.1891892562882966,0.5324076681440632
0.004286757641542603,0.6103816385294362,0.8716010490235521,3.193451606049736,0.5320907222045502
0.004521417067221771,0.6123313560957869,0.8729230640450006,3.1976990455874557,0.5317679922436604
0.004754991374508453,0.6142385300727482,0.8735568239948026,3.201931499352658,0.5314398521712598
0.004987424506690066,0.6161017331789662,0.8741959530442039,3.206148881073212,0.5311057854288388
0.005218660680930637,0.6179195825962264,0.8748254140036954,3.2103511024065896,0.5307657812074966
0.005448644401658304,0.6196907400092273,0.8754469510497201,3.214538074596958,0.530419767727294
0.005677320473884068,0.6214139116271425,0.8766902315372347,3.2187097106862623,0.5300683504965078
0.0059046340164482765,0.6230878481891347,0.8772917393815917,3.2228659438180207,0.5297119833846048
0.006130530475191875,0.6247113449558249,0.8778926200362843,3.227006695750325,0.5293499658904814
0.006354955636049125,0.6262832416885633,0.8735852525991419,3.2311318816222805,0.5289815846867081
0.00657785563805867,0.6278024226182256,0.8809329770298556,3.2352412969533324,0.528587361768722
0.006799176986290019,0.6292678164051132,0.8815060117174267,3.2393341974407113,0.528159919738898
0.007018866564681957,0.6306783960914183,0.8772207556387615,3.2434103400686176,0.5277289270300646
0.007236871648790231,0.6320331790475908,0.8728922619343162,3.2474697097471266,0.5272965927227123
0.007453139918441151,0.6333312269138522,0.873510827990372,3.2515123259848653,0.5268630579502614
0.0076676194702880954,0.6345716455379666,0.8741215924745497,3.255538168829966,0.5264260978293164
0.007880258830268166,0.6357535849103315,0.8747240479086013,3.259547202986016,0.5259856933166893
0.0080910069659557,0.6368762390973075,0.8753175284118773,3.2635393963286465,0.5255421754863503
0.008299813298809734,0.6379388461736668,0.8765064476447192,3.267514720369796,0.5250955087899051
0.008506627716312738,0.63894068815495,0.8770788917233916,3.2714731463894045,0.5246457800052959
0.008711400583997211,0.6398810909304209,0.8776430256931455,3.275414649876427,0.5241933023875803
0.008914082757357894,0.6407594241972994,0.8781979759524102,3.279339211998451,0.5237382335624589
0.009114625593646048,0.6415751013968276,0.8887535600010714,3.283246730972569,0.5232643879528388
0.009312980963543693,0.6423275796527261,0.8892139473599787,3.2871366399169513,0.5227649829622627
0.009509101262714143,0.6430163597124812,0.8850443657294915,3.2910088040850223,0.5222681597759153
0.009702939423226968,0.6436409858919208,0.8808357899195803,3.294863397444027,0.5217809867265705
0.00989444892485419,0.6442010460234278,0.8813351619100169,3.2987006426629017,0.5213002178827211
0.010083583806234649,0.6446961714081532,0.8818276586124146,3.30252061317728,0.5208191871747073
0.010270298675904727,0.6451260367724966,0.8823136754273104,3.306323332269797,0.5203373983118772
0.01045454872319194,0.6454903602291328,0.8940706744890968,3.310108762451751,0.519843390263881
0.010636289728969421,0.6457889032427918,0.8944269287102604,3.3138765288469685,0.5193322331973561
0.010815478076268108,0.6460214706009901,0.8951669575850864,3.3176265581498625,0.5188210684107589
0.010992070760744845,0.646187910389859,0.8958120905983643,3.3213588705194237,0.5183088599683746
0.011166025401003034,0.6462881139752084,0.896152532134181,3.3250734887547178,0.5177967001149728
0.011337300248763988,0.6463220159889088,0.892175607584599,3.328770495776268,0.5172923416569182
0.011505854198886424,0.6462895943206726,0.8925341003331504,3.332450189673994,0.516799668953347
0.011671646799231446,0.6461908701152723,0.8934016765593293,3.3361126977295195,0.5163074597663274
0.01183463826037071,0.6460259077751979,0.8939732076188158,3.339758043962955,0.5158143379583834
0.01199478946513603,0.6457948149687607,0.8943177584470443,3.3433862513300014,0.5153214161495137
0.012152061978006964,0.6454977426435864,0.8946522506241333,3.3469973794083097,0.5148303715037318
0.012306418054335388,0.6451348850454356,0.894988123905913,3.350591500286701,0.5143412251087112
0.012457820649403905,0.6447064797422597,0.9019153577961706,3.3541686607804846,0.5138491176876883
0.012606233427316456,0.6442128076533581,0.8980279056010861,3.3577288092283895,0.5133603521643895
0.012751620769718778,0.6436541930834884,0.8983339586242329,3.3612722723190505,0.5128867702623651
0.012893947784346571,0.6430310037617362,0.8986200759395784,3.364799220539836,0.51241594135311
0.013033180313399492,0.6423436508849364,0.8989022459172779,3.3683097429332984,0.511947937298089
0.013169284941738984,0.6415925891653663,0.9024489788181829,3.3718039201394223,0.511480964244416
0.01330222900490748,0.6407783168824499,0.9029438324413025,3.375281773087822,0.5110130484066726
0.01343198059696805,0.6399013759381027,0.9031956125119569,3.378743333758204,0.5105463070044732
0.013558508578161392,0.6389623519153713,0.9034434499798423,3.382188685388365,0.5100828460554047
0.013681782582379426,0.637961874139929,0.9036830698098895,3.3856179260815518,0.5096227107797546
0.013801773024452839,0.6369006157439493,0.9039188473730058,3.3890311567687488,0.5091660920702472
0.013918451107251498,0.6357792937318519,0.904701868845204,3.392428472884181,0.508711556592076
0.014031788828595656,0.6345986690473144,0.9049222853507597,3.395809925292977,0.5082583526563348
0.014141758987976176,0.6333595466409149,0.9051392319392635,3.399175602811987,0.5078088191641669
0.014248335193082771,0.6320627755376943,0.9013465414581402,3.4025256640797403,0.5073735208586851
0.014351491866137708,0.6307092489038537,0.9015868595154264,3.405860583901607,0.5069579969960363
0.014451204250034698,0.6292999041117161,0.9020041838182302,3.409180575034186,0.5065454279160948
0.014547448414280179,0.6278357228020197,0.9022300889493962,3.4124857030080933,0.5061349147144969
0.014640201260736774,0.6263177309425078,0.9024482425706598,3.4157760694064736,0.5057288657891039
0.014729440529166572,0.6247469988816754,0.9026637273540509,3.4190517958716473,0.5053275350169124
0.014815144802573505,0.6231246413964602,0.9033891083602755,3.4223129963983463,0.5049290585290469
0.014897293512343295,0.6214518177325208,0.9036071353749576,3.4255597303446645,0.5045325838046828
0.014975866943179995,0.6197297316356584,0.8998651877008221,3.428792161066416,0.5041524980422318
0.015050846237837376,0.6179596313727937,0.8961143698671514,3.4320108828720874,0.5038070704989381
0.015122213401644581,0.6161428097407948,0.8923654971423558,3.4352166307128322,0.5034978097218753
0.015189951306824918,0.6142806040612921,0.8926364424914925,3.438410100804366,0.5032129058099629
0.015254043696606302,0.6123743961595037,0.8934615613379662,3.4415915428741144,0.502931425587731
0.015314475189122791,0.6104256123248893,0.8937213142211454,3.4447610183406443,0.5026524189842968
0.015371231281106318,0.6084357232513288,0.8939767534184299,3.447918643051129,0.5023790671996373
0.015424298351367247,0.6064062439543355,0.8942238254797341,3.4510645545675804,0.5021114373826203
0.01547366366406345,0.6043387336626189,0.8944664947940881,3.45419888985707,0.5018494951948956
0.015519315371756767,0.6022347956811505,0.8952120258370901,3.4573217750353016,0.5015910239382225
0.015561242518256588,0.6000960772226599,0.8954522486160607,3.460433270681876,0.5013351157839592
0.015599435041248945,0.5979242692043187,0.8961858724332443,3.4635334859498546,0.5010831122613257
0.015633883774711685,0.5957211060061314,0.8964131493463869,3.466622489566296,0.5008339386402096
0.015664580451114136,0.5934883651873455,0.8966272857741687,3.4697004035237704,0.5005908244899148
0.015691517703401284,0.5912278671569958,0.8968489017405473,3.472767370708615,0.5003537457576631
0.015714689066761975,0.5889414747944368,0.8975620458276743,3.475823523416128,0.5001206250929042
0.01573408898018013,0.5866310930155266,0.897777357959059,3.4788689304602096,0.4998904117758229
0.01574971278776963,0.584298668279881,0.8942217242807176,3.4819037848879506,0.49968043544426555
0.015761556739891762,0.5819461880344015,0.8944694543900896,3.484928724759418,0.49949788148727015
0.01576961799405484,0.5795756800880655,0.8936888852952322,3.4879440498210035,0.49932432354577694
0.015773894615596504,0.5771892119127375,0.8939362256275488,3.490950000880658,0.4991613022973874
0.015774385578148132,0.5747888898645923,0.8946589441450461,3.4939467436224163,0.49900262942935325
0.015771090763881095,0.57237685832051,0.8954306112394297,3.4969343373404738,0.49884479916918073
0.01576401096353502,0.5699552987236597,0.8956515665766943,3.499912827094473,0.4986900063445364
0.015753147876227915,0.5675264285323364,0.8945361570389216,3.502882353566838,0.4985447286815111
0.015738504109048687,0.5650925000659605,0.8949403834367189,3.505843158633339,0.4984083984193329
0.015720083176431157,0.5626557992420997,0.8951864775698621,3.5087953476295883,0.4982754181429139
0.015697889499310703,0.5602186441982568,0.8954321424476838,3.511739047067837,0.49814908161656485
0.015671928404063236,0.5577833837922035,0.8943623974052791,3.5146744220118595,0.49803236759589875
0.015642206121227135,0.5553523959746144,0.8946226319220449,3.517601729754492,0.49792716883214255
0.015608729784007513,0.5529280860278722,0.8913970422900961,3.5205212289508405,0.497843571176935
0.015571507426564626,0.5505128846650383,0.8916692885549099,3.523433587972082,0.49778885010840906
0.01553054798208561,0.5481092459831814,0.8924482412110983,3.52633908886499,0.4977383890089671
0.015485861280640504,0.5457196452655516,0.8912836830877149,3.5292378136184532,0.49769459186889037
0.015437458046823145,0.5433465766274227,0.8915675974762248,3.5321300081171736,0.497662696169462
0.015385349897177342,0.5409925505008837,0.891853801072022,3.5350158544330603,0.49763758976183947
0.015329549337408876,0.5386600909543899,0.8921374315807097,3.537895501266256,0.49761929579505954
0.015270069759384186,0.5363517328435039,0.889118791073257,3.5407691728591244,0.49762302397213126
0.015206925437916555,0.5340700187900087,0.8861540300676194,3.543637628060449,0.49767189267923884
0.01514013152733996,0.5318174959874041,0.8832478869288655,3.5465017815687214,0.49776612506960216
0.0150697040578724,0.529596712831746,0.8804066547275601,3.5493625484915166,0.497905696698698
0.014995659931768417,0.5274102153778722,0.87933475663037,3.552220789045401,0.49808010380063356
0.014918016919262863,0.5252605436221982,0.8797908776244343,3.5550769680547694,0.4982684952624009
0.014836793654306025,0.5231502276145924,0.8806021616872848,3.557931258194327,0.4984611086704366
0.014752009630091672,0.521081783403207,0.881469367496358,3.5607837010553736,0.4986543956269156
0.01466368519437858,0.5190577088176623,0.881912272806353,3.5636343239009407,0.49885061471165054
0.01457184154460733,0.5170804790975516,0.8823548390735955,3.566483236740191,0.4990533385547047
0.014476500722813049,0.5151525423749336,0.8827870012309885,3.5693305741279246,0.49926270547626234
0.014377685610335304,0.5132763150212264,0.8832300011690261,3.5721764705284684,0.49947854400115554
0.01427541992232674,0.5114541768707139,0.8836730439679387,3.5750210584558304,0.49970092086360773
0.014169728202061605,0.5096884663347343,0.8844445530009929,3.5778644629223626,0.49992789800028403
0.01406063581504536,0.5079814754224703,0.883509995493707,3.5807067682530755,0.5001633245038384
0.013948168942927316,0.506335444686136,0.8839677594042045,3.5835482705737736,0.5004132917661186
0.013832354577216887,0.5047525581101461,0.884407996342396,3.586389154454315,0.5006697279511664
0.013713220512805905,0.5032349379656466,0.8852141194445801,3.5892295385644433,0.5009302487238311
0.013590795341297965,0.5017846396534321,0.8856493572286821,3.5920694699984432,0.5011936847596047
0.013465108444146558,0.5004036465598306,0.8832873131643258,3.594909133245539,0.5014790319585084
0.013336189985603673,0.49909386495152236,0.8837527154539128,3.5977491947792797,0.5017938076859348
0.013204070905480534,0.49785711893647133,0.8842165575733196,3.600589935283748,0.5021150192810154
0.013068782911722223,0.49669514551912075,0.8846803622538968,3.603431481148764,0.5024425335672713
0.012930358472797781,0.49560958977875946,0.885443227242628,3.60627394556228,0.5027741682863351
0.012788830809908055,0.49460200020040623,0.8859021258148585,3.6091173754558175,0.503108792562476
0.012644233889012873,0.4936738241877483,0.8850452258423699,3.6119619036353363,0.5034557398032131
0.012496602412679088,0.4928264037875018,0.8858031274492548,3.614807850099887,0.5038155596017581
0.012345971811752338,0.4920609716540606,0.8849775543743607,3.617655346034297,0.5041840464841233
0.012192378236853894,0.4913786472824984,0.8829130782191458,3.620493737257636,0.5034712112589802
0.012035858549704388,0.4907804335367639,0.8808841268658228,3.623312260878426,0.5027630007533319
0.011876450314277351,0.4902672134984188,0.8814289917837965,3.626111039046962,0.5020575371033212
0.01171419178778421,0.48983974765937416,0.8819711801496681,3.628890133096644,0.501352321517116
0.011549121911492382,0.4894986714799114,0.8825372163883669,3.631649584104018,0.5006469408163118
0.011381280301379856,0.4892444933307832,0.8830713874512122,3.6343894209784597,0.4999410446275067
0.01121070723862734,0.4890775928354345,0.8811307121485017,3.6371096899802255,0.4992369054361686
0.011037443659951117,0.48899821962541734,0.8798353320139107,3.6398104954548716,0.4985367134337334
0.01086153114777842,0.48900649251886397,0.8804120826625519,3.6424919429928764,0.4978385939306657
0.010683011920267714,0.4891023991286033,0.8809856675627878,3.6451540846434227,0.49714051931404135
0.010501928821176669,0.48928579590303783,0.879170990226671,3.6477969684561393,0.4964440772412061
0.010318325309579887,0.489556408599473,0.8780050077213916,3.65042069087373,0.49575079825898627
0.010132245449438757,0.4899138331860912,0.8768941440402062,3.653025348504212,0.4950604706979625
0.009943733899026549,0.49035753716538666,0.8775296885116041,3.6556110325965836,0.4943718756241102
0.009752835900210404,0.4908868613085569,0.8781620726094357,3.658177790503984,0.49368308270710165
0.009559597267593754,0.4915010217872076,0.8765390741913823,3.660725662900072,0.49299547717590125
0.009364064377520818,0.4921991126857993,0.874923160415252,3.663254738442584,0.49231107234685456
0.009166284156946617,0.4929801088755352,0.8733095145531052,3.6657651182098894,0.49162985829880945
0.00896630407217471,0.493842869227986,0.8740039966414556,3.6682568969727605,0.4909504918054716
0.008764172117465501,0.4947861401445966,0.8746945758155716,3.670730121500351,0.4902709537333755
0.00855993680351785,0.49580855937643536,0.8753784632005331,3.673184825491344,0.48959120765921077
0.008353647145826733,0.49690866010707224,0.8760568731067293,3.675621041216063,0.4889112345560625
0.008145352652919761,0.4980848752703573,0.8767296056054711,3.678038802237938,0.4882311096534483
0.007935103314475405,0.49933554207409897,0.8773973240969165,3.6804381406345863,0.48755070595321076
0.007722949589325607,0.5006589067002298,0.8780595271099212,3.6828190889457812,0.48687014187179756
0.00750894239334607,0.5020531291519189,0.8765023919808573,3.685181688944275,0.48619090939753107
0.007293133087236526,0.5035162882183694,0.8771783935354829,3.6875260235846343,0.48551362621617994
0.007075573464194515,0.505046386528491,0.8754181106952516,3.6898521509979907,0.4848381998207229
0.006856315737485287,0.5066413556654763,0.8760646606899258,3.6921601741169265,0.484165604873092
0.006635412527910713,0.5082990613153128,0.8766499346602955,3.6944501445447715,0.4834927310017781
0.006412916851180756,0.5100173084235099,0.8748405068629084,3.6967221036239364,0.4828216740047887
0.006188882105189774,0.511793846335745,0.8733598620662499,3.6989761615740147,0.48215486961645426
0.005963362057201419,0.513626373899703,0.874197086836559,3.701212416221858,0.48148969811006886
0.0057364108309446386,0.5155125445070698,0.8727056286444501,3.703430915767395,0.48082549567826066
0.005508082893624381,0.5174499710564151,0.8711879476153523,3.705631742975194,0.48016443135178904
0.005278433042849537,0.5194362308195334,0.8696413415651485,3.7078149966174423,0.4795065631210543
0.005047516393481931,0.5214688701956719,0.8680716059225639,3.7099807770966753,0.47885202396921983
0.004815388364408998,0.5235454093399237,0.8664716288921221,3.7121291856274548,0.47820075648438115
0.004582104665243451,0.525663346653915,0.8672416486716469,3.7142603125715747,0.47755114133353693
0.004347721282953255,0.5278201631287185,0.8652744123873427,3.7163742098625687,0.4769032955511085
0.004112294468425104,0.5300133265316449,0.8660469365419117,3.718470977571804,0.47625823382166127
0.003875880722964369,0.5322402954302474,0.8641226356544532,3.720550674547681,0.475614873885149
0.0036385367847351496,0.5344985230484421,0.8622354464601297,3.7226134089355853,0.47497615403656473
0.0034003196151433045,0.5367854609511241,0.8631641314143486,3.724659294900792,0.47433990695456685
0.003161286385166065,0.5390985625550436,0.8610343507927243,3.7266883885365885,0.4737055897274359
0.0029214944616312026,0.5414352864649676,0.8618122191399774,3.7287007968121504,0.47307441525708616
0.0026810013934493375,0.5437930996353059,0.8629446821570588,3.7306965710287905,0.47244290768115144
0.002439864897802407,0.5461694803584211,0.8637087365333705,3.732675734399158,0.4718108660062588
0.0021981428462918796,0.54856192108179,0.861605661956993,3.7346383231042872,0.4711807276172599
0.0019558932510497836,0.5509679310569682,0.8622675339455103,3.73658444036576,0.4705534846113293
0.0017131742508161585,0.5533850388240668,0.8608237287012265,3.738514140329949,0.4699272679141337
0.0014700440969859334,0.55581079453602,0.8615993655481634,3.7404274965333246,0.46930275101802593
0.0012265611396289784,0.5582427721274802,0.8623686059495168,3.7423245497055824,0.4686780015343044
0.0009827838134862947,0.5606785713335634,0.8631329252182897,3.7442053279450125,0.4680530146823082
0.0007387706239459739,0.563115819564039,0.8638915763494014,3.74606985923674,0.4674279206863878
0.0004945801330021801,0.5655521736387966,0.8624557734550292,3.747918181198229,0.46680403217005745
0.00025027094520060916,0.5679853213906357,0.8609957847199485,3.7497503790095235,0.46618343776636934
5.9016935735778375e-06,0.5704129831415325,0.85950609365566,3.7515665462054564,0.46556595508013926
-0.00023846897443153815,0.572832913058623,0.8579866522962611,3.753366780228763,0.4649517269548206
-0.0004827824110274462,0.575242900396137,0.8587284558055491,3.7551511703867173,0.46433925248884655
-0.0007269799821621059,0.5776407706295162,0.8571880864121414,3.7569197607636338,0.46372782948048835
-0.0009710030815906297,0.5800243864878616,0.8580394911162676,3.7586726278410683,0.4631183393340903
-0.0012147931449405305,0.5823916488907531,0.8560743013366305,3.7604098196907016,0.46251027550919244
-0.0014582916637668486,0.5847404977953673,0.8567759813133334,3.762131428163493,0.46190485754144284
-0.0017014401995938835,0.5870689129596514,0.8551941223249323,3.7638375031806652,0.4613005234332204
-0.0019441803979402263,0.5893749146271338,0.856049110665563,3.7655281219263728,0.4606980183112358
-0.0021864540023234283,0.5916565641387661,0.8568968366207537,3.7672033153870514,0.46009464448573395
-0.0024282028682414435,0.5939119644769931,0.8552802639757723,3.768863109849232,0.45949248528477427
-0.0026693689771268864,0.596139260747014,0.8537260751942689,3.7705075955452787,0.45889417751863626
-0.0029098944502712405,0.5983366405999938,0.8522331690496991,3.7721368782783626,0.45829951228872357
-0.0031497215627155437,0.6005023346027694,0.850828511899986,3.773751059252104,0.45770832909774495
-0.0033887927571040074,0.6026346165583393,0.8516531345301662,3.775350232691805,0.4571194108084759
-0.003627050657497592,0.6047318037812344,0.8524688915598476,3.776934441863735,0.4565301588932071
-0.0038644380831438442,0.6067922573316241,0.8532773437209755,3.778503708224035,0.45594047863346215
-0.004100898062200162,0.6088143822118083,0.8540790197053213,3.7800580533369175,0.4553504025977601
-0.004336373845406595,0.6107966275285129,0.8548751399310732,3.7815974995282704,0.45475996310836314
-0.00457080891970551,0.612737486624219,0.8530474152962936,3.78312207765118,0.45417087041551296
-0.004804147021804434,0.6146354971805482,0.8511870175209005,3.784631878954453,0.45358573539874636
-0.005036332151678883,0.6164892412965134,0.8492972081767104,3.786127013514127,0.45300469898704193
-0.005267308586012253,0.6182973455442912,0.8501283690910898,3.7876075844182324,0.4524260482850138
-0.005497020891569025,0.6200584810049633,0.8509521399307397,3.7890736315350746,0.4518469743977757
-0.005725413938498555,0.6217713632865167,0.8516775528735155,3.7905251749290065,0.45126734643773053
-0.005952432913565854,0.6234347525262327,0.8523170879228434,3.791962229344581,0.45068697232463084
-0.006178023333306686,0.6250474533794284,0.8531177312916156,3.7933848112620754,0.45010612771678804
-0.0064021310571031765,0.6266083149963856,0.8523031964291359,3.794792946031337,0.4495257701481777
-0.0066247023001773965,0.628116230989134,0.8533403651098815,3.7961866860288995,0.4489462687606365
-0.0068456836464993445,0.6295701393896722,0.8541255598208374,3.797566056380074,0.4483662738663941
-0.0070650220616067065,0.6309690226010288,0.8534145207317069,3.7989310847222897,0.4477868762054058
-0.0072826649053326885,0.6323119073425155,0.854188930191862,3.8002818215854353,0.4472082810009129
-0.007498559944439555,0.6335978645903516,0.8549544256801639,3.8016182960339875,0.4466293744593202
-0.007712655365154244,0.6348260095147948,0.8555365761587123,3.802940529368377,0.44604995860952035
-0.007924899785603482,0.6359955014147745,0.8565478446037305,3.8042485367359893,0.4454697948827485
-0.008135242268145172,0.6371055436509754,0.8563573243594426,3.8055423351442093,0.4448895348043315
-0.008343632331593165,0.6381553835781992,0.8562559394260705,3.8068219616156256,0.44430984661344514
-0.008550019963332609,0.6391443124777896,0.854070887822702,3.8080874602560235,0.4437321945456052
-0.00875435563132252,0.6400716654908082,0.8551233217655428,3.809338927019852,0.4431572381987325
-0.008956590295983495,0.6409368215526041,0.8528922348111463,3.810576408406069,0.44258363754305247
-0.009156675421966727,0.6417392033293485,0.8506146337067213,3.811800004915891,0.442014906001585
-0.009354562989802457,0.6424782771570414,0.8482963221995645,3.813009843584024,0.44145123494106814
-0.009550205507424296,0.6431535529834673,0.8459458957277067,3.8142060553254535,0.44089282469351676
-0.009743556021567124,0.643764584313507,0.846711006760738,3.815388760886609,0.44033740708416114
-0.009934568129035669,0.6443109681581657,0.8487812840712025,3.81655799626215,0.4397803111519205
-0.010123195987841064,0.6447923449876678,0.8502433418393819,3.8177137348502717,0.4392207915174038
-0.010309394328202609,0.6452083986888699,0.8509879281236821,3.8188559774153763,0.4386606566822817
-0.010493118463412443,0.6455588565272861,0.851722705438314,3.819984745105573,0.4381004212281767
-0.010674324300560005,0.6458434891138826,0.8524474144733087,3.8211000632167806,0.43754004403807006
-0.010852968351114173,0.6460621103768849,0.8535058546376313,3.822201950836052,0.436979007843675
-0.011029007741360418,0.6462145775386959,0.8563303048436127,3.8232904114569237,0.43641549668422375
-0.011202400222690026,0.6463007910980784,0.8570391958267939,3.8243653963886475,0.4358487939667181
-0.01137310418173983,0.6463206948176686,0.857738551330944,3.8254269091311226,0.4352819694732353
-0.011541078650379075,0.6462742757169064,0.8551867775535524,3.8264749885216474,0.4347175473753006
-0.011706283315541592,0.6461615640703952,0.8558814016000584,3.8275097417671713,0.4341564851219342
-0.011868678528900735,0.6459826334117179,0.8565699729330977,3.828531217480263,0.4335954309752277
-0.012028225316384858,0.6457376005426775,0.8572453054808895,3.829539442761381,0.43303441846366
-0.01218488538753081,0.645426625547925,0.8611923379115572,3.83053443130871,0.4324706532302629
-0.012338621144673528,0.6450499118148894,0.8652485107301243,3.831516097075538,0.4318997488507467
-0.012489395691969225,0.6446077060589269,0.8658899989875554,3.8324843360246623,0.4313244544627166
-0.012637172844250305,0.6441002983535329,0.866521329197495,3.8334391471325544,0.43074925028567573
-0.012781917135709621,0.6435280221654753,0.8671530192523792,3.834380557314782,0.4301739816349129
-0.012923593828411989,0.6428912543946466,0.8644252119640397,3.8353086054286383,0.4296012523637889
-0.013062168920631246,0.6421904154184052,0.8650496112433782,3.836223407604312,0.4290324315171632
-0.013197609155010436,0.6414259691401444,0.8660591666435329,3.8371250165996305,0.42846342396442183
-0.01332988202654344,0.6405984230417913,0.8666632207366487,3.838013450509952,0.4278940634665829
-0.013458955790376061,0.6397083282398861,0.8672478578805801,3.8388887346541183,0.42732485423703187
-0.013584799469424542,0.6387562795448506,0.8735729806672317,3.839750877528825,0.42675151234760084
-0.013707382861809963,0.6377429155230369,0.8741092536571331,3.840599758381079,0.4261719471898173
-0.013826676548106612,0.6366689185610382,0.8746357725290472,3.8414353665045162,0.4255926523022867
-0.013942651898402417,0.635535014931751,0.8752267628485965,3.842257732261378,0.42501338051647825
-0.014055281079169951,0.6343419748615751,0.8766029031337117,3.843066875739684,0.4244335154256506
-0.014164537059946523,0.6330906125981097,0.8779338799095977,3.8438628093413483,0.4238528973010435
-0.014270393619821183,0.6317817864775866,0.8784506257287091,3.8446455452718693,0.4232716726825596
-0.014372825353727702,0.6304163989912893,0.8756357515303272,3.8454151139298522,0.42269283078850517
-0.014471807678541613,0.6289953968500237,0.876074029896965,3.8461716349312107,0.42211816043749695
-0.014567316838980127,0.6275197710457228,0.8764479791855295,3.846915160113483,0.4215431967224163
-0.014659329913303173,0.6259905569091121,0.8769207232848735,3.8476457099222023,0.4209681889824562
-0.0147478248188146,0.6244088341622827,0.8740438876988897,3.848363329127682,0.42039621310219627
-0.0148327803171619,0.6227757269649331,0.874522938996796,3.8490681408020224,0.4198284016548878
-0.014914176019433257,0.6210924039529049,0.8830379778406177,3.8497601744345467,0.4192553091320511
-0.014991992391050857,0.6193600782675324,0.8834404357075686,3.8504392675151267,0.4186742703414903
-0.015066210756458982,0.6175800075742071,0.8919682975932839,3.851105371315598,0.41808814258434335
-0.015136813303606299,0.6157534940684007,0.892687872507315,3.8517583265183815,0.41749393370896476
-0.015203783088220311,0.613881884467287,0.889941152619215,3.85239811691988,0.4169023313256229
-0.015267104037874213,0.6119665699849033,0.8902692622876087,3.8530248642779164,0.4163150553957826
-0.015326760955844083,0.6100089862886912,0.8905926523197407,3.8536386321848317,0.41572847124438067
-0.01538273952475591,0.6080106134350396,0.8909109658035074,3.854239462574068,0.4151427269041053
-0.015435026310021888,0.6059729757813098,0.8912243133475323,3.8548273954572734,0.4145575838432814
-0.015483608763064552,0.6038976418716326,0.8915325449483741,3.8554024681597334,0.41397303363614707
-0.015528475224328354,0.6017862242935654,0.8918364850671521,3.8559647206015915,0.4133892862459807
-0.015569614926077975,0.5996403795025275,0.892135960654788,3.856514193456894,0.4128062478187489
-0.015607017994982493,0.5974618076106917,0.892432492339232,3.857050926177459,0.412223888468089
-0.015640675454484828,0.595252252136827,0.8931271370213172,3.8575749566085458,0.4116419196132781
-0.015670579226956357,0.5930134997133693,0.8934142449725618,3.8580863116855437,0.4110600698364306
-0.015696722135635225,0.5907473797467492,0.8936973207694331,3.858585027333669,0.41047900075184246
-0.015719097906348838,0.5884557640268336,0.8939766937147441,3.8590711442669585,0.409898659396706
-0.015737701169019545,0.5861405662810517,0.8952115931434894,3.8595446993312286,0.40931853369239174
-0.01575252745895369,0.5838037416686119,0.8954808801059365,3.8600057141629582,0.40873835295532895
-0.01576357321791286,0.5814472862099426,0.8957466538725454,3.860454223614026,0.4081589511589948
-0.0157708357949679,0.5790732361463091,0.8929468391259371,3.860890279267623,0.40758254535001603
-0.015774313447135164,0.5766836672243325,0.8900900894148025,3.8613140122772984,0.4070127675964503
-0.01577400533979481,0.574280693899937,0.8871925220183753,3.8617255828482824,0.4064498044193013
-0.01576991154689124,0.5718664684560625,0.8875126309374836,3.862125138178568,0.4058911343727447
-0.015762033050915027,0.5694431800283357,0.8882385057307517,3.862512738602377,0.4053328769986054
-0.015750371742667347,0.5670130535327017,0.8885495084122935,3.8628884106162795,0.404774775631362
-0.01573493042080623,0.5645783484889441,0.8888574042443892,3.8632521889998355,0.4042174814437175
-0.015715712791174823,0.5621413577339034,0.8891620246441593,3.863604113167223,0.40366088406739403
-0.015692723465911936,0.5597044060181497,0.8862742400724087,3.8639442313946883,0.4031072496859684
-0.015665967962345366,0.5572698484798773,0.8870032173221176,3.8642726579520184,0.4025572558978236
-0.01563545270166744,0.5548400689898038,0.8841107474253834,3.8645894516911903,0.4020098339983803
-0.015601185007394368,0.5524174783609533,0.8848561571071935,3.8648947261065527,0.40146611702328044
-0.01556317310360819,0.5500045124173611,0.8851943864944662,3.8651885230790146,0.4009221974868724
-0.015521426112983364,0.5476036299159467,0.885926911521192,3.8654708689704536,0.40037847555236766
-0.015475954054597252,0.5452173103161126,0.8884439377992495,3.8657417818855846,0.39983392846741256
-0.015426767841525581,0.542848051391965,0.8897008813983389,3.866001258393102,0.39928813605434577
-0.015373879278223423,0.5404983666825651,0.8900140525823669,3.8662493094107093,0.39874233526130304
-0.015317301057692074,0.5381707827761156,0.8907119049826053,3.8664859646561203,0.39819688434718997
-0.015257046758432856,0.5358678364246913,0.8910151921448902,3.866711247957668,0.3976514258693343
-0.01519313084118838,0.5335920714868414,0.891315950110695,3.8669251866107857,0.39710639634486844
-0.015125568645472019,0.5313460356962728,0.8916134971510706,3.8671278144736183,0.3965619941373402
-0.015054376385886343,0.5291322772557953,0.8927835070817414,3.867319164311125,0.39601779692299915
-0.014979571148231955,0.5269533412567985,0.8900086850188513,3.8674992666988075,0.39547565776758425
-0.01490117088540687,0.5248117659257213,0.890322419613104,3.867668226251471,0.39493733450787066
-0.01481919441309775,0.5227100787002965,0.8906340002904761,3.8678260967366,0.3943994170151754
-0.014733661405264515,0.5206507921397643,0.8909446475190814,3.86797290872023,0.39386196741777807
-0.014644592389418395,0.5186363996747668,0.8882065995252236,3.868108704987027,0.39332715423531317
-0.01455200874169571,0.5166693712042648,0.8893598485395214,3.868233589053656,0.3927956155143887
-0.014455932681727466,0.5147521485484752,0.8896910654055488,3.868347602509761,0.39226410080758223
-0.014356387267306878,0.5128871407686487,0.8899774449171995,3.8684507718191568,0.39173290991733556
-0.014253396388855595,0.5110767193662655,0.890320306085099,3.8685431248105644,0.39120204135902
-0.014146984763690038,0.5093232133761241,0.887695271197298,3.868624700674458,0.3906735649983844
-0.014037177930089436,0.5076289043696326,0.8850859042717019,3.868695606893934,0.39015029390469624
-0.013924002241166794,0.5059960213864757,0.8825011571767031,3.8687559675326177,0.38963208521576953
-0.013807484858544163,0.504426735814642,0.8836576943718267,3.868805891283651,0.3891165571133316
-0.013687653745834097,0.5029231562405267,0.8832892222660325,3.8688454123323877,0.38860098263748305
-0.01356453766192842,0.5014873232924949,0.8837445591855723,3.8688745575884638,0.38808572316778434
-0.01343816615409631,0.5001212045027742,0.8845135365780916,3.8688933499904636,0.38757042537813535
-0.013308569550892959,0.4988266892139304,0.884962396701761,3.8689018066971945,0.38705497031053765
-0.01317577895488115,0.49760558355732454,0.8854093708275111,3.8688999505178523,0.3865398381397642
-0.013039826235166451,0.496459605531874,0.886160760915033,3.8688878079800153,0.38602480552054796
-0.012900744019749031,0.49539038021216025,0.8837690109948593,3.868865405631636,0.3855113387300884
-0.012758565687692937,0.4943994351152788,0.8834068522791342,3.868832825613203,0.38500081719558277
-0.012613325361115363,0.49348819575596947,0.884185514470487,3.868790117240678,0.38449074510938663
-0.012465057896997539,0.4926579814193096,0.8838239984231772,3.868737300970313,0.38398063711263336
-0.012313798878819162,0.4919100011797039,0.8843324843041184,3.86867440171616,0.38347073324720604
-0.012159584608018484,0.49124535019400234,0.882141961402422,3.8686014449824198,0.38296212808988805
-0.012002452095280253,0.49066500629529974,0.8832408591560119,3.868518501982682,0.3824556301666456
-0.011842439051653234,0.4901698269123922,0.8828533827041193,3.868425602102862,0.381949119945463
-0.011679583879499873,0.48976054633792376,0.8836533073032076,3.868322772975314,0.38144292506749766
-0.011513925663279677,0.4894377733659964,0.8841978893944362,3.8682100334602607,0.38093661160575626
-0.011345504160169403,0.48920198931748154,0.8852103431449099,3.868087404647826,0.3804303547790155
-0.01117435979052129,0.4890535464684733,0.8831503987137419,3.8679549107285722,0.37992537981789437
-0.011000533628162583,0.48899266689427767,0.8837076458675733,3.867812621290166,0.37942258643074717
-0.010824067390537803,0.48901944173814316,0.884505864090585,3.8676605672012565,0.3789193781430714
-0.010645003428696937,0.48913383091056656,0.8840778304022018,3.867498760094974,0.3784161630189288
-0.010463384717131286,0.48933566322159444,0.8846487050982346,3.8673272278210815,0.37791334711377267
-0.010279254843459824,0.4896246369450544,0.8852151802389577,3.8671459903410685,0.37741036087399027
-0.010092657997968348,0.4900003208101979,0.8857772021232384,3.8669550635351997,0.37690720097197733
-0.009903638963004056,0.4904621554128563,0.886333503186132,3.866754463226915,0.37640385206422566
-0.009712243102228107,0.4910094550349281,0.8871091754238428,3.866544204404087,0.37590021851400196
-0.009518516349728258,0.4916414098579228,0.8876555553819321,3.8663242993214157,0.3753962653274808
-0.00932250519899526,0.4923570885533872,0.8881982400632092,3.866094762963063,0.3748921268204732
-0.009124256691764296,0.493155441230385,0.8890830804416745,3.865855609647364,0.3743876918878638
-0.008923818406725577,0.49403530271784085,0.8898974146549348,3.8656068530672094,0.3738830100511602
-0.008721238448105293,0.49499539615750116,0.8879936422684058,3.8653485143073425,0.373379495023751
-0.008516565434121116,0.49603433688151993,0.8885306036854035,3.8650806584401143,0.3728779719163637
-0.008309848485313973,0.4971506365472973,0.8892908853894356,3.8648033156040436,0.37237624081854004
-0.008101137212759237,0.498342707501149,0.8903280013285316,3.864516498645439,0.37187411719581626
-0.0078904817061605,0.49960886734169585,0.8908502227721542,3.8642202180670777,0.37137163309519877
-0.007677932521828159,0.500947343653496,0.8889156579094747,3.8639144953642854,0.3708704051814958
-0.007463540670546166,0.5023562788814284,0.8896778305404658,3.863599389016007,0.37037029181741343
-0.007247357605329714,0.5038337353166148,0.8876893697736817,3.8632749216003845,0.36987128842955636
-0.007029435209076707,0.5053777001652513,0.885637475687808,3.8629411681531223,0.3693758912428222
-0.006809825782116238,0.5069860906725536,0.8861725592918157,3.862598213539309,0.368882740686962
-0.0065885820296565575,0.5086567592750959,0.8857023940985327,3.862246092515553,0.36838995506574823
-0.006365757049136273,0.5103874987561177,0.8852858019791758,3.861884839737807,0.36789820680359525
-0.006141404317481086,0.5121760473798181,0.8863103570607397,3.86151448337766,0.36740597269225317
-0.005915577678269658,0.5140200939822526,0.8872724694544013,3.861135023095745,0.36691296072122603
-0.0056883313288114004,0.5159172829981757,0.8881724488969189,3.8607464623692795,0.36641917947391867
-0.005459719807139369,0.517865219404933,0.8887263410655125,3.860348807958924,0.36592503921386327
-0.005229797978921352,0.5198614735663781,0.8895550069685166,3.859942073235025,0.36543065242476785
-0.004998621024292462,0.5219035859616141,0.8900826662405557,3.859526268781656,0.36493585255193095
-0.004766244424612154,0.5239890717852529,0.8893767594723626,3.859101408084127,0.364441278539748
-0.004532723949148867,0.5261154254076923,0.8874693535383832,3.8586675338739913,0.36394906406326427
-0.00429811564169577,0.5282801246857121,0.8854702339761795,3.8582247281730586,0.36346053112008925
-0.004062475807120499,0.5304806351154103,0.8833859710200284,3.857773085053121,0.36297592562430064
-0.0038258609978522166,0.5327144138211425,0.8839387266300687,3.8573126953280106,0.3624938382747715
-0.003588328000309372,0.5349789133757008,0.8817636486857229,3.8568436012333467,0.36201342426695066
-0.003349933821271151,0.5372715854483988,0.8825798624283987,3.8563658808550683,0.3615355707397436
-0.0031107356741961957,0.5395898842791148,0.8831158107225601,3.8558795652736673,0.3610575987715136
-0.002870790965491622,0.5419312699775584,0.8808651735588275,3.8553846821931725,0.3605816172469054
-0.0026301572807357074,0.5442932116481851,0.881395380914688,3.8548813150593775,0.36010847288405196
-0.0023888923708577396,0.5466731903421729,0.8819155831052804,3.8543695034955063,0.35963562970380275
-0.0021470541382779475,0.5490687018388092,0.8824266263025883,3.8538492673144535,0.35916278988679623
-0.001904700623011293,0.5514772592594105,0.8829290581159361,3.853320624573982,0.35869011198037914
-0.0016618899887380753,0.5538963955176016,0.8834231682456641,3.85278359576693,0.35821761566078253
-0.001418680508845017,0.556323665610382,0.8810706414183047,3.8522382113527947,0.3577473292368832
-0.0011751305524398158,0.5587566487548742,0.8799797077364487,3.851684568007079,0.35728127753235545
-0.0009312985703429084,0.5611929503760844,0.8804855201110087,3.8511227404469746,0.3568168969174088
-0.0006872430810596,0.5636302039513202,0.8781627612318544,3.8505527696445063,0.35635475884114504
-0.0004430226567357756,0.566066072717145,0.8786686406155761,3.8499747461702176,0.3558958249247955
-0.00019869590910096685,0.568498251244946,0.879165031499682,3.8493887095872443,0.35543715514362345
4.567852459818528e-05,0.570924466891298,0.8768029410790105,3.8487946980970653,0.35498122323338727
0.0002900419956706662,0.5733424811293468,0.8754381035997059,3.848192811405628,0.354529605598267
0.0005343358580563898,0.5757500907674761,0.8759563618632293,3.847583129033486,0.35407993270257415
0.0007785014824010434,0.5781451290614575,0.8736690665173408,3.8469656924312776,0.35363247261362024
0.001022480270126843,0.5805254667262105,0.8722785203215259,3.84634059758047,0.3531894222335953
0.0012662136674958513,0.5828890128532067,0.8728229918384058,3.8457079245143797,0.35274830475791935
0.0015096431796626844,0.5852337157393923,0.8733621180763254,3.845067704494414,0.35230744850262535
0.0017527103847129362,0.5875575636333641,0.8711891726965014,3.8444199674078527,0.3518687112084797
0.0019953569476841653,0.5898585854043356,0.8690422789800353,3.8437648069578225,0.3514348028042091
0.002237524634565978,0.592134851139255,0.8696038872102264,3.843102324079877,0.3510037946528579
0.0024791553262760177,0.594384472673202,0.8701740668589625,3.8424325561843617,0.35057307414841715
0.002720191032608111,0.5966056040580164,0.8680917288853921,3.841755530600105,0.35014421417214875
0.002960573906149769,0.5987964419738449,0.866064053214268,3.8410713337001385,0.3497197526442414
0.0032002462561652343,0.6009552260881038,0.8641031685818231,3.8403800645692283,0.34929941440762613
0.0034391505624409764,0.6030802393661185,0.8647481576958184,3.839681808555304,0.34888122604066835
0.0036772294890902754,0.6051698083374676,0.8653883766677652,3.838976589832819,0.3484628471023193
0.003914425898313533,0.6072223033218546,0.8660009018531589,3.8382644201333065,0.3480444128147684
0.004150682864111177,0.6092361386181032,0.8642290884688836,3.837545320748814,0.34762751993448127
0.004385943685945425,0.6112097726596577,0.8648675451914557,3.8368193591912005,0.34721290550738926
0.004620151902348396,0.6131417081397689,0.8655018103348133,3.8360865632467447,0.34679820741844575
0.004853251304472373,0.6150304921093394,0.8637007534933279,3.8353469561738613,0.34638544711344
0.005085185949579767,0.6168747160502278,0.8619489961709564,3.834600622794943,0.3459768859863685
0.005315900174469091,0.6186730159265846,0.8627683973516347,3.8338476483286237,0.345570525203842
0.00554533860883383,0.6204240722166693,0.8634052690831848,3.833088055003944,0.34516380244444034
0.005773446188551088,0.6221266099273809,0.861815429504142,3.8323218571887776,0.3447581245089868
0.00600016816889672,0.6237793985936114,0.8603305341397915,3.83154911362071,0.344355257078637
0.006225450137683722,0.625381252264344,0.8610292283185004,3.830769885057195,0.34395387617698003
0.006449238028321002,0.6269310294773011,0.8591987957538657,3.8299842009915728,0.3435540560547015
0.006671478132789015,0.628427633223805,0.8598988115241413,3.829192130648544,0.34315661126663966
0.006892117114529492,0.6298700109053618,0.8586058087684292,3.8283937044575116,0.3427598840157756
0.007111102021245917,0.6312571542833976,0.8574297320305694,3.8275889673346875,0.34236512212843945
0.007328380297611855,0.6325880994234334,0.8563689765775196,3.826777967585372,0.3419719975926999
0.0075438997978839835,0.6338619266348866,0.8572965894861029,3.8259607441264465,0.34157953854019635
0.007757608798416727,0.6350777604075871,0.8581943254921279,3.825137306114043,0.3411864831649091
0.007969456010075827,0.6362347693460176,0.8589782551491797,3.8243076553474853,0.3407929813094743
0.008179390590547378,0.6373321661021686,0.8597570648635969,3.823471796687292,0.340399122288381
0.008387362156539806,0.6383692073078585,0.8578601335315439,3.8226297441680144,0.3400067147979603
0.008593320795875565,0.6393451935072544,0.8586226925558527,3.8217815650829854,0.33961654883567866
0.008797217079469883,0.6402594690902986,0.8567385815803197,3.8209272897962725,0.3392276839546326
0.0089990020731934,0.6411114222276427,0.8574866677057285,3.820066981615506,0.33884095850961754
0.009198627349616288,0.6419004848076644,0.8565084309601154,3.819200664866587,0.33845444642173556
0.009396044999630372,0.6426261323760591,0.854592536041932,3.8183283725401256,0.3380701252285515
0.009591207643947304,0.6432878840784721,0.8527588107666104,3.817450183209738,0.3376896458275787
0.00978406844446934,0.6438853026065621,0.8509963304427649,3.8165661828432214,0.337312737735243
0.00997458111553006,0.6444179941478682,0.8498998485269484,3.815676448908053,0.3369384981457763
0.010162699935002906,0.6448856083397879,0.8506735835750692,3.8147810272432943,0.33656518330289376
0.01034837975527423,0.6452878382279484,0.8514410865226977,3.813879933533699,0.33619155833987185
0.010531576014078461,0.6456244202292138,0.8522065902127367,3.812973170904189,0.3358175511770613
0.010712244745192894,0.6458951340995372,0.8529647443958803,3.812060745264664,0.33544335366280104
0.010890342588989233,0.6460998029068221,0.853721253205555,3.8111426652444065,0.3350690039675486
0.011065826802839938,0.6462382930089504,0.8528644431578454,3.8102189393008334,0.33469480556385617
0.011238655271376023,0.6463105140370787,0.8521169805083741,3.809289587102072,0.3343209394847941
0.011408786516594644,0.6463164188842969,0.8529255690965527,3.808354620383076,0.33394677710522414
0.01157617970781362,0.6462560036996949,0.8537304184790471,3.807414040219604,0.33357206320795263
0.011740794671470567,0.646129307887881,0.8545394541067247,3.8064678462205923,0.3331967036771422
0.011902591900764387,0.6459364141139411,0.8553448973471754,3.8055160371757677,0.3328207868561789
0.012061532565136725,0.6456774483138223,0.8561463626868274,3.8045586141096726,0.3324443741433791
0.012217578519591111,0.6453525797100885,0.856934674962858,3.8035955787287947,0.3320674965472111
0.012370692313847428,0.6449620208329602,0.857718310746951,3.8026269314749293,0.3316900204119803
0.012520837201330121,0.6445060275465415,0.8571912761776322,3.8016526714216967,0.33131193150547716
0.012667977147986871,0.6439848990800916,0.8567201555970845,3.8006727984683315,0.33093328888684315
0.012812076840936808,0.6433989780641655,0.8562926385824897,3.7996873113370517,0.3305539605453298
0.012953101696945357,0.6427486505714367,0.8558903381939308,3.7986962060825378,0.3301737786090638
0.01309101787072393,0.6420343461619537,0.8567799993598867,3.797699475677988,0.3297926885748883
0.013225792263052915,0.6412565379325652,0.8576415745475898,3.7966971146296458,0.32941084730856285
0.013357392528725118,0.6404157425702033,0.8585201173190554,3.7956891203931225,0.329028321741581
0.01348578708430842,0.6395125204086695,0.8593931127065124,3.7946754904734132,0.32864510405214076
0.01361094511572585,0.638547475488531,0.8601441205428945,3.793656221650714,0.3282611697597485
0.01373283658565061,0.6375212556196843,0.8610044654069222,3.792631312196776,0.32787659912603173
0.013851432240715073,0.6364345524460873,0.8606462422885386,3.791600758429063,0.32749113923164896
0.013966703618531244,0.6352881015121077,0.8616714398933182,3.7905645529901992,0.32710481015629667
0.014078623054521821,0.6340826823298913,0.862658516662308,3.789522690579186,0.3267176099900912
0.014187163688559361,0.6328191184470585,0.8634866413864811,3.788475165660172,0.32632965880365816
0.014292299471412768,0.6314982775140001,0.8630845300106454,3.7874219754426255,0.3259409717984379
0.014394005170998798,0.6301210713499517,0.8639423783510989,3.7863631151154675,0.32555148549449264
0.01449225637843773,0.6286884560069533,0.8648986200156685,3.785298582540351,0.3251613985310147
0.01458702951391145,0.6272014318307068,0.8638471248672395,3.7842283818780675,0.3247717713453337
0.014678301832322344,0.6256610435172651,0.8646811640969707,3.78315255127014,0.3243832434610379
0.014766051428752144,0.62406838016438,0.8655080003982522,3.782071100899469,0.323994049324837
0.014850257243718858,0.6224245753162333,0.8646161008196696,3.78098403281038,0.323605127181009
0.0149308990682312,0.6207308070001617,0.863934417432902,3.7798913796144555,0.3232171417881739
0.015007957548638352,0.6189882977538673,0.864874970603551,3.7787931541032465,0.3228287380945962
0.015081414191274848,0.6171983146414858,0.8657756903062401,3.7776893562786804,0.3224397791822421
0.015151251366899137,0.6153621692567309,0.8656080642851444,3.776579993851832,0.32205120998230735
0.015217452314924253,0.6134812177112138,0.8655205762245369,3.77546509262436,0.32166337176098414
0.01528000114744048,0.6115568606058682,0.8664294357873602,3.774344672110767,0.3212755544737365
0.01533888285302824,0.6095905429832542,0.8673043157684023,3.7732187361830407,0.3208871877727563
0.015394083300360859,0.6075837542583599,0.8680673643595954,3.7720872841715862,0.32049818274989494
0.015445589241595907,0.6055380281253183,0.8688353708375927,3.7709503141649834,0.3201085624498977
0.015493388315554777,0.6034549424373024,0.8678583236458927,3.7698078271043456,0.3197186947537553
0.01553746905068917,0.6013361190566521,0.8686165898958781,3.7686598325491905,0.31932862441047166
0.015577820867834156,0.5991832236720805,0.8693669392911727,3.7675063333661956,0.3189380690177438
0.015614434082747443,0.5969979655796293,0.8702531638179464,3.766347329766496,0.3185469410785746
0.015647299908433113,0.5947820974238018,0.8709320515180098,3.765182822009213,0.3181552988125557
0.015676410457250822,0.5925374148950995,0.871661827663945,3.764012810800147,0.31776315545633993
0.01570175874280855,0.5902657563799698,0.872735524397638,3.7628372955128655,0.31737016664982853
0.015723338681639464,0.5879690025589415,0.8738654487939292,3.761656263940439,0.31697584442654875
0.0157411450946618,0.585649075948503,0.8745769278326853,3.7604697005892205,0.3165804220185907
0.015755173708421964,0.5833079403820534,0.8754265445309223,3.759277602479494,0.316184453997535
0.015765421156119966,0.5809476004250375,0.8761251882233919,3.7580799669930167,0.31578779262069795
0.0157718849784175,0.5785701007191575,0.8768158995426295,3.756876795649406,0.3153907709522013
0.015774563624028296,0.5761775252503459,0.8774981075027652,3.755668091979058,0.31499339740298654
0.015773456450090328,0.5737719965349899,0.8783541499615882,3.754453860532072,0.3145956639490822
0.01576856372231989,0.5713556747187102,0.8790231463850052,3.7532341044496387,0.3141975758592985
0.015759886614948232,0.568930756581834,0.8796841225239994,3.7520088287114697,0.3137991735559114
0.015747427210439497,0.5664994744455719,0.8803376382351236,3.750778037141084,0.3134003994435308
0.01573118849899094,0.5640640949727682,0.8809840236041115,3.749541734211347,0.31300131871493836
0.0157111743778153,0.5616269178570392,0.8816223713374954,3.7482999242510986,0.31260189627331514
0.015687389650205715,0.5591902743940581,0.8822529907185478,3.747052612301615,0.3122022120562622
0.015659840024382535,0.5567565259287323,0.8807639357896044,3.7457998080437056,0.31180310430075014
0.015628532112123752,0.5543280621720912,0.8813791833943091,3.7445415476197157,0.31140503810014264
0.015593473427177977,0.5519072993817832,0.8821628565597639,3.7432778450684556,0.31100664550916884
0.015554672383461405,0.5494966784002576,0.8827636184792703,3.7420087028362747,0.31060784927670787
0.015512138293038219,0.5470986625449438,0.8852441125542082,3.740734120119862,0.31020762459913687
0.015465881363885917,0.5447157353450363,0.88582753234837,3.7394540614671006,0.3098053890091642
0.015415912697445511,0.5423503981199033,0.886403089395202,3.7381685212592344,0.30940290600622616
0.015362244285957073,0.5400051673945991,0.8869728401021183,3.736877506182161,0.30900026793858665
0.015304889009581726,0.5376825721485528,0.8875351864443244,3.735581024722248,0.308597528900157
0.015243860633310524,0.535385150894152,0.8880893197125022,3.734279085830675,0.30819466050242544
0.01517917380366078,0.5331154485827636,0.8915061608855036,3.732971689305367,0.30779000631723186
0.015110844045161092,0.5308760133365646,0.8895388930721612,3.7316587915863075,0.3073840375764164
0.015038887756625565,0.5286693930056049,0.8900605769343333,3.730340431630861,0.30697998331890636
0.014963322207218006,0.5264981315506007,0.8905739201351557,3.729016631209992,0.3065757507574653
0.014884165532307569,0.5243647652532011,0.8910790769112098,3.7276873985240533,0.3061714939633554
0.014801436729116208,0.5222718187567871,0.8915748376868906,3.7263527448585276,0.305767251415939
0.014715155652159627,0.5202218009423214,0.8920617505919017,3.72501268092708,0.30536300031695973
0.014625343008482134,0.5182172006452872,0.8925371941874809,3.723667217498757,0.3049587357646619
0.014532020352687023,0.5162604822214053,0.8933133437147392,3.7223163636383383,0.30455425754906246
0.014435210081763813,0.5143540809705088,0.893777856129371,3.7209601238701757,0.3041495127917233
0.014334935429712769,0.5125003984297579,0.8942298680035433,3.719598507398857,0.3037448236521405
0.014231220461969077,0.5107017975491746,0.8946772555727256,3.7182315268988333,0.3033402486999237
0.014124090069627098,0.5089605977643551,0.8951104747214633,3.7168591949792678,0.3029357540894152
0.014013569963466803,0.5072790699830722,0.8955415208300819,3.715481524164495,0.30253135932701675
0.013899686667783118,0.5056594315043175,0.8962176077275665,3.71409852659503,0.3021269283678627
0.013782467514020309,0.504103840890146,0.8966336692026654,3.7127102097477933,0.3017223901947968
0.013661940634212673,0.5026143928124017,0.9015115769614083,3.711316572207238,0.3013153394192724
0.013538134954232797,0.5011931128980284,0.9018965459417108,3.7099175349124507,0.30090447685324445
0.013411080186849566,0.4998419525981457,0.9022668298788404,3.708513085876481,0.30049383360222215
0.013280806824597296,0.49856278410740196,0.9029572846653791,3.70710323998923,0.30008322654839126
0.013147346132457537,0.49735739536121304,0.903312644233702,3.7056880039061424,0.2996724200807307
0.013010730140355788,0.4962274851393955,0.903659802336504,3.704267389185331,0.2992618067402152
0.01287099163547442,0.4951746583053148,0.9040082450747038,3.702841410835027,0.2988513590465377
0.012728164154383794,0.49420042121002655,0.9045777476359868,3.7014100819661104,0.29844101676857954
0.012582281974993755,0.4933061772908981,0.9100381376525891,3.699973399943292,0.2980277044185707
0.012433380108327115,0.49249322289391995,0.9150334815527403,3.69853125549834,0.29760702335079015
0.012281494290117129,0.4917627433482762,0.915319774157044,3.69708353243204,0.2971823066307899
0.012126660972231097,0.49111580932076154,0.9155904821489171,3.695630218958525,0.2967578833124277
0.011968917313922012,0.4905533734762991,0.9158528569482659,3.6941713325679313,0.29633381209594156
0.011808301172910766,0.4900762674691458,0.9161158944304467,3.692706892390136,0.2959101646594611
0.01164485109630011,0.48968519928737253,0.9165255177559899,3.6912369169195935,0.29548677189534817
0.011478606311323924,0.4893807509708752,0.9170866465118299,3.6897614242098067,0.2950639872822265
0.011309606715932606,0.4891633767205911,0.9173346400747074,3.688280434392396,0.29464138154354413
0.011137892869217705,0.48903340141372853,0.9175750426255476,3.686793963739247,0.2942191716354451
0.010963505981678282,0.4889910195367542,0.9178089663175463,3.6853020320313346,0.2937974494508845
0.010786487905330266,0.48903629454462405,0.9181565233842388,3.6838046591173876,0.2933760261459186
0.010606881123662155,0.48916915865140326,0.9184435682019071,3.6823018583968423,0.2929546618502182
0.010424728741439482,0.4893894130539339,0.9186770846975215,3.6807936423705017,0.2925333965802058
0.01024007447435962,0.48969672858676955,0.9188932415575766,3.6792800235521783,0.2921122488422899
0.010052962638560233,0.490090646803137,0.9194207303369613,3.677761017399404,0.2916913154827392
0.009863438139983798,0.4905705814733103,0.9196246340263594,3.6762366367159043,0.29127056810306967
0.00967154646360022,0.4911358204885618,0.9169591784292233,3.6747069094845863,0.2908522778934421
0.009477333662490652,0.4917855281557768,0.9235041453645729,3.6731719084583294,0.29043390820553555
0.009280846346795175,0.492518747864973,0.92364340230871,3.6716315479109554,0.2900104854824732
0.00908213167252636,0.49333440510938514,0.9237791982398121,3.6700858068990416,0.28958736724732426
0.00888123733025214,0.4942313108354476,0.9239090259569288,3.6685347069705956,0.28916490476735146
0.008678211533650323,0.4952081650980475,0.9308712618376752,3.6669782523713534,0.2887393024826856
0.008473103007937587,0.49626356099472785,0.9361817152376904,3.6654163198640344,0.28830561548032496
0.008265960978175465,0.49739598885121905,0.9339045188444911,3.66384879777905,0.2878698594923413
0.008056835157456825,0.49860384062970164,0.9339333152371744,3.662275745865784,0.28743764828989926
0.00784577573497483,0.4998854145305904,0.9339568354818034,3.660697209197249,0.2870062323731775
0.007632833363977681,0.5012389197583245,0.933974609207047,3.6591132150594525,0.2865756611528156
0.007418059149612286,0.502662481421707,0.9339878227645836,3.6575237921600587,0.2861460065530183
0.007201504636659128,0.5041541455396907,0.9339959228775984,3.6559289692260615,0.2857172410846867
0.00698322179716186,0.5057118841241198,0.9339997017516355,3.654328774895405,0.2852893517603015
0.006763263017954062,0.5073336003118522,0.9339976821060497,3.6527232372001026,0.2848623427497068
0.006541681088086983,0.5090171335197978,0.9339905333167443,3.6511123847860705,0.2844362493888471
0.006318529186160135,0.5107602645977352,0.9309684850328231,3.64949625900497,0.2840135793994159
0.0060938608675588,0.5125607209552491,0.931127070547584,3.6478749769337964,0.2835954917167734
0.005867730051601012,0.5144161816407748,0.9312336205483165,3.6462485837992906,0.2831776681597429
0.005640191008597085,0.5163242823524385,0.9312838223481518,3.6446170935132662,0.28276000416872593
0.005411298346825154,0.5182826203622108,0.9312524331827327,3.64298052229911,0.28234291323647814
0.005181106999425324,0.5202887593367083,0.9312121542249927,3.6413388970940153,0.2819267799477744
0.004949672211215942,0.522340234039869,0.9311717865123434,3.6396922472192315,0.28151162021270926
0.00471704952543529,0.5244345549045576,0.9311272307967109,3.6380405975280827,0.2810968583284268
0.0044832947704113646,0.5265692124620045,0.9311580039941981,3.6363839670460996,0.28068267843393185
0.004248464046163236,0.5287416816197279,0.9321471225727537,3.634722372277904,0.28026845850791016
0.0040126137109375215,0.5309494257803309,0.9329098123862261,3.6330558167357974,0.27985383347161935
0.0037758003676825144,0.533189900795172,0.9328453510301102,3.6313843067379166,0.2794394665209801
0.0035380808504639006,0.5354605587484407,0.9330814142654114,3.6297078663503264,0.2790258254671374
0.003299512210824692,0.5377588515686392,0.9329991249328956,3.6280265142471144,0.27861269141868034
0.0030601517040932382,0.540082234465748,0.9329205508328775,3.626340278397693,0.2782007154403042
0.002820056775642125,0.5424281691936276,0.9328390964121691,3.6246491920222534,0.2777898982318085
0.0025792850471017463,0.5447941271382786,0.9327537082103754,3.6229532873086736,0.27738017270923926
0.0023378943025311534,0.5471775922335917,0.9328222070382487,3.6212525943550307,0.27697128140144506
0.002095942474550348,0.5495760637070962,0.9331814925707262,3.619547134077177,0.27656277666315543
0.0018534876304366259,0.5519870586590101,0.9331177591280049,3.6178369225368012,0.2761546983119612
0.001610587958188756,0.5544081144785229,0.9330298451813483,3.6161219824088966,0.27574747092549756
0.0013673017525620767,0.5568367911018678,0.929222113996636,3.6144023594234684,0.2753446076250554
0.0011236874010781541,0.5592706731171695,0.9291163772956402,3.612678199791224,0.2749477936184245
0.000879803370011937,0.561707371721472,0.9290078356081907,3.610949568489632,0.27455215816427764
0.0006357081903601765,0.5641445265356411,0.9288966893870655,3.6092164982996193,0.2741577481950374
0.0003914604437942944,0.5665798072830812,0.9246778341599065,3.6074790403793537,0.2737681302067416
0.00014711874860103919,0.5690109153383617,0.9245580928997491,3.60573735315843,0.2733850643357919
-9.725825438562869e-05,0.5714355851519387,0.9249767262562472,3.6039914998382883,0.27300254235311083
-0.0003416119158580751,0.5738515855572399,0.9204852528636691,3.6022415122518363,0.2726242053149047
-0.0005858835921104373,0.5762567209663264,0.920362955636516,3.6004875499759246,0.27225280191084694
-0.0008300146591130149,0.5786488324603491,0.9201027401276922,3.598729684612351,0.271882661986304
-0.001073946526581595,0.5810257987808972,0.9198682120822899,3.5969679464237068,0.27151356479447036
-0.001317620652038884,0.5833855372282406,0.9196390771474939,3.595202364045409,0.2711455054483157
-0.0015609785548644877,0.5857260044723142,0.9194407273162313,3.59343296598959,0.2707784707641462
-0.0018039618303298587,0.588045197282149,0.9193614741287756,3.591659778919425,0.2704123705350219
-0.002046512163615277,0.5903411531792282,0.919280601972272,3.5898828301108527,0.2700472738166657
-0.002288571343805024,0.5926119510201028,0.9190702334892433,3.588102147343024,0.26968320881698077
-0.0025300812778578075,0.594855711513352,0.918859414997873,3.5863177568445503,0.2693198166645439
-0.002770984004548718,0.5970705976757742,0.9187884602827265,3.584529673699949,0.26895688766999987
-0.003011221708379766,0.5992548152324699,0.919243370327651,3.5827379202865424,0.26859457805890685
-0.0032507367334551744,0.6014066129652633,0.9191694316224602,3.5809425093721483,0.26823264474140374
-0.0034894715973186894,0.6035242830136562,0.9190914772995146,3.5791434665639867,0.26787199041876986
-0.0037273690047489164,0.6056061611323256,0.9189286393347197,3.5773408233540622,0.26751234234928634
-0.003964371861510057,0.607650626908917,0.914484190548105,3.575534622213706,0.2671571605459708
-0.004200423288054144,0.609656103945693,0.9144272263451547,3.5737250156878506,0.26680840416169105
-0.00443546663317188,0.6116210600083832,0.9141401034216725,3.5719120647070453,0.2664602727603677
-0.0046694454875887,0.6135440071453553,0.9137677450928089,3.570095780489319,0.26611214046299403
-0.004902303697502686,0.6154235017800535,0.9137122993947187,3.5682761698869343,0.2657641941569054
-0.005133985378061222,0.6172581447794561,0.9132535269064862,3.5664532485180183,0.26541674619875083
-0.005364434926773115,0.6190465815010991,0.9087498813207704,3.5646270519572036,0.26507370757781246
-0.0055935970368528294,0.6207875018210596,0.909216056616207,3.5627977310089824,0.26473668026720953
-0.0058214167104940154,0.6224796401451136,0.9046826579047623,3.5609653487611275,0.2644034612081214
-0.006047839272068558,0.6241217754051364,0.9001536266029023,3.5591300706645366,0.2640803077725536
-0.006272810381248542,0.6257127310426406,0.8956846054874837,3.5572921015148187,0.2637669262396494
-0.006496276046047682,0.627251374981224,0.8957127097516244,3.555451620154783,0.26345948766401794
-0.006718182635779092,0.6287366195895574,0.8913853122400957,3.5536086957849387,0.2631559310219894
-0.006938476893926446,0.6301674216364124,0.8872327009166567,3.5517634769278104,0.26286109627901044
-0.007157105950925219,0.6315427822391203,0.8878422942075891,3.5499161197363875,0.26257110925881255
-0.00737401733685122,0.6328617468067286,0.8879274718122697,3.548066657642677,0.26228112468215764
-0.0075891589940130615,0.6341234049790164,0.8884811486890938,3.5462151012818435,0.2619914078999569
-0.007802479289445692,0.6353268905624584,0.8885634157467881,3.544361455442957,0.2617018462978726
-0.008013927027302224,0.6364713814640913,0.884690905509927,3.5425057488498806,0.2614157358050454
-0.008223451461140542,0.6375560996241989,0.8810679660128394,3.540648106764566,0.26113683387402575
-0.008431002306102291,0.6385803109486015,0.8777308918340654,3.5387886713958485,0.2608645353513021
-0.00863652975098096,0.6395433252413282,0.8747148946470787,3.536927569655908,0.2605979686417328
-0.008839984470176379,0.6404444961382978,0.872046623675264,3.5350649104082126,0.2603362153015643
-0.009041317635532512,0.6412832210426574,0.8714788094923878,3.533200779199998,0.26007744711988035
-0.00924048092805616,0.6420589410622985,0.8693626379111755,3.5313352155297877,0.2598203676262791
-0.009437426549513113,0.6427711409500548,0.8688404721087567,3.52946826709585,0.259565303393165
-0.009632107233899588,0.6434193490470266,0.8673183173583404,3.5275999619060827,0.2593113074876303
-0.00982447625878587,0.644003137229419,0.8661607954105843,3.525730327733949,0.25905844783341
-0.010014487456529388,0.6445221208592523,0.8666580986003065,3.523859382051762,0.2588059128285768
-0.010202095225354754,0.6449759587392434,0.8671571320846889,3.521987124226439,0.25855291670144404
-0.010387254540298008,0.6453643530721357,0.8676577660754871,3.5201135499075455,0.2582997029522298
-0.010569920964012375,0.6456870494247187,0.86815995703778,3.518238656992763,0.25804618821772835
-0.010750050657432982,0.6459438366967164,0.8676850599527549,3.5163624439321612,0.25779272204417353
-0.010927600390298102,0.6461345470947347,0.8682249517152398,3.514484917051185,0.2575392937041496
-0.011102527551524088,0.6462590561113875,0.8688071953900978,3.512606075780301,0.25728566784569057
-0.011274790159431926,0.6463172825097228,0.8693462185336944,3.5107259186610995,0.2570317806028447
-0.011444346871822641,0.6463091883130165,0.8698880092623928,3.5088444435530475,0.25677773782087543
-0.011611156995899144,0.6462347787999898,0.8704298774726709,3.5069616491419446,0.25652339220953946
-0.011775180498032375,0.6460941025054752,0.8701941448322587,3.50507753005214,0.25626834462199316
-0.011936378013369182,0.645887251226525,0.8702198501653635,3.5031920632521194,0.25601154611313565
-0.012094710855279646,0.6456143600339334,0.8700207101303188,3.5013052160785283,0.25575347255277525
-0.012250141024641767,0.6452756072891147,0.8702846173113875,3.499416977006818,0.25549438433507665
-0.012402631218960963,0.6448712146662464,0.8712008015267815,3.497527314997917,0.25523382379817233
-0.012552144841322591,0.6444014471795791,0.8718649389633595,3.4956362193051524,0.254972875940402
-0.012698646009174959,0.6438666132157427,0.8725272817862352,3.4937436826788946,0.25471138004220023
-0.012842099562941049,0.6432670645709005,0.8720305995622488,3.491849700737011,0.2544499210235656
-0.012982471074456544,0.6426031964925247,0.8727264279112525,3.4899542831862203,0.25418863304399614
-0.013119726855232522,0.6418754477255569,0.8734211255745093,3.488057425566212,0.2539266684334714
-0.013253833964540374,0.6410843005626744,0.8741622420894921,3.4861591113284978,0.2536629180400686
-0.013384760217317717,0.6402302808983449,0.8739642511289383,3.484259292796106,0.25339706822887487
-0.013512474191892283,0.6393139582863033,0.8750113726352925,3.4823579513129306,0.2531297897922308
-0.01363694523752321,0.6383359460000504,0.8761136388107466,3.4804550299422217,0.25285862968405637
-0.013758143481757098,0.6372969010959147,0.8759551052997266,3.478550461530843,0.25258509668809553
-0.01387603983759705,0.636197524478173,0.8770748595176932,3.4766442248726803,0.25230996874487405
-0.013990606010483598,0.6350385609656711,0.8781658908765517,3.4747362614713513,0.25203106771874784
-0.014101814505085226,0.6338207993593155,0.8789824346958016,3.472826507647585,0.25174972088396885
-0.014209638631897024,0.6325450725097518,0.8800044428470425,3.4709149357803923,0.2514666174635012
-0.014314052513646145,0.6312122573844738,0.8809280006490265,3.469001494432369,0.2511803406596703
-0.014415031091502144,0.6298232751335261,0.8817486048673884,3.467086130626822,0.2508919143499538
-0.014512550131091147,0.6283790911528958,0.882580162483726,3.465168822609509,0.250602682409699
-0.01460658622831161,0.6268807151445812,0.8812750660711249,3.463249565668962,0.25031395397340417
-0.014697116814951748,0.6253292011722564,0.8800256773666894,3.461328397254706,0.2500274866583619
-0.014784120164105234,0.6237256477113324,0.8788314525783782,3.4594053653122585,0.24974312799564163
-0.014867575395385956,0.6220711976921146,0.8796900127856676,3.457480508461741,0.24945966914824388
-0.014947462479938951,0.6203670385346524,0.8780351325630696,3.4555538339090917,0.2491769305451875
-0.015023762245247435,0.6186144021737382,0.8764218791996261,3.4536253888951207,0.24889708883060518
-0.015096456379733994,0.616814565072399,0.8748512728066754,3.4516952335028304,0.24862001845064843
-0.015165527437155305,0.6149688482220759,0.8757268602577507,3.4497634186566257,0.24834422938981318
-0.015230958840789123,0.6130786171275557,0.8766179710824764,3.4478299449220224,0.248067608293509
-0.015292734887412632,0.6111452817745494,0.8748399086569203,3.445894807292464,0.24779176624732693
-0.015350840751071286,0.6091702965776632,0.8757337639780337,3.4439580481699137,0.2475174812712086
-0.015405262486636621,0.6071551603063379,0.8769824465058046,3.4420196699299046,0.24724240067077471
-0.015455987033153354,0.6051014159861372,0.8778652498178606,3.440079663465443,0.2469667713231063
-0.015503002216973845,0.603010650772615,0.8787452532438327,3.438138017868335,0.24669029456847005
-0.015546296754679624,0.600884495794757,0.8796220318670662,3.4361947197145857,0.2464130468610863
-0.01558586025578946,0.5987246259648276,0.8808339464025566,3.4342497575667634,0.2461351408573756
-0.01562168322525308,0.5965327597512179,0.8820001947809092,3.432303124803142,0.24585682297033662
-0.015653757065729697,0.5943106589107041,0.8828624820845102,3.430354816012245,0.24557798125881763
-0.01568207407965154,0.5920601281762756,0.8840691213038324,3.4284048164293957,0.24529743037222748
-0.015706627471071235,0.5897830148965076,0.884935862699909,3.4264530801936197,0.24501460357667712
-0.015727411347292716,0.5874812086222015,0.8860942063855173,3.4244995846521373,0.24473105690559413
-0.015744420720285424,0.5851566406357969,0.8869488778785697,3.4225443222084526,0.2444469879355302
-0.01575765150788148,0.5828112834188467,0.8878002471796351,3.4205872839733202,0.24416224856790208
-0.01576710053475546,0.580447150052618,0.8886477335202576,3.418628459222091,0.24387674053788533
-0.01577276553318612,0.5780662935466566,0.8894906596307484,3.4166678366164804,0.24359050653283318
-0.01577464514360119,0.5756708060899745,0.890327959775567,3.414705403660643,0.24330339603334364
-0.015772738914903096,0.5732628182192954,0.8911607544792702,3.4127411475191387,0.24301553377348012
-0.015767047304577595,0.5708444978986346,0.8923011039540317,3.4107750576881295,0.24272707473460187
-0.01575757167858384,0.5684180495043165,0.8932619839245372,3.408807124364816,0.24243733077890212
-0.015744314311026623,0.56598571270941,0.8940769638009733,3.4068373111716137,0.24214568804079628
-0.015727278383610484,0.5635497612614447,0.8947864891472359,3.4048655965699,0.24185278588695383
-0.015706467984876217,0.5611125016471914,0.8952419252683852,3.402891949790024,0.24155803067113607
-0.015681888109219673,0.558676271638269,0.8960223665790296,3.4009163434126215,0.24126209219619532
-0.015653544655692977,0.5562434387113396,0.894387572140115,3.3989387731123832,0.2409670231994754
-0.015621444426588959,0.553816398336708,0.8955487367243783,3.3969592814601595,0.24067354947762504
-0.01558559512580847,0.5513975721292703,0.8938815008573127,3.3949778823308163,0.240380917743848
-0.01554600535701168,0.5489894058559188,0.8940952786760777,3.392994617720744,0.24008969120066123
-0.015502684621553015,0.5465943672937866,0.8924375775014882,3.391009494143088,0.23979901601005932
-0.015455643316201008,0.5442149439339975,0.8931981690751222,3.389022551739166,0.2395098517103932
-0.015404892730643202,0.5418536405260599,0.893950491272941,3.3870337953620666,0.23922006792108594
-0.015350445044776518,0.5395129764584665,0.8946943959919366,3.3850432169969324,0.23892973205928458
-0.015292313325784151,0.5371954829717311,0.8954302807587023,3.383050809184174,0.23863880855253372
-0.01523051152499969,0.5349037002007309,0.8961358225204884,3.3810565629852833,0.238347253949813
-0.015165054474558598,0.5326401740440563,0.8968348717733797,3.3790604719837747,0.23805531669195934
-0.015095957883838749,0.5304074528589755,0.8979559409811089,3.3770625321878307,0.23776295909958509
-0.015023238335690331,0.528208083981629,0.898660056052871,3.375062739101515,0.23747018302920317
-0.014946913282455803,0.5260446100732207,0.8993553095395043,3.3730610843501574,0.2371766246657866
-0.014867001041781508,0.523919565294216,0.9000417687707469,3.37105755732075,0.23688246281351447
-0.01478352079222169,0.5218354713098958,0.9007193013282042,3.3690521503065964,0.2365877453176118
-0.014696492568635484,0.519794833132113,0.9013900666576505,3.367044856559387,0.2362925215098408
-0.014605937257378823,0.5178001348036162,0.902051624593348,3.3650356698610056,0.23599681227845068
-0.014511876591291726,0.5158538349329844,0.9027036008139079,3.3630245851870817,0.2357007106409126
-0.014414333144482485,0.5139583620899391,0.9033499254377773,3.36101159822349,0.2354041642145103
-0.014313330326910187,0.5121161100725733,0.9039834172340792,3.3589967041340008,0.2351072117669212
-0.014208892378766165,0.5103294330598853,0.9025089282233779,3.356979904364286,0.23481104321344998
-0.014101044364656671,0.5086006406648639,0.9031361326310143,3.354961237213717,0.2345163075200811
-0.013989812167587429,0.5069319929052203,0.9016849798272655,3.352940715884525,0.2342223119340648
-0.013875222482751724,0.5053256951107223,0.9023032495722321,3.3509183778074885,0.23392975635593183
-0.013757302811123969,0.5037838927878352,0.9029133540048316,3.3488942315595227,0.2336368415333778
-0.01363608145285924,0.5023086664641256,0.9014919794673959,3.346868279393725,0.23334474804865968
-0.013511587500501635,0.5009020265364452,0.9019023697167038,3.3448405590694925,0.23305409101405772
-0.013383850832002164,0.4995659081483716,0.9024988638548879,3.3428110805337954,0.2327631897407997
-0.013252902103548106,0.4983021661236642,0.9030873484321053,3.34077984146052,0.23247195093898335
-0.013118772742205667,0.4971125699835663,0.9036674513039411,3.338746837679993,0.23218032619048454
-0.01298149493837777,0.4959987990765935,0.9042380301187131,3.3367120662651817,0.23188838964558392
-0.012841101638078362,0.49496243785005395,0.902906292592201,3.3346755305632803,0.2315973308048647
-0.012697626535025557,0.49400497129278154,0.9034630747566431,3.3326372685671544,0.2313077603699024
-0.012551104062555439,0.49312778057855805,0.9021295370255145,3.330597296527624,0.23101899726878394
-0.012401569385358075,0.49233213893931577,0.9026740832755091,3.328555649421832,0.23073157300891628
-0.012249058391038114,0.49161920779651835,0.9032124061306457,3.3265123366046216,0.2304439563694124
-0.012093607681502212,0.4909900331780474,0.90374103249745,3.3244673588129516,0.23015622636731753
-0.011935254564174403,0.49044554244653527,0.9041644137645962,3.3224207158899017,0.2298682841365714
-0.011774037043042725,0.4899865413633289,0.9047561250090745,3.320372406904737,0.22958011525623412
-0.011609993809538413,0.4896137115102006,0.9052654908037392,3.318322430735556,0.2292917474111084
-0.011443164233250038,0.4893276080885568,0.9057683872835898,3.316270786931488,0.22900320205487576
-0.011273588352475066,0.4891286581132136,0.9045571640561006,3.314217479746568,0.2287153390249148
-0.011101306864610963,0.4890171590149299,0.9050426574867851,3.312162540104768,0.2284287303326683
-0.010926361116387763,0.48899327766276723,0.9055222027238156,3.310105979664626,0.22814207308525727
-0.010748793093945302,0.4890570498140581,0.9059935467747702,3.3080477988452937,0.22785523513138775
-0.01056864541275659,0.489208379996405,0.9064123084162298,3.3059879984853837,0.22756831812136555
-0.01038596130740041,0.4894470418226401,0.9067722057199579,3.303926579849084,0.22728127638242887
-0.010200784621185056,0.48977267873623176,0.9072229797240088,3.301863543563269,0.22699413724308173
-0.010013159795626407,0.49018480518117236,0.9076644987980022,3.2997988916269962,0.22670693129600594
-0.009823131859781944,0.4906828081870513,0.9081020568222021,3.297732626174672,0.22641969718564184
-0.009630746419444038,0.4912659493568015,0.9085318605433078,3.2956647496721345,0.2261324172276261
-0.009436049646194976,0.49193336724159,0.9089480773435932,3.293595264684947,0.2258451082381791
-0.00923908826632573,0.49268408008452896,0.909355487766056,3.2915241740422942,0.22555781117628815
-0.009039909549621925,0.4935169889123483,0.9097603975687591,3.2894514815886478,0.2252705441510127
-0.008838561298019628,0.4944308809519241,0.9101500830050764,3.287377191459754,0.2249833572525008
-0.008635091834132589,0.4954244333466468,0.9105395739579447,3.285301308895549,0.22469627157952204
-0.008429549989655527,0.49649621714600983,0.9109216545024933,3.283223837945451,0.22440918601655938
-0.00822198509364443,0.4976447015405605,0.9112958564772358,3.2811447822841644,0.22412215637767968
-0.008012446960677995,0.4988682583134559,0.9116624534189055,3.279064146913374,0.22383524802359758
-0.007800985878902347,0.500165166479318,0.9100418444713162,3.2769819427949622,0.22354960794651169
-0.0075876525979620205,0.5015336170808744,0.908077275049564,3.2748982243872287,0.2232673997815752
-0.00737249831682042,0.5029717181139586,0.906791179160549,3.2728130681433267,0.22298860799272752
-0.007155574671472228,0.5044774995518815,0.904467780328609,3.270726535853199,0.22271303975560353
-0.006936933722551051,0.5060489184408582,0.9047645498197581,3.2686387025462067,0.22244023081219536
-0.00671662794283511,0.5076838640391312,0.9050567650415556,3.2665495923631966,0.22216765751593764
-0.006494710204654028,0.5093801629735824,0.9053454704900059,3.2644592132323558,0.2218953882741998
-0.00627123376719977,0.5111355843890057,0.9056304009715456,3.2623675731008324,0.22162336633420693
-0.006046252263744502,0.5129478450667108,0.9059111217619226,3.26027468086778,0.22135171494997824
-0.0058198196887692,0.5148146144908045,0.9064576906827162,3.2581805441198024,0.2210801142468847
-0.005591990385004842,0.516733519842212,0.9067299890926892,3.2560851637492454,0.2208084858174218
-0.005362819030390807,0.5187021509023397,0.9069982153617007,3.2539885453485913,0.22053712958999722
-0.005132360624952041,0.5207180648501122,0.9072632187045665,3.2518906973904693,0.22026608160610298
-0.004900670477599667,0.5227787909380027,0.9075211535415096,3.2497916281926997,0.21999517934357907
-0.004667804192856854,0.5248818350344898,0.9077750567826459,3.247691335551999,0.21972393298503617
-0.004433817657514167,0.5270246840222391,0.9080293358121785,3.2455898220353023,0.21945289709074764
-0.0041987670272169006,0.5292048100430155,0.9082803206036144,3.24348709473586,0.2191821463733124
-0.003962708712988039,0.5314196745820771,0.9073157056202251,3.241383165032804,0.21891228937047416
-0.0037256993676898532,0.5336667323863666,0.9075519369641456,3.2392780618590034,0.2186435893294943
-0.003487795872427549,0.5359434352123713,0.9077901952399967,3.23717179898382,0.21837520188610818
-0.0032490553228980007,0.5382472354009015,0.9049134154153168,3.2350643952501743,0.21810911614111236
-0.003009535015687091,0.5405755892773756,0.9018471887566127,3.232955938582125,0.2178483568686704
-0.002769292434518779,0.5429259603773776,0.9009764414682947,3.230846530507165,0.2175913938768627
-0.0025283852364594074,0.5452958224983377,0.9012135954617932,3.22873621517476,0.21733543950091547
-0.0022868712380800346,0.5476826625791643,0.8979050349417529,3.226625017000515,0.21708203292784214
-0.0020448084015810115,0.5500839834105142,0.8989531103494305,3.2245130191272895,0.21683193200261078
-0.0018022548208811175,0.5524973061791303,0.8984176743343983,3.222400242178123,0.21658185280212505
-0.001559268707675443,0.5549201728503439,0.8986479458531562,3.22028669603761,0.21633230129216652
-0.0013159083774647517,0.5573501483933716,0.8951308988034505,3.2181724010513824,0.21608534195605333
-0.0010722322355601244,0.5597848228545046,0.8915663419489475,3.2160574565190014,0.21584439936166872
-0.0008282987630659266,0.5622218132836516,0.8918278203466163,3.213941971286655,0.21560706822766096
-0.0005841665028446347,0.564658765520004,0.89208619679302,3.211825973295195,0.2153699956968695
-0.00033989404546682576,0.567093355842775,0.893115179505809,3.2097094674852547,0.21513290153879797
-9.554001514969607e-05,0.5695232924931599,0.8895797764016783,3.2075924616223097,0.21489786461292398
0.00014883694431239673,0.5719463170737076,0.889848708388834,3.205475035343936,0.21466630194317488
0.0003931781836222626,0.5743602058313677,0.8908330375324665,3.2033572131896246,0.21443462972528263
0.0006374250620553471,0.5767627708304378,0.8909733911443471,3.2012389890947643,0.21420252819597504
0.0008815189615332473,0.5791518610215893,0.8873377381707798,3.1991203690075647,0.21397256249541713
0.0011254013006917714,0.5815253632130761,0.887607416019515,3.197001433894958,0.21374617020023495
0.0013690135489402536,0.5838812029500738,0.8882722181204268,3.1948822103403174,0.21351977855843152
0.001612297240508489,0.5862173453079851,0.8893067351456545,3.19276269104512,0.21329245695480156
0.001855193988478257,0.5885317956053593,0.8895584431825702,3.190642852116273,0.2130642584835363
0.0020976454987960366,0.5908226000418868,0.8898078890133301,3.1885226906914097,0.21283619892327826
0.0023395935842631514,0.5930878462667357,0.8900548917089528,3.1864022105191188,0.2126083338667585
0.002580980178500515,0.5953256638822881,0.8902995654506697,3.1842814168705034,0.21238073423135373
0.0028217473498841827,0.5975342248881098,0.892263289786499,3.1821603096194284,0.21215214872504212
0.0030618373154487804,0.5997117440697646,0.8924942030234978,3.1800388501039776,0.21192187284888422
0.0033011924547550007,0.6018564793368739,0.892722180973834,3.1779170304867765,0.21169180898122536
0.003539755323718413,0.6039667320145761,0.8935987203035586,3.1757948544763965,0.21146171278764828
0.00377746866839558,0.6060408470923349,0.893818451494161,3.17367231815045,0.2112314349073521
0.004014275438724859,0.6080772134338179,0.8964100520024394,3.1715494159311186,0.210999755307852
0.0042501188022180955,0.6100742639513489,0.8966146351294022,3.169426095729498,0.21076584244894242
0.004484942157600141,0.6120304757482405,0.8968171183825799,3.167302346833029,0.2105321843561999
0.004718689148392908,0.6139443702320839,0.8970169485167733,3.1651781754102184,0.21029874801017756
0.0049513036764406194,0.6158145132019067,0.8972148939296732,3.163053583423477,0.21006529576186184
0.005182729915373167,0.6176395149118948,0.8974102488234065,3.1609285752402543,0.20983213801366069
0.005412912324004076,0.6194180301142066,0.8976030537256569,3.158803154974746,0.20959910731614434
0.005641795659660171,0.6211487580832249,0.8982190686700768,3.156677327985141,0.20936617662271545
0.0058693249914396235,0.6228304426234379,0.8984055515405373,3.1545510920696778,0.2091331361425597
0.006095445713394982,0.6244618720629663,0.8946436671100949,3.15242446157765,0.2089025413288272
0.006320103557638378,0.6260418792346162,0.89484908344103,3.1502975198702132,0.20867554524839074
0.006543244607365625,0.6275693414462062,0.8950552886899309,3.148170294675264,0.20844877786152358
0.006764815309795881,0.629043180441748,0.8913443961579317,3.1460428017014186,0.2082243469852577
0.006984762489024153,0.6304623623549795,0.8915697555972195,3.1439151196318442,0.20800328841954632
0.007203033358783218,0.6318258976566012,0.891793067544631,3.1417872737357255,0.2077824204029579
0.0074195755351120765,0.6331328410964616,0.8926638310538272,3.1396592676874904,0.20756156784877264
0.0076343370489278485,0.6343822916418518,0.8928896627690758,3.1375310981099407,0.2073405518889115
0.007847266358498133,0.6355733924129368,0.8931061337961457,3.135402765770449,0.20711963351155435
0.008058312361810717,0.6367053306163108,0.893330220246842,3.1332742732424785,0.20689886236577404
0.008267424408837876,0.6377773374775244,0.893552806384289,3.1311456241973183,0.20667827049764245
0.00847455231369208,0.6387886881734056,0.8943331562720037,3.129016821876286,0.20645767873426865
0.00867964636667046,0.6397387017648835,0.8984552749457383,3.1268878517696677,0.2062347495913349
0.008882657346184757,0.6406267411309733,0.8948210220471647,3.124758649638677,0.20601075399748653
0.009083536530574391,0.6414522129045326,0.8950469212177198,3.1226292690717763,0.2057900057007333
0.009282235709799386,0.6422145674103001,0.9000639869439045,3.120499720148342,0.20556677129014245
0.009478707197010473,0.6429132986057209,0.8964545444192478,3.1183699262195335,0.20534181822545056
0.009672903839993861,0.6435479440249834,0.9017956644980577,3.1162399207988463,0.20511740260311412
0.009864779032487413,0.6441180847266404,0.907505632691467,3.1141096244264395,0.20488661840211916
0.010054286725365989,0.6446233452451814,0.9077038369736474,3.111978921636067,0.20465203836116613
0.010241381437692917,0.6450633935468308,0.9084612178827194,3.1098477912987907,0.20441754026304135
0.010426018267635371,0.6454379409898469,0.909050367145063,3.107716229732793,0.20418263703067316
0.010608152903240442,0.6457467422895556,0.9092394135365653,3.1055842309230197,0.20394758587660644
0.010787741633069886,0.6459895954882917,0.9094268943360432,3.10345179655104,0.20371260154135065
0.010964741356690576,0.6461663419304322,0.9100942664129565,3.1013189270551798,0.20347744515686308
0.011139109595018501,0.646276866242629,0.9107243286648574,3.0991856165388985,0.20324189914190083
0.011310804500513439,0.6463210963193682,0.9109024135287873,3.097051859226529,0.2030061530283575
0.01147978486722227,0.6462990033138968,0.911076659220067,3.09491765567935,0.20277048699451075
0.01164601014066809,0.6462106016345976,0.9075485750166936,3.092783018138388,0.20253681411207006
0.011809440427583194,0.6460559489467999,0.9081396041237652,3.0906480148455415,0.20230589629649154
0.011970036505483268,0.6458351461800358,0.9083225723504958,3.08851266092638,0.20207482738031557
0.012127759832080434,0.6455483375406982,0.9085024855136705,3.086376958403086,0.20184394150829987
0.012282572554533454,0.645195710530038,0.9086828495119795,3.0842409116402973,0.20161321056928191
0.012434437518532071,0.6447774959674095,0.9088606473571155,3.0821045240189844,0.20138260348508977
0.012583318277213868,0.6442939680186468,0.9052493241553341,3.079967807747469,0.2011540095066269
0.012729179099911486,0.6437454442294088,0.9054294658957601,3.07783083334854,0.20092845524396846
0.012871984980727568,0.643132285563328,0.9017312847256778,3.0756936329790814,0.20070497253428918
0.013011701646936269,0.6424548964447321,0.8979687057452265,3.0735562875260074,0.20048649789167775
0.013148295567208361,0.6417137248056954,0.898578370479679,3.071418887279549,0.20027092973758892
0.013281733959658606,0.6409092621371342,0.8987554492997133,3.0692814475926355,0.2000551750759597
0.01341198479971339,0.6400420435436168,0.8989268641205324,3.06714396952611,0.19983961453998672
0.01353901682779633,0.6391126478015057,0.8990958319436027,3.0650064567168713,0.19962418480338223
0.013662799556830484,0.6381216974200444,0.907257585484838,3.062868895958235,0.19940574852644719
0.013783303279554977,0.6370698587048971,0.9035238539159783,3.060731191152286,0.199184846932097
0.01390049907565486,0.6359578418236308,0.8997133673749378,3.058593396306904,0.1989691895573548
0.014014358818701689,0.6347864008725794,0.9076952184256398,3.056455591713612,0.19875388361512777
0.014124855182903554,0.6335563339444272,0.9140272265169006,3.05431768887535,0.1985319661540106
0.01423196164966356,0.6322684831958382,0.9140657229173524,3.0521795758160852,0.19830652697350826
0.014335652513943758,0.6309237349143374,0.9104523409290975,3.0500412432856177,0.1980833857927819
0.01443590289043446,0.6295230195836065,0.9067345146329996,3.04790277881404,0.1978656961789985
0.014532688719526591,0.6280673119462598,0.9029441156018543,3.0457642932686526,0.19765360285017736
0.01462598677308565,0.6265576310630772,0.899108829882991,3.043625900129555,0.19744726620598185
0.01471577466002673,0.6249950403675876,0.8995171008432449,3.041487702693258,0.19724430129526904
0.014802030831687941,0.6233806477147883,0.89952459872677,3.0393497203770794,0.19704129746108728
0.014884734587002074,0.621715605422667,0.8995298202535711,3.037211958139679,0.1968387295604925
0.014963866077464978,0.6200011103051065,0.8995325183227161,3.035074423875967,0.19663657332688375
0.015039406311898616,0.6182384036945957,0.8956633549192978,3.032937136792787,0.1964370822835992
0.015111337161009484,0.6164287714530678,0.8918097195699448,3.0308001945240655,0.19624363036494494
0.01517964136173899,0.6145735439690273,0.8918077599809708,3.02866370703851,0.1960541383332634
0.015244302521406858,0.6126740961390005,0.8918031231976496,3.0265277080546293,0.19586519936614072
0.015305305121645152,0.6107318473311663,0.8913710986615706,3.0243922062255786,0.19567666759686947
0.015362634522122656,0.6087482613288883,0.887634769690345,3.0222572187731145,0.19549070761290038
0.015416276964058397,0.6067248462516699,0.8839870540450184,3.0201228401641274,0.19531058197786266
0.01546621957352385,0.6046631544508996,0.8839972539224678,3.0179891743143132,0.1951341269563617
0.015512450364532523,0.6025647823775455,0.8840052211777508,3.0158562539384426,0.19495854830419238
0.015554958241916404,0.6004313704187837,0.884011742245918,3.0137240937303864,0.19478355937140013
0.015593733003989007,0.5982646027003218,0.8840174363549991,3.0115927025391676,0.19460909988876016
0.015628765344993547,0.5960662068509869,0.8844542348679185,3.009462088046942,0.19443488519933153
0.01566004685733637,0.5938379537259333,0.8847952860511955,3.0073322481609743,0.1942605388028235
0.01568757003360466,0.5915816570845904,0.8847961768160724,3.0052031808920208,0.19408637518535132
0.015711328268368234,0.589299173219262,0.8847972366085848,3.0030748932192877,0.193912771033612
0.015731315859764755,0.5869924005300731,0.8847971463964553,3.000947394775273,0.19373970740243715
0.015747528010868286,0.58466327904171,0.8850993762389395,2.998820693267258,0.19356691986373697
0.01575996083084037,0.582313789857196,0.885527237237419,2.99669478704396,0.19339396595557898
0.015768611335863852,0.5799459545437246,0.8855253509335917,2.9945696725518625,0.19322116022348076
0.015773477449859147,0.5775618344453498,0.8855228408586707,2.992445358776363,0.19304907217249925
0.01577455800498215,0.5751635299171272,0.8855197206528576,2.9903218570181256,0.192877581744281
0.015771852741904874,0.572753179475135,0.8821430367330084,2.988199187401073,0.1927086553987877
0.01576536230987748,0.5703329588565877,0.8821623073715512,2.9860774293635424,0.19254330696064803
0.015755088266572438,0.5679050799841311,0.882184364781318,2.983956612305312,0.19237848463650709
0.015741033077710916,0.5654717898282663,0.8816494375352992,2.9818367453528656,0.19221429241498944
0.015723200116470704,0.5630353691617457,0.8786727415716221,2.9797178490402603,0.1920524769480198
0.015701593662676944,0.5605981311997229,0.8787463081676461,2.9775999921955267,0.19189368905383677
0.015676218901774806,0.5581624201194083,0.8788295628391313,2.9754831975615708,0.1917352150681362
0.01564708192358509,0.5557306094529981,0.8789145362595432,2.9733674693478935,0.1915771047401332
0.01561418972084269,0.553305100347722,0.8790013790065107,2.9712528135958625,0.19141941437031523
0.015577550187518458,0.5508883196869736,0.8790908373228475,2.969139236138413,0.19126209649204517
0.015537172116924432,0.5484827180666975,0.879183058826817,2.9670267416914484,0.19110510761486965
0.015493065199603756,0.5460907676214476,0.8765991229462274,2.9649153424731103,0.19094998968571206
0.0154452400210049,0.5437149596949029,0.8765067843481331,2.96280509506051,0.1907972552858727
0.01539370805894109,0.5413578023500313,0.8769629315483599,2.9606960103225677,0.19064433236885858
0.01533848168083591,0.5390218177146183,0.8771304659557162,2.958588083289644,0.19049141604600503
0.01527957414075503,0.5367095391585133,0.8773016839430536,2.956481315192433,0.1903387515092985
0.015216999576225222,0.5344235082996182,0.8776429654132611,2.9543757077682753,0.19018615501374145
0.015150773004841682,0.5321662718365143,0.8779391561877841,2.952271256748649,0.1900333892453004
0.015080910320663611,0.5299403782065367,0.8781152324773474,2.9501679568199464,0.1898805669019277
0.015007428290399843,0.5277483740691354,0.8782949424841784,2.9480658089648846,0.18972805473572307
0.014930344549384992,0.5255928006155555,0.8763256377094314,2.945964821183588,0.18957683301598158
0.01484967759734673,0.5234761897071115,0.8766073463984329,2.9438650343698733,0.18942744169901124
0.014765446793966469,0.5214010598457204,0.8768354340639124,2.9417664579516623,0.18927807477570452
0.01467767235423269,0.5193699119818355,0.8770667460093051,2.9396690910783936,0.18912880767271167
0.0145863753435895,0.5173852251665212,0.8754225554153179,2.937572939044447,0.18898067414783154
0.014491577672881291,0.5154494520560433,0.8757025133191015,2.935478035716969,0.1888340955166251
0.014393302093093948,0.5135650142791227,0.8761828908158036,2.9333843895930514,0.18868747742172212
0.014291572189894916,0.5117342976787819,0.8764650489327919,2.931291995506447,0.1885407434059669
0.0141864123779726,0.5099596474425551,0.8769146527436387,2.9292008481578056,0.1883935522417912
0.014077847895177074,0.5082433631367073,0.8774337345530852,2.9271109261385324,0.1882451597247325
0.013965904796463145,0.5065876936619457,0.8777818603979721,2.925022204624649,0.18809596506124635
0.013850609947637111,0.5049948321499556,0.8769023921446919,2.922934676581605,0.18794710271906118
0.013731991018909234,0.5034669108218521,0.8771187910177465,2.920848352765061,0.1877987755917677
0.013610076478253018,0.5020059958313282,0.8764736215222387,2.91876323356792,0.1876505466327076
0.013484895584573024,0.5006140821168433,0.876798456140273,2.9166793226637746,0.18750256487693168
0.013356478380682876,0.4992930882886235,0.8772300473714254,2.9145966166613486,0.18735437414405587
0.01322485568609504,0.49804485157746575,0.8775078559391308,2.912515107678641,0.18720580837707332
0.013090059089624429,0.49687112287337265,0.8783398762841349,2.9104347826675534,0.18705630641403267
0.012952120941807106,0.495773561882808,0.8788066246203635,2.9083556128200834,0.18690568315894723
0.01281107434713644,0.494753732433895,0.8786358377788832,2.9062775829247696,0.18675450206679928
0.012666953156118092,0.4938130979590622,0.8788971009700888,2.9042006788560624,0.18660282871656161
0.012519791957146148,0.4929530171845599,0.8794012307456233,2.902124889908849,0.18645073957569033
0.012369626068201914,0.4921747400558234,0.8798978711555036,2.900050205731378,0.18629826788016937
0.012216491528377903,0.49147940392687883,0.8807513961587604,2.897976613014888,0.186144704863793
0.012060425089228615,0.490868030040861,0.8809842570881392,2.8959040778209317,0.1859897794773847
0.011901464205950295,0.49034152032723594,0.8815078961308522,2.893832584617143,0.1858344704992763
0.01173964702839193,0.4899006545395076,0.8820418841119433,2.89176212245465,0.185678676074941
0.011575012391899299,0.48954608775504904,0.8829371545700636,2.8896926761119004,0.18552171705639164
0.011407599807994936,0.489278348256261,0.8834817962811077,2.8876242062427897,0.18536283862088107
0.01123744945489537,0.48909783580954236,0.8836731801016794,2.8855566911981794,0.18520366177210335
0.011064602167868556,0.48900482035562337,0.8843940010466603,2.8834901194545903,0.18504347106565855
0.010889099429433696,0.48899944112164034,0.885167738618878,2.881424458025377,0.18488145132788303
0.010710983359405627,0.48908170616204255,0.8857619015672696,2.879359669665687,0.1847179938672844
0.010530296704786078,0.48925149233200954,0.8859200570021307,2.8772957351047177,0.1845540186215205
0.010347082829504828,0.48950854569359364,0.8865108799581651,2.8752326439372444,0.1843895605491753
0.010161385704012562,0.4898524823513257,0.8867320604310006,2.873170381512453,0.1842242953509531
0.009973249894727946,0.49028278971062356,0.8874930851770121,2.871108924183071,0.18405737004144418
0.009782720553342159,0.49079882814899833,0.888100987842137,2.869048227987645,0.1838885831318773
0.00958984340598255,0.49139983308690666,0.8877884409190573,2.866988271322793,0.1837194076653987
0.00939466474223864,0.4920849174421015,0.8883150794929595,2.864929050310718,0.18355015704823457
0.009197231404052797,0.49285307444860166,0.8889392171330852,2.8628705574851594,0.18338036784827275
0.008997590774478476,0.493703180818924,0.8895579600543195,2.860812778021861,0.18320988324848558
0.008795790766308514,0.4946340002260404,0.8896811465607244,2.8587556977592254,0.18303887595630908
0.008591879810576162,0.49564418707967645,0.8902955468358535,2.8566993073105555,0.1828674361414638
0.008385906844932007,0.49673229057004076,0.8897303240399139,2.8546435951487976,0.18269572741931883
0.008177921301899014,0.49789675895091307,0.8907221476007919,2.852588556780984,0.18252299891303325
0.007967973097009232,0.49913594403318584,0.8915975939234255,2.8505341404396574,0.18234699670092724
0.0077561126168240015,0.5004481058594816,0.8916621626694285,2.848480286689759,0.18216903613551833
0.007542390706841605,0.5018314175303212,0.8922590206154526,2.846426980741342,0.18199108510161022
0.007326858659294549,0.5032839701524969,0.8928490984208534,2.844374220555115,0.18181289751057272
0.007109568200839586,0.5048037778807726,0.8934308016352933,2.842321995656494,0.1816341154401116
0.006890571480143782,0.5063887830247706,0.893058381621138,2.8402702945823703,0.18145500728907946
0.006669921055368865,0.5080368611939262,0.8936654335991391,2.83821911291844,0.1812756372853086
0.0064476698815575904,0.5097458264545712,0.8941543124576403,2.836168440143505,0.18109578732345902
0.0062238712979248425,0.5115134364746181,0.8947410864460731,2.8341182675548366,0.1809156032431099
0.005998579015056403,0.5133373976328712,0.8953290523025117,2.832068591240345,0.18073532025170083
0.005771847102018741,0.5152153700716512,0.8952448309587081,2.830019402581377,0.18055458626130202
0.005543729973382606,0.5171449726731919,0.89582470936851,2.827970694897287,0.18037352958113695
0.005314282376163843,0.5191237879420896,0.8963976263926661,2.8259224568479016,0.18019187146338328
0.005083559376684442,0.521149366777936,0.8970533174930085,2.8238746723753,0.18000886801351412
0.0048516163473567514,0.5232192331241347,0.8975787464876462,2.821827300744608,0.17982406609030108
0.0046185089533944184,0.5253308884807463,0.898036882557986,2.8197803234853267,0.1796389472589867
0.00438429313945307,0.5274818162710031,0.8980841048142165,2.8177337366091937,0.17945375067696087
0.004149025116203712,0.529669486052892,0.8980935861508693,2.815687537420276,0.1792684411354208
0.003912761346842645,0.5318913575688914,0.8986170644189204,2.8136417225835273,0.17908290112813727
0.003675558533540389,0.5341448846285036,0.8990678103862383,2.8115962842236364,0.1788970407273864
0.003437473603833521,0.5364275188197684,0.8995801315966977,2.8095512175126363,0.178710943043686
0.003198563696962268,0.5387367130472834,0.9000718213543739,2.8075065141370614,0.17852441144228673
0.002958886150157547,0.5410699248955995,0.9005713733652901,2.805462164866543,0.17833743394026041
0.0027184984848800504,0.5434246198179642,0.9010486910284079,2.8034181596728422,0.1781499905693263
0.002477458393015546,0.5457982741515132,0.9015348591254696,2.8013744891721997,0.17796213353389564
0.002235823723029043,0.5481883779609015,0.9019978961057245,2.799331144402663,0.17777388894053062
0.001993652466081446,0.550592437713243,0.9024533453399204,2.797288117748532,0.17758528968714377
0.0017510027421119279,0.5530079787879293,0.9029011466629192,2.7952454007524166,0.1773962747987789
0.001507932785889523,0.5554325478255491,0.9029254080348367,2.7932029850106197,0.17720698023869916
0.0012645009330369064,0.5578637149206411,0.9029082999395168,2.791160864729675,0.17701714290316953
0.0010207656060302597,0.5602990756634677,0.9033339580584568,2.789119021623257,0.17682647186630132
0.0007767853001780882,0.5627362530363331,0.9029508331298629,2.787077445740168,0.1766355739330464
0.0005326185695826374,0.5651728991702676,0.9033901870316913,2.785036133960609,0.1764445523308542
0.0002883240130871994,0.5676066969680744,0.9038174156762566,2.78299508193184,0.17625333305097657
4.396026021267035e-05,0.5700353615998924,0.9042471233698731,2.780954282070216,0.17606146928748143
-0.00020041404291324576,0.5724566418775,0.903861442031001,2.778913720695911,0.1758691163804182
-0.0004447402476308242,0.5748683215136019,0.9042484724230956,2.7768733887933634,0.17567634895958917
-0.0006889597168237787,0.577268220272331,0.9036047407582871,2.774833282193223,0.17548383227479136
-0.0009330138389917684,0.5796541950171276,0.904004357221563,2.772793411377093,0.17529170663990576
-0.001176844042317013,0.5820241406620615,0.9044333592380052,2.770753775395638,0.17509938365326375
-0.001420391808721138,0.5843759910325333,0.9048231456636059,2.7687143702107297,0.1749068633808384
-0.00166359868790927,0.5867077196411568,0.9052063500804061,2.7666751910116054,0.1747141317166952
-0.00190640631139785,0.589017340384402,0.9047742490270126,2.764636233272762,0.17452122370968978
-0.0021487564065227572,0.5913029081654662,0.903828749641392,2.762597496939245,0.17432875027436676
-0.002390590810424493,0.5935625194485602,0.9042229310785853,2.7605589972334417,0.17413688402569227
-0.0026318514840070035,0.5957943127496307,0.9033401029340613,2.758520737475475,0.17394533395713796
-0.002872480525866665,0.5979964690683153,0.9037446700429315,2.7564827314886386,0.17375435998341668
-0.003112420186188557,0.600167212265687,0.903029128296183,2.754444980181853,0.1735634107503198
-0.0033516128806059206,0.6023048093921347,0.9018699994912299,2.752407492759559,0.17337333724758594
-0.003590001204020277,0.6044075709695043,0.9002859760109798,2.7503702908305816,0.17318478074489047
-0.0038275279443783124,0.6064738512313843,0.899765800094174,2.748333412516652,0.17299772331911284
-0.004064136096402536,0.6085020483252231,0.8991724012456622,2.7462968640966823,0.17281042844884953
-0.004299768875272199,0.6104906044797366,0.8996445792504068,2.744260640997223,0.1726229822240827
-0.004534369730251465,0.6124380061408562,0.89768488736752,2.742224746874795,0.17243686324823
-0.004767882358261288,0.6143427840792708,0.8979619729243773,2.7401892303253588,0.17225286144432253
-0.005000250717391807,0.6162035134724191,0.8965839524815776,2.73815410634065,0.17206943215892564
-0.00523141904035229,0.6180188139635957,0.8968717599514769,2.7361193986459287,0.1718871647341322
-0.0054613318478548365,0.6197873497006531,0.8971521508170827,2.734085115104907,0.17170498614121799
-0.005689933961929326,0.6215078293566263,0.8974295393668463,2.7320512585667522,0.1715230004355159
-0.005917170519165678,0.6231790061344178,0.8950758565581031,2.7300178385390073,0.17134282768907116
-0.006142986983880932,0.6247996777575414,0.8953316128019536,2.7279849185417286,0.17116548844428228
-0.006367329161207532,0.6263686864487749,0.8955830063414428,2.7259525193056353,0.17098837720346963
-0.0065901432100997975,0.6278849188984189,0.8942079205836572,2.723920648745435,0.17081226055743584
-0.006811375656255534,0.6293473062237529,0.8944770233133895,2.721889334156355,0.1706373204144858
-0.007030973404949666,0.6307548239211243,0.8918357360191905,2.7198585946973415,0.1704645750180427
-0.007248883753776591,0.6321064918120242,0.8920999002830083,2.7178285032569254,0.17029503059205583
-0.007465054405298591,0.6334013739843518,0.8923495090843848,2.715799082309542,0.1701256639543313
-0.007679433479596965,0.6346385787300257,0.8925956517985971,2.713770333962258,0.16995649192735288
-0.007891969526722952,0.6358172584799425,0.89285174958645,2.711742262027309,0.16978762859288088
-0.008102611539045472,0.6369366097372403,0.8899143286273378,2.7097148814009104,0.16962117971757526
-0.008311308963492659,0.6379958730097247,0.889267983854767,2.707688271717465,0.169458123695316
-0.008518011713684452,0.6389943327422319,0.8861731566556568,2.705662464180546,0.16929741671413248
-0.008722670181952998,0.6399313172496512,0.8854778571158557,2.7036375407431352,0.16914015584612815
-0.008925235251248349,0.6408061986512282,0.88470456829945,2.7016135171263276,0.16898255614816454
-0.009125658306926174,0.6416183928067689,0.8815299519819366,2.699590400398332,0.1688274011254373
-0.009323891248415239,0.6423673592552225,0.8782886255535786,2.697568287687544,0.1686784233890558
-0.009519886500761096,0.6430526011561521,0.8785799459850573,2.6955472879936084,0.16853319877498374
-0.009713597026044032,0.6436736652344961,0.875338285199195,2.693527438346107,0.16839050278364684
-0.009904976334667796,0.644230141729,0.8745613972063728,2.691508820521419,0.16825126502589638
-0.010093978496516982,0.6447216643446515,0.8748656320769025,2.689491451516934,0.16811183620573397
-0.010280558151980012,0.6451479102094114,0.8751671360798062,2.6874753256610218,0.16797227311865512
-0.010464670522835213,0.6455085998354965,0.8720105222941134,2.6854604522625687,0.16783510993201461
-0.010646271422997292,0.6458034970854265,0.8723174745458242,2.6834469098099087,0.16770137464236054
-0.010825317269121983,0.6460324091430393,0.8726215642551925,2.6814347188628416,0.1675677047675182
-0.011001765091065641,0.646195186489597,0.8695878343105907,2.6794238896943807,0.1674362935959427
-0.011175572542197965,0.6462917228851505,0.8704079965085442,2.6774144947886587,0.1673079737642571
-0.011346697909565074,0.6463219553552145,0.8675447858317543,2.6754065578909727,0.16718137333418048
-0.011515100123900154,0.6462858641828505,0.8678587997061459,2.6734001415625777,0.16705767495274673
-0.011680738769480163,0.6461834729061801,0.8681706927916643,2.6713952644203935,0.166934176923561
-0.011843574093825257,0.6460148483213546,0.865555553138326,2.6693919353259283,0.16681242901708643
-0.012003567017239227,0.6457801004909497,0.8658817932301115,2.6673902093915687,0.16669318994406473
-0.01216067914218847,0.6454793827577583,0.8635509160084898,2.665390107881208,0.16657532137504247
-0.012314872762517134,0.6451128917639053,0.8644263393454333,2.6633916737309424,0.16645937145567413
-0.012466110872496508,0.6446808674751852,0.8652665537638882,2.6613949131395187,0.1663431498191004
-0.0126143571757062,0.6441835932105016,0.8632429180692051,2.6593998234801712,0.16622784127300122
-0.012759576093745027,0.643621395676244,0.8636028210813625,2.657406436703926,0.16611408304507486
-0.012901732774769739,0.6429946450054174,0.861450876691315,2.6554147647595685,0.16600138948398785
-0.013040793101859287,0.6423037548013011,0.8593028666766455,2.6534248495774277,0.16589157736234791
-0.013176723701202635,0.6415491821853821,0.8596824182606254,2.6514367378104975,0.16578336288188894
-0.013309491950108528,0.6407314278492577,0.8582484919213739,2.649450438586578,0.16567564580982425
-0.013439065984834422,0.6398510361101847,0.8586706408147413,2.6474659657332604,0.1655686576547749
-0.013565414708234056,0.6389085949698801,0.8592116181245425,2.6454833191461447,0.16546155481926503
-0.013688507797220303,0.6379047361761628,0.8596337386947043,2.643502492393111,0.16535429409184238
-0.013808315710042637,0.636840135286952,0.8574954581223028,2.641523484659952,0.16524807261384217
-0.01392480969337713,0.6357155117360853,0.8553660649377178,2.6395463363452163,0.1651445892017714
-0.014037961789226935,0.6345316289003954,0.8557877244891863,2.637571092644974,0.16504273655900958
-0.014147744841632205,0.6332892941673621,0.8550961574931776,2.6355977593099884,0.16494076154240492
-0.01425413250318737,0.6319893590026509,0.855525568469435,2.633626330049163,0.164838666880207
-0.014357099241364281,0.6306327190167293,0.8559580627150997,2.6316567982951478,0.16473640730307357
-0.01445662034464016,0.6292203140297163,0.8538126622641118,2.629689165392367,0.16463546129002937
-0.0145526719284278,0.6277531281334973,0.8516830176760135,2.6277234740647972,0.1645371518546553
-0.01464523094080821,0.626232189750067,0.8496169595931478,2.6257597718848764,0.16444141213905566
-0.014734275168062758,0.6246585716849874,0.8507048155226326,2.6237980996838077,0.1643470954933635
-0.014819783240004273,0.6230333911746953,0.8511241485002622,2.621838461100254,0.164252655660003
-0.014901734635106016,0.6213578099263317,0.852171446383737,2.6198808496966306,0.1641580547137309
-0.01498010968542649,0.6196330341486311,0.8532235665811152,2.6179252571877187,0.16406324142074988
-0.015054889581329826,0.617860314572268,0.8525666412884244,2.6159716757580873,0.1639681744171083
-0.015126056376000011,0.616040946457961,0.8523470143814194,2.614020092112279,0.16387228253269423
-0.015193592989747913,0.6141762695904605,0.852876776637205,2.612070478842637,0.16377535637897375
-0.015257483214110416,0.6122676682564175,0.8534103040080149,2.610122820536461,0.16367802221277192
-0.015317711715740394,0.6103165712039736,0.853695079094298,2.6081771004288106,0.1635793887227608
-0.015374264040086495,0.6083244515817379,0.8543339748529979,2.6062332688929772,0.16347773341551278
-0.015427126614862435,0.6062928268546421,0.8538328235934165,2.6042912615404417,0.1633739412706657
-0.01547628675330393,0.6042232586940154,0.8545022301082247,2.602351058065425,0.1632697386052609
-0.015521732657213797,0.6021173528389748,0.8556945968891554,2.600412640529684,0.16316480017291426
-0.015563453419793202,0.5999767589260914,0.8563604430871855,2.598475995706421,0.1630594119428383
-0.015601439028259431,0.5978031702840398,0.8575218467770831,2.5965411085339567,0.16295351185412055
-0.01563568036624877,0.5955983236897697,0.858641309820324,2.5946079688649335,0.162847359233188
-0.01566616921600446,0.593363999082481,0.8596857832526783,2.592676560169944,0.16273927822596115
-0.015692898260348944,0.59110201923151,0.8576238569241083,2.5907468186409566,0.16262936283397084
-0.015715861084439803,0.588814249353971,0.8587385790035309,2.5888187466656616,0.16251904782665413
-0.015735052177309607,0.5865025966778009,0.8594675070922728,2.586892284161177,0.1624056168848858
-0.01575046693318812,0.5841690099456159,0.8607461665864248,2.584967387914823,0.16228972728186908
-0.015762101652607885,0.5818154788545685,0.8620838076195695,2.583043973041845,0.16216892318982087
-0.015769953543292196,0.5794440334271813,0.8634072352088398,2.581121938319634,0.1620431941732117
-0.015774020720824882,0.5770567433079119,0.8612815515443613,2.579201196273121,0.1619154418055911
-0.015774302209102902,0.5746557169800189,0.8620698553234719,2.5772817592616084,0.16178895377100946
-0.015770797940570385,0.5722431008970854,0.8601143490333903,2.5753636275528824,0.1616628780381633
-0.015763508756235067,0.5698210785234058,0.858233322953864,2.573446832849067,0.16153915699640284
-0.015752436405466082,0.5673918692772908,0.8588867970594858,2.5715314140582652,0.16141670716157222
-0.01573758354557444,0.5649577273712055,0.8602403263161481,2.5696173725007396,0.161293940243777
-0.015718953741175382,0.5625209405425681,0.8609970758138703,2.5677046982441647,0.16117066706452463
-0.015696551463332452,0.5600838286689899,0.8617530078488344,2.565793374484916,0.16104658072003014
-0.0156703820884847,0.5576487422617018,0.862508313607191,2.5638833811725505,0.16092158260194528
-0.015640451897156623,0.555218060830941,0.8632625539731454,2.561974698866768,0.160795830431224
-0.01560676807245035,0.552794191117181,0.8645951756879622,2.560067309742449,0.16066933149735507
-0.015569338698322265,0.5503795651821852,0.8655941223218478,2.558161191583048,0.1605409121705682
-0.015528172757642312,0.547976638354119,0.8664633400790512,2.556256277372442,0.1604087296917831
-0.015483280130038794,0.5455878870212032,0.8647196201061176,2.5543525057269614,0.16027544575525518
-0.015434671589526763,0.5432158062687639,0.8653374166878997,2.5524498875686055,0.16014242710566795
-0.015382358801922706,0.540862907354987,0.8657653041871484,2.550548386664243,0.16000687104390698
-0.015326354322044393,0.5385317150212149,0.8664938124975483,2.5486479579281576,0.15986979995843315
-0.015266671590698305,0.5362247646332567,0.8679305116671729,2.546748583432301,0.159732300801355
-0.01520332493145337,0.5339445991509411,0.8693227998192739,2.5448502514503177,0.1595942812758151
-0.015136329547203845,0.5316937659239627,0.8700478084572985,2.542952949269567,0.15945568357697137
-0.015065701516520221,0.5294748133130566,0.8707675969662195,2.541056662001839,0.15931639431240047
-0.014991457789790955,0.5272902871365739,0.8709368290338472,2.5391613711127943,0.15917606311573856
-0.01491361618515397,0.5251427269437543,0.8716361912907032,2.5372670518485223,0.15903472538224758
-0.014832195384220835,0.5230346621172348,0.8704542784964314,2.535373692225739,0.1588937231532487
-0.014747214927592879,0.5209686078087895,0.8711403135256752,2.533481310384249,0.15875346674701685
-0.014658695210171753,0.5189470607137507,0.8718200398596349,2.5315899003347417,0.15861252038213997
-0.014566657476264759,0.5169724946911969,0.8724950375352469,2.5296994470508283,0.158470969009884
-0.014471123814486266,0.5150473562386528,0.8731608102631094,2.5278099374586125,0.15832890827099577
-0.014372117152456442,0.5131740598318195,0.8738206734543892,2.5259213590343603,0.15818626135965796
-0.014269661251299005,0.5113549831416503,0.874473292656163,2.5240336982784326,0.15804304871005015
-0.014163780699938395,0.5095924621429342,0.8751185958500773,2.5221469413161035,0.15789920935530272
-0.014054500909198667,0.5078887861304249,0.8757562453422632,2.5202647675871064,0.15812418804529688
-0.01394184810570506,0.5062461926603964,0.8763865594817783,2.5183908283512606,0.15834706292746534
-0.013825849325589659,0.5046668624373226,0.8770093833091517,2.516525065583603,0.15856787156012253
-0.013706532408002839,0.5031529141671492,0.8776215982869991,2.514667421949074,0.15878663729570072
-0.01358392598843212,0.5017063994002734,0.8769775649650838,2.512817829229384,0.1590011649440576
-0.013458059491829688,0.5003292973888882,0.8775514602548009,2.5109761543336204,0.1592103911993741
-0.013328963125550456,0.4990235099847449,0.8789581857521526,2.5091423202153686,0.15941771230852744
-0.013196667872102772,0.497790856604552,0.8779186486448736,2.5073162654646928,0.15962143738292153
-0.013061205481712315,0.49663306929122714,0.8784363956316452,2.5054978737158233,0.15982046989182547
-0.012922608464702556,0.4955517878999299,0.8789450500391843,2.5036870722826987,0.1600175440427539
-0.012780910083692313,0.49454855543825077,0.8787160821908996,2.5018837780448098,0.160206773162921
-0.012636144345612811,0.49362481359008276,0.8800894420062013,2.5000877283360765,0.1603850970663211
-0.012488345993546285,0.4927818984525247,0.8784962753915376,2.498298803686892,0.16056004185921924
-0.01233755049838783,0.4920210365146604,0.878959830926673,2.496516900671855,0.16073092388878493
-0.01218379405033242,0.49134334090619863,0.8769898790004269,2.494741948302568,0.16089886380224291
-0.012027113550189457,0.4907498079427608,0.8747138290028105,2.4929738520863287,0.16106233366463743
-0.011867546600526984,0.4902413139930598,0.8721741393129299,2.4912125146687356,0.16122193237812593
-0.011705131496646905,0.4898186126913092,0.8724892657916197,2.4894578545318313,0.16137887697860873
-0.011539907217394521,0.48948233251603107,0.8697059817102478,2.487709818996006,0.16153387447901443
-0.011371913415803785,0.4892329747539012,0.8699835844625181,2.485968350631251,0.16168690004657327
-0.01120119040958065,0.4890709118645218,0.8670187880536743,2.4842334034891214,0.16183814604844018
-0.01102777917142712,0.4889963862590123,0.8676616543132689,2.4825049227048175,0.16198736636246377
-0.010851721319207901,0.48900950950212024,0.8679062250492265,2.480782862794419,0.1621352491761971
-0.010673059105962506,0.48911026194422463,0.8681777692365518,2.4790671863001994,0.16228192208003886
-0.010491835409764408,0.4892984927861886,0.868878638160179,2.4773578552282745,0.1624272057393173
-0.010308093723430868,0.48957392057653126,0.8691415689489776,2.475654826323541,0.16257098415162483
-0.010121878144084535,0.4899361341369442,0.869398693996942,2.4739580608586897,0.16271357405871373
-0.009933233362570612,0.49038459390876626,0.8696502213857988,2.4722675222982544,0.1628549499307607
-0.009742204652731132,0.49091863370974426,0.8665062167848714,2.470583172475282,0.1629948185447624
-0.009548837860539505,0.49153746288726236,0.8667399944370682,2.4689049651839583,0.16313310797299796
-0.009353179393097646,0.4922401688513178,0.8635427959821015,2.4672328619290695,0.1632700675438102
-0.009155276207498548,0.4930257199677938,0.8637680376519855,2.4655668201332785,0.16340555140427063
-0.00895517579955673,0.4938929687902021,0.8605836460366486,2.463906801515025,0.16353968868545005
-0.008752926192409636,0.49484065560593565,0.8617761840248245,2.4622527645276335,0.16367234180615126
-0.008548575924992122,0.4958674122712978,0.8586655157941717,2.4606046679006885,0.16380346556806696
-0.008342174040387462,0.496971766308122,0.8556751496800139,2.4589624676865167,0.16393293569201725
-0.00813377007405721,0.498152145233709,0.8559413987114559,2.4573261198613476,0.16406100094305306
-0.007923414041952851,0.49940688109503995,0.8561985564199526,2.4556955901758153,0.1641880473506762
-0.00771115642851239,0.5007342151778392,0.8579154084469923,2.454070809422263,0.16430665391202182
-0.007497048174544151,0.5021323028609709,0.8597543440562684,2.452451442629585,0.1644049349028077
-0.007281140665001326,0.5035992185868905,0.8603708155044115,2.4508371156890107,0.1644910384548139
-0.0070634857166498545,0.5051329609194138,0.8632500967685738,2.4492276841117295,0.164568371061347
-0.006844135565632454,0.506731457660865,0.8634604449636403,2.4476228529577835,0.16463347605535386
-0.006623142854932545,0.5083925710017031,0.8636693030970848,2.4460225214673432,0.1646978203159914
-0.006400560621739857,0.5101141026769794,0.8638758858943857,2.4444266652672364,0.1647613805717777
-0.006176442284721903,0.5118937991054171,0.8650239986414188,2.4428352513516196,0.16482302411263872
-0.0059508416312037595,0.5137293564884718,0.8656215993453296,2.4412482308605954,0.16488307494070603
-0.005723812804259353,0.515618425848434,0.8658144592574083,2.439665569271512,0.16494208777751465
-0.005495410289717386,0.5175586179864111,0.8659950785291087,2.438087243058821,0.16500048550240215
-0.005265688903084926,0.5195475083428538,0.8661736383453765,2.4365132301652874,0.16505820018293643
-0.005034703776392121,0.5215826417451621,0.86635043736853,2.4349435082402042,0.16511519079023215
-0.004802510344960552,0.5236615370287534,0.867399547319619,2.433378055013902,0.16517156836727295
-0.004569164334099222,0.5257816915198191,0.8683954305347918,2.431816847226939,0.16522691656397645
-0.0043347217457306,0.5279405853698069,0.8650684739562554,2.430259852984412,0.16528144813812487
-0.004099238844950566,0.530135685733356,0.8681119134394126,2.4287070254378147,0.16532891515825934
-0.0038627721465249103,0.5323644507831407,0.8647253749519417,2.4271581062658614,0.16536594565819265
-0.0036253784013261974,0.5346243335565757,0.8649349105233193,2.4256130283266426,0.1654032834160223
-0.0033871145827136916,0.5369127856308703,0.865925166699427,2.4240717752894994,0.1654396949153893
-0.003148037872860199,0.5392272606242482,0.8661592067012542,2.4225343178573344,0.1654750905410001
-0.0029082056490284556,0.5415652175224408,0.8663660635963977,2.4210006330305096,0.16550985801046456
-0.00266767546980092,0.5439241238306782,0.867290525362218,2.4194706999747013,0.165543767886411
-0.002426505061266079,0.5463014585524703,0.8674946054646746,2.4179444896261093,0.16557665446410438
-0.002184752303164193,0.5486947149973721,0.8718714893420247,2.4164219432040976,0.16560177101396875
-0.0019424752149969013,0.551101403420749,0.8724330076417374,2.4149027941704766,0.16561564532133013
-0.0016997319421022767,0.553519053499267,0.8692878504099785,2.4133869529227674,0.16562954611295297
-0.00145658074170063,0.5559452166464361,0.8698693908712198,2.4118744277976836,0.1656439178578207
-0.001213079968912904,0.5583774681730598,0.8707794938039604,2.4103652008644505,0.16565715117819474
-0.0009692880627556867,0.5608134092978277,0.8764267899550855,2.40885920898994,0.16566274958155125
-0.0007252635321162282,0.5632506690136759,0.8766433058125526,2.4073562012449625,0.16565795451831802
-0.0004810649417105123,0.5656869058157594,0.8771886441644411,2.4058560945970866,0.16565245559724465
-0.00023675089802803823,0.5681198092970717,0.8774039593496085,2.4043588669227436,0.16564623031956321
7.619964733464269e-06,0.5705471016179012,0.8744633165886713,2.4028645092917924,0.16564080432351277
0.0002519889987399543,0.5729665388553292,0.8747319516441958,2.401373043083708,0.165636234226092
0.0004962975565963008,0.5753759122390476,0.8750037790251465,2.3998844592871102,0.1656310479064431
0.000740487005421344,0.5777730492796878,0.8722919169516666,2.3983987434626513,0.16562600097331723
0.0009844987409195333,0.5801558147958156,0.8726150101627077,2.3969159061904715,0.16562165108870977
0.0012282742014456153,0.5825221118456397,0.8790662985485843,2.395435908951539,0.16561091631801375
0.0014717548820592605,0.5848698825693361,0.8793575503274176,2.393958536859704,0.16559123630724748
0.0017148823485658743,0.587197108947736,0.8796514007605881,2.3924837179169374,0.16557100902208738
0.0019575982515405437,0.589501813482965,0.8772064306622549,2.391011440488621,0.1655511126332612
0.002199844340331647,0.5917820598064027,0.8780470795194392,2.3895417182120724,0.16553179049583075
0.0024415624770407025,0.5940359532191435,0.8783198740294904,2.388074537372229,0.1655116850411584
0.002682694650475188,0.5962616411699289,0.8786557057658864,2.386609881845918,0.16549109794339836
0.0029231829900709765,0.5984573136752803,0.8789929558691205,2.385147734577893,0.1654698275084362
0.0031629697797809146,0.6006212036863703,0.8793312869549292,2.383688077478862,0.16544793089256896
0.003401997471926543,0.6027515874069128,0.8771420177001714,2.3822308973749444,0.16542626478988498
0.003640208701009097,0.6048467845661504,0.8779362547270535,2.3807762057483886,0.16540509709009088
0.0038775462974770547,0.6069051586507893,0.8782345210647176,2.3793239883483888,0.16538308528269105
0.004113953301446555,0.6089251170995074,0.8786043008784652,2.3778742267100466,0.16536044932057878
0.0043493729763714245,0.6109051114634537,0.8855172699771198,2.3764268805259188,0.16533285915117296
0.0045837488226597375,0.6128436375359612,0.8858467443431,2.374981786049409,0.1652984490509734
0.004817024591233441,0.6147392354544617,0.8861765790050249,2.3735388817380834,0.16526299692149796
0.005049144297027851,0.6165904897774278,0.8864357584926192,2.372098146655119,0.16522713714290496
0.005280052232427796,0.6183960295389759,0.8844638570281552,2.370659576284656,0.16519204090102257
0.0055096929806371766,0.6201545282835672,0.8913623845427178,2.369223178613682,0.1651548883819533
0.005738011428978751,0.6218647040830897,0.8916622186602736,2.3677888451471523,0.16511285780664198
0.005964952782120874,0.6235253195384409,0.8922583434578305,2.3663565324232403,0.16507023426193201
0.0061904625752281575,0.6251351817675735,0.8925559562240778,2.3649262223498506,0.1650269357588506
0.0064144866870327584,0.6266931423818116,0.8928513814483845,2.3634979008978445,0.16498328969109124
0.006636971352823206,0.6281980974521308,0.8931462219097643,2.362071560367256,0.1649395130657393
0.006857863177347655,0.6296489874669373,0.8912513031700166,2.3606471981758634,0.16489671833540587
0.007077109147628544,0.6310447972827855,0.8893310541773969,2.3592248569756187,0.16485697212969122
0.007294656645685485,0.6323845560693301,0.8897922858825058,2.357804588074465,0.16481895182947734
0.007510453461163145,0.6336673372497413,0.8878623540734113,2.356386399803684,0.16478196194105194
0.007724447803861697,0.6348922584376658,0.8859393037898899,2.3549703401700426,0.16474839459191024
0.007936588316166114,0.6360584813717524,0.8864669028828615,2.353556465530798,0.16471669011111023
0.008146824085371774,0.6371652118486735,0.8845693752565045,2.3521447857155056,0.16468611865034138
0.008355104655903218,0.6382116996554712,0.8827179702641685,2.3507353519958043,0.16465921467996125
0.008561380041423311,0.6391972385020064,0.8830212660838243,2.3493282269875544,0.16463457541368406
0.008765600736829691,0.6401211659541954,0.8833171351243728,2.347923420536481,0.16460987480636546
0.008967717730135771,0.6409828633686758,0.8815415829588121,2.346520934352909,0.1645866145038255
0.009167682514233336,0.6417817558294612,0.8798580007107561,2.345120822246048,0.16456700009086367
0.00936544709853406,0.6425173120871029,0.8804952111589329,2.3437231409419677,0.1645488802385856
0.00956096402048708,0.643189044500818,0.8808119107517379,2.342327876991351,0.16452974102467394
0.009754186356969584,0.643796508984001,0.8792871272241511,2.340935024349426,0.16451190770660953
0.009945067735548358,0.6443393049534653,0.879620241410698,2.339544626573883,0.1644962070820434
0.010133562345608813,0.6448170752827703,0.8801808240964684,2.3381566875488646,0.16447952942341584
0.010319624949349302,0.6452295062598888,0.8806179849028045,2.336771171045795,0.16446147047718246
0.010503210892638072,0.6455763275494807,0.8809629690967917,2.335388059106545,0.1644431352554632
0.010684276115730045,0.6458573121599714,0.8796244193695559,2.3340073481147607,0.16442595935914725
0.010862777163840778,0.6460722764156304,0.8799634458546693,2.332629082827249,0.16441105886533525
0.01103867119757556,0.6462210799337813,0.8806457824284544,2.331253268628633,0.1643953162599593
0.011211916003210629,0.6463036256072745,0.8794024580584249,2.3298798813374084,0.1643799164249831
0.01138247000282426,0.6463198595923061,0.8797316263743801,2.328508960293022,0.1643668122180912
0.011550292264275208,0.6462697713016361,0.8800558899970845,2.3271405178736067,0.1643538064464306
0.011715342511026332,0.6461533934032613,0.880375193192807,2.325774549384323,0.16434078369752472
0.011877581131810668,0.6459708018245258,0.8808201136769943,2.324411050047666,0.16432768963779662
0.012036969190138015,0.6457221157616657,0.8814548200419748,2.3230500071796922,0.1643137239639563
0.012193468433639427,0.6454074976947244,0.8817669847189371,2.3216913921914935,0.16429884191989447
0.012347041303247751,0.6450271534077867,0.8820726169176688,2.3203351948776407,0.16428403991559715
0.012497650942211436,0.6445813320143996,0.8807982882697329,2.318981421813807,0.1642711369664057
0.012645261204940089,0.6440703259880681,0.8814434561601848,2.317630130211493,0.16426054497618325
0.012789836665679196,0.6434944711976547,0.8801769369393361,2.3162813285576695,0.16425136389592718
0.012931342627012182,0.6428541469474826,0.8804399299640976,2.314935080353841,0.16424541780629706
0.0130697451281876,0.6421497760219224,0.8810523377239168,2.313591403501698,0.16423928525348036
0.013205010953269489,0.6413818247341841,0.8815298322543923,2.3122502831828515,0.16423278114293866
0.013337107639109183,0.6405508029790229,0.8817878398633563,2.310911714548941,0.16422650977366907
0.01346600348313612,0.6396572642890059,0.8820265878311044,2.3095756972849957,0.16422041998363818
0.013591667550966488,0.6387018058939524,0.8822731383582313,2.3082422292513427,0.16421454531084764
0.013714069683827209,0.6376850687831092,0.8810224191122186,2.3069113224141002,0.1642111245776402
0.013833180505793977,0.6366077377695817,0.8814175765237141,2.305583050537575,0.16421102339483074
0.01394897143084125,0.635470541556473,0.8801745718058436,2.304257442249145,0.16421323681820005
0.01406141466970282,0.634274252804131,0.880418712538513,2.3029345738606413,0.1642191102206538
0.01417048323654114,0.6330196881978395,0.8792338424296396,2.301614482172764,0.16422768096198614
0.014276150955423714,0.6317077085152365,0.8796610064252015,2.3002972461562523,0.1642397780617157
0.014378392466605222,0.6303392186926262,0.8799369101233869,2.2989828850150444,0.16425210546160435
0.014477183232613782,0.6289151678893369,0.8788775697299057,2.297671415402941,0.1642674501338377
0.01457249954413978,0.6274365495491231,0.8791946715192218,2.296362920349053,0.16428643742898563
0.014664318525725892,0.6259044014575864,0.879514966941733,2.295057423247392,0.16430583834233492
0.0147526181412574,0.6243198057944294,0.8798151875104046,2.293754926247474,0.16432566291153575
0.014837377199250382,0.6226838891793095,0.880142086604436,2.29245543256481,0.16434596075092364
0.014918575357937792,0.6209978227099043,0.8809920096398184,2.2911589427477,0.16436624824242096
0.014996193130151296,0.6192628219907105,0.8813487778733214,2.2898654443703164,0.1643862888155607
0.015070211887998168,0.6174801471509563,0.8817086394865283,2.288574933920252,0.16440664607762404
0.0151406138673318,0.6156511028498858,0.8820723264224871,2.287287412066111,0.1644272967115186
0.015207382172015105,0.6137770382675151,0.8824392914482091,2.2860028759431508,0.164448046761281
0.015270500777975496,0.6118593470788303,0.8828095595890337,2.2847213232936907,0.164469022222911
0.015329954537050503,0.6098994674092261,0.8831836973992448,2.2834427531252315,0.1644903005365902
0.015385729180623328,0.6078988817688137,0.8835612194064898,2.2821671652277904,0.16451181729455816
0.015437811323047217,0.6058591169630719,0.8839418646029517,2.280894558455806,0.1645336056230909
0.015486188464858025,0.6037817439771024,0.8834560970498969,2.2796249402960047,0.1645573562586114
0.015530848995773963,0.6016683778305976,0.8844692871343243,2.2783583716489386,0.16458383393799758
0.015571782197481928,0.5995206774003847,0.8849136005549095,2.277094857191844,0.164609931573717
0.015608978246210095,0.5973403452072616,0.8853570122202413,2.275834389637245,0.16463611790885835
0.015642428215085227,0.5951291271635665,0.885859420339168,2.2745769636354276,0.16466225502654486
0.01567212407627537,0.5928888122777661,0.8862879014216851,2.273322570643402,0.16468825063758188
0.015698058702916413,0.5906212323120863,0.8866429840233557,2.2720712023683025,0.16471414849567234
0.01572022587082242,0.5883282613890013,0.8869250889082725,2.2708228507661254,0.1647399400080004
0.01573862025997957,0.5860118155421751,0.8873772753192642,2.2695775071136617,0.16476558871624758
0.015753237455822692,0.5836738522072183,0.8884101568923871,2.26833516238822,0.1647909457233353
0.01576407395029502,0.5813163696474011,0.8888867194893518,2.2670958016832525,0.16481593842130693
0.015771127142689825,0.5789414063092567,0.8899464103667092,2.265859413849381,0.1648404683996419
0.015774395340274826,0.5765510401027816,0.8904404831320238,2.2646259781085685,0.16486436031791576
0.015773877758698283,0.5741473876007664,0.8909333062987973,2.2633954835653505,0.16488818534417335
0.01576957452217731,0.5717326031515694,0.891424731128304,2.262167923304611,0.1649119983098098
0.015761486663467977,0.5693088778995131,0.8919141664519087,2.260943291499963,0.1649358001803399
0.015749616123617614,0.5668784387069261,0.8919283855238166,2.259721589314221,0.16496110862880053
0.01573396575149874,0.5644435469717142,0.8918100869820017,2.2585028730542307,0.1649904050192644
0.01571453930312555,0.5620064973342979,0.8921855846514096,2.257287210099474,0.16502214897625891
0.015691341440752463,0.5595696162676502,0.8919143912452167,2.2560746189207688,0.16505568918713706
0.015664377731755018,0.5571352605442224,0.8921372340234781,2.254865157059282,0.1650919522427373
0.015633654647293986,0.5547058155735207,0.8925792663031928,2.2536588367342048,0.16512828931639073
0.01559917956076213,0.5522836936042406,0.8930155861900744,2.2524556533486892,0.16516468510494406
0.01556096074601478,0.5498713317849908,0.8925327013344432,2.2512556110505257,0.16520307635587553
0.01551900737538398,0.547471190077886,0.8918637743853864,2.250058785532851,0.16524675045312529
0.01547332951747733,0.5450857490195629,0.8921934570792285,2.2488652678433736,0.165293740558121
0.015423938134761455,0.5427175073245567,0.8925706296884639,2.2476750751862746,0.16534093918419884
0.015370845080931082,0.5403689793264644,0.8928604766094621,2.246488206459272,0.16538836993842268
0.015314063098064322,0.5380426922528387,0.8932304978975113,2.2453046572934503,0.16543590497845617
0.015253605813564478,0.5357411833304557,0.8923158310144563,2.244124437865462,0.1654861139408352
0.015189487736889632,0.5334669967183318,0.8925656329271999,2.242947628224496,0.16553998559788877
0.015121724256070347,0.5312226802667516,0.89145475481648,2.2417742597425017,0.1655964631826725
0.015050331634016874,0.5290107821015432,0.8919242402573443,2.240604415106207,0.16565678500683126
0.014975327004615688,0.5268338470339327,0.8922474310977346,2.2394381156680216,0.16571747490532654
0.014896728368617876,0.5246944127975061,0.8925666798151247,2.238275364062776,0.16577862861540188
0.01481455458931875,0.522595006115148,0.8928821226969185,2.2371161628765086,0.1658403552752624
0.014728825388030902,0.5205381386002198,0.8931938046370841,2.23596051633113,0.16590258019276377
0.014639561339351164,0.5185263024977846,0.8934981810996955,2.234808426924673,0.16596528990323195
0.014546783866222688,0.5165619662732999,0.8921015937122019,2.233659909139397,0.16603097579194856
0.014450515234793697,0.5146475700578967,0.8905006429150797,2.2325150682110095,0.16610372747905217
0.014350778549073642,0.5127855209611345,0.8907887368599708,2.2313740274092555,0.16618101156445164
0.014247597745388271,0.5109781882639309,0.891064684920373,2.2302368151018492,0.1662587691566263
0.014140997586635251,0.5092278985062404,0.8892305398079197,2.229103448569123,0.16633997933889258
0.014031003656340961,0.5075369304858875,0.8893701711792689,2.2279740371619754,0.1664271036950911
0.013917642352520684,0.505907510186844,0.8874543856365451,2.2268486648568326,0.166519339596372
0.013800940881343184,0.5043418056570095,0.8873888770746068,2.225727454416718,0.16661778699997012
0.013680927250601362,0.502841921857333,0.8873765191945233,2.224610488262886,0.16671994688927427
0.01355763026299044,0.5014098955057231,0.8876978813393452,2.223497825650368,0.16682453625588636
0.013431079509195733,0.5000476899407126,0.8871785849772498,2.222389489286003,0.1669313563457773
0.013301305360790555,0.49875719003119023,0.8875613222285119,2.2212855409904066,0.16704118600069706
0.013168338962947624,0.4975401971596569,0.8878957890195129,2.2201859966137545,0.16715133648920735
0.01303221222696422,0.49639842430738634,0.8884266587135619,2.2190908488205765,0.16726135915294335
0.012892957822603412,0.4953334912705378,0.8887268653169587,2.2180000864661524,0.16737125895817093
0.012750609170253937,0.4943469200366588,0.8890603099620952,2.216913697433254,0.16748117358963488
0.012605200432908996,0.4934401303510883,0.8872387938342561,2.215831697555773,0.1675948291980198
0.012456766507967579,0.4926144355025325,0.8875415352479924,2.214754197111042,0.1677136418397746
0.01230534301885912,0.4918710383565094,0.8853920518301984,2.2136812455755996,0.16783636477077166
0.012150966306494192,0.4912110276644175,0.8856616555029357,2.212612963041162,0.16796474425816826
0.011993673420542686,0.4906353746747198,0.8832020172421626,2.2115494049208224,0.1680974560700427
0.011833502110542248,0.4901449300711144,0.8834390155745149,2.2104907035647345,0.16823636185913865
0.011670490816838354,0.4897404212605973,0.8807048403888929,2.20943691898845,0.1683798818166477
0.011504678661359038,0.48942245003207446,0.8777719765982476,2.208388215125849,0.1685343461951122
0.011336105438225746,0.48919149060360495,0.8781376642454671,2.2073447867002107,0.16869590560612088
0.01116481160420274,0.4890478880735461,0.8750721793564297,2.2063066926606254,0.168861900233608
0.010990838268988022,0.48899185728783945,0.8752552672405485,2.205274082593751,0.1690351749258268
0.010814227185346926,0.4890234821324378,0.8754360398037343,2.2042470080848737,0.16920945834278125
0.010635020739091705,0.48914271525654285,0.875612159293564,2.2032254769591932,0.16938466069227737
0.010453261938909327,0.48934937822886226,0.8724524398577798,2.2022095183179773,0.1695650847855641
0.010268994406039261,0.48964316212564046,0.8692958418313217,2.2011993104428655,0.16975708957708419
0.01008226236380499,0.4900236285457508,0.8685092353129842,2.200195062461705,0.16995866281815353
0.00989311062700021,0.49049021104476503,0.8687238489494347,2.1991969028954568,0.17016451916867106
0.009701584591133806,0.4910422169766471,0.8691234532848843,2.1982048567642645,0.17037081795657308
0.009507730221535043,0.49167882972862054,0.8693362693705975,2.1972189156210042,0.1705774034685122
0.009311594042322084,0.49239911133189684,0.8695478583887573,2.19623908057941,0.17078483567745506
0.009113223125236427,0.49320200542827763,0.869916945354384,2.1952653540797886,0.1709927245609523
0.008912665078345988,0.49408634057034434,0.8701225763090947,2.1942977276583155,0.1712008998904818
0.008709968034619273,0.495050833830853,0.8703336854686818,2.1933362021604585,0.1714098738784269
0.008505180640373835,0.4960940946952856,0.8708686609175813,2.1923807781435647,0.1716191861464394
0.008298352043601215,0.49721462921009807,0.8710753967383077,2.1914314462276123,0.1718288038345394
0.008089531882171862,0.49841084435820887,0.8712834967358566,2.1904882078159678,0.1720392546045233
0.007878770271922129,0.49968105263257756,0.871639273597258,2.189551064579327,0.17225012103977896
0.007666117794626771,0.5010234767783933,0.8719490794960282,2.188620005907928,0.17246087164655838
0.007451625485859621,0.5024362546743933,0.8721585678768087,2.1876950097236296,0.17267074123546877
0.0072353448227451276,0.5039174443241116,0.8723672773996706,2.186776058486761,0.17288119754437073
0.00701732771160425,0.5054650289284766,0.8725744018586752,2.1858631562726756,0.17309244553296593
0.006797626475497156,0.5070769220120153,0.8730966391284067,2.1849563050520193,0.17330414477517342
0.0065762938416658945,0.5087509725760099,0.8733017903331846,2.184055496125009,0.1735160839167386
0.006353382928880166,0.510484970253253,0.8735072301666409,2.1831607288309485,0.17372873307020978
0.00612894723468897,0.5122766504405104,0.8737108167966038,2.18227199678433,0.17394106729582515
0.005903040622581647,0.5141236993863982,0.8739147296944396,2.181389286133867,0.17415391652344486
0.005675717309060677,0.516023759214112,0.8741196154265626,2.180512598166582,0.17436740858282113
0.005447031850630108,0.517974432860217,0.8744426931268535,2.1796419327767653,0.17458127355577838
0.0052170391307022005,0.5199732889125683,0.8718030088527214,2.1787772997821926,0.17479917497979813
0.0049857943464257735,0.5220178663322804,0.8723182627320971,2.177918829355795,0.17502315364425522
0.004753352995439004,0.5241056790465184,0.8725406848060446,2.1770665529116147,0.1752477403185305
0.004519770862550419,0.526234220400735,0.8727642572922937,2.176220474268931,0.17547302829430772
0.004285104006350616,0.5284009674607342,0.872989042073842,2.1753805939372897,0.17569894665445332
0.004049408745758659,0.5306033851566853,0.8732161357012376,2.1745469116679033,0.17592550254534955
0.0038127416465057063,0.5328389302628368,0.8734447578674029,2.1737194283682433,0.176152710650739
0.003575159507559497,0.5351050552082414,0.8736750446703716,2.172898144086357,0.17638052410491337
0.0033367193474930197,0.5373992117152592,0.8739066638451275,2.1720830580215127,0.17660890134857452
0.00309747839080007,0.5397188542639291,0.8741395291964879,2.1712741696554225,0.17683789600364505
0.002857494054161853,0.5420614433815771,0.874373998394191,2.1704714778156657,0.17706736548975358
0.002616823932667202,0.5444244487581074,0.8746104012587607,2.1696749796223336,0.17729738103290185
0.0023755257859900095,0.5468053521884781,0.8748492950550788,2.1688846747541617,0.177527992583941
0.00213365752452723,0.5492016503447287,0.8750901100337218,2.1681005610452866,0.17775903639262056
0.0018912771955005593,0.5516108573807427,0.8753328525693209,2.167322635409034,0.17799063008049934
0.0016484429690254892,0.5540305073735952,0.8755777748788223,2.166550896903037,0.17822275623902045
0.0014052131241507819,0.5564581566059494,0.8758240904811244,2.16578534262413,0.1784553289717051
0.0011616460348715977,0.5588913856944174,0.8760723054854482,2.1650259695803724,0.17868838567851233
0.0009178001561202175,0.5613278015692431,0.8763231381400692,2.164272774596439,0.1789218770956481
0.0006737340097370353,0.5637650393109518,0.8765739269730697,2.1635257547098825,0.17915587806833078
0.0004295061704256169,0.5662007638498839,0.8768261948757479,2.162784907218614,0.1793903232714065
0.00018517525169505105,0.5686326715346649,0.8746998205119456,2.1620502447698327,0.17962848820674507
-5.920010820702404e-05,0.5710584915758251,0.8727022006484327,2.1613218964001204,0.179875232511331
-0.0003035612603672022,0.5734759873707862,0.8731999202138597,2.160599995044672,0.18012656613170389
-0.0005478495592820267,0.5758829577164699,0.8736236627256131,2.159884555426766,0.1803776713216046
-0.0007920063769323604,0.5782772379157342,0.8717752980764981,2.1591755750881445,0.18063152148818437
-0.0010359731168539607,0.5806567007837573,0.8711278175478513,2.1584731539706445,0.1808923657388482
-0.0012796912282003387,0.5830192575603924,0.8715273811970027,2.1577774008463706,0.18115712999797354
-0.0015231022197946806,0.5853628587343649,0.8700473709402319,2.1570883381236134,0.18142418049562353
-0.0017661476741673886,0.5876854947850318,0.868772239046885,2.15640604815222,0.18169712282490108
-0.0020087692615761007,0.5899851968472389,0.8677060132318051,2.1557306272922316,0.18197517652622552
-0.002250908754004472,0.5922600373046043,0.8668572224328199,2.155062157061333,0.18225770217519247
-0.0024925080391366167,0.5945081303163843,0.866223913992419,2.154400708302967,0.18254421973352042
-0.0027335091343038648,0.5967276322828114,0.8666732147575026,2.153746334129603,0.18283282896913763
-0.0029738542004001836,0.598916742253622,0.8671496796189798,2.1530990316797154,0.183121193674674
-0.0032134855557634312,0.6010737022842348,0.8675946219598903,2.15245878120227,0.18340929229579242
-0.0034523456900185964,0.6031967977438366,0.8671875080165973,2.1518255743190173,0.18369895646363507
-0.003690377277880048,0.6052843575793873,0.8676418908876796,2.1511994460444934,0.18399046936427024
-0.003927523192909262,0.6073347545393636,0.8675197687791696,2.1505803909643673,0.18428173465140357
-0.0041637265212250115,0.6093464053608074,0.8679745044312732,2.1499683888646586,0.18457268452678763
-0.0043989305751623055,0.6113177709230748,0.8684257328979667,2.149363420465813,0.1848634148173278
-0.004633078906877227,0.6132473563714272,0.8688866504365446,2.1487654677547994,0.18515396167499987
-0.004866115321894111,0.6151337112134564,0.8693346324556194,2.1481745103658656,0.1854439780404461
-0.0050979838925920016,0.6169754293910964,0.8697805684800635,2.14759052555652,0.1857338368685677
-0.00532862897162692,0.6187711493308224,0.8682934132809278,2.1470135111321316,0.18602637641840908
-0.005557995205287038,0.6205195539744568,0.8687584994021389,2.146443553011938,0.18632324949955778
-0.005786027546777303,0.6222193707928011,0.8692128968088209,2.1458806609743966,0.18661970465009295
-0.006012671269430338,0.623869371784215,0.8696741276618114,2.145324813525417,0.18691585035927208
-0.006237871979840623,0.6254683734600237,0.8701340351386311,2.144775990882908,0.18721169029718523
-0.006461575630918698,0.6270152368185936,0.8705841064235189,2.1442341712750133,0.1875071628069938
-0.006683728534862118,0.6285088673096875,0.871033872361801,2.1436993380874205,0.18780259822947964
-0.006904277376040307,0.6299482147906408,0.8714901909395508,2.1431714727994153,0.1880977036201323
-0.00712316922379006,0.631332273475751,0.8719452420858851,2.1426505554989603,0.18839252053234914
-0.007340351545118642,0.6326600818801865,0.872396752280272,2.142136566483906,0.18868703929376307
-0.007555772217311452,0.6339307227595744,0.8728457800342944,2.1416294857846787,0.1889812490010013
-0.007769379540441221,0.6351433230463657,0.8732939342413318,2.1411292937938198,0.1892751927121641
-0.007981122249775752,0.6362970537839787,0.8737379298280281,2.1406359719633046,0.18956889673609678
-0.008190949528081222,0.6373911300596009,0.8741793649289696,2.1401495007064644,0.18986227987348422
-0.008398811017818041,0.6384248109365006,0.8746187511149931,2.139669860768832,0.1901554493673301
-0.008604656833226455,0.6393973993865851,0.8750554289466206,2.139197035225779,0.1904484475855604
-0.008808437572298851,0.6403082422238897,0.8754891844933129,2.1387310058753255,0.1907411773082674
-0.009010104328636047,0.6411567300396139,0.8759728209908143,2.1382717543555256,0.19103370827319363
-0.009209608703184569,0.641942297139271,0.8764036161884339,2.1378192623661167,0.19132597156789555
-0.009406902815852162,0.6426644214824341,0.8768313765752377,2.1373735119845834,0.1916180346037163
-0.009601939316998867,0.6433226246255463,0.8767321248343836,2.1369344909908885,0.19191103224892886
-0.009794671398800588,0.6439164716681939,0.8771443197102949,2.136502222608604,0.19220557166566837
-0.00998505280648289,0.6444455712031786,0.8757216220742982,2.1360767162804812,0.19250297939512379
-0.01017303784942176,0.6449095752707457,0.8761470412789417,2.1356580565882246,0.1928042035068707
-0.010358581412109269,0.6453081793171994,0.8761328602657926,2.135246252852291,0.19310617720130613
-0.010541638964981028,0.6456411221581727,0.874871057325679,2.134841338573778,0.1934122531041254
-0.010722166575103019,0.6459081859467527,0.8752963507529573,2.1344433977880986,0.19372179744809076
-0.010900120916715425,0.6461091961466274,0.8757364506633241,2.134052427847271,0.19403053808811674
-0.01107545928163045,0.6462440215103976,0.8761749584184033,2.1336684035103617,0.19433886719209323
-0.011248139589482188,0.6463125740631742,0.8766114343063027,2.133291303097823,0.19464682651260634
-0.011418120397825655,0.646314809091528,0.8751728252312737,2.132921121581444,0.19495742972837599
-0.01158536091208277,0.6462507251378615,0.8757080698370584,2.1325579368933973,0.19527175906261124
-0.011749820995332885,0.6461203640002282,0.8761277475628979,2.1322017540405755,0.1955856656266039
-0.011911461177945528,0.6459238107375926,0.8765774610564606,2.131852550109283,0.19589910820266504
-0.01207024266705272,0.645661193680512,0.8751422325228978,2.1315103152588635,0.1962147426705736
-0.012226127355859269,0.6453326844471872,0.8756086923529656,2.131175116291962,0.1965336209847465
-0.012379077832788141,0.6449384979647913,0.8760737122183104,2.130846952830757,0.19685198106993634
-0.012529057390459066,0.6444788924959844,0.8747438585207351,2.1305258132692693,0.1971722852658642
-0.012676030034498137,0.6439541696704516,0.8752276201880156,2.1302117580903945,0.19749568803029655
-0.01281996049217625,0.643364674521315,0.8757110409421361,2.1299047864517715,0.1978185354631124
-0.012960814220874521,0.6427107955262048,0.876194580522158,2.129604872086026,0.1981406689897583
-0.01309855741637413,0.641992964652754,0.876614069936379,2.1293119845674022,0.19846199624899244
-0.013233157020969409,0.6412116574082479,0.8771948799830913,2.1290260987252134,0.1987831819117323
-0.013364580731401276,0.6403673928931066,0.8777759654601964,2.1287472039598483,0.19910436427666775
-0.013492797006610149,0.6394607338578573,0.8782613243948728,2.12847527572658,0.1994247771856225
-0.013617775075305455,0.638492286763192,0.8766939084143971,2.1282102971981596,0.19974682389239634
-0.013739484943350587,0.6374627018426583,0.8773290551410661,2.127952323756791,0.2000719460361104
-0.013857897400961433,0.6363726731674996,0.8778340211165704,2.1277013591213954,0.20039666279885263
-0.0139729840297166,0.6352229387130769,0.8783388627358333,2.127457375728671,0.20072058781148872
-0.014084717209377625,0.6340142804262736,0.8764125367758072,2.1272203565551426,0.20104617699110858
-0.01419307012451773,0.6327475242931868,0.874489833886734,2.126990367706276,0.20137682449156094
-0.014298016770957394,0.6314235404063808,0.874929319241658,2.12676748014807,0.20170991747326109
-0.014399531962005201,0.6300432430308691,0.8754326857969584,2.1265516840620755,0.20204213820302225
-0.014497591334502662,0.6286075906679245,0.8760734940758553,2.126342951263815,0.20237377000998907
-0.01459217135467104,0.6271175861157395,0.87673182863,2.1261412535203705,0.20270454057996817
-0.014683249323759494,0.6255742765258483,0.8749014233314042,2.1259465655465366,0.20303600643517863
-0.014770803383492629,0.6239787534541452,0.8731196357605483,2.1257589213338544,0.20337054954251088
-0.01485481252131643,0.6223321529052093,0.8736724567400321,2.125578354737171,0.20370617294461635
-0.014935256575441074,0.6206356553685418,0.874148334474792,2.125404842634419,0.20404064705738487
-0.015012116239679634,0.6188904858452062,0.8747043150003401,2.125238349650872,0.2043740416561196
-0.015085373068081748,0.6170979138632279,0.8751807287319421,2.1250788386764823,0.2047062852072342
-0.015155009479360134,0.6152592534799706,0.8757389855028661,2.1249262738199572,0.20503735146101276
-0.015221008761110462,0.6133758632695754,0.8763006068475919,2.1247806133667444,0.20536695802001076
-0.015283355073821859,0.6114491462933862,0.8768645694343425,2.1246418176668884,0.20569539608590065
-0.015342033454678576,0.6094805500511312,0.8775653587756761,2.1245098500311164,0.20602272584590128
-0.01539702982115087,0.6074715664104583,0.8782270046363747,2.1243846763990843,0.2063490848884453
-0.015448330974374777,0.6054237315122406,0.8787913212966183,2.1242662630613194,0.2066743314814919
-0.015495924602319768,0.6033386256489094,0.8794252933686184,2.1241545720406303,0.20699846044621598
-0.015539799282743613,0.6012178731128324,0.8800198715480873,2.1240495760521028,0.20732207896503574
-0.015579944485933623,0.5990631420116151,0.8805792982149229,2.123951245345848,0.2076445941755013
-0.0156163505772337,0.5968761440469404,0.8811410685224089,2.1238595419310298,0.20796579896979847
-0.015649008819356734,0.5946586342533925,0.881710931960155,2.123774426189548,0.20828568448404464
-0.01567791137448133,0.592412410693467,0.8818717219938431,2.1236958590151676,0.2086043103896186
-0.015703051306133087,0.590139314104764,0.882448392735442,2.1236238024800995,0.2089216488877459
-0.015724422580848947,0.58784122749513,0.8805074167491398,2.1235582228475156,0.2092388713623774
-0.0157420200696257,0.5855200756812864,0.8810784949185746,2.1234991235312473,0.2095565932543932
-0.015755839549150483,0.5831778247662727,0.8815551698900144,2.123446478314557,0.20987318452695986
-0.015765877702814474,0.5808164815507872,0.8821291216285162,2.1234002528675724,0.21018859445317958
-0.01577213212150906,0.5784380928733275,0.8827056709824952,2.1233604061752125,0.21050242571178643
-0.015774601304203738,0.5760447448737824,0.8832840911733759,2.123326894382951,0.21081475939879102
-0.015773284658306512,0.573638562174967,0.8838645806070877,2.1232996744933583,0.21112555470147504
-0.01576818249980611,0.5712217069763961,0.8844810255030735,2.123278704907751,0.2114350707460514
-0.01575929605319598,0.5687963780544236,0.8850576229684611,2.123263951351363,0.21174356790708374
-0.01574662745118081,0.5663648096627371,0.8859981831288485,2.1232553749620187,0.2120499029758493
-0.015730179734164188,0.5639292703271059,0.8868582348346901,2.1232528974009757,0.21235231567194793
-0.015709956849519237,0.5614920615281564,0.8876268631297808,2.1232564258061517,0.21265054585219667
-0.015685963650641222,0.5590555162659535,0.8882095144777437,2.123265867798755,0.2129455278076168
-0.01565820589578269,0.5566219975001323,0.8887808126792986,2.123281168659681,0.21323889954639086
-0.015626690246671553,0.554193896459392,0.8868677292504215,2.123302286479563,0.21353106890059476
-0.015591424266912353,0.5517736308142795,0.887431218035764,2.123329191685569,0.21382223844732617
-0.015552416420170924,0.5493636427073209,0.8880465655368075,2.1233618370341354,0.21411041764263217
-0.015509676068143262,0.5469663966348546,0.8886058864327985,2.123400132915737,0.21439501003587766
-0.015463213468308673,0.5445843771751829,0.8890977875021011,2.1234440222402697,0.2146780503628247
-0.015413039771468087,0.5422200865580719,0.887257631640544,2.123493464949278,0.21495953084306618
-0.015359167019067881,0.5398760420711385,0.8878066977093241,2.1235484115226733,0.21523894359570084
-0.015301608140310088,0.5375547732991998,0.8882391560540058,2.123608806539043,0.21551528017965238
-0.015240376949049261,0.5352588191933727,0.8885303948201966,2.1236745514588025,0.21578646951246708
-0.015175488140477447,0.5329907249674851,0.8890365550376282,2.1237455365699662,0.21605368957002816
-0.015106957287597174,0.5307530388202407,0.8891452942077086,2.1238216936876437,0.2163176939455434
-0.015034800837484175,0.5285483084826219,0.889622926234754,2.123902926729721,0.21657774760823434
-0.01495903610734015,0.5263790775910746,0.8900954614958303,2.123989176935217,0.2168361158777076
-0.014879681280336588,0.5242478818883078,0.8905629791024591,2.1240803984904235,0.2170926743711098
-0.014796755401251126,0.5221572452548329,0.89039344382509,2.1241765403852577,0.21734620103049462
-0.014710278371896632,0.5201096755758491,0.890957131226006,2.1242775121330584,0.21759613640803083
-0.01462027094634506,0.5181076604495984,0.8913896345935902,2.1243832620977887,0.21784461867503532
-0.014526754725946486,0.5161536627449738,0.8897158959053322,2.1244937429378226,0.21809019423542192
-0.01442975215414488,0.5142501160178538,0.8901361227683954,2.1246088654104804,0.21833197290861678
-0.01432928651109192,0.5123994197974527,0.8896054262289279,2.1247285633113955,0.21857061029165561
-0.014225381908059668,0.5106039347557584,0.8879210982014595,2.12485273854005,0.2188038426237863
-0.014118063281654018,0.508865977775028,0.8883025740705415,2.1249812723387254,0.2190326242285284
-0.014007356387830206,0.5071878169301485,0.8874511872296971,2.1251140966986024,0.21925849324375893
-0.013893287795711376,0.5055716664045204,0.8877991021341187,2.1252511286194293,0.21948093260687418
-0.013775884881212045,0.5040196813599206,0.8866286849367437,2.125392309973699,0.21970085064976447
-0.013655175820468102,0.5025339527825137,0.8851524126216257,2.1255375660019173,0.2199171786828276
-0.013531189583074728,0.5011165023288104,0.8833612347883297,2.125686824223618,0.2201307132160376
-0.013403955925133782,0.4997692771968177,0.8812580330376774,2.125840029575109,0.22034231248858
-0.013273505382112378,0.4984941450489713,0.8799057153520664,2.1259971260806347,0.2205491975408225
-0.013139869261514664,0.49729288901451185,0.8789374615783764,2.1261579435581113,0.22074583684658633
-0.013003079635368111,0.4961672027998455,0.8791350058822711,2.1263222739686656,0.22093503281748747
-0.012863169332526398,0.4951186859360569,0.8793269669195539,2.1264900408712326,0.2211226698907767
-0.012720171930790548,0.4941488391930328,0.8795138206668274,2.126661210362919,0.2213093129422279
-0.012574121748850626,0.4932590601897085,0.8796969309268634,2.126835755587721,0.22149472688772429
-0.012425053838049194,0.4924506392295944,0.879872758149195,2.127013643602118,0.22167884249544428
-0.01227300397396931,0.49172475539012167,0.880044846360949,2.1271948404878165,0.22186149488819626
-0.012118008647848465,0.4910824728933209,0.8802152098960723,2.127379311470591,0.22204284245543676
-0.01196010505782093,0.49052473778401495,0.8803803468375804,2.1275670234947315,0.22222283464457396
-0.011799331099990372,0.4900523749399996,0.8805383920823829,2.1277579442512393,0.222401561360952
-0.011635725359334877,0.4896660854366828,0.8775733626089676,2.127952044402691,0.22257964045056472
-0.01146932710044689,0.48936644428630777,0.8743624202715753,2.1281493188812797,0.22275830444690606
-0.01130017625810984,0.4891538985692718,0.8709728462537812,2.128349782712189,0.22293849091403795
-0.011128313427713834,0.48902876597219563,0.8710828242268696,2.128553459903471,0.22311947135703053
-0.010953779855513329,0.4889912337443005,0.8675857172723694,2.128760345392612,0.2233010927045252
-0.010776617428727717,0.4890413580804078,0.8677100299025027,2.128970463872258,0.22348369644035285
-0.0105968686654891,0.48917906393550703,0.8682359647400671,2.1291837993024245,0.223665093977221
-0.010414576704637787,0.4894041452723639,0.8683575290644013,2.129400319878265,0.22384526577436953
-0.01022978529536938,0.4897162657401961,0.8684641891123964,2.1296199968811136,0.22402436068077225
-0.010042538786735056,0.4901149597789876,0.8690222105197016,2.129842801388183,0.22420213855811683
-0.009852882116998054,0.4905996341406387,0.8679655403925552,2.130068671722998,0.22437338836844367
-0.009660860802848762,0.4911695698149528,0.8680641061430936,2.1302974003625086,0.22453599074588865
-0.00946652092848076,0.4918239243453701,0.8681616874118081,2.1305289103019875,0.22469753899717992
-0.009269909134531108,0.4925617345165526,0.8686759294239814,2.1307631739011956,0.2248578217948128
-0.009071072606886561,0.4933819193933294,0.8687678433591409,2.131000156591439,0.22501667727108715
-0.008870059065359282,0.4942832836882361,0.8688443219345848,2.1312398292517134,0.2251745089465329
-0.008666916752234296,0.4952645214328994,0.869354273097743,2.1314821657409837,0.22533111436012662
-0.008461694420691746,0.4963242199268808,0.8694436004763816,2.1317271304539096,0.22548617561883025
-0.008254441323106005,0.49746086393628514,0.8695316114987672,2.1319746925100445,0.22564011434887202
-0.008045207199225633,0.49867284011350205,0.8696186141753062,2.1322248248789966,0.2257929731217051
-0.007834042264236058,0.4999584416088325,0.8659487961830591,2.1324775093246466,0.22594646302026022
-0.007620997196708001,0.501315872844493,0.8623772716202419,2.1327327869679222,0.2261028492831847
-0.007406123126435034,0.5027432544215482,0.8614698419462885,2.1329906616152874,0.22625403438767983
-0.007189471622162542,0.5042386281306886,0.8578864498441199,2.1332509262447825,0.22639734304791614
-0.0069710946792116615,0.5057999620384169,0.8546130819861822,2.1335135651811643,0.2265436207469685
-0.006751044707000399,0.5074251556211197,0.851748092837452,2.1337786262306926,0.22669210486510924
-0.006529374516465765,0.5091120449206269,0.849377766560206,2.134046137623386,0.22684167126976504
-0.00630613730738953,0.5108584076961964,0.8498914035688945,2.134316102959409,0.2269907604278097
-0.0060813866556302006,0.5126619685493685,0.848082178968052,2.1345884843563656,0.2271377098347775
-0.005855176500265428,0.5145204039997446,0.846875437911657,2.1348632436755492,0.2272829579290496
-0.005627561130646549,0.516431347491502,0.8472844363983498,2.1351403311601307,0.22742593235560793
-0.005398595173369757,0.5183923943122422,0.8477891480351483,2.1354197060954037,0.22756740478625218
-0.005168333579165721,0.5204011064076306,0.8472775945599966,2.1357013299441028,0.2277062638674387
-0.004936831609711688,0.5224550170771382,0.8473744684271727,2.1359851159758296,0.22783980319249955
-0.004704144824369113,0.5245516355380564,0.847917598351545,2.1362709484246056,0.22796878245559102
-0.0044703290668495314,0.5266884513467768,0.8482583688053659,2.1365587677909885,0.22809593510363288
-0.004235440451812396,0.5288629386680971,0.8485463410161284,2.136848536903212,0.22822154400445502
-0.0039995353513977835,0.5310725603850212,0.8490476708300353,2.1371402220897964,0.22834569431584234
-0.003762670381697444,0.533314772043148,0.8495099284675329,2.137433791235175,0.22846846398748394
-0.003524902389167057,0.5355870256252674,0.8499256475756422,2.1377292129146204,0.22858988346125939
-0.0032862884369835397,0.5378867731532249,0.8504165853942433,2.1380264571107865,0.22870994256013283
-0.0030468857913500307,0.540211470115423,0.8511496715726995,2.1383254798746036,0.22882602541146344
-0.0028067519077522394,0.5425585787195575,0.85164027048766,2.1386261566718825,0.22893665940596788
-0.002565944417169594,0.544925570971285,0.8522262942601317,2.1389284270949918,0.2290455429638221
-0.0023245211122439034,0.5473099315804896,0.8528237109165506,2.1392322476088017,0.2291522598329808
-0.0020825399334094634,0.5497091606977212,0.8534237240108208,2.139537570785935,0.2292567212107318
-0.001840058954987641,0.5521207764841236,0.8547209263459344,2.1398443338892577,0.2293559417969848
-0.0015971363712493141,0.5545423175188443,0.8563241135661505,2.140152366899468,0.22944500343992272
-0.001353830482448493,0.5569713450484937,0.8581278771569686,2.140461454564869,0.2295230030032933
-0.001110199680830577,0.5594054450836687,0.8600255348238776,2.140771369170363,0.22958956560620078
-0.0008663024366184917,0.5618422303479648,0.8607003158689703,2.1410818971029366,0.22964821294995688
-0.0006221972839800531,0.5642793420851884,0.8625759305598746,2.141392933657777,0.22970078694906892
-0.0003779428069801817,0.5667144517307157,0.8643326296418157,2.1417042854359574,0.22974204667088127
-0.0001335976255209077,0.5691452624530948,0.8658965594757086,2.1420157294113715,0.2297724859682875
0.0001107796187271758,0.5715695105721034,0.86659547231519,2.142327043364251,0.2297897523577192
0.0003551302763984795,0.5739849668594988,0.867146523807696,2.142637934635002,0.22979576082849829
0.000599395704508079,0.5763894377287038,0.8682703982454405,2.142948295938493,0.22979736127785788
0.0008435172805257849,0.5787807663196154,0.868848040226401,2.1432579926625093,0.22979267493531508
0.0010874364164451446,0.5811568334846463,0.8694223781117604,2.1435669559700705,0.22978590935927343
0.0013310945728444345,0.5835155586819903,0.8699921940620786,2.1438751476084144,0.22977723178038917
0.001574433272935678,0.5858549007819487,0.8705554578667443,2.144182529957679,0.2297665475382635
0.0018173941165989605,0.5881728587920044,0.8711135923008813,2.144489066006019,0.22975399198301039
0.002059918794398064,0.5904674725061323,0.871764244481141,2.144794707281158,0.2297371632452371
0.0023019491015744587,0.592736823083646,0.8720654223652407,2.1450993277123165,0.22971319180417848
0.0025434269520162463,0.5949790335626753,0.8725689663061873,2.145402806311237,0.22968468601030426
0.002784294392198432,0.5971922693131297,0.8731420815492035,2.145705091561058,0.229654510680426
0.003024493615091581,0.5993747384338107,0.8750575318137305,2.146006120900694,0.22961602550040572
0.0032639669740352293,0.6015246920980956,0.8755471417980284,2.146305629763705,0.22956595741772326
0.0035026569965727035,0.60364042485239,0.8760329093693667,2.146603528774427,0.22951469208375358
0.003740506398244411,0.6057202748713273,0.8757426108982354,2.146899785617887,0.22946062420287694
0.003977458096335643,0.6077626241734719,0.8761975480575721,2.1471943322632323,0.22940331018523616
0.004213455223576263,0.609765898801074,0.876650726067352,2.147487129958695,0.22934446361296054
0.004448441141788568,0.6117285689671866,0.8770991822131117,2.1477781511526697,0.22928403394709457
0.004682359455480173,0.6136491491732887,0.877537580694447,2.1480673682231237,0.22922211187123853
0.004915154025378645,0.615526198300331,0.8779583326436823,2.1483547526074616,0.2291583046985352
0.005146768981904653,0.6173583196759319,0.8783849642735351,2.148640271476102,0.2290930141961534
0.005377148738580454,0.6191441611202957,0.8789283010168233,2.148923903871977,0.22902653915254925
0.005606238005370295,0.6208824149732015,0.8793447223960362,2.149205627936025,0.2289586744097787
0.005833981801949811,0.6225718181043016,0.8798542328197656,2.1494854169262134,0.22888922446605858
0.006060325470901042,0.6242111519087508,0.8803276282028628,2.1497632459313247,0.22881843230263715
0.006285214690829955,0.6257992422900929,0.8831021093831957,2.15003905567525,0.2287391605939622
0.0065085954894032625,0.6273349596321419,0.8835465106771977,2.1503125776423846,0.22864810544870431
0.006730414256301576,0.62881721876149,0.8839420479975614,2.150583720141067,0.2285556604255648
0.0069506177560856005,0.630244978902141,0.8843320769301888,2.1508524601316594,0.22846185419647197
0.007169153140972459,0.6316172436236385,0.8846947302620977,2.1511187758310695,0.2283667479817909
0.007385967963518718,0.6329330607839648,0.885180343259221,2.1513826481229352,0.22827059647548245
0.00760101018920777,0.6341915224683632,0.8856629383754673,2.1516440623781747,0.2281734499133979
0.007814228208937684,0.6353917649251568,0.885819584735858,2.1519030020591026,0.22807517033227426
0.008025570851407189,0.6365329684995343,0.8861885026722375,2.152159449640726,0.2279757432789573
0.00823498739539661,0.637614357566181,0.8865537048501161,2.1524133857175025,0.22787506099195567
0.008442427581940607,0.638635200461585,0.8866224770353095,2.1526647905079868,0.22777317664218008
0.00864784162639019,0.6395948094167344,0.8869792055266981,2.152913646852969,0.22767022377758586
0.008851180230360682,0.6404925404908852,0.8869617179836734,2.1531599369249705,0.22756615390836357
0.009052394593563237,0.6413277935070012,0.8874263418162662,2.1534036490023882,0.22746137453580767
0.009251436425516488,0.6421000119894067,0.8861453693445028,2.153644769662522,0.22735548386660093
0.009448257957136268,0.6428086831041475,0.884418043926599,2.1538832838284736,0.22724895461983277
0.009642811952199761,0.6434533376025001,0.8846462697122499,2.1541191934262196,0.22714224816728792
0.009835051718682038,0.6440335497680141,0.8825127546096609,2.1543524956252273,0.22703560817670557
0.010024931119961916,0.644548937367443,0.8826954012458003,2.1545832130925193,0.2269297321538157
0.01021240458589457,0.6449991616058712,0.883105726212419,2.154811346222623,0.22682294828450372
0.01039742712374807,0.6453839270862961,0.8875930834404809,2.155036843871106,0.22670816443065156
0.01057995432900148,0.6457029817739064,0.8880467174507135,2.15525945098851,0.22658213541282363
0.010759942396001733,0.6459561169652529,0.8855369342362887,2.15547909390824,0.22645678823258503
0.010937348128476682,0.6461431672624748,0.8856586865246882,2.1556958182664667,0.22633319744062616
0.011112128949902123,0.6462640105527201,0.8829066855418544,2.1559096447914636,0.22621090747475023
0.011284242913719916,0.6463185679928667,0.8829990897766883,2.156120631226869,0.22609086029582107
0.011453648713404931,0.6463068039996088,0.8834342591989712,2.1563287962528648,0.22597059811333473
0.011620305692378383,0.6462287262449854,0.8805639362546038,2.15653414568812,0.2258516021158306
0.011784173853765333,0.6460843856573392,0.8806411695957191,2.156736740151831,0.2257350234075481
0.011945213869993658,0.6458738764277316,0.8804072108272305,2.1569365989399265,0.22561822416364194
0.012103387092232474,0.6455973360217593,0.880478634279591,2.1571337214837576,0.22550117853402896
0.0122586555596677,0.6452549451967248,0.8776116967065113,2.1573281203321675,0.22538582133218923
0.01241098200861246,0.6448469280240778,0.874879918760129,2.1575198657421937,0.22527432042211354
0.01256032988145023,0.6443735519169937,0.8723801291352289,2.1577090337751734,0.22516599793267938
0.012706663335408444,0.6438351276629595,0.8725225976833716,2.1578956805052925,0.22505919370985655
0.012849947251160536,0.64323200946119,0.8726694154840074,2.158079817188386,0.22495205294799125
0.012990147241254529,0.6425645949646486,0.8728808555313851,2.158261441927046,0.22484458766941895
0.013127229658365793,0.6418333253264448,0.8730967019102269,2.158440553403316,0.2247367710557187
0.013261161603372255,0.6410386852503217,0.8735127775097229,2.158617147718995,0.224628431315
0.013391910933250007,0.6401812030449048,0.8736717109893115,2.158791219289375,0.22451957348462068
0.013519446268787512,0.6392614506813588,0.8741059681320829,2.1589627635079576,0.22441024784759586
0.01364373700211637,0.6382800438540415,0.8743286047208635,2.1591317750688583,0.22430035161654058
0.013764753304057303,0.6372376420436923,0.8800250410917799,2.1592982231750217,0.2241851083141509
0.013882466131278687,0.6361349485826532,0.8804295734078063,2.159461937584971,0.22406233011083654
0.013996847233267037,0.6349727107215516,0.8806285882922547,2.159622866793229,0.2239390933775393
0.014107869159106936,0.6337517196968204,0.8808331648965803,2.15978100844744,0.22381548203122928
0.014215505264069093,0.6324728107983707,0.8812352981683919,2.1599363605274657,0.223691446052764
0.014319729716005042,0.6311368634366362,0.8814447654557221,2.160088918726788,0.2235669198979346
0.014420517501546543,0.6297448012081855,0.881832879752947,2.160238680097918,0.22344199022350986
0.014517844432108929,0.6282975919589429,0.8820467450932139,2.1603856429106827,0.22331673785189074
0.014611687149696042,0.626796247844054,0.882402955842695,2.160529805591133,0.2231910860254134
0.014702023132506096,0.6252418253832649,0.8826226982398688,2.160671165877303,0.22306506039733204
0.014788830700336843,0.6236354255106428,0.8829482265217995,2.160809722446765,0.22293868321013813
0.014872089019788757,0.6219781936173044,0.8831126465951277,2.160945472978777,0.22281190375696078
0.014951778109264761,0.6202713195857693,0.8833438810617166,2.161078414751103,0.22268465916769886
0.01502787884376596,0.6185160378143617,0.8815889858829761,2.1612085474034326,0.22255756756261613
0.015100372959481342,0.6167136272300139,0.8800387718690019,2.161335890427856,0.22243132830023857
0.015169243058171094,0.6148654112876569,0.8803673131456091,2.161460457119494,0.22230490186376153
0.0152344726113422,0.6129727579542492,0.8808318829436942,2.161582241445068,0.2221777571133886
0.015296045964214916,0.6110370796753255,0.8811636498773965,2.1617012355831156,0.22204994007106688
0.015353948339480164,0.6090598333218187,0.8814996108349088,2.1618174311659364,0.22192141603844634
0.015408165840845865,0.6070425201147007,0.8818393325182216,2.1619308189082465,0.2217921775090905
0.015458685456371926,0.6049866855248358,0.8823042584107779,2.1620413945047887,0.22166257339659032
0.015505495061593011,0.6028939191452346,0.8826453967181567,2.1621491513530993,0.2215320324581066
0.015548583422428727,0.6007658545327283,0.8831445476132125,2.162254076263236,0.22140075783274243
0.015587940197879223,0.5986041690158586,0.8834900518875135,2.1623561628693597,0.22126885187710335
0.015623555942507337,0.5964105834655733,0.8839746859009087,2.1624554028039134,0.22113627580450787
0.015655422108705283,0.5941868620251283,0.884322164887749,2.162551789772227,0.22100306440650253
0.015683531048746206,0.5919348117953477,0.8839515253682947,2.162645317913836,0.22086955065031247
0.01570787601661936,0.5896562824711856,0.8843027151943529,2.1627359900648635,0.22073572931915936
0.015728451169649365,0.587353165925322,0.8846571755096677,2.1628238002252385,0.2206012054562664
0.015745251569898207,0.5850273957342751,0.8851714866196287,2.1629087403751153,0.22046602067280746
0.0157582731853505,0.5826809466423059,0.8856507671367732,2.1629908031668035,0.22033013681115546
0.015767512890881054,0.5803158339581662,0.8860102087656864,2.163069979578904,0.2201935007637166
0.015772968469004896,0.5779341128795306,0.8848312941410641,2.16314626446628,0.22005671021804343
0.015774638610409435,0.5755378777397353,0.8918192868892888,2.1632196475771526,0.21991686553399684
0.015772522914268755,0.5731292611712745,0.8921603226389015,2.163290032842093,0.21977258104608982
0.015766621888339803,0.5707104331802965,0.8924957316258383,2.1633573895974374,0.2196277767611718
0.01575693694884048,0.5682836001262239,0.8929845778199208,2.1634217127356434,0.21948241215339856
0.0157434704201097,0.5658510036004354,0.8917789504638645,2.163482999845025,0.2193369326235217
0.015726225534049867,0.5634149191979028,0.8903564401364433,2.1635412644970984,0.21919229505914511
0.015705206429350707,0.5609776551755388,0.8886705640292336,2.1635965385238185,0.2190494295489037
0.015680418150496523,0.5585415509910274,0.8891307652298974,2.1636488663632774,0.21890787401038841
0.01565186664655529,0.5561089757158988,0.887141778972798,2.163698265025521,0.21876748052854608
0.015619558769750769,0.5536823263166695,0.8848255248084782,2.1637447990988687,0.2186312821177786
0.015583502273818462,0.5512640257979983,0.8850251992335881,2.1637885602326867,0.2184982665266701
0.015543705812144207,0.5488565212019885,0.8851980254690751,2.163829579774584,0.2183656037200077
0.01550017893568786,0.5464622814580117,0.8824635613772857,2.1638678820686352,0.21823575993232372
0.015452932090690765,0.5440837950777733,0.8825893319615659,2.1639035688230197,0.21811017574462718
0.015401976616168959,0.5417235676907426,0.8827096897728188,2.1639366798908024,0.21798508990242443
0.015347324741191718,0.539384119415584,0.8828465545139782,2.163967231548908,0.21786059907378924
0.01528898958194667,0.5370679820638194,0.8829779781864743,2.163995240058129,0.21773661146458514
0.015226985138592131,0.5347776961726524,0.8831029934346023,2.164020718853454,0.21761295948245635
0.01516132629189676,0.5325158078646964,0.8832222005645977,2.1640436807714436,0.2174897959904677
0.01509202879966861,0.5302848655332664,0.8837432128475661,2.164064140037768,0.21736688994593623
0.015019109292973192,0.5280874163529192,0.8840601898713588,2.1640821010159925,0.2172437594725431
0.01494258527214211,0.5259260026160633,0.884294662255416,2.1640975600365917,0.2171199956314622
0.014862475102573016,0.5238031578977201,0.8843656503615243,2.1641105122476674,0.21699618638463367
0.014778798010322038,0.5217214030518825,0.8808970727824363,2.164120989537644,0.21687671848345522
0.014691574077489633,0.5196832420443701,0.8809433092773417,2.1641291412029307,0.21676364956410185
0.01460082423740103,0.517691157628669,0.8809840031541964,2.164135026707559,0.2166515034830759
0.014506570269582249,0.5157476068728668,0.8810197401305545,2.164138668635035,0.21654023095484562
0.014408834794533091,0.5138550165475579,0.88102458429014,2.16414008886671,0.216429866594535
0.014307641268298452,0.5120157783863619,0.8814712683049737,2.1641393083880938,0.21631997739105535
0.014203013976838845,0.5102322442325398,0.8814699375885374,2.164136334111701,0.21621039652174193
0.014094978030202012,0.5085067210870545,0.8813961943381604,2.1641311867373627,0.21610168010202302
0.013983559356496608,0.5068414660752898,0.8774749670565997,2.1641239035271465,0.2159978907147106
0.013868784695669363,0.5052386813514562,0.8774618784675767,2.164114656708299,0.2159013298579956
0.013750681593088074,0.5037005089615171,0.877457295245217,2.1641035039095793,0.21580541671866332
0.013629278392930311,0.50222902568716,0.8779505998847479,2.1640904658953968,0.2157101435535573
0.013504604231381483,0.5008262378949131,0.8783982886510134,2.1640755489606835,0.21561472295655482
0.013376689029641828,0.49949407641598487,0.8783861539044521,2.1640587559818383,0.21551961308418158
0.013245563486745703,0.4982343914836184,0.8783698484320753,2.1640401071189865,0.21542556022344814
0.013111259072194075,0.49704894775586067,0.8783494820261197,2.1640196257317563,0.21533250597425035
0.01297380801840171,0.49593941945242886,0.8783261453592348,2.163997336283753,0.21524023974922726
0.01283324331296173,0.4949073856349309,0.8782535495834016,2.163973250205779,0.21514826060686537
0.012689598690728672,0.49395432565993264,0.8782376903022796,2.163947376483497,0.21505658048768614
0.01254290862572239,0.4930816148343409,0.8786837403383472,2.163919729534142,0.21496537553520614
0.012393208322854342,0.49229052030215636,0.8786641718713889,2.1638903163439984,0.214874514921935
0.012240533709478613,0.4915821971909477,0.8786413500202508,2.1638591571925314,0.214784697924955
0.012084921426769557,0.4909576850453104,0.8790857086565117,2.1638262737113596,0.21469544130484144
0.011926408820928045,0.4904179045731505,0.8790583443438876,2.1637916729239164,0.21460649641251214
0.011765033934218563,0.48996365472889036,0.8790249675191202,2.16375537675111,0.21451880336588136
0.011600835495839354,0.4895956101555718,0.8794666308208523,2.1637174100033807,0.2144317471081227
0.011433852912627402,0.4893143190054739,0.8794278965986215,2.1636777749171836,0.21434432697910263
0.011264126259601154,0.4891202011561669,0.8793857758169834,2.1636364898770686,0.2142590040196546
0.011091696270342599,0.4890135468360105,0.8793421869480226,2.1635935977267526,0.21417500675313314
0.01091660432722145,0.4889945156700013,0.8791408287163436,2.163549124097548,0.21409204355013578
0.010738892451463597,0.48906313615356534,0.8789586512866345,2.163503090377885,0.214009941364745
0.010558603293066182,0.48921930555851517,0.8788722642709483,2.1634555155729616,0.21392843067554104
0.010375780120561789,0.48946279027192957,0.8788433060470635,2.1634064093031578,0.21384731099836715
0.010190466810634227,0.48979322656522883,0.8786788541854142,2.1633557904691774,0.21376715562354429
0.010002707837588366,0.4902101217873116,0.8785202296118612,2.163303679457103,0.2136878101814444
0.00981254826267643,0.4907128559722631,0.8784965885539942,2.163250095725835,0.21360938129451684
0.009620033723283582,0.49130068384895287,0.8784694018599525,2.163195063542478,0.21353211524541313
0.009425210421975203,0.4919727372368396,0.8782458764283261,2.1631386092724267,0.21345602961260898
0.009228125115408423,0.49272802780949826,0.8741543667704422,2.163080782732073,0.21338583111283
0.009028825103110748,0.4935654502048931,0.8741095260871835,2.1630217764065613,0.21332399131009205
0.008827358216128452,0.494483785459164,0.8740627921933923,2.1629616648552346,0.2132634054614525
0.008623772805547313,0.4954817047388251,0.874014137707456,2.1629004765747215,0.21320420398667023
0.00841811773088872,0.4965577733446605,0.8739631855548202,2.1628382405407356,0.2131462672865321
0.008210442348383263,0.4977104549594227,0.8739115164330231,2.1627749837615946,0.21308957871272605
0.00800079649912596,0.49893811611052097,0.8738582215511727,2.162710733179606,0.21303413013033334
0.007789230497114265,0.5002390308183783,0.8738045158211123,2.1626455158675237,0.21297997143312677
0.007575795117173108,0.5016113854009407,0.8737500640030125,2.1625793590817612,0.21292731537451362
0.007360541582769143,0.5030532834049247,0.8736942655900432,2.1625123121498753,0.2128773586087985
0.007143521553717351,0.5045627506348613,0.8732101392859395,2.1624444155250644,0.2128290284110614
0.0069247871137830125,0.5061377402516364,0.8727916903208013,2.1623757102186163,0.21278279004325085
0.006704390758181679,0.5077761379132609,0.8724449618180566,2.1623062381535187,0.21273852015253983
0.006482385380980822,0.5094757669317105,0.8724500431415344,2.162236038081428,0.21269586413483876
0.0062588242624052656,0.5112343934210942,0.8720979512637205,2.1621651387307743,0.21265493056831067
0.00603376105605029,0.5130497314139177,0.8718253998782094,2.1620935995032715,0.21261731952396593
0.005807249776005151,0.5149194479238676,0.871634319802462,2.162021470009328,0.21258151349125387
0.005579344783889725,0.5168411679352906,0.8683086834824149,2.161948807284385,0.2125515758292192
0.0053501007758081425,0.5188124793013648,0.8649666378834369,2.1618758112487844,0.2125335685830074
0.005119572769221917,0.520830937534799,0.8617293284147155,2.1618027195988674,0.21252729023368386
0.004887816089746027,0.5228940704767846,0.8618168035782079,2.1617297413135006,0.2125281841757749
0.004654886357871127,0.5249993828317341,0.8588304411339861,2.1616569521775433,0.21253355592832995
0.004420839475614738,0.5271443605571978,0.856184028363525,2.1615845191132186,0.21254905357362866
0.00418573161310513,0.5293264751000738,0.8563185461431165,2.161512617423158,0.2125705720322258
0.003949619195100702,0.5315431874719345,0.856481897265005,2.16144129945585,0.21259320014227864
0.003712558887448429,0.5337919521578958,0.856659777358689,2.1613705886874475,0.21261696158617674
0.003474607583484239,0.5360702208549479,0.8568398195621298,2.161300501811342,0.21264150910844262
0.003235822390378815,0.538375446037115,0.857246188858824,2.1612310509290173,0.21266648431485105
0.002996260615432333,0.5407050843460643,0.8574281748582216,2.161162241406473,0.21269197227058542
0.0027559797523208237,0.5430565998070099,0.8576137910007167,2.161094087932112,0.21271836049919543
0.002515037467297997,0.5454274668708211,0.8575924449952695,2.1610266042939448,0.21274529159968414
0.0022734915853557594,0.5478151732842015,0.8577828353335669,2.1609597973713437,0.21277271850003102
0.002031400076346278,0.5502172227906856,0.8560658071687948,2.160893693060176,0.21280343516741917
0.0017888210410696261,0.5526311376659081,0.8548196040218655,2.1608284003708014,0.2128404600240906
0.0015458126973298513,0.5550544610912816,0.8552087721199353,2.1607640216923225,0.2128808348003453
0.0013024333659629567,0.5574847593707425,0.8551453334076763,2.1607005803578567,0.21292142107096118
0.0010587414568402171,0.559919623995679,0.8544019951976366,2.160638086430053,0.2129636914956883
0.0008147954548500376,0.5623566735635253,0.8551988292669948,2.1605765931989107,0.2130084145865604
0.0005706539058618959,0.5647935555558055,0.8557972231799367,2.160516120322572,0.21305348024392184
0.0003263754026756767,0.5672279479815848,0.8561802577897293,2.1604566706196264,0.21309874449178312
8.201857095951564e-05,0.5696575608924868,0.8561654779762334,2.1603982489576388,0.21314473836975978
-0.00016235794481993316,0.5720801377754606,0.8560570997035067,2.1603408739382752,0.2131916017531811
-0.0004066954954719151,0.5744934568295772,0.8558949432306031,2.1602845518621647,0.21323866350730594
-0.0006509354411571659,0.5768953321330628,0.8562981222501193,2.160229285302693,0.21328598703308188
-0.0008950191654610938,0.5792836147067612,0.8567031879475144,2.160175077598573,0.21333357765667382
-0.0011388880894615352,0.5816561934800929,0.8571139216900544,2.1601219282695396,0.21338106560415912
-0.0013824836857873346,0.5840109961654931,0.8575293125131597,2.1600698343787594,0.213428624054777
-0.0016257474926646856,0.5863459900471222,0.857948951005051,2.160018795629138,0.21347625312440865
-0.0018686211279476624,0.5886591826894929,0.8583724602039708,2.1599688114177154,0.2135239779762019
-0.002111046303129628,0.5909486225714796,0.858754845291777,2.1599198811975544,0.2135717848515483
-0.0023529648373322083,0.5932123996509505,0.859446298836705,2.159872007026153,0.21361994738956197
-0.002594318671268464,0.5954486458650704,0.860078003235641,2.159825195107349,0.21366847151079923
-0.0028350498811768143,0.5976555355711003,0.8611285623152364,2.1597794462723323,0.21371690444210256
-0.003075100692722416,0.5998312859322931,0.8616438087453934,2.1597347534794302,0.2137650827861808
-0.003314413494862773,0.6019741572532648,0.863030582673265,2.1596911095737443,0.21381277166255017
-0.0035529308536741563,0.6040824532689958,0.8646541747121597,2.159648494546291,0.21385930020388383
-0.0037905955261353422,0.6061545213913881,0.8652526300398817,2.159606883281008,0.21390492804306468
-0.004027350473865827,0.6081887529170965,0.8670679959317313,2.1595662605785404,0.21394967968248882
-0.004263138876814567,0.6101835832001139,0.8676952463579354,2.1595266002197286,0.2139933672467765
-0.004497904146896725,0.6121374917924259,0.8682955613352665,2.1594878884021074,0.2140367390173814
-0.0047315899415743806,0.6140490025557719,0.8688960478010797,2.159450118566491,0.21407984336839658
-0.004964140177378557,0.615916683747446,0.8696028408331785,2.159413278818064,0.21412231495290432
-0.005195499043368948,0.6177391480827932,0.87027153462654,2.159377357598483,0.214164513919345
-0.005425611014528292,0.6195150527769338,0.8708930116259453,2.1593423515643133,0.21420669451256388
-0.005654420865088046,0.6212430995680612,0.8715146535019209,2.159308257045019,0.21424873592377572
-0.005881873681782452,0.6229220347244708,0.8721365955527001,2.1592750673314565,0.21429044873866976
-0.006107914877027313,0.6245506490373511,0.873071919160037,2.159242778430659,0.21433261965454864
-0.006332490202020801,0.6261277778012021,0.8737342857385981,2.1592114084604086,0.2143756309160737
-0.006555545759762952,0.6276523007836103,0.8758287444087042,2.1591809526915156,0.21441758368963923
-0.006777028017990576,0.6291231421859731,0.8764758923578075,2.1591513839109395,0.21445857293727197
-0.006996883822024874,0.6305392705966444,0.8772478505013164,2.159122694665746,0.21450023870999554
-0.007215060407528238,0.6318996989378666,0.8779257476247265,2.159094912335781,0.21454307505311512
-0.007431505413167438,0.6332034844077075,0.878599636316088,2.1590680367715023,0.2145854504407929
-0.0076461668931800675,0.6344497284181645,0.8806496124759897,2.1590420569479623,0.214627377549476
-0.007858993329841366,0.6356375765304805,0.8813131846275917,2.159016963121198,0.21466898169419543
-0.00806993364582814,0.6367662183886085,0.8819407563800576,2.1589927489220577,0.21471042388720568
-0.008278937216477123,0.637834887651715,0.8825681993647447,2.1589694106243416,0.2147518087278774
-0.008485953881934577,0.6388428619265057,0.8831711409712825,2.1589469439006588,0.21479299528577045
-0.008690933959194538,0.6397894627000965,0.8837872248516259,2.1589253432719615,0.21483399765511862
-0.00889382825402242,0.6406740552740895,0.8843950092470726,2.158904602853951,0.21487481700807315
-0.009094588072761374,0.6414960487004301,0.8849970697140483,2.158884719576759,0.21491563234256808
-0.009293165234018592,0.6422548957195959,0.8865064959168389,2.1588656927261676,0.21495695347576793
-0.009489512080228586,0.6429500927015894,0.8870505323795819,2.158847544155781,0.21499940582700647
-0.00968358148909077,0.6435811795901564,0.887585674417016,2.158830281351028,0.21504200102118318
-0.009875326884878593,0.6441477398506266,0.888536766753329,2.15881391195742,0.2150860883716654
-0.010064702249617433,0.6446494004217026,0.8890053303357954,2.1587984951204686,0.21513445976845266
-0.010251662134128875,0.6450858316715078,0.8894170256585554,2.1587841233751806,0.21518660680764284
-0.010436161668938014,0.6454567473581405,0.8898226808302873,2.158770827855128,0.21523929692755459
-0.010618156575042186,0.6457619045949706,0.890220404941758,2.1587586176379103,0.21529262059915602
-0.010797603174537464,0.6460011038208636,0.8906078495201215,2.158747503105505,0.21534651275597846
-0.010974458401101415,0.6461741887754946,0.89098970803133,2.158737493892335,0.21540105490741573
-0.01114867981032853,0.6462810464798768,0.8909815976631166,2.158728599864214,0.21545604787547076
-0.011320225589916988,0.6463216072222119,0.8913523592621629,2.1587208252824017,0.21551140105899086
-0.01148905456970306,0.6462958445491213,0.8917174437287002,2.158714177003286,0.21556726892685668
-0.011655126231542039,0.6462037752623205,0.8920751714535823,2.15870866552568,0.21562387685738332
-0.011818400719032271,0.6460454594207282,0.8924256204065442,2.1587043033221187,0.21568119281968523
-0.011978838847080509,0.6458210003480291,0.8927685411878206,2.1587011033718064,0.21573938670419612
-0.012136402111306132,0.6455305446456245,0.8931045265841236,2.1586990809469135,0.21579842735962498
-0.012291052697282055,0.6451742822109203,0.8934282603743797,2.158698251828693,0.21585842040540731
-0.012442753489610024,0.644752446260869,0.892733823535024,2.1586986455535,0.21592218624168835
-0.012591468080828063,0.6442653133606157,0.891545600104236,2.158700398348532,0.2159947585270099
-0.01273716078014815,0.6437132034571177,0.8899187493087021,2.1587036943361384,0.2160771995131473
-0.012879796622021773,0.6430964799175534,0.8905498522273538,2.158708714532693,0.21616592174259122
-0.013019341374531595,0.6424155495722879,0.8907607996326604,2.1587154997208087,0.21625506949320208
-0.013155761547606825,0.6416708627621578,0.8909481736853371,2.158724062438731,0.21634522923210447
-0.013289024401060803,0.6408629133897819,0.8909626808910576,2.1587344186991353,0.21643612663435413
-0.013419097952448365,0.6399922389745603,0.8909000659903581,2.158746572635262,0.216527256447039
-0.01354595098474155,0.6390594207110003,0.8911091840185532,2.158760526095987,0.2166188445243818
-0.013669553053821556,0.6380650835299416,0.8917374869742488,2.158776290100097,0.21671110518003697
-0.013789874495785084,0.6370098961622233,0.891941296112938,2.1587938692732576,0.21680390121227203
-0.01390688643406364,0.6358945712042587,0.8921414053354303,2.1588132795029806,0.2168979278200573
-0.014020560786353744,0.6347198651849504,0.8900311924683232,2.158834560763356,0.21699709254615218
-0.014130870271356453,0.6334865786333013,0.8898478272641411,2.158857882502733,0.21710533922422456
-0.014237788415324946,0.6321955561460232,0.8902829233498706,2.1588833670608585,0.21721707755726108
-0.014341289558417805,0.6308476864543486,0.8904928168339733,2.1589110343649494,0.21732911809999972
-0.014441348860857602,0.6294439024892172,0.890401843368382,2.1589409042895826,0.21744406624682044
-0.014537942308892047,0.6279851814438778,0.8898279694003541,2.1589730707064727,0.2175652247607282
-0.014631046720557218,0.6264725448329019,0.8878118670951101,2.1590076702462637,0.2176947450890416
-0.01472063975124128,0.6249070585464662,0.885491573461313,2.1590448935675015,0.21783483718090854
-0.014806699899046946,0.623289832898716,0.8829171343628642,2.1590849486128842,0.21798569154997846
-0.014889206509951769,0.6216220226688464,0.8831195617156585,2.159128026649055,0.21814341114644542
-0.014968139782765316,0.6199048271334867,0.8833222982972296,2.159174177905189,0.21830193357299926
-0.015043480773880853,0.6181394900887958,0.8805012043435618,2.159223432442962,0.2184653556501862
-0.01511521140182231,0.6163272998605962,0.8806737947130219,2.15927594478659,0.21863582724361624
-0.015183314451583175,0.6144695893006821,0.8808469512587384,2.1593317659205695,0.2188070709062639
-0.015247773578758478,0.612567735767345,0.881010916513468,2.159390905997768,0.2189792152535127
-0.015308573313467128,0.6106231610879502,0.8811710185928424,2.15945337565371,0.2191522162165882
-0.015365699064064636,0.6086373315012891,0.8781121826878664,2.1595192078597147,0.2193303682111304
-0.015419137120645014,0.6066117575772074,0.878603548626063,2.1595885580134,0.2195152108294078
-0.015468874658331282,0.6045479941108747,0.8787414903722165,2.1596614630332214,0.2197003184602166
-0.01551489974035311,0.6024476399888434,0.8788943645029709,2.1597379305058335,0.21988622838280683
-0.015557201320911743,0.6003123380238613,0.8789772553685701,2.159817958461319,0.22007193875562778
-0.015595769247830887,0.5981437747552039,0.8791115962357293,2.159901537162694,0.2202579255578129
-0.015630594264993247,0.5959436802110645,0.8792509901594973,2.1599886745560775,0.22044489525277877
-0.015661668014561852,0.5937138276293651,0.880103035264901,2.160079382664192,0.22063251875564693
-0.015688983038985953,0.5914560331330798,0.8809120388921264,2.160173656594762,0.22081999110875244
-0.01571253278279081,0.5891721553559847,0.8810335190732878,2.1602714877704083,0.22100764315313853
-0.01573231159415105,0.5868640950144985,0.8811556739984243,2.1603728809204186,0.221196124146163
-0.015748314726246705,0.5845337944210709,0.881275093608418,2.1604778475758626,0.22138568178502546
-0.01576053833840305,0.5821832369343295,0.8813913607304641,2.160586404313582,0.2215764892245918
-0.01576897949701178,0.5798144463410004,0.8821760660667568,2.160698564379277,0.22176786273623966
-0.015773636176235322,0.5774294861644006,0.8829158774283432,2.1608143247815352,0.2219592673126209
-0.015774507258493067,0.5750304588940689,0.8830231556087246,2.160933678341024,0.22215091067838363
-0.015771592534729456,0.5726195051309662,0.8831260646440949,2.1610566315715505,0.22234347110760094
-0.015764892704464184,0.5701988026424415,0.8832261261762576,2.1611831959990067,0.22253698619589463
-0.015754409375624334,0.5677705653210526,0.883323248997947,2.161313383370791,0.22273142304843155
-0.01574014506415852,0.5653370420411721,0.8820954179668647,2.1614472185636613,0.22292962891121118
-0.01572210319343305,0.5629005154072262,0.8809298002947399,2.1615848276941003,0.22313591394669802
-0.015700288093410283,0.5604633003873394,0.8779603557034176,2.1617263663001225,0.22335085316421385
-0.015674704999609466,0.5580277428261445,0.877037501417151,2.161872007665951,0.22357433181056094
-0.01564536005185034,0.5555962178305145,0.8772318186711526,2.1620218773190043,0.22380179145589563
-0.01561226029277952,0.5531711280220817,0.877365141287096,2.162175987601564,0.22402876751331566
-0.015575413666180286,0.5507549016505119,0.8745335648890893,2.1623343379538884,0.22425882643798264
-0.015534829015066181,0.548349990561713,0.8730949342040157,2.162497051613287,0.22449712160150972
-0.015490516079558595,0.5459588680154245,0.8704249595306658,2.16266428050318,0.22474321880712847
-0.015442485494549373,0.5435840263469782,0.8706051312832498,2.1628361519194215,0.22499388688581584
-0.015390748787148372,0.5412279744684588,0.8714095400553686,2.1630126902619558,0.22524460940636698
-0.015335318373917035,0.5388932352050181,0.8721660468776858,2.1631938820956855,0.22549502115612052
-0.015276207557888432,0.5365823424627046,0.8723403685687726,2.1633797133732298,0.22574535191776
-0.01521343052537465,0.5342978382249159,0.8697304779027658,2.163570189947531,0.22599847164507528
-0.015147002342562162,0.5320422693753886,0.8699098695195204,2.163765396284234,0.22625559237095322
-0.015076938951896058,0.5298181843465933,0.870089246599459,2.16396535050015,0.22651282973069053
-0.015003257168253648,0.5276281295934546,0.8708251956276927,2.164170047274664,0.22677016105409223
-0.014925974674909465,0.5254746458934738,0.8692511257679807,2.1643794902795155,0.22703053260448733
-0.01484511001929078,0.5233602644756117,0.8677449233152726,2.16459379532409,0.2272986420128219
-0.014760682608526896,0.5212875029816748,0.8684554794170186,2.164813087141914,0.22757099775955178
-0.014672712704791098,0.5192588612654426,0.8666853137673924,2.165037394661733,0.2278461770598988
-0.014581221420438002,0.5172768170363353,0.8669174959855198,2.1652668120649095,0.22812581966285278
-0.014486230712936681,0.5153438213561338,0.8649582483155085,2.1655013652481845,0.22840695794925514
-0.014387763379600944,0.5134622939989605,0.8634492642890201,2.1657411110090314,0.22869298773780475
-0.014285843052118151,0.5116346186865729,0.863722380717681,2.1659861422160325,0.22898264892072667
-0.01418049419087769,0.5098631382128399,0.8641956669228817,2.166236466776425,0.2292718072439729
-0.014071742079100504,0.5081501494731371,0.8648946695928518,2.1664920620799686,0.22956032809197757
-0.013959612816771412,0.5064978984162665,0.8655445167679581,2.1667529046765575,0.22984816378840386
-0.013844133314375142,0.5049085749383188,0.8639582072898954,2.1670189777451,0.23013674075283486
-0.013725331286437993,0.5033843077396631,0.8625122535838737,2.1672903112656856,0.23042782636835826
-0.013603235244876286,0.5019271591679498,0.8612066142206011,2.1675669384462557,0.23072078381130798
-0.013477874492153987,0.5005391200715376,0.861838413979883,2.167848876473444,0.23101438460212237
-0.013349279114249988,0.49922210468919714,0.8621355087930019,2.168136112972635,0.231307543770881
-0.013217479973437697,0.49797794560314834,0.8627199413580398,2.168428625243191,0.23159984090854693
-0.013082508700878267,0.49680838878349354,0.8615754109719957,2.168726389910162,0.23189230873902342
-0.012944397689029165,0.49571508875289627,0.8618710010715763,2.1690294138953936,0.23218542848479695
-0.012803180083870339,0.49469960390082074,0.8624241029734521,2.169337683348288,0.23247801014936662
-0.012658889776949133,0.4937633919768609,0.8627185990119633,2.169651169639572,0.23276909013797834
-0.012511561397246577,0.4929078057925542,0.8632293666021196,2.1699698365102025,0.23305946822403742
-0.012361230302866599,0.49213408916062357,0.8635189182059387,2.1702936633384042,0.23334936126573572
-0.012207932572550302,0.49144337309979996,0.8638127243393499,2.1706226296018194,0.23363866419855142
-0.012051704997016981,0.4908366723322045,0.8641049131106004,2.1709567142476085,0.233927523008045
-0.011892585070134925,0.4903148820988137,0.8645805439443828,2.1712958979120125,0.23421588714569694
-0.011730610979922763,0.48987877531665164,0.8628027046386337,2.1716401729747115,0.2345062677360105
-0.011565821599384601,0.4895290000992457,0.8631073441138164,2.1719896058268513,0.23479971805944092
-0.011398256477180837,0.48926607765938973,0.8634109431476321,2.1723441954356404,0.23509216020583718
-0.01122795582813635,0.4890904006105526,0.8635628852567425,2.1727039005839326,0.23538296824709795
-0.011054960523589535,0.48900223168030166,0.8617584325683957,2.1730687052892863,0.23567573022286406
-0.010879312081582973,0.4890017028459518,0.8600273899889672,2.173438682967396,0.23597358330544552
-0.010701052656899683,0.48908881489934064,0.8595330996508986,2.1738139064313553,0.23627379105087704
-0.010520225030945901,0.4892634374442121,0.8591665243895378,2.174194372249354,0.2365734172618867
-0.010336872601483795,0.4895253093262383,0.8589345633795311,2.174580058051905,0.23687238787847079
-0.010151039372216338,0.48987403949222896,0.8594558273950694,2.1749709402797484,0.2371706937085534
-0.009962769942226527,0.4903091082716681,0.8575434886422305,2.1753670042395084,0.2374702256287216
-0.009772109495273844,0.4908298690704029,0.8579388268552612,2.1757682919008094,0.23777183876116198
-0.009579103788950317,0.4914355504631677,0.8560556781650995,2.1761748054405037,0.23807444832443828
-0.009383799143699006,0.49212525866862417,0.8564443166690271,2.176586579112204,0.2383788000034423
-0.00918624243169732,0.4928979803879043,0.8546379468691763,2.1770036099770396,0.23868381292225418
-0.008986481065607772,0.49375258598516564,0.8547253353832065,2.177425922523727,0.23899006852712792
-0.008784562987199339,0.4946878329865163,0.8551264657049436,2.1778534975786137,0.2392951418180067
-0.008580536655841601,0.4957023698718207,0.855214051406898,2.178286305761639,0.2395994239708006
-0.008374451036874713,0.49679474013242275,0.8556208296918392,2.1787243197390675,0.2399028096285524
-0.008166355589858032,0.4979633865666332,0.8535322079223074,2.1791675193533937,0.2402067492194391
-0.007956300256699871,0.4992066557840641,0.8539661189398351,2.179615922286628,0.24051161718157954
-0.007744335449671927,0.5005228028894031,0.8518986755932821,2.1800695153632033,0.24081651199156956
-0.0075305120393103645,0.5019099963161061,0.8522846830246411,2.180528310364895,0.24112264718441812
-0.007314881342207358,0.5033663227806852,0.8527140818000406,2.1809922964536437,0.24142773515519975
-0.007097495108695084,0.5048897923287385,0.8531497442091952,2.181461439010886,0.24173161176307006
-0.006878405510426084,0.5064783434446466,0.8535513918609183,2.1819357036272318,0.24203429072993649
-0.00665766512785231,0.5081298481978639,0.8539531148793065,2.1824150575167955,0.24233595183337253
-0.0064353269376059554,0.5098421173999378,0.8543593783826392,2.1828994712221883,0.24263663935381677
-0.006211444299785435,0.5116129057478297,0.8548122043582826,2.183388912733709,0.24293590808681123
-0.005986070945149135,0.5134399169306229,0.8554812513228317,2.1838833359668737,0.24323303162347035
-0.005759260962220306,0.515320808678429,0.8560309298398142,2.1843826816959178,0.24352782149703156
-0.00553106878430617,0.51725319773403,0.8565884061459595,2.184886903817202,0.243821014295142
-0.0053015491764340245,0.5192346647296502,0.8575210836228903,2.1853959573551767,0.24411196905344396
-0.005070757222208033,0.521262758953085,0.8576923966970126,2.1859097792038527,0.2444005171664672
-0.0048387483105893645,0.5233350029892986,0.8582889160249498,2.1864283252074674,0.2446878656099623
-0.004605578122603141,0.5254488972254234,0.8588848014309095,2.186951578482314,0.24497508548539076
-0.004371302617975171,0.5276019242089115,0.8594851043895845,2.1874795068778017,0.2452605070331299
-0.00413597802170205,0.5297915528503341,0.8606249355465735,2.1880120632585016,0.2455436178300678
-0.0038996608105572286,0.5320152424639832,0.8612845586420554,2.188549182831526,0.24582418786209895
-0.0036624076995370675,0.5342704466410347,0.862502722453496,2.189090817733371,0.24610265979572085
-0.0034242756282493007,0.5365546169515112,0.8631116577249162,2.189636905337056,0.24637854812695414
-0.0031853217472479715,0.5388652064726641,0.8637170753236771,2.1901873973416865,0.24665274817743496
-0.002945603404317522,0.5411996731426877,0.8649852386805915,2.1907422483893204,0.2469246820902109
-0.0027051781307095395,0.5435554829398296,0.8663031441246591,2.191301391872746,0.24719341482471974
-0.0024641036273355937,0.5459301128880235,0.8667300107442466,2.1918647597308047,0.2474597321224205
-0.002222437750919324,0.5483210538911089,0.8680918752014342,2.1924323066505287,0.24772404173027412
-0.0019802385001109982,0.5507258133985322,0.8686051385411946,2.193003972595091,0.24798595640641033
-0.0017375640015682308,0.5531419179061473,0.8691646122211294,2.193579717317208,0.2482466003714049
-0.0014944724960057553,0.5555669152963687,0.8696384232690908,2.1941595046942455,0.24850581625377208
-0.0012510223242180563,0.557998377022429,0.8701912599208281,2.194743299679308,0.24876367141808015
-0.0010072719130777529,0.5604339001419568,0.8707367720874661,2.1953310644242516,0.2490199419809131
-0.0007632797615134237,0.562871109205417,0.8712811638352124,2.195922759648725,0.24927467670346268
-0.00051910442647028,0.5653076580052396,0.8717124418988809,2.1965183477156573,0.24952800671654612
-0.00027480450885662916,0.5677412311916539,0.8721044184826957,2.1971177941842206,0.24978000932101135
-3.043863948000336e-05,0.5701695457613769,0.8726366749499165,2.1977210597155064,0.2500300099944282
0.00021393453502392673,0.5725903524253911,0.8731649202047336,2.1983280967920122,0.2502783569626376
0.0004582563662663246,0.575001436862048,0.8736895609693847,2.1989388687665583,0.2505252642556204
0.0007024682181804963,0.5774006208617333,0.8742094157112571,2.1995533389936273,0.25077070458834055
0.0009465114810942507,0.5797857633692467,0.8745612648448674,2.200171470803572,0.2510147143025228
0.0011903275857959277,0.5821547614299518,0.8748753795995431,2.200793229842088,0.25125742450042804
0.0014338580175907696,0.5845055510456431,0.8753856664238198,2.2014185815641687,0.25149864058181215
0.0016770443303441174,0.5868361079458859,0.8757662128348563,2.20204748704415,0.25173827204133714
0.0019198281605082856,0.5891444482804511,0.8740838976323365,2.202679906101175,0.2519755777848665
0.0021621512411294256,0.5914286292382498,0.8724620583407304,2.203315759901078,0.25220841601175503
0.002403955415831385,0.5936867495979715,0.8734183153204292,2.203954947636517,0.25243670352743386
0.002645182652772946,0.5959169502154393,0.8718651039661014,2.204597377315997,0.25266030113530896
0.0028857750585751926,0.5981174144524404,0.872770102041098,2.205242931811004,0.25287834557908756
0.003125674892215608,0.6002863685516053,0.8737421887945119,2.20589150755151,0.2530917308046089
0.0033648245788856688,0.6024220819616504,0.8742033807873725,2.2065430074643313,0.25330135494430134
0.003603166723808565,0.6045228676171007,0.8745629223993117,2.2071973731295382,0.2535090673351679
0.003840644126013598,0.6065870821763746,0.8750216096939313,2.207854567865722,0.2537153295016218
0.0040771997920641696,0.6086131262218886,0.8735638608044293,2.2085145407562425,0.25391727714385987
0.004312776949735927,0.6105994444256411,0.8739203514776734,2.2091771603662784,0.25411364475940856
0.004547319061641892,0.6125445256835125,0.8743653788555487,2.2098423638542917,0.2543083772968984
0.004780769838800997,0.6144469032213197,0.8748095352505036,2.2105101117888575,0.25450151738506654
0.005013073254147369,0.6163051546754751,0.8752536531469844,2.211180373213777,0.2546933583576447
0.005244173555976399,0.6181179021508952,0.8756966306476993,2.2118531081885915,0.2548832267461632
0.005474015281325004,0.619883812258654,0.8765966880392788,2.2125282665157697,0.2550695974642313
0.00570254326928237,0.621601596135661,0.8770361327996017,2.2132057490685506,0.25525180262056124
0.005929702674228368,0.6232700094485283,0.8779585228153348,2.213885490286365,0.25543011426661355
0.006155438978996225,0.6248878523835993,0.8788664830242395,2.2145673635981047,0.25560108606921783
0.006379698007956351,0.6264539696249776,0.8791771600625473,2.215251227616116,0.2557670032959264
0.006602425940018315,0.6279672503222674,0.8796485103755702,2.215937022693671,0.2559309347674007
0.006823569321547534,0.6294266280495779,0.8801220809002045,2.216624699448733,0.25609257293536225
0.007043075079193974,0.6308310807572488,0.8805962897683429,2.217314209457278,0.2562519924433919
0.007260890532629488,0.6321796307176283,0.881414176717814,2.2180054934116233,0.2564068435968973
0.007476963407190803,0.6334713444661055,0.8801002117055339,2.2186984028004217,0.2565523979975446
0.007691241846425211,0.6347053327385522,0.8805555372211945,2.2193927432513054,0.25669042627980987
0.007903674424535857,0.6358807504061598,0.8808835860870218,2.220088432803904,0.25682647830264393
0.008114210158723767,0.636996796408638,0.881337100960988,2.2207854343012063,0.25696072293652855
0.008322798521423284,0.6380527136866158,0.881788527334149,2.221483702987877,0.25709276121424046
0.008529389452428633,0.6390477891140248,0.8822344593781337,2.222183181359145,0.25722025417926675
0.008733933370908099,0.6399813534311708,0.8823978939206669,2.222883726590926,0.2573394568418886
0.008936381187303033,0.6408527811791395,0.8828054912717778,2.2235851817371235,0.2574526055394753
0.009136684315109344,0.6416614906361042,0.8832081509342433,2.224287473736125,0.2575635537958489
0.009334794682537811,0.6424069437560671,0.8835916219060721,2.2249905573431974,0.25767230462638074
0.009530664744051266,0.6430886461104994,0.8826374978599355,2.225694364395377,0.25777433012097734
0.009724247491775105,0.6437061468332899,0.8830560785287662,2.2263986925609127,0.2578676269728721
0.00991549646677914,0.6442590385694023,0.883432808934765,2.2271034624914745,0.2579593388878292
0.010104365770227393,0.6447469574275285,0.8838193503353027,2.227808635833076,0.2580489790162764
0.010290810074393666,0.6451695829370727,0.884174442299899,2.228514171144309,0.25813654386646706
0.010474784633539909,0.6455266380096868,0.8845405186273593,2.2292200239786766,0.25822184311236324
0.01065624529465506,0.6458178889055959,0.8849005192305996,2.229926147462385,0.2583048434823342
0.010835148508051487,0.6460431452048798,0.8852815487976421,2.230632495929122,0.25838565752272036
0.011011451337816674,0.6462022597838812,0.8856163200125002,2.231339030273219,0.2584646724198433
0.011185111472117879,0.6462951287968471,0.8859654484196866,2.2320457110064202,0.2585415951838067
0.011356087233356441,0.6463216916629142,0.8851634374536825,2.232752485762709,0.2586145604211902
0.011524337588170334,0.6462819310584821,0.8838022117518295,2.2334592423799347,0.2586814365178227
0.011689822157282065,0.6461758729150356,0.8842247690574255,2.2341658800057425,0.2587447292838276
0.01185250122518944,0.6460035864224085,0.8844653050740275,2.23487235576141,0.2588064559903899
0.012012335749696991,0.6457651840374855,0.8824472430241292,2.2355786304653327,0.25886563325083073
0.012169287371286135,0.6454608214982844,0.882874759739407,2.2362846476695393,0.2589223098443904
0.012323318422320994,0.6450906978433695,0.8822746795856935,2.2369903451836657,0.25897201498857986
0.012474391936088826,0.6446550554364685,0.8817540564061719,2.237695469835189,0.25900604274301886
0.012622471655671388,0.6441541799961947,0.8819074282344211,2.238399735753967,0.25902992445871675
0.01276752204264688,0.6435884006306901,0.882054159996926,2.2391030557849616,0.25905222028074065
0.012909508285618682,0.6429580898770088,0.8821940774169815,2.2398053996875813,0.2590728463575177
0.013048396308570003,0.6422636637450263,0.8821488724222856,2.240506735151426,0.25909180189355074
0.013184152779042061,0.6415055817655939,0.8822419336101832,2.241207032759932,0.2591092126026858
0.013316745116133556,0.6406843470426573,0.8826785703350224,2.2419062643516177,0.2591251744084512
0.013446141498320095,0.6398005063089907,0.8828046654121622,2.242604402996595,0.2591396011881897
0.013572310871091104,0.6388546499851712,0.8832400651855159,2.2433014186491063,0.2591524218493196
0.013695222954402701,0.6378474122413629,0.883718458938511,2.243997281330137,0.2591635754025737
0.013814848249944932,0.6367794710614245,0.8841520124043065,2.2446919599990247,0.25917308410007656
0.013931158048221079,0.6356515483088252,0.8842674537588784,2.245385424702076,0.25918098805396567
0.014044124435437861,0.6344644097937571,0.8843330144372964,2.246077646110012,0.25918734729583326
0.014153720300204616,0.633218865340808,0.8847655256743168,2.2467685958632893,0.25919212899748295
0.014259919340039834,0.6319157688564695,0.8846639277658727,2.247458245813911,0.25919545486342205
0.014362696067683797,0.6305560183956797,0.8812811097646639,2.248146573158712,0.2591981011939451
0.014462025817215212,0.6291405562265431,0.8812670854886715,2.2488335821135257,0.2592007991031338
0.014557884749970964,0.6276703688922664,0.881297331665662,2.2495192607958616,0.25920227057363887
0.01465024986026733,0.6261464872692659,0.8813199024308995,2.2502035858277964,0.25920246436130817
0.01473909898092127,0.6245699866203112,0.8828733666237608,2.250886495236745,0.25919343576331216
0.014824410788570247,0.6229419866414612,0.8828790143155765,2.251567688757588,0.2591713099584644
0.01490616480878998,0.6212636515014366,0.8828233038436053,2.2522470683259774,0.2591481075567271
0.014984341421008027,0.6195361898719657,0.8782415573701651,2.2529246264537353,0.2591260273089658
0.015058921863212725,0.6177608549475034,0.8787703802498498,2.253600423873863,0.259106108922181
0.015129888236455958,0.6159389444526019,0.8808111479184589,2.254274416004429,0.2590763040290601
0.01519722350914883,0.6140718006350603,0.8812750896626207,2.254946285731176,0.2590326959586925
0.015260911521149029,0.6121608102428425,0.8758686535899459,2.255615945591787,0.25899124176918875
0.015320936987639526,0.6102074044825875,0.8757327700688808,2.2562834993165524,0.25895415086954315
0.015377285502796363,0.608213058957371,0.8755261436217158,2.2569489727444996,0.25891654669431746
0.015429943543246408,0.6061792935812138,0.8753791683815254,2.2576123588938497,0.2588782537450781
0.015478898471312806,0.6041076724676354,0.8752268451577248,2.2582736484928625,0.25883945031051586
0.015524138538047747,0.6019998037893831,0.8750682301433437,2.2589328401130033,0.2588004865288836
0.015565652886052399,0.5998573396062375,0.8749045586512454,2.259589932638371,0.258761155831734
0.015603431552082521,0.5976819756576339,0.8686947365160541,2.2602449433911573,0.2587257280442316
0.01563746546943958,0.5954754511165896,0.8711269409793653,2.26089797917467,0.2586879668354815
0.015667746470146834,0.5932395483012428,0.864355820455291,2.2615488063281015,0.2586422172888195
0.0156942672869094,0.5909760923400604,0.8574812974059386,2.2621975504390197,0.2586097437434779
0.015717021554858622,0.588686950786582,0.8572497182473532,2.2628444600136586,0.2585856114674408
0.015736003813079373,0.586374033179305,0.860960377629331,2.2634895479352277,0.2585519928696315
0.015751209505920887,0.5840392905421325,0.8607125996202449,2.2641324846638526,0.25850404550264794
0.015762634984089748,0.5816847148205415,0.8604669813000924,2.2647731768402184,0.25845592458627337
0.015770277505526082,0.5793123382484486,0.8602227919932589,2.265411626541486,0.25840760812440156
0.01577413523606149,0.5769242326405102,0.8599795405713266,2.266047830870068,0.25835895800204944
0.015774207249859097,0.5745225086044095,0.8597378752471684,2.266681793739192,0.25831051007631056
0.015770493529636,0.5721093146674955,0.8594978908758308,2.2673135240416618,0.258262275911234
0.01576299496666717,0.5696868363119554,0.8592586396044622,2.2679430310634117,0.2582142977173515
0.015751713360571705,0.5672572949125692,0.8636340872698927,2.2685702759664776,0.258157062979768
0.01573665141888096,0.5648229465709567,0.8680396534911397,2.2691948945193756,0.2580770469366599
0.01571781275638867,0.562386080840153,0.8686922895745852,2.2698164869505875,0.2579832609786788
0.01569520189428338,0.5599490193332662,0.8738709644678376,2.270434906781649,0.2578793982734267
0.015668824259063397,0.5575141142099826,0.8789524844887937,2.271049785873872,0.25775280861883076
0.01563868618123463,0.5550837465346923,0.884526624390247,2.2716606932566927,0.2576050147863452
0.01560479489379108,0.5526603245001122,0.8769637577066081,2.272267298041386,0.25745209226873794
0.015567158530479033,0.5502462815104194,0.8766522072827434,2.272869782785479,0.25731039972535885
0.015525786123844998,0.5478440741181245,0.8763423711302861,2.2734682421447663,0.25716967904365123
0.015480687603068066,0.5454561798091844,0.8760335801780019,2.2740627041631916,0.25702997268901145
0.015431873791576638,0.543085094631251,0.876660666090377,2.274653193680651,0.25689053489727776
0.015379356404451204,0.5407333306603738,0.8832271484031134,2.275239670625052,0.2567427297259384
0.015323148045612568,0.538403413302031,0.8893976566154919,2.2758218330004256,0.2565763848412721
