x_mean,x_rms,order_parameter,residue_mean,mismatch_mean
-0.009763459981777058,0.49085534866202174,0.03441049717751197,0.0,0.0
-0.009570349650717878,0.4914648376676423,0.034616317711487404,0.0,0.0
-0.009374942481682037,0.4921583103615534,0.034944867580198206,0.0,0.0
-0.009177285371452166,0.4929347481301235,0.035269486003028046,0.0,0.0
-0.008977425756785954,0.49379301617379406,0.0355920896844308,0.0,0.0
-0.008775411603031455,0.4947318670197619,0.0359121237073999,0.0,0.0
-0.008571291392615973,0.49574994432636793,0.03612263740883895,0.0,0.0
-0.008365114113410146,0.4968457869521442,0.03633782304704731,0.0,0.0
-0.008156929246971307,0.498017833261347,0.036449739252974823,0.0,0.0
-0.007946786756667998,0.49926442563701146,0.03656557615522422,0.0,0.0
-0.007734737075689288,0.5005838151721188,0.03679226673048176,0.0,0.0
-0.007520831094940653,0.5019741665093559,0.037020290527155754,0.0,0.0
-0.007305120150830721,0.5034335628001507,0.03725066034920958,0.0,0.0
-0.007087656012950597,0.5049600107541709,0.03748462854284511,0.0,0.0
-0.006868490871649515,0.5065514457512469,0.05254530081993045,0.0,0.0
-0.006647677325509359,0.5082057369886878,0.052887965884804634,0.0,0.0
-0.006425268368721284,0.5099206926382034,0.053236886717384996,0.0,0.0
-0.006201317378367213,0.5116940649880518,0.06843413371189601,0.0,0.0
-0.0059758781016099214,0.5135235555475876,0.06888487981625692,0.0,0.0
-0.005749004642793668,0.515406820093089,0.0693375709971999,0.0,0.0
-0.005520751450459487,0.5173414736354903,0.06979337917976251,0.0,0.0
-0.005291173304277931,0.5193250952924897,0.07016692837649577,0.0,0.0
-0.0050603253019020225,0.521355233049354,0.07062459352743854,0.0,0.0
-0.004828262845744248,0.5234294083946018,0.07108545150002446,0.0,0.0
-0.004595041629680113,0.5255451208185916,0.07155212865985978,0.0,0.0
-0.004360717625682007,0.5276998521648417,0.0720207685663735,0.0,0.0
-0.0041253470703860404,0.5298910708256535,0.07249107941772853,0.0,0.0
-0.0038889864515956937,0.5321162357752672,0.07296574948596096,0.0,0.0
-0.0036516924947248676,0.5343728004353795,0.07344307636011485,0.0,0.0
-0.0034135221491842205,0.5366582163693209,0.07392304429392148,0.0,0.0
-0.00317453257471335,0.538969936802582,0.07434248451658654,0.0,0.0
-0.0029347811276629527,0.5413054199686443,0.08953510709496476,0.0,0.0
-0.0026943253472294874,0.5436621322802425,0.09011058716690638,0.0,0.0
-0.0024532229416460057,0.5460375513272188,0.10525889229495942,0.0,0.0
-0.0022115317743325352,0.5484291687030798,0.10592003566316154,0.0,0.0
-0.0019693098500090257,0.5508344926631775,0.10658788796269981,0.0,0.0
-0.0017266153007746412,0.5532510506181805,0.12140176654360964,0.0,0.0
-0.0014835063721561977,0.5556763914670861,0.12215778124867217,0.0,0.0
-0.001240041409129589,0.5581080877745754,0.12291993913912226,0.0,0.0
-0.0009962788421172832,0.5605437377979291,0.12368769652331546,0.0,0.0
-0.0007522771729652358,0.5629809673690568,0.12446027794811085,0.0,0.0
-0.0005080949609028207,0.5654174316374904,0.12523898459265748,0.0,0.0
-0.0002637908084887673,0.5678508166803521,0.12602091639166646,0.0,0.0
-1.9423347546990987e-05,0.5702788409854606,0.1268074603217556,0.0,0.0
0.0002249487749049312,0.5726992568138012,0.12759724967435238,0.0,0.0
0.00046926691073061953,0.5751098514476143,0.1283925831997221,0.0,0.0
0.0007134724247502517,0.5775084483303122,0.12919200556073324,0.0,0.0
0.0009575067088127242,0.5798929081043961,0.12999451691074132,0.0,0.0
0.0012013111958612396,0.582261129553409,0.14467476377551908,0.0,0.0
0.0014448273739892047,0.5846110504538641,0.14555630908797057,0.0,0.0
0.0016879968004828406,0.58694064834292,0.16007610450850843,0.0,0.0
0.0019307611158470106,0.5892479412073766,0.16103503030742014,0.0,0.0
0.0021730620578113637,0.5915309880994262,0.16200003295820192,0.0,0.0
0.0024148414753128998,0.5937878896843342,0.16297217088426594,0.0,0.0
0.002656041342452039,0.5960167887250514,0.163950693259302,0.0,0.0
0.0028966037724184207,0.5982158705085188,0.16493630593955716,0.0,0.0
0.0031364710313836488,0.6003833632182164,0.16592761176440637,0.0,0.0
0.0033755855523569583,0.6025175382572702,0.16692464737844598,0.0,0.0
0.0036138899490011163,0.6046167105262125,0.16792746224867286,0.0,0.0
0.0038513270294048426,0.6066792386592808,0.16893708819777745,0.0,0.0
0.0040878398098085494,0.6087035252228915,0.16995467220970917,0.0,0.0
0.004323371528280279,0.6106880168797455,0.17097882015684282,0.0,0.0
0.004557865658338204,0.6126312045217921,0.17200967904473616,0.0,0.0
0.004791265922516723,0.614531623375081,0.17304640167636462,0.0,0.0
0.005023516305872768,0.6163878530793343,0.18738994627005104,0.0,0.0
0.005254561069429203,0.6181985177448969,0.188496423944889,0.0,0.0
0.005484344763551828,0.6199622859895269,0.18960716643840123,0.0,0.0
0.005712812241257084,0.6216778709573155,0.20357815860867728,0.0,0.0
0.005939908671446976,0.6233440303218944,0.21740445178841403,0.0,0.0
0.006165579552068388,0.6249595662758759,0.21863099707138242,0.0,0.0
0.006389770723193224,0.6265233255083937,0.21986576000647912,0.0,0.0
0.006612428380016564,0.6280341991724068,0.22110630808371393,0.0,0.0
0.006833499085769609,0.6294911228433493,0.2224164450359313,0.0,0.0
0.007052929784544098,0.6308930764705655,0.2236730935532291,0.0,0.0
0.007270667814025688,0.6322390843228349,0.22494037157790206,0.0,0.0
0.007486660918132485,0.633528214929237,0.22621737791624408,0.0,0.0
0.007700857259556283,0.6347595810164378,0.22749958504542958,0.0,0.0
0.007913205432203361,0.6359323394434432,0.22865231242839074,0.0,0.0
0.008123654473531569,0.6370456911347451,0.2299452331283528,0.0,0.0
0.008332153876781172,0.6380988810126944,0.2434681702409564,0.0,0.0
0.008538653603096254,0.6390911979299141,0.24481190342408843,0.0,0.0
0.008743104093533708,0.6400219746024098,0.24616127157290257,0.0,0.0
0.008945456280957305,0.6408905875440501,0.2475203573999297,0.0,0.0
0.0091456616018133,0.6416964570029738,0.24888685087484683,0.0,0.0
0.00934367200778576,0.6424390469004538,0.25026058389036854,0.0,0.0
0.009539439977327728,0.6431178647726757,0.26332206193011043,0.0,0.0
0.009732918527066266,0.6437324617158465,0.2763533437162341,0.0,0.0
0.009924061223078125,0.6442824323350241,0.2890323071152467,0.0,0.0
0.010112822192033818,0.644767414696962,0.29051498777172075,0.0,0.0
0.010299156132206866,0.6451870902872914,0.2920048159700617,0.0,0.0
0.010483018324346094,0.6455411839722707,0.2935002969393569,0.0,0.0
0.010664364642407935,0.6458294639653276,0.29499927958730554,0.0,0.0
0.01084315156414655,0.6460517417985692,0.2965050533647209,0.0,0.0
0.011019336181558956,0.6462078722994259,0.2980152438536906,0.0,0.0
0.011192876211182682,0.6462977535725305,0.2995287061350577,0.0,0.0
0.011363730004243636,0.6463213269869426,0.3010493437883822,0.0,0.0
0.011531856556651635,0.6462785771687714,0.3025775135312518,0.0,0.0
0.011697215518841132,0.6461695319992435,0.30420231231183814,0.0,0.0
0.011859767205454955,0.6459942626182049,0.3057408521668846,0.0,0.0
0.012019472604868596,0.6457528834330748,0.3073648631327832,0.0,0.0
0.012176293388552807,0.6454455521331672,0.30891494854829504,0.0,0.0
0.012330191920272297,0.6450724697093387,0.31047228372055846,0.0,0.0
0.01248113126511818,0.6446338804788428,0.31203873274946536,0.0,0.0
0.012629075198372237,0.6441300721152735,0.3136133569982396,0.0,0.0
0.012773988214200617,0.6435613756834281,0.31512452578379857,0.0,0.0
0.012915835534175147,0.6429281656789013,0.3167177940284568,0.0,0.0
0.013054583115619967,0.6422308600721903,0.31822590184259386,0.0,0.0
0.013190197659781527,0.6414699203570341,0.3198318244416795,0.0,0.0
0.013322646619820149,0.6406458516027006,0.3214431142474588,0.0,0.0
0.013451898208621289,0.6397592025098822,0.32306152015619616,0.0,0.0
0.013577921406424021,0.6388105654697993,0.3246856675839549,0.0,0.0
0.013700685968265808,0.6378005766261029,0.32631453618089734,0.0,0.0
0.01382016243124113,0.6367299159390759,0.3279515242819758,0.0,0.0
0.013936322121572347,0.6355993072516152,0.32959474011836387,0.0,0.0
0.0140491371614914,0.6344095183563834,0.3312426869600468,0.0,0.0
0.014158580475930205,0.6331613610634927,0.33289826522566285,0.0,0.0
0.01426462579901871,0.6318556912679817,0.33456024337355234,0.0,0.0
0.014367247680388348,0.630493409016305,0.3362289353626637,0.0,0.0
0.014466421491280204,0.6290754585709374,0.33790403859633694,0.0,0.0
0.014562123430455738,0.6276028284721675,0.3395880518038636,0.0,0.0
0.014654330529908973,0.6260765515960038,0.3412812332671922,0.0,0.0
0.014743020660378574,0.6244977052070702,0.3523604136303219,0.0,0.0
0.014828172536659015,0.6228674110052228,0.3540835875374355,0.0,0.0
0.014909765722708695,0.6211868351645593,0.35581758567887073,0.0,0.0
0.014987780636554666,0.619457188363307,0.3575584621938822,0.0,0.0
0.015062198554992074,0.6176797258030404,0.36761620440145615,0.0,0.0
0.015133001618077704,0.6158557472154357,0.3693825426647828,0.0,0.0
0.01520017283341632,0.6139865968547451,0.37115720060714874,0.0,0.0
0.015263696080238632,0.6120736634739274,0.3729362027544355,0.0,0.0
0.015323556113270314,0.610118380282273,0.3747207773968467,0.0,0.0
0.015379738566390848,0.6081222248821808,0.37651180728649036,0.0,0.0
0.015432229956081147,0.6060867191825465,0.38583600288831116,0.0,0.0
0.015481017684659626,0.6040134292860871,0.3876527320447339,0.0,0.0
0.015526090043305619,0.6019039653476946,0.3894742370721788,0.0,0.0
0.015567436214869465,0.5997599814007312,0.3913020551728162,0.0,0.0
0.015605046276468375,0.5975831751479804,0.39313813562493566,0.0,0.0
0.015638911201868187,0.5953752877137494,0.39498107469458843,0.0,0.0
0.015669022863649292,0.5931381033533997,0.3968294935195114,0.0,0.0
0.015695374035157427,0.5908734491163761,0.39868436506294963,0.0,0.0
0.015717958392237916,0.58858319445857,0.40054906297346843,0.0,0.0
0.015736770514753497,0.5862692507996331,0.4024188100487169,0.0,0.0
0.015751805887885044,0.5839335710206224,0.40429418980682896,0.0,0.0
0.01576306090321521,0.5815781488971665,0.4062629003374735,0.0,0.0
0.015770532859594316,0.5792050184630754,0.40815023397885214,0.0,0.0
0.015774219963788687,0.5768162532991579,0.4100426340404519,0.0,0.0
0.015774121330911047,0.5744139657417705,0.41194335627084133,0.0,0.0
0.015770236984632827,0.572000306005458,0.41385150118091907,0.0,0.0
0.015762567857178406,0.5695774612138635,0.4157648612660169,0.0,0.0
0.015751115789101655,0.5671476543329534,0.41768452497386704,0.0,0.0
0.01573588352884385,0.5647131430004505,0.419681305400753,0.0,0.0
0.01571687473207444,0.5622762182453199,0.4216120009909416,0.0,0.0
0.015694093960813348,0.559839203091057,0.4236020503411625,0.0,0.0
0.01566754668233632,0.5574044510365344,0.4317068119381752,0.0,0.0
0.015637239267862778,0.554974344408203,0.43365794467253005,0.0,0.0
0.015603178991026688,0.5525512925775053,0.4356158968877036,0.0,0.0
0.015565374026131031,0.5501377300375389,0.4375803118744702,0.0,0.0
0.015523833446185884,0.5477361143332046,0.43954921315013257,0.0,0.0
0.015478567220731005,0.5453489238393592,0.44152141344998047,0.0,0.0
0.015429586213443333,0.5429786553818761,0.44349554082288983,0.0,0.0
0.015376902179529377,0.5406278216969663,0.4454752278012355,0.0,0.0
0.015320527762904393,0.5382989487246509,0.447460818371125,0.0,0.0
0.015260476493157855,0.5359945727329454,0.44945086437201737,0.0,0.0
0.01519676278230615,0.533717237270037,0.4514464942381493,0.0,0.0
0.015129401921334088,0.5314694899426272,0.45838623358451003,0.0,0.0
0.015058410076524973,0.5292538790195461,0.4603925356967938,0.0,0.0
0.014983804285580762,0.5270729498608567,0.46240292461628646,0.0,0.0
0.01490560245353317,0.5249292411738345,0.46847136108017357,0.0,0.0
0.01482382334844648,0.5228252810985403,0.47049089698012503,0.0,0.0
0.014738486596913366,0.5207635831270764,0.47636962443239117,0.0,0.0
0.014649612679344568,0.5187466418621877,0.47839330541627495,0.0,0.0
0.014557222925053754,0.5167769286224085,0.4804185313652758,0.0,0.0
0.014461339507138363,0.5148568869027136,0.4824458882477048,0.0,0.0
0.014361985437158485,0.5129889277013427,0.48447453262328927,0.0,0.0
0.014259184559614013,0.5111754247253131,0.4865047041794588,0.0,0.0
0.014152961546222064,0.5094187094889643,0.4885351926844762,0.0,0.0
0.014043341889995968,0.507721066321766,0.49056689762522654,0.0,0.0
0.013930351899127042,0.506084727303438,0.49260052813550953,0.0,0.0
0.01381401869067071,0.5045118671462826,0.4946367420762328,0.0,0.0
0.013694370184038577,0.5030045980463517,0.4966763521980144,0.0,0.0
0.013571435094297944,0.5015649645267267,0.5018691018075161,0.0,0.0
0.013445242925280156,0.5001949382977321,0.5071459690831804,0.0,0.0
0.013315823962500067,0.49889641316023003,0.512430858761391,0.0,0.0
0.013183209265887534,0.4976711999793658,0.5144131976599462,0.0,0.0
0.013047430662333118,0.4965210217570265,0.5177036619429758,0.0,0.0
0.012908520738049977,0.49544750883201993,0.5197387452312504,0.0,0.0
0.012766512830753078,0.4944521942373762,0.521775912486785,0.0,0.0
0.01262144102165856,0.4935365092442877,0.5238149524700797,0.0,0.0
0.012473340127304234,0.4927017791220066,0.5259112946991923,0.0,0.0
0.012322245691193777,0.4919492191424717,0.5279506664481481,0.0,0.0
0.012168193975266608,0.4912799308575476,0.5305370827705834,0.0,0.0
0.012011221951195087,0.49069489867552324,0.5325801747684723,0.0,0.0
0.01185136729151147,0.4901949867619262,0.5346237974488562,0.0,0.0
0.011688668360566755,0.48978093628781133,0.536667612009114,0.0,0.0
0.011523164205323396,0.48945336304642584,0.5387115555783989,0.0,0.0
0.011354894545984212,0.4892127554566409,0.5407904029132332,0.0,0.0
0.011183899766459676,0.48905947296874414,0.5428326319910185,0.0,0.0
0.011010220904676073,0.48899374488516795,0.5448735803476097,0.0,0.0
0.010833899642726538,0.48901566960553355,0.546914753608566,0.0,0.0
0.010654978296867632,0.4891252143020377,0.5489534608889731,0.0,0.0
0.010473499807363453,0.48932221502779655,0.5510003563947914,0.0,0.0
0.010289507728180347,0.48960637725725686,0.55303333779486,0.0,0.0
0.010103046216534104,0.4899772768543724,0.5552038765984646,0.0,0.0
0.009914160022292503,0.49043436146080693,0.5572405253313326,0.0,0.0
0.009722894477235457,0.49097695229317634,0.5592777009137961,0.0,0.0
0.00952929548417563,0.4916042463352099,0.5612994258381072,0.0,0.0
0.009333409505942154,0.4923153189078211,0.5633337825690543,0.0,0.0
0.009135283554229412,0.4931091265973872,0.5652917330593223,0.0,0.0
0.008934965178314817,0.49398451052018544,0.5674790117630583,0.0,0.0
0.00873250245364701,0.49494019989883015,0.5695227166497399,0.0,0.0
0.00852794397030805,0.4959748159248131,0.5715610603395719,0.0,0.0
0.008321338821352026,0.4970868758798434,0.5735960397278101,0.0,0.0
0.008112736591022964,0.49827479748761455,0.5756291156239485,0.0,0.0
0.007902187342854772,0.4995369034669083,0.5776602955531335,0.0,0.0
0.007689741607656352,0.5008714262565804,0.5800218168547183,0.0,0.0
0.007475450371384357,0.5022765128829225,0.582053249522652,0.0,0.0
0.007259365062906899,0.5037502299401718,0.5839979058675265,0.0,0.0
0.007041537541660716,0.5052905686554845,0.5860194360189933,0.0,0.0
0.0068220200852052775,0.5068954500105449,0.588037399037885,0.0,0.0
0.006600865376676503,0.5085627298930067,0.590053061103093,0.0,0.0
0.006378126492142719,0.5102902042522829,0.5920632641662666,0.0,0.0
0.006153856887867147,0.5120756142355959,0.5940680074314155,0.0,0.0
0.005928110387478196,0.5139166512818352,0.5960686113944719,0.0,0.0
0.0057009411690523756,0.5158109621524519,0.5980314772007835,0.0,0.0
0.005472403752111627,0.5177561538804094,0.5999608859069332,0.0,0.0
0.005242552984539009,0.5197497986200357,0.6019447233413596,0.0,0.0
0.005011444029415405,0.5217894383825126,0.6039223269639475,0.0,0.0
0.004779132351780693,0.5238725896435544,0.6058942816321016,0.0,0.0
0.004545673705322343,0.5259967478117027,0.6077170588596514,0.0,0.0
0.004311124118994863,0.5281593915474293,0.6096771697739427,0.0,0.0
0.0040755398835731,0.5303579869249725,0.6113836987814951,0.0,0.0
0.00383897753814269,0.5325899914304949,0.6133532853216452,0.0,0.0
0.0036014938565310114,0.5348528577916937,0.6153170118663991,0.0,0.0
0.0033631458336816507,0.5371440376354745,0.6170885895877259,0.0,0.0
0.003123990671976032,0.5394609849716513,0.6190431329471466,0.0,0.0
0.0028840857675049075,0.5418011595018882,0.6209918236212804,0.0,0.0
0.0026434886962938085,0.5441620297542268,0.6229356529816832,0.0,0.0
0.0024022572004848935,0.546541076044579,0.624872887621992,0.0,0.0
0.0021604491744792106,0.5489357932674828,0.626804439925319,0.0,0.0
0.0019181226510422626,0.5513436935191858,0.6284922380409781,0.0,0.0
0.001675335787376483,0.553762308556878,0.6304110757199917,0.0,0.0
0.0014321468511636864,0.5561891920984342,0.6323217607559739,0.0,0.0
0.0011886142065812512,0.5586219219675705,0.6342253211050304,0.0,0.0
0.000944796300294866,0.5610581020897021,0.6361237960751421,0.0,0.0
0.000700751647431653,0.563495364344141,0.6380153143283143,0.0,0.0
0.00045653881753685233,0.5659313702784974,0.6398985634824468,0.0,0.0
0.00021221642051736056,0.5683638126913597,0.6417773525910357,0.0,0.0
-3.215690742433641e-05,0.5707904170894185,0.6436488067231672,0.0,0.0
-0.0002765225178625541,0.5732089430252747,0.6455133329109124,0.0,0.0
-0.0005208217642237903,0.5756171853221772,0.6473705908811187,0.0,0.0
-0.0007649960158616389,0.5780129751919081,0.6492212801218379,0.0,0.0
-0.001008986672127738,0.5803941812519344,0.6510633302680956,0.0,0.0
-0.0012527351764358237,0.5827587104478825,0.6528997922124277,0.0,0.0
-0.0014961830303148694,0.5851045088872019,0.6547302263584003,0.0,0.0
-0.0017392718074485814,0.5874295625897755,0.6565266613011245,0.0,0.0
-0.0019819431676972817,0.5897318981610142,0.6583424515283421,0.0,0.0
-0.0022241388710993936,0.5920095833928144,0.6597831987372056,0.0,0.0
-0.002465800791848699,0.5942607277975159,0.6616075220963582,0.0,0.0
-0.002706870932244227,0.5964834830798247,0.6627519625014148,0.0,0.0
-0.002947291436609468,0.5986760435513931,0.6645832041157489,0.0,0.0
-0.0031870046051774505,0.6008366464925866,0.6663693440853798,0.0,0.0
-0.0034259529079383624,0.6029635724656843,0.6681815052082344,0.0,0.0
-0.0036640789984465683,0.6050551455835712,0.6699836273466185,0.0,0.0
-0.0039013257275833757,0.6071097337377593,0.6717782300557171,0.0,0.0
-0.004137636157272631,0.6091257487893278,0.6729167386208822,0.0,0.0
-0.004372953574145557,0.6111016467261913,0.6747171977853841,0.0,0.0
-0.004607221503151633,0.6130359277898856,0.6765094005120879,0.0,0.0
-0.004840383721112478,0.6149271365748551,0.6782949094539209,0.0,0.0
-0.0050723842702149885,0.6167738621030358,0.6800740042864025,0.0,0.0
-0.005303167471440989,0.6185747378763486,0.6807634138404082,0.0,0.0
-0.005532677937930052,0.6203284419095355,0.6825498924210499,0.0,0.0
-0.005760860588271878,0.6220336967455904,0.6843304183807998,0.0,0.0
-0.005987660659725698,0.6236892694558956,0.6842999077315692,0.0,0.0
-0.006213023721363062,0.6252939716270121,0.6844468575738478,0.0,0.0
-0.006436895687130987,0.6268466593359141,0.6862479148574323,0.0,0.0
-0.006659222828832266,0.6283462331153468,0.6880398952100293,0.0,0.0
-0.006879951789020137,0.6297916379108335,0.6898235516706952,0.0,0.0
-0.007099029593803697,0.6311818630307572,0.691597677872679,0.0,0.0
-0.007316403665561423,0.6325159420908083,0.693362849738225,0.0,0.0
-0.007532021835559484,0.6337929529539991,0.6951191824792925,0.0,0.0
-0.007745832356472123,0.6350120176673366,0.6965604173004104,0.0,0.0
-0.007957783914800665,0.6361723023961635,0.6983017936659328,0.0,0.0
-0.0081678256431885,0.6372730173570647,0.6978158905699174,0.0,0.0
-0.00837590713262907,0.6383134167502003,0.6995640051629866,0.0,0.0
-0.008581978444563718,0.6392927986917968,0.7013031129152447,0.0,0.0
-0.008785990122866787,0.6402105051475027,0.7005505502427245,0.0,0.0
-0.008987893205714744,0.6410659218672287,0.7022970811296355,0.0,0.0
-0.009187639237336917,0.6418584783220312,0.7040347275796488,0.0,0.0
-0.009385180279644537,0.6425876476435524,0.705764583947917,0.0,0.0
-0.009580468923735663,0.6432529465664738,0.707486003172776,0.0,0.0
-0.009773458301273144,0.6438539353743762,0.7091982523314787,0.0,0.0
-0.009964102095732766,0.6443902178493921,0.7109010360988057,0.0,0.0
-0.01015235455351895,0.6448614412259437,0.7122491817961624,0.0,0.0
-0.010338170494945521,0.645267296148868,0.7135262813940417,0.0,0.0
-0.01052150532507846,0.6456075166361648,0.7126830103986397,0.0,0.0
-0.010702315044438634,0.6458818800465652,0.7143743259008629,0.0,0.0
-0.010880556259561242,0.6460902070521245,0.7160579888712385,0.0,0.0
-0.011056186193410266,0.6462323616159522,0.7178128947862784,0.0,0.0
-0.01122916269564468,0.6463082509752189,0.7194852071508188,0.0,0.0
-0.011399444252734243,0.6463178256295123,0.721150178386531,0.0,0.0
-0.011566989997922644,0.6462610793346106,0.7223501796483853,0.0,0.0
-0.011731759721035247,0.6461380491016898,0.7240031415644854,0.0,0.0
-0.011893713878129505,0.6459488152019914,0.7256472220966177,0.0,0.0
-0.012052813600985089,0.6456935011768994,0.727284265819225,0.0,0.0
-0.012209020706432212,0.6453722738534056,0.7289979242755776,0.0,0.0
-0.0123622977055154,0.6449853433648559,0.7306758646225402,0.0,0.0
-0.012512607812490655,0.6445329631768982,0.7322829249231574,0.0,0.0
-0.012659914953653801,0.6440154301184718,0.7338806801636673,0.0,0.0
-0.012804183775998033,0.6434330844176948,0.7354688462745619,0.0,0.0
-0.01294537965569857,0.6427863097424195,0.7370490929839693,0.0,0.0
-0.01308346870642204,0.6420755332452612,0.7386193798103543,0.0,0.0
-0.013218417787459058,0.6413012256127977,0.7396822442865856,0.0,0.0
-0.01335019451167803,0.6404639011186432,0.7412361860064535,0.0,0.0
-0.013478767253297661,0.6395641176800575,0.7427822132086901,0.0,0.0
-0.013604105155477155,0.6386024769176788,0.7443196063801508,0.0,0.0
-0.01372617813772161,0.6375796242179481,0.7458495447779049,0.0,0.0
-0.0138449569031013,0.6364962487977412,0.7468223569848622,0.0,0.0
-0.013960412945282647,0.6353530837706388,0.7483370579357927,0.0,0.0
-0.014072518555369793,0.634150906214256,0.7472127477725518,0.0,0.0
-0.014181246828554398,0.6328905372379433,0.7463092425635214,0.0,0.0
-0.014286571670572876,0.6315728420501195,0.7478465378953751,0.0,0.0
-0.014388467803968658,0.6301987300244414,0.7493767684250943,0.0,0.0
-0.014486910774158828,0.6287691547639008,0.7508968355336463,0.0,0.0
-0.014581876955303217,0.6272851141618823,0.752405891008968,0.0,0.0
-0.014673343555974093,0.6257476504591151,0.7539068895793404,0.0,0.0
-0.014761288624626388,0.6241578502953464,0.7555784731434958,0.0,0.0
-0.014845691054865745,0.6225168447544744,0.7540540777305464,0.0,0.0
-0.014926530590514119,0.6208258094017536,0.7557198925332028,0.0,0.0
-0.015003787830470941,0.6190859643115745,0.757216184515581,0.0,0.0
-0.015077444233369505,0.6172985740841928,0.7587047982085835,0.0,0.0
-0.015147482122026686,0.6154649478496369,0.7603307426671354,0.0,0.0
-0.015213884687685374,0.6135864392569038,0.7618001578030198,0.0,0.0
-0.01527663599404858,0.6116644464463691,0.762716702006021,0.0,0.0
-0.015335720981104,0.6097004120032151,0.7635684781005397,0.0,0.0
-0.015391125468738318,0.6076958228894835,0.7617079094656856,0.0,0.0
-0.015442836160140501,0.6056522103521983,0.7631715576442574,0.0,0.0
-0.01549084064499281,0.6035711498048234,0.7646270695886195,0.0,0.0
-0.015535127402449358,0.6014542606791048,0.7660740171781598,0.0,0.0
-0.01557568580390088,0.5993032062441974,0.7677062367023753,0.0,0.0
-0.015612506115525714,0.5971196933897104,0.7691389564398132,0.0,0.0
-0.01564557950062587,0.594905472369139,0.7705633900185799,0.0,0.0
-0.015674898021747645,0.5926623364999204,0.7719800148169346,0.0,0.0
-0.01570045464258674,0.5903921218161211,0.7733885260131781,0.0,0.0
-0.01572224322967676,0.5880967066695503,0.7747888277169971,0.0,0.0
-0.015740258553861495,0.5857780112748748,0.7761806510143913,0.0,0.0
-0.01575449629154954,0.5834379971940673,0.7775638777721676,0.0,0.0
-0.015764953025752197,0.5810786667553085,0.7789389887490837,0.0,0.0
-0.015771626246903477,0.5787020624012679,0.7803058674032938,0.0,0.0
-0.015774514353462357,0.5763102659614321,0.7789255138195548,0.0,0.0
-0.015773616652297064,0.573905397843002,0.780301836268475,0.0,0.0
-0.01576893335885164,0.5714896161346593,0.7816700294837783,0.0,0.0
-0.015760465597093983,0.5690651156173623,0.7830294135344583,0.0,0.0
-0.015748215399246326,0.56663412667617,0.7843811052656756,0.0,0.0
-0.015732185705297285,0.5641989141069913,0.7857253831854187,0.0,0.0
-0.015712380362296448,0.5617617758120611,0.787061820596281,0.0,0.0
-0.015688804123431144,0.5593250413779076,0.7883910844833975,0.0,0.0
-0.01566146264688548,0.5568910705295607,0.7897136875596859,0.0,0.0
-0.015630362494482623,0.5544622514548088,0.7910283524101538,0.0,0.0
-0.015595511130109829,0.5520409989923991,0.7926221447546559,0.0,0.0
-0.015556916917927243,0.5496297526782459,0.7939196609606584,0.0,0.0
-0.015514589120360566,0.54723097464394,0.7952098900147452,0.0,0.0
-0.015468537895877989,0.544847147362159,0.7964934575614077,0.0,0.0
-0.015418774296552407,0.5424807712339604,0.797769495927811,0.0,0.0
-0.015365310265408723,0.5401343620134156,0.7990374982071683,0.0,0.0
-0.015308158633557821,0.5378104480656182,0.8002964769444172,0.0,0.0
-0.015247333117116907,0.5355115674547573,0.8015475284614781,0.0,0.0
-0.015182848313918055,0.5332402648597343,0.8027906242450473,0.0,0.0
-0.01511471970000445,0.5309990883156582,0.8010593070683283,0.0,0.0
-0.015042963625916438,0.5287905857805713,0.8026082320327341,0.0,0.0
-0.01496759731276731,0.526617301527858,0.8038489939751093,0.0,0.0
-0.014888638848110482,0.5244817723659847,0.8019415944192864,0.0,0.0
-0.014806107181598478,0.5223865236885756,0.800090319722468,0.0,0.0
-0.014720022120435022,0.5203340653592422,0.8013493404030225,0.0,0.0
-0.014630404324621626,0.518326887437131,0.8026006543755752,0.0,0.0
-0.014537275301999076,0.5163674557507771,0.8038439696302335,0.0,0.0
-0.014440657403085819,0.5144582073295572,0.8050795797890341,0.0,0.0
-0.014340573815713749,0.5126015457038015,0.8063104484705969,0.0,0.0
-0.014237048559463391,0.5107998360864782,0.8071366123621493,0.0,0.0
-0.014130106479899388,0.5090554004511698,0.8083544543476986,0.0,0.0
-0.01401977324260742,0.5073705125229747,0.8098796291493723,0.0,0.0
-0.013906075327034877,0.5057473927007697,0.8077905606403107,0.0,0.0
-0.013789040020135705,0.5041882029311046,0.809286791321977,0.0,0.0
-0.013668695409821748,0.5026950415557168,0.8104910177266582,0.0,0.0
-0.01354507037822181,0.5012699381562675,0.8116893205064355,0.0,0.0
-0.013418194594750077,0.4999148484214294,0.8128806864764611,0.0,0.0
-0.013288098508985552,0.4986316490627377,0.8140652472603179,0.0,0.0
-0.013154813343364312,0.49742213280678876,0.8152430426214038,0.0,0.0
-0.013018371085686306,0.49628800349222335,0.816412947107697,0.0,0.0
-0.012878804481438447,0.4952308713006145,0.8175756509052785,0.0,0.0
-0.012736147025935857,0.4942522481507009,0.8187314940564664,0.0,0.0
-0.012590432956282918,0.4933535432854862,0.8201549411637827,0.0,0.0
-0.012441697243157048,0.4925360590814164,0.8212952197962271,0.0,0.0
-0.012289975582415413,0.49180098710826176,0.8224297778087466,0.0,0.0
-0.01213530438652824,0.49114940446734995,0.8235573349646675,0.0,0.0
-0.01197772077584011,0.49058227043448777,0.8246775207755856,0.0,0.0
-0.011817262569661183,0.49010042343225874,0.8257895600274971,0.0,0.0
-0.011653968277190667,0.4897045783544049,0.8268943487673066,0.0,0.0
-0.011487877088274985,0.4893953242626833,0.827992066849456,0.0,0.0
-0.01131902886400218,0.489173122474022,0.8290825974618424,0.0,0.0
-0.011147464127135484,0.4890383050529497,0.8298656089374634,0.0,0.0
-0.010973224052388314,0.48899107372121353,0.830943274351886,0.0,0.0
-0.0107963504565422,0.48903149919326344,0.8316792827639734,0.0,0.0
-0.010616885788411117,0.48915952094292653,0.8327443760957459,0.0,0.0
-0.010434873118653893,0.4893749474031254,0.8338018741404718,0.0,0.0
-0.01025035612943768,0.48967745659706263,0.8348518933287634,0.0,0.0
-0.01006337910395408,0.49006659719579754,0.8358945645360044,0.0,0.0
-0.009873986915791716,0.4905417899938104,0.8369299008856338,0.0,0.0
-0.00968222501816661,0.4911023297908727,0.8352819108759547,0.0,0.0
-0.009488139433013777,0.4917473876654863,0.8337134482619267,0.0,0.0
-0.009291776739941878,0.49247601362227683,0.8347666836681846,0.0,0.0
-0.009093184065054792,0.49328713959314485,0.835812004682556,0.0,0.0
-0.008892409069641173,0.49417958276962237,0.8368510315852759,0.0,0.0
-0.008689499938736104,0.49515204924190814,0.8381927503629566,0.0,0.0
-0.00848450536955709,0.49620313791834814,0.8394803952214659,0.0,0.0
-0.008277474559816655,0.4973313446977985,0.8404964174944728,0.0,0.0
-0.008068457195915377,0.4985350668663311,0.8415056138869697,0.0,0.0
-0.007857503441017252,0.4998126076890699,0.8425077541868626,0.0,0.0
-0.007644663923010862,0.5011621811676855,0.8435022259017511,0.0,0.0
-0.007429989722358843,0.5025819169340535,0.8444892006576625,0.0,0.0
-0.007213532359838845,0.5040698652509568,0.8454684841915788,0.0,0.0
-0.006995343784178906,0.5056240020912978,0.8464404567551685,0.0,0.0
-0.006775476359589769,0.5072422342681949,0.84740518787158,0.0,0.0
-0.006553982853197993,0.5089224045894204,0.8483636300433278,0.0,0.0
-0.006330916422381846,0.5106622970109723,0.8493163492814171,0.0,0.0
-0.006106330602013992,0.5124596417660372,0.8502621261781995,0.0,0.0
-0.0058802792916132435,0.5143121204472266,0.8512000417597761,0.0,0.0
-0.005652816742409053,0.5162173710216998,0.8521303330198593,0.0,0.0
-0.005423997544321308,0.5181729927605545,0.8502737823804848,0.0,0.0
-0.005193876612859207,0.5201765510657596,0.8511996008149457,0.0,0.0
-0.004962509175941657,0.5222255821797188,0.8521184436586062,0.0,0.0
-0.004729950760642925,0.5243175977644355,0.8530301752594975,0.0,0.0
-0.004496257179866357,0.5264500893390752,0.8539328744091848,0.0,0.0
-0.004261484518949577,0.5286205325664871,0.8550962231406417,0.0,0.0
-0.004025689122204237,0.530826391380982,0.8562078910744293,0.0,0.0
-0.0037889275793936833,0.5330651219512577,0.8570870211081861,0.0,0.0
-0.003551256712151683,0.5353341764739661,0.8579587352950587,0.0,0.0
-0.003312733560345568,0.5376310067947858,0.8588235713638883,0.0,0.0
-0.0030734153683867377,0.539953067855265,0.8596808243008867,0.0,0.0
-0.0028333595714925557,0.5422978209648818,0.8605316781379608,0.0,0.0
-0.002592623781901909,0.5446627368989065,0.8613756480149095,0.0,0.0
-0.002351265775048751,0.5470452988236394,0.8622124644396941,0.0,0.0
-0.002109343475696158,0.5494430050514887,0.8630417021933349,0.0,0.0
-0.001866914944034691,0.5518533716291387,0.8611812174553766,0.0,0.0
-0.00162403836174825,0.5542739347627353,0.8620091850500053,0.0,0.0
-0.00138077201805072,0.5567022530845763,0.862830148185282,0.0,0.0
-0.0011371742956968957,0.5591359097663033,0.8636438764066326,0.0,0.0
-0.0008933036569708131,0.5615725144839637,0.8616062523639636,0.0,0.0
-0.0006492186296551208,0.5640097052406202,0.8596092261197508,0.0,0.0
-0.00040497779298471803,0.5664451500524478,0.8606374175768882,0.0,0.0
-0.00016063976358803784,0.5688765485043931,0.861442780144145,0.0,0.0
8.373681858075883e-05,0.5713016331815938,0.8624203363597197,0.0,0.0
0.0003280933043149996,0.5737181709828035,0.8632118788986037,0.0,0.0
0.0005723710492310792,0.5761239643220619,0.8639972816506365,0.0,0.0
0.0008165114278427854,0.5785168522248066,0.8647757948435346,0.0,0.0
0.0010604558476311572,0.5808947113245515,0.8655475319828617,0.0,0.0
0.0013041457631064609,0.5832554567661205,0.8661424538938253,0.0,0.0
0.0015475226898587166,0.5855970430213203,0.8670392592004895,0.0,0.0
0.0017905282185937549,0.5879174646227244,0.8678906888367224,0.0,0.0
0.0020331040291511927,0.590214756821108,0.8686977047608121,0.0,0.0
0.002275191904500856,0.5924869961718402,0.869460082581625,0.0,0.0
0.002516733744714747,0.5947323010553456,0.8701777962951857,0.0,0.0
0.0027576715809106587,0.5969488321365339,0.8709057245343858,0.0,0.0
0.0029979475891644654,0.5991347927678735,0.8715924251646762,0.0,0.0
0.003237504104387578,0.601288429340553,0.8696282989255081,0.0,0.0
0.0034762836341662127,0.6034080315879585,0.8676637058496395,0.0,0.0
0.003714228872559423,0.6054919328454771,0.8683871529935828,0.0,0.0
0.003951282713852192,0.607538510270387,0.86910446835014,0.0,0.0
0.004187388266260506,0.6095461850254248,0.8698137870390004,0.0,0.0
0.00442248886558513,0.611513422429357,0.8705170723796151,0.0,0.0
0.004656528088810766,0.6134387320777188,0.8712152657146532,0.0,0.0
0.004889449767647292,0.6153206679366631,0.8719079125814834,0.0,0.0
0.005121198002009826,0.6171578284126696,0.8725951600763444,0.0,0.0
0.005351717173434567,0.61894885640069,0.8732764819892924,0.0,0.0
0.005580951958426905,0.6206924393131303,0.8739533258959706,0.0,0.0
0.00580884734173881,0.6223873090918841,0.874624711109302,0.0,0.0
0.006035348629572248,0.6240322422054944,0.875290398109892,0.0,0.0
0.006260401462705365,0.6256260596333566,0.8759508073738154,0.0,0.0
0.006483951829538532,0.6271676268387402,0.8740843466175728,0.0,0.0
0.006705946079056765,0.6286558537322536,0.874742022585284,0.0,0.0
0.006926330933705831,0.6300896946272815,0.8753948686520788,0.0,0.0
0.007145053502178471,0.6314681481887688,0.8760422398644789,0.0,0.0
0.0073620612921081905,0.6327902573766386,0.8766840316952617,0.0,0.0
0.00757730222266705,0.6340551093850121,0.8773209827274989,0.0,0.0
0.007790724637064949,0.6352618355783097,0.8754072036897139,0.0,0.0
0.008002277314946868,0.6364096114252139,0.8760427738947346,0.0,0.0
0.008211909484685634,0.6374976564313929,0.8766735042621796,0.0,0.0
0.008419570835566772,0.6385252340718016,0.8772994591856222,0.0,0.0
0.008625211529862906,0.6394916517232996,0.8779204179232458,0.0,0.0
0.008828782214794516,0.640396260598275,0.8785366784198864,0.0,0.0
0.009030234034374345,0.6412384556798645,0.8791486425361345,0.0,0.0
0.009229518641132774,0.6420176756593442,0.8797561554328415,0.0,0.0
0.00942658820772072,0.6427334028761611,0.8803761198419223,0.0,0.0
0.00962139543838824,0.6433851632610793,0.8784087238135977,0.0,0.0
0.009813893580335065,0.643972526282807,0.8790092578143497,0.0,0.0
0.010004036434931122,0.6444951048984922,0.8796048373338332,0.0,0.0
0.01019177836880405,0.6449525555083574,0.880195943342513,0.0,0.0
0.010377074324790944,0.6453445779147879,0.8807827805761371,0.0,0.0
0.010559879832751798,0.6456709152860747,0.8813654735707512,0.0,0.0
0.010740151020242191,0.6459313541250371,0.8819438651474408,0.0,0.0
0.010917844623042506,0.6461257242426804,0.8799044043964221,0.0,0.0
0.011092917995540973,0.6462538987370395,0.8778955840176846,0.0,0.0
0.011265329120968613,0.6463157939773019,0.878471245550629,0.0,0.0
0.01143503662148296,0.6463113695933072,0.8790432510822493,0.0,0.0
0.011601999768098479,0.6462406284704648,0.8796113044407107,0.0,0.0
0.011766178490461444,0.6461036167501127,0.8801757545367797,0.0,0.0
0.011927533386466552,0.645900423835332,0.8807365826502122,0.0,0.0
0.012086025731713392,0.645631182402165,0.8787383123302027,0.0,0.0
0.012241617488799764,0.645296068416201,0.8792960570862476,0.0,0.0
0.012394271316450947,0.6448953011544374,0.8798498134268598,0.0,0.0
0.012543950578481055,0.644429143232293,0.8778623048514532,0.0,0.0
0.012690619352585636,0.6438979006356571,0.8784134349860009,0.0,0.0
0.012834242438962999,0.6433019227577688,0.8789609340620692,0.0,0.0
0.012974785368761786,0.6426416024407499,0.8795046740390137,0.0,0.0
0.013112214412353558,0.6419173760215259,0.8800448480788183,0.0,0.0
0.013246496587427416,0.6411297233818783,0.8802904728503124,0.0,0.0
0.013377599666906029,0.6402791680022913,0.8808250231915904,0.0,0.0
0.013505492186679588,0.6393662770192567,0.881414486092495,0.0,0.0
0.013630143453157283,0.638391661285608,0.8819419697105735,0.0,0.0
0.013751523550633532,0.637355975433463,0.8821075342228417,0.0,0.0
0.013869603348467529,0.6362599179392395,0.8801800866412419,0.0,0.0
0.013984354508074623,0.6351042311902085,0.8782925662317439,0.0,0.0
0.014095749489727347,0.6338897015519557,0.8783834691652604,0.0,0.0
0.014203761559164842,0.6326171594360701,0.8783981433432205,0.0,0.0
0.014308364794008883,0.6312874793673018,0.8789208735633263,0.0,0.0
0.014409534089985257,0.6299015800493706,0.8770084063751505,0.0,0.0
0.014507245166948509,0.6284604244285078,0.8776157073032963,0.0,0.0
0.014601474574709257,0.6269650197537361,0.8757360940259876,0.0,0.0
0.014692199698661932,0.6254164176328103,0.8762537139368646,0.0,0.0
0.014779398765212297,0.623815714082618,0.8767676856297065,0.0,0.0
0.014863050847002951,0.6221640495727613,0.8772785014115033,0.0,0.0
0.014943135867935803,0.6204626090608965,0.8777862428735045,0.0,0.0
0.015019634607990247,0.6187126220183254,0.8782908099274734,0.0,0.0
0.015092528707835869,0.6169153624441698,0.8787928777149018,0.0,0.0
0.015161800673238668,0.6150721488663354,0.8792917107796008,0.0,0.0
0.01522743387925943,0.6131843443273406,0.879786853014838,0.0,0.0
0.015289412574243781,0.6112533563529124,0.8802792628086813,0.0,0.0
0.015347721883602361,0.6092806369011063,0.8802249736350961,0.0,0.0
0.015402347813380946,0.6072676822895255,0.8807141804492807,0.0,0.0
0.015453277253618468,0.6052160330980536,0.881200347679956,0.0,0.0
0.015500497981493838,0.6031272740443048,0.8816832489098234,0.0,0.0
0.015543998664258991,0.6010030338288409,0.8821627996729823,0.0,0.0
0.015583768861958905,0.5988449849469529,0.8827974265426637,0.0,0.0
0.01561979902993702,0.5966548434636597,0.8833991808278965,0.0,0.0
0.01565208052112599,0.5944343687482968,0.8838680765275925,0.0,0.0
0.01568060558812287,0.592185363164922,0.8843339701653846,0.0,0.0
0.015705367385048484,0.5899096717144652,0.8849087430629111,0.0,0.0
0.015726359969190497,0.5876091816244076,0.8854503653075368,0.0,0.0
0.01574357830242945,0.5852858218814836,0.885908298847942,0.0,0.0
0.015757018252448022,0.5829415627027048,0.886363710650501,0.0,0.0
0.015766676593722658,0.5805784149397968,0.8868165212740141,0.0,0.0
0.015772551008297945,0.5781984294118884,0.8873333796035802,0.0,0.0
0.015774640086342454,0.5758036961611187,0.8856661884555226,0.0,0.0
0.015772943326487578,0.5733963436256292,0.8861153253769385,0.0,0.0
0.015767461135947472,0.5709785377241919,0.8865619348295031,0.0,0.0
0.015758194830421624,0.5685524808466232,0.8865000987243525,0.0,0.0
0.015745146633778802,0.5661204107439403,0.8869440675371246,0.0,0.0
0.015728319677523615,0.563684599312144,0.8873855973471961,0.0,0.0
0.015707718000044762,0.5612473512634126,0.887824518984533,0.0,0.0
0.015683346545646012,0.5588110026784651,0.8882606083829101,0.0,0.0
0.01565521116335932,0.5563779194338563,0.8886939697524551,0.0,0.0
0.015623318605541501,0.5539504954980223,0.8891246077130869,0.0,0.0
0.015587676526253248,0.5515311510899951,0.8895527058427299,0.0,0.0
0.015548293479422595,0.5491223306949035,0.8899785249901916,0.0,0.0
0.015505178916791615,0.5467265009306094,0.8884047494210381,0.0,0.0
0.015458343185648468,0.5443461482601435,0.8888301099758924,0.0,0.0
0.015407797526343813,0.54198377654503,0.8892538471224494,0.0,0.0
0.015353554069593222,0.5396419044350619,0.8896751708828723,0.0,0.0
0.015295625833565982,0.5373230625906893,0.8881947874823662,0.0,0.0
0.01523402672076055,0.5350297907348783,0.8867421880230849,0.0,0.0
0.015168771514668496,0.5327646345320811,0.8871678902180806,0.0,0.0
0.015099875876225874,0.530530142292863,0.8875908328100723,0.0,0.0
0.015027356340055302,0.5283288615037611,0.8881661506849422,0.0,0.0
0.014951230310497346,0.5261633351830641,0.8887003315962638,0.0,0.0
0.014871516057433629,0.5240360980644473,0.8891138571266277,0.0,0.0
0.014788232711902275,0.5219496726117524,0.8895244856031688,0.0,0.0
0.014701400261506466,0.519906564869649,0.8899325606092798,0.0,0.0
0.014611039545617436,0.5179092601564745,0.8903379965804435,0.0,0.0
0.014517172250373295,0.515960218607202,0.8907412717944528,0.0,0.0
0.014419820903474248,0.5140618705761861,0.891141984616645,0.0,0.0
0.014319008868776342,0.5122166119111483,0.8915403487784316,0.0,0.0
0.014214760340683927,0.5104267991116763,0.8919362054952359,0.0,0.0
0.014107100338343328,0.5086947443873812,0.8923294405107053,0.0,0.0
0.01399605469963837,0.5070227106327098,0.8927203721134344,0.0,0.0
0.013881650074989257,0.5054129063372543,0.893110096556848,0.0,0.0
0.013763913920956744,0.503867480452194,0.8934975520578042,0.0,0.0
0.013642874493652639,0.5023885172351987,0.8938825312907395,0.0,0.0
0.01351856084195858,0.5009780310977506,0.8942659072823448,0.0,0.0
0.013391002800554047,0.4996379614802787,0.8946471334773982,0.0,0.0
0.013260230982756825,0.4983701677818003,0.8950258950307141,0.0,0.0
0.013126276773175446,0.49717642437183357,0.8954021463327814,0.0,0.0
0.012989172320177197,0.4960584157132112,0.8957761350240375,0.0,0.0
0.012848950528172618,0.4950177316249822,0.8961477849499818,0.0,0.0
0.012705645049718774,0.4940558627149024,0.896517423033096,0.0,0.0
0.012559290277442507,0.4931741960109879,0.8968848241218501,0.0,0.0
0.012409921335786727,0.49237401082125215,0.8968444728621933,0.0,0.0
0.012257574072580364,0.49165647485007674,0.8972096851532352,0.0,0.0
0.01210228505043533,0.4910226405986083,0.8975727240210528,0.0,0.0
0.0119440915379715,0.4904734420752113,0.8979331068875427,0.0,0.0
0.011783031500872546,0.4900096918402575,0.8982909049141566,0.0,0.0
0.01161914359277422,0.48963207840750944,0.8986467142193528,0.0,0.0
0.011452467145987752,0.489341164021966,0.8990001367634138,0.0,0.0
0.011283042162060327,0.48913738283140845,0.8993512528363486,0.0,0.0
0.011110909302174874,0.4890210394660014,0.8996999920472109,0.0,0.0
0.010936109877391362,0.4889923080371839,0.9000465375685911,0.0,0.0
0.010758685838732771,0.48905123156383445,0.9003911216044987,0.0,0.0
0.01057867976711664,0.48919772183031074,0.9007335819126945,0.0,0.0
0.010396134863136178,0.48943155967748236,0.9010740097533263,0.0,0.0
0.010211094936691974,0.4897523957244482,0.9014122000192959,0.0,0.0
0.010023604396478267,0.49015975151515095,0.9002641444033881,0.0,0.0
0.009833708239324702,0.4906530210807746,0.9006036525482443,0.0,0.0
0.009641452039397341,0.491231472905589,0.9009411006964207,0.0,0.0
0.009446881937261413,0.4918942522808759,0.9012761673651692,0.0,0.0
0.009250044628807413,0.4926403840287549,0.9001950629927539,0.0,0.0
0.009050987354044545,0.4934687755751875,0.9005317639492283,0.0,0.0
0.008849757885763228,0.4943782203491691,0.9008661720820238,0.0,0.0
0.00864640451806991,0.49536740148319114,0.901198468753787,0.0,0.0
0.008440976054796668,0.4964348957884262,0.9015284986656307,0.0,0.0
0.00823352179778862,0.4975791779768527,0.9021147248470953,0.0,0.0
0.008024091535071658,0.49879862510158357,0.9024378869169553,0.0,0.0
0.007812735528903474,0.5000915211861341,0.9014372017140764,0.0,0.0
0.007599504503711058,0.501456062013099,0.9019791770017914,0.0,0.0
0.007384449633916835,0.5028903600428142,0.9019687427643343,0.0,0.0
0.007167622531657313,0.5043924494329806,0.9019060471010123,0.0,0.0
0.006949075234396185,0.5059602911308809,0.9022254970513899,0.0,0.0
0.00672886019243572,0.5075917780107821,0.9025427711456018,0.0,0.0
0.006507030256328974,0.5092847400302445,0.9028579232378814,0.0,0.0
0.006283638664195735,0.5110369493804194,0.9027588969469751,0.0,0.0
0.006058739028945797,0.5128461256069385,0.9030722496785593,0.0,0.0
0.005832385325412079,0.5147099406796213,0.9022127674433982,0.0,0.0
0.005604631877396849,0.5166260239909888,0.901418964997227,0.0,0.0
0.005375533344634408,0.5185919672653644,0.9006898283235515,0.0,0.0
0.0051451447096729,0.5206053293622097,0.900006385770031,0.0,0.0
0.004913521264678782,0.5226636409591853,0.900338447950181,0.0,0.0
0.00468071859816704,0.5247644091023062,0.9006682090221947,0.0,0.0
0.004446792581660129,0.526905121612347,0.9009956426741108,0.0,0.0
0.004211799356279133,0.5290832513384494,0.901320976681481,0.0,0.0
0.00397579531927011,0.5312962602515501,0.9016439910232289,0.0,0.0
0.003738837110469086,0.5335416033718976,0.9011336444317929,0.0,0.0
0.0035009815987087404,0.5358167325264168,0.9014602516726636,0.0,0.0
0.00326228586817012,0.5381190999331146,0.901784706095956,0.0,0.0
0.003022807204682804,0.5404461616110371,0.9021070916544729,0.0,0.0
0.002782603081976439,0.5427953806154778,0.9024275695954157,0.0,0.0
0.0025417311478874893,0.5451642300992456,0.9027460864825446,0.0,0.0
0.0023002492105238977,0.5475501962017489,0.903062899176068,0.0,0.0
0.0020582152243914455,0.5499507807685553,0.9033778345454073,0.0,0.0
0.0018156872764850318,0.5523635039048086,0.9036907875837024,0.0,0.0
0.0015727235723479577,0.5547859063665702,0.9036004728858743,0.0,0.0
0.0013293824221029234,0.557215551794682,0.9039177988979014,0.0,0.0
0.0010857222264579356,0.559650028796235,0.9038325620799098,0.0,0.0
0.0008418014626903143,0.5620869528790801,0.9041477290635719,0.0,0.0
0.0005976786706124973,0.564523968245124,0.904461030371925,0.0,0.0
0.0003534124385227581,0.5669587494483881,0.9047724394521375,0.0,0.0
0.00010906138914427733,0.5693890029239216,0.9050818293179643,0.0,0.0
-0.00013531583444404438,0.5718124683938,0.9053893246926645,0.0,0.0
-0.0003796605828815888,0.5742269201564413,0.9056947751242442,0.0,0.0
-0.0006239142146016421,0.5766301682654824,0.9059979283670488,0.0,0.0
-0.0008680181099050467,0.5790200596044,0.9062990994540878,0.0,0.0
-0.0011119136850287123,0.5813944788629667,0.9065982684011015,0.0,0.0
-0.0013555424062052818,0.5837513494215256,0.9068958048284088,0.0,0.0
-0.0015988458037111903,0.5860886341489069,0.9071918164278079,0.0,0.0
-0.001841765485898943,0.588404336119647,0.9074863053118113,0.0,0.0
-0.002084243153210849,0.590696499255989,0.9077791837521926,0.0,0.0
-0.0023262206121707012,0.5929632088999433,0.9080705876699614,0.0,0.0
-0.0025676397893499023,0.5952025923204691,0.908360530096098,0.0,0.0
-0.0028084427453047827,0.5974128191606233,0.9086489260247627,0.0,0.0
-0.003048571688481794,0.599592101829315,0.9089360128996181,0.0,0.0
-0.0032879689890872527,0.6017386958420634,0.9092216945532345,0.0,0.0
-0.003526577192918182,0.6038509001149249,0.9095058204106341,0.0,0.0
-0.003764339035150994,0.6059270572155656,0.9095139489359373,0.0,0.0
-0.004001197454084883,0.6079655535752021,0.9098023126021572,0.0,0.0
-0.004237095604836258,0.609964819664921,0.9100891203857484,0.0,0.0
-0.004471976872981297,0.6119233301397105,0.9103743032200359,0.0,0.0
-0.004705784888143136,0.6138396039532767,0.9106579995555234,0.0,0.0
-0.004938463537520447,0.6157122044465769,0.9112651177715192,0.0,0.0
-0.005169956979354265,0.61753973941277,0.9115431546819172,0.0,0.0
-0.005400209656329788,0.6193208611411226,0.9118197755530364,0.0,0.0
-0.005629166308909785,0.6210542664422337,0.9123909966248105,0.0,0.0
-0.005856771988596712,0.6227386966567645,0.912922179719522,0.0,0.0
-0.006082972071119923,0.6243729376497046,0.9131904094261212,0.0,0.0
-0.006307712269545466,0.6259558197920801,0.9136903667474687,0.0,0.0
-0.006530938647304504,0.6274862179318202,0.9139540290960924,0.0,0.0
-0.0067525976311379275,0.6289630513554079,0.914216441746387,0.0,0.0
-0.006972636023953574,0.6303852837418037,0.914477744033791,0.0,0.0
-0.0071910010175934075,0.6317519231099887,0.914737843068996,0.0,0.0
-0.007407640205507196,0.6330620217614066,0.9146970487331134,0.0,0.0
-0.007622501595329703,0.6343146762184374,0.9147734801713426,0.0,0.0
-0.007835533621358762,0.6355090271599698,0.9150354305793226,0.0,0.0
-0.008046685156930727,0.6366442593550296,0.915296226928895,0.0,0.0
-0.008255905526690609,0.6377196015953459,0.9157392466654743,0.0,0.0
-0.008463144518753985,0.6387343266276639,0.9162190362782604,0.0,0.0
-0.008668352396757542,0.6396877510865201,0.9164838919877693,0.0,0.0
-0.00887147991179558,0.6405792354281505,0.9169220714307587,0.0,0.0
-0.009072478314239558,0.6414081838661321,0.9171878411136029,0.0,0.0
-0.009271299365437741,0.6421740443092833,0.9174522893132913,0.0,0.0
-0.009467895349292167,0.6428763083023227,0.9177157452943806,0.0,0.0
-0.00966221908371045,0.6435145109697163,0.9179780883838231,0.0,0.0
-0.00985422393192911,0.6440882309630988,0.918238963307008,0.0,0.0
-0.010043863813706248,0.6445970904126065,0.9184984171997533,0.0,0.0
-0.010231093216380516,0.6450407548824416,0.9184087254211644,0.0,0.0
-0.01041586720579404,0.6454189333309189,0.9186660992265693,0.0,0.0
-0.01059814143707631,0.6457313780752266,0.9189223557867768,0.0,0.0
-0.010777872165286759,0.6459778847610924,0.919177414809477,0.0,0.0
-0.01095501625591334,0.6461582923375344,0.9194315021270986,0.0,0.0
-0.011129531195224663,0.6462724830368013,0.9196844645194312,0.0,0.0
-0.011301375100472981,0.6463203823596331,0.9199363697808226,0.0,0.0
-0.011470506729945932,0.6463019590658916,0.9201871088567033,0.0,0.0
-0.011636885492864263,0.646217225170634,0.9204368602580433,0.0,0.0
-0.011800471459123604,0.6460662359456202,0.9206856326061069,0.0,0.0
-0.01196122536887724,0.64584908992627,0.920933426209035,0.0,0.0
-0.012119108641958502,0.645565928924024,0.9214779883412038,0.0,0.0
-0.012274083387139693,0.6452169380440452,0.9217225208249556,0.0,0.0
-0.01242611241122589,0.6448023457081823,0.9219660305306644,0.0,0.0
-0.012575159227981093,0.6443224236830559,0.922208373980535,0.0,0.0
-0.012721188066884773,0.6437774871131465,0.9224495693054213,0.0,0.0
-0.012864163881716474,0.6431678945586699,0.9229701239533887,0.0,0.0
-0.013004052358966983,0.6424940480380593,0.9232079140415415,0.0,0.0
-0.01314081992607331,0.6417563930747858,0.9234447804436374,0.0,0.0
-0.013274433759475778,0.640955418748232,0.9236808503388242,0.0,0.0
-0.013404861792495773,0.6400916577483053,0.9239159594487653,0.0,0.0
-0.013532072723031448,0.639165686433419,0.9241498338802009,0.0,0.0
-0.013656036021070142,0.6381781248914121,0.9246478672686035,0.0,0.0
-0.013776721936015346,0.6371296370029725,0.9248789377081045,0.0,0.0
-0.013894101503826794,0.6360209305070309,0.9251090844212535,0.0,0.0
-0.014008146553971652,0.6348527570675534,0.92533851308883,0.0,0.0
-0.014118829716185324,0.6336259123411148,0.9252955066076278,0.0,0.0
-0.014226124427040174,0.6323412360445393,0.9255234877413421,0.0,0.0
-0.014330004936320674,0.6309996120218408,0.9257506161750345,0.0,0.0
-0.014430446313203171,0.6296019683096387,0.9259769523382391,0.0,0.0
-0.014527424452239418,0.6281492772000912,0.9262023688117418,0.0,0.0
-0.014620916079141528,0.6266425553003562,0.9264272465031687,0.0,0.0
-0.014710898756367835,0.6250828635874642,0.9266512003967826,0.0,0.0
-0.014797350888507768,0.6234713074573907,0.9268741889574256,0.0,0.0
-0.01488025172746451,0.6218090367670167,0.9270966346578714,0.0,0.0
-0.014959581377434718,0.6200972458675514,0.9273184796057108,0.0,0.0
-0.015035320799683227,0.618337173627845,0.9272430942173645,0.0,0.0
-0.015107451817112202,0.6165301034459335,0.9277560461937324,0.0,0.0
-0.015175957118623736,0.6146773632469764,0.9279764643525042,0.0,0.0
-0.015240820263274264,0.6127803254656218,0.9283617991595216,0.0,0.0
-0.015302025684220469,0.6108404070106923,0.9285833589565616,0.0,0.0
-0.015359558692455096,0.6088590692098815,0.9288044082918993,0.0,0.0
-0.015413405480332407,0.6068378177320329,0.9290247739532819,0.0,0.0
-0.015463553124881698,0.6047782024843473,0.9292444012362595,0.0,0.0
-0.01550998959090904,0.6026818174817117,0.9300522439509045,0.0,0.0
-0.015552703733885462,0.6005503006851238,0.9302704470592172,0.0,0.0
-0.015591685302621746,0.5983853338060059,0.9301650049202184,0.0,0.0
-0.01562692494172845,0.5961886420729713,0.929982411357654,0.0,0.0
-0.01565841419386138,0.5939619939574226,0.9297232194201306,0.0,0.0
-0.01568614550175119,0.5917072008541062,0.9299422230414309,0.0,0.0
-0.015710112210017026,0.5894261167125563,0.9301605490877712,0.0,0.0
-0.0157303085667641,0.5871206376151238,0.9303781911308167,0.0,0.0
-0.015746729724963576,0.5847927012970612,0.9305952962650746,0.0,0.0
-0.015759371743616385,0.5824442866039105,0.9308116780635671,0.0,0.0
-0.015768231588698757,0.5800774128812273,0.9315258565801791,0.0,0.0
-0.01577330713389036,0.5776941392914601,0.9317410376135283,0.0,0.0
-0.015774597161084723,0.5752965640525803,0.9319553986806928,0.0,0.0
-0.015772101360681554,0.572886823592909,0.9321696921890451,0.0,0.0
-0.01576582033166093,0.5704670916163556,0.9323835553308144,0.0,0.0
-0.015755755581439667,0.5680395780721728,0.9325967081070895,0.0,0.0
-0.015741909525509513,0.5656065280231782,0.9328090438507776,0.0,0.0
-0.01572428548685742,0.56317022040629,0.9330208252714067,0.0,0.0
-0.015702887695168078,0.5607329666791584,0.933231748456718,0.0,0.0
-0.015677721285808802,0.5582971093466554,0.9334422859603676,0.0,0.0
-0.015648792298596944,0.5558650203609756,0.9336520572947374,0.0,0.0
-0.015616107676350705,0.5534390993891921,0.9334735066547787,0.0,0.0
-0.015579675263222426,0.5510217719422354,0.9336834803839934,0.0,0.0
-0.015539503802816412,0.5486154873594309,0.9338929311707332,0.0,0.0
-0.015495602936090348,0.5462227166430179,0.9345503317304061,0.0,0.0
-0.015447983199041478,0.5438459501374008,0.9347573870248321,0.0,0.0
-0.015396656020178156,0.5414876950483026,0.9353758689309055,0.0,0.0
-0.015341633717776887,0.5391504727975063,0.9355813177546741,0.0,0.0
-0.015282929496926143,0.5368368162094933,0.935785974903791,0.0,0.0
-0.015220557446357164,0.5345492665269727,0.9368042479007807,0.0,0.0
-0.015154532535062682,0.5322903702531426,0.937004658697475,0.0,0.0
-0.015084870608704438,0.5300626758194333,0.937204426649736,0.0,0.0
-0.015011588385810423,0.5278687300785223,0.9374034813491313,0.0,0.0
-0.014934703453762303,0.5257110746235766,0.9376018566009875,0.0,0.0
-0.014854234264574735,0.5235922419359265,0.9377995558308203,0.0,0.0
-0.01477020013046686,0.5215147513647618,0.9379966985062513,0.0,0.0
-0.014682621219227502,0.5194811049438998,0.9381927538884343,0.0,0.0
-0.014591518549374946,0.5174937830522813,0.9383879893240403,0.0,0.0
-0.014496913985112662,0.5155552399264719,0.9385826426173554,0.0,0.0
-0.01439883023108189,0.5136678990352217,0.9387764805072214,0.0,0.0
-0.014297290826912905,0.5118341483279029,0.9389695309937716,0.0,0.0
-0.01419232014157517,0.5100563353705106,0.9391617262751693,0.0,0.0
-0.014083943367529345,0.5083367623847497,0.9393531200888489,0.0,0.0
-0.013972186514680952,0.5066776812076033,0.9395434044557344,0.0,0.0
-0.013857076404138266,0.5050812881906066,0.9397329368096778,0.0,0.0
-0.013738640661775237,0.5035497190598252,0.9399216732318634,0.0,0.0
-0.013616907711601473,0.5020850437592284,0.9401096417829399,0.0,0.0
-0.013491906768940765,0.5006892613017165,0.9402969951611914,0.0,0.0
-0.013363667833419262,0.4993642946534994,0.9409149504916383,0.0,0.0
-0.013232221681765917,0.49811198567875675,0.9411002028739838,0.0,0.0
-0.013097599860426213,0.49693409017255435,0.9421311774213555,0.0,0.0
-0.012959834677990988,0.49583227301077926,0.9423103743162509,0.0,0.0
-0.012818959197442786,0.49480810344637455,0.9424887228835189,0.0,0.0
-0.012675007228220696,0.4938630505813993,0.9426662147908359,0.0,0.0
-0.012528013318106315,0.4929984790443373,0.9428428650844084,0.0,0.0
-0.012378012744932509,0.4922156449016615,0.9430186117899675,0.0,0.0
-0.012225041508116768,0.4915156918319116,0.9431934583933442,0.0,0.0
-0.01206913632002165,0.4908996475894256,0.9433673904046532,0.0,0.0
-0.011910334597143947,0.4903684207833904,0.9435404267920539,0.0,0.0
-0.01174867445113484,0.48992279799613225,0.9437126066742013,0.0,0.0
-0.011584194679653366,0.48956344126237783,0.9438841950797381,0.0,0.0
-0.0114169347570552,0.48929088592886133,0.9440548173421807,0.0,0.0
-0.011246934824918823,0.4891055389109001,0.9442244041509312,0.0,0.0
-0.011074235682411981,0.4890076773596688,0.9452872315479897,0.0,0.0
-0.010898878776499818,0.48899744775071696,0.9454497573720514,0.0,0.0
-0.010720906191998043,0.4890748654010245,0.9462840791848621,0.0,0.0
-0.010540360641472634,0.48923981441845227,0.946441449813822,0.0,0.0
-0.010357285454989068,0.489492048083989,0.9469995608217624,0.0,0.0
-0.010171724569713292,0.4898311896637437,0.9471544341160941,0.0,0.0
-0.00998372251936705,0.49025673364418926,0.9493771622514338,0.0,0.0
-0.009793324423539987,0.4907680473808441,0.9495272395953068,0.0,0.0
-0.009600575976861113,0.49136437314740505,0.9496783888173769,0.0,0.0
-0.009405523438032512,0.4920448305693517,0.9498692643908514,0.0,0.0
-0.009208213618727085,0.4928084194232783,0.9500577044765384,0.0,0.0
-0.00900869387235439,0.49365402278072523,0.9502438202265495,0.0,0.0
-0.008807012082695876,0.49458041047309814,0.9504276138743146,0.0,0.0
-0.008603216652412858,0.495586242852368,0.9506091944155982,0.0,0.0
-0.008397356491430412,0.4966700748207313,0.9507886296711776,0.0,0.0
-0.00818948100519898,0.49783036010119935,0.9538122244550211,0.0,0.0
-0.007979640082837417,0.4990654557202635,0.9539754886847687,0.0,0.0
-0.007767884085159818,0.5003736266732642,0.9541365254680318,0.0,0.0
-0.007554263832589149,0.501753050742943,0.9542954572146941,0.0,0.0
-0.007338830592960656,0.5032018234418176,0.954452371803001,0.0,0.0
-0.007121636069217645,0.5047179630494555,0.9546072833822199,0.0,0.0
-0.006902732387003314,0.5062994157164793,0.9570803045378075,0.0,0.0
-0.006682172082150567,0.507944060608101,0.9572230971549511,0.0,0.0
-0.006460008088073856,0.5096497150611917,0.9573639900878232,0.0,0.0
-0.00623629372306533,0.511414139730263,0.9575030938447887,0.0,0.0
-0.006011082677498712,0.5132350436993135,0.9576403942583105,0.0,0.0
-0.005784429000943918,0.5151100895381117,0.9577758282216147,0.0,0.0
-0.005556387089195278,0.5170368982832964,0.957909487847799,0.0,0.0
-0.0053270116712170025,0.51901305432645,0.9580415387782645,0.0,0.0
-0.005096357796008383,0.5210361101931951,0.95817185574067,0.0,0.0
-0.004864480819392236,0.5231035911991944,0.9585294331306505,0.0,0.0
-0.004631436390729929,0.525212999970806,0.9586567716442437,0.0,0.0
-0.004397280439565679,0.5273618208199352,0.9587827468071454,0.0,0.0
-0.00416206916220376,0.52954752396439,0.9589071204673532,0.0,0.0
-0.003925859008221703,0.5317675695867189,0.9590301375100773,0.0,0.0
-0.0036887066669225774,0.5340194117261149,0.9591516463606612,0.0,0.0
-0.003450669053729955,0.5363005019994636,0.9610142864952533,0.0,0.0
-0.003211803296528366,0.5386082931490103,0.9611286652419659,0.0,0.0
-0.0029721667219528903,0.5409402424154214,0.961241734459733,0.0,0.0
-0.002731816841631189,0.5432938147361773,0.9614211170714163,0.0,0.0
-0.0024908113383807777,0.5456664857703177,0.9615326651644239,0.0,0.0
-0.002249208052365578,0.5480557447515042,0.9616430352618565,0.0,0.0
-0.002007064967214473,0.5504590971721988,0.961752304104011,0.0,0.0
-0.001764440196105607,0.5528740673025208,0.9618604863588166,0.0,0.0
-0.001521391967819362,0.5552982005479447,0.9619677064116974,0.0,0.0
-0.0012779786127638535,0.5577290656505667,0.9620737315653578,0.0,0.0
-0.0010342585489758972,0.5601642567390854,0.9621786862980448,0.0,0.0
-0.0007902902681008491,0.5626013952330217,0.963731042566514,0.0,0.0
-0.0005461323213550444,0.5650381316069731,0.9651564493422047,0.0,0.0
-0.00030184330547370557,0.5674721470208933,0.9652517145599725,0.0,0.0
-5.748184864801636e-05,0.5699011548225483,0.9665210970671385,0.0,0.0
0.00018689340354538836,0.5723229019283682,0.9666119334472573,0.0,0.0
0.0004312238022190155,0.5747351700889308,0.9667018840467276,0.0,0.0
0.0006754507092500182,0.5771357770453199,0.9667911531474565,0.0,0.0
0.000919515511353038,0.5795225775825318,0.9668795590943848,0.0,0.0
0.001163359634147157,0.5818934644859709,0.9669672076976413,0.0,0.0
0.0014069245562133724,0.5842463694070262,0.967054112388036,0.0,0.0
0.0016501518231395679,0.5865792636434818,0.9671401888529989,0.0,0.0
0.0018929830615491876,0.5888901588404178,0.9672254670198711,0.0,0.0
0.002135359993110683,0.5911771076170136,0.9673100505945145,0.0,0.0
0.002377224448523925,0.5934382041244987,0.9673937896630997,0.0,0.0
0.002618518381480604,0.5956715845402686,0.9674767454417907,0.0,0.0
0.002859183882595084,0.5978754275029634,0.9675591084807131,0.0,0.0
0.00309916319330232,0.6000479544931033,0.9676409454487515,0.0,0.0
0.0033383987197196886,0.6021874301636132,0.9677221543260405,0.0,0.0
0.003576833046469247,0.6042921626243921,0.9678026484684807,0.0,0.0
0.0038144089504570755,0.6063605036848178,0.9678824931795463,0.0,0.0
0.004051069414606659,0.6083908490578832,0.9679617768721279,0.0,0.0
0.004286757641542603,0.6103816385294362,0.9690295742227635,0.0,0.0
0.004521417067221771,0.6123313560957869,0.9691061810630062,0.0,0.0
0.004754991374508453,0.6142385300727482,0.9700768985555837,0.0,0.0
0.004987424506690066,0.6161017331789662,0.9701511552041431,0.0,0.0
0.005218660680930637,0.6179195825962264,0.9701673568205167,0.0,0.0
0.005448644401658304,0.6196907400092273,0.9702414270914685,0.0,0.0
0.005677320473884068,0.6214139116271425,0.970314947039318,0.0,0.0
0.0059046340164482765,0.6230878481891347,0.970387943363112,0.0,0.0
0.006130530475191875,0.6247113449558249,0.9704605030096599,0.0,0.0
0.006354955636049125,0.6262832416885633,0.9705326167153772,0.0,0.0
0.00657785563805867,0.6278024226182256,0.9706042565225252,0.0,0.0
0.006799176986290019,0.6292678164051132,0.9706755457032273,0.0,0.0
0.007018866564681957,0.6306783960914183,0.9707462949798721,0.0,0.0
0.007236871648790231,0.6320331790475908,0.9708166098404152,0.0,0.0
0.007453139918441151,0.6333312269138522,0.9708864636767724,0.0,0.0
0.0076676194702880954,0.6345716455379666,0.9709559599551726,0.0,0.0
0.007880258830268166,0.6357535849103315,0.9710252134409755,0.0,0.0
0.0080910069659557,0.6368762390973075,0.971173373543676,0.0,0.0
0.008299813298809734,0.6379388461736668,0.9712251553045834,0.0,0.0
0.008506627716312738,0.63894068815495,0.9712955585128397,0.0,0.0
0.008711400583997211,0.6398810909304209,0.9713655438195394,0.0,0.0
0.008914082757357894,0.6407594241972994,0.9713132719790444,0.0,0.0
0.009114625593646048,0.6415751013968276,0.9713835144046692,0.0,0.0
0.009312980963543693,0.6423275796527261,0.9714533155696113,0.0,0.0
0.009509101262714143,0.6430163597124812,0.9715226820103267,0.0,0.0
0.009702939423226968,0.6436409858919208,0.9715916662310453,0.0,0.0
0.00989444892485419,0.6442010460234278,0.9716602541637657,0.0,0.0
0.010083583806234649,0.6446961714081532,0.9725083448607011,0.0,0.0
0.010270298675904727,0.6451260367724966,0.9724297180104313,0.0,0.0
0.01045454872319194,0.6454903602291328,0.9724970981224652,0.0,0.0
0.010636289728969421,0.6457889032427918,0.9723864197431953,0.0,0.0
0.010815478076268108,0.6460214706009901,0.972242742446333,0.0,0.0
0.010992070760744845,0.646187910389859,0.9723122753480996,0.0,0.0
0.011166025401003034,0.6462881139752084,0.9723815280557124,0.0,0.0
0.011337300248763988,0.6463220159889088,0.9731907550404932,0.0,0.0
0.011505854198886424,0.6462895943206726,0.9732579770257739,0.0,0.0
0.011671646799231446,0.6461908701152723,0.973324842209996,0.0,0.0
0.01183463826037071,0.6460259077751979,0.9733914070895312,0.0,0.0
0.01199478946513603,0.6457948149687607,0.9734577400063948,0.0,0.0
0.012152061978006964,0.6454977426435864,0.973523796757515,0.0,0.0
0.012306418054335388,0.6451348850454356,0.9735895165030344,0.0,0.0
0.012457820649403905,0.6447064797422597,0.9736549163052884,0.0,0.0
0.012606233427316456,0.6442128076533581,0.9734980680847692,0.0,0.0
0.012751620769718778,0.6436541930834884,0.9735649402350383,0.0,0.0
0.012893947784346571,0.6430310037617362,0.9736315709179792,0.0,0.0
0.013033180313399492,0.6423436508849364,0.9736979515161313,0.0,0.0
0.013169284941738984,0.6415925891653663,0.9737641412836199,0.0,0.0
0.01330222900490748,0.6407783168824499,0.9738301427065557,0.0,0.0
0.01343198059696805,0.6399013759381027,0.9737060102185201,0.0,0.0
0.013558508578161392,0.6389623519153713,0.9735498872999964,0.0,0.0
0.013681782582379426,0.637961874139929,0.9741361166710828,0.0,0.0
0.013801773024452839,0.6369006157439493,0.9742033950080905,0.0,0.0
0.013918451107251498,0.6357792937318519,0.9747493660735712,0.0,0.0
0.014031788828595656,0.6345986690473144,0.9748150484527647,0.0,0.0
0.014141758987976176,0.6333595466409149,0.9748802844517992,0.0,0.0
0.014248335193082771,0.6320627755376943,0.9749450864445894,0.0,0.0
0.014351491866137708,0.6307092489038537,0.975009515375051,0.0,0.0
0.014451204250034698,0.6292999041117161,0.9753593819890738,0.0,0.0
0.014547448414280179,0.6278357228020197,0.9756917817929804,0.0,0.0
0.014640201260736774,0.6263177309425078,0.9757550626564406,0.0,0.0
0.014729440529166572,0.6247469988816754,0.9756148369753067,0.0,0.0
0.014815144802573505,0.6231246413964602,0.9756790113373941,0.0,0.0
0.014897293512343295,0.6214518177325208,0.9757429042758408,0.0,0.0
0.014975866943179995,0.6197297316356584,0.9758065201849283,0.0,0.0
0.015050846237837376,0.6179596313727937,0.9758697695118361,0.0,0.0
0.015122213401644581,0.6161428097407948,0.9759328149129606,0.0,0.0
0.015189951306824918,0.6142806040612921,0.9759956450710332,0.0,0.0
0.015254043696606302,0.6123743961595037,0.9760582609033164,0.0,0.0
0.015314475189122791,0.6104256123248893,0.9761206145453236,0.0,0.0
0.015371231281106318,0.6084357232513288,0.9761826686663455,0.0,0.0
0.015424298351367247,0.6064062439543355,0.976244342368184,0.0,0.0
0.01547366366406345,0.6043387336626189,0.9763057333971068,0.0,0.0
0.015519315371756767,0.6022347956811505,0.9761812912182615,0.0,0.0
0.015561242518256588,0.6000960772226599,0.9762433010628738,0.0,0.0
0.015599435041248945,0.5979242692043187,0.9763050370064168,0.0,0.0
0.015633883774711685,0.5957211060061314,0.9761512357783942,0.0,0.0
0.015664580451114136,0.5934883651873455,0.9762137846479552,0.0,0.0
0.015691517703401284,0.5912278671569958,0.9762759556514489,0.0,0.0
0.015714689066761975,0.5889414747944368,0.9763378138221437,0.0,0.0
0.01573408898018013,0.5866310930155266,0.9763993235952846,0.0,0.0
0.01574971278776963,0.584298668279881,0.9764605589373743,0.0,0.0
0.015761556739891762,0.5819461880344015,0.9762900664305655,0.0,0.0
0.01576961799405484,0.5795756800880655,0.9759568830941413,0.0,0.0
0.015773894615596504,0.5771892119127375,0.9755431388933986,0.0,0.0
0.015774385578148132,0.5747888898645923,0.9750417993008084,0.0,0.0
0.015771090763881095,0.57237685832051,0.9749110098816217,0.0,0.0
0.01576401096353502,0.5699552987236597,0.9749838855650134,0.0,0.0
0.015753147876227915,0.5675264285323364,0.9750562730583672,0.0,0.0
0.015738504109048687,0.5650925000659605,0.9744857737419294,0.0,0.0
0.015720083176431157,0.5626557992420997,0.974358851618947,0.0,0.0
0.015697889499310703,0.5602186441982568,0.9744356764781066,0.0,0.0
0.015671928404063236,0.5577833837922035,0.9745120370480037,0.0,0.0
0.015642206121227135,0.5553523959746144,0.97458768699186,0.0,0.0
0.015608729784007513,0.5529280860278722,0.9746626705354037,0.0,0.0
0.015571507426564626,0.5505128846650383,0.9749382595566329,0.0,0.0
0.01553054798208561,0.5481092459831814,0.9751841298655399,0.0,0.0
0.015485861280640504,0.5457196452655516,0.9753902244449575,0.0,0.0
0.015437458046823145,0.5433465766274227,0.9754621760883321,0.0,0.0
0.015385349897177342,0.5409925505008837,0.9755336743441793,0.0,0.0
0.015329549337408876,0.5386600909543899,0.9756046012783512,0.0,0.0
0.015270069759384186,0.5363517328435039,0.9754668882404498,0.0,0.0
0.015206925437916555,0.5340700187900087,0.9747712440810492,0.0,0.0
0.01514013152733996,0.5318174959874041,0.9748461878930413,0.0,0.0
0.0150697040578724,0.529596712831746,0.9746236132169626,0.0,0.0
0.014995659931768417,0.5274102153778722,0.9744074185290308,0.0,0.0
0.014918016919262863,0.5252605436221982,0.974484184861578,0.0,0.0
0.014836793654306025,0.5231502276145924,0.9745602226407457,0.0,0.0
0.014752009630091672,0.521081783403207,0.9746356366563038,0.0,0.0
0.01466368519437858,0.5190577088176623,0.9738567547204086,0.0,0.0
0.01457184154460733,0.5170804790975516,0.9730175996348835,0.0,0.0
0.014476500722813049,0.5151525423749336,0.9731028744914055,0.0,0.0
0.014377685610335304,0.5132763150212264,0.9731875336581796,0.0,0.0
0.01427541992232674,0.5114541768707139,0.9732715625770274,0.0,0.0
0.014169728202061605,0.5096884663347343,0.973355026358323,0.0,0.0
0.01406063581504536,0.5079814754224703,0.9734378490502378,0.0,0.0
0.013948168942927316,0.506335444686136,0.9735200939388752,0.0,0.0
0.013832354577216887,0.5047525581101461,0.9736018834822153,0.0,0.0
0.013713220512805905,0.5032349379656466,0.9736832461036923,0.0,0.0
0.013590795341297965,0.5017846396534321,0.9737641420922012,0.0,0.0
0.013465108444146558,0.5004036465598306,0.973844438182238,0.0,0.0
0.013336189985603673,0.49909386495152236,0.9740378777103182,0.0,0.0
0.013204070905480534,0.49785711893647133,0.9741162915253988,0.0,0.0
0.013068782911722223,0.49669514551912075,0.9732801120291107,0.0,0.0
0.012930358472797781,0.49560958977875946,0.9723902158292183,0.0,0.0
0.012788830809908055,0.49460200020040623,0.9720519641336784,0.0,0.0
0.012644233889012873,0.4936738241877483,0.9711085260541173,0.0,0.0
0.012496602412679088,0.4928264037875018,0.9707529462129325,0.0,0.0
0.012345971811752338,0.4920609716540606,0.9708525323197325,0.0,0.0
0.012192378236853894,0.4913786472824984,0.9711270315978969,0.0,0.0
0.012035858549704388,0.4907804335367639,0.9712240087726494,0.0,0.0
0.011876450314277351,0.4902672134984188,0.9713203520403197,0.0,0.0
0.01171419178778421,0.48983974765937416,0.9714160439259348,0.0,0.0
0.011549121911492382,0.4894986714799114,0.9715111506057196,0.0,0.0
0.011381280301379856,0.4892444933307832,0.9716057500387978,0.0,0.0
0.01121070723862734,0.4890775928354345,0.9716997035627252,0.0,0.0
0.011037443659951117,0.48899821962541734,0.9717931990542679,0.0,0.0
0.01086153114777842,0.48900649251886397,0.9718861918683162,0.0,0.0
0.010683011920267714,0.4891023991286033,0.9719786954314803,0.0,0.0
0.010501928821176669,0.48928579590303783,0.9720707830255597,0.0,0.0
0.010318325309579887,0.489556408599473,0.9721624064607388,0.0,0.0
0.010132245449438757,0.4899138331860912,0.9722534315227274,0.0,0.0
0.009943733899026549,0.49035753716538666,0.9713583528981375,0.0,0.0
0.009752835900210404,0.4908868613085569,0.9714549674556667,0.0,0.0
0.009559597267593754,0.4915010217872076,0.971826017968259,0.0,0.0
0.009364064377520818,0.4921991126857993,0.9719189978397911,0.0,0.0
0.009166284156946617,0.4929801088755352,0.97160837966555,0.0,0.0
0.00896630407217471,0.493842869227986,0.9713024572167331,0.0,0.0
0.008764172117465501,0.4947861401445966,0.9713993978599775,0.0,0.0
0.00855993680351785,0.49580855937643536,0.9717763479522483,0.0,0.0
0.008353647145826733,0.49690866010707224,0.9718694651883667,0.0,0.0
0.008145352652919761,0.4980848752703573,0.9719621591257944,0.0,0.0
0.007935103314475405,0.49933554207409897,0.9720543149736229,0.0,0.0
0.007722949589325607,0.5006589067002298,0.9721460049530294,0.0,0.0
0.00750894239334607,0.5020531291519189,0.972237252549675,0.0,0.0
0.007293133087236526,0.5035162882183694,0.9723280592032384,0.0,0.0
0.007075573464194515,0.505046386528491,0.9720571359723379,0.0,0.0
0.006856315737485287,0.5066413556654763,0.9721496794913552,0.0,0.0
0.006635412527910713,0.5082990613153128,0.9722418219103984,0.0,0.0
0.006412916851180756,0.5100173084235099,0.9719825900418437,0.0,0.0
0.006188882105189774,0.511793846335745,0.9720764004811828,0.0,0.0
0.005963362057201419,0.513626373899703,0.9721697004740012,0.0,0.0
0.0057364108309446386,0.5155125445070698,0.9722625064555765,0.0,0.0
0.005508082893624381,0.5174499710564151,0.972354943645909,0.0,0.0
0.005278433042849537,0.5194362308195334,0.9724469771833452,0.0,0.0
0.005047516393481931,0.5214688701956719,0.9725386563889422,0.0,0.0
0.004815388364408998,0.5235454093399237,0.9726299800321502,0.0,0.0
0.004582104665243451,0.525663346653915,0.9727209550391075,0.0,0.0
0.004347721282953255,0.5278201631287185,0.97281153978528,0.0,0.0
0.004112294468425104,0.5300133265316449,0.972901669769093,0.0,0.0
0.003875880722964369,0.5322402954302474,0.9729913489846139,0.0,0.0
0.0036385367847351496,0.5344985230484421,0.9730806729810123,0.0,0.0
0.0034003196151433045,0.5367854609511241,0.9731696154056182,0.0,0.0
0.003161286385166065,0.5390985625550436,0.9732581588097676,0.0,0.0
0.0029214944616312026,0.5414352864649676,0.9733462345169385,0.0,0.0
0.0026810013934493375,0.5437930996353059,0.9734339914868729,0.0,0.0
0.002439864897802407,0.5461694803584211,0.9735213994137991,0.0,0.0
0.0021981428462918796,0.54856192108179,0.9733047182043414,0.0,0.0
0.0019558932510497836,0.5509679310569682,0.9730967684756218,0.0,0.0
0.0017131742508161585,0.5533850388240668,0.973188124394018,0.0,0.0
0.0014700440969859334,0.55581079453602,0.973279149085709,0.0,0.0
0.0012265611396289784,0.5582427721274802,0.973369762229299,0.0,0.0
0.0009827838134862947,0.5606785713335634,0.9739833919008898,0.0,0.0
0.0007387706239459739,0.563115819564039,0.9740681591158424,0.0,0.0
0.0004945801330021801,0.5655521736387966,0.9741526056095601,0.0,0.0
0.00025027094520060916,0.5679853213906357,0.9742367219045398,0.0,0.0
5.9016935735778375e-06,0.5704129831415325,0.9743205111448483,0.0,0.0
-0.00023846897443153815,0.572832913058623,0.9749029504911894,0.0,0.0
-0.0004827824110274462,0.575242900396137,0.9749812492049063,0.0,0.0
-0.0007269799821621059,0.5776407706295162,0.9750593199310335,0.0,0.0
-0.0009710030815906297,0.5800243864878616,0.9751370196970813,0.0,0.0
-0.0012147931449405305,0.5823916488907531,0.9752144391174362,0.0,0.0
-0.0014582916637668486,0.5847404977953673,0.975291569897743,0.0,0.0
-0.0017014401995938835,0.5870689129596514,0.975368411916692,0.0,0.0
-0.0019441803979402263,0.5893749146271338,0.9754448608197342,0.0,0.0
-0.0021864540023234283,0.5916565641387661,0.9755210205181566,0.0,0.0
-0.0024282028682414435,0.5939119644769931,0.9755967803026707,0.0,0.0
-0.0026693689771268864,0.596139260747014,0.9756722240318643,0.0,0.0
-0.0029098944502712405,0.5983366405999938,0.9757473535467238,0.0,0.0
-0.0031497215627155437,0.6005023346027694,0.9763268617374108,0.0,0.0
-0.0033887927571040074,0.6026346165583393,0.9763964202132829,0.0,0.0
-0.003627050657497592,0.6047318037812344,0.9764657355122162,0.0,0.0
-0.0038644380831438442,0.6067922573316241,0.9765346528740528,0.0,0.0
-0.004100898062200162,0.6088143822118083,0.976603221283381,0.0,0.0
-0.004336373845406595,0.6107966275285129,0.9766714305160971,0.0,0.0
-0.00457080891970551,0.612737486624219,0.9767392602618234,0.0,0.0
-0.004804147021804434,0.6146354971805482,0.9768067718461061,0.0,0.0
-0.005036332151678883,0.6164892412965134,0.9768740790618123,0.0,0.0
-0.005267308586012253,0.6182973455442912,0.9774318833005928,0.0,0.0
-0.005497020891569025,0.6200584810049633,0.9774939158615032,0.0,0.0
-0.005725413938498555,0.6217713632865167,0.97755565808022,0.0,0.0
-0.005952432913565854,0.6234347525262327,0.9776171477405459,0.0,0.0
-0.006178023333306686,0.6250474533794284,0.9776783656666675,0.0,0.0
-0.0064021310571031765,0.6266083149963856,0.9777393122267136,0.0,0.0
-0.0066247023001773965,0.628116230989134,0.977800031784147,0.0,0.0
-0.0068456836464993445,0.6295701393896722,0.9778605129456067,0.0,0.0
-0.0070650220616067065,0.6309690226010288,0.9779206523050218,0.0,0.0
-0.0072826649053326885,0.6323119073425155,0.9778305915717276,0.0,0.0
-0.007498559944439555,0.6335978645903516,0.977891570961236,0.0,0.0
-0.007712655365154244,0.6348260095147948,0.9779522993705808,0.0,0.0
-0.007924899785603482,0.6359955014147745,0.9780127300526641,0.0,0.0
-0.008135242268145172,0.6371055436509754,0.977713031306391,0.0,0.0
-0.008343632331593165,0.6381553835781992,0.9773127683192933,0.0,0.0
-0.008550019963332609,0.6391443124777896,0.977375454329081,0.0,0.0
-0.00875435563132252,0.6400716654908082,0.9774378061013549,0.0,0.0
-0.008956590295983495,0.6409368215526041,0.9774999232753784,0.0,0.0
-0.009156675421966727,0.6417392033293485,0.9775617610914514,0.0,0.0
-0.009354562989802457,0.6424782771570414,0.977623337277999,0.0,0.0
-0.009550205507424296,0.6431535529834673,0.9776845855449926,0.0,0.0
-0.009743556021567124,0.643764584313507,0.9774963923759934,0.0,0.0
-0.009934568129035669,0.6443109681581657,0.977558600890002,0.0,0.0
-0.010123195987841064,0.6447923449876678,0.9776204998723979,0.0,0.0
-0.010309394328202609,0.6452083986888699,0.9776821454163734,0.0,0.0
-0.010493118463412443,0.6455588565272861,0.9777435185407526,0.0,0.0
-0.010674324300560005,0.6458434891138826,0.977464140732649,0.0,0.0
-0.010852968351114173,0.6460621103768849,0.9775265778574783,0.0,0.0
-0.011029007741360418,0.6462145775386959,0.9775886878741985,0.0,0.0
-0.011202400222690026,0.6463007910980784,0.9773154806703176,0.0,0.0
-0.01137310418173983,0.6463206948176686,0.9773788345821622,0.0,0.0
-0.011541078650379075,0.6462742757169064,0.9774418256707234,0.0,0.0
-0.011706283315541592,0.6461615640703952,0.9775047114636443,0.0,0.0
-0.011868678528900735,0.6459826334117179,0.9775673573909436,0.0,0.0
-0.012028225316384858,0.6457376005426775,0.9781761489846305,0.0,0.0
-0.01218488538753081,0.645426625547925,0.9782338148258756,0.0,0.0
-0.012338621144673528,0.6450499118148894,0.9782912042678901,0.0,0.0
-0.012489395691969225,0.6446077060589269,0.9783482639001785,0.0,0.0
-0.012637172844250305,0.6441002983535329,0.9784049652729404,0.0,0.0
-0.012781917135709621,0.6435280221654753,0.9784613398679154,0.0,0.0
-0.012923593828411989,0.6428912543946466,0.978517470714332,0.0,0.0
-0.013062168920631246,0.6421904154184052,0.9785733945437153,0.0,0.0
-0.013197609155010436,0.6414259691401444,0.9786290312212286,0.0,0.0
-0.01332988202654344,0.6405984230417913,0.9783899867785294,0.0,0.0
-0.013458955790376061,0.6397083282398861,0.9784466622286826,0.0,0.0
-0.013584799469424542,0.6387562795448506,0.9785030801773508,0.0,0.0
-0.013707382861809963,0.6377429155230369,0.9785592360013399,0.0,0.0
-0.013826676548106612,0.6366689185610382,0.9786150811405926,0.0,0.0
-0.013942651898402417,0.635535014931751,0.97828075712543,0.0,0.0
-0.014055281079169951,0.6343419748615751,0.9779543722961476,0.0,0.0
-0.014164537059946523,0.6330906125981097,0.9780125339152009,0.0,0.0
-0.014270393619821183,0.6317817864775866,0.9780703317204015,0.0,0.0
-0.014372825353727702,0.6304163989912893,0.9781277335418767,0.0,0.0
-0.014471807678541613,0.6289953968500237,0.9781847271853938,0.0,0.0
-0.014567316838980127,0.6275197710457228,0.9782413905270854,0.0,0.0
-0.014659329913303173,0.6259905569091121,0.9782977914346692,0.0,0.0
-0.0147478248188146,0.6244088341622827,0.9783538955478293,0.0,0.0
-0.0148327803171619,0.6227757269649331,0.978409690092097,0.0,0.0
-0.014914176019433257,0.6210924039529049,0.9789865642836144,0.0,0.0
-0.014991992391050857,0.6193600782675324,0.979516108294324,0.0,0.0
-0.015066210756458982,0.6175800075742071,0.9795633841094958,0.0,0.0
-0.015136813303606299,0.6157534940684007,0.9792701954046369,0.0,0.0
-0.015203783088220311,0.613881884467287,0.97931854384485,0.0,0.0
-0.015267104037874213,0.6119665699849033,0.9793666468619457,0.0,0.0
-0.015326760955844083,0.6100089862886912,0.9794144976598175,0.0,0.0
-0.01538273952475591,0.6080106134350396,0.9794620628508707,0.0,0.0
-0.015435026310021888,0.6059729757813098,0.9795092963266783,0.0,0.0
-0.015483608763064552,0.6038976418716326,0.979556214106458,0.0,0.0
-0.015528475224328354,0.6017862242935654,0.9792736689395553,0.0,0.0
-0.015569614926077975,0.5996403795025275,0.9793215143824939,0.0,0.0
-0.015607017994982493,0.5974618076106917,0.979044303089582,0.0,0.0
-0.015640675454484828,0.595252252136827,0.9790931986088427,0.0,0.0
-0.015670579226956357,0.5930134997133693,0.9791417298152381,0.0,0.0
-0.015696722135635225,0.5907473797467492,0.9792899408554093,0.0,0.0
-0.015719097906348838,0.5884557640268336,0.9790247629523982,0.0,0.0
-0.015737701169019545,0.5861405662810517,0.9795046817697317,0.0,0.0
-0.01575252745895369,0.5838037416686119,0.9795500171116515,0.0,0.0
-0.01576357321791286,0.5814472862099426,0.9795951683919051,0.0,0.0
-0.0157708357949679,0.5790732361463091,0.9796400884425289,0.0,0.0
-0.015774313447135164,0.5766836672243325,0.9796848114291274,0.0,0.0
-0.01577400533979481,0.574280693899937,0.9797292636897137,0.0,0.0
-0.01576991154689124,0.5718664684560625,0.9797735481479933,0.0,0.0
-0.015762033050915027,0.5694431800283357,0.9798176485934987,0.0,0.0
-0.015750371742667347,0.5670130535327017,0.9802207186583592,0.0,0.0
-0.01573493042080623,0.5645783484889441,0.9802618325856762,0.0,0.0
-0.015715712791174823,0.5621413577339034,0.9804422843317236,0.0,0.0
-0.015692723465911936,0.5597044060181497,0.9804822786665827,0.0,0.0
-0.015665967962345366,0.5572698484798773,0.9805938790986789,0.0,0.0
-0.01563545270166744,0.5548400689898038,0.980633177424112,0.0,0.0
-0.015601185007394368,0.5524174783609533,0.980999546376988,0.0,0.0
-0.01556317310360819,0.5500045124173611,0.9810365640152829,0.0,0.0
-0.015521426112983364,0.5476036299159467,0.9810734760450227,0.0,0.0
-0.015475954054597252,0.5452173103161126,0.9811101957292166,0.0,0.0
-0.015426767841525581,0.542848051391965,0.9811467774997445,0.0,0.0
-0.015373879278223423,0.5404983666825651,0.9811832311815339,0.0,0.0
-0.015317301057692074,0.5381707827761156,0.9812192031148145,0.0,0.0
-0.015257046758432856,0.5358678364246913,0.9812549025540958,0.0,0.0
-0.01519313084118838,0.5335920714868414,0.9812904020024099,0.0,0.0
-0.015125568645472019,0.5313460356962728,0.9813256546257094,0.0,0.0
-0.015054376385886343,0.5291322772557953,0.9813607407774964,0.0,0.0
-0.014979571148231955,0.5269533412567985,0.9816461286991877,0.0,0.0
-0.01490117088540687,0.5248117659257213,0.9816794105488836,0.0,0.0
-0.01481919441309775,0.5227100787002965,0.9817124816583719,0.0,0.0
-0.014733661405264515,0.5206507921397643,0.9817453979193441,0.0,0.0
-0.014644592389418395,0.5186363996747668,0.9819610456180865,0.0,0.0
-0.01455200874169571,0.5166693712042648,0.981992748155498,0.0,0.0
-0.014455932681727466,0.5147521485484752,0.9820243001760772,0.0,0.0
-0.014356387267306878,0.5128871407686487,0.9820556987944787,0.0,0.0
-0.014253396388855595,0.5110767193662655,0.9822005524927581,0.0,0.0
-0.014146984763690038,0.5093232133761241,0.9822311091037618,0.0,0.0
-0.014037177930089436,0.5076289043696326,0.982261475932386,0.0,0.0
-0.013924002241166794,0.5059960213864757,0.9822916396122702,0.0,0.0
-0.013807484858544163,0.504426735814642,0.9823216565551225,0.0,0.0
-0.013687653745834097,0.5029231562405267,0.9823515749492207,0.0,0.0
-0.01356453766192842,0.5014873232924949,0.9823813208304196,0.0,0.0
-0.01343816615409631,0.5001212045027742,0.9824108898212215,0.0,0.0
-0.013308569550892959,0.4988266892139304,0.9824403127518103,0.0,0.0
-0.01317577895488115,0.49760558355732454,0.9822590707016879,0.0,0.0
-0.013039826235166451,0.496459605531874,0.982289275952992,0.0,0.0
-0.012900744019749031,0.49539038021216025,0.9823194108808403,0.0,0.0
-0.012758565687692937,0.4943994351152788,0.9823709384615503,0.0,0.0
-0.012613325361115363,0.49348819575596947,0.9824008577784208,0.0,0.0
-0.012465057896997539,0.4926579814193096,0.9824306126865091,0.0,0.0
-0.012313798878819162,0.4919100011797039,0.9824601692166067,0.0,0.0
-0.012159584608018484,0.49124535019400234,0.9824895615943451,0.0,0.0
-0.012002452095280253,0.49066500629529974,0.9825187930245046,0.0,0.0
-0.011842439051653234,0.4901698269123922,0.9825478443800979,0.0,0.0
-0.011679583879499873,0.48976054633792376,0.9823792604337074,0.0,0.0
-0.011513925663279677,0.4894377733659964,0.9824091044936825,0.0,0.0
-0.011345504160169403,0.48920198931748154,0.982438762611457,0.0,0.0
-0.01117435979052129,0.4890535464684733,0.9824681515272842,0.0,0.0
-0.011000533628162583,0.48899266689427767,0.9824973918751885,0.0,0.0
-0.010824067390537803,0.48901944173814316,0.9827033185830091,0.0,0.0
-0.010645003428696937,0.48913383091056656,0.9827320440733719,0.0,0.0
-0.010463384717131286,0.48933566322159444,0.9827605859740195,0.0,0.0
-0.010279254843459824,0.4896246369450544,0.9825162756289839,0.0,0.0
-0.010092657997968348,0.4900003208101979,0.9825453175874178,0.0,0.0
-0.009903638963004056,0.4904621554128563,0.9825742011057593,0.0,0.0
-0.009712243102228107,0.4910094550349281,0.982602933463948,0.0,0.0
-0.009518516349728258,0.4916414098579228,0.9825487224397871,0.0,0.0
-0.00932250519899526,0.4923570885533872,0.9825778438058779,0.0,0.0
-0.009124256691764296,0.493155441230385,0.9826068351232125,0.0,0.0
-0.008923818406725577,0.49403530271784085,0.9826357130799239,0.0,0.0
-0.008721238448105293,0.49499539615750116,0.9827597988447201,0.0,0.0
-0.008516565434121116,0.49603433688151993,0.9827886140864539,0.0,0.0
-0.008309848485313973,0.4971506365472973,0.9828173765389837,0.0,0.0
-0.008101137212759237,0.498342707501149,0.9828459984776015,0.0,0.0
-0.0078904817061605,0.49960886734169585,0.9828743684252356,0.0,0.0
-0.007677932521828159,0.500947343653496,0.9829025895846057,0.0,0.0
-0.007463540670546166,0.5023562788814284,0.9829305834801538,0.0,0.0
-0.007247357605329714,0.5038337353166148,0.9829584187889787,0.0,0.0
-0.007029435209076707,0.5053777001652513,0.9828285153759478,0.0,0.0
-0.006809825782116238,0.5069860906725536,0.9828570819055088,0.0,0.0
-0.0065885820296565575,0.5086567592750959,0.9828854640410589,0.0,0.0
-0.006365757049136273,0.5103874987561177,0.9829136272340343,0.0,0.0
-0.006141404317481086,0.5121760473798181,0.9829415961236875,0.0,0.0
-0.005915577678269658,0.5140200939822526,0.9829693929635198,0.0,0.0
-0.0056883313288114004,0.5159172829981757,0.9829853874272291,0.0,0.0
-0.005459719807139369,0.517865219404933,0.983013677478643,0.0,0.0
-0.005229797978921352,0.5198614735663781,0.983041792166066,0.0,0.0
-0.004998621024292462,0.5219035859616141,0.9828127468257197,0.0,0.0
-0.004766244424612154,0.5239890717852529,0.982841294657416,0.0,0.0
-0.004532723949148867,0.5261154254076923,0.9828697011399223,0.0,0.0
-0.00429811564169577,0.5282801246857121,0.9828978915840784,0.0,0.0
-0.004062475807120499,0.5304806351154103,0.9829258608440156,0.0,0.0
-0.0038258609978522166,0.5327144138211425,0.9829535909255378,0.0,0.0
-0.003588328000309372,0.5349789133757008,0.9827664421002789,0.0,0.0
-0.003349933821271151,0.5372715854483988,0.9824593746405079,0.0,0.0
-0.0031107356741961957,0.5395898842791148,0.9824884209248408,0.0,0.0
-0.002870790965491622,0.5419312699775584,0.9822498635422926,0.0,0.0
-0.0026301572807357074,0.5442932116481851,0.9819578362344986,0.0,0.0
-0.0023888923708577396,0.5466731903421729,0.9819898706893891,0.0,0.0
-0.0021470541382779475,0.5490687018388092,0.981750869929229,0.0,0.0
-0.001904700623011293,0.5514772592594105,0.9817836082550108,0.0,0.0
-0.0016618899887380753,0.5538963955176016,0.9815970886538635,0.0,0.0
-0.001418680508845017,0.556323665610382,0.9816308788247449,0.0,0.0
-0.0011751305524398158,0.5587566487548742,0.9816643672340735,0.0,0.0
-0.0009312985703429084,0.5611929503760844,0.9816976297827785,0.0,0.0
-0.0006872430810596,0.5636302039513202,0.9813611407310421,0.0,0.0
-0.0004430226567357756,0.566066072717145,0.9813961314698896,0.0,0.0
-0.00019869590910096685,0.568498251244946,0.9810228918894158,0.0,0.0
4.567852459818528e-05,0.570924466891298,0.9810597805054966,0.0,0.0
0.0002900419956706662,0.5733424811293468,0.9810963401485004,0.0,0.0
0.0005343358580563898,0.5757500907674761,0.981132609999928,0.0,0.0
0.0007785014824010434,0.5781451290614575,0.9811685665070168,0.0,0.0
0.001022480270126843,0.5805254667262105,0.9812041766307407,0.0,0.0
0.0012662136674958513,0.5828890128532067,0.9812395565964862,0.0,0.0
0.0015096431796626844,0.5852337157393923,0.9812746782933964,0.0,0.0
0.0017527103847129362,0.5875575636333641,0.9813094787339399,0.0,0.0
0.0019953569476841653,0.5898585854043356,0.9813439074467963,0.0,0.0
0.002237524634565978,0.592134851139255,0.9809775437548685,0.0,0.0
0.0024791553262760177,0.594384472673202,0.981013942406414,0.0,0.0
0.002720191032608111,0.5966056040580164,0.9810500082351149,0.0,0.0
0.002960573906149769,0.5987964419738449,0.9807192466023097,0.0,0.0
0.0032002462561652343,0.6009552260881038,0.9807556525100001,0.0,0.0
0.0034391505624409764,0.6030802393661185,0.9803548738750363,0.0,0.0
0.0036772294890902754,0.6051698083374676,0.9803914095519135,0.0,0.0
0.003914425898313533,0.6072223033218546,0.9800185731381735,0.0,0.0
0.004150682864111177,0.6092361386181032,0.9795122419295502,0.0,0.0
0.004385943685945425,0.6112097726596577,0.9795530953901604,0.0,0.0
0.004620151902348396,0.6131417081397689,0.9795934873720245,0.0,0.0
0.004853251304472373,0.6150304921093394,0.9796335983920906,0.0,0.0
0.005085185949579767,0.6168747160502278,0.9796733817985638,0.0,0.0
0.005315900174469091,0.6186730159265846,0.9792555053003926,0.0,0.0
0.00554533860883383,0.6204240722166693,0.9788425968818856,0.0,0.0
0.005773446188551088,0.6221266099273809,0.9788832389267856,0.0,0.0
0.00600016816889672,0.6237793985936114,0.9789235532102655,0.0,0.0
0.006225450137683722,0.625381252264344,0.9789635898158647,0.0,0.0
0.006449238028321002,0.6269310294773011,0.9790032811040004,0.0,0.0
0.006671478132789015,0.628427633223805,0.9790425853414456,0.0,0.0
0.006892117114529492,0.6298700109053618,0.9786252439798292,0.0,0.0
0.007111102021245917,0.6312571542833976,0.9779330135868548,0.0,0.0
0.007328380297611855,0.6325880994234334,0.9779758420249893,0.0,0.0
0.0075438997978839835,0.6338619266348866,0.9780181737800311,0.0,0.0
0.007757608798416727,0.6350777604075871,0.9775870237943896,0.0,0.0
0.007969456010075827,0.6362347693460176,0.9776298069558609,0.0,0.0
0.008179390590547378,0.6373321661021686,0.977672264694789,0.0,0.0
0.008387362156539806,0.6383692073078585,0.977714350152447,0.0,0.0
0.008593320795875565,0.6393451935072544,0.977756097523842,0.0,0.0
0.008797217079469883,0.6402594690902986,0.9777976503213707,0.0,0.0
0.0089990020731934,0.6411114222276427,0.9775645815529107,0.0,0.0
0.009198627349616288,0.6419004848076644,0.9776069938397017,0.0,0.0
0.009396044999630372,0.6426261323760591,0.9776489947863731,0.0,0.0
0.009591207643947304,0.6432878840784721,0.9776905736339929,0.0,0.0
0.00978406844446934,0.6438853026065621,0.9777317788356411,0.0,0.0
0.00997458111553006,0.6444179941478682,0.977772582863266,0.0,0.0
0.010162699935002906,0.6448856083397879,0.977813063265504,0.0,0.0
0.01034837975527423,0.6452878382279484,0.9778533150485699,0.0,0.0
0.010531576014078461,0.6456244202292138,0.9776591671906361,0.0,0.0
0.010712244745192894,0.6458951340995372,0.9777002227849606,0.0,0.0
0.010890342588989233,0.6460998029068221,0.9772675582689909,0.0,0.0
0.011065826802839938,0.6462382930089504,0.9773090273620106,0.0,0.0
0.011238655271376023,0.6463105140370787,0.9773501560141867,0.0,0.0
0.011408786516594644,0.6463164188842969,0.9773909807684846,0.0,0.0
0.01157617970781362,0.6462560036996949,0.977431508504395,0.0,0.0
0.011740794671470567,0.646129307887881,0.9770019943811431,0.0,0.0
0.011902591900764387,0.6459364141139411,0.9770430877227375,0.0,0.0
0.012061532565136725,0.6456774483138223,0.9770840026542635,0.0,0.0
0.012217578519591111,0.6453525797100885,0.9771246649030544,0.0,0.0
0.012370692313847428,0.6449620208329602,0.9771650495965404,0.0,0.0
0.012520837201330121,0.6445060275465415,0.9767394688340899,0.0,0.0
0.012667977147986871,0.6439848990800916,0.9767804776099566,0.0,0.0
0.012812076840936808,0.6433989780641655,0.976821265819189,0.0,0.0
0.012953101696945357,0.6427486505714367,0.9768618766512548,0.0,0.0
0.01309101787072393,0.6420343461619537,0.9769023518089311,0.0,0.0
0.013225792263052915,0.6412565379325652,0.9768522355650102,0.0,0.0
0.013357392528725118,0.6404157425702033,0.9768929276940241,0.0,0.0
0.01348578708430842,0.6395125204086695,0.9768064111832863,0.0,0.0
0.01361094511572585,0.638547475488531,0.9766838667354004,0.0,0.0
0.01373283658565061,0.6375212556196843,0.976726346748678,0.0,0.0
0.013851432240715073,0.6364345524460873,0.9767685560590391,0.0,0.0
0.013966703618531244,0.6352881015121077,0.9768105352907052,0.0,0.0
0.014078623054521821,0.6340826823298913,0.9768522351398312,0.0,0.0
0.014187163688559361,0.6328191184470585,0.9768936462624501,0.0,0.0
0.014292299471412768,0.6314982775140001,0.9764500405796998,0.0,0.0
0.014394005170998798,0.6301210713499517,0.9764918561016264,0.0,0.0
0.01449225637843773,0.6286884560069533,0.9765334176954135,0.0,0.0
0.01458702951391145,0.6272014318307068,0.9760920141404312,0.0,0.0
0.014678301832322344,0.6256610435172651,0.9761343089944933,0.0,0.0
0.014766051428752144,0.62406838016438,0.975212283218197,0.0,0.0
0.014850257243718858,0.6224245753162333,0.9752585343022695,0.0,0.0
0.0149308990682312,0.6207308070001617,0.9753045907462736,0.0,0.0
0.015007957548638352,0.6189882977538673,0.9753504003571559,0.0,0.0
0.015081414191274848,0.6171983146414858,0.9753959190937951,0.0,0.0
0.015151251366899137,0.6153621692567309,0.9754412446918159,0.0,0.0
0.015217452314924253,0.6134812177112138,0.9754864277303417,0.0,0.0
0.01528000114744048,0.6115568606058682,0.9755314877294705,0.0,0.0
0.01533888285302824,0.6095905429832542,0.9755763349253699,0.0,0.0
0.015394083300360859,0.6075837542583599,0.9756960290119118,0.0,0.0
0.015445589241595907,0.6055380281253183,0.9757403833456189,0.0,0.0
0.015493388315554777,0.6034549424373024,0.9757845424672783,0.0,0.0
0.01553746905068917,0.6013361190566521,0.9758284673006187,0.0,0.0
0.015577820867834156,0.5991832236720805,0.9758722109235474,0.0,0.0
0.015614434082747443,0.5969979655796293,0.9759157676991067,0.0,0.0
0.015647299908433113,0.5947820974238018,0.975467543425706,0.0,0.0
0.015676410457250822,0.5925374148950995,0.9755118569435783,0.0,0.0
0.01570175874280855,0.5902657563799698,0.975556081198226,0.0,0.0
0.015723338681639464,0.5879690025589415,0.9751107804459723,0.0,0.0
0.0157411450946618,0.585649075948503,0.9751560954174846,0.0,0.0
0.015755173708421964,0.5833079403820534,0.9753404293736966,0.0,0.0
0.015765421156119966,0.5809476004250375,0.9753850375168434,0.0,0.0
0.0157718849784175,0.5785701007191575,0.9754294533509653,0.0,0.0
0.015774563624028296,0.5761775252503459,0.9754736859852962,0.0,0.0
0.015773456450090328,0.5737719965349899,0.9755177489466308,0.0,0.0
0.01576856372231989,0.5713556747187102,0.9757171627705815,0.0,0.0
0.015759886614948232,0.568930756581834,0.9757604458953415,0.0,0.0
0.015747427210439497,0.5664994744455719,0.9758034988031801,0.0,0.0
0.01573118849899094,0.5640640949727682,0.9758464067340691,0.0,0.0
0.0157111743778153,0.5616269178570392,0.975889142808934,0.0,0.0
0.015687389650205715,0.5591902743940581,0.975931729039665,0.0,0.0
0.015659840024382535,0.5567565259287323,0.9759742417949722,0.0,0.0
0.015628532112123752,0.5543280621720912,0.9760165870619898,0.0,0.0
0.015593473427177977,0.5519072993817832,0.976058762015826,0.0,0.0
0.015554672383461405,0.5494966784002576,0.9762949590207437,0.0,0.0
0.015512138293038219,0.5470986625449438,0.9758728409082846,0.0,0.0
0.015465881363885917,0.5447157353450363,0.975460159360433,0.0,0.0
0.015415912697445511,0.5423503981199033,0.97504198375537,0.0,0.0
0.015362244285957073,0.5400051673945991,0.9750865282610713,0.0,0.0
0.015304889009581726,0.5376825721485528,0.9751309728108806,0.0,0.0
0.015243860633310524,0.535385150894152,0.9751752675275331,0.0,0.0
0.01517917380366078,0.5331154485827636,0.9752194104265484,0.0,0.0
0.015110844045161092,0.5308760133365646,0.9752633800414047,0.0,0.0
0.015038887756625565,0.5286693930056049,0.9753072245254335,0.0,0.0
0.014963322207218006,0.5264981315506007,0.9755795188261425,0.0,0.0
0.014884165532307569,0.5243647652532011,0.975621906190648,0.0,0.0
0.014801436729116208,0.5222718187567871,0.9758536160336151,0.0,0.0
0.014715155652159627,0.5202218009423214,0.9758947626895881,0.0,0.0
0.014625343008482134,0.5182172006452872,0.9759357331564857,0.0,0.0
0.014532020352687023,0.5162604822214053,0.975976558084239,0.0,0.0
0.014435210081763813,0.5143540809705088,0.9760172138737945,0.0,0.0
0.014334935429712769,0.5125003984297579,0.9760577121880954,0.0,0.0
0.014231220461969077,0.5107017975491746,0.9760980565176656,0.0,0.0
0.014124090069627098,0.5089605977643551,0.9761382179462731,0.0,0.0
0.014013569963466803,0.5072790699830722,0.9761782350303888,0.0,0.0
0.013899686667783118,0.5056594315043175,0.9762181037669426,0.0,0.0
0.013782467514020309,0.504103840890146,0.9762578968818266,0.0,0.0
0.013661940634212673,0.5026143928124017,0.9762976046178643,0.0,0.0
0.013538134954232797,0.5011931128980284,0.9763371906620262,0.0,0.0
0.013411080186849566,0.4998419525981457,0.9763766143808456,0.0,0.0
0.013280806824597296,0.49856278410740196,0.9764159178997796,0.0,0.0
0.013147346132457537,0.49735739536121304,0.976455117443832,0.0,0.0
0.013010730140355788,0.4962274851393955,0.9764941962479124,0.0,0.0
0.01287099163547442,0.4951746583053148,0.9765331831131858,0.0,0.0
0.012728164154383794,0.49420042121002655,0.9765720538085673,0.0,0.0
0.012582281974993755,0.4933061772908981,0.9766108514756094,0.0,0.0
0.012433380108327115,0.49249322289391995,0.9766495294218286,0.0,0.0
0.012281494290117129,0.4917627433482762,0.9766880756533898,0.0,0.0
0.012126660972231097,0.49111580932076154,0.9767265229963407,0.0,0.0
0.011968917313922012,0.4905533734762991,0.9767649020367752,0.0,0.0
0.011808301172910766,0.4900762674691458,0.9763895809574601,0.0,0.0
0.01164485109630011,0.48968519928737253,0.9764288881776078,0.0,0.0
0.011478606311323924,0.4893807509708752,0.9760598669410162,0.0,0.0
0.011309606715932606,0.4891633767205911,0.9757026874446473,0.0,0.0
0.011137892869217705,0.48903340141372853,0.9757441148260435,0.0,0.0
0.010963505981678282,0.4889910195367542,0.9757854344465039,0.0,0.0
0.010786487905330266,0.48903629454462405,0.9752237225218812,0.0,0.0
0.010606881123662155,0.48916915865140326,0.9746066150950825,0.0,0.0
0.010424728741439482,0.4893894130539339,0.9746548096031644,0.0,0.0
0.01024007447435962,0.48969672858676955,0.9747028298454604,0.0,0.0
0.010052962638560233,0.490090646803137,0.9747506695032486,0.0,0.0
0.009863438139983798,0.4905705814733103,0.974798380414441,0.0,0.0
0.00967154646360022,0.4911358204885618,0.9748459833895463,0.0,0.0
0.009477333662490652,0.4917855281557768,0.9748934661780574,0.0,0.0
0.009280846346795175,0.492518747864973,0.9745097750747276,0.0,0.0
0.00908213167252636,0.49333440510938514,0.9745585455487901,0.0,0.0
0.00888123733025214,0.4942313108354476,0.9746072250838164,0.0,0.0
0.008678211533650323,0.4952081650980475,0.9746557476318256,0.0,0.0
0.008473103007937587,0.49626356099472785,0.9747041350498947,0.0,0.0
0.008265960978175465,0.49739598885121905,0.9747524877100922,0.0,0.0
0.008056835157456825,0.49860384062970164,0.9748006813542301,0.0,0.0
0.00784577573497483,0.4998854145305904,0.9748486512831618,0.0,0.0
0.007632833363977681,0.5012389197583245,0.974896453661949,0.0,0.0
0.007418059149612286,0.502662481421707,0.974944071676497,0.0,0.0
0.007201504636659128,0.5041541455396907,0.9749915303195098,0.0,0.0
0.00698322179716186,0.5057118841241198,0.9750388089773507,0.0,0.0
0.006763263017954062,0.5073336003118522,0.9750859408035828,0.0,0.0
0.006541681088086983,0.5090171335197978,0.9751328682050994,0.0,0.0
0.006318529186160135,0.5107602645977352,0.9751795717466165,0.0,0.0
0.0060938608675588,0.5125607209552491,0.9747286616189018,0.0,0.0
0.005867730051601012,0.5144161816407748,0.9747777287922873,0.0,0.0
0.005640191008597085,0.5163242823524385,0.9742856277550014,0.0,0.0
0.005411298346825154,0.5182826203622108,0.9743374996936879,0.0,0.0
0.005181106999425324,0.5202887593367083,0.9743892158293019,0.0,0.0
0.004949672211215942,0.522340234039869,0.97386669552326,0.0,0.0
0.00471704952543529,0.5244345549045576,0.9732810514433927,0.0,0.0
0.0044832947704113646,0.5265692124620045,0.9728537934850027,0.0,0.0
0.004248464046163236,0.5287416816197279,0.9729138330137395,0.0,0.0
0.0040126137109375215,0.5309494257803309,0.972973588190975,0.0,0.0
0.0037758003676825144,0.533189900795172,0.9730330827137945,0.0,0.0
0.0035380808504639006,0.5354605587484407,0.9730923657877479,0.0,0.0
0.003299512210824692,0.5377588515686392,0.9731513561596047,0.0,0.0
0.0030601517040932382,0.540082234465748,0.9732100778587168,0.0,0.0
0.002820056775642125,0.5424281691936276,0.9732685432749889,0.0,0.0
0.0025792850471017463,0.5447941271382786,0.9727180761620595,0.0,0.0
0.0023378943025311534,0.5471775922335917,0.972779613546995,0.0,0.0
0.002095942474550348,0.5495760637070962,0.9728409473449678,0.0,0.0
0.0018534876304366259,0.5519870586590101,0.9724129123657482,0.0,0.0
0.001610587958188756,0.5544081144785229,0.9724759365994734,0.0,0.0
0.0013673017525620767,0.5568367911018678,0.9720598740448668,0.0,0.0
0.0011236874010781541,0.5592706731171695,0.972124497126678,0.0,0.0
0.000879803370011937,0.561707371721472,0.9721889245012044,0.0,0.0
0.0006357081903601765,0.5641445265356411,0.9722530514078781,0.0,0.0
0.0003914604437942944,0.5665798072830812,0.9723169595659596,0.0,0.0
0.00014711874860103919,0.5690109153383617,0.972380587395288,0.0,0.0
-9.725825438562869e-05,0.5714355851519387,0.9724439433757122,0.0,0.0
-0.0003416119158580751,0.5738515855572399,0.9725070802064184,0.0,0.0
-0.0005858835921104373,0.5762567209663264,0.9725700066086355,0.0,0.0
-0.0008300146591130149,0.5786488324603491,0.9726326355236741,0.0,0.0
-0.001073946526581595,0.5810257987808972,0.9726949188643266,0.0,0.0
-0.001317620652038884,0.5833855372282406,0.9727569308372418,0.0,0.0
-0.0015609785548644877,0.5857260044723142,0.9724641943179586,0.0,0.0
-0.0018039618303298587,0.588045197282149,0.9725279720727867,0.0,0.0
-0.002046512163615277,0.5903411531792282,0.9725914216345583,0.0,0.0
-0.002288571343805024,0.5926119510201028,0.9726545890613585,0.0,0.0
-0.0025300812778578075,0.594855711513352,0.9727174505320355,0.0,0.0
-0.002770984004548718,0.5970705976757742,0.9727800330488943,0.0,0.0
-0.003011221708379766,0.5992548152324699,0.9728423662206909,0.0,0.0
-0.0032507367334551744,0.6014066129652633,0.9729043364663856,0.0,0.0
-0.0034894715973186894,0.6035242830136562,0.972635511110529,0.0,0.0
-0.0037273690047489164,0.6056061611323256,0.9723771067360453,0.0,0.0
-0.003964371861510057,0.607650626908917,0.972442775770965,0.0,0.0
-0.004200423288054144,0.609656103945693,0.9725080870167113,0.0,0.0
-0.00443546663317188,0.6116210600083832,0.9725729505396801,0.0,0.0
-0.0046694454875887,0.6135440071453553,0.9732725802710708,0.0,0.0
-0.004902303697502686,0.6154235017800535,0.9739265431079647,0.0,0.0
-0.005133985378061222,0.6172581447794561,0.9739803191313181,0.0,0.0
-0.005364434926773115,0.6190465815010991,0.9740337539906418,0.0,0.0
-0.0055935970368528294,0.6207875018210596,0.9740869201465236,0.0,0.0
-0.0058214167104940154,0.6224796401451136,0.973881917803032,0.0,0.0
-0.006047839272068558,0.6241217754051364,0.9739366540066104,0.0,0.0
-0.006272810381248542,0.6257127310426406,0.9739911304668246,0.0,0.0
-0.006496276046047682,0.627251374981224,0.9740453462734073,0.0,0.0
-0.006718182635779092,0.6287366195895574,0.9738585676360103,0.0,0.0
-0.006938476893926446,0.6301674216364124,0.9739142370477295,0.0,0.0
-0.007157105950925219,0.6315427822391203,0.9739695666038909,0.0,0.0
-0.00737401733685122,0.6328617468067286,0.9739029691126048,0.0,0.0
-0.0075891589940130615,0.6341234049790164,0.9738505890456557,0.0,0.0
-0.007802479289445692,0.6353268905624584,0.97390904012787,0.0,0.0
-0.008013927027302224,0.6364713814640913,0.9739671792376169,0.0,0.0
-0.008223451461140542,0.6375560996241989,0.9740249415254227,0.0,0.0
-0.008431002306102291,0.6385803109486015,0.9740823806871307,0.0,0.0
-0.00863652975098096,0.6395433252413282,0.9741394744035907,0.0,0.0
-0.008839984470176379,0.6404444961382978,0.9741961889434505,0.0,0.0
-0.009041317635532512,0.6412832210426574,0.9742525747896816,0.0,0.0
-0.00924048092805616,0.6420589410622985,0.9743086673086666,0.0,0.0
-0.009437426549513113,0.6427711409500548,0.9742803746333022,0.0,0.0
-0.009632107233899588,0.6434193490470266,0.9743376868930098,0.0,0.0
-0.00982447625878587,0.644003137229419,0.974394567708504,0.0,0.0
-0.010014487456529388,0.6445221208592523,0.974451081041503,0.0,0.0
-0.010202095225354754,0.6449759587392434,0.9743839580113733,0.0,0.0
-0.010387254540298008,0.6453643530721357,0.9742153880454856,0.0,0.0
-0.010569920964012375,0.6456870494247187,0.9742714676339574,0.0,0.0
-0.010750050657432982,0.6459438366967164,0.9743271442449635,0.0,0.0
-0.010927600390298102,0.6461345470947347,0.9743824828839647,0.0,0.0
-0.011102527551524088,0.6462590561113875,0.9741617083580083,0.0,0.0
-0.011274790159431926,0.6463172825097228,0.9742172199327495,0.0,0.0
-0.011444346871822641,0.6463091883130165,0.9742724479120529,0.0,0.0
-0.011611156995899144,0.6462347787999898,0.97432738562622,0.0,0.0
-0.011775180498032375,0.6460941025054752,0.9743820412837609,0.0,0.0
-0.011936378013369182,0.645887251226525,0.9744364633739765,0.0,0.0
-0.012094710855279646,0.6456143600339334,0.9744907220403024,0.0,0.0
-0.012250141024641767,0.6452756072891147,0.9745447488317448,0.0,0.0
-0.012402631218960963,0.6448712146662464,0.9745984944788572,0.0,0.0
-0.012552144841322591,0.6444014471795791,0.9746519306181419,0.0,0.0
-0.012698646009174959,0.6438666132157427,0.97446691101886,0.0,0.0
-0.012842099562941049,0.6432670645709005,0.9745202791732659,0.0,0.0
-0.012982471074456544,0.6426031964925247,0.9745734476756273,0.0,0.0
-0.013119726855232522,0.6418754477255569,0.9746264186428658,0.0,0.0
-0.013253833964540374,0.6410843005626744,0.9746791417497827,0.0,0.0
-0.013384760217317717,0.6402302808983449,0.974731607451829,0.0,0.0
-0.013512474191892283,0.6393139582863033,0.9747838940506355,0.0,0.0
-0.01363694523752321,0.6383359460000504,0.9748359276585009,0.0,0.0
-0.013758143481757098,0.6372969010959147,0.9746521666979638,0.0,0.0
-0.01387603983759705,0.636197524478173,0.9747042537618347,0.0,0.0
-0.013990606010483598,0.6350385609656711,0.9747561430459772,0.0,0.0
-0.014101814505085226,0.6338207993593155,0.9748077405768302,0.0,0.0
-0.014209638631897024,0.6325450725097518,0.9745382999470733,0.0,0.0
-0.014314052513646145,0.6312122573844738,0.9741711769117024,0.0,0.0
-0.014415031091502144,0.6298232751335261,0.9737072326580987,0.0,0.0
-0.014512550131091147,0.6283790911528958,0.9744346234967205,0.0,0.0
-0.01460658622831161,0.6268807151445812,0.9744853471102718,0.0,0.0
-0.014697116814951748,0.6253292011722564,0.9745359293335478,0.0,0.0
-0.014784120164105234,0.6237256477113324,0.9745863206147022,0.0,0.0
-0.014867575395385956,0.6220711976921146,0.9752827538019821,0.0,0.0
-0.014947462479938951,0.6203670385346524,0.9759332742575954,0.0,0.0
-0.015023762245247435,0.6186144021737382,0.9765383099690633,0.0,0.0
-0.015096456379733994,0.616814565072399,0.9765774348615682,0.0,0.0
-0.015165527437155305,0.6149688482220759,0.976616501573805,0.0,0.0
-0.015230958840789123,0.6130786171275557,0.9766554618727451,0.0,0.0
-0.015292734887412632,0.6111452817745494,0.9766943623633014,0.0,0.0
-0.015350840751071286,0.6091702965776632,0.9767331745123573,0.0,0.0
-0.015405262486636621,0.6071551603063379,0.9767718459788597,0.0,0.0
-0.015455987033153354,0.6051014159861372,0.9768103943326862,0.0,0.0
-0.015503002216973845,0.603010650772615,0.9768488200650275,0.0,0.0
-0.015546296754679624,0.600884495794757,0.9768871055502675,0.0,0.0
-0.01558586025578946,0.5987246259648276,0.9769253279001163,0.0,0.0
-0.01562168322525308,0.5965327597512179,0.9769634109116766,0.0,0.0
-0.015653757065729697,0.5943106589107041,0.9770013787795362,0.0,0.0
-0.01568207407965154,0.5920601281762756,0.9770213024900116,0.0,0.0
-0.015706627471071235,0.5897830148965076,0.9770603496612241,0.0,0.0
-0.015727411347292716,0.5874812086222015,0.9770992883087134,0.0,0.0
-0.015744420720285424,0.5851566406357969,0.9771381315736718,0.0,0.0
-0.01575765150788148,0.5828112834188467,0.9771768931583421,0.0,0.0
-0.01576710053475546,0.580447150052618,0.9772155179723722,0.0,0.0
-0.01577276553318612,0.5780662935466566,0.9772540614601649,0.0,0.0
-0.01577464514360119,0.5756708060899745,0.9772924143872125,0.0,0.0
-0.015772738914903096,0.5732628182192954,0.9773306279800649,0.0,0.0
-0.015767047304577595,0.5708444978986346,0.9773687589268011,0.0,0.0
-0.01575757167858384,0.5684180495043165,0.9779730791596688,0.0,0.0
-0.015744314311026623,0.56598571270941,0.9780077859800378,0.0,0.0
-0.015727278383610484,0.5635497612614447,0.9780423818358047,0.0,0.0
-0.015706467984876217,0.5611125016471914,0.9785916313360389,0.0,0.0
-0.015681888109219673,0.558676271638269,0.9786710944014998,0.0,0.0
-0.015653544655692977,0.5562434387113396,0.97870379531999,0.0,0.0
-0.015621444426588959,0.553816398336708,0.9792074229990068,0.0,0.0
-0.01558559512580847,0.5513975721292703,0.9792376654839378,0.0,0.0
-0.01554600535701168,0.5489894058559188,0.9792678844527162,0.0,0.0
-0.015502684621553015,0.5465943672937866,0.9792980027749595,0.0,0.0
-0.015455643316201008,0.5442149439339975,0.9793280162650213,0.0,0.0
-0.015404892730643202,0.5418536405260599,0.9793691519713307,0.0,0.0
-0.015350445044776518,0.5395129764584665,0.9793992254851562,0.0,0.0
-0.015292313325784151,0.5371954829717311,0.9794291363748157,0.0,0.0
-0.01523051152499969,0.5349037002007309,0.9794589418435949,0.0,0.0
-0.015165054474558598,0.5326401740440563,0.979565543136683,0.0,0.0
-0.015095957883838749,0.5304074528589755,0.9795960038064297,0.0,0.0
-0.015023238335690331,0.528208083981629,0.9796263909712912,0.0,0.0
-0.014946913282455803,0.5260446100732207,0.9796566632364598,0.0,0.0
-0.014867001041781508,0.523919565294216,0.9796867593792663,0.0,0.0
-0.01478352079222169,0.5218354713098958,0.9797167266554171,0.0,0.0
-0.014696492568635484,0.519794833132113,0.9797466664289984,0.0,0.0
-0.014605937257378823,0.5178001348036162,0.9797764845187622,0.0,0.0
-0.014511876591291726,0.5158538349329844,0.9798936338736718,0.0,0.0
-0.014414333144482485,0.5139583620899391,0.979924208053693,0.0,0.0
-0.014313330326910187,0.5121161100725733,0.979954648335383,0.0,0.0
-0.014208892378766165,0.5103294330598853,0.9799849386033146,0.0,0.0
-0.014101044364656671,0.5086006406648639,0.9800150492275519,0.0,0.0
-0.013989812167587429,0.5069319929052203,0.980045002134324,0.0,0.0
-0.013875222482751724,0.5053256951107223,0.9800748008200489,0.0,0.0
-0.013757302811123969,0.5037838927878352,0.980104497428778,0.0,0.0
-0.01363608145285924,0.5023086664641256,0.9801340876116952,0.0,0.0
-0.013511587500501635,0.5009020265364452,0.9801635329298451,0.0,0.0
-0.013383850832002164,0.4995659081483716,0.9805942546858494,0.0,0.0
-0.013252902103548106,0.4983021661236642,0.9809622294234871,0.0,0.0
-0.013118772742205667,0.4971125699835663,0.9811679867075548,0.0,0.0
-0.01298149493837777,0.4959987990765935,0.9811946804507093,0.0,0.0
-0.012841101638078362,0.49496243785005395,0.9812213028380884,0.0,0.0
-0.012697626535025557,0.49400497129278154,0.9812478167947879,0.0,0.0
-0.012551104062555439,0.49312778057855805,0.9812742484740951,0.0,0.0
-0.012401569385358075,0.49233213893931577,0.9815655977731839,0.0,0.0
-0.012249058391038114,0.49161920779651835,0.9815910282345786,0.0,0.0
-0.012093607681502212,0.4909900331780474,0.9816163633747713,0.0,0.0
-0.011935254564174403,0.49044554244653527,0.9816415974520333,0.0,0.0
-0.011774037043042725,0.4899865413633289,0.9816667091805107,0.0,0.0
-0.011609993809538413,0.4896137115102006,0.9816917696222918,0.0,0.0
-0.011443164233250038,0.4893276080885568,0.9817167206362445,0.0,0.0
-0.011273588352475066,0.4891286581132136,0.9819298246727228,0.0,0.0
-0.011101306864610963,0.4890171590149299,0.9819549831828048,0.0,0.0
-0.010926361116387763,0.48899327766276723,0.9821882737306861,0.0,0.0
-0.010748793093945302,0.4890570498140581,0.9823946999153838,0.0,0.0
-0.01056864541275659,0.489208379996405,0.9824208940568965,0.0,0.0
-0.01038596130740041,0.4894470418226401,0.9824469495089365,0.0,0.0
-0.010200784621185056,0.48977267873623176,0.9824728000653514,0.0,0.0
-0.010013159795626407,0.49018480518117236,0.98275720832581,0.0,0.0
-0.009823131859781944,0.4906828081870513,0.9829869811844506,0.0,0.0
-0.009630746419444038,0.4912659493568015,0.9831547166133692,0.0,0.0
-0.009436049646194976,0.49193336724159,0.9831807980988043,0.0,0.0
-0.00923908826632573,0.49268408008452896,0.983206848670944,0.0,0.0
-0.009039909549621925,0.4935169889123483,0.9840090272039184,0.0,0.0
-0.008838561298019628,0.4944308809519241,0.9834697448522022,0.0,0.0
-0.008635091834132589,0.4954244333466468,0.9835223895450114,0.0,0.0
-0.008429549989655527,0.49649621714600983,0.9836445465110486,0.0,0.0
-0.00822198509364443,0.4976447015405605,0.9836960380384948,0.0,0.0
-0.008012446960677995,0.4988682583134559,0.9837466280889836,0.0,0.0
-0.007800985878902347,0.500165166479318,0.9837963100775646,0.0,0.0
-0.0075876525979620205,0.5015336170808744,0.9838469113485381,0.0,0.0
-0.00737249831682042,0.5029717181139586,0.9838351866868285,0.0,0.0
-0.007155574671472228,0.5044774995518815,0.9838846236655193,0.0,0.0
-0.006936933722551051,0.5060489184408582,0.983933196282258,0.0,0.0
-0.00671662794283511,0.5076838640391312,0.9848647999121183,0.0,0.0
-0.006494710204654028,0.5093801629735824,0.985599133481978,0.0,0.0
-0.00627123376719977,0.5111355843890057,0.9856428767517028,0.0,0.0
-0.006046252263744502,0.5129478450667108,0.9856857618619824,0.0,0.0
-0.0058198196887692,0.5148146144908045,0.9857278463931541,0.0,0.0
-0.005591990385004842,0.516733519842212,0.9862372957711629,0.0,0.0
-0.005362819030390807,0.5187021509023397,0.9862783219907626,0.0,0.0
-0.005132360624952041,0.5207180648501122,0.9863185704952583,0.0,0.0
-0.004900670477599667,0.5227787909380027,0.9866021659517918,0.0,0.0
-0.004667804192856854,0.5248818350344898,0.9869466272129371,0.0,0.0
-0.004433817657514167,0.5270246840222391,0.9869864480272679,0.0,0.0
-0.0041987670272169006,0.5292048100430155,0.9870255364906272,0.0,0.0
-0.003962708712988039,0.5314196745820771,0.9870638957068254,0.0,0.0
-0.0037256993676898532,0.5336667323863666,0.9871015082393141,0.0,0.0
-0.003487795872427549,0.5359434352123713,0.9871383687040988,0.0,0.0
-0.0032490553228980007,0.5382472354009015,0.9871744958996517,0.0,0.0
-0.003009535015687091,0.5405755892773756,0.9874386169623631,0.0,0.0
-0.002769292434518779,0.5429259603773776,0.9876696942002002,0.0,0.0
-0.0025283852364594074,0.5452958224983377,0.9877043662403433,0.0,0.0
-0.0022868712380800346,0.5476826625791643,0.9878871481336176,0.0,0.0
-0.0020448084015810115,0.5500839834105142,0.9879210361549144,0.0,0.0
-0.0018022548208811175,0.5524973061791303,0.9879542986105476,0.0,0.0
-0.001559268707675443,0.5549201728503439,0.9879869732313535,0.0,0.0
-0.0013159083774647517,0.5573501483933716,0.9880190530967715,0.0,0.0
-0.0010722322355601244,0.5597848228545046,0.9878787048973544,0.0,0.0
-0.0008282987630659266,0.5622218132836516,0.9879112528899043,0.0,0.0
-0.0005841665028446347,0.564658765520004,0.987943213685939,0.0,0.0
-0.00033989404546682576,0.567093355842775,0.9879746391518546,0.0,0.0
-9.554001514969607e-05,0.5695232924931599,0.9880054798745246,0.0,0.0
0.00014883694431239673,0.5719463170737076,0.9880358094680846,0.0,0.0
0.0003931781836222626,0.5743602058313677,0.9880656542768566,0.0,0.0
0.0006374250620553471,0.5767627708304378,0.9880949881376501,0.0,0.0
0.0008815189615332473,0.5791518610215893,0.9881237870023422,0.0,0.0
0.0011254013006917714,0.5815253632130761,0.9882376260538587,0.0,0.0
0.0013690135489402536,0.5838812029500738,0.9882658900337407,0.0,0.0
0.001612297240508489,0.5862173453079851,0.9883683002615955,0.0,0.0
0.001855193988478257,0.5885317956053593,0.9883960410076729,0.0,0.0
0.0020976454987960366,0.5908226000418868,0.9884664485091617,0.0,0.0
0.0023395935842631514,0.5930878462667357,0.9885309437396832,0.0,0.0
0.002580980178500515,0.5953256638822881,0.9885586726393804,0.0,0.0
0.0028217473498841827,0.5975342248881098,0.9886156643195092,0.0,0.0
0.0030618373154487804,0.5997117440697646,0.9886631343974565,0.0,0.0
0.0033011924547550007,0.6018564793368739,0.9886910006495628,0.0,0.0
0.003539755323718413,0.6039667320145761,0.9887184396144448,0.0,0.0
0.00377746866839558,0.6060408470923349,0.9887454243607524,0.0,0.0
0.004014275438724859,0.6080772134338179,0.9887628775892296,0.0,0.0
0.0042501188022180955,0.6100742639513489,0.9887767908394556,0.0,0.0
0.004484942157600141,0.6120304757482405,0.9888037963622368,0.0,0.0
0.004718689148392908,0.6139443702320839,0.9888303318164919,0.0,0.0
0.0049513036764406194,0.6158145132019067,0.9888564443297575,0.0,0.0
0.005182729915373167,0.6176395149118948,0.9888821428333814,0.0,0.0
0.005412912324004076,0.6194180301142066,0.9889074441944568,0.0,0.0
0.005641795659660171,0.6211487580832249,0.9889323066266835,0.0,0.0
0.0058693249914396235,0.6228304426234379,0.9889127006206687,0.0,0.0
0.006095445713394982,0.6244618720629663,0.9888967237630323,0.0,0.0
0.006320103557638378,0.6260418792346162,0.9889215970998385,0.0,0.0
0.006543244607365625,0.6275693414462062,0.9889460514438413,0.0,0.0
0.006764815309795881,0.629043180441748,0.9889701514089632,0.0,0.0
0.006984762489024153,0.6304623623549795,0.9887996753812869,0.0,0.0
0.007203033358783218,0.6318258976566012,0.9888244912724705,0.0,0.0
0.0074195755351120765,0.6331328410964616,0.9888489195315571,0.0,0.0
0.0076343370489278485,0.6343822916418518,0.9888730150112998,0.0,0.0
0.007847266358498133,0.6355733924129368,0.9888576616517967,0.0,0.0
0.008058312361810717,0.6367053306163108,0.9886621510981279,0.0,0.0
0.008267424408837876,0.6377773374775244,0.988687466564098,0.0,0.0
0.00847455231369208,0.6387886881734056,0.9887124154941569,0.0,0.0
0.00867964636667046,0.6397387017648835,0.9884885205416511,0.0,0.0
0.008882657346184757,0.6406267411309733,0.9885147145147074,0.0,0.0
0.009083536530574391,0.6414522129045326,0.988540574344684,0.0,0.0
0.009282235709799386,0.6422145674103001,0.9885659963018176,0.0,0.0
0.009478707197010473,0.6429132986057209,0.9885910560201998,0.0,0.0
0.009672903839993861,0.6435479440249834,0.9886157514734084,0.0,0.0
0.009864779032487413,0.6441180847266404,0.9886400556726203,0.0,0.0
0.010054286725365989,0.6446233452451814,0.9886211562593344,0.0,0.0
0.010241381437692917,0.6450633935468308,0.988645322047727,0.0,0.0
0.010426018267635371,0.6454379409898469,0.9886692089883792,0.0,0.0
0.010608152903240442,0.6457467422895556,0.9886927673701685,0.0,0.0
0.010787741633069886,0.6459895954882917,0.988715987159492,0.0,0.0
0.010964741356690576,0.6461663419304322,0.9887388680704411,0.0,0.0
0.011139109595018501,0.646276866242629,0.988761433265733,0.0,0.0
0.011310804500513439,0.6463210963193682,0.9887837136169989,0.0,0.0
0.01147978486722227,0.6462990033138968,0.9888057481240736,0.0,0.0
0.01164601014066809,0.6462106016345976,0.9888275117487874,0.0,0.0
0.011809440427583194,0.6460559489467999,0.988849022431383,0.0,0.0
0.011970036505483268,0.6458351461800358,0.9886571755729036,0.0,0.0
0.012127759832080434,0.6455483375406982,0.9886798715065351,0.0,0.0
0.012282572554533454,0.645195710530038,0.9887022994307303,0.0,0.0
0.012434437518532071,0.6447774959674095,0.9887244131230385,0.0,0.0
0.012583318277213868,0.6442939680186468,0.9887462754704632,0.0,0.0
0.012729179099911486,0.6437454442294088,0.9887679083143135,0.0,0.0
0.012871984980727568,0.643132285563328,0.9887893138246627,0.0,0.0
0.013011701646936269,0.6424548964447321,0.9888105044034916,0.0,0.0
0.013148295567208361,0.6417137248056954,0.9888314740179854,0.0,0.0
0.013281733959658606,0.6409092621371342,0.9888521998391698,0.0,0.0
0.01341198479971339,0.6400420435436168,0.98887273280199,0.0,0.0
0.01353901682779633,0.6391126478015057,0.9888930471605103,0.0,0.0
0.013662799556830484,0.6381216974200444,0.9888787906406111,0.0,0.0
0.013783303279554977,0.6370698587048971,0.9888990495810978,0.0,0.0
0.01390049907565486,0.6359578418236308,0.9889191069366077,0.0,0.0
0.014014358818701689,0.6347864008725794,0.9889389799796828,0.0,0.0
0.014124855182903554,0.6335563339444272,0.9889586267386236,0.0,0.0
0.01423196164966356,0.6322684831958382,0.9889780516441286,0.0,0.0
0.014335652513943758,0.6309237349143374,0.988966065550498,0.0,0.0
0.01443590289043446,0.6295230195836065,0.9889854388799486,0.0,0.0
0.014532688719526591,0.6280673119462598,0.9890045934347041,0.0,0.0
0.01462598677308565,0.6265576310630772,0.9890235434082039,0.0,0.0
0.01471577466002673,0.6249950403675876,0.9890422926198471,0.0,0.0
0.014802030831687941,0.6233806477147883,0.9890608486074798,0.0,0.0
0.014884734587002074,0.621715605422667,0.9890504842883405,0.0,0.0
0.014963866077464978,0.6200011103051065,0.9890690661940833,0.0,0.0
0.015039406311898616,0.6182384036945957,0.9890874821939545,0.0,0.0
0.015111337161009484,0.6164287714530678,0.9891057502140098,0.0,0.0
0.01517964136173899,0.6145735439690273,0.9891239020235445,0.0,0.0
0.015244302521406858,0.6126740961390005,0.9891131849599833,0.0,0.0
0.015305305121645152,0.6107318473311663,0.9891313506924542,0.0,0.0
0.015362634522122656,0.6087482613288883,0.9891493889445785,0.0,0.0
0.015416276964058397,0.6067248462516699,0.9891672807394152,0.0,0.0
0.01546621957352385,0.6046631544508996,0.9891850174010592,0.0,0.0
0.015512450364532523,0.6025647823775455,0.9892026008938513,0.0,0.0
0.015554958241916404,0.6004313704187837,0.9892200226798181,0.0,0.0
0.015593733003989007,0.5982646027003218,0.9892373246077674,0.0,0.0
0.015628765344993547,0.5960662068509869,0.9892545008344452,0.0,0.0
0.01566004685733637,0.5938379537259333,0.9888229932034946,0.0,0.0
0.01568757003360466,0.5915816570845904,0.9888422518817702,0.0,0.0
0.015711328268368234,0.589299173219262,0.9888614055127942,0.0,0.0
0.015731315859764755,0.5869924005300731,0.9888804908719856,0.0,0.0
0.015747528010868286,0.58466327904171,0.9888994528518236,0.0,0.0
0.01575996083084037,0.582313789857196,0.9888958495845064,0.0,0.0
0.015768611335863852,0.5799459545437246,0.9889149129848144,0.0,0.0
0.015773477449859147,0.5775618344453498,0.9889338785487387,0.0,0.0
0.01577455800498215,0.5751635299171272,0.9889173929448271,0.0,0.0
0.015771852741904874,0.572753179475135,0.9888881827509759,0.0,0.0
0.01576536230987748,0.5703329588565877,0.9889077173961057,0.0,0.0
0.015755088266572438,0.5679050799841311,0.9889271150761014,0.0,0.0
0.015741033077710916,0.5654717898282663,0.9889463840767214,0.0,0.0
0.015723200116470704,0.5630353691617457,0.9889287463914177,0.0,0.0
0.015701593662676944,0.5605981311997229,0.9889480754635008,0.0,0.0
0.015676218901774806,0.5581624201194083,0.9889672966603432,0.0,0.0
0.01564708192358509,0.5557306094529981,0.9889864140197461,0.0,0.0
0.01561418972084269,0.553305100347722,0.9890054547896919,0.0,0.0
0.015577550187518458,0.5508883196869736,0.988975008969004,0.0,0.0
0.015537172116924432,0.5484827180666975,0.988994459787033,0.0,0.0
0.015493065199603756,0.5460907676214476,0.9890137421394399,0.0,0.0
0.0154452400210049,0.5437149596949029,0.9890328712483447,0.0,0.0
0.01539370805894109,0.5413578023500313,0.9890518659703798,0.0,0.0
0.01533848168083591,0.5390218177146183,0.989070713535706,0.0,0.0
0.01527957414075503,0.5367095391585133,0.9890168676634278,0.0,0.0
0.015216999576225222,0.5344235082996182,0.9890360921147732,0.0,0.0
0.015150773004841682,0.5321662718365143,0.9890551251106957,0.0,0.0
0.015080910320663611,0.5299403782065367,0.9889596674762522,0.0,0.0
0.015007428290399843,0.5277483740691354,0.988979319113535,0.0,0.0
0.014930344549384992,0.5255928006155555,0.9889988282043015,0.0,0.0
0.01484967759734673,0.5234761897071115,0.989018138656356,0.0,0.0
0.014765446793966469,0.5214010598457204,0.9888804513240349,0.0,0.0
0.01467767235423269,0.5193699119818355,0.9884620116426062,0.0,0.0
0.0145863753435895,0.5173852251665212,0.9884848589616207,0.0,0.0
0.014491577672881291,0.5154494520560433,0.9885075179423375,0.0,0.0
0.014393302093093948,0.5135650142791227,0.9884136598292734,0.0,0.0
0.014291572189894916,0.5117342976787819,0.988268554918311,0.0,0.0
0.0141864123779726,0.5099596474425551,0.9882923257333086,0.0,0.0
0.014077847895177074,0.5082433631367073,0.9883158776304027,0.0,0.0
0.013965904796463145,0.5065876936619457,0.9883391702291772,0.0,0.0
0.013850609947637111,0.5049948321499556,0.9883622321685304,0.0,0.0
0.013731991018909234,0.5034669108218521,0.9883851081445859,0.0,0.0
0.013610076478253018,0.5020059958313282,0.9884077834707692,0.0,0.0
0.013484895584573024,0.5006140821168433,0.9884302291397495,0.0,0.0
0.013356478380682876,0.4992930882886235,0.9884525033493284,0.0,0.0
0.01322485568609504,0.49804485157746575,0.988474614710463,0.0,0.0
0.013090059089624429,0.49687112287337265,0.9884965175189736,0.0,0.0
0.012952120941807106,0.495773561882808,0.9885182000372421,0.0,0.0
0.01281107434713644,0.494753732433895,0.9885397769664709,0.0,0.0
0.012666953156118092,0.4938130979590622,0.9885612035671838,0.0,0.0
0.012519791957146148,0.4929530171845599,0.9884689636753944,0.0,0.0
0.012369626068201914,0.4921747400558234,0.9884905436666814,0.0,0.0
0.012216491528377903,0.49147940392687883,0.9885119709084753,0.0,0.0
0.012060425089228615,0.490868030040861,0.9884204569442299,0.0,0.0
0.011901464205950295,0.49034152032723594,0.9884420244487382,0.0,0.0
0.01173964702839193,0.4899006545395076,0.9884634303695324,0.0,0.0
0.011575012391899299,0.48954608775504904,0.9883786698900293,0.0,0.0
0.011407599807994936,0.489278348256261,0.9884003290540347,0.0,0.0
0.01123744945489537,0.48909783580954236,0.9884217912466375,0.0,0.0
0.011064602167868556,0.48900482035562337,0.9884431071611569,0.0,0.0
0.010889099429433696,0.48899944112164034,0.9884642554173185,0.0,0.0
0.010710983359405627,0.48908170616204255,0.9884852587792448,0.0,0.0
0.010530296704786078,0.48925149233200954,0.9883169273979503,0.0,0.0
0.010347082829504828,0.48950854569359364,0.9883381356534598,0.0,0.0
0.010161385704012562,0.4898524823513257,0.9883591352725519,0.0,0.0
0.009973249894727946,0.49028278971062356,0.9883799668677443,0.0,0.0
0.009782720553342159,0.49079882814899833,0.988400648933637,0.0,0.0
0.00958984340598255,0.49139983308690666,0.9884212025704302,0.0,0.0
0.00939466474223864,0.4920849174421015,0.9884416389574741,0.0,0.0
0.009197231404052797,0.49285307444860166,0.9884619651198159,0.0,0.0
0.008997590774478476,0.493703180818924,0.9882994987165724,0.0,0.0
0.008795790766308514,0.4946340002260404,0.9881426527007563,0.0,0.0
0.008591879810576162,0.49564418707967645,0.9881636542821208,0.0,0.0
0.008385906844932007,0.49673229057004076,0.988184539110526,0.0,0.0
0.008177921301899014,0.49789675895091307,0.9882052958963918,0.0,0.0
0.007967973097009232,0.49913594403318584,0.988225891765752,0.0,0.0
0.0077561126168240015,0.5004481058594816,0.9882463667849835,0.0,0.0
0.007542390706841605,0.5018314175303212,0.9882667308130408,0.0,0.0
0.007326858659294549,0.5032839701524969,0.9882869550163819,0.0,0.0
0.007109568200839586,0.5048037778807726,0.9883070648990759,0.0,0.0
0.006890571480143782,0.5063887830247706,0.9883270609938329,0.0,0.0
0.006669921055368865,0.5080368611939262,0.9883469279090087,0.0,0.0
0.0064476698815575904,0.5097458264545712,0.9883666030216797,0.0,0.0
0.0062238712979248425,0.5115134364746181,0.9883861364399427,0.0,0.0
0.005998579015056403,0.5133373976328712,0.9882350535024409,0.0,0.0
0.005771847102018741,0.5152153700716512,0.9880874287215448,0.0,0.0
0.005543729973382606,0.5171449726731919,0.9881304816563994,0.0,0.0
0.005314282376163843,0.5191237879420896,0.9881103584306566,0.0,0.0
0.005083559376684442,0.521149366777936,0.9881294044107831,0.0,0.0
0.0048516163473567514,0.5232192331241347,0.988148303444245,0.0,0.0
0.0046185089533944184,0.5253308884807463,0.9881670220285965,0.0,0.0
0.00438429313945307,0.5274818162710031,0.9881855934924433,0.0,0.0
0.004149025116203712,0.529669486052892,0.9880472970281919,0.0,0.0
0.003912761346842645,0.5318913575688914,0.9880661202495606,0.0,0.0
0.003675558533540389,0.5341448846285036,0.9880847775555062,0.0,0.0
0.003437473603833521,0.5364275188197684,0.9881033261402807,0.0,0.0
0.003198563696962268,0.5387367130472834,0.9880857517892119,0.0,0.0
0.002958886150157547,0.5410699248955995,0.9881036994234587,0.0,0.0
0.0027184984848800504,0.5434246198179642,0.9880402461387583,0.0,0.0
0.002477458393015546,0.5457982741515132,0.9879188327732922,0.0,0.0
0.002235823723029043,0.5481883779609015,0.9879369609616284,0.0,0.0
0.001993652466081446,0.550592437713243,0.9879549112604169,0.0,0.0
0.0017510027421119279,0.5530079787879293,0.9879727307918345,0.0,0.0
0.001507932785889523,0.5554325478255491,0.9879904058734403,0.0,0.0
0.0012645009330369064,0.5578637149206411,0.9880079218398223,0.0,0.0
0.0010207656060302597,0.5602990756634677,0.9878803321018271,0.0,0.0
0.0007767853001780882,0.5627362530363331,0.9878981362645766,0.0,0.0
0.0005326185695826374,0.5651728991702676,0.987915771986161,0.0,0.0
0.0002883240130871994,0.5676066969680744,0.9879332369690438,0.0,0.0
4.396026021267035e-05,0.5700353615998924,0.9879506405393459,0.0,0.0
-0.00020041404291324576,0.5724566418775,0.9878072452127895,0.0,0.0
-0.0004447402476308242,0.5748683215136019,0.9878250970916195,0.0,0.0
-0.0006889597168237787,0.577268220272331,0.9878428469295013,0.0,0.0
-0.0009330138389917684,0.5796541950171276,0.9878604153855659,0.0,0.0
-0.001176844042317013,0.5820241406620615,0.9878778346286494,0.0,0.0
-0.001420391808721138,0.5843759910325333,0.9877410352637038,0.0,0.0
-0.00166359868790927,0.5867077196411568,0.9877587027847522,0.0,0.0
-0.00190640631139785,0.589017340384402,0.9877761817501174,0.0,0.0
-0.0021487564065227572,0.5913029081654662,0.9876448026190312,0.0,0.0
-0.002390590810424493,0.5935625194485602,0.9876627743502077,0.0,0.0
-0.0026318514840070035,0.5957943127496307,0.9876806222812277,0.0,0.0
-0.002872480525866665,0.5979964690683153,0.9876983628115366,0.0,0.0
-0.003112420186188557,0.600167212265687,0.9877159696999656,0.0,0.0
-0.0033516128806059206,0.6023048093921347,0.9877334890426309,0.0,0.0
-0.003590001204020277,0.6044075709695043,0.9877509157958517,0.0,0.0
-0.0038275279443783124,0.6064738512313843,0.9876185600669637,0.0,0.0
-0.004064136096402536,0.6085020483252231,0.9874909023648567,0.0,0.0
-0.004299768875272199,0.6104906044797366,0.9873686001400251,0.0,0.0
-0.004534369730251465,0.6124380061408562,0.9872536593965066,0.0,0.0
-0.004767882358261288,0.6143427840792708,0.9872731347563898,0.0,0.0
-0.005000250717391807,0.6162035134724191,0.9872924810540883,0.0,0.0
-0.00523141904035229,0.6180188139635957,0.9873116852571414,0.0,0.0
-0.0054613318478548365,0.6197873497006531,0.987330754703353,0.0,0.0
-0.005689933961929326,0.6215078293566263,0.9873496713366624,0.0,0.0
-0.005917170519165678,0.6231790061344178,0.9873684657678635,0.0,0.0
-0.006142986983880932,0.6247996777575414,0.9873871552020986,0.0,0.0
-0.006367329161207532,0.6263686864487749,0.9874057374111898,0.0,0.0
-0.0065901432100997975,0.6278849188984189,0.9874241933494693,0.0,0.0
-0.006811375656255534,0.6293473062237529,0.9874425630011421,0.0,0.0
-0.007030973404949666,0.6307548239211243,0.9874608255354522,0.0,0.0
-0.007248883753776591,0.6321064918120242,0.9873543000848822,0.0,0.0
-0.007465054405298591,0.6334013739843518,0.9872551057738329,0.0,0.0
-0.007679433479596965,0.6346385787300257,0.9872746094033709,0.0,0.0
-0.007891969526722952,0.6358172584799425,0.987294033928796,0.0,0.0
-0.008102611539045472,0.6369366097372403,0.9873133543236596,0.0,0.0
-0.008311308963492659,0.6379958730097247,0.9873325518337575,0.0,0.0
-0.008518011713684452,0.6389943327422319,0.9873516408099852,0.0,0.0
-0.008722670181952998,0.6399313172496512,0.9872592042913599,0.0,0.0
-0.008925235251248349,0.6408061986512282,0.9871721360347661,0.0,0.0
-0.009125658306926174,0.6416183928067689,0.9871925728125184,0.0,0.0
-0.009323891248415239,0.6423673592552225,0.98711270554212,0.0,0.0
-0.009519886500761096,0.6430526011561521,0.9870393458755498,0.0,0.0
-0.009713597026044032,0.6436736652344961,0.9869719394227501,0.0,0.0
-0.009904976334667796,0.644230141729,0.9869947055311549,0.0,0.0
-0.010093978496516982,0.6447216643446515,0.9870173939409367,0.0,0.0
-0.010280558151980012,0.6451479102094114,0.9870400692390708,0.0,0.0
-0.010464670522835213,0.6455085998354965,0.9870626698310371,0.0,0.0
-0.010646271422997292,0.6458034970854265,0.9870852202924841,0.0,0.0
-0.010825317269121983,0.6460324091430393,0.9872517913827012,0.0,0.0
-0.011001765091065641,0.646195186489597,0.9872731108978136,0.0,0.0
-0.011175572542197965,0.6462917228851505,0.987215593693829,0.0,0.0
-0.011346697909565074,0.6463219553552145,0.9872377664459665,0.0,0.0
-0.011515100123900154,0.6462858641828505,0.987259919736774,0.0,0.0
-0.011680738769480163,0.6461834729061801,0.9871043290671019,0.0,0.0
-0.011843574093825257,0.6460148483213546,0.9869505880879327,0.0,0.0
-0.012003567017239227,0.6457801004909497,0.9869745704416902,0.0,0.0
-0.01216067914218847,0.6454793827577583,0.9868259425328119,0.0,0.0
-0.012314872762517134,0.6451128917639053,0.986677282466548,0.0,0.0
-0.012466110872496508,0.6446808674751852,0.986532802999785,0.0,0.0
-0.0126143571757062,0.6441835932105016,0.9863873083635077,0.0,0.0
-0.012759576093745027,0.643621395676244,0.9862450951736295,0.0,0.0
-0.012901732774769739,0.6429946450054174,0.986507132737887,0.0,0.0
-0.013040793101859287,0.6423037548013011,0.9867370285643828,0.0,0.0
-0.013176723701202635,0.6415491821853821,0.9867632808194511,0.0,0.0
-0.013309491950108528,0.6407314278492577,0.9867894715831731,0.0,0.0
-0.013439065984834422,0.6398510361101847,0.9868156128439864,0.0,0.0
-0.013565414708234056,0.6389085949698801,0.9868417165323439,0.0,0.0
-0.013688507797220303,0.6379047361761628,0.9868677930129148,0.0,0.0
-0.013808315710042637,0.636840135286952,0.9868938647477475,0.0,0.0
-0.01392480969337713,0.6357155117360853,0.9869199207155835,0.0,0.0
-0.014037961789226935,0.6345316289003954,0.9869459400372661,0.0,0.0
-0.014147744841632205,0.6332892941673621,0.9869718788028087,0.0,0.0
-0.01425413250318737,0.6319893590026509,0.9869977984747527,0.0,0.0
-0.014357099241364281,0.6306327190167293,0.9866750511278538,0.0,0.0
-0.01445662034464016,0.6292203140297163,0.9867015575889336,0.0,0.0
-0.0145526719284278,0.6277531281334973,0.9867280195951185,0.0,0.0
-0.01464523094080821,0.626232189750067,0.9867543933824239,0.0,0.0
-0.014734275168062758,0.6246585716849874,0.9867806819219785,0.0,0.0
-0.014819783240004273,0.6230333911746953,0.9868069410671748,0.0,0.0
-0.014901734635106016,0.6213578099263317,0.9868331931463944,0.0,0.0
-0.01498010968542649,0.6196330341486311,0.9871547332364566,0.0,0.0
-0.015054889581329826,0.617860314572268,0.9871792679676481,0.0,0.0
-0.015126056376000011,0.616040946457961,0.9872037985364013,0.0,0.0
-0.015193592989747913,0.6141762695904605,0.9874990586172416,0.0,0.0
-0.015257483214110416,0.6122676682564175,0.987522067878764,0.0,0.0
-0.015317711715740394,0.6103165712039736,0.9875450684327398,0.0,0.0
-0.015374264040086495,0.6083244515817379,0.9878124581553476,0.0,0.0
-0.015427126614862435,0.6062928268546421,0.9880335598993136,0.0,0.0
-0.01547628675330393,0.6042232586940154,0.9880546579819792,0.0,0.0
-0.015521732657213797,0.6021173528389748,0.9880756841290358,0.0,0.0
-0.015563453419793202,0.5999767589260914,0.9880966493261395,0.0,0.0
-0.015601439028259431,0.5978031702840398,0.9881175387394389,0.0,0.0
-0.01563568036624877,0.5955983236897697,0.9876165479907789,0.0,0.0
-0.01566616921600446,0.593363999082481,0.9876398865943821,0.0,0.0
-0.015692898260348944,0.59110201923151,0.9876631802526692,0.0,0.0
-0.015715861084439803,0.588814249353971,0.987686462540132,0.0,0.0
-0.015735052177309607,0.5865025966778009,0.9877097125898203,0.0,0.0
-0.01575046693318812,0.5841690099456159,0.9877328890617704,0.0,0.0
-0.015762101652607885,0.5818154788545685,0.9877560101258626,0.0,0.0
-0.015769953543292196,0.5794440334271813,0.9877791181723755,0.0,0.0
-0.015774020720824882,0.5770567433079119,0.9878022616640011,0.0,0.0
-0.015774302209102902,0.5746557169800189,0.9878253347889095,0.0,0.0
-0.015770797940570385,0.5722431008970854,0.9878484049235897,0.0,0.0
-0.015763508756235067,0.5698210785234058,0.9878714681569559,0.0,0.0
-0.015752436405466082,0.5673918692772908,0.9873613962913578,0.0,0.0
-0.01573758354557444,0.5649577273712055,0.9873871486794005,0.0,0.0
-0.015718953741175382,0.5625209405425681,0.9874128121269806,0.0,0.0
-0.015696551463332452,0.5600838286689899,0.9874384271698156,0.0,0.0
-0.0156703820884847,0.5576487422617018,0.9871310498016048,0.0,0.0
-0.015640451897156623,0.555218060830941,0.9871573237578872,0.0,0.0
-0.01560676807245035,0.552794191117181,0.9871836008459308,0.0,0.0
-0.015569338698322265,0.5503795651821852,0.9872099241718151,0.0,0.0
-0.015528172757642312,0.547976638354119,0.9868997533320801,0.0,0.0
-0.015483280130038794,0.5455878870212032,0.9872659819275404,0.0,0.0
-0.015434671589526763,0.5432158062687639,0.9872913451156535,0.0,0.0
-0.015382358801922706,0.540862907354987,0.9873167003833526,0.0,0.0
-0.015326354322044393,0.5385317150212149,0.9873419635224003,0.0,0.0
-0.015266671590698305,0.5362247646332567,0.9873671700656678,0.0,0.0
-0.01520332493145337,0.5339445991509411,0.9873923505060465,0.0,0.0
-0.015136329547203845,0.5316937659239627,0.9874174408579691,0.0,0.0
-0.015065701516520221,0.5294748133130566,0.9874424949673022,0.0,0.0
-0.014991457789790955,0.5272902871365739,0.9874675563766165,0.0,0.0
-0.01491361618515397,0.5251427269437543,0.9874925895383009,0.0,0.0
-0.014832195384220835,0.5230346621172348,0.987854117096676,0.0,0.0
-0.014747214927592879,0.5209686078087895,0.9875674445544468,0.0,0.0
-0.014658695210171753,0.5189470607137507,0.9872816623180642,0.0,0.0
-0.014566657476264759,0.5169724946911969,0.9869853358834799,0.0,0.0
-0.014471123814486266,0.5150473562386528,0.9870101718767296,0.0,0.0
-0.014372117152456442,0.5131740598318195,0.9870350029757226,0.0,0.0
-0.014269661251299005,0.5113549831416503,0.9870597639139181,0.0,0.0
-0.014163780699938395,0.5095924621429342,0.986681872880317,0.0,0.0
-0.014054500909198667,0.5078887861304249,0.9863737774993433,1.5065651241094902e-06,0.00014915735725709378
-0.01394184810570506,0.5062461926603964,0.9860670809309442,5.9045896297303115e-06,0.0002898365978931055
-0.013825849325589659,0.5046668624373226,0.9860955904405512,1.3038074357047683e-05,0.00042531603936699465
-0.013706532408002839,0.5031529141671492,0.9861240438035455,2.2855794447356713e-05,0.0005599558898622831
-0.01358392598843212,0.5017063994002734,0.9861524288874123,3.5335656701906165e-05,0.0006937606321783831
-0.013458059491829688,0.5003292973888882,0.9861808773353604,5.0455699453349756e-05,0.000826734405533199
-0.013328963125550456,0.4990235099847449,0.9862092761819299,6.819408415418813e-05,0.0009588812973598105
-0.013196667872102772,0.497790856604552,0.9858987841327591,8.851505788598533e-05,0.0010874263670763008
-0.013061205481712315,0.49663306929122714,0.9859278278469071,0.00011130124649377272,0.0012110922374642633
-0.012922608464702556,0.4955517878999299,0.9859570199285543,0.0001365051499348032,0.0013339973418528253
-0.012780910083692313,0.49454855543825077,0.9859859055900196,0.00016410678396910786,0.0014561465840645092
-0.012636144345612811,0.49362481359008276,0.9856411007957508,0.00019408655855544956,0.001577596636179642
-0.012488345993546285,0.4927818984525247,0.9856726044403586,0.00022642659509550597,0.001698378621868584
-0.01233755049838783,0.4920210365146604,0.98570477405628,0.000261107806446973,0.0018184160148319614
-0.01218379405033242,0.49134334090619863,0.9857368691261195,0.0002981106511962762,0.001937710926389357
-0.012027113550189457,0.4907498079427608,0.9857684287024053,0.00033741570616105474,0.002056268901191396
-0.011867546600526984,0.4902413139930598,0.985800533183702,0.000379003705175444,0.0021740945004984115
-0.011705131496646905,0.4898186126913092,0.9858319636137374,0.00042285547966850774,0.002291191654985382
-0.011539907217394521,0.48948233251603107,0.985864017914386,0.0004689520153959708,0.0024075651373784996
-0.011371913415803785,0.4892329747539012,0.9858959359247821,0.000517274376192174,0.002523216608245488
-0.01120119040958065,0.4890709118645218,0.9855824292507575,0.0005677913313688683,0.0026357050010448854
-0.01102777917142712,0.4889963862590123,0.9852710769267724,0.0006203890420963767,0.002741729809315294
-0.010851721319207901,0.48900950950212024,0.9853037090428287,0.0006749508674813186,0.002843919785821333
-0.010673059105962506,0.48911026194422463,0.9853371676261392,0.0007314395089341392,0.0029455160389107934
-0.010491835409764408,0.4892984927861886,0.9858266570296668,0.0007898389302083315,0.0030464549843570157
-0.010308093723430868,0.48957392057653126,0.9858569051039665,0.0008501312753290548,0.0031467104198997817
-0.010121878144084535,0.4899361341369442,0.9858860981728952,0.000912300456504306,0.00324638595273594
-0.009933233362570612,0.49038459390876626,0.9859163419789438,0.0009763312017992632,0.003345486270143507
-0.009742204652731132,0.49091863370974426,0.9859453147157997,0.001042208313712537,0.003444014851934437
-0.009548837860539505,0.49153746288726236,0.985974392924036,0.0011099167626893271,0.003541978830533443
-0.009353179393097646,0.4922401688513178,0.9860032547076838,0.0011794416483206702,0.0036393824335121325
-0.009155276207498548,0.4930257199677938,0.9860322055974624,0.0012507681945151936,0.0037362302943184985
-0.00895517579955673,0.4938929687902021,0.9857327716552847,0.001323872216794717,0.0038306626759669698
-0.008752926192409636,0.49484065560593565,0.9854301867488876,0.001398667435162979,0.003920268468010659
-0.008548575924992122,0.4958674122712978,0.9854606179806,0.0014750679437759656,0.004007099918751535
-0.008342174040387462,0.496971766308122,0.9854910085695139,0.0015530464232484538,0.004093503747300038
-0.00813377007405721,0.498152145233709,0.9855223977125098,0.0016325912117632886,0.004179482756115019
-0.007923414041952851,0.49940688109503995,0.9855537231638094,0.0017136907034093266,0.004265038804006917
-0.00771115642851239,0.5007342151778392,0.9852531829753773,0.0017963268573422426,0.004348914879171381
-0.007497048174544151,0.5021323028609709,0.9851192497260352,0.0018804457672772735,0.004430603705385978
-0.007281140665001326,0.5035992185868905,0.9851511137669159,0.001966025515942746,0.004511966256749139
-0.0070634857166498545,0.5051329609194138,0.9851846622265445,0.0020530564276920347,0.004592980412293832
-0.006844135565632454,0.506731457660865,0.9850170046482152,0.0021415287753181475,0.0046736745780542035
-0.006623142854932545,0.5083925710017031,0.9847862009387717,0.0022314339222641246,0.004754102509026942
-0.006400560621739857,0.5101141026769794,0.9848222667505405,0.0023227637302541872,0.004834246850369699
-0.006176442284721903,0.5118937991054171,0.984858476566491,0.0024155086373314045,0.0049140100452957376
-0.0059508416312037595,0.5137293564884718,0.9848950930441647,0.0025096584206935404,0.0049934337446160834
-0.005723812804259353,0.515618425848434,0.9849326883009809,0.0026052037116789713,0.005072530034298468
-0.005495410289717386,0.5175586179864111,0.9849688810829207,0.0027021352063240243,0.0051513026294214516
-0.005265688903084926,0.5195475083428538,0.9850051113732732,0.002800443730350714,0.0052297571000248675
-0.005034703776392121,0.5215826417451621,0.98470300222856,0.0029001162418016025,0.005307150331433296
-0.004802510344960552,0.5236615370287534,0.9844956827523204,0.0030011199622780697,0.005383324476417545
-0.004569164334099222,0.5257816915198191,0.9841890687674724,0.0031034402185278792,0.005458934908143746
-0.0043347217457306,0.5279405853698069,0.9838868170916066,0.0032070575786914543,0.005533802400695278
-0.004099238844950566,0.530135685733356,0.9839281824048502,0.003311962608140568,0.005608555280241143
-0.0038627721465249103,0.5323644507831407,0.9839699570307262,0.003418150316406282,0.005683179575050423
-0.0036253784013261974,0.5346243335565757,0.9844508874322258,0.0035256153108328015,0.005757621178182533
-0.0033871145827136916,0.5369127856308703,0.9844887770185556,0.0036343506011377856,0.005831857785551646
-0.003148037872860199,0.5392272606242482,0.9849102160320092,0.0037443504772936335,0.005905929008743097
-0.0029082056490284556,0.5415652175224408,0.9849437742622262,0.003855608436249209,0.005979816909971123
-0.00266767546980092,0.5439241238306782,0.9846636174927319,0.003968121305994051,0.006054047411384509
-0.002426505061266079,0.5463014585524703,0.9846978375443084,0.00408190224791423,0.006129002770651585
-0.002184752303164193,0.5486947149973721,0.9847318267668109,0.004196953025116697,0.006203914201554009
-0.0019424752149969013,0.551101403420749,0.9847662105267194,0.004313270260503218,0.006278785566742519
-0.0016997319421022767,0.553519053499267,0.9847999219071103,0.004430850663238331,0.006353620710250139
-0.00145658074170063,0.5559452166464361,0.9851746430985782,0.004549690804480955,0.006428380953581746
-0.001213079968912904,0.5583774681730598,0.9852053500591189,0.004669786101080086,0.006503050844625431
-0.0009692880627556867,0.5608134092978277,0.9849387535743626,0.00479113776944028,0.006578681433910331
-0.0007252635321162282,0.5632506690136759,0.9849699478380739,0.004913779369622902,0.006655923484380052
-0.0004810649417105123,0.5656869058157594,0.9850009885458861,0.005037719595621564,0.006733202338210937
-0.00023675089802803823,0.5681198092970717,0.9850317835685287,0.005162956629093918,0.006810521911790015
7.619964733464269e-06,0.5705471016179012,0.9850624020448031,0.00528948893459777,0.006887911906666957
0.0002519889987399543,0.5729665388553292,0.9850926820250442,0.005417315271512437,0.006965355670886844
0.0004962975565963008,0.5753759122390476,0.9854206732124525,0.005546433871720803,0.007042815651968269
0.000740487005421344,0.5777730492796878,0.9852511239566945,0.005676842144835607,0.00712030764657185
0.0009844987409195333,0.5801558147958156,0.9852800781084987,0.005808539334563061,0.007197903340003683
0.0012282742014456153,0.5825221118456397,0.9850235158543174,0.005941532099812715,0.00727715982165453
0.0014717548820592605,0.5848698825693361,0.9850529085038752,0.006075877124956566,0.00735903489869543
0.0017148823485658743,0.587197108947736,0.9850820406735075,0.006211590792812001,0.007441029926745825
0.0019575982515405437,0.589501813482965,0.9851109515999941,0.00634867279903583,0.007523148382704177
0.002199844340331647,0.5917820598064027,0.9851397207055551,0.006487122915990233,0.007605394595930579
0.0024415624770407025,0.5940359532191435,0.9851683200460513,0.0066269410120602815,0.007687772706277673
0.002682694650475188,0.5962616411699289,0.9851968236916535,0.006768127008761702,0.007770285523849355
0.0029231829900709765,0.5984573136752803,0.9852251865065981,0.006910680917444041,0.007852937890975326
0.0031629697797809146,0.6006212036863703,0.9852533712745337,0.007054602823699811,0.007935732482682908
0.003401997471926543,0.6027515874069128,0.9855296067170201,0.007199892837549882,0.008018659654208277
0.003640208701009097,0.6048467845661504,0.9855548477858508,0.007346550462341138,0.008101699128913578
0.0038775462974770547,0.6069051586507893,0.9855799713787854,0.007494575742276932,0.008184893608311261
0.004113953301446555,0.6089251170995074,0.9856032226827415,0.007643969049294567,0.008268241128850558
0.0043493729763714245,0.6109051114634537,0.9858340486922959,0.007794730549610937,0.00835171944196443
0.0045837488226597375,0.6128436375359612,0.9858563966344336,0.007946859916743626,0.00843532836676124
0.004817024591233441,0.6147392354544617,0.9858785500399185,0.008100357608032379,0.008519116737301715
0.005049144297027851,0.6165904897774278,0.9859009450311702,0.008255224463415553,0.008603078741050579
0.005280052232427796,0.6183960295389759,0.9859227844662971,0.008411461210320147,0.008687216855775578
0.0055096929806371766,0.6201545282835672,0.9856873596050841,0.008569080755330765,0.008774007870313662
0.005738011428978751,0.6218647040830897,0.9857094363644168,0.008728172554565622,0.008864845646374821
0.005964952782120874,0.6235253195384409,0.9855083377002131,0.008888778291732078,0.00895888217941577
0.0061904625752281575,0.6251351817675735,0.9857066466465086,0.009051005378247238,0.009057739739762195
0.0064144866870327584,0.6266931423818116,0.9857268362982349,0.009214885978479345,0.009156853360433722
0.006636971352823206,0.6281980974521308,0.9858807662749356,0.009380422226816896,0.009256239517690655
0.006857863177347655,0.6296489874669373,0.9858990261660374,0.009547616105117469,0.009355896152761538
0.007077109147628544,0.6310447972827855,0.9859158434309848,0.009716469973022716,0.009455839214885442
0.007294656645685485,0.6323845560693301,0.9859325562488139,0.009886986100345722,0.009556058878430689
0.007510453461163145,0.6336673372497413,0.9860496327426163,0.01005916669906223,0.009656554885680407
0.007724447803861697,0.6348922584376658,0.9861242613022155,0.010233013978311422,0.009757331999736616
0.007936588316166114,0.6360584813717524,0.9861398387829757,0.010408530375017004,0.009858405518480348
0.008146824085371774,0.6371652118486735,0.9861552426424408,0.010585718621433657,0.009959787690226768
0.008355104655903218,0.6382116996554712,0.9859727672619786,0.010764599822088964,0.010065187421170711
0.008561380041423311,0.6391972385020064,0.9857955874163623,0.010945329272808862,0.010180821667184908
0.008765600736829691,0.6401211659541954,0.9858115724541694,0.01112809753409439,0.010303278185643715
0.008967717730135771,0.6409828633686758,0.985827348680309,0.011312951322496536,0.010426138559586464
0.009167682514233336,0.6417817558294612,0.9858431109664904,0.011499894543826454,0.010549399254035032
0.00936544709853406,0.6425173120871029,0.9858586269117751,0.011688931021268271,0.01067306218160735
0.00956096402048708,0.643189044500818,0.9858741190219334,0.011880064633581872,0.01079712930350593
0.009754186356969584,0.643796508984001,0.9858905318747865,0.01207329928668128,0.010921603840298513
0.009945067735548358,0.6443393049534653,0.9859441692365838,0.012268638930559874,0.011046481373100162
0.010133562345608813,0.6448170752827703,0.985958421702644,0.012466087360889486,0.01117176739642044
0.010319624949349302,0.6452295062598888,0.9859725914865944,0.012665648747332572,0.011297475519044663
0.010503210892638072,0.6455763275494807,0.9859867126620725,0.012867327236236407,0.011423602257331116
0.010684276115730045,0.6458573121599714,0.9860074050003096,0.013071127001732475,0.011550146348727771
0.010862777163840778,0.6460722764156304,0.9860221927444653,0.013277051991681312,0.011677101764850385
0.01103867119757556,0.6462210799337813,0.9860368856229768,0.013485106416089167,0.011804487614353628
0.011211916003210629,0.6463036256072745,0.9860515041127585,0.013695294644357456,0.011932306237402681
0.01138247000282426,0.6463198595923061,0.9860660430737408,0.0139076210972114,0.01206056207706358
0.011550292264275208,0.6462697713016361,0.9858967014257084,0.014122115428990542,0.012194343584548774
0.011715342511026332,0.6461533934032613,0.9857333673227124,0.01433898961247578,0.012341935203636358
0.011877581131810668,0.6459708018245258,0.9857469390798944,0.014558497691600553,0.012498535263065812
0.012036969190138015,0.6457221157616657,0.9857604542222401,0.014780701031321678,0.01265563196205247
0.012193468433639427,0.6454074976947244,0.9856046732458299,0.015005634592842045,0.012819360736406193
0.012347041303247751,0.6450271534077867,0.9856183119826836,0.015233519128954391,0.012992911784049165
0.012497650942211436,0.6445813320143996,0.9856318885729637,0.015464421100477967,0.013166982624402189
0.012645261204940089,0.6440703259880681,0.9854834764728481,0.01569837796743643,0.01334824080789059
0.012789836665679196,0.6434944711976547,0.9854972010995215,0.015935628744911143,0.013540130471640792
0.012931342627012182,0.6428541469474826,0.9855108425093375,0.01617624483752352,0.013732558198858678
0.0130697451281876,0.6421497760219224,0.9853719475053905,0.016420265264674137,0.013932567795753945
0.013205010953269489,0.6413818247341841,0.985386878498973,0.01666794158760479,0.014143754618747029
0.013337107639109183,0.6405508029790229,0.985390001268519,0.016919347484260973,0.014355435088889338
0.01346600348313612,0.6396572642890059,0.9853557294019679,0.017174485443818322,0.014567616526151876
0.013591667550966488,0.6387018058939524,0.9853707132292523,0.017433358219758787,0.01478032896968741
0.013714069683827209,0.6376850687831092,0.9853855964496256,0.017695969412313328,0.01499360676771485
0.013833180505793977,0.6366077377695817,0.9854003928127044,0.017962322893817266,0.01520745403441249
0.01394897143084125,0.635470541556473,0.9854134880981336,0.01823242255138447,0.015421867437852102
0.01406141466970282,0.634274252804131,0.9852761300359356,0.018506310792276416,0.01564461239508669
0.01417048323654114,0.6330196881978395,0.9851486072298591,0.01878430431010441,0.015887706518686623
0.014276150955423714,0.6317077085152365,0.9850307103325785,0.019066808041416698,0.01615178450455137
0.014378392466605222,0.6303392186926262,0.9850443205860637,0.01935419536728778,0.016428891373534784
0.014477183232613782,0.6289151678893369,0.9849356701633143,0.019646592752096386,0.016715013118490298
0.01457249954413978,0.6274365495491231,0.9849520283480885,0.019944297824087336,0.01701439616478787
0.014664318525725892,0.6259044014575864,0.9849671571351923,0.020247394343944382,0.017314256745755242
0.0147526181412574,0.6243198057944294,0.9849821578088247,0.020555881822907438,0.01761465045651336
0.014837377199250382,0.6226838891793095,0.9849960005467442,0.020869760119342974,0.01791557037865766
0.014918575357937792,0.6209978227099043,0.9850091520780863,0.021189028802472965,0.018217006299725298
0.014996193130151296,0.6192628219907105,0.9850222430521494,0.021513687531264272,0.018518967952983235
0.015070211887998168,0.6174801471509563,0.9850351126020717,0.021843736064254014,0.018821458146947388
0.0151406138673318,0.6156511028498858,0.9850478888254246,0.02217917421961799,0.019124478807821695
0.015207382172015105,0.6137770382675151,0.9850636562284748,0.022520001644242775,0.019427992970568977
0.015270500777975496,0.6118593470788303,0.9850072524597938,0.02286621666649009,0.019731940054334984
0.015329954537050503,0.6098994674092261,0.9848988011553482,0.023217864033087014,0.02004571797239599
0.015385729180623328,0.6078988817688137,0.9847983814907098,0.023575270524934275,0.02037403783578637
0.015437811323047217,0.6058591169630719,0.9848151588434236,0.023938526652287326,0.02070275013848843
0.015486188464858025,0.6037817439771024,0.984829892681309,0.024307628913823553,0.02103191182664482
0.015530848995773963,0.6016683778305976,0.9848442786665047,0.024682575502171407,0.021361577512369945
0.015571782197481928,0.5995206774003847,0.9848574547658627,0.025063364450583603,0.021691726028901008
0.015608978246210095,0.5973403452072616,0.984873903355655,0.025449993694402255,0.02202232924847113
0.015642428215085227,0.5951291271635665,0.9847381967781558,0.02584245984669584,0.022353321754484692
0.01567212407627537,0.5928888122777661,0.9845585129467249,0.026240758808569194,0.022684687585236223
0.015698058702916413,0.5906212323120863,0.9844397988694245,0.026644935079549764,0.023026159153259836
0.01572022587082242,0.5883282613890013,0.9844546375157811,0.027055324738548,0.023382635032249726
0.01573862025997957,0.5860118155421751,0.9844734015446516,0.027472021270215835,0.02373953054934617
0.015753237455822692,0.5836738522072183,0.9844879720989784,0.027895019697325326,0.024096817739893094
0.01576407395029502,0.5813163696474011,0.9845040135838217,0.028324316211736908,0.02445457306224896
0.015771127142689825,0.5789414063092567,0.9845183232825535,0.02875990776594127,0.024812809571427417
0.015774395340274826,0.5765510401027816,0.9845345396007192,0.029201791269793442,0.025171503989723086
0.015773877758698283,0.5741473876007664,0.9843955685929977,0.029649962804756177,0.025530624285967904
0.01576957452217731,0.5717326031515694,0.9844150913936842,0.030104418435485822,0.0258901549429541
0.015761486663467977,0.5693088778995131,0.984431264159268,0.03056515321608421,0.026250088642481573
0.015749616123617614,0.5668784387069261,0.9844483005113697,0.031032163692744526,0.02661048319026943
0.01573396575149874,0.5644435469717142,0.9844641142734233,0.03150544606940194,0.026971324378847465
0.01571453930312555,0.5620064973342979,0.9844785056451948,0.031984997345967756,0.027332652764012793
0.015691341440752463,0.5595696162676502,0.9844952119621551,0.032470814454551425,0.027694431781137875
0.015664377731755018,0.5571352605442224,0.9845119040811209,0.03296289336945263,0.028056622999757277
0.015633654647293986,0.5547058155735207,0.9845307717103828,0.03346122965483249,0.02841919551946824
0.01559917956076213,0.5522836936042406,0.9845473599087996,0.033965817996029685,0.028782136359516854
0.01556096074601478,0.5498713317849908,0.984561274812331,0.0344766539888201,0.029145517121490577
0.01551900737538398,0.547471190077886,0.9845750695875787,0.03499373449147975,0.029509378975146983
0.01547332951747733,0.5450857490195629,0.9845897485043916,0.03551705669576881,0.02987373331752789
0.015423938134761455,0.5427175073245567,0.984603378191627,0.03604661813750023,0.030238585177314665
0.015370845080931082,0.5403689793264644,0.9846167790754909,0.03658241605660371,0.030603917886584387
0.015314063098064322,0.5380426922528387,0.9846311694506537,0.03712444766929632,0.030969742245655858
0.015253605813564478,0.5357411833304557,0.9844788442580712,0.037672710084590236,0.03133598125845761
0.015189487736889632,0.5334669967183318,0.9844928304589542,0.038227197669769196,0.031702576578721324
0.015121724256070347,0.5312226802667516,0.9845066472476353,0.03878790681028181,0.03206965664047465
0.015050331634016874,0.5290107821015432,0.9845204189037419,0.039354834748164036,0.032437217644718755
0.014975327004615688,0.5268338470339327,0.9845372383415155,0.03992797823360768,0.03280520024247858
0.014896728368617876,0.5246944127975061,0.9845539704074675,0.04050733275353365,0.03317357357150343
0.01481455458931875,0.522595006115148,0.984544605589199,0.04109294377337188,0.03355232207717869
0.014728825388030902,0.5205381386002198,0.9845442368490278,0.04168520414913747,0.03395619842317784
0.014639561339351164,0.5185263024977846,0.9845580650534388,0.04228454956258068,0.03437509564840048
0.014546783866222688,0.5165619662732999,0.9845722837602883,0.04289107057526638,0.0347943421167071
0.014450515234793697,0.5146475700578967,0.9845859611199483,0.043504759745884025,0.03521393608611176
0.014350778549073642,0.5127855209611345,0.9845995965369684,0.04412560988326224,0.03563390061475531
0.014247597745388271,0.5109781882639309,0.984612908569781,0.044753614306382035,0.03605424304545787
0.014140997586635251,0.5092278985062404,0.9846261502977185,0.045388765978394204,0.0364749408910445
0.014031003656340961,0.5075369304858875,0.9846340192820093,0.04603110720378267,0.036905845198708924
0.013917642352520684,0.505907510186844,0.9846491007622968,0.046681021426372274,0.037361278011731
0.013800940881343184,0.5043418056570095,0.9846627046251399,0.047338927936744615,0.03783111343786276
0.013680927250601362,0.502841921857333,0.984676060831147,0.04800490907240778,0.0383011307007306
0.01355763026299044,0.5014098955057231,0.9845086788816757,0.048678951839604336,0.038771227488491045
0.013431079509195733,0.5000476899407126,0.9842813771160138,0.04936103962783776,0.039241244989904285
0.013301305360790555,0.49875719003119023,0.9839949527430855,0.050051154713659736,0.039711191079902265
0.013168338962947624,0.4975401971596569,0.9840117521524935,0.050749280960417725,0.04018122518854864
0.01303221222696422,0.49639842430738634,0.9836803874696622,0.05145540506307484,0.04065135197352389
0.012892957822603412,0.4953334912705378,0.9836989864578053,0.05216951111644411,0.0411214945079038
0.012750609170253937,0.4943469200366588,0.9837170425690549,0.052891585646089874,0.0415918189698385
0.012605200432908996,0.4934401303510883,0.9837354175072938,0.05362161633316792,0.042062318292893724
0.012456766507967579,0.4926144355025325,0.983815590647639,0.05435963753566854,0.04254227813252456
0.01230534301885912,0.4918710383565094,0.9834395356974223,0.055105958379291095,0.04303604168766357
0.012150966306494192,0.4912110276644175,0.9835091984619734,0.055860696704672655,0.04353857700324354
0.011993673420542686,0.4906353746747198,0.9830747673940864,0.05662414262389202,0.04405415740167452
0.011833502110542248,0.4901449300711144,0.9830974794288478,0.057396361723843624,0.044569523579859736
0.011670490816838354,0.4897404212605973,0.9831191502555935,0.05817733470180794,0.04508487341344114
0.011504678661359038,0.48942245003207446,0.9831413035371046,0.058967043958561574,0.04560021311885159
0.011336105438225746,0.48919149060360495,0.9831631946301675,0.05976547156124255,0.046115520880054
0.01116481160420274,0.4890478880735461,0.9826959395112993,0.06057259859236173,0.04663064456321518
0.010990838268988022,0.48899185728783945,0.9827281238531541,0.061388401803428715,0.04714546377426388
0.010814227185346926,0.4890234821324378,0.9827521222168791,0.062212859277788794,0.047660133414638414
0.010635020739091705,0.48914271525654285,0.9822425528847354,0.063045951500511,0.048174629461932246
0.010453261938909327,0.48934937822886226,0.9822771097233356,0.06388765544748375,0.04868881444817684
0.010268994406039261,0.48964316212564046,0.9823032080530097,0.06473794918831076,0.04920284674631585
0.01008226236380499,0.4900236285457508,0.9823276833449825,0.06559681411812432,0.04971686114623904
0.00989311062700021,0.49049021104476503,0.9823517270754474,0.0664642331807781,0.05023088915024739
0.009701584591133806,0.4910422169766471,0.9823774417438755,0.06734018939674505,0.05074489906224249
0.009507730221535043,0.49167882972862054,0.9824022438017629,0.068224664744202,0.05125884922404878
0.009311594042322084,0.49239911133189684,0.9824275097953716,0.06911764108903026,0.05177274062822261
0.009113223125236427,0.49320200542827763,0.9824525344282913,0.07001910008284082,0.052286557660948745
0.008912665078345988,0.49408634057034434,0.982484689158409,0.07092906356172243,0.05280824150258028
0.008709968034619273,0.495050833830853,0.9825068385342512,0.07184778718420348,0.053341531033983855
0.008505180640373835,0.4960940946952856,0.9825306486097917,0.07277532897956376,0.053874675327406196
0.008298352043601215,0.49721462921009807,0.9825552000221366,0.0737116679046582,0.054407626812126506
0.008089531882171862,0.49841084435820887,0.9825761093634453,0.07465678245296813,0.05494040071753794
0.007878770271922129,0.49968105263257756,0.9826000481965865,0.07561065200564054,0.05547300825033
0.007666117794626771,0.5010234767783933,0.9826225043024075,0.07657325509932202,0.05600540967794478
0.007451625485859621,0.5024362546743933,0.9826423308667523,0.07754456904497294,0.056537460311086064
0.0072353448227451276,0.5039174443241116,0.9821856202798676,0.07852456983867188,0.05706918562642089
0.00701732771160425,0.5054650289284766,0.982209957374971,0.07951323189057681,0.05760051857279575
0.006797626475497156,0.5070769220120153,0.98223395426305,0.08051053265371631,0.05813165334413444
0.0065762938416658945,0.5087509725760099,0.9822547634412042,0.08151645099927121,0.05866261404462541
0.006353382928880166,0.510484970253253,0.982275231853505,0.0825309667978262,0.05919344226660893
0.00612894723468897,0.5122766504405104,0.9822980631498038,0.0835540585419863,0.059723918386505634
0.005903040622581647,0.5141236993863982,0.9823207203511374,0.08458570222747214,0.06025414707065948
0.005675717309060677,0.516023759214112,0.9823520410344091,0.08562587613105827,0.06078408536551284
0.005447031850630108,0.517974432860217,0.9823710001822225,0.08667455644214024,0.06131372575384176
0.0052170391307022005,0.5199732889125683,0.9823897082491185,0.08773172224564275,0.061843221034290366
0.0049857943464257735,0.5220178663322804,0.9824110908167827,0.08879735358316618,0.062372541575172205
0.004753352995439004,0.5241056790465184,0.9824317100362948,0.08987143075279383,0.06290181391889313
0.004519770862550419,0.526234220400735,0.9824519610230248,0.09095393524344973,0.06343089719221155
0.004285104006350616,0.5284009674607342,0.981776972327866,0.09204484507342527,0.06395962229207557
0.004049408745758659,0.5306033851566853,0.9810276235145855,0.09314413355124557,0.06448777958532309
0.0038127416465057063,0.5328389302628368,0.9810536193699214,0.09425177314898077,0.06501549715127589
0.003575159507559497,0.5351050552082414,0.9810793116775648,0.09536774112890362,0.06554297883969722
0.0033367193474930197,0.5373992117152592,0.98110434507067,0.09649201610297982,0.06607022244962493
0.00309747839080007,0.5397188542639291,0.9811293359435123,0.09762457672107042,0.06659722600161502
0.002857494054161853,0.5420614433815771,0.9811535169545395,0.0987654016391682,0.06712399442112563
0.002616823932667202,0.5444244487581074,0.9811773493095011,0.09991446964042824,0.06765052256336779
0.0023755257859900095,0.5468053521884781,0.9812007892748124,0.10107175940866303,0.06817680830984328
0.00213365752452723,0.5492016503447287,0.9812239198969458,0.10223724976589664,0.06870286205341894
0.0018912771955005593,0.5516108573807427,0.9812001157339918,0.1034109511442354,0.06923483170800938
0.0016484429690254892,0.5540305073735952,0.9811717495723192,0.10459308015800826,0.06978073498146384
0.0014052131241507819,0.5564581566059494,0.9808688027789553,0.10578385095501519,0.07033369047321833
0.0011616460348715977,0.5588913856944174,0.9808934584767146,0.10698328322885177,0.0708859536669393
0.0009178001561202175,0.5613278015692431,0.9809179996779308,0.10819134778505099,0.0714376678367292
0.0006737340097370353,0.5637650393109518,0.9809419828018361,0.10940801633220155,0.07198882675290127
0.0004295061704256169,0.5662007638498839,0.9809655376517622,0.1106332605389357,0.07253942659275889
0.00018517525169505105,0.5686326715346649,0.9809887640871217,0.11186705210072669,0.07308947316839282
-5.920010820702404e-05,0.5710584915758251,0.9807049200758713,0.11310936281954138,0.07363889942936364
-0.0003035612603672022,0.5734759873707862,0.9803835351078919,0.11436016098192286,0.0741875270466732
-0.0005478495592820267,0.5758829577164699,0.9806304209421528,0.11561943416222022,0.07473929626744734
-0.0007920063769323604,0.5782772379157342,0.9806498020078164,0.11688728274588794,0.0752959395447664
-0.0010359731168539607,0.5806567007837573,0.9806749968499197,0.11816371308345452,0.07585188927071576
-0.0012796912282003387,0.5830192575603924,0.9806933913230432,0.11944869382917013,0.07640713269539508
-0.0015231022197946806,0.5853628587343649,0.9807179552148759,0.12074219406329514,0.076961675723955
-0.0017661476741673886,0.5876854947850318,0.9807420512871553,0.12204418226985865,0.07751547997756536
-0.0020087692615761007,0.5899851968472389,0.9804491479758812,0.12335462634381889,0.07806846781218513
-0.002250908754004472,0.5922600373046043,0.9804678988456229,0.12467349200921822,0.07862061993153757
-0.0024925080391366167,0.5945081303163843,0.9804859076326493,0.12600074767255304,0.07917208063542094
-0.0027335091343038648,0.5967276322828114,0.9805106269278542,0.12733636258784367,0.07972282155675103
-0.0029738542004001836,0.598916742253622,0.9805455917992685,0.12868030499247246,0.08027276681169593
-0.0032134855557634312,0.6010737022842348,0.9805625920708104,0.13003254187356325,0.0808219177765125
-0.0034523456900185964,0.6031967977438366,0.9805866474008507,0.1313930420458261,0.08137036472210646
-0.003690377277880048,0.6052843575793873,0.9806106656680144,0.13276177431857417,0.08191804456733967
-0.003927523192909262,0.6073347545393636,0.9813169559787918,0.13413871769058577,0.0824669561676367
-0.0041637265212250115,0.6093464053608074,0.9813393282853282,0.135523904985244,0.08301772704536162
-0.0043989305751623055,0.6113177709230748,0.9813615062267518,0.13691731971397386,0.08356755861355121
-0.004633078906877227,0.6132473563714272,0.9813834468476365,0.1383189265920293,0.08411644466371548
-0.004866115321894111,0.6151337112134564,0.9814153736941766,0.13972869035739327,0.08466438188905374
-0.0050979838925920016,0.6169754293910964,0.9814279778548276,0.14114657551633245,0.08521135777984358
-0.00532862897162692,0.6187711493308224,0.9814593596431153,0.1425725468638744,0.08575737530496355
-0.005557995205287038,0.6205195539744568,0.9804037909487374,0.14400656810023743,0.08630229254134189
-0.005786027546777303,0.6222193707928011,0.9804287552288049,0.1454485995604474,0.08684606588293703
-0.006012671269430338,0.623869371784215,0.9804535208546046,0.14689860484880468,0.08738887992135483
-0.006237871979840623,0.6254683734600237,0.9831513648273208,0.14835655234843706,0.08793131052757307
-0.006461575630918698,0.6270152368185936,0.9831693905834504,0.14982242322581374,0.08847336388168706
-0.006683728534862118,0.6285088673096875,0.9839488934551389,0.1512961836972825,0.0890140210185316
-0.006904277376040307,0.6299482147906408,0.9839950220183599,0.15277778175598947,0.08955287468613746
-0.00712316922379006,0.631332273475751,0.9840313134977905,0.15426717415600988,0.09009054568353538
-0.007340351545118642,0.6326600818801865,0.9840667090722494,0.15576432125944142,0.09062699955810206
-0.007555772217311452,0.6339307227595744,0.9841012041895542,0.15726918321903846,0.09116223356168265
-0.007769379540441221,0.6351433230463657,0.9841348888957901,0.15878172019965783,0.09169624083109663
-0.007981122249775752,0.6362970537839787,0.9841677609679511,0.16030189228789793,0.09222901694835581
-0.008190949528081222,0.6373911300596009,0.9841997674520595,0.16182965961545787,0.09276055894842931
-0.008398811017818041,0.6384248109365006,0.9842310902279731,0.1633649822815171,0.0932908603636912
-0.008604656833226455,0.6393973993865851,0.9842615962741423,0.16490782035930604,0.093819916058948
-0.008808437572298851,0.6403082422238897,0.9843001213924573,0.16645813396655884,0.09434774230092718
-0.009010104328636047,0.6411567300396139,0.9843291701403544,0.1680158841668708,0.09487437351169668
-0.009209608703184569,0.641942297139271,0.9843575985394475,0.16958103156978657,0.09539974865867161
-0.009406902815852162,0.6426644214824341,0.9859651508446613,0.17115353611240303,0.09592384483096694
-0.009601939316998867,0.6433226246255463,0.9870831864525424,0.17273335685520955,0.09644658379967774
-0.009794671398800588,0.6439164716681939,0.9871057486783351,0.1743204514270818,0.09696794477510152
-0.00998505280648289,0.6444455712031786,0.9867599182973282,0.17591477878606493,0.09748800841101017
-0.01017303784942176,0.6449095752707457,0.9867823777907653,0.17751629882796513,0.09800679995783616
-0.010358581412109269,0.6453081793171994,0.986804177374372,0.17912497149436474,0.0985242862783655
-0.010541638964981028,0.6456411221581727,0.9868254801112906,0.18074075623627767,0.09904045477287297
-0.010722166575103019,0.6459081859467527,0.9868461171055004,0.18236361257088365,0.0995553047152015
-0.010900120916715425,0.6461091961466274,0.9868662839811484,0.18399349960622566,0.10006880326509462
-0.01107545928163045,0.6462440215103976,0.9868858848583388,0.1856303764742936,0.10058096510285756
-0.011248139589482188,0.6463125740631742,0.987536477592529,0.18727420223301744,0.10109173931628183
-0.011418120397825655,0.646314809091528,0.9875551635199104,0.18892493445925967,0.10160109210157088
-0.01158536091208277,0.6462507251378615,0.987573339135141,0.19058253182701188,0.10210908628373476
-0.011749820995332885,0.6461203640002282,0.9875806848088786,0.19224695319028515,0.10261567318734403
-0.011911461177945528,0.6459238107375926,0.9876045196850275,0.19391815638757812,0.10312087987675682
-0.01207024266705272,0.645661193680512,0.9876212964995819,0.19559610185741572,0.10362478958403085
-0.012226127355859269,0.6453326844471872,0.9876374598295351,0.1972807491925995,0.1041273291441429
-0.012379077832788141,0.6449384979647913,0.9876598943722673,0.19897205788130895,0.10462854441067722
-0.012529057390459066,0.6444788924959844,0.9876751510273151,0.2006699888324321,0.10512845562604342
-0.012676030034498137,0.6439541696704516,0.9876902479558121,0.20237450169588,0.10562697805717838
-0.01281996049217625,0.643364674521315,0.9876939328500284,0.20408555516636442,0.1061240477353604
-0.012960814220874521,0.6427107955262048,0.9877147649026853,0.2058031065202214,0.1066196815251517
-0.01309855741637413,0.641992964652754,0.9877177763317423,0.2075271157641248,0.10711393790443421
-0.013233157020969409,0.6412116574082479,0.9878543820206245,0.20925754077935918,0.10760676578170887
-0.013364580731401276,0.6403673928931066,0.9879517261105903,0.21099434269428535,0.10809834995456566
-0.013492797006610149,0.6394607338578573,0.987964400814759,0.21273748351199212,0.10858861985086726
-0.013617775075305455,0.638492286763192,0.9879767360300339,0.21448692302938183,0.10907747794390327
-0.013739484943350587,0.6374627018426583,0.9879891109513735,0.21624262032609717,0.10956490779775736
-0.013857897400961433,0.6363726731674996,0.987989482877134,0.21800453381204182,0.11005082696293322
-0.0139729840297166,0.6352229387130769,0.9880009198047361,0.21977261992239402,0.11053520670463649
-0.014084717209377625,0.6340142804262736,0.9880123945978153,0.2215468369132529,0.11101814164597014
-0.01419307012451773,0.6327475242931868,0.9880235513308404,0.22332714344157725,0.11149961344764983
-0.014298016770957394,0.6314235404063808,0.988022426628129,0.2251134976854173,0.11197954282491974
-0.014399531962005201,0.6300432430308691,0.9880210820134712,0.22690585517322567,0.11245780533411097
-0.014497591334502662,0.6286075906679245,0.9880314542964265,0.22870417067607626,0.11293445251283633
-0.01459217135467104,0.6271175861157395,0.9882668703574624,0.2305084008822529,0.11340945532967117
-0.014683249323759494,0.6255742765258483,0.9882768924716162,0.2323184987909048,0.1138827373002699
-0.014770803383492629,0.6239787534541452,0.9882866209806305,0.2341344215053877,0.11435453929087643
-0.01485481252131643,0.6223321529052093,0.9882965729011494,0.23595612777789046,0.11482484897675077
-0.014935256575441074,0.6206356553685418,0.9883058156234615,0.23778357590895277,0.11529364838082082
-0.015012116239679634,0.6188904858452062,0.9879748678926502,0.23961672483034546,0.1157610195757457
-0.015085373068081748,0.6170979138632279,0.987991474356939,0.2414555359225454,0.11622706792626901
-0.015155009479360134,0.6152592534799706,0.987990401400929,0.24329997069985976,0.11669162044974561
-0.015221008761110462,0.6133758632695754,0.9879892753378718,0.24514998422001918,0.11715438788858479
-0.015283355073821859,0.6114491462933862,0.9879995849594363,0.24700553007350473,0.1176154582291379
-0.015342033454678576,0.6094805500511312,0.9881832013389202,0.2488665641285507,0.11807475748942846
-0.01539702982115087,0.6074715664104583,0.9883562527080019,0.2507330353985543,0.11853191994675462
-0.015448330974374777,0.6054237315122406,0.9883570296203332,0.25260489043354567,0.11898703130881656
-0.015495924602319768,0.6033386256489094,0.9883732793602847,0.2544820810545382,0.11944048959062638
-0.015539799282743613,0.6012178731128324,0.9883893376896895,0.25636456780899747,0.11989261336822236
-0.015579944485933623,0.5990631420116151,0.9883894584871263,0.25825231232082413,0.12034317686751268
-0.0156163505772337,0.5968761440469404,0.9884051714887703,0.26014526942229776,0.12079205670071448
-0.015649008819356734,0.5946586342533925,0.9884155890253501,0.2620433990732712,0.1212394880800012
-0.01567791137448133,0.592412410693467,0.988025261350302,0.26394666035275743,0.12168540746203467
-0.015703051306133087,0.590139314104764,0.988042353120467,0.2658550147775061,0.1221299716373052
-0.015724422580848947,0.58784122749513,0.9880593139903929,0.26776842533374834,0.12257319870063448
-0.0157420200696257,0.5855200756812864,0.9880711029394312,0.2696868546767589,0.12301497916120772
-0.015755839549150483,0.5831778247662727,0.9876073131915644,0.2716102619561166,0.12345522285011296
-0.015765877702814474,0.5808164815507872,0.9878542730421213,0.2735386086767897,0.12389411646543198
-0.01577213212150906,0.5784380928733275,0.9878678030003952,0.27547185798088697,0.12433157813132495
-0.015774601304203738,0.5760447448737824,0.9878857772359809,0.2774099694036684,0.12476752294314734
-0.015773284658306512,0.573638562174967,0.9878991130419131,0.27935290463743245,0.12520200445917012
-0.01576818249980611,0.5712217069763961,0.9879123551092877,0.2813006223508893,0.1256348366470182
-0.01575929605319598,0.5687963780544236,0.9879254049744614,0.283253079977133,0.12606601439376408
-0.01574662745118081,0.5663648096627371,0.9881538916713254,0.28521023561897,0.12649566608081567
-0.015730179734164188,0.5639292703271059,0.9883303640187078,0.2871720520288765,0.12692398819551817
-0.015709956849519237,0.5614920615281564,0.9883310367637904,0.28913849177847556,0.12735067937922936
-0.015685963650641222,0.5590555162659535,0.9883316601542578,0.2911095070766031,0.1277752879091121
-0.01565820589578269,0.5566219975001323,0.9883437417455776,0.2930850478492083,0.12819796495886432
-0.015626690246671553,0.554193896459392,0.9883556512644829,0.2950650696889618,0.12861895082350214
-0.015591424266912353,0.5517736308142795,0.9883558943756805,0.2970495289075452,0.12903806498052653
-0.015552416420170924,0.5493636427073209,0.9883674918024443,0.299038376570213,0.1294552144272471
-0.015509676068143262,0.5469663966348546,0.9879487178416831,0.30103156878264736,0.12987078979696298
-0.015463213468308673,0.5445843771751829,0.9879514079400693,0.30302906647039624,0.13028467213848097
-0.015413039771468087,0.5422200865580719,0.9881372101526066,0.30503082234306467,0.13069669998478903
-0.015359167019067881,0.5398760420711385,0.9882678736485343,0.307036797460982,0.13110736922537827
-0.015301608140310088,0.5375547732991998,0.9882816946100601,0.3090469554614122,0.13151653238036526
-0.015240376949049261,0.5352588191933727,0.9882956031919848,0.3110612550385642,0.13192397031924577
-0.015175488140477447,0.5329907249674851,0.9883962313327843,0.3130796540103287,0.13232981520133635
-0.015106957287597174,0.5307530388202407,0.9884140967504819,0.31510211525494747,0.13273428555953065
-0.015034800837484175,0.5285483084826219,0.9884278899930435,0.3171286023882371,0.1331372225803798
-0.01495903610734015,0.5263790775910746,0.9884415015644442,0.3191590736096072,0.13353839031582534
-0.014879681280336588,0.5242478818883078,0.9884549056473502,0.3211934856812446,0.1339377992621607
-0.014796755401251126,0.5221572452548329,0.9884684083821995,0.323231795561636,0.134335442444623
-0.014710278371896632,0.5201096755758491,0.9884694733228049,0.3252739589834656,0.13473109032079755
-0.01462027094634506,0.5181076604495984,0.9884826681698777,0.32731992493598433,0.13512462024861208
-0.014526754725946486,0.5161536627449738,0.988483530000971,0.3293696467880542,0.13551613602679605
-0.01442975215414488,0.5142501160178538,0.9884962888858281,0.33142307331362664,0.13590551950961222
-0.01432928651109192,0.5123994197974527,0.9885467004028353,0.3334801561499407,0.13629251501041237
-0.014225381908059668,0.5106039347557584,0.9885486841958414,0.3355408297058779,0.13667654489260805
-0.014118063281654018,0.508865977775028,0.9885619593055539,0.33760503580397705,0.13705838303259824
-0.014007356387830206,0.5071878169301485,0.9885754401209441,0.339672728609836,0.13743840450901768
-0.013893287795711376,0.5055716664045204,0.9885770599139345,0.3417438633711537,0.13781633079913372
-0.013775884881212045,0.5040196813599206,0.9885903857165547,0.34381838734368714,0.13819202213601503
-0.013655175820468102,0.5025339527825137,0.9886035911764989,0.3458962542495535,0.1385658627292517
-0.013531189583074728,0.5011165023288104,0.9887226941023534,0.34797742121152914,0.13893801884539633
-0.013403955925133782,0.4997692771968177,0.9887355991646662,0.35006185059455586,0.1393085788254727
-0.013273505382112378,0.4984941450489713,0.9887365371369214,0.35214949908068605,0.13967701402812147
-0.013139869261514664,0.49729288901451185,0.9888049189589674,0.35424031536820605,0.14004341676213597
-0.013003079635368111,0.4961672027998455,0.9888106421310847,0.35633426063689355,0.14040838970961103
-0.012863169332526398,0.4951186859360569,0.9888243562421146,0.3584312993056525,0.14077177036965458
-0.012720171930790548,0.4941488391930328,0.9888257442227515,0.3605313882059513,0.14113297386186588
-0.012574121748850626,0.4932590601897085,0.9888419907112895,0.36263447408776406,0.14149203292077364
-0.012425053838049194,0.4924506392295944,0.9888431118611853,0.36474051546798214,0.14184918611379044
-0.01227300397396931,0.49172475539012167,0.9888563026873859,0.36684945976656863,0.1422039780123842
-0.012118008647848465,0.4910824728933209,0.9888693409564259,0.3689612601212009,0.14255686677908141
-0.01196010505782093,0.49052473778401495,0.9888849984742598,0.3710758737815045,0.14290805058246417
-0.011799331099990372,0.4900523749399996,0.9888978426883688,0.37319326401796293,0.14325762477312004
-0.011635725359334877,0.4896660854366828,0.9889104921630656,0.3753133890826905,0.1436052854424875
-0.01146932710044689,0.48936644428630777,0.9889229830953784,0.3774362052382322,0.14395102932451093
-0.01130017625810984,0.4891538985692718,0.9889352963968985,0.3795616686854715,0.14429484166261186
-0.011128313427713834,0.48902876597219563,0.9889353584204976,0.38168973388206573,0.14463638979410695
-0.010953779855513329,0.4889912337443005,0.9889353651024225,0.383820343450681,0.14497513996910713
-0.010776617428727717,0.4890413580804078,0.9889354122637432,0.3859534360576816,0.14531106292228832
-0.0105968686654891,0.48917906393550703,0.9889477401670352,0.3880889518449004,0.14564449502907487
-0.010414576704637787,0.4894041452723639,0.9889476633089069,0.39022684148154413,0.1459756120681859
-0.01022978529536938,0.4897162657401961,0.9889475718173962,0.3923670466908655,0.1463038604728155
-0.010042538786735056,0.4901149597789876,0.9889474156064186,0.3945095053075369,0.14662920975385474
-0.009852882116998054,0.4905996341406387,0.989031038152243,0.3966541509870119,0.146950931321363
-0.009660860802848762,0.4911695698149528,0.9890439526305815,0.39880089819843706,0.14726903951230555
-0.00946652092848076,0.4918239243453701,0.9890566976189652,0.40094969200587416,0.1475851460861711
-0.009269909134531108,0.4925617345165526,0.9890693929697313,0.4031004883185997,0.14789924989731465
-0.009071072606886561,0.4933819193933294,0.9890820080565558,0.4052532430601835,0.1482113441292894
-0.008870059065359282,0.4942832836882361,0.9890944886568395,0.40740791213445315,0.14852142700671597
-0.008666916752234296,0.4952645214328994,0.9891068656755978,0.40956445153024673,0.1488294986297504
-0.008461694420691746,0.4963242199268808,0.9891467823540839,0.4117228183873909,0.14913576986290855
-0.008254441323106005,0.49746086393628514,0.9891474321010333,0.41388297409006675,0.1494399169754924
-0.008045207199225633,0.49867284011350205,0.9891481385785751,0.41604485975827454,0.14974096854568336
-0.007834042264236058,0.4999584416088325,0.9891488908240771,0.41820840985934626,0.15003890395315317
-0.007620997196708001,0.501315872844493,0.9891376478583973,0.42037356199139003,0.15033432246074033
-0.007406123126435034,0.5027432544215482,0.9891501269551846,0.4225402718459331,0.15062779840076962
-0.007189471622162542,0.5042386281306886,0.9888409520414202,0.4247084970671472,0.15091948248850887
-0.0069710946792116615,0.5057999620384169,0.9888558129407751,0.42687820272393645,0.15120950605639757
-0.006751044707000399,0.5074251556211197,0.9888589313639703,0.4290493450943196,0.1514970073925385
-0.006529374516465765,0.5091120449206269,0.988873550717717,0.43122186392218925,0.15178175157362955
-0.00630613730738953,0.5108584076961964,0.9888880325536493,0.43339571066290744,0.15206438976864584
-0.0060813866556302006,0.5126619685493685,0.9885170037495766,0.4355708390992116,0.15234499918655706
-0.005855176500265428,0.5145204039997446,0.9880826019774178,0.437747214290384,0.1526242169086404
-0.005627561130646549,0.516431347491502,0.98809194048807,0.4399248021466183,0.15290128319054877
-0.005398595173369757,0.5183923943122422,0.9881012959229499,0.44210354195999907,0.1531750412604681
-0.005168333579165721,0.5204011064076306,0.9881223022467762,0.4442833688746963,0.15344623347476263
-0.004936831609711688,0.5224550170771382,0.9881314701751458,0.4464642409086973,0.1537152374748322
-0.004704144824369113,0.5245516355380564,0.9881507635164732,0.44864610109750275,0.15398162608723256
-0.0044703290668495314,0.5266884513467768,0.9881698431490644,0.450828904647633,0.15424599736121264
-0.004235440451812396,0.5288629386680971,0.9881501272479422,0.4530126096465166,0.15450853586256183
-0.0039995353513977835,0.5310725603850212,0.9881686214842852,0.45519718106886753,0.15476935379925905
-0.003762670381697444,0.533314772043148,0.988188223456544,0.4573825781262494,0.15502809061657213
-0.003524902389167057,0.5355870256252674,0.9881962095822904,0.4595687545892053,0.155284180575316
-0.0032862884369835397,0.5378867731532249,0.9882041730601191,0.4617556450903904,0.15553680205839002
-0.0030468857913500307,0.540211470115423,0.9882121519586677,0.46394317877428437,0.15578593838423274
-0.0028067519077522394,0.5425585787195575,0.9882299291964326,0.46613128742542914,0.1560321485111434
-0.002565944417169594,0.544925570971285,0.9882377884991019,0.4683199198791869,0.1562757052171431
-0.0023245211122439034,0.5473099315804896,0.9882569445669577,0.4705090132900719,0.15651629877483617
-0.0020825399334094634,0.5497091606977212,0.9882743135036378,0.4726985188530818,0.15675479002552284
-0.001840058954987641,0.5521207764841236,0.9882932324621193,0.47488839398316585,0.15699118515335755
-0.0015971363712493141,0.5545423175188443,0.9883120073493101,0.47707859568806693,0.15722545656168593
-0.001353830482448493,0.5569713450484937,0.9883289385026626,0.4792690809925622,0.157457623735881
-0.001110199680830577,0.5594054450836687,0.9883476822014413,0.48145980752395695,0.1576876913163762
-0.0008663024366184917,0.5618422303479648,0.9883663366194637,0.4836507324437641,0.15791562873425585
-0.0006221972839800531,0.5642793420851884,0.9883848781845797,0.4858418127800207,0.15814143303786918
-0.0003779428069801817,0.5667144517307157,0.9884033090915271,0.4880330055242817,0.15836509845465935
-0.0001335976255209077,0.5691452624530948,0.9884195124100479,0.49022426784823414,0.15858666280842418
0.0001107796187271758,0.5715695105721034,0.9884376299418858,0.4924155588423375,0.15880619690556622
0.0003551302763984795,0.5739849668594988,0.988526869933983,0.49460682720505234,0.1590217154934383
0.000599395704508079,0.5763894377287038,0.9886245076916554,0.4967979548358452,0.1592303538751357
0.0008435172805257849,0.5787807663196154,0.988643056023348,0.49898881511954535,0.15943429031144477
0.0010874364164451446,0.5811568334846463,0.988663258050459,0.5011793575013082,0.15963654883382203
0.0013310945728444345,0.5835155586819903,0.9886739420877911,0.5033695395436671,0.1598359994421061
0.001574433272935678,0.5858549007819487,0.9886922410231856,0.5055592974280491,0.1600326163030854
0.0018173941165989605,0.5881728587920044,0.9887103804453093,0.5077485949909127,0.16022787308180014
0.002059918794398064,0.5904674725061323,0.9888224866432007,0.5099373939635312,0.16041936783338911
0.0023019491015744587,0.592736823083646,0.9888436866425121,0.5121255824957318,0.16060557371926262
0.0025434269520162463,0.5949790335626753,0.9888648468414604,0.5143130978807221,0.1607896234809569
0.002784294392198432,0.5971922693131297,0.9888834257971549,0.5164998999863764,0.16097183903742154
0.003024493615091581,0.5993747384338107,0.9889045728737648,0.5186859584104111,0.16115238170280077
0.0032639669740352293,0.6015246920980956,0.9889171978564758,0.5208712312050038,0.16133006116943235
0.0035026569965727035,0.60364042485239,0.9889299258361298,0.5230556489140018,0.16150383509289554
0.003740506398244411,0.6057202748713273,0.9889511920367691,0.5252391382680784,0.1616743758341281
0.003977458096335643,0.6077626241734719,0.9890798344393001,0.5274216394196835,0.1618404638057747
0.004213455223576263,0.609765898801074,0.9891021075891406,0.5296030306750051,0.16200093044275282
0.004448441141788568,0.6117285689671866,0.9891239164098335,0.5317832480932002,0.16215924225040113
0.004682359455480173,0.6136491491732887,0.9891461998889551,0.5339622509808267,0.16231539882887736
0.004915154025378645,0.615526198300331,0.9891677648338763,0.5361399989338553,0.16246943341071515
0.005146768981904653,0.6173583196759319,0.9891863749092067,0.5383164536863952,0.1626216596355629
0.005377148738580454,0.6191441611202957,0.9892083666267615,0.5404915866092256,0.1627722431794357
0.005606238005370295,0.6208824149732015,0.9892305262721599,0.5426653607992129,0.1629206744458242
0.005833981801949811,0.6225718181043016,0.989245403232564,0.5448377318934943,0.16306616361870335
0.006060325470901042,0.6242111519087508,0.9892603569295676,0.547008628522968,0.16320755578258273
0.006285214690829955,0.6257992422900929,0.9892753864910506,0.5491779717940182,0.16334485412449937
0.0065085954894032625,0.6273349596321419,0.9892905336199076,0.5513456830330805,0.16347806064446668
0.006730414256301576,0.62881721876149,0.9893128185533485,0.5535116877224809,0.1636079618473553
0.0069506177560856005,0.630244978902141,0.9893352680746402,0.555675938806687,0.16373572634556435
0.007169153140972459,0.6316172436236385,0.9893510269886877,0.5578383930293329,0.1638605410020759
0.007385967963518718,0.6329330607839648,0.9893734208329215,0.5599989828666257,0.16398200062916865
0.00760101018920777,0.6341915224683632,0.989395742594409,0.5621576613375898,0.1641013331704326
0.007814228208937684,0.6353917649251568,0.989448960064562,0.5643143763563041,0.16421585588882553
0.008025570851407189,0.6365329684995343,0.9894721865090081,0.5664689956161854,0.16432423544739394
0.00823498739539661,0.637614357566181,0.9894939964748818,0.5686214542795038,0.16443050795307376
0.008442427581940607,0.638635200461585,0.9895170833487438,0.5707717146732094,0.16453467846738787
0.00864784162639019,0.6395948094167344,0.9895400933940247,0.5729197391118757,0.164636743167337
0.008851180230360682,0.6404925404908852,0.9895636835408872,0.5750654900165182,0.16473670484331018
0.009052394593563237,0.6413277935070012,0.9895872090791065,0.5772089300800095,0.16483457635512352
0.009251436425516488,0.6421000119894067,0.9896054125120299,0.5793500176981476,0.16492948330663745
0.009448257957136268,0.6428086831041475,0.9896724042437423,0.5814886710866932,0.16501813002347085
0.009642811952199761,0.6434533376025001,0.9896947117155788,0.5836247444993178,0.16510039912157856
0.009835051718682038,0.6440335497680141,0.9897169081999491,0.5857581731846816,0.16518060807704762
0.010024931119961916,0.644548937367443,0.9897355357439528,0.5878889229869247,0.165259101936912
0.01021240458589457,0.6449991616058712,0.9897600532459542,0.5900169702871436,0.16533606422012329
0.01039742712374807,0.6453839270862961,0.9897845507334706,0.5921422827866433,0.16541095677567821
0.01057995432900148,0.6457029817739064,0.990012226058431,0.5942648261536013,0.16548409143519216
0.010759942396001733,0.6459561169652529,0.9901981990690447,0.5963845766739886,0.16555589127107095
0.010937348128476682,0.6461431672624748,0.9902137419880465,0.5985015070356714,0.16562514992536462
0.011112128949902123,0.6462640105527201,0.9902338300899002,0.600615552907413,0.16569099468345364
0.011284242913719916,0.6463185679928667,0.99025410239928,0.6027266699892891,0.16575478808130767
0.011453648713404931,0.6463068039996088,0.9902741401954405,0.6048348232381641,0.16581654155104283
0.011620305692378383,0.6462287262449854,0.9902902535829069,0.6069399732300775,0.16587533168578492
0.011784173853765333,0.6460843856573392,0.990461315547711,0.6090420545475365,0.16593101840307498
0.011945213869993658,0.6458738764277316,0.9904802194034283,0.6111410345903947,0.16598515387304377
0.012103387092232474,0.6455973360217593,0.9904943831274029,0.6132368776500821,0.16603634417254318
0.0122586555596677,0.6452549451967248,0.9905086764722261,0.6153295129357952,0.1660832297319958
0.01241098200861246,0.6448469280240778,0.9905230274339348,0.6174188609225965,0.16612581291162498
0.01256032988145023,0.6443735519169937,0.990542255944548,0.6195048468640855,0.16616502015553902
0.012706663335408444,0.6438351276629595,0.9905549571639162,0.6215874301972498,0.1662025851235823
0.012849947251160536,0.64323200946119,0.9905676449427763,0.623666591957035,0.16623903711237215
0.012990147241254529,0.6425645949646486,0.9905821283422782,0.6257423102223242,0.16627308974546587
0.013127229658365793,0.6418333253264448,0.9906016204781133,0.6278145234743931,0.16630379184925945
0.013261161603372255,0.6410386852503217,0.9906176201626824,0.6298831853313309,0.1663315595477097
0.013391910933250007,0.6401812030449048,0.9906338890284262,0.6319482251458661,0.1663549590213005
0.013519446268787512,0.6392614506813588,0.9906379785951602,0.6340095514680654,0.1663717071873576
0.01364373700211637,0.6382800438540415,0.9906466400905296,0.6360669934300094,0.166378415331216
0.013764753304057303,0.6372376420436923,0.9906681135100366,0.6381203750762269,0.166378383099111
0.013882466131278687,0.6361349485826532,0.9906896350788258,0.6401696347013645,0.16637647887704557
0.013996847233267037,0.6349727107215516,0.9907111207043192,0.6422147432328318,0.16637271033627085
0.014107869159106936,0.6337517196968204,0.9907325744409596,0.6442556716925816,0.1663670769919795
0.014215505264069093,0.6324728107983707,0.9909162152061939,0.6462923928173135,0.1663598996621091
0.014319729716005042,0.6311368634366362,0.9909343200279194,0.6483248889115536,0.16635134122259754
0.014420517501546543,0.6297448012081855,0.9909541115229559,0.6503531346694306,0.16634093383045312
0.014517844432108929,0.6282975919589429,0.9906766223216538,0.6523771028732843,0.16632897704668514
0.014611687149696042,0.626796247844054,0.9906899017338524,0.654396778112383,0.16631600975054867
0.014702023132506096,0.6252418253832649,0.9906003678760544,0.6564121304854794,0.16629833879809236
0.014788830700336843,0.6236354255106428,0.9906216006702764,0.6584230127078033,0.1662728236031131
0.014872089019788757,0.6219781936173044,0.990799111291505,0.6604293316280808,0.1662443746351792
0.014951778109264761,0.6202713195857693,0.990932830003285,0.6624310635048155,0.16621492928882725
0.01502787884376596,0.6185160378143617,0.9909531158175722,0.6644281962628055,0.16618419219450425
0.015100372959481342,0.6167136272300139,0.9907791944819068,0.6664206899730613,0.16614829278044255
0.015169243058171094,0.6148654112876569,0.990604267888691,0.6684083830253796,0.16610213688032252
0.0152344726113422,0.6129727579542492,0.9906258935634544,0.6703910971792073,0.16604916479801315
0.015296045964214916,0.6110370796753255,0.990646831960149,0.6723687699525059,0.1659935535124614
0.015353948339480164,0.6090598333218187,0.9906596112640772,0.674341345977086,0.16593516270298325
0.015408165840845865,0.6070425201147007,0.9904868485671396,0.6763087868303096,0.16587216266897892
0.015458685456371926,0.6049866855248358,0.9905092856514535,0.6782709532677949,0.16580240910747263
0.015505495061593011,0.6028939191452346,0.9905318667927066,0.680227789936527,0.16573108817659354
0.015548583422428727,0.6007658545327283,0.9905545358070339,0.6821792761718156,0.16565819796128461
0.015587940197879223,0.5986041690158586,0.9905770023231356,0.6841253913716951,0.1655837450099649
0.015623555942507337,0.5964105834655733,0.9904065082763889,0.6860660977636075,0.16550428550235308
0.015655422108705283,0.5941868620251283,0.9904296305165449,0.6880012552053668,0.16541816092158462
0.015683531048746206,0.5919348117953477,0.9904525268700979,0.68993081045904,0.16533053904078654
0.01570787601661936,0.5896562824711856,0.9901502570540079,0.6918547464455922,0.16524173874435238
0.015728451169649365,0.587353165925322,0.989757710854551,0.693773057076292,0.16515223497653825
0.015745251569898207,0.5850273957342751,0.98978398239345,0.6956857382383783,0.165061731181804
0.0157582731853505,0.5826809466423059,0.9898008224862987,0.6975927763920737,0.16497005684301874
0.015767512890881054,0.5803158339581662,0.9898280194732401,0.699494164035648,0.164877374224987
0.015772968469004896,0.5779341128795306,0.9898552773289536,0.7013898867381981,0.16478328782379623
0.015774638610409435,0.5755378777397353,0.9898826997940665,0.7032799278124866,0.16468777829515013
0.015772522914268755,0.5731292611712745,0.9894376854412874,0.7051642714203507,0.16459113553396829
0.015766621888339803,0.5707104331802965,0.9894661282281491,0.7070429112498287,0.1644935441368694
0.01575693694884048,0.5682836001262239,0.9894956952247823,0.708915833543265,0.16439454019965133
0.0157434704201097,0.5658510036004354,0.9895252425421135,0.7107830216055682,0.16429413330648196
0.015726225534049867,0.5634149191979028,0.9895547288909919,0.7126444589526845,0.16419233210125803
0.015705206429350707,0.5609776551755388,0.989816975423487,0.7145001306051775,0.16408940858321888
0.015680418150496523,0.5585415509910274,0.9898438396784827,0.7163500296946694,0.16398550109550097
0.01565186664655529,0.5561089757158988,0.9898725070244302,0.7181941429114975,0.16388022534153154
0.015619558769750769,0.5536823263166695,0.9898993743341833,0.7200324546211162,0.16377359239613073
0.015583502273818462,0.5512640257979983,0.9899263069384362,0.7218649493412131,0.16366560942773423
0.015543705812144207,0.5488565212019885,0.9894754431421127,0.7236916134011855,0.163556601603828
0.01550017893568786,0.5464622814580117,0.9895070327383318,0.7255124427794718,0.1634467335724832
0.015452932090690765,0.5440837950777733,0.9895386436848401,0.7273274258005209,0.16333554960630572
0.015401976616168959,0.5417235676907426,0.9895702227606574,0.7291365479283016,0.16322305477590462
0.015347324741191718,0.539384119415584,0.9896037998907717,0.7309397900258876,0.16310831524678154
0.01528898958194667,0.5370679820638194,0.9896356267552653,0.732737105178817,0.16299089151572643
0.015226985138592131,0.5347776961726524,0.9896692951700815,0.7345284659968283,0.16287128677340953
0.01516132629189676,0.5325158078646964,0.9897029973361623,0.7363138224793538,0.16274813928572845
0.01509202879966861,0.5302848655332664,0.9897367300497643,0.7380931163631856,0.16262150093169672
0.015019109292973192,0.5280874163529192,0.9897705360263616,0.7398662904211083,0.16249141063878073
0.01494258527214211,0.5259260026160633,0.990058958039278,0.7416332939948698,0.16235903178838937
0.014862475102573016,0.5238031578977201,0.9900897030657773,0.7433941150452498,0.16222583049354894
0.014778798010322038,0.5217214030518825,0.9896549025045026,0.745148746598729,0.16209177946873485
0.014691574077489633,0.5196832420443701,0.989688178686486,0.7468971886259306,0.1619570352934506
0.01460082423740103,0.517691157628669,0.9897213989598992,0.748639433775401,0.16182116197768823
0.014506570269582249,0.5157476068728668,0.9897545785341181,0.7503754719470859,0.16168416786659678
0.014408834794533091,0.5138550165475579,0.9897880408916953,0.7521052933074729,0.16154606786697653
0.014307641268298452,0.5120157783863619,0.989821404994958,0.753828888242993,0.16140686681543823
0.014203013976838845,0.5102322442325398,0.9896427911634462,0.7555462313204595,0.1612634055704092
0.014094978030202012,0.5085067210870545,0.9896770989631047,0.7572572035776839,0.1611141996530632
0.013983559356496608,0.5068414660752898,0.989711264687988,0.7589617661553647,0.16096399268293315
0.013868784695669363,0.5052386813514562,0.9897324925163857,0.7606599131078557,0.16081302488442303
0.013750681593088074,0.5037005089615171,0.9897711831592456,0.7623516413614294,0.16066057519597923
0.013629278392930311,0.50222902568716,0.9898053205678653,0.7640369171971028,0.16050590722422653
0.013504604231381483,0.5008262378949131,0.990120356640552,0.7657157270562303,0.16035048280227127
0.013376689029641828,0.49949407641598487,0.9901531424389247,0.767388071658407,0.1601944025632675
0.013245563486745703,0.4982343914836184,0.9904108590789251,0.7690539481203578,0.16003761796203464
0.013111259072194075,0.49704894775586067,0.9904421212712489,0.7707133599225223,0.15988034604456708
0.01297380801840171,0.49593941945242886,0.9904736304185141,0.7723663051720069,0.15972219411564875
0.01283324331296173,0.4949073856349309,0.9905052146282448,0.7740127792696927,0.15956318070985553
0.012689598690728672,0.49395432565993264,0.9905367342394372,0.7756527778512801,0.1594032836391257
0.01254290862572239,0.4930816148343409,0.9903021521543207,0.7772862815706825,0.15923961451472315
0.012393208322854342,0.49229052030215636,0.9903384141137593,0.7789131822150065,0.15907008006664472
0.012240533709478613,0.4915821971909477,0.9903756390174464,0.7805334183917921,0.15889788954889333
0.012084921426769557,0.4909576850453104,0.990411924709955,0.7821469509582802,0.15872310975661577
0.011926408820928045,0.4904179045731505,0.9904481809583895,0.7837537423194594,0.1585458166050851
0.011765033934218563,0.48996365472889036,0.9906768464859023,0.7853537608618402,0.15836694495852435
0.011600835495839354,0.4895956101555718,0.9907080386865935,0.7869470051626595,0.15818763936091051
0.011433852912627402,0.4893143190054739,0.9904769520052489,0.7885334641221166,0.1580051302010258
0.011264126259601154,0.4891202011561669,0.9906476766570959,0.7901130516574164,0.15781843901162843
0.011091696270342599,0.4890135468360105,0.9906644283892497,0.7916857511369879,0.1576315642002152
0.01091660432722145,0.4889945156700013,0.9906948420777838,0.7932515723941541,0.15744438549901002
0.010738892451463597,0.48906313615356534,0.9907114093002469,0.7948105206962705,0.15725682827572116
0.010558603293066182,0.48921930555851517,0.9907473741812863,0.7963626014942191,0.1570683393812014
0.010375780120561789,0.48946279027192957,0.9907775304449148,0.7979077975086578,0.1568783996278722
0.010190466810634227,0.48979322656522883,0.9905487001867226,0.799446094928082,0.15668572924146826
0.010002707837588366,0.4902101217873116,0.9905792426520058,0.8009774210873721,0.15648934637095616
0.00981254826267643,0.4907128559722631,0.9906100524537984,0.802501759994879,0.1562925719732926
0.009620033723283582,0.49130068384895287,0.9906404170457824,0.8040191179233699,0.15609541889827097
0.009425210421975203,0.4919727372368396,0.9906771806956506,0.8055294986379163,0.15589735788877218
0.009228125115408423,0.49272802780949826,0.9906936343274959,0.8070328909310686,0.15569829099351493
0.009028825103110748,0.4935654502048931,0.990723969565192,0.8085293014081788,0.15549909019020608
0.008827358216128452,0.494483785459164,0.9904944785073622,0.8100187293132989,0.15529771023543099
0.008623772805547313,0.4954817047388251,0.9905257438703743,0.8115011189929175,0.15509336968811208
0.00841811773088872,0.4965577733446605,0.990556942734469,0.812976462029076,0.15488881958709472
0.008210442348383263,0.4977104549594227,0.9902714622681024,0.8144447692247149,0.15468423435614384
0.00800079649912596,0.49893811611052097,0.9903046699511738,0.8159060564128036,0.15447969372441228
0.007789230497114265,0.5002390308183783,0.9899643618878602,0.8173603361924534,0.1542751403194107
0.007575795117173108,0.5016113854009407,0.990124724185001,0.8188076254398922,0.15407068360127457
0.007360541582769143,0.5030532834049247,0.9901588296109656,0.8202479337999369,0.1538658383132108
0.007143521553717351,0.5045627506348613,0.9899139100541127,0.8216812624626288,0.1536593679750942
0.0069247871137830125,0.5061377402516364,0.9899485415154988,0.8231075728577478,0.15345069619174267
0.006704390758181679,0.5077761379132609,0.9899888422605915,0.8245268619495366,0.15324163060145388
0.006482385380980822,0.5094757669317105,0.9900228102887626,0.8259391312959573,0.15303204756316993
0.0062588242624052656,0.5112343934210942,0.9897754836819587,0.8273443858569053,0.15282133302564055
0.00603376105605029,0.5130497314139177,0.9898097219461449,0.8287425991182634,0.1526088468261727
0.005807249776005151,0.5149194479238676,0.9898438224879603,0.8301337742985069,0.15239646438395085
0.005579344783889725,0.5168411679352906,0.9898784411484891,0.8315179276266438,0.15218419538452926
0.0053501007758081425,0.5188124793013648,0.9899129592213635,0.8328950755223353,0.151972051729856
0.005119572769221917,0.520830937534799,0.9899474496238834,0.8342652347910805,0.15176006857591065
0.004887816089746027,0.5228940704767846,0.9899809473584115,0.8356284225378406,0.15154829346564805
0.004654886357871127,0.5249993828317341,0.9900150892054674,0.8369846606553133,0.15133698356131683
0.004420839475614738,0.5271443605571978,0.990056705191433,0.8383339677178524,0.15112565680713805
0.00418573161310513,0.5293264751000738,0.9900981821040815,0.8396763542179482,0.15091411164641375
0.003949619195100702,0.5315431874719345,0.9901173387357795,0.8410118314143127,0.1507026087451989
0.003712558887448429,0.5337919521578958,0.990158981222041,0.8423404168713855,0.15049126515327763
0.003474607583484239,0.5360702208549479,0.9899124975475474,0.843662124146906,0.15027980772873387
0.003235822390378815,0.538375446037115,0.9899468699789439,0.8449769662093866,0.15006848312968993
0.002996260615432333,0.5407050843460643,0.9899810324814912,0.8462849627512968,0.1498575441490905
0.0027559797523208237,0.5430565998070099,0.9900150665780235,0.847586135410824,0.14964700797979452
0.002515037467297997,0.5454274668708211,0.9900488252393062,0.8488805057412849,0.14943686523132763
0.0022734915853557594,0.5478151732842015,0.9900826328364397,0.8501680952947396,0.14922712813421338
0.002031400076346278,0.5502172227906856,0.9901165491118051,0.8514489260224496,0.14901782781720269
0.0017888210410696261,0.5526311376659081,0.9901499188574647,0.8527230201213623,0.1488089543309009
0.0015458126973298513,0.5550544610912816,0.9901929373223162,0.8539903998002399,0.14860055472518477
0.0013024333659629567,0.5574847593707425,0.9902360285125886,0.8552510892535797,0.14839275337720437
0.0010587414568402171,0.559919623995679,0.9902697124035281,0.856505114297597,0.148185554773658
0.0008147954548500376,0.5623566735635253,0.9903124908512787,0.8577524995373305,0.14797896398070262
0.0005706539058618959,0.5647935555558055,0.9903550312811774,0.8589932727690532,0.14777318308866014
0.0003263754026756767,0.5672279479815848,0.990398637892244,0.860227464357949,0.14756831256434808
8.201857095951564e-05,0.5696575608924868,0.9900861529788313,0.8614551057408064,0.14736430790476482
-0.00016235794481993316,0.5720801377754606,0.9901212767850672,0.8626762262634179,0.14716106627510825
-0.0004066954954719151,0.5744934568295772,0.9903239062820532,0.863890851932625,0.1469583582663249
-0.0006509354411571659,0.5768953321330628,0.9903420040106603,0.8650990050924726,0.1467561157785604
-0.0008950191654610938,0.5792836147067612,0.9903749271856634,0.8663007090722301,0.14655444282062408
-0.0011388880894615352,0.5816561934800929,0.9904076070855562,0.867495988958088,0.14635340558889445
-0.0013824836857873346,0.5840109961654931,0.9900180257310932,0.8686848705669468,0.14615304950739755
-0.0016257474926646856,0.5863459900471222,0.9897611126477942,0.8698673867580851,0.14595462685009758
-0.0018686211279476624,0.5886591826894929,0.9895039410216522,0.8710436165229427,0.1457604747797966
-0.002111046303129628,0.5909486225714796,0.9896615126745893,0.8722136578673007,0.14556952978492993
-0.0023529648373322083,0.5932123996509505,0.9897664652670874,0.8733775518984532,0.1453791426299558
-0.002594318671268464,0.5954486458650704,0.9897848223120393,0.874535322482387,0.14518936570237656
-0.0028350498811768143,0.5976555355711003,0.989867454562816,0.8756869945241266,0.1450002193321099
-0.003075100692722416,0.5998312859322931,0.9896088341635295,0.8768326032648213,0.14481391479070468
-0.003314413494862773,0.6019741572532648,0.9893483337759564,0.8779722667797532,0.14463446590814727
-0.0035529308536741563,0.6040824532689958,0.9893913265208265,0.8791061348377613,0.1444606866091038
-0.0037905955261353422,0.6061545213913881,0.9894098570917709,0.8802342873006448,0.14428875186998066
-0.004027350473865827,0.6081887529170965,0.9894786106699418,0.8813567579968864,0.1441175570107525
-0.004263138876814567,0.6101835832001139,0.9895207582725699,0.8824735762989685,0.1439478289818767
-0.004497904146896725,0.6121374917924259,0.9895637651271539,0.8835847987988112,0.1437807977756796
-0.0047315899415743806,0.6140490025557719,0.9896064117621635,0.8846904915960038,0.14361656886003993
-0.004964140177378557,0.615916683747446,0.9896487424329043,0.8857907229569364,0.1434552518079471
-0.005195499043368948,0.6177391480827932,0.9896659540156675,0.8868855580121912,0.14329602318457302
-0.005425611014528292,0.6195150527769338,0.9896970225679937,0.8879750330897983,0.14313775182247943
-0.005654420865088046,0.6212430995680612,0.9894387762404374,0.8890591995172041,0.14298445970260545
-0.005881873681782452,0.6229220347244708,0.9895111419741044,0.8901382260250468,0.1428380513564479
-0.006107914877027313,0.6245506490373511,0.9889477305326574,0.8912121798002606,0.1426925385560774
-0.006332490202020801,0.6261277778012021,0.9889920392525731,0.8922810956772845,0.1425490110827009
-0.006555545759762952,0.6276523007836103,0.989024757723422,0.8933450380017409,0.1424080431395462
-0.006777028017990576,0.6291231421859731,0.989068779319457,0.8944040552011877,0.14226923698003238
-0.006996883822024874,0.6305392705966444,0.9891012979575524,0.8954582138717853,0.14213306439246623
-0.007215060407528238,0.6318996989378666,0.989133692185334,0.8965075585987253,0.14199819263774408
-0.007431505413167438,0.6332034844077075,0.9891777159400132,0.8975521296693829,0.14186555358783587
-0.0076461668931800675,0.6344497284181645,0.989221370870576,0.8985920002021908,0.14173659598705698
-0.007858993329841366,0.6356375765304805,0.9892646123161862,0.8996272538879092,0.14161139076352006
-0.00806993364582814,0.6367662183886085,0.9889931582843345,0.9006579961555551,0.1414941666055353
-0.008278937216477123,0.637834887651715,0.9890256664907462,0.9016844551497357,0.14138618112927295
-0.008485953881934577,0.6388428619265057,0.9891329207472471,0.9027067188914369,0.1412793986857583
-0.008690933959194538,0.6397894627000965,0.9891769729952342,0.9037248217851126,0.1411747959359383
-0.00889382825402242,0.6406740552740895,0.9892082102286095,0.9047388370347066,0.14107329554226375
-0.009094588072761374,0.6414960487004301,0.9892392245544209,0.9057488127664555,0.14097324221136678
-0.009293165234018592,0.6422548957195959,0.9892701740340029,0.9067547859807319,0.14087463839123857
-0.009489512080228586,0.6429500927015894,0.9893012254842183,0.9077567937206411,0.14077749350834534
-0.00968358148909077,0.6435811795901564,0.9890316802634536,0.9087549027861227,0.1406877956775942
-0.009875326884878593,0.6441477398506266,0.988756755626502,0.9097493933477757,0.14061514497726718
-0.010064702249617433,0.6446494004217026,0.9888017813571081,0.9107405978675579,0.14055514379432366
-0.010251662134128875,0.6450858316715078,0.9888466094335121,0.9117286713377519,0.14049997519114069
-0.010436161668938014,0.6454567473581405,0.9888911748329341,0.9127137171302403,0.14044969614194788
-0.010618156575042186,0.6457619045949706,0.9889224690931832,0.913695832766201,0.14040300425804586
-0.010797603174537464,0.6460011038208636,0.9890812074193323,0.9146750669020945,0.14035752535948026
-0.010974458401101415,0.6461741887754946,0.9892071674882568,0.9156514443820218,0.1403129196646418
-0.01114867981032853,0.6462810464798768,0.9892516690084135,0.9166249970468745,0.1402708576001855
-0.011320225589916988,0.6463216072222119,0.9892808125621129,0.9175958075104577,0.14023244714816915
-0.01148905456970306,0.6462958445491213,0.9892979220810239,0.918563925462989,0.14019537706797208
-0.011655126231542039,0.6462037752623205,0.9893270787071838,0.9195293794443262,0.14015952931623846
-0.011818400719032271,0.6460454594207282,0.989060747513955,0.920492241643485,0.14013281479006218
-0.011978838847080509,0.6458210003480291,0.9887899064514862,0.9214528537825607,0.14012708750917394
-0.012136402111306132,0.6455305446456245,0.9888197783500494,0.9224116089861929,0.14013503718498008
-0.012291052697282055,0.6451742822109203,0.9888496138920135,0.9233686238326122,0.14014463208622066
-0.012442753489610024,0.644752446260869,0.9890055872409812,0.9243239331452436,0.1401555646187268
-0.012591468080828063,0.6442653133606157,0.9891219428519045,0.9252775610789838,0.14016738981009216
-0.01273716078014815,0.6437132034571177,0.9891992090904488,0.9262295289647636,0.1401801226059149
-0.012879796622021773,0.6430964799175534,0.9892281056849069,0.9271798598559036,0.14019406101782106
-0.013019341374531595,0.6424155495722879,0.989275715904443,0.9281285942295797,0.14021113984940914
-0.013155761547606825,0.6416708627621578,0.989303928419346,0.9290758212503369,0.14023215466318595
-0.013289024401060803,0.6408629133897819,0.9893320368682748,0.9300215918210554,0.14025479446837688
-0.013419097952448365,0.6399922389745603,0.9893600758797134,0.9309659413964602,0.1402790672495053
-0.01354595098474155,0.6390594207110003,0.9893885178260688,0.9319089054699384,0.1403049751371307
-0.013669553053821556,0.6380650835299416,0.9894163090330672,0.9328505194548443,0.14033251454798348
-0.013789874495785084,0.6370098961622233,0.9894440679944044,0.9337908187464068,0.14036169924937503
-0.01390688643406364,0.6358945712042587,0.9894917003877879,0.9347298467472605,0.1403941061780029
-0.014020560786353744,0.6347198651849504,0.9888878810064707,0.935667692765024,0.1404302649599776
-0.014130870271356453,0.6334865786333013,0.9889182895147084,0.936604398525362,0.14046766363063315
-0.014237788415324946,0.6321955561460232,0.9889477557642655,0.9375399962346157,0.14050668919012638
-0.014341289558417805,0.6308476864543486,0.9889961520509158,0.9384745286181727,0.14054894421501543
-0.014441348860857602,0.6294439024892172,0.9890251819240925,0.9394080859606604,0.1405951794696898
-0.014537942308892047,0.6279851814438778,0.9890730501483298,0.9403407259694665,0.1406446489478604
-0.014631046720557218,0.6264725448329019,0.9891027859304977,0.9412725395920305,0.1406981749210498
-0.01472063975124128,0.6249070585464662,0.9891324527678304,0.9422035771091677,0.14075332202315816
-0.014806699899046946,0.623289832898716,0.9888612831207445,0.9431339178188087,0.14081917290452522
-0.014889206509951769,0.6216220226688464,0.9890700988903484,0.9440639117491717,0.1408999700540831
-0.014968139782765316,0.6199048271334867,0.9890986329210043,0.9449936717307138,0.14098190569873112
-0.015043480773880853,0.6181394900887958,0.9891168670190233,0.9459232256597296,0.1410651519364097
-0.01511521140182231,0.6163272998605962,0.9891452337771369,0.9468525958357251,0.14114956521493277
-0.015183314451583175,0.6144695893006821,0.9891941391939563,0.9477818198971594,0.14123723180508016
-0.015247773578758478,0.612567735767345,0.9890312111795679,0.9487110354318443,0.14133843646162977
-0.015308573313467128,0.6106231610879502,0.9888693161847539,0.9496406682281683,0.14146483292821752
-0.015365699064064636,0.6086373315012891,0.9888982357752916,0.9505711731978781,0.14160692778529363
-0.015419137120645014,0.6066117575772074,0.9889270930905433,0.9515026727977453,0.1417504940417871
-0.015468874658331282,0.6045479941108747,0.9889759229458207,0.9524352030109644,0.14189723569384094
-0.01551489974035311,0.6024476399888434,0.9890243859887806,0.953368858935625,0.1420496820327049
-0.015557201320911743,0.6003123380238613,0.9890719650893718,0.9543037520936233,0.14220780485056322
-0.015595769247830887,0.5981437747552039,0.9891188788229242,0.9552399931376885,0.1423715795402792
-0.015630594264993247,0.5959436802110645,0.9889545759166847,0.9561777327029272,0.14254908438803696
-0.015661668014561852,0.5937138276293651,0.9889834633797343,0.9571173541019303,0.14274260863776475
-0.015688983038985953,0.5914560331330798,0.989029826244825,0.9580589864275756,0.14293911977973206
-0.01571253278279081,0.5891721553559847,0.9888649645264079,0.95900275890507,0.14314920473207116
-0.01573231159415105,0.5868640950144985,0.988894376707379,0.9599490506912212,0.1433751752381044
-0.015748314726246705,0.5845337944210709,0.9883057718818732,0.960897977492727,0.14360207427905755
-0.01576053833840305,0.5821832369343295,0.9883368478686825,0.9618495480583295,0.1438297554610206
-0.01576897949701178,0.5798144463410004,0.9883678755875673,0.9628037787974031,0.14405868142745604
-0.015773636176235322,0.5774294861644006,0.9883998048246467,0.9637606898765277,0.14428888859920072
-0.015774507258493067,0.5750304588940689,0.9884489005408148,0.9647203086727673,0.14452190329729667
-0.015771592534729456,0.5726195051309662,0.9888029235332257,0.965682708263816,0.14475823261398651
-0.015764892704464184,0.5701988026424415,0.9887323312535855,0.9666479612234399,0.14500486637272528
-0.015754409375624334,0.5677705653210526,0.9887626454718632,0.9676164137127631,0.14526680998173497
-0.01574014506415852,0.5653370420411721,0.9887938088161746,0.9685881755576584,0.14552982010819462
-0.01572210319343305,0.5629005154072262,0.9888249193898921,0.9695632612914742,0.14579388201049115
-0.015700288093410283,0.5604633003873394,0.9888559956745961,0.9705416852129115,0.14605898949241153
-0.015674704999609466,0.5580277428261445,0.988885886457601,0.9715234615186842,0.14632514382645806
-0.01564536005185034,0.5555962178305145,0.9889157532043444,0.9725086045658662,0.14659235467945037
-0.01561226029277952,0.5531711280220817,0.9889456421697783,0.9734971286628691,0.1468606146376215
-0.015575413666180286,0.5507549016505119,0.9889754501497,0.9744890479457629,0.14712991680765797
-0.015534829015066181,0.548349990561713,0.989005386264305,0.9754843763747663,0.14740025332944062
-0.015490516079558595,0.5459588680154245,0.9890352512564349,0.9764831277740978,0.14767162131659942
-0.015442485494549373,0.5435840263469782,0.9890651363301113,0.9774853158352247,0.14794401243283528
-0.015390748787148372,0.5412279744684588,0.9890950098150454,0.9784909540973764,0.14821742364082935
-0.015335318373917035,0.5388932352050181,0.9891248756761104,0.979500055973841,0.1484918463377421
-0.015276207557888432,0.5365823424627046,0.9890561070888726,0.9805126799520528,0.14877624363467495
-0.01521343052537465,0.5342978382249159,0.9890862394143483,0.9815291498787221,0.14907489073530114
-0.015147002342562162,0.5320422693753886,0.9891362175978958,0.9825495714304375,0.1493757817291804
-0.015076938951896058,0.5298181843465933,0.9891663798510149,0.9835740018425162,0.14967956959876558
-0.015003257168253648,0.5276281295934546,0.9891901302664137,0.9846024620871536,0.14998393335638832
-0.014925974674909465,0.5254746458934738,0.989629145673987,0.9856349510061961,0.15028853920204155
-0.01484511001929078,0.5233602644756117,0.9900059081944592,0.9866714655812298,0.15059339737096258
-0.014760682608526896,0.5212875029816748,0.9900327450315227,0.9877120038099839,0.1508987246085894
-0.014672712704791098,0.5192588612654426,0.9900828318601366,0.9887565783078294,0.15120620388946637
-0.014581221420438002,0.5172768170363353,0.9901095510935545,0.9898052437798343,0.15151647255430628
-0.014486230712936681,0.5153438213561338,0.9901589393847691,0.9908580275039128,0.15182882931798383
-0.014387763379600944,0.5134622939989605,0.9902076212372234,0.9919149888290424,0.1521451914291544
-0.014285843052118151,0.5116346186865729,0.9902554245830875,0.9929761985404902,0.15246546845248557
-0.01418049419087769,0.5098631382128399,0.9903024452293365,0.9940417254648379,0.15278957113000896
-0.014071742079100504,0.5081501494731371,0.9903487163131577,0.9951116365323374,0.15311741104376048
-0.013959612816771412,0.5064978984162665,0.9903938387774461,0.996185996737931,0.15344889269083103
-0.013844133314375142,0.5049085749383188,0.9904383124481014,0.9972648689249067,0.1537839180189765
-0.013725331286437993,0.5033843077396631,0.9904578799107571,0.9983483071902386,0.15412103820554604
-0.013603235244876286,0.5019271591679498,0.9905010801327742,0.9994363234124245,0.15445952969678692
-0.013477874492153987,0.5005391200715376,0.9905237747255736,1.0005289921371936,0.15480719829758216
-0.013349279114249988,0.49922210468919714,0.9905496360787153,1.0016265648241418,0.15516551424761618
-0.013217479973437697,0.49797794560314834,0.990575477799993,1.0027291069355713,0.15552415065742486
-0.013082508700878267,0.49680838878349354,0.9906013063957171,1.0038366148745164,0.15588310155978533
-0.012944397689029165,0.49571508875289627,0.9906444149684274,1.004949089720691,0.15624332341057437
-0.012803180083870339,0.49469960390082074,0.9906700491037228,1.0060665613187307,0.15660528328338702
-0.012658889776949133,0.4937633919768609,0.9906898829045409,1.0071890338382985,0.15696732232515684
-0.012511561397246577,0.4929078057925542,0.9907154741248578,1.0083164963794278,0.1573293659934346
-0.012361230302866599,0.49213408916062357,0.9907573242313451,1.0094489469424581,0.1576925649608605
-0.012207932572550302,0.49144337309979996,0.9905317312357117,1.010586410798848,0.15805714189355208
-0.012051704997016981,0.4908366723322045,0.9902435097804708,1.0117288838035319,0.1584214731341284
-0.011892585070134925,0.4903148820988137,0.9898933699646186,1.012876350968906,0.15878555145728415
-0.011730610979922763,0.48987877531665164,0.9894820723569828,1.014028797244787,0.15914937622199735
-0.011565821599384601,0.4895290000992457,0.9895167872690476,1.0151862084562981,0.1595131168735303
-0.011398256477180837,0.48926607765938973,0.9899798833674389,1.0163485756218993,0.15987688690473698
-0.01122795582813635,0.4890904006105526,0.9900125234086281,1.0175158876525874,0.16024064040749567
-0.011054960523589535,0.48900223168030166,0.989607029352852,1.018688136163625,0.16060439958309908
-0.010879312081582973,0.4890017028459518,0.9891422419579632,1.0198653076951727,0.16096788465577486
-0.010701052656899683,0.48908881489934064,0.989151106944586,1.0210474142782238,0.1613364027111145
-0.010520225030945901,0.4892634374442121,0.9892165662713045,1.0222346253161412,0.16171309079643426
-0.010336872601483795,0.4895253093262383,0.9892808899448259,1.0234270066043398,0.16209136971164925
-0.010151039372216338,0.48987403949222896,0.9897255865191701,1.0246245748180125,0.16247041095156653
-0.009962769942226527,0.4903091082716681,0.9901009574551334,1.0258273202911539,0.16284912634601925
-0.009772109495273844,0.4908298690704029,0.9901645948202882,1.0270352295333929,0.16322819202392544
-0.009579103788950317,0.4914355504631677,0.9902270928915169,1.0282483122232273,0.16360854886833037
-0.009383799143699006,0.49212525866862417,0.9902884308899482,1.0294665825538205,0.16399007006736
-0.00918624243169732,0.4928979803879043,0.9903235074889153,1.030690049700104,0.1643721421944285
-0.008986481065607772,0.49375258598516564,0.9903585118582999,1.031918703835211,0.1647539799161047
-0.008784562987199339,0.4946878329865163,0.9904185829603969,1.0331525321606219,0.16513604054164147
-0.008580536655841601,0.4957023698718207,0.9904774970693163,1.0343915375115018,0.1655189442355992
-0.008374451036874713,0.49679474013242275,0.9905119977520842,1.0356357230648612,0.16590216260924973
-0.008166355589858032,0.4979633865666332,0.9905464285748412,1.0368850761292558,0.16628504843645053
-0.007956300256699871,0.4992066557840641,0.9905807541272108,1.0381395795419535,0.16666758056218664
-0.007744335449671927,0.5005228028894031,0.9909531996259942,1.0393992156090053,0.16704970322029528
-0.0075305120393103645,0.5019099963161061,0.9909856853429918,1.0406639659377064,0.16743149261051699
-0.007314881342207358,0.5033663227806852,0.9906069975339112,1.0419338137733003,0.16781285084060288
-0.007097495108695084,0.5048897923287385,0.9901783618553811,1.0432087382195394,0.16819363071067353
-0.006878405510426084,0.5064783434446466,0.9902179499851083,1.0444887178955171,0.16857390360701766
-0.00665766512785231,0.5081298481978639,0.9902573576364222,1.0457737340457542,0.16895378002039949
-0.0064353269376059554,0.5098421173999378,0.989770679863175,1.0470637683110038,0.16933317930230146
-0.006211444299785435,0.5116129057478297,0.9898140807186857,1.0483587998922308,0.16971207821768788
-0.005986070945149135,0.5134399169306229,0.9892982530777111,1.0496588110887983,0.17009058542172584
-0.005759260962220306,0.515320808678429,0.9893458074876202,1.0509637817186608,0.17046855982320336
-0.00553106878430617,0.51725319773403,0.989393108958903,1.0522736927281464,0.17084611120007323
-0.0053015491764340245,0.5192346647296502,0.9894402029004786,1.0535885256863833,0.17122322804985649
-0.005070757222208033,0.521262758953085,0.9894870891446588,1.0549082619504373,0.1715998981284324
-0.0048387483105893645,0.5233350029892986,0.9895337372782997,1.0562328826889789,0.17197609581432513
-0.004605578122603141,0.5254488972254234,0.9895713569307675,1.057562367430938,0.1723516976157004
-0.004371302617975171,0.5276019242089115,0.9899332290031535,1.0588966944737284,0.17272671076107243
-0.00413597802170205,0.5297915528503341,0.9899770503849634,1.0602358426433134,0.17310117944401207
-0.0038996608105572286,0.5320152424639832,0.9900206203389398,1.0615797921963306,0.17347515774765612
-0.0036624076995370675,0.5342704466410347,0.9900639614679093,1.0629285235862391,0.173848630459956
-0.0034242756282493007,0.5365546169515112,0.9901071038265847,1.064282017058185,0.1742215881923026
-0.0031853217472479715,0.5388652064726641,0.9901500237010177,1.065640252740194,0.1745940243564256
-0.002945603404317522,0.5411996731426877,0.9901834526288402,1.067003210457061,0.17496589432451895
-0.0027051781307095395,0.5435554829398296,0.9902260533120459,1.0683708689570237,0.17533717994069256
-0.0024641036273355937,0.5459301128880235,0.9902684680527614,1.0697432076947777,0.1757079175854129
-0.002222437750919324,0.5483210538911089,0.9918849307576463,1.0711202094745285,0.17607860565862446
-0.0019802385001109982,0.5507258133985322,0.9919197975110667,1.072501867111805,0.17644916408673392
-0.0017375640015682308,0.5531419179061473,0.9919449717609244,1.0738881604460582,0.17681897257996837
-0.0014944724960057553,0.5555669152963687,0.992215285321531,1.0752790652863082,0.17718803348567583
-0.0012510223242180563,0.557998377022429,0.9922814383683234,1.076674557146438,0.1775562841291222
-0.0010072719130777529,0.5604339001419568,0.9923134712612712,1.0780746092651603,0.17792363892541646
-0.0007632797615134237,0.562871109205417,0.9923778714196664,1.079479195189815,0.17829007384016224
-0.00051910442647028,0.5653076580052396,0.9924409719382372,1.0808882846594612,0.17865533645157106
-0.00027480450885662916,0.5677412311916539,0.9940022235291328,1.0823018435020744,0.17901923758447905
-3.043863948000336e-05,0.5701695457613769,0.9940262513657275,1.0837198348244967,0.17938184624809356
0.00021393453502392673,0.5725903524253911,0.9940498121598748,1.0851422284026269,0.17974350315364387
0.0004582563662663246,0.575001436862048,0.9940733655180142,1.0865689963853784,0.18010420124483478
0.0007024682181804963,0.5774006208617333,0.9945229447379909,1.0880001098609007,0.18046376402726003
0.0009465114810942507,0.5797857633692467,0.9945416486092155,1.0894355351545726,0.18082213909816625
0.0011903275857959277,0.5821547614299518,0.994569582201809,1.0908752438367817,0.18117958998009287
0.0014338580175907696,0.5845055510456431,0.9945971000101135,1.0923192077773929,0.18153602957359039
0.0016770443303441174,0.5868361079458859,0.9946505512545131,1.0937673964548393,0.18189111360985866
0.0019198281605082856,0.5891444482804511,0.9947370556911708,1.095219769188,0.18224468338086686
0.0021621512411294256,0.5914286292382498,0.9947888239582361,1.096676293004897,0.18259689171704999
0.002403955415831385,0.5936867495979715,0.9948142521727764,1.0981369250413857,0.18294740771197338
0.002645182652772946,0.5959169502154393,0.9948393334414806,1.0996016307510847,0.1832967926475074
0.0028857750585751926,0.5981174144524404,0.9948885468757778,1.101070377144343,0.18364459860269114
0.003125674892215608,0.6002863685516053,0.9949357164568589,1.1025431151068885,0.18399007568381268
0.0033648245788856688,0.6024220819616504,0.9949595484878762,1.1040197913129755,0.18433360078902256
0.003603166723808565,0.6045228676171007,0.9949831010200887,1.105500368302138,0.1846758818015462
0.003840644126013598,0.6065870821763746,0.9950279478950587,1.106984810788418,0.18501637625948913
0.0040771997920641696,0.6086131262218886,0.9952968759470089,1.1084730659134896,0.18535462015659673
0.004312776949735927,0.6105994444256411,0.9953383367131333,1.1099650869825344,0.18569076231922044
0.004547319061641892,0.6125445256835125,0.995360385939164,1.1114608176603238,0.18602465833420873
0.004780769838800997,0.6144469032213197,0.9953991990457225,1.1129602144997566,0.18635655762587103
0.005013073254147369,0.6163051546754751,0.9954362228618296,1.1144632162944434,0.1866853746768065
0.005244173555976399,0.6181179021508952,0.9954490702205073,1.1159697575658585,0.18701188649041198
0.005474015281325004,0.619883812258654,0.995483374364608,1.117479797805013,0.18733647867749798
0.00570254326928237,0.621601596135661,0.9956527396362956,1.1189932756026728,0.18765824509690035
0.005929702674228368,0.6232700094485283,0.9958181214078934,1.1205101377668505,0.18797794669111353
0.006155438978996225,0.6248878523835993,0.9958375039310939,1.1220303372000762,0.18829580107001057
0.006379698007956351,0.6264539696249776,0.995865586913566,1.1235538309789073,0.18861132749059803
0.006602425940018315,0.6279672503222674,0.9958912719498023,1.1250805488146178,0.18892321388421762
0.006823569321547534,0.6294266280495779,0.9959147692648836,1.1266104100783612,0.18923129896062382
0.007043075079193974,0.6308310807572488,0.9959358713614161,1.1281433310549163,0.1895354435400291
0.007260890532629488,0.6321796307176283,0.9959533289091992,1.1296792305669587,0.18983651313153949
0.007476963407190803,0.6334713444661055,0.9959651402888571,1.1312180613798348,0.19013614650636537
0.007691241846425211,0.6347053327385522,0.9959132569810614,1.1327597928352764,0.19043462906199776
0.007903674424535857,0.6358807504061598,0.9959315673194739,1.1343043949818534,0.1907317542465955
0.008114210158723767,0.636996796408638,0.9959492325737251,1.1358518310999939,0.1910272333159008
0.008322798521423284,0.6380527136866158,0.9959666372964778,1.137402062680599,0.1913210676544487
0.008529389452428633,0.6390477891140248,0.9959838281329387,1.1389550512493145,0.19161325512848615
0.008733933370908099,0.6399813534311708,0.9960013061562373,1.1405107582857852,0.19190377914118856
0.008936381187303033,0.6408527811791395,0.9958533892539128,1.1420691456986203,0.19219279784411938
0.009136684315109344,0.6416614906361042,0.9958723201203303,1.1436301810456038,0.1924804200778006
0.009334794682537811,0.6424069437560671,0.9958841521815804,1.1451938282970127,0.1927665661640225
0.009530664744051266,0.6430886461104994,0.99591094018193,1.1467600504373505,0.19305022660049834
0.009724247491775105,0.6437061468332899,0.9959290353458797,1.1483287710592538,0.19333046568511225
0.00991549646677914,0.6442590385694023,0.99568316317838,1.1498999401224634,0.19360916430376557
0.010104365770227393,0.6447469574275285,0.995703164680167,1.1514735250156107,0.19388641722787459
0.010290810074393666,0.6451695829370727,0.9957229677300709,1.153049487725427,0.19416190388169546
0.010474784633539909,0.6455266380096868,0.9957424609009545,1.1546277882446965,0.19443562383257526
0.01065624529465506,0.6458178889055959,0.9958056439522227,1.1562083875930722,0.194707790657648
0.010835148508051487,0.6460431452048798,0.9958282858798673,1.1577912540145696,0.19497866181019904
0.011011451337816674,0.6462022597838812,0.9958461509604848,1.1593763563093502,0.1952480784381907
0.011185111472117879,0.6462951287968471,0.9958638018398339,1.1609636566505857,0.1955157069231608
0.011356087233356441,0.6463216916629142,0.9958812480308208,1.1625531148383448,0.1957815373410094
0.011524337588170334,0.6462819310584821,0.995898517749212,1.1641446904637456,0.1960455559736685
0.011689822157282065,0.6461758729150356,0.9959157928291049,1.1657383431069273,0.19630776042361472
0.01185250122518944,0.6460035864224085,0.9959328796927107,1.1673340322383947,0.19656813916011592
0.012012335749696991,0.6457651840374855,0.9959498034640326,1.1689317172187765,0.19682668255646857
0.012169287371286135,0.6454608214982844,0.9959665813112212,1.170531357262778,0.19708337876670473
0.012323318422320994,0.6450906978433695,0.9959817024079132,1.1721329129056375,0.1973384896387569
0.012474391936088826,0.6446550554364685,0.9960014119421384,1.1737363457407142,0.197590802673211
0.012622471655671388,0.6441541799961947,0.9959814665276733,1.1753415719757014,0.19783949482578725
0.01276752204264688,0.6435884006306901,0.9959221896402793,1.1769485477222117,0.19808697638017395
0.012909508285618682,0.6429580898770088,0.9959974200132502,1.1785572401748923,0.19833221230222328
0.013048396308570003,0.6422636637450263,0.9960136148389976,1.1801675837515253,0.1985743765163474
0.013184152779042061,0.6415055817655939,0.9960296326992054,1.1817795291465856,0.19881462271107952
0.013316745116133556,0.6406843470426573,0.9960454718589554,1.1833930347524406,0.19905294498628653
0.013446141498320095,0.6398005063089907,0.9961153477276287,1.185008054902352,0.19928851152922508
0.013572310871091104,0.6388546499851712,0.9960398851826727,1.1866245201476446,0.19952116562035244
0.013695222954402701,0.6378474122413629,0.9961012512170271,1.1882423860593483,0.19975142375824653
0.013814848249944932,0.6367794710614245,0.9961131229783162,1.1898615842272073,0.19997869129016466
0.013931158048221079,0.6356515483088252,0.9961291351649424,1.1914820744492514,0.20020444855873898
0.014044124435437861,0.6344644097937571,0.996182168621189,1.1931038131865561,0.20042729508125487
0.014153720300204616,0.633218865340808,0.9961978135782658,1.1947267254732905,0.20064674070254937
0.014259919340039834,0.6319157688564695,0.9961024748549687,1.196350761397593,0.20086450863642152
0.014362696067683797,0.6305560183956797,0.9961066050488815,1.1979758819848536,0.20107918159620616
0.014462025817215212,0.6291405562265431,0.9961221179321976,1.1996019932692488,0.20128949226162746
0.014557884749970964,0.6276703688922664,0.9961230007490984,1.2012290294566341,0.20149617440125311
0.01465024986026733,0.6261464872692659,0.9961355654294077,1.2028568931821002,0.20169870768388806
0.01473909898092127,0.6245699866203112,0.9961336510478623,1.2044855288898964,0.201898032003565
0.014824410788570247,0.6229419866414612,0.996148465249149,1.2061148392942524,0.20209279940834957
0.01490616480878998,0.6212636515014366,0.9961631029143418,1.2077447650229352,0.20228548812881103
0.014984341421008027,0.6195361898719657,0.9961769708114656,1.209375263292563,0.2024761006863075
0.015058921863212725,0.6177608549475034,0.9961906736233653,1.2110062916264974,0.20266464778157253
0.015129888236455958,0.6159389444526019,0.996080199969456,1.2126378093508037,0.20285146631565443
0.01519722350914883,0.6140718006350603,0.9960950491737205,1.2142697860509362,0.20303671878747334
0.015260911521149029,0.6121608102428425,0.9960863675093797,1.2159021737030862,0.20321812435673328
0.015320936987639526,0.6102074044825875,0.9960998933075618,1.2175348681658424,0.20339478793000818
0.015377285502796363,0.608213058957371,0.9961139569396874,1.2191678092054414,0.20356934244555913
0.015429943543246408,0.6061792935812138,0.9961279650461553,1.2208009540109885,0.20374177175266267
0.015478898471312806,0.6041076724676354,0.9961151634689235,1.2224342505838786,0.2039102535531494
0.015524138538047747,0.6019998037893831,0.9960995362173575,1.2240675828113898,0.20407199638909992
0.015565652886052399,0.5998573396062375,0.9961116320391359,1.2257008250192574,0.20422883323405994
0.015603431552082521,0.5976819756576339,0.9961235582071675,1.2273339163272026,0.2043835412363214
0.01563746546943958,0.5954754511165896,0.9961362612164175,1.2289668143847967,0.2045361010453102
0.015667746470146834,0.5932395483012428,0.9960075408016372,1.2305994783412435,0.20468688296124754
0.0156942672869094,0.5909760923400604,0.9959856405514091,1.2322318695091203,0.20483418357026653
0.015717021554858622,0.588686950786582,0.9956938607855441,1.2338638841772098,0.20497680330948223
0.015736003813079373,0.586374033179305,0.9953101863002769,1.2354954747624889,0.20511813799581205
0.015751209505920887,0.5840392905421325,0.9948353359998016,1.237126616492426,0.20525819275336094
0.015762634984089748,0.5816847148205415,0.9942701149939558,1.2387572847685189,0.20539697412366215
0.015770277505526082,0.5793123382484486,0.9942939311867975,1.2403874533621522,0.20553412933978893
0.01577413523606149,0.5769242326405102,0.9942870025760395,1.242017073669646,0.20566715303278438
0.015774207249859097,0.5745225086044095,0.9943100481509008,1.243646035054157,0.20579507315587897
0.015770493529636,0.5721093146674955,0.9943328556365375,1.2452742759265978,0.20592082448430482
0.01576299496666717,0.5696868363119554,0.9943223963556709,1.2469017443903774,0.20604239563760118
0.015751713360571705,0.5672572949125692,0.9943457815889336,1.2485283299897316,0.20615914556556553
0.01573665141888096,0.5648229465709567,0.9943693921960909,1.2501539842063498,0.20627428146184737
0.01571781275638867,0.562386080840153,0.9942092395861314,1.251778659338161,0.20638534328701572
0.01569520189428338,0.5599490193332662,0.9940440730530196,1.2534022384007204,0.20648946939072638
0.015668824259063397,0.5575141142099826,0.9938744174419373,1.2550245833145492,0.20658649166526538
0.01563868618123463,0.5550837465346923,0.993900027458337,1.256645563236504,0.2066782982036145
0.01560479489379108,0.5526603245001122,0.9939102331667998,1.258265118610929,0.20676830495857101
0.015567158530479033,0.5502462815104194,0.9938942461458445,1.2598832120909882,0.20685460742095504
0.015525786123844998,0.5478440741181245,0.9939194186695126,1.2614997324431874,0.2069355091001644
0.015480687603068066,0.5454561798091844,0.9938999806143891,1.2631146064380303,0.20701205082415775
0.015431873791576638,0.543085094631251,0.9937283684881448,1.2647277075452381,0.20708100290197778
0.015379356404451204,0.5407333306603738,0.9935550324204077,1.2663388869016587,0.20714230170400197
0.015323148045612568,0.538403413302031,0.9935811941187987,1.267948006090734,0.20719810519577603
