x_mean,x_rms,order_parameter,residue_mean,mismatch_mean
0.0009409857487084796,0.4811609400961333,0.006935626290108752,9.95467486439498e-06,0.0009961344601364381
0.0013052648890696837,0.48116506803088055,0.006985676772830632,3.979238001162275e-05,0.0019922825649654322
0.0016692307721229806,0.4812755125009861,0.007036598265973891,8.947364348105589e-05,0.0029884426894346235
0.002032796047803503,0.48149209438758495,0.007084840100862881,0.00015895905464428855,0.003984614968785685
0.002395873462190316,0.4818144628441948,0.007132829963859423,0.0002482092901196523,0.004980798793723397
0.0027583758784467806,0.4822420966518418,0.0071784862448179936,0.0003571850665930653,0.005976992801629441
0.003120216297733073,0.482774306222616,0.007228691167284815,0.00048584719785912055,0.006973198249797682
0.003481307880085483,0.4834102362327941,0.007315694454887583,0.000634156561625587,0.007969414026580178
0.003841563965257552,0.4841488688610033,0.007404650194155603,0.0008020741017274101,0.00896563869629301
0.00420089809351813,0.4849890276016013,0.007706890787702711,0.000989560403841562,0.009961793282880526
0.004559224026401319,0.4859293816187323,0.007812788569012531,0.0011965738443901028,0.01095784101180455
0.004916455767403253,0.4869684506023077,0.00787722049408279,0.001423074706829531,0.01195388671095297
0.005272507582620858,0.4881046100836211,0.007943629166051663,0.0016690240656497754,0.012949937044054696
0.005627294021327634,0.48933609716543225,0.008076498899005875,0.0019343831185549376,0.013945985882294554
0.005980729936481312,0.49066101661912614,0.008149573248873925,0.0022191130237149176,0.014942033376477853
0.006332730505158805,0.4920773473000975,0.008289813008055464,0.002523175070655981,0.015938079424594215
0.00668321124891333,0.49358294883165754,0.012895237996832981,0.0028465564767899626,0.016939280717996448
0.007032088054048723,0.49517556850763544,0.013031850884697735,0.0031893988484142455,0.017948240663100565
0.007379277191806468,0.49685284836431626,0.013201062474448454,0.0035517159509172898,0.01895726487060239
0.007724695338460062,0.498612332373411,0.013335922113814088,0.003933469877375896,0.019966332003816936
0.008068259595312368,0.5004514737093542,0.013522099797332095,0.004334622772035162,0.020975451862010032
0.008409887508590943,0.502367642046259,0.013710489444323962,0.004755136729051373,0.021984602986060454
0.008749497089236452,0.5043581308423217,0.013839937546205385,0.005194973683859434,0.022993791792608863
0.00908700683257977,0.5064201645722343,0.013981590316923665,0.005654095931386325,0.02400302889958758
0.009422335737902543,0.5085509058712117,0.014111536191080827,0.006132465898294157,0.025012315323859106
0.0097554033278772,0.5107474625574612,0.014237498736632067,0.006630046285819093,0.026021662817302452
0.010086129667880903,0.5130068945032821,0.014371258357609851,0.007146799570212649,0.027031037897799037
0.010414435385179626,0.5153262203284003,0.014547278926323855,0.007682688090538495,0.028040453342699456
0.010740241687977112,0.5177024238925724,0.01472415637817587,0.008237674395359912,0.029049900806101814
0.011063470384324647,0.5201324605678765,0.029655279495282037,0.00881174595978821,0.030064367080700597
0.011384043900886669,0.5226132632744098,0.02986135021870687,0.009405039470487438,0.03108635966951002
0.011701885301558015,0.5251417482662695,0.04551892651613564,0.010017592470234007,0.03211332561887801
0.01201691830592821,0.5277148206577316,0.045806638710851354,0.010649538473378413,0.033147683240103865
0.012329067307588471,0.530329379682345,0.04608749521593769,0.011300889454678534,0.03418215488395691
0.012638257392276695,0.5329823236803141,0.04637104634945305,0.011971608838550403,0.03521673661048805
0.0129444143558568,0.5356705548119453,0.06204262237946655,0.012661684441447435,0.036256224479124126
0.013247464722127138,0.5383909834971213,0.0775082679994389,0.01337126945261155,0.037307524676621566
0.013547335760454422,0.5411405325827483,0.07794387991141222,0.014100533601842186,0.038365786017386674
0.013843955503228991,0.5439161412418481,0.07838300709138818,0.014849486865231151,0.039424249334558736
0.014137252763136363,0.5467147686095061,0.07853284345227367,0.015618093097308366,0.04048279167206567
0.014427157150242073,0.5495333971621641,0.0786785499489982,0.0164063127274161,0.04154127316397942
0.014713599088884763,0.5523690358478893,0.07910866978223499,0.01721410588958009,0.042599789840941316
0.0149965098343742,0.555218722976129,0.07954047887101584,0.018041435821686942,0.04365846505448599
0.015275821489489428,0.5580795288762156,0.07997140081974279,0.018888266662984307,0.04471729023463576
0.01555146702077399,0.5609485583344447,0.0804048611522765,0.019754562269787886,0.04577626245207175
0.015823380274623575,0.5638229528199624,0.08084276087117016,0.02064028675960922,0.04683536674053072
0.016091495993162445,0.5666998925099872,0.08113623363567948,0.021545403264476754,0.04789454434264456
0.016355749829905133,0.5695765981250467,0.0814272474454729,0.022469874476473712,0.04895379597023804
0.01661607836519941,0.572450332584953,0.08188011533072295,0.02341366333976967,0.05001315936208183
0.016872419121446325,0.5753184024962014,0.08233604027099206,0.02437673391128844,0.05107264227782872
0.017124710578094938,0.5781781594813592,0.08280916455895637,0.025359050143888836,0.052132258339284344
0.01737289218640663,0.5810270013607932,0.08326486155789527,0.02636057562786217,0.05319196195172163
0.017616904383986696,0.583862373196859,0.08345247657523015,0.02738127386376691,0.05425171123941041
0.017856688609079144,0.5866817682103525,0.08394085144680527,0.028421106073061673,0.055311449396421186
0.018092187314620877,0.589482728578688,0.08443554247367356,0.029480035039951533,0.0563712594548631
0.018323343982053052,0.5922628461249166,0.08494208806471387,0.030558023781701124,0.05743111743648424
0.01855010313488505,0.5950197629062647,0.08542632071576335,0.03165503544656814,0.05849108194488892
0.01877241035200866,0.5977511717105244,0.08593633573234649,0.03277103507267204,0.059551190363438325
0.018990212280758915,0.6004548164681429,0.08645019142155655,0.033905986391201653,0.060611339367195066
0.019203456649718436,0.6031284925875018,0.08694442349029882,0.035059852337794704,0.06167156531945286
0.019412092281262262,0.6057700472204044,0.0874717163892685,0.036232597852896446,0.06273193878363893
0.019616069103840287,0.6083773794644064,0.08799598649447289,0.037424187194845776,0.06379237902085753
0.019815338163994292,0.6109484405081886,0.08854549230287845,0.038634583822984,0.06485285955604884
0.0200098516381063,0.613481233725799,0.0890551387334771,0.039863750777906576,0.06591337529241882
0.020199562843876303,0.6159738147251735,0.08957069548648783,0.04111165167027936,0.06697396709816625
0.02038442625152547,0.6184242913559895,0.09011706298840859,0.042378250567813906,0.0680346141953285
0.0205643974947234,0.6208308236815383,0.09038502868288877,0.04366351042680348,0.06909522208501531
0.02073943338123562,0.6231916239189534,0.09097204413953087,0.044967392357104875,0.07015576828119804
0.02090949190328956,0.6255049563518196,0.09151285110490441,0.04628985919590248,0.07121634145383193
0.021074532247656323,0.6277691372188523,0.09172877040772111,0.04763087370113987,0.07227686161233471
0.021234514805445307,0.6299825345820681,0.09232802062470868,0.04899039708032144,0.07333730167903994
0.021389401181610753,0.632143568177561,0.09294995456529782,0.05036839135690998,0.07439770593493251
0.021539154204165873,0.6342507092517711,0.09352265234002491,0.05176481927534707,0.07545810651984389
0.021683737933103953,0.6363024803858487,0.10784331176628587,0.053179663932411,0.07652253568134054
0.021823117669024235,0.6382974553105376,0.10851318638984467,0.05461303005065671,0.07759304626432116
0.021957259961459006,0.6402342587137265,0.10888585714328732,0.05606492114660352,0.07866355052206281
0.02208613261690208,0.6421115660426835,0.12293445388713087,0.05753531920842504,0.07973793796122307
0.022209704706534824,0.6439281033027514,0.12363526141002312,0.05902432376186527,0.08081817604644456
0.022327946573648765,0.6456826468541527,0.12435155523186,0.060531936018133586,0.08189837309261966
0.022440829840763427,0.647374023208359,0.12506225584751557,0.0620581178835778,0.08297850860372931
0.02254832741643665,0.6490011088253701,0.1255063377401962,0.06360283025223593,0.08405849876819839
0.02265041350176614,0.6505628299130901,0.12620006041588266,0.06516603306762259,0.08513836261899002
0.02274706359658152,0.6520581622298709,0.1269611117978019,0.06674768709842452,0.08621809970074208
0.02283825450532398,0.6534861308911931,0.12767502899739225,0.06834775323246398,0.08729775729638181
0.022923964342613113,0.6548458101813388,0.14107033966546662,0.06996621190807627,0.08838105178092286
0.023004172538499516,0.6561363233708216,0.1418708291022266,0.07160315422516383,0.0894698006557228
0.0230788598434011,0.6573568425402629,0.15536653110563794,0.07325859517526029,0.09056187669284134
0.023148008332723145,0.6585065884113104,0.15619835639812493,0.0749326157798075,0.09165898690990586
0.023211601411160247,0.6595848301851394,0.1567910565201767,0.07662521067880106,0.09275598408972865
0.023269623816678877,0.6605908853890137,0.1576365123661842,0.07833634058351768,0.09385285115237112
0.023322061624180056,0.6615241197313119,0.1584896523763252,0.08006596552662967,0.09494954802298132
0.0233689022488418,0.6623839469653925,0.15934998219855787,0.08181404446041282,0.09604602363021483
0.02341013444913902,0.6631698287626145,0.16022041428987732,0.0835805359640367,0.09714225698881251
0.02344574832954158,0.6638812745947885,0.16110887794651735,0.08536539860408167,0.09823828019745541
0.023475735342889208,0.664517841626301,0.16200414849558903,0.0871685914346458,0.09933407504162627
0.023500088292442493,0.6650791346161209,0.16291095035619482,0.08899007235378292,0.10042954941528479
0.023518801333610537,0.6655648058298633,0.16383410071150345,0.09082979867049333,0.10152474800221982
0.023531869975353344,0.6659745549620624,0.1647563995365204,0.09268772847162753,0.10261965664843767
0.023539291081259506,0.666308129068777,0.1656221293237926,0.09456381958317751,0.10371428581108642
0.023541062870299286,0.6665653225106452,0.16650453598090073,0.09645803085236031,0.10480876047995748
0.02353718491725178,0.666745976906456,0.16745873057875527,0.09837032413436872,0.10590307062856884
0.023527658152807128,0.666849981097322,0.16835034132244744,0.10030065872949386,0.10699723189560723
0.02351248486334315,0.6668772711214928,0.16931585076773947,0.10224899718863938,0.10809124564776385
0.023491668690376378,0.6668278301998511,0.17027528529885577,0.10421529790698628,0.10918493074374595
0.02346521462968845,0.6667016887321006,0.17065578367170717,0.10619951786068114,0.11027819466908254
0.02343312903012692,0.6664989243036696,0.17102337331200654,0.1082016123860494,0.11137103278013227
0.023395419592081697,0.6662196617032957,0.1719488652586952,0.11022153767457799,0.11246346949017708
0.023352095365636948,0.6658640729512962,0.17273316997972432,0.11225925046598302,0.11355559729289656
0.023303166748398822,0.665432377338456,0.17371859538894052,0.11431471016285967,0.11464743173498686
0.023248645483000974,0.6649248414755016,0.17464452865781518,0.1163878744106821,0.11573899699678505
0.02318854465428511,0.6643417793530737,0.17569755098422252,0.11847870467537201,0.11683033728730345
0.023122878686161714,0.663683552412115,0.17653312419023157,0.12058715753171184,0.11792122883476551
0.023051663338147843,0.6629505696245598,0.17752261484457818,0.12271319038572359,0.11901173376601652
0.02297491570158523,0.6621432875841892,0.1786235547542929,0.12485675818125057,0.12010169649206452
0.02289265419553829,0.6612622106074963,0.1794917246060155,0.12701781579933655,0.12119123581814259
0.0228048985623736,0.6603078908443827,0.18061262610481313,0.12919632181472082,0.12228042616839568
0.022711669863021776,0.6592809283984469,0.18097812138522895,0.1313922314683937,0.12336902914160736
0.022612990471923267,0.6581819714566453,0.18208749106751174,0.13360549713975406,0.12445695433166275
0.022508884071658235,0.6570117164280105,0.18322826911683265,0.1358360719626057,0.12554434208856582
0.02239937564726295,0.6557709080911065,0.18435813169788928,0.13808391048608656,0.1266311569834987
0.02228449148023368,0.6544603397498431,0.18554780744356816,0.1403489664149809,0.12771735493633762
0.022164259142218968,0.6530808533972136,0.18651182489310505,0.14263119249277934,0.12880298411094135
0.022038707488402955,0.6516333398864658,0.1877261639434983,0.14493054553692847,0.12988812372211875
0.02190786665057969,0.6501187391091554,0.18895301994795302,0.14724697814411994,0.13097251637239624
0.021771768029922263,0.6485380401794469,0.19020561582194653,0.1495804413011359,0.13205616854804134
0.021630444289446334,0.6468922816239714,0.19137673162903163,0.1519308858466142,0.13313901762766445
0.021483929346171285,0.6451825515764243,0.19266080059414767,0.1542982610337755,0.13422106586930907
0.021332258362980173,0.6434099879760489,0.19393235413784873,0.15668251861352195,0.1353023966778347
0.021175467740180906,0.6415757787689722,0.19524298418330538,0.15908360950263817,0.13638292707673993
0.02101359510677033,0.6396811621113235,0.1963101542556242,0.16150148495983235,0.13746286984234815
0.020846679311403462,0.6377274265728781,0.19760432025396046,0.16393610338595524,0.13854235793209999
0.02067476041306994,0.6357159113398664,0.19885633964064728,0.16638741680370264,0.13962092011430224
0.020497879671480167,0.6336480064154312,0.20022851351210708,0.16885537130635372,0.14069840317905227
0.020316079537162954,0.6315251528160504,0.201561317413789,0.1713399131284841,0.14177492037139916
0.020129403641278038,0.6293488427620794,0.20285757282215203,0.17384098969792022,0.14285039715421488
0.019937896785144186,0.6271206198603692,0.20404131787907054,0.17635854763729716,0.14392508801902026
0.019741604929487736,0.6248420792767149,0.20522651042976475,0.17889254414614097,0.1449994009752581
0.019540575183411638,0.6225148678956846,0.20658288300353386,0.18144293675645626,0.14607296517873436
0.01933485579309011,0.620140684465121,0.2079654017389575,0.18400967163020335,0.14714539392863696
0.019124496130189343,0.6177212797223899,0.20918871428140742,0.18659269636924328,0.14821704462573293
0.01890954668001859,0.6152584564991479,0.21034266237852006,0.1891919678700699,0.14928831017427835
0.018690059029414167,0.6127540698011613,0.21174045773289032,0.19180744384638068,0.15035876880806948
0.01846608585435851,0.6102100268593625,0.21325975959819168,0.1944390688869321,0.15142798118993026
0.018237680907338683,0.6076282871480526,0.21468288776781647,0.1970867866652805,0.15249591731948148
0.018004899004445487,0.6050108623658036,0.21611948467348363,0.19975053745062005,0.15356242680432355
0.017767796012218236,0.6023598163742738,0.2175750880769271,0.20243026044212983,0.1546275362299267
0.01752642883423697,0.5996772650897794,0.21911141060046233,0.20512589770432227,0.15569133203925123
0.017280855397465676,0.5969653763220889,0.22059067304653543,0.20783738831474194,0.15675358132986342
0.017031134638350508,0.594226369554515,0.2222162132663935,0.21056467037210225,0.15781439602145675
0.016777326488674905,0.5914625156589816,0.2237250865760783,0.21330768453681007,0.15887378604824676
0.016519491861176464,0.5886761365393074,0.22535273706994516,0.21606636876104035,0.15993151920112897
0.01625769263492811,0.5858696046955634,0.2270276031884081,0.21884065780177772,0.1609876498672107
0.01599199164048747,0.5830453427019083,0.22857270890521633,0.22163049011679312,0.162042267582489
0.0157224526448178,0.5802058225899132,0.2301301950256972,0.2244358065362929,0.16309558227155366
0.01544914033598419,0.5773535651289391,0.23684305994264532,0.22725655962190575,0.164149512030594
0.015172120307628913,0.5744911389947654,0.24431974527627706,0.23009276789478467,0.16520667031345868
0.014891459043228864,0.5716211598172475,0.2459528408091831,0.23294444979270404,0.16626465891344921
0.014607223900140381,0.5687462890974464,0.2476155075898372,0.2358115516694941,0.1673205751269142
0.014319483093433429,0.5658692329843132,0.249352982766273,0.2386940020576918,0.1683745496206547
0.014028305679520334,0.5629927409007683,0.25095687783620657,0.24159173724824012,0.1694272803709739
0.013733761539582771,0.5601196040087171,0.25256121388923436,0.24450470945950933,0.1704793000324468
0.0134359213628005,0.557252653502428,0.25431144420270657,0.24743287026188476,0.1715299353906584
0.013134856629386165,0.5543947587195466,0.2561266036919958,0.25037614953144094,0.17257839206323233
0.01283063959343071,0.5515488250590365,0.2579609506893487,0.25333447703326456,0.1736249072669121
0.01252334326556243,0.5487177916953901,0.2629315755818937,0.2563077929742692,0.174671327995847
0.01221304139542489,0.5459046290786624,0.26476224552942096,0.25929609346698745,0.1757185982341486
0.011899808453977482,0.5431123362101915,0.2665725911011515,0.26229932791785926,0.17676386887798476
0.011583719615622512,0.540343937684329,0.2683972756294364,0.2653174263953881,0.17780714695692496
0.011264850740163944,0.537602480487119,0.27028685244197176,0.26835031949412463,0.17884840584192108
0.010943278354601226,0.5348910305436426,0.27212421373912,0.2713979344801378,0.17988725875688863
0.01061907963476333,0.5322126690067214,0.2740471179618146,0.2744601903130525,0.1809236122081064
0.01029233238678677,0.5295704882808169,0.2759273121509865,0.27753701273862147,0.18195781407395872
0.009963115028442618,0.5269675877763614,0.27782133999574055,0.2806283287636604,0.18298979656241388
0.00963150657031654,0.5244070693913,0.2797995119189379,0.28373406619231345,0.18401964297166556
0.009297586596846808,0.5218920327184667,0.2818012990785668,0.28685415196098857,0.1850471934805082
0.008961435247224024,0.5194255699794298,0.28373318657173463,0.28998851048593227,0.1860723923845012
0.008623133196158575,0.5170107606877022,0.2852904526831933,0.29313706999739014,0.18709580391004213
0.008282761634518859,0.5146506660466915,0.28685632071512673,0.29629977442941713,0.188118013451537
0.007940402249845734,0.5123483230904595,0.28877997742505274,0.2994765726131592,0.189139152324368
0.0075961372067481735,0.5101067385782379,0.29086082361952076,0.30266741319675156,0.19015874050402412
0.007250049127183987,0.5079288826567193,0.29445058146016667,0.30587223208435693,0.19117724488595095
0.006902221070630967,0.5058176823073437,0.29885774545894184,0.3090910072236417,0.19219664214990687
0.006552736514153061,0.5037760145991347,0.30085902046509816,0.3123237169817521,0.19321506168064367
0.0062016793323662195,0.5018066997710385,0.3029209778412118,0.31557028338188414,0.1942303873290113
0.005849133777308885,0.49991249417115213,0.3049725044927353,0.31883062101722887,0.19524266653038927
0.0054951844582220325,0.4980960830836259,0.3070951535169555,0.3221046348083679,0.19625163728011621
0.00513991632124324,0.4963600734773666,0.3092272669139528,0.3253922389546296,0.1972578332135069
0.004783414629020028,0.4947069867138333,0.31195498850193554,0.32869335568739527,0.198262417004864
0.004425764940247198,0.4931392512541939,0.31405990162991204,0.33200794534310163,0.19926605736839703
0.004067053089133292,0.49165919540880443,0.3161775807606855,0.33533593634360287,0.20026681239294686
0.0037073651648007037,0.49026904017429906,0.31871034856348085,0.3386772499297643,0.20126580732888283
0.0033467874906246997,0.48897089220552997,0.3208655708651098,0.3420318405197106,0.20226349558543
0.002985406603516246,0.48776673697099626,0.3230624041208311,0.34539963834704934,0.203259417790035
0.002623309233153544,0.48665843214133714,0.32520349703701307,0.34878060004990763,0.20425411556090994
0.0022605822811673382,0.48564770126074325,0.3265529475420303,0.35217465568678297,0.20524691815591087
0.0018973128002849392,0.4847361277507997,0.3285214094213542,0.35558176417870396,0.20623944988766932
0.0015335879734380182,0.48392514929528296,0.33102310574403715,0.3590018900631448,0.20723124983231014
0.001169495092839059,0.48321605265271317,0.33310067752123784,0.3624349829771517,0.20822105562964283
0.0008051215390316963,0.48260996894108227,0.3351900868691763,0.36588095991497077,0.20920755276504022
0.0004405547599197568,0.4821078694360792,0.3372476550497418,0.3693397284471003,0.21019069566273518
7.588224978025249e-05,0.481710561920429,0.3391999157353892,0.37281119163058646,0.21116973411890855
-0.0002888084717348518,0.48141868761756335,0.34117824945859493,0.3762952336888564,0.21214415506975584
-0.0006534298806030363,0.4812327187379746,0.3431727508920132,0.37979173549304773,0.2131137619310233
-0.0010178944694363768,0.48115295666118363,0.3451878165163546,0.3833005758739794,0.21407853164750898
-0.0013821147684830826,0.4811795307704754,0.34708485325207017,0.3868216383476227,0.21503956212432934
-0.0017460033666196926,0.48131239795146746,0.34916573246831556,0.3903548414884173,0.21599738466814924
-0.0021094729323294014,0.4815513427592783,0.34865775397320536,0.39390007983665004,0.21695178663387502
-0.0024724362346611527,0.48189597825271535,0.35078237847413796,0.39745728950437115,0.21790420228181917
-0.0028348061641646893,0.48234574748753306,0.3529203050268946,0.4010263848774796,0.21885302292826492
-0.0031964957537963584,0.48289992565463685,0.35284354303538873,0.40460727588626594,0.21979920199085043
-0.0035574181997908463,0.4835576228431399,0.35253374080756145,0.40819990369693965,0.22074404776362355
-0.003917486882493612,0.48431778740257914,0.35354280587326864,0.41180421660519867,0.22168727360841423
-0.004276615387149182,0.485179209873446,0.35509091176363755,0.41542015253096126,0.22262835556672267
-0.00463471752464035,0.4861405274505319,0.3532451785640399,0.4190476491886512,0.22356798459724367
-0.004991707352173076,0.48720022893955367,0.35579902350278425,0.4226866619340685,0.2245063359870965
-0.00534749919390236,0.4883566601640943,0.3579986168346163,0.42633712766318094,0.22544186139595382
-0.005702007661494072,0.4896080297771662,0.36023964405991643,0.4299989509109751,0.22637328848394778
-0.006055147674617667,0.4909524154296449,0.3621228917979166,0.4336720241215723,0.22730002583278291
-0.006406834481365187,0.49238777024648417,0.36472400802703864,0.43735622362892745,0.22822235548535988
-0.006756983678591132,0.4939119295609197,0.36731658823220087,0.44105146801263667,0.22914247132410584
-0.007105511232168976,0.4955226178568965,0.36925235169906034,0.4447576845555122,0.23005898947994885
-0.007452333497158835,0.4972174558705262,0.3712090869493809,0.4484747494555988,0.2309696380373187
-0.007797367237881943,0.4989939678025756,0.37356698818262296,0.4522025277820829,0.23187510899648134
-0.008140529647896765,0.5008495885956629,0.37559216243042254,0.4559409021330768,0.23277548616945795
-0.008481738369872118,0.5027816712319879,0.37798136820751477,0.45968973731873514,0.23367030705279973
-0.008820911515352602,0.5047874940099527,0.3800488824013017,0.463448914311686,0.23456009520673488
-0.00915796768441143,0.5068642677608384,0.38212845470450796,0.46721829634469375,0.23544363910200594
-0.009492825985185926,0.5090091429698288,0.3845722463303668,0.47099773889984453,0.23632139476105551
-0.009825406053291286,0.5112192167688985,0.38703255804234554,0.474787122918169,0.23719466763485597
-0.010155628071107637,0.5134915397724732,0.3895086922764877,0.4785863376176814,0.23806329906416426
-0.010483412786935839,0.5158231227301949,0.39198856410112637,0.4823952703488544,0.23892726739667192
-0.010808681534017477,0.5182109429745432,0.3941163580857496,0.4862138097670031,0.23978715148911783
-0.011131356249414663,0.5206519506444387,0.3963055885153272,0.4900418664727477,0.2406428654138368
-0.011451359492744563,0.5231430746692154,0.3985140163070311,0.49387930522275386,0.2414919061958627
-0.011768614464764878,0.5256812285005185,0.40126316681772156,0.49772598260255096,0.2423359557755795
-0.012083045025805204,0.5282633155826133,0.40349165882576377,0.5015818041264082,0.24317574184833282
-0.01239457571404018,0.5308862345544432,0.40607152412308756,0.5054466353717888,0.24400931196101616
-0.012703131763600094,0.533546884179293,0.4082313299697189,0.5093203539373755,0.24483885119243565
-0.013008639122514142,0.5362421680003446,0.4108230540370053,0.5132028759546289,0.24566480050359163
-0.013311024470482708,0.5389689987225147,0.41344338387119944,0.5170940928249281,0.24648568533871
-0.01361021523647375,0.5417243023228978,0.41601956080466096,0.5209938849317092,0.24730146252597948
-0.013906139616139674,0.5445050218938402,0.41248773914697795,0.5249021367364687,0.24811277974851537
-0.014198726589049762,0.5473081212241302,0.41512007963953135,0.5288187538210862,0.24892012668983132
-0.014487905935735053,0.5501305881250695,0.41119758782532273,0.5327436279242299,0.24972301413916806
-0.014773608254540428,0.5529694375092354,0.4077185218614055,0.5366766691357161,0.2505226114296186
-0.01505576497828084,0.555821714230638,0.4103311399904641,0.5406177918159079,0.25131820237857394
-0.015334308390696966,0.5586844956956535,0.41295157162829377,0.5445668837802831,0.2521085601472142
-0.015609171642706856,0.5615548942546635,0.4081954023230658,0.5485238297091217,0.25289470152778537
-0.01588028876844952,0.5644300593847053,0.41106981389641706,0.5524885488694572,0.2536779838485568
-0.016147594701116107,0.5673071796737035,0.40674920199398507,0.5564609663424978,0.25445828556293426
-0.01641102528856593,0.5701834846169768,0.4089823819143098,0.5604410089092965,0.255235733859956
-0.016670517308722505,0.5730562462367422,0.411211852154024,0.5644286036258246,0.25601025259027727
-0.016926008484746652,0.5759227805352993,0.41345506891623973,0.5684236756592512,0.2567817321299204
-0.01717743749998253,0.5787804487923875,0.40846872129766554,0.5724261501615304,0.25755027459181157
-0.017424744012673334,0.5816266587170568,0.40367428870299,0.5764359540570513,0.25831588041320075
-0.01766786867044316,0.5844588654640898,0.40626122320834746,0.5804530087280257,0.25907759205896075
-0.017906753124541173,0.5872745725247143,0.40881306684330776,0.5844772046259478,0.2598341654083931
-0.018141340043845128,0.5900713325009939,0.41142380775001275,0.5885084259798977,0.2605856185690515
-0.018371573128620415,0.592846747772929,0.4135307824032776,0.5925465486593833,0.2613307695176438
-0.018597397124031908,0.59559847106687,0.41616335877201727,0.5965914192573929,0.26206920295504904
-0.01881875783340458,0.5983242059334698,0.4188024037799386,0.6006429093413025,0.2628023285440871
-0.01903560213123091,0.6010217071429582,0.4210784173559968,0.604700902759635,0.2635309245350286
-0.019247877975920223,0.6036887810051143,0.4237239110293629,0.6087653091302868,0.26425542800523333
-0.019455534422288864,0.6063232856208881,0.42631798703967166,0.6128360169752357,0.26497461647291604
-0.019658521633786317,0.6089231310722041,0.42901275013000945,0.616912908427006,0.26568851462183724
-0.019856790894456317,0.6114862795560778,0.43144536111372234,0.6209958657822376,0.2663975623310701
-0.02005029462062801,0.6140107454687591,0.4343778101182107,0.6250847971684338,0.2671030956744003
-0.020238986372336027,0.6164945954452679,0.4366473268678323,0.6291796093998248,0.2678031335398655
-0.020422820864465598,0.6189359483592763,0.4389550322788292,0.6332801554242088,0.26849696888207686
-0.020601753977621227,0.6213329752879441,0.44187762558972565,0.6373863371785755,0.26918730278531483
-0.020775742768714477,0.6236838994460038,0.4446267047252028,0.6414980666089024,0.26987314462987605
-0.020944745481270784,0.6259869960930134,0.44696489634203485,0.6456152213246222,0.2705521735879403
-0.02110872155545035,0.6282405924174361,0.44973956324172143,0.6497376394789763,0.2712240222528824
-0.0212676316377825,0.6304430674008898,0.45250220414060455,0.6538651879664414,0.2718901748422875
-0.021421437590610302,0.6325928516656253,0.4548953628774374,0.6579977365171711,0.27254944239488416
-0.021570102501243277,0.6346884273080756,0.4578099976191741,0.6621351230409415,0.2732019385640616
-0.02171359069081661,0.6367283277210294,0.4606233014021195,0.6662772368293495,0.27384972334094676
-0.021851867722853493,0.6387111374067844,0.4629638411844847,0.6704239639514317,0.2744926177235137
-0.021984900411529954,0.6406354917834253,0.46579782337755804,0.6745752107332815,0.2751310226023465
-0.022112656829639518,0.6425000769861632,0.468272688156872,0.6787308537253974,0.27576234745454853
-0.02223510631625485,0.6443036296655035,0.4710999899083777,0.6828907260045622,0.27638606995063353
-0.022352219484087086,0.6460449367838378,0.47361010080112786,0.6870546835225644,0.27700269829701374
-0.022463968226537998,0.6477228354119061,0.4761421057436521,0.6912225534899115,0.27761049161501067
-0.022570325724445946,0.6493362125264168,0.4784954066609208,0.6953941624789564,0.2782115715662544
-0.0226712664525218,0.650884004810007,0.4813712928503878,0.6995694038495603,0.27880794233517897
-0.02276676618547552,0.6523651984545873,0.4839178799782711,0.7037481524903174,0.27939715460567555
-0.02285680200382959,0.6537788289690024,0.4865130202051282,0.7079302367697234,0.2799775675316973
-0.022941352299419758,0.6551239809918606,0.48931383847767623,0.7121154787455705,0.28055025389294425
-0.023020396780580973,0.6563997881102713,0.4916706322785152,0.7163037458188688,0.28111790195174907
-0.023093916477017088,0.6576054326851577,0.49447078740042155,0.7204949455733465,0.28168097884995524
-0.023161893744353908,0.6587401456837343,0.4972708131914144,0.7246889615350086,0.28223807132628875
-0.023224312268373657,0.659803206519672,0.4998393398897157,0.7288856634752235,0.2827880902854953
-0.023281157068930206,0.6607939429014137,0.5024532369691922,0.7330848831772588,0.28332944731422227
-0.02333241450354419,0.6617117306890359,0.5053666753176506,0.7372864477535289,0.2838631948460068
-0.023378072270677352,0.6625559937600211,0.49900008116587374,0.7414902263187942,0.284391878332182
-0.023418119412684804,0.6633262038842497,0.5015276195729077,0.7456961241617225,0.2849151129040721
-0.0234525463184446,0.6640218806084699,0.5042006054913475,0.7499039889798392,0.2854298918468672
-0.023481344725664734,0.6646425911504946,0.506545523562521,0.7541136572095057,0.2859382418458783
-0.023504507722865668,0.6651879503033168,0.5088894094133706,0.7583250343469715,0.28644282404557536
-0.02352202975103922,0.6656576203493143,0.5112342166666586,0.762538040729689,0.2869436283153441
-0.023533906604982866,0.6660513109846946,0.514123335030087,0.7667525944220224,0.28743990503613703
-0.023540135434308544,0.6663687792542993,0.5073953475657267,0.7709685923797083,0.2879317580943754
-0.02354071474412716,0.6666098294968702,0.5097283305300151,0.7751859657529347,0.28842050486600446
-0.023535644395407104,0.6667743133008537,0.5028440852793765,0.7794046440183721,0.28890629001232204
-0.023524925605007796,0.666862129470817,0.5054711471500802,0.7836245695866032,0.28938779630175276
-0.023508560945387447,0.6668732240045141,0.5081445282676778,0.7878456026775223,0.2898611379758636
-0.023486554343985774,0.6668075900806315,0.511038196210501,0.7920675868598268,0.29032802765351146
-0.023458911082281538,0.6666652680572487,0.5138924268595528,0.7962904220211476,0.290790679679833
-0.023425637794524872,0.6664463454809866,0.5167085324382731,0.8005140230724997,0.29124930385510683
-0.023386742466145055,0.6661509571068606,0.5095732083823908,0.8047383134539071,0.2917050509729673
-0.023342234431834318,0.6657792849287837,0.5123939638098083,0.8089632529906488,0.29215818491306306
-0.023292124373306987,0.6653315582207046,0.515269258750948,0.8131887507208625,0.2926059401673588
-0.023236424316736847,0.664808053588298,0.5179722440657695,0.8174146934073486,0.29304737652681856
-0.023175147629869948,0.6642090950311479,0.5202700518247685,0.821640944179424,0.29348276619520647
-0.02310830901881711,0.6635350540153154,0.5229689419378898,0.8258674037942748,0.2939126873073697
-0.023035924524524,0.6627863495561885,0.5257768611253755,0.8300939393835034,0.29433644566887845
-0.022958011518921913,0.6619634483114658,0.5286510465742633,0.8343204540113738,0.29475559246011673
-0.022874588700758237,0.6610668646841077,0.5313868473476071,0.8385468401020957,0.2951684903707757
-0.02278567609110876,0.6600971609350811,0.5336685438103884,0.8427729648180626,0.29557546590792333
-0.022691295028573075,0.6590549473056486,0.5365285051280472,0.8469987372879207,0.2959781097336373
-0.022591468164153063,0.6579408821489631,0.5393794649758273,0.851224059442478,0.2963755650550589
-0.02248621945581707,0.656755672070662,0.5422394044973364,0.8554488271152993,0.2967676514943357
-0.02237557416274996,0.6555000720781183,0.544998614140614,0.8596729303381405,0.297153604646147
-0.022259558839290795,0.6541748857379678,0.5477524941904824,0.8638962313088255,0.2975322026067209
-0.022138201328560404,0.6527809653414551,0.5505966826256058,0.868118591687895,0.2979044815473699
-0.0220115307557788,0.6513192120771089,0.553436038018947,0.872339900854023,0.2982714462601195
-0.021879577521275357,0.6497905762101648,0.5561717710634122,0.8765600542373779,0.298633077265724
-0.021742373293193056,0.6481960572681082,0.5590000069363713,0.8807789492773708,0.29898948722503754
-0.021599950999887922,0.6465367042315898,0.5618240538222452,0.8849964827279045,0.2993405959885225
-0.021452344822026854,0.6448136157299343,0.555080706773115,0.8892125687333235,0.2996896491033659
-0.021299590184383793,0.6430279402402997,0.5577807518832887,0.8934272164736388,0.3000383377904368
-0.021141723747338713,0.6411808762894954,0.5605845463275237,0.8976403606371902,0.3003820586716407
-0.020978783398078592,0.6392736726573144,0.5630121209357436,0.9018519082626889,0.30072140842420714
-0.020810808241505115,0.6373076285801198,0.5657809784059638,0.9060617793444474,0.30105604366000305
-0.020637838590849663,0.6352840939532882,0.5685468793729783,0.9102698642129501,0.30138460572846393
-0.020459915957998023,0.6332044695309639,0.571206121280653,0.9144760488457817,0.30170770465094854
-0.02027708304352799,0.6310702071213966,0.5739577486091424,0.918680234600388,0.30202554556664923
-0.020089383726461442,0.6288828097759924,0.576712814522029,0.9228823158395006,0.30233811876006245
-0.019896863053733477,0.6266438319699738,0.5794621877237399,0.9270822003622163,0.30264603739291634
-0.019699567229381397,0.6243548797723846,0.5822014463064623,0.9312798004077306,0.30294945877337137
-0.019497543603456086,0.6220176110029068,0.5849344311603577,0.9354750312178358,0.3032484150261642
-0.019290840660657838,0.6196337353727698,0.5876548209533579,0.9396678085439836,0.3035428906419563
-0.0190795080087008,0.6172050146067396,0.5902418867443825,0.9438580476650202,0.30383294781301157
-0.018863596366407102,0.6147332625429225,0.5929430743168896,0.9480456676712395,0.30411873428918745
-0.0186431575515344,0.6122203452068345,0.5955087796342499,0.9522305874301815,0.30440024694198653
-0.018418244468340034,0.6096681808558825,0.5891843641496795,0.9564127512163745,0.30468203310710285
-0.018188911094884415,0.607078739990071,0.5913713782179741,0.9605922388198,0.30496671422425464
-0.017955212470076455,0.6044540453244344,0.5940952889146164,0.9647690277985803,0.30524760184318694
-0.0177172046804641,0.601796171718319,0.596742557230402,0.9689430410408393,0.30552431276395126
-0.01747494484677442,0.5991072460562926,0.5992511076866978,0.9731142052254619,0.3057972487022744
-0.01722849111020469,0.5963894470750545,0.6017512567245314,0.9772824515233589,0.30606645831800977
-0.016977902618468595,0.5936450051303457,0.6038445295407361,0.9814477124070156,0.3063321463540444
-0.016723239511601408,0.5908762018974316,0.6059029590569655,0.9856099268327185,0.3065945970083029
-0.016464562907526226,0.5880853699983487,0.6086039006038169,0.989769035989495,0.3068535994476102
-0.016201934887386235,0.5852748925486378,0.6112841680658486,0.9939249729763456,0.3071089742762461
-0.015935418480645804,0.5824472026159176,0.6139389994527751,0.9980776754024543,0.3073610420085146
-0.0156650776499631,0.5796047825821872,0.6165710773974649,1.002227085204586,0.30760995043952805
-0.015390977275839907,0.5767501634013735,0.6189843551590961,1.006373148409278,0.3078558831104143
-0.015113183141050167,0.5738859237432026,0.6131878697441991,1.0105158395799545,0.3081047201019533
-0.014831761914852765,0.5710146890141127,0.6150961258183648,1.014655320174617,0.3083600174934576
-0.014546781136991222,0.5681391302455803,0.6174789709483413,1.0187916029805189,0.3086124866070003
-0.014258309201484222,0.5652619628398708,0.6117647715318075,1.0229246708417061,0.30886889608613166
-0.013966415340211476,0.562385945162998,0.6142494295294106,1.027054714706821,0.3091329593867429
-0.0136711696062986,0.5595138769744025,0.6160695247282635,1.0311817559517258,0.30939437945535114
-0.013372642857304563,0.556648597682727,0.610538931061829,1.0353057864913298,0.30966077455768315
-0.01307090673821604,0.5537929844169783,0.6123034009481968,1.0394270265459176,0.309936086978369
-0.012766033664253327,0.5509499499023439,0.6147520552838217,1.043545508738321,0.310208926497198
-0.012458096803490578,0.5481224401300602,0.6171896784923516,1.04766118878111,0.3104793101500603
-0.012147170059296374,0.5453134318109321,0.6196157331368332,1.0517740241772942,0.3107473385462048
-0.011833328052596702,0.5425259296024554,0.6220290389789559,1.055883975054389,0.3110131430366089
-0.011516646103966747,0.5397629630999742,0.624431961386434,1.05999100339349,0.31127678021767086
-0.011197200215553984,0.537027583582975,0.6268230377351915,1.064095071690015,0.3115382638949592
-0.010875067052838269,0.5343228605084132,0.629202295235325,1.0681961433348006,0.31179764284455386
-0.010550323926232352,0.5316518777439921,0.6241479899130361,1.0722942264510653,0.3120637383091696
-0.010223048772527797,0.5290177295355172,0.6260128581634747,1.0763895951827331,0.3123410908192315
-0.009893320136190488,0.5264235162038569,0.6286109564021934,1.0804823091386693,0.3126178330468843
-0.009561217150510377,0.5238723395686693,0.6309359697024114,1.0845723861236238,0.3128950196472553
-0.009226819518609906,0.5213672980979223,0.626092293440369,1.088659862385564,0.31318041248231154
-0.008890207494315527,0.5189114817842911,0.6283962606870056,1.0927450568158124,0.3134792321776396
-0.00855146186289729,0.5165079667518478,0.6299176526590781,1.096828046803187,0.313776711558159
-0.008210663921680688,0.5141598095989645,0.6322018824247319,1.1009088064513999,0.3140726514017273
-0.007867895460535655,0.5118700414860824,0.6344706437698721,1.1049873140825273,0.31436747862390824
-0.007523238742247609,0.5096416619799443,0.6367869798296716,1.1090635524702104,0.31466094075583145
-0.007176776482774519,0.5074776326689566,0.6390342942330118,1.1131374894520127,0.3149526003081138
-0.006828591831395481,0.5053808705676135,0.6408171098797701,1.1172091018085835,0.31524289223355106
-0.006478768350755508,0.5033542413312353,0.6364418047865883,1.1212784173779384,0.31554262315628034
-0.006127389996810811,0.5014005523057053,0.6382149716848028,1.1253458000811976,0.3158576968790127
-0.00577454109867956,0.4995225454403144,0.6404212686860601,1.1294113389121654,0.3161716985950718
-0.005420306338403576,0.49772289009520926,0.641802042512701,1.133475021518522,0.31648490156261505
-0.005064770730625028,0.4960041757782501,0.6443947113102366,1.1375368436619977,0.3167993004874931
-0.004708019602183017,0.49436890484922635,0.646555828747111,1.1415968648569197,0.3171157082048478
-0.004350138571635965,0.49281948523228214,0.6486755391625532,1.1456550756024844,0.317430036392285
-0.003991213528713281,0.49135822318004707,0.6512256899952339,1.149711452398688,0.31774519224677805
-0.003631330613702356,0.4899873161351984,0.6537342729365204,1.153766072377023,0.31806548360487513
-0.003270576196775317,0.48870884573704215,0.6558284419986272,1.1578190319604307,0.3183888485787923
-0.002909036857260519,0.48752477102198655,0.6579101688719052,1.161870355238685,0.3187123472599776
-0.0025467993628639717,0.48643692186759946,0.6595920870276704,1.1659200474571854,0.3190355393207137
-0.002183950648845504,0.4854469927300867,0.6616534414003188,1.1699680955411236,0.3193579586018477
-0.001820577797154836,0.4845565367245481,0.6636078113193687,1.1740144961350156,0.3196799262160124
-0.001456768015531981,0.4837669600962339,0.6660490933205969,1.1780592440797215,0.32000332432341266
-0.0010926086165782645,0.4830795171291509,0.6684511701604844,1.1821024350994103,0.32033308691429857
-0.0007281869968013521,0.4824953055358465,0.6704377939475629,1.18614418840818,0.3206668245372139
-0.0003635906156407118,0.4820152623689651,0.672056102837423,1.1901845359914205,0.3210004680963466
1.0930255222905139e-06,0.48164016049130765,0.6740532265467498,1.1942234669658114,0.3213332698903091
0.00036577640436434876,0.48137060563663536,0.6763738557122521,1.1982609938016422,0.3216691097358437
0.0007303719986250836,0.4812070340884559,0.6736343895219539,1.2022972900136497,0.3220231477059587
0.0010947923071120136,0.48114971099854786,0.6756066878355638,1.206332877629859,0.32239860347941846
0.0014589498707003718,0.4811987293610916,0.6731234993185432,1.2103679848785698,0.322789435624356
0.001822757293322938,0.4813540096521736,0.6750403899810985,1.2144031381995286,0.3232029546812696
0.0021861272629446152,0.4816153001380882,0.6769517918603671,1.2184385000494644,0.3236173760307333
0.0025489725725169467,0.481982177849504,0.6788399083661907,1.2224740905767264,0.32403288723051876
0.002911206140907374,0.48245405021223053,0.6768151570082305,1.226510007400086,0.3244649077007062
0.0032727410337982424,0.4830301573191716,0.6786934724673312,1.230546813265402,0.32492139482479243
0.003633490484550726,0.48370957482216836,0.6810884598387642,1.2345847054613632,0.3253826529280379
0.0039933679150283025,0.4844912174168961,0.6834479629822297,1.2386238447011768,0.325853851098937
0.004352286956375136,0.4853738428889564,0.6857724897805131,1.2426644284179411,0.3263351069892452
0.004710161469744179,0.48635605668475324,0.6875695346145216,1.2467066396010715,0.32682316170761994
0.005066905566970098,0.4874363169668449,0.6894270498161444,1.2507505433760446,0.3273129722851911
0.005422433631181995,0.4886129401101703,0.691272144491895,1.254796171143937,0.32780451938704114
0.005776660337351062,0.48988410659296716,0.6905375637401074,1.258843637048207,0.3283144366597316
0.006129500672768177,0.49124786723428915,0.6928370467818055,1.2628935744845338,0.32885496334150016
0.0064808699574465415,0.49270214972882403,0.6938927258587115,1.2669463121366855,0.3294024848363331
0.006830683864444465,0.4942447654291846,0.6961501659668188,1.2710019158357715,0.32995463594547497
0.007178858440103443,0.4958734163259648,0.6983668337662349,1.275060562608568,0.33051827101547143
0.007525310124196653,0.49758570217657777,0.700552672786704,1.279122478679789,0.3310937017200201
0.00786995576998289,0.49937912773519105,0.7026962477392578,1.283187896666672,0.3316811573118851
0.008212712664161593,0.5012511100378605,0.7041633283086702,1.2872570238359935,0.3322756430310628
0.0085534985467234,0.5031989856991782,0.706265342022917,1.2913299214286014,0.33287488416954614
0.008892231630692379,0.505220018179371,0.7083286061772602,1.2954067771924263,0.3334864542852349
0.009228830621754346,0.5073114049836606,0.7103542303505138,1.2994878311916054,0.33411051711894546
0.009563214737767209,0.5094702847588275,0.7106184952435913,1.3035733998053514,0.3347617710049763
0.009895303728148168,0.511693744255225,0.712649918832183,1.3076642280710686,0.33544689676099354
0.010225017893133691,0.513978825125858,0.713158692647782,1.3117607655115253,0.33615841096736293
0.010552278102906846,0.5163225305375858,0.7147399864140892,1.3158637197336875,0.3368995715323665
0.01087700581658819,0.5187218315729227,0.7163020696606646,1.3199733093997075,0.3376431975888915
0.01119912310108521,0.5211736734042512,0.7183096563363002,1.3240895928765826,0.3383935362195734
0.011518552649795826,0.5236749812255312,0.7202768457215778,1.328212769670993,0.33915647998263776
0.011835217801161759,0.5262226659296699,0.7218072699222768,1.3323430580158038,0.3399280300686415
0.012149042557066612,0.5288136295226875,0.7233084339839105,1.336480536277436,0.34070226668134085
0.01245995160107548,0.5314447702685356,0.7246676141537666,1.3406253340885743,0.34149723323904235
0.012767870316510183,0.5341129875609781,0.7259140660355554,1.3447781196507265,0.3423213013836494
0.013072724804357044,0.5368151865212716,0.7278383979087257,1.3489390995334125,0.34315045468122685
0.013374441901002463,0.5395482823224664,0.7292957309384269,1.3531084371142135,0.34398813616546636
0.013672949195791432,0.5423092042430326,0.731613418483818,1.3572862951304974,0.34484593592972973
0.013968175048406153,0.545094899454152,0.7340353257095266,1.3614734026645876,0.3457491288350544
0.014260048606059124,0.5479023365464641,0.7371862358091844,1.365670627766074,0.3466958779796723
0.014548499820497541,0.5507285088032525,0.7390895122001316,1.3698787438889475,0.34767233785058943
0.014833459464814567,0.5535704372280983,0.7404978880864722,1.3740980496334936,0.3486558957853377
0.015114859150063463,0.556425173335854,0.7418667435774682,1.3783285927782918,0.3496405724120281
0.015392631341670493,0.5592898017164465,0.7436954244813612,1.3825703747826181,0.35062915740812534
0.015666709375643083,0.5621614423815406,0.7454801569830951,1.386823536842132,0.3516280343978457
0.01593702747456865,0.5650372529044235,0.7468357367311138,1.3910882409851106,0.35263344104655786
0.016203520763401005,0.567914430363719,0.7482217612983857,1.3953645305132472,0.3536407737918693
0.016466125285030234,0.570790213101645,0.7495557521525149,1.399652420796008,0.3546498768958526
0.016724778015631464,0.5736618823075292,0.750878713971517,1.4039519227989639,0.3556606488530348
0.016979416879791074,0.5765267634372274,0.7522335112089438,1.4082630453968625,0.3566730209014895
0.017229980765403975,0.5793822274789334,0.7535153741839161,1.4125857976021292,0.3576869723865793
0.01747640953834027,0.582225692075628,0.754785322085464,1.4169201875016433,0.3587025829457907
0.01771864405687748,0.5850546225141666,0.7561063026781719,1.4212662279039754,0.35972001604552006
0.0179566261858939,0.5878665325906731,0.7574165165157113,1.4256239287712449,0.3607389451048871
0.01819029881082094,0.5906589853615501,0.7587160548200934,1.429993293688678,0.3617591453772729
0.018419605851350225,0.5934295937890404,0.7599359549327489,1.4343743265122848,0.36278081233887055
0.018644492274892815,0.5961760212898825,0.7611469425892978,1.4387670352812376,0.363804138336681
0.01886490410978648,0.5988959821951749,0.7624179804015897,1.4431714294645304,0.3648289994581916
0.01908078845824896,0.6015872421291574,0.7636049306456478,1.4475875144514014,0.3658553038787389
0.019292093509072808,0.6042476183141924,0.7647815849855807,1.4520152998769456,0.36688351137241415
0.019498768550060257,0.6068749798088126,0.7656599800364602,1.4564547972583564,0.367912795701466
0.019700763980193443,0.6094672476852666,0.7668196780064387,1.4609059898062786,0.36894244012108685
0.01989803132153887,0.6120223951526298,0.7679913743023361,1.4653688717127273,0.36997270863731907
0.020090523230881358,0.6145384476311005,0.7694616249901888,1.4698434347895895,0.37100625081061905
0.020278193511086843,0.6170134827827622,0.7708896872426904,1.474329797987782,0.372048749980467
0.020460997122188834,0.6194456305036968,0.7722763260568057,1.4788281121333693,0.3730997340255184
0.02063889019219816,0.6218330728819859,0.7734530458960657,1.4833385038750742,0.37415588810444494
0.020811830027631956,0.6241740441258129,0.7745888563979213,1.4878609912304077,0.3752122682677851
0.020979775123759866,0.626466830465535,0.7757484107366853,1.4923955448453001,0.37626855429558687
0.021142685174564982,0.6287097700333059,0.7768302495326218,1.4969421517132357,0.37732575349285064
0.02130052108241714,0.6309012527235366,0.7779414805760625,1.5015008040676332,0.3783832144583853
0.02145324496745606,0.6330397200372114,0.7790062452892935,1.506071469948346,0.37944043931802146
0.021600820176682446,0.6351236649128292,0.7796502634218753,1.5106541322784004,0.38049777317695305
0.021743211292754545,0.6371516315464806,0.7848156112075759,1.5152488117930476,0.3815654945835477
0.021880384142487885,0.639122215203384,0.7896892853380169,1.5198559058405008,0.38265847866706
0.02201230580505709,0.641034062022963,0.7907558632412518,1.524475808617275,0.3837646660549945
0.022138944619896322,0.6428858688193743,0.7915557314209556,1.529108579201505,0.3848702595488639
0.02226027019429788,0.6446763828792168,0.7923261537456772,1.5337541705192892,0.38597459094256303
0.02237625341070647,0.6464044017579843,0.7930617630136503,1.538412531535294,0.3870776580086002
0.022486866433706766,0.6480687730766616,0.7937633307793099,1.5430836125522753,0.38817949270904906
0.022592082716704168,0.6496683943197504,0.7947040035744515,1.547767364289627,0.3892804233707745
0.022691877008295915,0.65120221263586,0.7958442221126462,1.5524637597499285,0.39038276101686575
0.022786225358330997,0.6526692246418843,0.796943883682494,1.5571728361465105,0.39148900837594663
0.022875105123658337,0.654068476231692,0.7978568282127413,1.561894635515009,0.3925973466598751
0.022958494973560867,0.6553990623901425,0.7985567506269277,1.5666291383866904,0.39370473255758104
0.023036374894874867,0.6566601270131541,0.7994552779167354,1.5713762938247606,0.3948109955850914
0.023108726196793085,0.6578508627344876,0.8064928125618539,1.5761360865729288,0.39592130693534555
0.02317553151535051,0.6589705107598035,0.8071470700628707,1.580908630120011,0.39703695912210607
0.02323677481759119,0.660018360708509,0.8077693368808679,1.5856939126737102,0.39815099072345106
0.023292441405416562,0.6609937504638472,0.8086119294465798,1.5904918764999763,0.39926355480338366
0.02334251791911287,0.6618960660316128,0.8094484337313896,1.5953024727010297,0.40037507605598444
0.023386992340557106,0.6627247414078431,0.810277504868934,1.6001256552409435,0.40148557847401484
0.023425853996101656,0.6634792584557907,0.8112053509351427,1.6049613814252546,0.4025956643180572
0.023459093559135814,0.6641591467924268,0.8115188764835637,1.609809626466005,0.40370534806293346
0.02348670305232385,0.6647639836847213,0.8124054440598761,1.614670340506319,0.40481388347256175
0.023508675849520017,0.665293393955866,0.812629711853976,1.6195434866387273,0.40592149300811176
0.023525006677358434,0.6657470499016352,0.813477493591099,1.6244290081014578,0.4070276242426753
0.023535691616518875,0.666124671217006,0.8142884805395445,1.6293268619634191,0.4081329759541406
0.02354072810266715,0.6664260249331652,0.8150608868139654,1.6342370027365396,0.40923701360379316
0.02354011492707084,0.6666509253649865,0.8158489783784237,1.6391593740032322,0.41033920951077746
0.023533852236888992,0.6667992340690794,0.8166322321764287,1.6440939108318775,0.41143928556656933
0.02352194153513745,0.6668708598124445,0.8174098913423355,1.6490405490842532,0.4125374386861389
0.02350438568032729,0.6668657585517894,0.8181823966289898,1.6539992232155931,0.4136333931719654
0.023481188885779353,0.6667839334235438,0.8189493435588774,1.6589698649023403,0.4147271576728306
0.02345235671861306,0.6666254347445645,0.8197106834551472,1.6639524077139862,0.4158187516849613
0.02341789609841014,0.6663903600235531,0.8300483731623104,1.6689467703223662,0.4169057358159106
0.02337781529555399,0.6660788539831564,0.8307239965921273,1.6739527987514846,0.41798613918303607
0.023332123929244906,0.6656911085927223,0.8313628216337642,1.6789703674288536,0.41906199603545646
0.023280832965191504,0.6652273631116624,0.8320178945230216,1.683999359437349,0.42013348985721977
0.023223954712979004,0.6646879041433728,0.8326697596606069,1.6890396802820355,0.42120182139612017
0.023161502823114775,0.664073065699611,0.8333178310492839,1.6940912434945472,0.4222668997271939
0.02309349228375263,0.6633832292752503,0.8339635382508401,1.699153960939836,0.42332867226375276
0.02301993941709561,0.6626188239332758,0.8346042325839289,1.7042277444365512,0.42438717353146016
0.022940861875478696,0.6617803263998857,0.8351819964746586,1.7093125007377086,0.42544115939479565
0.02285627863713217,0.6608682611695361,0.8358184609150513,1.7144080961261476,0.4264897281117439
0.022766210001627287,0.6598832006197083,0.8364519448867547,1.7195144251370744,0.4275346883972263
0.02267067758500419,0.6588257651351894,0.8369763908005455,1.7246313831097704,0.4285741227955702
0.022569704314584355,0.6576966232415951,0.8370301894456056,1.7297588172658165,0.4296077530148432
0.022463314423467932,0.6564964917478171,0.8376589366853583,1.7348966272144832,0.4306380354699934
0.022351533444718123,0.6552261358970585,0.8440504808604802,1.740044708271709,0.43166248970371723
0.02223438820523326,0.6538863695260461,0.8446831540539756,1.7452028957317514,0.43268050403566605
0.022111906819308445,0.6524780552319721,0.8452674536275162,1.75037108706364,0.4336952264334542
0.021984118681888456,0.65100210454664,0.8458449928819123,1.755549183471754,0.4347056182321291
0.021851054461512875,0.6494594781172371,0.8464198950813648,1.7607370778375633,0.43571164043399374
0.02171274609295576,0.6478511858930718,0.8470440103448942,1.7659346668023268,0.436713929277368
0.021569226769561755,0.6461782873175337,0.8476195890372975,1.771141864808052,0.43771271354903646
0.021420530935279458,0.6444418915244465,0.8481936172580815,1.7763585707112626,0.4387070793589731
0.02126669427639546,0.6426431575378837,0.8527861370993817,1.7815846675751297,0.43969540391543505
0.02110775371296924,0.640783294474397,0.8533368532743448,1.786819996087921,0.4406770626011151
0.0209437473899733,0.638863561746516,0.8538832665217276,1.7920644306423776,0.44165399727376364
0.020774714668137843,0.6368852692662172,0.8545067310159659,1.7973178613158236,0.4426268050088026
0.020600696114504588,0.6348497776469293,0.8551266277962805,1.8025802038081122,0.44359677780474205
0.020421733492691208,0.6327584984025048,0.8556670101372265,1.8078513792690505,0.44456306416894403
0.020237869752867895,0.6306128941413968,0.8562097557611934,1.813131280636254,0.4455244625695835
0.02004914902144955,0.6284144787541166,0.8567519593464648,1.8184197916320162,0.4464808592922946
0.01985561659050588,0.6261648175918438,0.8602814398502197,1.8237167891657953,0.4474310489471725
0.01965731890689134,0.623865527633862,0.8608123831558467,1.8290221116871528,0.4483741993285359
0.019454303561098032,0.6215182776412576,0.8614109313971605,1.8343356311548376,0.4493130711863266
0.019246619275834514,0.6191247882940923,0.8619283565087241,1.8396572598350829,0.4502482177048621
0.019034315894332274,0.6166868323089926,0.8648887529057492,1.8449868837835635,0.45117719572018367
0.018817444368383843,0.614206234533825,0.8654111445689532,1.8503243480446385,0.45209944457227935
0.018596056746114316,0.6116848720158544,0.8659960605666559,1.8556695256482094,0.4530172786562421
0.018370206159490504,0.6091246740394534,0.8663286156171375,1.8610223115319136,0.45392793018350025
0.018139946811568875,0.6065276221291194,0.8689614411174632,1.8663824705057068,0.45482692779691175
0.017905333963487827,0.6038957500132159,0.8694803057003063,1.871749801797553,0.4557184465096775
0.0176664239212046,0.6012311435434945,0.8694101610021672,1.8771241672657786,0.4566050009550635
0.01742327402198254,0.598535940565085,0.8699278807489481,1.8825054695999797,0.45748724892569337
0.01717594262063036,0.5958123307312554,0.870443182248286,1.887893589385809,0.45836364377378397
0.016924489075497085,0.5930625552568533,0.8709536742887263,1.893288394068107,0.4592340330633485
0.01666897373422652,0.5902889066039094,0.8714612274248696,1.898689749900048,0.4600983720865284
0.016409457919274034,0.5874937280925114,0.8719661484388478,1.9040975219524314,0.4609565613732044
0.016146003913189554,0.58467941342958,0.8724749845834452,1.9095115748729,0.46180857246081225
0.015878674943669856,0.5818484061478101,0.8729759208497575,1.914931768427963,0.46265412074346474
0.015607535168384425,0.5790031989465914,0.8732408897085485,1.9203579441304275,0.4634893555859221
0.015332649659577861,0.5761463329263078,0.8738084938431955,1.9257898269279545,0.4643133053851934
0.015054084388452644,0.5732803967070469,0.8745442267442768,1.9312272875526764,0.465134116049233
0.014771906209336804,0.5704080254223441,0.8752333984439017,1.9366702523597643,0.4659517704282608
0.014486182843638689,0.5675318995782512,0.8758764106562369,1.9421186484391066,0.46676636979981656
0.014196982863594618,0.564654743767703,0.8763680539494443,1.9475723963847984,0.46757648414310865
0.01390437567581164,0.5617793252298882,0.8769838103562821,1.9530313747787726,0.46838138735024226
0.01360843150461013,0.558908452244116,0.8774626192975564,1.958495489474303,0.4691817082789133
0.013309221375170693,0.5560449723475175,0.8779390439856362,1.963964610246827,0.4699753309455768
0.013006817096488116,0.553191770365865,0.8784762614130335,1.9694386001836572,0.4707635969437857
0.012701291244137665,0.5503517662468035,0.8786954439091383,1.974917338476379,0.4715423705940586
0.012392717142857248,0.5475279126849064,0.8791852209799491,1.9804005257828017,0.4723070532813526
0.012081168848950084,0.5447231925282331,0.8796732911033123,1.9858879645048646,0.4730645444824675
0.011766721132511156,0.5419406159564278,0.8801591522013867,1.9913795003530128,0.4738146305159358
0.011449449459482956,0.5391832174209087,0.880624382297013,1.9968749778854908,0.47455748351757976
0.011129429973544113,0.5364540523384106,0.8810872108224754,2.0023742467732704,0.475293227244126
0.010806739477835121,0.5337561935299788,0.8817095024515897,2.0078771637789012,0.47602329459144976
0.010481455416525901,0.5310927273985676,0.8821849603180728,2.013383631962051,0.4767484758732415
0.010153655856229803,0.5284667498396379,0.8826399540296224,2.018893514287339,0.47746636838970136
0.009823419467267742,0.5258813618806324,0.8831174240957803,2.02440665797296,0.4781768840581354
0.009490825504787932,0.5233396650468346,0.8835676296825551,2.0299229078379324,0.47887993512174715
0.009155953789744804,0.5208447564530816,0.8837267772258492,2.035442080627182,0.4795699203333651
0.008818884689742524,0.518399723622869,0.8838529537345006,2.0409637957466913,0.48023813795726383
0.008479699099747124,0.5160076390387827,0.8843330619045061,2.0464876360122313,0.48088982872139735
0.008138478422672018,0.5136715544307316,0.884812589902173,2.052013380737454,0.4815335764746987
0.007795304549841855,0.5113944948112538,0.8852586373933626,2.0575408681074943,0.4821694474187557
0.007450259841338702,0.5091794522701093,0.8857325503614935,2.063069938048293,0.4827974337614593
0.00710342710623638,0.5070293795435193,0.8863525887192775,2.0686004370152777,0.48341924866527863
0.006754889582726422,0.504947183376667,0.8868230123753081,2.074132266997948,0.4840358272744142
0.006404730918141471,0.5029357177014434,0.887615323377729,2.079665271388419,0.4846420982126112
0.006053035148880172,0.5009977766548325,0.8877035400943318,2.085199171892823,0.4852298494366574
0.005699886680238923,0.49913608746677546,0.8883005895512943,2.0907335553408144,0.4858015602470103
0.005345370266155013,0.49735330324971627,0.8887387624943134,2.096268260577083,0.4863679712724343
0.004989570988866149,0.49565199572530355,0.8891744310501742,2.101803143044175,0.48692625649494076
0.004632574238490893,0.4940346479268481,0.8896376775970952,2.1073380282126712,0.4874739759376163
0.0042744656925357075,0.4925036469189584,0.8901517379395149,2.112872675803538,0.48801159406998834
0.003915331295332682,0.49106127657835996,0.8906341351740747,2.118406959643155,0.48854350287779036
0.0035552572374131564,0.48970971048205075,0.8911138255977116,2.123940727095625,0.48906676438538244
0.003194329934822638,0.488451004950702,0.8916183769326134,2.1294738140554235,0.48958310816370626
0.0028326360083812193,0.48728709229639383,0.8921889792852971,2.1350061275987433,0.4900961089123277
0.002470262262895063,0.48621977432445845,0.892662815959435,2.1405375946406116,0.4906037176230549
0.0021072956663236156,0.48525071613922777,0.8931337655879792,2.1460680648254957,0.49110266831985905
0.0017438233289077526,0.4843814403028527,0.8936544484357234,2.151597381245554,0.49159535271850696
0.0013799324822637144,0.4836133213950855,0.8941210759611729,2.1571254490399965,0.49208246150221874
0.0010157104584479202,0.48294758101989327,0.8945904452812496,2.1626521274564388,0.49256299463062647
0.0006512446689977713,0.48238528330211494,0.8948116423233933,2.1681773077157342,0.4930353501865947
0.00028662258395324903,0.4819273309139808,0.8952850650960407,2.173700742937869,0.4934947817221545
-7.80682891355089e-05,0.481574461667332,0.8952112516647183,2.1792222162566994,0.4939420578000569
-0.0004427404262095531,0.4813272457027735,0.8955662883690217,2.184741433077079,0.494373315631762
-0.0008073063077064628,0.4811860833018668,0.8956543885155384,2.1902580559644513,0.4947839311970253
-0.0011716784395646935,0.48115120334290995,0.8961548113393921,2.195771632499341,0.49517653865500416
-0.0015357693742216376,0.4812226624149066,0.8966497422498684,2.2012819909562027,0.4955633972301159
-0.0018994917316006782,0.4814003445981578,0.8971410594453882,2.206788988687326,0.4959433160684711
-0.002262758220081994,0.48168396191356583,0.8976233204758207,2.21229253917646,0.49631980633418704
-0.0026254816574520913,0.48207305543636186,0.897659385000377,2.217792556553872,0.4966875303343848
-0.002987574991827154,0.4825669970637005,0.898160005848119,2.2232887745450323,0.4970411415080339
-0.0033489513225450364,0.4831649919194089,0.8986591214201036,2.228780985246311,0.49738565521603884
-0.0037095239210210565,0.4838660813734163,0.899154726243491,2.234269013890268,0.4977209286461632
-0.004069206251562382,0.4846691466479135,0.8996323992758494,2.239752684118344,0.49804696001085286
-0.004427911992136238,0.485572912977385,0.9001247788540451,2.2452318169999494,0.49836346411467336
-0.004785555055086739,0.48657595428521316,0.9001045186877777,2.2507062123961408,0.4986667314783773
-0.0051420496077955345,0.48767669833581095,0.9001441282683954,2.256175542181371,0.4989512537019384
-0.005497310093281216,0.48887343231807934,0.9006602344229855,2.2616394592143267,0.49922065333846616
-0.005851251250732577,0.49016430881353146,0.9007487225399854,2.267097707028031,0.4994725524956941
-0.006203788135970847,0.4915473521006918,0.9012643213199791,2.272549827117416,0.499702956784453
-0.006554836141835757,0.4930204647463057,0.9008936872860911,2.277995545151986,0.49992013908978106
-0.006904311018491054,0.4945814344334909,0.9005837419810488,2.28343452986185,0.500118094623379
-0.007252128893643875,0.49622794097724027,0.9011269580525296,2.288866428906642,0.5003006931965674
-0.007598206292673728,0.497957563478516,0.9016677647562295,2.294291032597748,0.5004742363104421
-0.00794246015866616,0.4997677875695894,0.9017152967733238,2.2997081851627565,0.5006409641050681
-0.008284807872345758,0.5016560127051554,0.9018064841426505,2.3051177608368913,0.500793833300019
-0.008625167271904589,0.5036195594560746,0.9023474902785329,2.3105193244435673,0.5009250023655442
-0.008963456672720584,0.5056556767652486,0.9029053420264377,2.3159126363979525,0.5010494786968007
-0.009299594886961369,0.5077615491280938,0.9034399037347808,2.3212976183032885,0.5011686172910303
-0.009633501243069036,0.5099343036632402,0.9034978018470503,2.326674096427008,0.5012711134499149
-0.00996509560512096,0.5121710170424,0.9029361332515362,2.3320416026596997,0.5013475220336489
-0.010294298392061987,0.5144687222517548,0.9034771613752937,2.337399734812686,0.5014099235319303
-0.010621030596803447,0.5168244151606386,0.9035192113197432,2.3427483250502146,0.5014585683657425
-0.01094521380518462,0.5192350608767073,0.9035296933083945,2.3480869019004396,0.5014774265769256
-0.011266770214791583,0.5216975998700999,0.9035113291500007,2.3534148966660853,0.5014670850011762
-0.011585622653629604,0.5242089538523504,0.9029482501499596,2.358731763418801,0.5014305567153206
-0.011901694598643906,0.5267660313988499,0.9029149458814928,2.3640370453997446,0.5013695180868908
-0.012214910194084891,0.5293657333065783,0.9034526851638519,2.3693302756401584,0.501290307576131
-0.012525194269713186,0.5320049576815384,0.9023471453756291,2.3746112810713953,0.5012009128396473
-0.01283247235883998,0.5346806047527914,0.9029202294534693,2.3798797686047775,0.5010959745641154
-0.013136670716198937,0.5373895814123021,0.9028747530150415,2.385135510703001,0.5009749278739554
-0.0134377163356445,0.5401288054818243,0.9034666187094065,2.3903781084445286,0.5008363601934688
-0.013735536967673061,0.5428952097098997,0.9033924983401768,2.395607388039799,0.5006854628911278
-0.01403006113676252,0.5456857455036367,0.903290048551218,2.4008229363967173,0.5005078265142738
-0.014321218158526135,0.5484973864013127,0.903170688324571,2.406024254893417,0.5003042427916569
-0.014608938156676214,0.5513271312930409,0.9037355369149354,2.4112109001724065,0.5000838975992195
-0.014893152079794324,0.5541720073977077,0.9038089200713176,2.416382753484327,0.49986107254564505
-0.015173791717903262,0.557029073005184,0.90438476280824,2.4215398014928247,0.49963617738826527
-0.01545078971883694,0.5598954199934549,0.9049704353478154,2.4266820187874107,0.49940691821255745
-0.015724079604404785,0.5627681761307602,0.9055537701278095,2.4318093074818155,0.4991702619086862
-0.015993595786346126,0.5656445071731877,0.9061273239315523,2.4369215508439206,0.49892636517672556
-0.01625927358207103,0.5685216187683517,0.9066518909981016,2.4420186469948457,0.49867751612958977
-0.016521049230183826,0.5713967581758755,0.9072128667942081,2.447100553210701,0.498424192810101
-0.016778859905785558,0.5742672158153915,0.9071787082497061,2.4521671818142763,0.49816575971706994
-0.017032643735551554,0.5771303266526706,0.9060513874798527,2.4572184709997855,0.4978984705360999
-0.01728233981258101,0.5799834714343264,0.9059422710843814,2.462254124071468,0.4976100396722953
-0.017527888211013823,0.5828240777812971,0.9064849894146553,2.467273762027883,0.4973067914900846
-0.017769230000413274,0.5856496211510327,0.907055844803135,2.472277282302244,0.49699962728473945
-0.018006307259908233,0.5884576256779789,0.9076198455649716,2.477264601260789,0.4966857531238736
-0.018239063092094564,0.5912456649016034,0.9081802297845517,2.4822356174102214,0.49636519888771796
-0.018467441636689695,0.594011362390808,0.9087381637214749,2.487190231517363,0.49603813945259423
-0.018691388083939314,0.5967523922731754,0.9086016867916973,2.4921283165335213,0.4956984956245218
-0.01891084868777096,0.5994664796770988,0.909162119209015,2.497049563302208,0.49534339667705585
-0.019125770778693124,0.6021514010943901,0.9079994094522317,2.501953800893402,0.4949779449757465
-0.019336102776435833,0.6048049846705801,0.9068756059756027,2.5068407728017097,0.49459608279827527
-0.01954179420232912,0.6074251104296667,0.9057494218270242,2.5117101917782554,0.4941983749119959
-0.019742795691418225,0.610009710439691,0.904664329914653,2.516561781466465,0.4937854324972214
-0.01993905900431048,0.6125567689250794,0.9031270497893049,2.5213952838723044,0.49335847185330384
-0.02013053703875302,0.6150643223313308,0.9037281960670033,2.5262104861384955,0.4929219741003397
-0.02031718384093661,0.6175304593472232,0.9036189758596129,2.5310072822344423,0.4924771434086024
-0.020498954616524834,0.6199533208893646,0.9042226118972859,2.5357854858855227,0.4920221881398408
-0.0206758057414039,0.62233110005354,0.9048224644062955,2.5405450110249834,0.49156308123205306
-0.02084769477215282,0.62466204203701,0.9054465634138217,2.5452858184986833,0.4911009995171496
-0.02101458045622934,0.6269444440355573,0.9060357651507667,2.550007903405643,0.4906366215983283
-0.021176422741870333,0.6291766551187958,0.9066196806521825,2.554711237359434,0.49016841742207523
-0.021333182787704214,0.6313570760869873,0.9064980529246641,2.559395764970093,0.4896932307005412
-0.02148482297207237,0.63348415931231,0.9070832065120278,2.564061338901094,0.48920967057261266
-0.02163130690205844,0.6355564085673016,0.9076631157680698,2.5687078953120324,0.488722714792674
-0.021772599422222396,0.6375723788429539,0.9082378555447008,2.5733354046715875,0.4882323684529753
-0.021908666623037677,0.639530676158715,0.9080971108735885,2.5779438246808306,0.4877361439900042
-0.022039475849029235,0.6414299573664536,0.9086763647051987,2.582533042534426,0.48723323844389105
-0.022164995706610645,0.6432689299502564,0.9070966784980053,2.587103011964772,0.4867267846531385
-0.022285196071618763,0.6450463518237448,0.9076761893928037,2.5916536882104992,0.48621647671997975
-0.022400048096542845,0.6467610311264452,0.9082479462364946,2.596185053878165,0.4857039623609252
-0.02250952421744827,0.6484118260205864,0.9087388329382476,2.600697107495776,0.4851899185083204
-0.02261359816059152,0.649997644489578,0.9092238028630419,2.6051898694607893,0.48467528270091875
-0.02271224494872588,0.651517444139271,0.9097835776683961,2.6096633637742332,0.4841594896236154
-0.022805440907095638,0.6529702320030215,0.9103405430747319,2.6141175953192137,0.4836417990295822
-0.02289316366911812,0.6543550643514328,0.9108921926199225,2.6185525655792254,0.48312228668648
-0.022975392181751597,0.6556710465075941,0.9114378819461358,2.622968276549603,0.4826009248055482
-0.023052106710547738,0.6569173326685187,0.9119804983762647,2.627364730122046,0.48207777641587496
-0.023123288844387843,0.6580931257334086,0.9103699313964067,2.6317419311269887,0.4815532916983488
-0.02318892149990155,0.6591976771393216,0.9109101147943035,2.6360999029286116,0.4810282199107162
-0.023248988925566524,0.6602302867047242,0.911363026279085,2.6404386679919054,0.48050246061506763
-0.023303476705488966,0.661190302481363,0.9118915072713932,2.6447582558723313,0.47997619175234035
-0.02335237176286323,0.6620771206148548,0.9102921234555121,2.649058695497831,0.47945033323607167
-0.02339566236311027,0.6628901852143098,0.9086967696812678,2.6533400670864062,0.4789279433683181
-0.023433338116693854,0.6636289882312972,0.9071228937667067,2.6576024971396186,0.4784109562417984
-0.02346538998161393,0.6642930693483926,0.9076514569379429,2.661846138110394,0.47789835863189206
-0.023491810265576802,0.6648820158775388,0.9080974437735013,2.6660710634940847,0.4773862472308485
-0.023512592627841097,0.6653954626684044,0.9086144977268505,2.6702773201572527,0.47687463649976164
-0.023527732080739685,0.6658330920268889,0.9070252796148978,2.674464975024293,0.47636736784326333
-0.02353722499087647,0.666194633643934,0.9054294187774761,2.6786342361064923,0.4758714484785837
-0.023541069079998683,0.6664798645347269,0.9038782891768157,2.682785391163784,0.47538918554784004
-0.023539263425543386,0.666688608988411,0.9022951037600707,2.686918772024378,0.4749230586444624
-0.023531808460858932,0.6668207385283579,0.9007989539492511,2.6910347638651553,0.4744754764690429
-0.02351870597510106,0.6668761718830795,0.8992274747739684,2.6951337916404894,0.47404886909014576
-0.02349995911280342,0.6668548749677968,0.8976684344057227,2.6992163426055154,0.47364647235123836
-0.023475572373123126,0.6667568608767072,0.8975168924151112,2.7032829422899374,0.47326727109624117
-0.023445551608760478,0.6665821898859582,0.8973387760127206,2.7073340354931354,0.472907783327223
-0.02340990402455485,0.6663309694673171,0.8981199606946332,2.711370016022948,0.4725607648493885
-0.023368638175755452,0.6660033543125219,0.8986410283638252,2.715391012977398,0.47221587883283017
-0.023321763965967808,0.6655995463682819,0.8972764802787114,2.7193971863461757,0.4718869108598928
-0.023269292644777187,0.66511979488188,0.8970612533185385,2.7233890957591873,0.47158725309188476
-0.023211236805049024,0.6645643964572985,0.8975460755831106,2.7273672323930582,0.47130218946862684
-0.023147610379905932,0.6639336951218026,0.8973290914986685,2.7313317850133423,0.47102789640519793
-0.02307842863938477,0.663228082402861,0.8961081475418806,2.73528321632823,0.4707846388837876
-0.02300370818677108,0.6624479974152926,0.8966221723802799,2.7392222259687093,0.4705677764377507
-0.022923466954614634,0.6615939269584821,0.897131793528989,2.743149085880351,0.4703562847324681
-0.022837724200426287,0.6606664056234879,0.8961059877401014,2.7470640041967562,0.4701653347698124
-0.022746500502055223,0.6596660159098449,0.8965972954793964,2.7509676357275015,0.4700011137886354
-0.02264981775275129,0.6585933883518166,0.8963416159793128,2.754860258329076,0.46984967528814614
-0.022547699155910216,0.6574492016538255,0.8960613503358235,2.758742377157704,0.4697283545476901
-0.022440169219505007,0.6562341828347493,0.8965857612767728,2.762614572781333,0.4696279127239146
-0.022327253750204196,0.6549491073807142,0.8958392009951295,2.766477172524808,0.4695508112019676
-0.022208979847178564,0.6535947994059794,0.8963606087305698,2.770330920700411,0.46950584733514655
-0.02208537589559696,0.6521721318214422,0.8960508264386353,2.7741761886358227,0.4694779248722804
-0.021956471559814436,0.6506820265102387,0.8957177495867382,2.7780135439754807,0.4694829206025433
-0.021822297776252938,0.6491254545098275,0.8953618775502253,2.781843665286715,0.46952136948503786
-0.021682886745976335,0.6475034361998948,0.8955100512307528,2.785667174427522,0.46958048853736384
-0.021538271926962706,0.6458170414953194,0.8960201220698483,2.789484245949869,0.4696427778864391
-0.0213884880260746,0.6440673900433315,0.8965314500961185,2.7932950006507116,0.469711578525558
-0.02123357099072897,0.6422556514239308,0.897398922062958,2.797099571446826,0.4697849059916569
-0.021073558000270887,0.6403830453524822,0.8978869040189964,2.8008980305178586,0.4698617467814491
-0.020908487457049926,0.6384508418833241,0.8975441621270219,2.8046906008180548,0.4699650022147375
-0.020738398977203993,0.6364603616130471,0.8971696043943393,2.8084781751681813,0.4701159906897813
-0.02056333338115189,0.6344129758820028,0.8968833632203069,2.812261594108935,0.470310786460869
-0.020383332683796267,0.632310106972411,0.8966603149511451,2.816041909675523,0.47056196509783604
-0.020198440084440508,0.630153228301286,0.8962383737766703,2.819820211096613,0.47086099081870236
-0.020008699956420913,0.6279438646062091,0.896797666754733,2.823597220635464,0.47118152044462785
-0.019814157836457416,0.6256835921217843,0.897022699640906,2.827373215501272,0.4715263014816238
-0.01961486041372493,0.6233740387443929,0.8965695428626592,2.831149091016371,0.47191988763274745
-0.01941085551864829,0.6210168841826486,0.8968361792559271,2.834925676729819,0.4723573599210094
-0.01920219211142313,0.6186138600906943,0.8974695661447071,2.838704038219629,0.4728527025722201
-0.018988920270265355,0.6161667501812469,0.8969696452670108,2.8424852650708017,0.4733947335983229
-0.018771091179393292,0.613677390314985,0.8977455537534614,2.8462701264861034,0.4739772386660467
-0.018548757116743052,0.6111476685626157,0.8982410807385562,2.850059501774285,0.4745938004761892
-0.018321971441422457,0.6085795252356301,0.8987453955291851,2.8538536736436217,0.4752152411779597
-0.018090788580904876,0.6059749528814184,0.9004672765601764,2.8576528218575694,0.475859814764489
-0.017855264017967262,0.6033359962381095,0.9009463790017407,2.861457666461525,0.4765361546255121
-0.017615454277373974,0.6006647521440861,0.9014205121196824,2.8652684658638528,0.4772168617708763
-0.017371416912311772,0.5979633693968094,0.9008791665748292,2.869085340103907,0.4779107831921009
-0.017123210490576794,0.5952340485551573,0.9025563815701946,2.8729087497042283,0.47863777922287665
-0.016870894580518887,0.5924790416791008,0.9049821408721298,2.876739472596387,0.47940696832883456
-0.016614529736745168,0.5897006520001286,0.907293715088974,2.880578302200653,0.4802143933616255
-0.01635417748558764,0.5869012335154117,0.9077590023262105,2.8844258771529456,0.4810436538772235
-0.0160899003103368,0.5840831904982863,0.9082190882618817,2.888282356662279,0.4818751489503475
-0.01582176163624614,0.5812489769171973,0.9086740714997105,2.8921477609703627,0.48270835186219274
-0.015549825815310349,0.5784010957548397,0.9092598487693421,2.8960221028717887,0.4835423618082187
-0.01527415811082108,0.5755420982188283,0.9097016187300782,2.8999053659746266,0.4843767817044949
-0.014994824681704141,0.5726745828348215,0.9101348953449544,2.9037975620164187,0.48521318004811526
-0.014711892566641646,0.5698011944126576,0.9105671917104243,2.9076987114511614,0.4860514430478672
-0.0144254296679832,0.5669246228757283,0.9109946024550494,2.911608832662134,0.48689146865877786
-0.014135504735449295,0.5640476019434951,0.9114167890929282,2.915527942372676,0.48773321681357545
-0.013842187349632057,0.5611729076568107,0.9108233769146549,2.9194560826128315,0.48858175215467103
-0.013545547905296143,0.558303356735489,0.9112506355870282,2.9233934426392696,0.489439160582904
-0.013245657594484175,0.5554418047574632,0.910637406167052,2.9273401012084186,0.49030218285480853
-0.012942588389431381,0.5525911441487833,0.9112071434527064,2.9312962101135493,0.4911717959679613
-0.012636413025292068,0.5497543019737845,0.9105736195566706,2.9352617981496465,0.4920445753354724
-0.012327204982683908,0.5469342375148795,0.9099162499945509,2.9392369987340143,0.49292680936604094
-0.012015038470052954,0.5441339396317031,0.916677776506025,2.943221968081708,0.4938173969256725
-0.01169998840586373,0.5413564238897669,0.917082413285452,2.9472168298862904,0.49471233362978956
-0.011382130400619358,0.538604729449292,0.9174810113765499,2.951221581517416,0.4956063109622983
-0.01106154073871529,0.5358819157056489,0.9168114893446013,2.955236191159997,0.4965007423265834
-0.010738296360131542,0.5331910586737082,0.9172152730402614,2.9592606645146184,0.49739583600258097
-0.010412474841967292,0.5305352471095096,0.9176136170142151,2.9632949653154474,0.4982894051239628
-0.01008415437982288,0.5279175783639247,0.918006249788233,2.9673390446831345,0.4991814771683437
-0.00975341376903333,0.5253411539645235,0.9183937937528855,2.9713928503066915,0.5000718336178951
-0.009420332385757466,0.5228090749235542,0.9187758254515188,2.9754563283539297,0.5009604066835573
-0.009084990167928495,0.5203244367719044,0.918085922588291,2.979529423132073,0.5018471998933204
-0.008747467596069008,0.5178903243210948,0.9184737671262719,2.9836120781180484,0.5027319172420389
-0.008407845673976016,0.5155098061577376,0.9194286937890301,2.98770423009749,0.5036144208268938
-0.008066205909280656,0.513185928877518,0.9198016390340731,2.9918058175579416,0.5044948064279173
-0.007722630293886396,0.510921711068571,0.9201695134422452,2.9959167757865868,0.5053727134884447
-0.007377201284291864,0.5087201370571253,0.920532079889244,3.0000370351234094,0.5062480384075216
-0.007030001781801101,0.5065841504314442,0.920889806501471,3.00416652530961,0.507120753671304
-0.006681115112628128,0.504516647363387,0.921760512039972,3.008305175187577,0.5079909091380432
-0.006330625007898857,0.5025204697502892,0.9221052414765598,3.0124529182458897,0.5088586262084976
-0.005978615583555978,0.5005983982032829,0.922515609123025,3.0166096759018477,0.5097227085191671
-0.005625171320171579,0.4987531449116187,0.921804590548434,3.0207753582690904,0.5105826776041988
-0.00527037704267234,0.4969873464158784,0.922148964060677,3.0249498389137828,0.5114372535185447
-0.004914317899981741,0.4953035563262587,0.9224886648371341,3.0291330205885947,0.5122885479968674
-0.00455707934458486,0.4937042380251031,0.9229636409079576,3.0333248214994373,0.513136855677894
-0.004198747112020222,0.49219175739571236,0.9232988521834524,3.037525169764691,0.5139822748378833
-0.0038394072003035506,0.4907683756219131,0.9236297376216878,3.0417339812436053,0.5148241292918612
-0.0034791458492887937,0.48943624210494074,0.9239500162382032,3.045951167651367,0.5156622829578228
-0.003118049519970812,0.488197387545849,0.9242724108627624,3.0501766364233314,0.516496643116638
-0.002756204873735372,0.4870537172427272,0.9246605686761235,3.054410299109623,0.5173279251464397
-0.002393698751560601,0.4860070046525504,0.9249668501356579,3.058652086210793,0.5181563025916475
-0.0020306181531757395,0.48505888526738844,0.9257325227050357,3.062901912902698,0.5189812917959565
-0.0016670502161815525,0.48421085085392546,0.9250061315294179,3.0671596876287404,0.519799987639912
-0.0013030821951377056,0.48346424410380906,0.9242559242298166,3.0714251879858763,0.5206058223415206
-0.0009388014406221483,0.48282025374020915,0.9249834483992134,3.0756981472642475,0.5214019683187721
-0.0005742953782673071,0.4822799101231136,0.9256496044707934,3.0799784467061877,0.522195150308012
-0.00020965148777851318,0.48184408139241436,0.9260918914738131,3.0842660117685874,0.5229851590540066
0.00015504271806092117,0.4815134701836794,0.9265274712987791,3.0885607550122645,0.5237714016424356
0.0005196997143921789,0.48128861094682207,0.9257588084976182,3.092862571931813,0.5245494584580545
0.0008842319852865835,0.4811698678926098,0.9277038957038344,3.097171189490131,0.5253141626132724
0.0012485520447489276,0.4811574335863603,0.928630013460498,3.101486395842398,0.5260709610655221
0.0016125724577137422,0.4812513282021185,0.9289092912112,3.1058080318852164,0.5268211346630731
0.0019762058610292895,0.48145139944443094,0.9292646773675641,3.1101359706970237,0.5275667524579384
0.0023393649844243142,0.48175732313845887,0.9295318582234315,3.114470125800917,0.5283084159674255
0.0027019626714523907,0.4821686044828039,0.9299117702019765,3.1188103882480003,0.5290454876754278
0.0030639119004091902,0.48268457995317177,0.9301749256091406,3.1231566707267584,0.5297785079504658
0.003425125805217185,0.4833044198389239,0.9304342668794334,3.127508857220909,0.5305057175520972
0.0037855176962731233,0.48402713138884634,0.9297053213486615,3.1318667884848583,0.5312208893037674
0.004145001081253107,0.48485156253710465,0.9289477916646307,3.136230083087629,0.5319138153897942
0.004503489685870312,0.4857764061755458,0.9294705760283951,3.1405983094298695,0.5325911759705155
0.004860897474580453,0.48680020493421033,0.9299337046379803,3.1449713032299043,0.5332647354819805
0.005217138671229862,0.48792135642827167,0.9301987758483143,3.1493489753752737,0.5339333946490067
0.005572127779641388,0.48913811892663583,0.9305736689854561,3.1537311988549663,0.5345966090020687
0.005925779604133012,0.49044861739511997,0.9309697997129471,3.1581178858588728,0.5352565968443532
0.006278009269964442,0.49185084986553146,0.9312226191062143,3.162508953444697,0.5359117567823672
0.006628732243706695,0.493342694081032,0.9314987505253138,3.166904276997678,0.5365615689603086
0.006977864353529547,0.4949219143679526,0.9313584223453075,3.1713037602071443,0.5372062533441638
0.007325321809402576,0.49658616868455957,0.9317163694051278,3.175707263902809,0.5378448821458961
0.0076710212232042425,0.49833301579829925,0.9309478344357829,3.1801146507119897,0.5384708434888681
0.008014879628734647,0.5001599225445078,0.9312771924799327,3.1845255114027813,0.5390788561234603
0.008356814501627046,0.5020642711215944,0.9315278169858925,3.1889396643255954,0.539681801090983
0.00869674377915332,0.504043366380061,0.9318845694566436,3.1933569779558186,0.5402788944750324
0.009034585879918563,0.506094443065488,0.9321267109075778,3.197777353669143,0.5408709370602025
0.00937025972344028,0.5082146729785898,0.9313363092943335,3.2022006069610143,0.5414467142911789
0.00970368474960738,0.510401172018661,0.9315914524113162,3.20662628496915,0.5420026745679015
0.01003478093801406,0.5126510070800705,0.9318437556322335,3.2110541506217505,0.5425507159206153
0.010363468827164423,0.5149612027748786,0.9316080715083139,3.2154840342106046,0.5430897232078151
0.010689669533542837,0.5173287479580722,0.9318684705692748,3.219915733969525,0.5436189565153949
0.011013304770545632,0.5197506020353231,0.9321259952401729,3.224349069657009,0.5441398333834427
0.011334296867269382,0.5222237010364669,0.931316434445596,3.2287838221180736,0.5446424538544158
0.01165256878715174,0.5247449634411157,0.9304767919823149,3.2332194207263583,0.5451112749584351
0.011968044146459656,0.527311295745842,0.9307531391307384,3.2376552298628245,0.5455557966900908
0.012280647232621292,0.5299195977652391,0.931020572106575,3.242090969098531,0.5459914323453364
0.01259030302239652,0.5325667676618226,0.9312840440101033,3.2465264604006974,0.5464181752691135
0.012896937199882207,0.5352497067021914,0.9315512754185232,3.25096152936944,0.546836211057866
0.013200476174347591,0.5379653237390922,0.9319109613646888,3.2553960113510345,0.5472475359560963
0.013500847097895877,0.5407105394210279,0.9321617079649517,3.2598298074554446,0.5476533800670303
0.013797977882947322,0.5434822901328383,0.9313008855243431,3.264262709476606,0.5480391858017332
0.014091797219539721,0.5462775316722315,0.9315693361199712,3.2686941483300846,0.5483990553480956
0.014382234592442684,0.5490932426685706,0.9318338822771297,3.2731238315217808,0.5487497206695905
0.014669220298080944,0.551926427751387,0.9320826038760781,3.2775515769772214,0.5490910297857879
0.014952685461262653,0.554774120476999,0.931582734892175,3.281977190597136,0.5494207018242975
0.015232562051709376,0.5576333860223984,0.9319377848539708,3.2864004204286865,0.5497399092060398
0.015508782900382835,0.5605013236561467,0.9322868538222492,3.2908211571960373,0.5500557725739432
0.015781281715605302,0.5633750689964653,0.9325414130711098,3.2952393263817767,0.5503658327256048
0.01604999309896919,0.5662517960670146,0.9327921493309725,3.299654768124569,0.5506665190171667
0.016314852561032243,0.5691287191610047,0.9328883855413576,3.3040673185230442,0.5509605441030079
0.016575796536795067,0.5720030945243897,0.9331348831131616,3.3084768785556395,0.5512485147372559
0.01683276240095605,0.5748722218688183,0.9333838018296251,3.3128832865735918,0.5515269629318138
0.01708568848294121,0.577733445724946,0.9328386873167633,3.3172863450355865,0.551793094668996
0.017334514081704947,0.5805841566464849,0.9330937681238166,3.3216857717782973,0.5520454296969479
0.017579179480298107,0.5834217922751618,0.9333462528052725,3.326081354366077,0.5522882006914789
0.017819625960199387,0.5862438382764271,0.9333372839077702,3.3304729202394947,0.552523643821599
0.01805579581540772,0.589047829155455,0.9324886936523293,3.3348603039328286,0.5527403786795934
0.018287632366291617,0.5918313489625624,0.9327428776879052,3.339242902186418,0.5529284059701428
0.018515079973191725,0.5945920318968579,0.9329962110695067,3.3436204030732792,0.5531066535842438
0.018738084049774197,0.5973275628164397,0.9333188144227235,3.3479926342568715,0.5532777195719983
0.018956591076131034,0.6000356776631238,0.932444669039529,3.352359438051077,0.5534301097809917
0.019170548611624844,0.6027141638092025,0.9327761848248863,3.356720220290015,0.5535561019017056
0.01937990530747415,0.6053608603333628,0.931874946506331,3.361074699547373,0.5536635677384544
0.019584610919076862,0.6079736582324263,0.9310860659851238,3.3654222557529136,0.5537386385068244
0.01978461631806889,0.6105505005752087,0.9313584923003425,3.3697624555376047,0.5537984914225272
0.019979873504114478,0.6130893826043521,0.9316292567950707,3.374095081551186,0.5538485555318566
0.020170335616426303,0.6155883517916274,0.9319282768690815,3.3784199667475567,0.5538914195033949
0.020355956945011536,0.6180455078518055,0.9321920812043358,3.38273701947073,0.5539282439243637
0.02053669294164254,0.6204590027198355,0.9313138098766309,3.3870460649439087,0.553951256516336
0.020712500230547545,0.6228270404957331,0.9304544430542937,3.3913467606969125,0.5539542695502838
0.02088333661882115,0.6251478773612361,0.9307326395733676,3.395638745711555,0.5539415252277728
0.021049161106550186,0.6274198214719842,0.9310072719521355,3.3999218051510964,0.5539192182671446
0.02120993389665372,0.6296412328286665,0.9312727699144699,3.404195778592323,0.5538898897616061
0.021365616404433713,0.6318105231303114,0.9315393701281833,3.4084605802977275,0.5538546141910833
0.021516171266835738,0.6339261556126399,0.9318064675287839,3.412716058235753,0.553809565845863
0.02166156235141544,0.6359866448741182,0.9320720729357539,3.4169620369468756,0.5537548515359908
0.021801754765010412,0.637990556692167,0.9323125190479419,3.4211983554209633,0.5536930582809356
0.02193671486211434,0.6399365078317253,0.9325726312409078,3.4254249305869813,0.5536255515199716
0.02206641025295176,0.6418231658481816,0.9315386681395418,3.4296415944188547,0.5535440403006404
0.0221908098112515,0.6436492488865174,0.9306904414392931,3.433847956980769,0.5534334825715455
0.02230988368171669,0.6454135254783003,0.9310124107773977,3.43804336621212,0.553296678539258
0.02242360328718988,0.6471148143380316,0.9307884626433937,3.442227631356149,0.553157042730219
0.022531941335511847,0.6487519841602061,0.9297520078906863,3.446400680597019,0.5530071076336041
0.022634871826070817,0.650323953418279,0.9300301681620711,3.4505622048573277,0.5528404096794676
0.022732370056043276,0.6518296901666601,0.9291728994893597,3.4547119286322894,0.5526519423785546
0.022824412626321962,0.6532682118466853,0.9294574272617877,3.458849253649225,0.552435579398545
0.022910977447131914,0.6546385850974611,0.9297431991209222,3.4629739011528504,0.5522104003081466
0.022992043743331688,0.655939925572352,0.9300204229347366,3.467085719530825,0.5519763238775647
0.023067592059399136,0.6571713977618079,0.9289248182674227,3.4711845329275324,0.5517283825645911
0.0231376042641013,0.6583322148231537,0.9292153931347332,3.475270012592572,0.5514640093648074
0.023202063554844943,0.6594216384178737,0.9295034317561894,3.47934196246443,0.5511911682944433
0.023260954461709765,0.6604389785568902,0.929804174389351,3.483400252957851,0.5509122651987052
0.023314262851160884,0.6613835934542441,0.9300666487465833,3.487444836966538,0.5506308333501853
0.023361975929440622,0.6622548893895641,0.9302913567978326,3.4914756922932204,0.5503469414864589
0.023404082245639227,0.6630523205796425,0.9294528175366732,3.495492726006573,0.5500463511894825
0.023440571694442972,0.6637753890593961,0.9297372920026239,3.4994954085089174,0.5497197800665535
0.023471435518559236,0.6644236445724757,0.9300212573281011,3.503483489248237,0.5493852669034553
0.023496666310818527,0.6649966844717197,0.9291476173209492,3.5074567820470626,0.5490315342900131
0.023516258015951697,0.6654941536296355,0.9282365944757389,3.51141471307636,0.5486425431258957
0.02353020593204358,0.6659157443590811,0.928540429946444,3.5153566871921518,0.548232263108389
0.023538506711661272,0.6662611963442503,0.9288793597786966,3.519282568112524,0.5478200264329474
0.023541158362657508,0.6665302965820945,0.9291696779742846,3.5231923395811893,0.5474038484276973
0.023538160248648802,0.6667228793342506,0.929500728910236,3.5270859243571264,0.5469827522950177
0.023529513089168147,0.6668388260895626,0.9297842674149502,3.5309632886311593,0.5465578602357946
0.02351521895949222,0.66687806553723,0.9300646826790233,3.534824347059313,0.5461259960592325
0.02349528129014354,0.6668405735506411,0.9303491426559612,3.5386689934901665,0.5456872617412404
0.023469704866067153,0.6667263731818963,0.9306336754094839,3.542497123941316,0.5452416741351281
0.023438495825482058,0.666535534667042,0.9293534323719997,3.546308611256753,0.5447845068382684
0.023401661658408037,0.6662681754419929,0.9296422824640627,3.550103187418673,0.5443136729614356
0.023359211204868564,0.6659244601691406,0.9287475537835409,3.553880666326502,0.5438274411773737
0.02331115465276857,0.6655046007745901,0.9278135107429507,3.5576405977112455,0.5433130535741602
0.023257503535449933,0.665008856495992,0.9268404345461632,3.5613824742331546,0.5427726344701557
0.02319827072892327,0.6644375339408832,0.9271589649759178,3.56510587407045,0.5422157856900776
0.02313347044877786,0.6637909871554616,0.9274739491586349,3.568810659893794,0.541654046537687
0.023063118246769848,0.6630696177036768,0.9278982992659144,3.5724967788664044,0.5410889441594579
0.022987231007090016,0.6622738747565138,0.9275771466065699,3.576164233176148,0.5405230617947719
0.022905826942311643,0.6614042551913119,0.927167606483536,3.5798130493308102,0.5399567844568905
0.022818925589019455,0.6604613037009394,0.9266705607658866,3.5834432574730344,0.539390158614124
0.02272654780312124,0.6594456129126104,0.925716716610269,3.5870548464354397,0.5388149863886875
0.022628715754841915,0.6583578235160948,0.9247234201599026,3.5906475257673147,0.538220104628705
0.022525452923403765,0.6571986244010579,0.9250499459789201,3.5942209907468863,0.5376130621448907
0.022416784091390446,0.6559687528031676,0.9253729418464826,3.5977751526531243,0.5370025645426372
0.022302735338800124,0.6546689944586429,0.9257475693323928,3.6013099866965432,0.5363897100405955
0.022183334036785927,0.6533001837667834,0.9260629212986116,3.604825500597045,0.5357750712330539
0.02205860884108715,0.6518632039600181,0.9263743872460485,3.60832167782549,0.5351572436735045
0.021928589685152104,0.6503589872809263,0.9266830298854491,3.6117984949644084,0.5345363838023988
0.021793307772954136,0.648788515165614,0.9269882245414969,3.6152559307765206,0.5339125340468601
0.021652795571502664,0.6471528184327471,0.9272871048038127,3.618693965548448,0.5332858600370239
0.021507086803051727,0.6454529774774773,0.9275826935501215,3.6221125827850105,0.5326564547544199
0.0213562164370062,0.6436901224693734,0.9278770814238458,3.6255117672778807,0.5320243694375124
0.0212002206815297,0.6418654335533895,0.9284438797388678,3.628891509189604,0.5313905086409406
0.021039136974854804,0.6399801410527817,0.928978282743781,3.632251828561471,0.530756106478706
0.02087300397629797,0.6380355256727566,0.9279819511481879,3.6355927315686016,0.5301170234563651
0.02070186155698119,0.636032918703503,0.9282717122047294,3.6389141050106817,0.5294710788289531
0.02052575079026368,0.6339737022211265,0.9285580749621657,3.6422159187454106,0.5288233808372766
0.02034471394188412,0.631859309284816,0.9291010687544204,3.6454981799251795,0.5281744922915119
0.0201587944598171,0.6296912241284294,0.9296102857416134,3.648760915230962,0.5275253243455967
0.019968036963845807,0.6274709823444888,0.9285895925849637,3.65200414559076,0.5268734196691118
0.019772487234853604,0.6252001710583708,0.9275235006120632,3.655227816182251,0.5262165777073495
0.019572192203836852,0.6228804290902676,0.9278101921118158,3.6584318965492946,0.5255576998488065
0.019367199940641403,0.6205134471022684,0.9263923883652387,3.661616410236557,0.5248992267379237
0.01915755964242673,0.6181009677276469,0.9249873622432251,3.664781428656411,0.524243514067987
0.018943321621857655,0.6156447856792049,0.9255471004963972,3.6679270558227337,0.5235903904330611
0.018724537295031065,0.6131467478332115,0.9260628232712244,3.671053350746493,0.5229374719035903
0.018501259169135066,0.6106087532852018,0.9249781054136755,3.674160364287,0.5222866833424089
0.018273540829848146,0.6080327533735841,0.9238468249382867,3.677248230343947,0.521642795004001
0.018041436928478576,0.6054207516666488,0.9226679647385821,3.680317156070943,0.5210089109210256
0.017805003168848595,0.6027748039082769,0.9232425228828839,3.6833673820086723,0.5203824547119955
0.017564296293925547,0.6000970179172133,0.9236584570394122,3.6863990034063834,0.5197566817619982
0.01731937407220405,0.5973895534344684,0.9239554681512815,3.6894120776240498,0.519132534510038
0.017070295283841512,0.5946546219129542,0.924248148241653,3.6924066865795475,0.5185109151757314
0.01681711970655166,0.5918944862431097,0.9230338735017132,3.695382943091932,0.5178971094054814
0.016559908101257625,0.589111460407827,0.9236016129081007,3.6983411216062154,0.517293444987551
0.01629872219751013,0.5863079090595825,0.9240162850175364,3.7012813380080147,0.5166908099480709
0.01603362467867226,0.5834862470122716,0.9225900443335208,3.704203684480263,0.5160962623407429
0.015764679166876055,0.5806489386397833,0.9211575370654349,3.707108508973177,0.5155219004157119
0.0154919502077533,0.5777984971729927,0.9217158541350068,3.709996233596699,0.5149613135434447
0.015215503254945095,0.5749374838863768,0.9220021852354069,3.7128670044154664,0.5144029230010628
0.014935404654393098,0.5720685071651411,0.920637116163327,3.7157209621257734,0.5138567130014007
0.014651721628416905,0.5691942214433134,0.9209224109320516,3.7185585154951757,0.5133275104700808
0.01436452225958103,0.5663173260029697,0.9196021774157201,3.721379918528644,0.5128122832541513
0.01407387547435537,0.563440563624439,0.920146508037817,3.7241856193679563,0.5123146086954679
0.013779851026573182,0.5605667190771071,0.9204126976264031,3.7269757917892976,0.5118197629088761
0.013482519480690673,0.5576986174402185,0.9206726784684104,3.72975055368484,0.5113300614220947
0.013181952194851491,0.5548391222429979,0.9193969642008544,3.7325100919072414,0.5108561540307124
0.012878221303761508,0.5519911334133674,0.9196587056553982,3.735254915001881,0.5104037278299695
0.012571399701376627,0.5491575850245711,0.9200785018674321,3.7379852638522024,0.5099554354017127
0.01226156102340862,0.5463414428292467,0.9203249358465553,3.7407012257720007,0.5095104729809898
0.011948779629652946,0.5435457015707253,0.9205717263884252,3.7434029289968027,0.5090713560644261
0.011633130586142498,0.5407733820618169,0.9194313146363534,3.7460905803096622,0.508650339322546
0.011314689647132852,0.5380275280219081,0.919675119343765,3.748764756204103,0.5082539057378942
0.010993533236920552,0.5353112026639519,0.9200853511494483,3.7514257216779385,0.5078619059184033
0.010669738431502563,0.5326274850238923,0.9203099417919366,3.7540735657194655,0.5074735813590191
0.010343382940077892,0.5299794660261524,0.9207122061785188,3.7567084178012253,0.5070901014118344
0.01001454508639782,0.5273702442801961,0.9209388266492959,3.759330372589703,0.5067103935717664
0.009683303789968827,0.5248029216047014,0.9211608869479364,3.7619395674683753,0.5063372759974007
0.009349738547112057,0.5222805982776368,0.9213613398200174,3.764536161208391,0.5059708241540882
0.009013929411884567,0.5198063680125815,0.9215574829886349,3.7671203118833567,0.5056110727772668
0.008675956976866867,0.5173833126637902,0.9217493878603047,3.7696921794471687,0.5052581158660001
0.008335902353821074,0.5150144966649971,0.9219369702198531,3.772251925153231,0.5049120652088542
0.00799384715422438,0.5127029612095825,0.9223157375904424,3.7747997022000206,0.504571020776264
0.007649873469682711,0.510451718182597,0.9209482621136933,3.7773356725429448,0.5042475996360019
0.00730406385222922,0.508263743858168,0.9195246925776095,3.7798605292591527,0.5039660483955958
0.006956501294512194,0.5061419723790047,0.918046097017173,3.782375148706086,0.50372813221175
0.006607269209877058,0.5040892890380271,0.9182379778847047,3.7848803630109,0.5035201053292707
0.006256451412347832,0.5021085233855479,0.9188346168727562,3.7873764800232843,0.5033173895329544
0.005904132096511859,0.5002024421888456,0.9190147379176165,3.789863591129553,0.5031189461118243
0.005550395817313752,0.49837374227440223,0.9194248907256439,3.7923418331256293,0.5029259119240905
0.0051953274697625305,0.49662504328641227,0.9195964462647234,3.794811298626263,0.5027372001671397
0.004839012268557209,0.4949588803983709,0.9197636052326432,3.7972721372594527,0.5025562681436972
0.0044815357276356705,0.4933776970175749,0.9189984344640801,3.799724608964374,0.502400636487149
0.0041229836396518196,0.4918838375250817,0.9174215534139603,3.802162169341417,0.5015452220261485
0.003763442055385627,0.4904795400961024,0.9157911551298686,3.8045778090133155,0.5006938945945839
0.0034029972630914493,0.48916692964776237,0.9159511952917553,3.80697164857809,0.49984559813496876
0.0030417357677892365,0.48794801096272095,0.9161215391764295,3.809343769515491,0.49899854979776753
0.002679744270503754,0.486824662038087,0.9162872566356721,3.811694235311182,0.4981524200592456
0.0023171096474566806,0.48579862770949644,0.9168582258879593,3.8140231117872143,0.4973074572591278
0.001953918929216879,0.4848715135999645,0.9151553604637042,3.8163304677754324,0.49646466776529713
0.0015902592798133206,0.48404478044222454,0.9133999511146965,3.8186164161966953,0.4956260150293775
0.0012262179758162392,0.48331973882167534,0.9139377944372127,3.820881076630564,0.4947902760587549
0.0008618823853910827,0.4826975443847678,0.9121296364675402,3.823124529941331,0.49395679996606556
0.0004973399473307378,0.48217919355469585,0.9122847854150776,3.8253468849880377,0.4931263676983163
0.0001326781500703944,0.48176551979259435,0.9124346678425098,3.827548204839816,0.4922951803615908
-0.00023201548930899273,0.4814571904382218,0.9129383765260988,3.8297285133740573,0.49146383791403087
-0.0005966534460845968,0.48125470415924765,0.9128449426852541,3.831887864755642,0.4906334930422256
-0.0009611482088971266,0.48115838903295155,0.912980529598524,3.8340263240671906,0.4898044254418388
-0.001325412300753141,0.48116840127841765,0.9131112722252377,3.8361439598443576,0.4889767875881102
-0.0016893583000191495,0.4812847246512451,0.913465874686839,3.838240840056162,0.48815006448262815
-0.0020528988614023184,0.48150717050653646,0.9115219550402456,3.840317023231792,0.4873252445974023
-0.0024159467369129803,0.48183537852956493,0.9095333179619776,3.8423726226228796,0.4865048853934586
-0.0027784147968037383,0.48226881812717204,0.9075031497122558,3.844407769779382,0.48568908336336825
-0.0031402160504801035,0.4828067904666998,0.9054293712300869,3.846422596087956,0.4848778224702247
-0.0035012636673779404,0.4834484311432886,0.9055915056584771,3.848417227073142,0.4840697644152672
-0.0038614709978022676,0.4841927134506878,0.9057477565347646,3.85039173740377,0.48326271167371276
-0.00422075159372285,0.4850384522254985,0.9036302842859839,3.852346196409053,0.48245822441940306
-0.0045790192295212875,0.4859843082300476,0.9037911074620383,3.8542807176818026,0.4816571742691935
-0.0049361879226847505,0.487028793034938,0.9016394902857958,3.856195389106446,0.4808588197414361
-0.005292171954441353,0.4881702743587988,0.901805770962799,3.858090323130632,0.4800636828244204
-0.005646885890332245,0.4894069818199319,0.9023487415770134,3.8599655946525466,0.4792694897761801
-0.006000244600715538,0.4907370130523724,0.9025030444281028,3.861821258239276,0.47847607366840095
-0.006352163281196922,0.49215834013742726,0.9003182236743649,3.8636573803625804,0.47768527844369824
-0.006702557472982356,0.4936688163009863,0.8980999485292466,3.8654740828481735,0.4768994068819326
-0.0070513430831477455,0.4952661828267778,0.9013692201914426,3.8672714861010307,0.47611502849108867
-0.007398436404820945,0.4969480761362488,0.8991087324595018,3.8690496057438906,0.47533033791728674
-0.007743754137270825,0.4987120349868549,0.8992914388116591,3.8708085368387937,0.47454910262461575
-0.008087213405899196,0.500555507742144,0.8998672922805191,3.8725483544550676,0.47376875262944157
-0.008428731782130263,0.5024758596690956,0.905412186369384,3.874269095339685,0.4729860381533041
-0.008768227303193078,0.5044703802206523,0.9031471413112655,3.875970713879939,0.47220107332523126
-0.009105618491792235,0.5065362902641667,0.9033113131784036,3.8776532914578645,0.4714195970313306
-0.00944082437566204,0.5086707492195355,0.9010211888075783,3.8793169177497604,0.4706414813209784
-0.009773764506999362,0.5108708620740446,0.9011917945440112,3.88096171617034,0.4698666945175216
-0.0101043589817709,0.5131336862442875,0.908843965872263,3.8825877374967703,0.46908890058059605
-0.010432528458889619,0.5154562382589684,0.9159074027482764,3.884194881263911,0.46830242526384414
-0.010758194179256268,0.5178355002397896,0.9160118784901339,3.885783038148481,0.46751158488092354
-0.011081277984661233,0.5202684261610525,0.9161104424301484,3.8873522332726114,0.4667219886608219
-0.011401702336542086,0.5227519478718522,0.9165476902075768,3.888902528003027,0.46593337772881127
-0.011719390334592447,0.5252829808679171,0.916630932113642,3.8904339764399967,0.4651456461169016
-0.012034265735217799,0.5278584298031774,0.9167087609156864,3.8919466383472283,0.4643591365923099
-0.012346252969833393,0.5304751937339234,0.9144698602962871,3.8934405829054404,0.4635752947070354
-0.012655277163000592,0.5331301710910673,0.914553776433765,3.8949159231146577,0.46279492238736997
-0.012961264150396347,0.5358202643784116,0.9146325969906659,3.8963727366239733,0.46201581188758467
-0.013264140496612498,0.5385423845970042,0.9147065081609737,3.897811084463841,0.461237884782459
-0.013563833512779828,0.5412934553976286,0.9147756888758714,3.8992310273206234,0.4604611308473214
-0.013860271274013009,0.5440704169651874,0.9125041662873848,3.900632632758957,0.45968704044427117
-0.014153382636672398,0.5468702296402622,0.910208562280842,3.902016021600817,0.4589180050134769
-0.014443097255437857,0.5496898772844278,0.9078863365995428,3.903381331606054,0.45815399492180425
-0.014729345600191578,0.5525263703969777,0.9079885117165387,3.904728689948546,0.4573933380766643
-0.015012058972704889,0.5553767489916382,0.9056502264283237,3.9060581775962437,0.4566354212996789
-0.015291169523125498,0.5582380852425601,0.9057615054637684,3.9073699094713805,0.45588107814904577
-0.015566610266261004,0.5611074859094399,0.9058677959005492,3.9086639593552044,0.45512778892198713
-0.01583831509765529,0.5639820945520285,0.9059690311194464,3.909940384084892,0.454375654265224
-0.01610621880945305,0.5668590935445591,0.9060647279453105,3.9111992447268564,0.4536248370160871
-0.01637025710604943,0.5697357059007895,0.9061559435218978,3.9124405978100323,0.4528749644485081
-0.016630366619520668,0.5726091969203632,0.9066279928169885,3.9136644988383438,0.45212602691851594
-0.01688648492483218,0.5754768756672002,0.9067075606802182,3.9148709979261738,0.4513779353832819
-0.017138550554819963,0.5783360962904412,0.9070130270002068,3.916060150834109,0.45063088442946203
-0.01738650301494292,0.5811842591983061,0.9070830366520024,3.917232010067787,0.449884783095194
-0.017630282797800774,0.5840188120949588,0.907148636576408,3.918386633620111,0.44913993625478577
-0.017869831397415853,0.5868372508901755,0.9072098734761146,3.9195240806888894,0.44839635119741716
-0.018105091323274217,0.5896371204912446,0.9072671686331731,3.9206444098853,0.44765393172568585
-0.018336006114122755,0.5924160154862013,0.9073207597039539,3.9217476803647515,0.4469128313890728
-0.018562520351520242,0.5951715807270591,0.9073708328064328,3.9228339517796234,0.44617300353057193
-0.018784579673137,0.5979015118213266,0.9074175446746573,3.9239032846274684,0.44543452775880027
-0.01900213078580179,0.6006035555396642,0.9074604205356275,3.9249557413012055,0.44469759490707833
-0.019215121478291696,0.6032755101471148,0.9074997464124008,3.9259913850741612,0.4439620004247701
-0.019423500633863163,0.6059152256649297,0.9075363321066996,3.9270102752257388,0.4432277199019144
-0.01962721824251893,0.6085206040695904,0.9079385906423018,3.9280124714418423,0.44249453387607224
-0.019826225413010892,0.6110895994352019,0.9079668892715708,3.928998022463741,0.44176214591066854
-0.020020474384573394,0.6136202180250679,0.9079928972715019,3.929966985763108,0.4410312242286765
-0.020209918538385687,0.6161105183378347,0.9080165548364365,3.9309194234776075,0.4403017119759904
-0.0203945124087602,0.6185586111132306,0.9057516560392429,3.931855405534386,0.4395753100632902
-0.020574211694054146,0.6209626593020782,0.9046545040155459,3.932775053515842,0.4388534330893425
-0.02074897326730166,0.6233208780048951,0.9047013381238662,3.9336784698381284,0.43813406647958797
-0.020918755186564022,0.6256315343830846,0.9047457792443808,3.9345657216734997,0.4374160644118862
-0.02108351670499565,0.6278929475463906,0.904787936182698,3.9354368688495027,0.43669941440900634
-0.021243218280622936,0.6301034884200284,0.902572336973262,3.9362919787865396,0.4359857608856217
-0.021397821585834434,0.6322615795945873,0.9014672887222313,3.9371311693522038,0.43527649283485964
-0.021547289516578905,0.6343656951615696,0.9015356636083729,3.9379545417992285,0.43456984797547543
-0.0216915862012705,0.6364143605371767,0.9016018472038834,3.938762163620211,0.4338644881106747
-0.021830677009397517,0.6384061522767226,0.8994413948053968,3.939554099146281,0.43316196291590414
-0.021964528559833763,0.6403396978818493,0.8996839997951509,3.940330458699808,0.4324628617451233
-0.022093108728849523,0.6422136756025133,0.8998555254760036,3.9410913083443244,0.43176451410316663
-0.022216386657821472,0.6440268142355423,0.8977378596560605,3.9418366907943088,0.4310677919921497
-0.022334332760638485,0.6457778929213696,0.8978333672542168,3.94256670831205,0.4303747881412185
-0.022446918730802012,0.6474657409404303,0.8967889629169206,3.9432814376456937,0.42968382022252105
-0.022554117548219666,0.6490892375105213,0.8957781567811344,3.9439809646913537,0.42899596727764666
-0.022655903485689757,0.6506473115863246,0.8958940923081572,3.9446653782391374,0.4283105276933229
-0.022752252115075935,0.6521389416621574,0.8960071438222363,3.945334743488252,0.4276265081279815
-0.022843140313169776,0.6535631555789089,0.8940041122557535,3.94598912458722,0.4269451887840109
-0.02292854626723983,0.6549190303360088,0.8941352678654337,3.946628627037973,0.4262672732521176
-0.023008449480267118,0.6562056919092014,0.8945545003283927,3.9472533170188404,0.42559028542010136
-0.02308283077586408,0.6574223150747919,0.8946779935740642,3.9478632419104467,0.42491437255682063
-0.02315167230287694,0.6585681232409741,0.8950874145280661,3.9484584570035874,0.42423966811834246
-0.02321495753966957,0.659642388286766,0.8931437976346711,3.949039017580851,0.423567355467661
-0.02327267129808886,0.6606444304090254,0.8912351645964844,3.9496050358202845,0.42290008263817225
-0.02332479972710984,0.6615736179779609,0.8913935570531153,3.9501566328000677,0.4222361857252545
-0.023371330316159924,0.662429367401491,0.891819178972801,3.950693871573607,0.42157309435244483
-0.023412251898120906,0.6632111429987835,0.8919669440320405,3.951216796452231,0.42091091091535116
-0.02344755465200968,0.6639184568832325,0.8921137595781989,3.951725458588581,0.4202499900188315
-0.023477230105334777,0.6645508688551279,0.8922582331881411,3.9522199108912206,0.41959027130817317
-0.023501271136129702,0.6651079863042106,0.8904312798142604,3.952700215760042,0.4189334094715902
-0.02351967197466267,0.6655894641222985,0.8905196489269861,3.9531664778143845,0.41827985951726243
-0.023532428204820505,0.6659950046261303,0.8906800875594971,3.9536187608698627,0.4176274667336781
-0.02353953676516952,0.6663243574905444,0.8889161310374915,3.954057127572191,0.4169779678127118
-0.0235409959496891,0.6665773196921108,0.8890983426796745,3.9544816820576956,0.4163318168507272
-0.02353680540818206,0.6667537354632954,0.889278610064306,3.954892491528578,0.4156870271212061
-0.023526966146358217,0.6668534962572116,0.8894574281982462,3.955289610714694,0.41504355098649665
-0.023511480525593285,0.6668765407230299,0.8896328819913838,3.9556730915893143,0.4144012626489874
-0.023490352262361767,0.6668228546920627,0.8879667200599152,3.956042993855235,0.4137617059424299
-0.023463586427345483,0.6666924711745462,0.8881649554953602,3.9563994123459656,0.41312468715465167
-0.023431189444216433,0.6664854703671335,0.8865607884209129,3.9567424085545526,0.4124902234238702
-0.023393169088094943,0.6662019796710741,0.8869659443028004,3.9570720796355663,0.4118586597877363
-0.02334953448368399,0.6658421737210704,0.8871764134404532,3.9573884814848825,0.41122802884529963
-0.023300296103079217,0.6654062744247544,0.8875960625672026,3.9576916632453423,0.4105985239605672
-0.02324546576325565,0.6648945510127456,0.8876255459169289,3.957981670075638,0.40996986264774116
-0.023185056623231625,0.6643073200991974,0.887828726658553,3.9582585462368027,0.40934221447809516
-0.023119083180910688,0.6636449457527667,0.8880311251594085,3.9585223411919603,0.4087157988281083
-0.023047561269602408,0.6629078395778607,0.8882304479203748,3.958773105467317,0.4080906258912811
-0.022970508054222155,0.662096460806055,0.8884285995960681,3.9590108904997505,0.4074667102319279
-0.0228879420271718,0.661211316397509,0.8886260381711601,3.9592357477614453,0.4068441252976269
-0.02279988300390144,0.6602529611521947,0.889019780387333,3.9594477279145264,0.4062226009889169
-0.02270635211815389,0.6592219978307169,0.8892120308947405,3.9596468769774336,0.40560220625084825
-0.022607371816893002,0.6581190772844757,0.8894061470257971,3.9598332451839484,0.40498306565579967
-0.022502965854915704,0.6569448985948816,0.8879824737856705,3.9600068892006295,0.40436637081145776
-0.02239315928915181,0.6557002092212852,0.8883782406120836,3.960167900315235,0.403752543549879
-0.022277978472650006,0.6543858051572401,0.8870117428917887,3.9603163382921647,0.40314068017839694
-0.022157451048253386,0.6530025310946612,0.8872470376359388,3.96045229141343,0.40253193738660636
-0.022031605941965182,0.6515512805953985,0.8859500887983439,3.9605758289401143,0.40192560598626376
-0.02190047335600686,0.6500329962696482,0.8847095841747791,3.960687046487345,0.4013234239451247
-0.021764084761569675,0.6484486699605855,0.8849942234521518,3.960786044323114,0.4007240544394468
-0.021622472891261513,0.6467993429344977,0.8852786140821763,3.960872880246521,0.4001258407825541
-0.0214756717312514,0.6450861060756317,0.8842684138355908,3.9609476048945518,0.39952942072898734
-0.02132371651311326,0.6433101000848511,0.8845743020315856,3.9610102890261087,0.39893515577099453
-0.021166643705369893,0.6414725156811109,0.8848799469307684,3.961060984144301,0.39834183978130566
-0.02100449100474125,0.6395745938046324,0.8851825763481366,3.961099733944564,0.3977496270528092
-0.020837297327097104,0.6376176258205406,0.8854879711084886,3.961126585065761,0.3971584811134029
-0.02066510279811747,0.635602953721581,0.8857932709134296,3.9611415810808945,0.39656830208463295
-0.020487948743662807,0.6335319703284044,0.8862363625044727,3.9611447641737514,0.3959789326483668
-0.020305877679855797,0.6314061194857072,0.8865361508560269,3.9611361721762797,0.3953903309722162
-0.02011893330287769,0.6292268962523988,0.8868323379287107,3.9611158474095753,0.3948027738767453
-0.01992716047848176,0.6269958470837087,0.8871281466280205,3.9610838336882646,0.3942161886614107
-0.019730605231225162,0.6247145700030119,0.8874239856555287,3.961040174310816,0.39363064088744915
-0.019529314733423887,0.622384714760875,0.8873838144612822,3.9609849131102055,0.3930461276220708
-0.019323337293831053,0.6200079829786309,0.8864726844739673,3.9609180977551564,0.3924633551543022
-0.019112722346043387,0.617586128273525,0.8856152817205191,3.9608397995823084,0.391883309636141
-0.018897520436637547,0.6151209563621953,0.8848139869020407,3.960750093981786,0.3913057871149931
-0.018677783213038646,0.6126143251390023,0.8840661773218588,3.9606490545029307,0.3907308276340105
-0.018453563411125574,0.6100681447253777,0.8833684800724552,3.9605367533379496,0.3901582362364873
-0.01822491484257461,0.607484377486081,0.8824159205373807,3.9604132580171223,0.3895878535911845
-0.017991892381944482,0.6048650380079065,0.8828664003973395,3.9602786328150144,0.389019110222757
-0.017754551953507273,0.6022121930360167,0.88230860830188,3.9601329222813733,0.3884515079343535
-0.017512950517826538,0.5995279613627437,0.882784609029799,3.959976176232736,0.3878850384251825
-0.017267146058087105,0.5968145136632957,0.8832578706741017,3.959808429331576,0.3873189854679254
-0.017017197566179434,0.5940740722724217,0.8837326375894261,3.959629711755921,0.38675330063278135
-0.016763165028541624,0.591308910895679,0.8842061983990365,3.9594400526760443,0.38618803148566055
-0.016505109411763533,0.5885213542485513,0.8828134184749722,3.959239488328297,0.3856242374446619
-0.016243092647954413,0.585713777616212,0.8832990325868285,3.959028083683145,0.3850622788617369
-0.015977177619879667,0.5828886063263504,0.8837838826031165,3.9588058787316043,0.38450090455913744
-0.015707428145869756,0.5800483151270173,0.8842642734362574,3.958572906098221,0.3839399436698182
-0.015433908964503555,0.5771954274610589,0.8847428109224948,3.9583291952772948,0.38337946780645393
-0.015156685719071665,0.5743325146282926,0.8843817797292425,3.958074783323304,0.3828201918667041
-0.01487582494182228,0.5714621948261994,0.8848844650412342,3.957809716698562,0.3822618311798033
-0.014591394037993735,0.5685871320595391,0.8830364123996509,3.9575340339875162,0.3817051511681553
-0.014303461269637567,0.5657100349089748,0.8835420762561963,3.957247808521279,0.3811507030810493
-0.014012095739236138,0.5628336551485132,0.8840477641502401,3.956951081098646,0.3805966890801877
-0.01371736737311809,0.5599607862013001,0.883768121460618,3.956643882712017,0.38004329248711033
-0.013419346904676537,0.557094261423191,0.8835166771090913,3.9563262493953277,0.379490673579439
-0.01311810585739334,0.5542369522033644,0.8840625421866167,3.955998214391578,0.3789384715128491
-0.012813716527673883,0.5513917658712605,0.8846066574507941,3.955659803317747,0.37838639620124237
-0.01250625196749611,0.5485616433992178,0.885300077066917,3.955311039636459,0.377834535855847
-0.012195785966878618,0.5457495568903543,0.8851067768039143,3.9549519499679278,0.3772830721587892
-0.011882393036171342,0.5429585068415912,0.8856198971095285,3.954582565771617,0.37673220388776485
-0.011566148388173115,0.5401915191721648,0.8861687987499717,3.9542029168189425,0.3761816211807033
-0.01124712792008151,0.5374516420086057,0.8860064211188561,3.95381302738603,0.37563133412207117
-0.010925408195277559,0.5347419422179556,0.8865673051899693,3.9534129295532443,0.37508166674828297
-0.01060106642495086,0.5320655016819681,0.8846277835677755,3.953002657002899,0.3745334639148369
-0.010274180449569365,0.5294254133062036,0.8851900730565176,3.952582278988707,0.3739874411825258
-0.009944828720198121,0.5268247767593373,0.8857494693236617,3.9521518338809605,0.3734416430853799
-0.009613090279671133,0.5242666939395413,0.8863073958616493,3.951711345358607,0.37289600912392534
-0.009279044743621793,0.5217542641667033,0.8868621787771348,3.9512608369756834,0.3723505506831598
-0.008942772281375242,0.519290579101189,0.8867550399380697,3.950800331397752,0.3718051774693787
-0.00860435359670824,0.5168787173922166,0.8848564477167963,3.9503298570828935,0.37126124910938096
-0.008263869908480619,0.5145217390613367,0.8828998201127213,3.949849489920141,0.37072083871481964
-0.007921402931143249,0.512222679629256,0.8828106530943819,3.9493593142435452,0.37018263269934243
-0.007577034855126668,0.5099845439971085,0.8833988721407162,3.9488593661481035,0.3696446194795724
-0.0072308483271161725,0.507810300096369,0.8839282758901182,3.94834966962895,0.3691068711234701
-0.006882926430216686,0.5057028723248098,0.8845075109661439,3.947830251305583,0.36856946651556655
-0.0065333526640134025,0.5036651347892533,0.8844382676132094,3.947301134901923,0.36803219350297894
-0.006182210924532189,0.5016999043792366,0.8843608806158849,3.9467623408993107,0.3674945646017568
-0.005829585484104904,0.4998099336991938,0.8823800990126646,3.946213869945934,0.36695683524129835
-0.0054755609711446464,0.49799790389010984,0.8829291141426944,3.945655780821748,0.36642145344698607
-0.0051202223498351095,0.4962664173749568,0.8809833509930132,3.945088121069144,0.3658878293561011
-0.0047636548997397705,0.49461799056537353,0.87907404690976,3.9445109701764114,0.36535786854793195
-0.00440594419533498,0.4930550465700229,0.877261770104969,3.9439244200421273,0.36483141609488945
-0.00404717608547278,0.49157990794770784,0.8754988370416618,3.9433285535839184,0.3643079572924383
-0.003687436672777359,0.49019478955068263,0.8753411676518642,3.942723443170849,0.36378638740222785
-0.0033268122929809288,0.4889017915054524,0.8759482864010496,3.9421091228254683,0.36326500268286804
-0.0029653894942036074,0.48770289237980524,0.8757972558968554,3.9414856124584894,0.3627435879950747
-0.002603255016182179,0.48659994258565387,0.8764115214205269,3.9408529325263206,0.3622224445378831
-0.002240495769453068,0.48559465806754853,0.8770214255153774,3.940211104941536,0.3617013420608995
-0.0018771988144941462,0.4846886143263506,0.8755518394791626,3.939560153052583,0.36118121563157407
-0.0015134513408307456,0.4838832408264875,0.876153362564036,3.93890012924386,0.3606625855705055
-0.0011493406461104759,0.4831798158334966,0.8767505379789021,3.938231062654172,0.3601440379351944
-0.0007849541151522606,0.48257946172611654,0.8753263819329836,3.937552978515749,0.35962655690846695
-0.000420379198974407,0.4820831408240633,0.8759152773434776,3.9368659286509584,0.3591105070197473
-5.570339380677236e-05,0.4816916517688695,0.8768473177053752,3.936169942041777,0.3585945834664841
0.00030898577990791387,0.48140562649076735,0.8777274278829604,3.9354650390751726,0.3580789083258659
0.0006736007985185595,0.48122552778966093,0.878297959101672,3.934751250098864,0.35756396709156274
0.0010380541561708873,0.48115164755281725,0.8771500529586599,3.934028604622326,0.3570500735450877
0.0014022583858085335,0.48118410562610436,0.8777039116066042,3.933297153639147,0.3565375789350983
0.0017661260801646273,0.4813228493494835,0.8782583894863778,3.9325569264804114,0.3560252563865517
0.0021295699127391447,0.48156765376118543,0.8788083616299449,3.931807942655492,0.3555130090911025
0.0024925026587568856,0.4819181224686311,0.8785355975139336,3.9310502226050708,0.3550009496981773
0.0028548372161009425,0.4823736891778006,0.8790903679720571,3.930283785805348,0.35448894359640526
0.0032164866262168346,0.4829336198665859,0.8796347180996019,3.9295086521602376,0.35397713826142213
0.003577364094982111,0.4835970155817242,0.8801787190884772,3.9287248447172685,0.35346562773760837
0.003937383013536564,0.48436281583330826,0.8807179272300895,3.9279323848284493,0.35295426193324175
0.0042964569790678985,0.4852298025557662,0.8804327373213681,3.9271312930960334,0.35244312454101945
0.004654499815548006,0.48619660459956915,0.8801181623713573,3.9263215954777224,0.3519326858176294
0.005011425594414799,0.4872617027139213,0.880986766915931,3.9255033221910844,0.35142264855018585
0.005367148655194667,0.4884234349773055,0.8806431573862049,3.92467649558603,0.35091290515154727
0.005721583626060571,0.4896800026300598,0.8811868573085194,3.9238411407272147,0.3504035520701951
0.006074645444320851,0.4910294762611287,0.8817246192319307,3.9229972799342425,0.3498943616458769
0.0064262493768338985,0.4924698022998558,0.8822570283807518,3.9221449334786698,0.34938537609492687
0.006776311040343656,0.49399880976301147,0.8827840250587649,3.9212841215207406,0.34887646234143593
0.0071247464217312675,0.4956142172072944,0.882388253448877,3.9204148627788604,0.3483678289101523
0.007471471898177729,0.4973136398381724,0.8829122699735207,3.919537184815336,0.34785978151164904
0.00781640425723306,0.4990945967271427,0.8824604851454102,3.918651115000468,0.3473523925561324
0.008159460716786866,0.5009545180912031,0.8819566241039989,3.917756688255491,0.34684606585457384
0.008500558944935519,0.5028907525904719,0.8813910480073878,3.916853943498327,0.34634086760903965
0.008839617079741659,0.5049005746024812,0.8807630548383186,3.91594292078694,0.34583698826078807
0.009176553748880446,0.506981191434467,0.8812829696261002,3.9150236632752295,0.34533407456559984
0.00951128808916866,0.5091297504381175,0.8817937059857586,3.914096200094856,0.3448319400888357
0.0098437397659714,0.5113433459944939,0.8822997286402169,3.913160566064349,0.3443305262900542
0.010173828992482115,0.5136190263402093,0.8820177565545944,3.9122167871147417,0.3438295813020842
0.01050147654887089,0.5159538002093923,0.8825120803028333,3.911264891701923,0.3433292272452501
0.010826603801296951,0.518344643269378,0.8829986988582289,3.9103049034106268,0.3428290909599715
0.011149132720780462,0.5207885043314271,0.882215822207305,3.909336846014178,0.3423298138318031
0.011468985901928882,0.5232823113210552,0.8831158884303539,3.9083607609481956,0.3418315855088173
0.011786086581514107,0.5258229769956698,0.8835872804519614,3.907376673473868,0.3413336007304408
0.01210035865689518,0.5284074044001937,0.8840518005337976,3.9063846063120584,0.3408360128493313
0.012411726704282613,0.5310324920541323,0.8845061533415765,3.905384583669832,0.3403388444553697
0.01272011599683959,0.5336951388660949,0.8849532354641467,3.904376630460373,0.3398421609587261
0.01302545252261628,0.5363922487741801,0.8858831356591879,3.9033607701070587,0.33934554130596795
0.013327663002312157,0.5391207351127156,0.8863194675203826,3.9023370118656904,0.3388486343220213
0.01362667490686276,0.541877524707789,0.8868749453947933,3.9013053762096694,0.3383522228659727
0.013922416474846327,0.5446595617056774,0.8874072396266145,3.900265887749608,0.3378562349410043
0.014214816729706132,0.5474638111397326,0.8878255753216007,3.8992185696003197,0.3373606059627169
0.014503805496784627,0.5502872622425564,0.8886321254316578,3.8981634443681514,0.3368652211787651
0.014789313420164854,0.5531269315113259,0.8893902368270467,3.8971005315287517,0.3363700440829239
0.015071271979315763,0.5559798655350154,0.8897917474558575,3.8960298516586294,0.3358752262526139
0.015349613505536534,0.5588431435929367,0.8888539941252603,3.8949514338787097,0.3353817019620628
0.015624271198197063,0.5617138800345362,0.8895782802275359,3.89386532873579,0.3348896241003416
0.01589517914076948,0.5645892264507957,0.8899653910127134,3.8927715643527923,0.33439767564784395
0.016162272316647925,0.5674663736477916,0.8903458137648154,3.8916701516389494,0.333905486839979
0.016425486624752312,0.570342553433128,0.8907197554240687,3.8905611148807187,0.33341420315107895
0.016684758894912284,0.5732150402259671,0.8930013511008809,3.8894444778654087,0.33292231643619213
0.016940026903027428,0.5760811525013078,0.8933613235357619,3.888320228187212,0.33242941380159424
0.01719122938600117,0.5789382540790338,0.8938459336774068,3.887188381717738,0.33193698844553376
0.01743830605644342,0.5817837552680293,0.897199614321722,3.886048954343297,0.3314434665775516
0.017681197617139335,0.5846151138753893,0.8975359978796262,3.8849019182309217,0.33094824521188604
0.017919845775280174,0.5874298360904564,0.8978660209554014,3.8837472853905712,0.33045356196701825
0.018154193256453705,0.5902254772530453,0.8967442430271458,3.882585081646949,0.3299598915833159
0.018384183818389143,0.5929996425148581,0.8955341180345059,3.8814153608648194,0.32946869116163796
0.01860976226445576,0.5957499874026851,0.8942382052625502,3.8802381885953063,0.3289800999777183
0.018830874456909275,0.5984742182915784,0.899416284416909,3.87905361794606,0.3284911082968319
0.019047467329884965,0.6011700927957734,0.8980374121299837,3.877861609004558,0.32800021772641375
0.01925948890213292,0.6038354200847039,0.8965739820526694,3.8766621969670174,0.3275115067740519
0.01946688828949356,0.6064680611310317,0.8950307505721454,3.875455443968758,0.32702573134642454
0.019669615717109495,0.6090659288972186,0.9020485248122916,3.8742414095784556,0.3265393208681578
0.01986762253137121,0.6116269884667203,0.9025243556675698,3.8730200306611207,0.3260491039527516
0.020060861211593763,0.6141492571255424,0.9027861504939213,3.8717913015589556,0.32555937166545246
0.02024928538142145,0.6166308043994412,0.9030392624474619,3.8705552506747987,0.3250704561019618
0.020432849819958,0.619069752051754,0.9032863230722382,3.8693119082546494,0.3245822717501754
0.020611510472619395,0.6214642740464265,0.9037430404975432,3.8680613024531625,0.32409461958743124
0.02078522446170652,0.6238125964805113,0.9116891849417107,3.8668034389450168,0.32360420687504704
0.020953950096695862,0.6261129974900467,0.910178264245931,3.865538240754877,0.32311090213876253
0.021117646884244955,0.6283638071329545,0.9179610481094873,3.8642657267067078,0.3226168836189995
0.021276275537910554,0.6305634072522801,0.9181048526670812,3.862985833349494,0.3221192147103144
0.021429797987577215,0.6327102313228338,0.9166087198074512,3.8616985679292295,0.3216234733308266
0.02157817738859403,0.6348027642840435,0.9167454903405721,3.860403998417349,0.32113010955024585
0.021721378130616854,0.6368395423615694,0.916883573857811,3.859102167161239,0.3206376796959029
0.02185936584615513,0.6388191528800234,0.9170170631693132,3.857793108050114,0.32014622411142796
0.02199210741881947,0.6407402340689232,0.9154051571820698,3.856476859313229,0.3196566945823225
0.022119570991269606,0.6426014748638137,0.9155351693835062,3.8551534851794176,0.3191690560953028
0.022241725972859963,0.6444016147043067,0.9156608660271456,3.8538230166489327,0.3186820151750769
0.022358543046981406,0.6461394433306294,0.9157830778318979,3.8524854845250265,0.3181958863604169
0.022469994178096832,0.647813800580118,0.9140608752078739,3.851140925355276,0.3177116516261417
0.022576052618469823,0.6494235761849361,0.9144159254004753,3.849789406770542,0.31722970169644865
0.022676692914583622,0.6509677095721997,0.9145314579387259,3.8484309633523752,0.3167482511785515
0.02277189091325054,0.6524451896675338,0.9146321784599517,3.847065623254758,0.31626765561021236
0.022861623767407597,0.6538550547029967,0.9149768489534996,3.8456934162060756,0.3157877452141782
0.022945869941600708,0.6551963920302257,0.9154828872325212,3.844314367374977,0.3153083527272782
0.02302460921715236,0.6564683379395115,0.9155832191688037,3.8429285022469175,0.3148296875707773
0.023097822697014492,0.6576700774854969,0.9156800959451921,3.841535850958093,0.31435189727146984
0.02316549281030322,0.6588008443200701,0.9138750637677578,3.8401364509720604,0.313876148461331
0.023227603316516292,0.6598599205329646,0.9139710188504979,3.838730371831578,0.31340290032034585
0.023284139309430376,0.6608466365005375,0.9145251373640763,3.837317654918491,0.3129303791499865
0.02333508722067852,0.6617603707431186,0.9146163761144539,3.835898324327611,0.3124584142825695
0.023380434823006602,0.6626005497912825,0.9147043421911962,3.834472408154929,0.31198731189747614
0.023420171233207707,0.6633666480613586,0.914789414069297,3.8330399371468107,0.31151708181120963
0.023454286914734224,0.6640581877404367,0.91527303577284,3.831600940261364,0.3110474899720458
0.023482773679986153,0.6646747386811022,0.915354368824293,3.830155441641975,0.31057855302422765
0.023505624692276707,0.6652159183061083,0.91349250166742,3.8287034760892884,0.31011160551359296
0.023522834467472723,0.665681391523145,0.9135743986673825,3.8272451132453957,0.3096472334871728
0.023534398875310624,0.666070870649853,0.9136536613418584,3.8257803949851485,0.30918375567336553
0.023540315140388103,0.666384115349203,0.9137306922020375,3.824309351833982,0.3087211803974378
0.0235405818428298,0.6666209325753457,0.9140563812683424,3.8228320145754684,0.308259421172234
0.023535198918628673,0.6667811765300006,0.9141280181631665,3.8213484087714913,0.3077983491307149
0.023524167659660523,0.6668647486294598,0.9141975297132142,3.8198585670750664,0.30733844911969455
0.023507490713374574,0.6668715974822431,0.9142645306889498,3.8183625223938416,0.30687946153644124
0.023485172082157786,0.6668017188774408,0.9143290479368384,3.8168603061220456,0.30642146702770423
0.02345721712237479,0.6666551557837614,0.9143908837178911,3.8153519630574833,0.30596603695141644
0.023423632543081437,0.6664319983592732,0.9147031160709826,3.813837548411505,0.3055116329556786
0.02338442640441571,0.666132383971848,0.9147614508276132,3.8123170863876785,0.3050578859504225
0.023339608115662703,0.6657564972302581,0.9146320199513386,3.8107906057095433,0.30460509418959736
0.02328918843299652,0.6653045700258912,0.9146955268678254,3.8092581381913146,0.30415329641367417
0.02323317945689904,0.6647768815850308,0.9127829427811633,3.8077197199959865,0.30370342546866086
0.023171594629255637,0.6641737585316156,0.9108394690372662,3.8061754208370093,0.30325691729386517
0.023104448730129255,0.6634955749603758,0.9109141701201885,3.8046253141643014,0.30281272228266515
0.023031757874213566,0.6627427525202501,0.9112411241337061,3.8030694370243796,0.3023692292244852
0.022953539506964802,0.6619157605079253,0.9109028513440826,3.8015078146072177,0.30192658608331124
0.022869812400415843,0.6610151159713362,0.9109838169906792,3.7999404803626056,0.3014850701724902
0.022780596648670253,0.6600413838229414,0.9110591454724791,3.798367464978485,0.3010444341003591
0.022685913663080357,0.6589951769625351,0.9107075203629439,3.7967887982272788,0.3006048521701679
0.02258578616710791,0.6578771564093502,0.910386525016058,3.7952045154986394,0.3001665064306574
0.02248023819087162,0.6566880314431384,0.9085395351814305,3.793614654988215,0.2997300332038122
0.022369295065378964,0.6554285597538919,0.9088816390750085,3.792019275110641,0.29929554318712487
0.02225298341644756,0.6540995475998125,0.909297768186215,3.790418406519776,0.29886152412397043
0.022131331158314737,0.6527018499730802,0.9096779045622698,3.7888120691724505,0.29842793626471875
0.02200436748693866,0.651236370772913,0.9078494636011287,3.7872002866327703,0.2979956788040852
0.02187212287299096,0.6497040629853535,0.9060305573637147,3.7855831167559297,0.29756633190187176
0.02173462905454407,0.648105928869117,0.9042312358813803,3.783960628069342,0.2971397743546672
0.021591919029454548,0.6464430201467971,0.9043709432815915,3.7823328816348627,0.2967151468260199
0.021444027047443335,0.6447164382005893,0.9047304578196533,3.7806999095529203,0.2962910821084129
0.021290988601876223,0.6429273342716313,0.9048667987877156,3.779061731562062,0.29586746050579843
0.02113284042124557,0.6410769096619344,0.9050025150381573,3.7774183686407192,0.29544445888486803
0.020969620460355463,0.6391664159377619,0.9051370738606579,3.77576984447959,0.29502215139974586
0.020801367891213108,0.6371971551331937,0.9052705056803351,3.7741161820611504,0.29460038811483125
0.020628123093627534,0.6351704799524615,0.905401559141043,3.7724574031760834,0.29417926961248897
0.020449927645518416,0.6330877939695004,0.9055338791375201,3.7707935301454727,0.2937587163671896
0.020266824312937963,0.6309505518230012,0.905666010599288,3.769124585803734,0.29333886337008236
0.020078857039807135,0.62876025940504,0.9060010174079925,3.7674505937451195,0.29291960855550764
0.019886070937369167,0.6265184740412206,0.9061312345220863,3.765771574535092,0.29250088906393595
0.01968851227336312,0.6242268046600083,0.9062606559742465,3.7640875513460545,0.2920829142114919
0.01948622846092024,0.6218869119487511,0.9045998911815771,3.762398551947434,0.2916662589025594
0.01927926804718439,0.619500508493614,0.9047439685928244,3.7607046216252824,0.2912512172373772
0.01906768070166151,0.6170693589004341,0.9048873157608931,3.7590057887748554,0.29083671422268836
0.018851517204298777,0.6145952798931913,0.9050317855351979,3.7573020745633996,0.29042284305503424
0.018630829433297882,0.6120801403865473,0.9046607668006313,3.7555935031658807,0.2900098808697014
0.018405670352664605,0.609525861528573,0.9031560889625982,3.753880107324452,0.2895983335189183
0.018176093999497506,0.6069344167094489,0.9017113119497333,3.7521619310210266,0.28918864506453457
0.01794215547101935,0.6043078315316516,0.9019070459609554,3.750439016998626,0.2887802110652708
0.01770391091135385,0.6016481837366923,0.9005410025393664,3.7487113921726545,0.28837272374975553
0.017461417498052027,0.5989576030831921,0.9008790939236818,3.746979091231507,0.2879663885726156
0.017214733428368777,0.596238271170632,0.8995987699852621,3.7452421383032353,0.2875607063834958
0.0169639179052968,0.5934924212027556,0.8991128579337233,3.7435005612918237,0.28715617366577806
0.016709031123357667,0.5907223376841925,0.8979898464944577,3.741754393701318,0.2867528258247094
0.016450134254155577,0.5879303560434281,0.8969461095729007,3.74000366568951,0.2863504189344575
0.016187289431696242,0.5851188621748783,0.897229996035646,3.7382484037095236,0.2859487323400609
0.015920559737475515,0.5822902918923405,0.8962754539699308,3.7364886294992594,0.28554778274535514
0.015650009185339635,0.5794471302857321,0.8953977876051581,3.73472436711786,0.28514744856842544
0.015375702706122313,0.5765919109725842,0.8945923521593591,3.732955637510825,0.2847477821569584
0.015097706132061897,0.5737272152353493,0.8938564111161642,3.731182466325122,0.2843491439527858
0.014816086181001735,0.5708556710352437,0.8931912257811071,3.7294048790509615,0.2839509969933191
0.014530910440378266,0.567979951892939,0.8925859211855693,3.727622892712626,0.28355329114179745
0.014242247351000313,0.5651027756261339,0.892975725633646,3.725836523479267,0.28315581657172156
0.013950166190623654,0.5622269029337517,0.8933632758345832,3.724045784188151,0.28275859776163603
0.013654737057324805,0.5593551358162774,0.8938024056975997,3.7222506898729657,0.2823617689497152
0.013356030852677624,0.5564903158215984,0.8942373031336099,3.720451258747911,0.28196548946260347
0.013054119264737337,0.5536353221056376,0.8946681768652649,3.718647510587603,0.2815697173227056
0.01274907475083587,0.5507930692970496,0.8950415811980843,3.716839463089949,0.28117434622191817
0.012440970520192317,0.5479665051553887,0.8954647824439549,3.7150271320520316,0.28077934010762434
0.012129880516343,0.545158608012359,0.8959293253749733,3.7132105323385254,0.2803845627637465
0.01181587939939557,0.5423723839861284,0.8962902002412183,3.7113896765953154,0.2799899802000746
0.011499042528110808,0.5396108639591618,0.8966486938202113,3.7095645775342856,0.2795956305180354
0.011179445941816971,0.5368771003107193,0.8970068232227508,3.70773524769343,0.27920147636338916
0.010857166342160647,0.5341741633959715,0.8973615025325821,3.7059017004266606,0.27880759310685005
0.010532281074698767,0.5315051377647085,0.8977133091860406,3.704063948964738,0.27841397326488526
0.010204868110336008,0.5288731181138319,0.8980652374298356,3.7022220092398146,0.27802075673364834
0.009875006026612163,0.5262812049692583,0.8984641229403042,3.7003758967679192,0.27762793006289793
0.009542773988843872,0.5237325000944792,0.8979831837835897,3.6985256282344654,0.27723547454269554
0.009208251731125503,0.5212301016249207,0.8983419706367437,3.6966712187685142,0.276843399002067
0.00887151953719307,0.5187770989293109,0.8986997655759115,3.6948126844094666,0.2764516760808519
0.008532658221156833,0.5163765672015885,0.8982499500148101,3.6929500393445993,0.27606019211703614
0.00819174910810595,0.5140315617894403,0.8986158136845982,3.6910832975872387,0.2756690767596327
0.007848874014591127,0.5117451122682667,0.897696493650344,3.689212476114379,0.27527875091061227
0.007504115228989017,0.5095202162723323,0.896833670555934,3.687337611113199,0.27489012613774655
0.007157555491753185,0.5073598330979645,0.8972307928418976,3.6854587401742585,0.2745025036101465
0.006809277975557041,0.5052668770968892,0.8976251774468262,3.6835758807813908,0.27411512842857455
0.006459366265332676,0.5032442108811674,0.8980164154593276,3.6816890460585214,0.2737279928053268
0.006107904338210877,0.5012946383645912,0.8984047724232271,3.6797982627965684,0.2733428488664075
0.005754976543367127,0.4994208976688395,0.8987907849402951,3.6779035708360235,0.27295823563908916
0.005400667581778012,0.4976256539260844,0.8991743659941479,3.6760049823026333,0.27257385688053765
0.005045062485893536,0.49591149201302237,0.8995553417298305,3.6741025097392805,0.27218974915589217
0.0046882465992298455,0.4942809092544497,0.8999323878729601,3.6721961659331708,0.27180581514707886
0.004330305555886882,0.492736308137391,0.9004170998102381,3.670285961064428,0.2714219935505982
0.003971325259996848,0.4912799890794058,0.8988473405256872,3.6683719111381365,0.2710393675481341
0.0036113918651075965,0.4899141432969197,0.8972016096343044,3.666454066247343,0.27065930634497054
0.0032505917535061942,0.4886408458212406,0.8969606765012702,3.6645324803445756,0.2702808131254382
0.002889011515487485,0.4874620487112135,0.895364656432126,3.6626071804197093,0.2699037989786605
0.002526737928572926,0.4863795745122067,0.8958262311976445,3.6606782166821548,0.2695284718753992
0.0021638579366844014,0.4853951100112764,0.8939037595533362,3.6587456164030296,0.26915451429756704
0.001800458629278076,0.4845102003378115,0.8936649206051802,3.656809429303309,0.2687823308101743
0.0014366272204433485,0.48372624345779563,0.8940714542370186,3.6548696748510374,0.2684102342742354
0.0010724510279718764,0.48304448510791803,0.8944748441088163,3.6529263640240943,0.26803837681084297
0.0007080174524017216,0.48246601421320157,0.8948954200458904,3.650979508933099,0.26766682153853805
0.0003434139560416769,0.48199175882853973,0.8952628317789745,3.6490291225491895,0.2672954580717627
-2.127195801928328e-05,0.4816224826406413,0.8955774217658219,3.6470752221940144,0.2669252902620211
-0.00038595276691236733,0.48135878206236515,0.8959688828683435,3.6451178385179013,0.26655591463005035
-0.0007505409489939612,0.4812010839463905,0.8963981881465994,3.6431569984646672,0.26618766841060854
-0.001114949004850471,0.4811496439396502,0.8961486019286996,3.641192721545318,0.2658197234483018
-0.0014790894782977277,0.4812045454940861,0.8958549924395771,3.6392250219657227,0.2654522131457516
-0.0018428749773700226,0.48136569954312236,0.8955082444629687,3.6372539141836358,0.2650850336576757
-0.002206218195293836,0.48163284484694996,0.8950997499358286,3.6352794134488855,0.26471840378172146
-0.0025690319314409776,0.4820055490033179,0.8955018243854318,3.633301538359171,0.2643522890541231
-0.0029312291122563653,0.48248321011423717,0.8959000258969291,3.631320302941022,0.2639864332170631
-0.0032927228121551783,0.48306505909284503,0.8954091729901081,3.6293357185083357,0.263620916132529
-0.0036534262743847267,0.4837501625888062,0.8958045157206052,3.6273478022684533,0.2632559002157835
-0.004013252931845496,0.4845374265051421,0.8952275856737301,3.625356569299499,0.26289148234161075
-0.0043721164278669325,0.4854256000743497,0.8945672195859831,3.6233620439219574,0.2625281241757741
-0.0047299306369326145,0.4864132804571694,0.8938207861564805,3.6213642530114325,0.26216566328550467
-0.00508660968534994,0.4874989178234953,0.8941881323781345,3.619363222058126,0.2618040965591587
-0.00544206797185941,0.4886808208716705,0.8945040792446025,3.6173589673647837,0.2614427637916935
-0.005796220188178548,0.4899571627398542,0.8936847252157097,3.6153515039785953,0.26108229255393844
-0.0061489813394754265,0.49132598726128124,0.89277880538834,3.6133408659306268,0.2607235539316878
-0.006500266764767047,0.4927852155140815,0.8930704146284286,3.611327091957634,0.26036594270202074
-0.006849992157237562,0.4943326526158056,0.893560107671124,3.609310199329789,0.2600085959132675
-0.0071980735844715815,0.49596599471298336,0.8925781568827881,3.6072902013581873,0.2596520620134646
-0.007544427508597389,0.497682836116789,0.8915134343064218,3.605267134801156,0.25929745913625374
-0.007888970806335768,0.4994806765372135,0.8903704028758923,3.6032410460083653,0.25894497354879575
-0.008231620788949137,0.5013569283699476,0.8891555614026547,3.6012119848761146,0.2585946828293821
-0.008572295222086438,0.5033089239924515,0.8878755963483506,3.5991800011699655,0.2582466220187184
-0.00891091234551906,0.5053339230282701,0.8865384169691465,3.5971451463558073,0.2579009584724891
-0.00924739089276276,0.5074291195415918,0.8869007237387615,3.5951074707381845,0.2575568437558667
-0.009581650110581388,0.509591649127171,0.8872377002381051,3.593066992664679,0.2572128658564294
-0.00991360977836719,0.511818595864033,0.8875749556559691,3.5910237215813856,0.25686917953478505
-0.010243190227393317,0.5141069991047778,0.8878999572206345,3.588977668797683,0.2565257870445554
-0.010570312359934107,0.5164538600757318,0.8882251197076428,3.5869288458184854,0.25618268112814757
-0.010894897668247992,0.5188561482665958,0.8885378794326001,3.5848772648829788,0.25583996311612567
-0.011216868253419011,0.5213108075916059,0.888831072495739,3.582822939856864,0.25549763427268163
-0.011536146844052289,0.5238147623074465,0.8890753789069452,3.5807658821454624,0.25515557984646237
-0.011852656814818655,0.5263649226762664,0.889374491713718,3.578706103345402,0.25481386059223304
-0.012166322204844385,0.5289581903650761,0.8896617179844287,3.576643616791724,0.25447259163386743
-0.012477067735941625,0.5315914635755353,0.8899490619764177,3.5745784374216907,0.2541317984731485
-0.012784818830674496,0.5342616419006764,0.8884681227128135,3.5725105832795823,0.2537922118521597
-0.013089501630257516,0.5369656309074169,0.8869549308859453,3.570440100481292,0.253455096932843
-0.013391043012281318,0.5397003464457981,0.8872409900718756,3.5683670390535136,0.25311959005878226
-0.013689370608261725,0.5424627186877493,0.8875224781380916,3.566291420976432,0.25278458106697677
-0.01398441282100771,0.5452496958997962,0.8859863479222214,3.564213265267861,0.25245084737697393
-0.014276098841804419,0.5480582479555872,0.8844440943358248,3.5621326187034827,0.25211959732058853
-0.014564358667407091,0.5508853695952756,0.8847305459696159,3.5600495301877673,0.2517898614060957
-0.014849123116841206,0.5537280834398386,0.8852167262332277,3.5579640189362425,0.2514604279725108
-0.015130323848005906,0.5565834427692258,0.8839655857811838,3.5558760960591456,0.2511316066033748
-0.015407893374075495,0.5594485340738906,0.8842334306831547,3.5537857871969565,0.2508037937816251
-0.015681765079696073,0.5623204793897258,0.8843537281004094,3.551693107459629,0.25047619253495923
-0.015951873236972974,0.5651964384268252,0.8848302432348351,3.5495980648658967,0.2501486977515021
-0.016218153021245012,0.5680736105026525,0.8849909342620413,3.5475006688781,0.24982177058849792
-0.016480540526642107,0.570949236290349,0.8851087220118682,3.5454009374974316,0.2494953496585645
-0.01673897278142256,0.5738205993928963,0.8853540266588527,3.5432988829431067,0.24916929965600657
-0.016993387763085687,0.5766850277537618,0.8837376851636831,3.541194522031981,0.24884445892987606
-0.017243724413257097,0.5795398949145075,0.8837311324747762,3.5390878958049625,0.24852125625582974
-0.017489922652342546,0.5823826211296041,0.8836634918673593,3.5369790244682084,0.24819842473816317
-0.017731923393946344,0.5852106743484278,0.8835195058257846,3.534867921145099,0.2478760323562431
-0.017969668559052156,0.5880215710740808,0.8833146836065718,3.5327545986920548,0.24755409965772118
-0.01820310108996167,0.5908128771083379,0.8835607883239129,3.5306390711405276,0.24723263284209115
-0.01843216496398786,0.5935822081916299,0.8827301565315322,3.5285213519862166,0.2469115697704648
-0.018656805206900596,0.5963272305465738,0.8831902106414259,3.526401451762596,0.24659077371833443
-0.018876967906119927,0.5990456613331544,0.883277518910339,3.524279380416014,0.24627025291198978
-0.01909260022365479,0.6017352690232385,0.8816056679525763,3.522155151965492,0.2459508815086227
-0.01930365040878405,0.6043938737016747,0.8818393138868273,3.5200288059348064,0.24563298310543197
-0.019510067810476425,0.6070193473008262,0.8802123940445215,3.517900364768709,0.2453163208131399
-0.0197118028895463,0.6096096137749577,0.8802916363169689,3.515769868089171,0.24500109934481204
-0.019908807230543116,0.612162649220494,0.8805295083237045,3.5136373327762063,0.24468621163940102
-0.02010103355337065,0.6146764819477769,0.8797298897321164,3.5115027725020442,0.2443718585512764
-0.02028843572463411,0.6171491925095627,0.8799534516340056,3.509366198833791,0.2440577928782023
-0.02047096876871205,0.6195789136911355,0.8804073517600752,3.5072276237224433,0.24374414323135024
-0.020648588878549992,0.6219638304665439,0.8800791950954077,3.505087054874647,0.24343036673687765
-0.02082125342617436,0.6243021799251687,0.8802856967578948,3.5029444901773683,0.24311642058087565
-0.02098892097292234,0.6265922511724547,0.8804902805062016,3.5007999385041275,0.24280298168780798
-0.021151551279387656,0.6288323852083973,0.8806922189254971,3.4986534143113315,0.24249006576262597
-0.021309105315077338,0.6310209747870286,0.8808919083202031,3.4965049322948833,0.24217770781189715
-0.02146154526777925,0.6331564642599294,0.8791161729228814,3.494354512217262,0.2418667492712434
-0.021608834552636354,0.635237349406496,0.8792373169197761,3.4922021960065894,0.24155739211001473
-0.021750937820927407,0.6372621772534951,0.8794428864725892,3.490048003217149,0.24124847094481217
-0.021887820968550048,0.6392295458861865,0.8796470468315446,3.4878919471969785,0.24094003588269142
-0.022019451144205913,0.6411381042530978,0.8798478949318854,3.485734041274421,0.24063209650775746
-0.02214579675728479,0.6429865519663586,0.8798667548130475,3.4835742951767283,0.24032398307920633
-0.022266827485445964,0.6447736390992969,0.8800551812053997,3.4814127042635414,0.24001575244385495
-0.022382514281895673,0.6464981659828634,0.8802422955939966,3.4792492786134113,0.2397080097849575
-0.02249282938235803,0.6481589830022775,0.8804267961632251,3.4770840316597895,0.23940073047760257
-0.022597746311738543,0.6497549903951647,0.8806103914145629,3.474916976138965,0.23909393568252688
-0.02269723989047769,0.6512851380523206,0.8807917750366557,3.4727481242102924,0.23878746528957048
-0.022791286240594302,0.6527484253221133,0.8812163948994174,3.4705774861728287,0.23848136849925236
-0.022879862791415573,0.6541439008194517,0.8813928709309305,3.468405072112344,0.23817558551604834
-0.022962948284994747,0.655470662240111,0.8815682681164293,3.466230893452447,0.2378702642311186
-0.023040522781211978,0.6567278561811628,0.8817420754578623,3.4640549634870976,0.23756542166548875
-0.023112567662560653,0.6579146779681442,0.8823679591418108,3.4618772903745487,0.23726023346624434
-0.023179065638615094,0.6590303714895339,0.8825291612599869,3.459697859834232,0.2369543190408869
-0.023240000750180168,0.6600742290390406,0.880686271950768,3.4575166794980117,0.2366496105579943
-0.023295358373121657,0.6610455911661655,0.8808600100257546,3.4553337896764797,0.23634657947738588
-0.023345125221875842,0.6619438465354017,0.8790929227854054,3.453149216159166,0.2360448584760098
-0.023389289352637822,0.6627684317944339,0.8795134605086663,3.4509629981676535,0.2357446178131454
-0.023427840166228234,0.6635188314516288,0.8796971814075927,3.4487751507786686,0.23544456544462858
-0.023460768410636924,0.6641945777630797,0.8798799329806369,3.446585684389525,0.2351449812448538
-0.023488066183243103,0.6647952506294226,0.8800612653218335,3.444394611552929,0.23484587724613065
-0.02350972693271263,0.6653204775026257,0.8804695572953478,3.4422019449582373,0.23454720364515252
-0.023525745460569538,0.6657699333029075,0.8806470834850939,3.4400076957534638,0.23424895877083418
-0.023536117922443922,0.6661433403459338,0.880823566917073,3.4378118761829732,0.2339511548695163
-0.023540841828994827,0.6664404682803962,0.8791885518095738,3.4356145021618314,0.23365453957133292
-0.023539916046507393,0.6666611340360794,0.8793818758647461,3.4334156112934426,0.23335949868686176
-0.023533340797164817,0.66680520178249,0.8816843761041985,3.4312152191736067,0.23306399677424072
-0.02352111765899552,0.6668725828980991,0.8818652289777819,3.4290133055389798,0.23276761542417287
-0.023503249565493975,0.666863235950259,0.882269740000825,3.4268098736085633,0.23247157051895528
-0.023479740804916813,0.6667771666857983,0.8824474394357908,3.4246049321721053,0.23217626691122817
-0.023450597019253675,0.6666144280323246,0.8808328322591924,3.422398528030498,0.2318841491220798
-0.023415825202873324,0.6663751201102402,0.881030754591267,3.4201907149286894,0.23159355493840664
-0.02337543370084483,0.6660593902554199,0.881227754387439,3.4179815115377736,0.23130343708957402
-0.023329432206934658,0.6656674330525638,0.8814256047290082,3.4157709310568087,0.2310139005733118
-0.023277831761280565,0.6651994903791476,0.8799230950359564,3.413558990500008,0.23072545813898626
-0.02322064474774185,0.6646558514599168,0.8803187879547014,3.4113457236136457,0.2304383807690963
-0.023157884890927256,0.6640368529318462,0.8805315095112359,3.409131145977109,0.23015165077905403
-0.023089567252901108,0.6633428789194618,0.8809108579265031,3.4069152687082873,0.22986532991324513
-0.02301570822956862,0.6625743611204022,0.881120385010793,3.4046981017548252,0.22957942632811978
-0.022936325546740882,0.6617317789010745,0.8814838537147773,3.402479656833777,0.22929394141988402
-0.022851438255880704,0.6608156594022351,0.8800673919220863,3.4002599473887125,0.2290094873845722
-0.022761066729530474,0.6598265776543021,0.8802902875178096,3.398039007578898,0.22872656153128032
-0.022665232656422632,0.6587651567021489,0.8789559588046147,3.3958168610839308,0.22844476327384727
-0.022563959036274787,0.6576320677391234,0.8791992519185855,3.393593541519318,0.22816446469118126
-0.022457270174269524,0.6564280302499891,0.8794429610519044,3.391369070322333,0.22788478646731053
-0.022345191675221657,0.6551538121624209,0.8796873722428374,3.3891434599336296,0.22760550486437622
-0.022227750437432962,0.6538102300066557,0.8840511659534315,3.3869167129985875,0.22732522825185006
-0.022104974646236807,0.6523981490828477,0.8835991282919897,3.3846887927883333,0.22704342264988422
-0.021976893767233732,0.6509184836355975,0.8838327507169206,3.3824596984208424,0.22676208025772224
-0.02184353853921978,0.6493721970350731,0.8840661244081949,3.3802294408499574,0.22648116241203095
-0.02170494096680965,0.6477603019640551,0.8844973132888698,3.377998030170305,0.22620060211366838
-0.021561134312755456,0.6460838606101612,0.8896234710587458,3.3757654685218514,0.22591887586976944
-0.021412153089963724,0.644343984862422,0.8898355624869708,3.373531711626672,0.22563527975201747
-0.02125803305321291,0.6425418365112483,0.8900485673370756,3.371296756126549,0.22535209967016173
-0.021098811190572022,0.6406786274507733,0.8902621997057646,3.3690606122320643,0.22506937532098897
-0.02093452571452371,0.6387556198823757,0.8904748281914681,3.3668232941387237,0.22478730884292797
-0.020765216052793814,0.6367741265181087,0.8962820731922572,3.364584806886832,0.22450406384212576
-0.0205909228388881,0.6347355107825847,0.8964784542290406,3.3623451046985373,0.22421884463868028
-0.020411687902341647,0.6326411870117262,0.9018634402452183,3.3601041780779153,0.22393276089550362
-0.02022755425867867,0.6304926206466209,0.9020436733821305,3.35786198669345,0.22364481016293117
-0.02003856609908979,0.6282913284205488,0.9022231560279731,3.355618526206467,0.22335727994104435
-0.01984476877982601,0.6260388785370387,0.9024034719412141,3.353373806385698,0.22307003995334265
-0.019646208811313882,0.623736890836609,0.9025839562586889,3.3511278365345847,0.2227832508045056
-0.019442933846992652,0.6213870369496308,0.9027634411043631,3.34888062907877,0.22249695091610494
-0.019234992671877955,0.6189910404325003,0.9029436969056311,3.346632195239135,0.2222110340443832
-0.019022435190853778,0.6165506768840426,0.903126095395845,3.3443825454331573,0.22192554962969568
-0.018805312416695183,0.6140677740388256,0.9033056001850231,3.3421316907134444,0.2216404995067499
-0.018583676457825656,0.6115442118337344,0.9020455462686532,3.339879647254353,0.22135671473057636
-0.01835758050581155,0.6089819224438753,0.908415739608203,3.3376264402918436,0.22107238462484138
-0.018127078822595982,0.6063828902835441,0.9079790859727205,3.3353720222143215,0.22078574626562703
-0.01789222672747655,0.6037491519676523,0.9082969259904365,3.3331163857477373,0.22049952640092033
-0.017653080583828615,0.6010827962286514,0.9070858695036846,3.3308595432497463,0.22021414701987718
-0.017409697785578878,0.5983859637836184,0.9072569024884738,3.3286015217334035,0.21992990988036065
-0.017162136743430492,0.5956608471457893,0.9074325604012425,3.3263423371869556,0.2196460843670907
-0.01691045687084527,0.5929096903744149,0.9076065232723151,3.3240819985282677,0.2193625768037347
-0.016654718569784534,0.590134788756421,0.9079289841894163,3.3218205152950953,0.21907941923289775
-0.01639498321621296,0.5873384884129284,0.9081017704493789,3.31955789589479,0.218796590787015
-0.016131313145368614,0.5845231858232717,0.9155579156906113,3.3172941422780036,0.21851250490950808
-0.015863771636802755,0.5816913272587304,0.9156876619876017,3.31502920781003,0.2182264613085899
-0.015592422899193398,0.5788454081177786,0.9159514020985996,3.3127630868924727,0.21794075933246143
-0.015317332054934841,0.5759879721542281,0.9213957199966842,3.310495781997095,0.21765407476327764
-0.015038565124509302,0.5731216105892732,0.921494573301962,3.308227262822417,0.21736655169135738
-0.014756189010641881,0.5702489610980338,0.9215928231018046,3.305957538276024,0.21707957091158564
-0.014470271482244597,0.5673727066608918,0.923602366103801,3.303686615630265,0.21679231090848305
-0.014180881158151623,0.564495574269544,0.9236893515964825,3.301414479552723,0.21650425535007817
-0.01388808749065174,0.5616203334774991,0.9237757134504633,3.299141131151383,0.2162165625495823
-0.013591960748819616,0.5587497947844698,0.9238608266621269,3.2968665816275604,0.21592935893972007
-0.013292572001651863,0.5558868078440206,0.9228012731492179,3.2945908451025656,0.21564301197049843
-0.01298999310101071,0.5530342594837289,0.9226182797338297,3.292313946099066,0.2153576479839217
-0.012684296664379766,0.550195071527174,0.9227008914764311,3.2900358979444118,0.21507261198337357
-0.012375556057436541,0.5473721984071738,0.922778623772921,3.287756710767759,0.21478802356403648
-0.01206384537644464,0.5445686245599527,0.9216251689707331,3.2854763978916597,0.21450430395016917
-0.011749239430471172,0.5417873615903203,0.9203928568277421,3.2831949869079864,0.21422204394215558
-0.011431813723433137,0.5390314451984374,0.9204658831862851,3.2809125069083245,0.21394079517247622
-0.011111644435976382,0.5363039318594659,0.9191529670958121,3.2786289757545344,0.21366057868493477
-0.010788808407193064,0.5336078952482756,0.9192148956946471,3.2763444219670195,0.2133814660851345
-0.010463383116180478,0.530946422402396,0.9194716374401624,3.2740588581895245,0.2131024537382619
-0.010135446663446315,0.528322609617712,0.9192609871598304,3.271772286216616,0.2128235371380712
-0.009805077752165044,0.5257395580728427,0.9193335529604306,3.2694847138503516,0.21254501385332147
-0.009472355669289587,0.5232003691798345,0.9194048580063219,3.26719615165984,0.2122669435635877
-0.009137360266522713,0.520708139660721,0.9194749343739759,3.264906609917828,0.2119892452996123
-0.008800171941152993,0.5182659563516432,0.9180791783696335,3.2626161007829433,0.21171246472948835
-0.008460871616759966,0.5158768907385756,0.9166206581224646,3.260324655339117,0.21143741919569772
-0.00811954072379284,0.5135439932312996,0.916674014958841,3.258032307429196,0.21116355555217126
-0.0077762611800273876,0.5112702871850394,0.9167381378191983,3.2557390707554474,0.21088999769969588
-0.007431115370906391,0.5090587626821591,0.9168524665417531,3.253444953549915,0.21061669002918124
-0.007084186129767136,0.5069123700894405,0.9153701234635654,3.2511499632570837,0.2103441235149819
-0.00673555671796232,0.5048340134097626,0.9138460960254885,3.2488541300638154,0.2100733259988016
-0.006385310804877199,0.5028265434503287,0.913917418291241,3.246557487879313,0.20980369876331953
-0.006033532447849712,0.5008927508330465,0.913987567987916,3.244260042107911,0.2095333364456343
-0.005680306071996882,0.4990353588760831,0.913993256046174,3.2419617835897276,0.20926302226612062
-0.005325716449953456,0.4972570163789701,0.9124964159878052,3.2396627210761,0.2089935678517414
-0.004969848681526535,0.4955602903469356,0.9109854564974996,3.2373628876161753,0.20872602485769326
-0.0046127881732723475,0.49394765869319934,0.9110519782959325,3.2350623200967794,0.20845984499100514
-0.004254620617998913,0.49242150296082304,0.910868702435489,3.23276103508605,0.20819403365767747
-0.0038954319742002487,0.49098410110824353,0.9109549664437789,3.2304590390665306,0.20792847590692165
-0.0035353084454266444,0.48963762040475756,0.9110403575978476,3.228156341045561,0.20766333334912734
-0.003174336459596366,0.4883841104839283,0.9111250897599644,3.2258529505968703,0.2073986412874903
-0.002812602648253278,0.48722549660408493,0.9096244285922287,3.2235488829703383,0.20713519240522466
-0.0024501938257757046,0.4861635731656789,0.9096554109326366,3.2212441699972207,0.20687278265991177
-0.002087196968541444,0.48519999753528825,0.9097567299231163,3.2189388185209427,0.2066104378389189
-0.0017236991940537438,0.4843362842253927,0.909823788479896,3.2166328337459773,0.2063482295920934
-0.0013597877400336005,0.48357379947769497,0.9096240721597058,3.2143262174226632,0.20608611266912882
-0.0009955499434831665,0.48291375629575445,0.9093737172757111,3.212018975472285,0.20582426217514266
-0.0006310732197252005,0.4823572099699484,0.9094850396598912,3.209711114384745,0.20556270632187437
-0.00026644504142384886,0.4819050541343997,0.9095710106329294,3.2074026408093386,0.20530140052160722
9.824708240838542e-05,0.48155801739145204,0.9096807978826114,3.2050935639730778,0.2050405983879062
0.0004629156274123748,0.4813166605346628,0.9097887586483544,3.202783898064617,0.20478075628361977
0.0008274730748878096,0.4811813743961222,0.908441414620303,3.200473662950657,0.2045217788178375
0.0011918319327972238,0.4811523783383251,0.9087292783045046,3.1981628814150778,0.20426374973451336
0.0015559047567637197,0.481229719404864,0.908516822087339,3.195851563093234,0.2040059039444385
0.0019196041710571666,0.4814132721380216,0.9086144187967365,3.1935397128985787,0.20374828581334997
0.0022828428895639553,0.48170273906500993,0.9084418127913573,3.1912273387984307,0.20349103790324316
0.0026455337367352625,0.4820976518482124,0.9085788351471269,3.1889144464032433,0.20323395400613128
0.003007589668508759,0.4825973730885183,0.9087145509675405,3.1866010409506007,0.20297711005464156
0.0033689237931987456,0.48320109876472767,0.908849363288333,3.184287128836371,0.2027205356089504
0.0037294493923497713,0.48390786128621843,0.9084970855208507,3.181972716160838,0.2024642675106144
0.004089079941548647,0.4847165331306582,0.9086450894832716,3.1796578112092138,0.20220835656797395
0.004447729131189843,0.4856258310336256,0.9075642483786528,3.177342423702312,0.20195314319517843
0.004805310887189455,0.48663432069263435,0.9081050949055229,3.1750265727715745,0.2016987010516609
0.005161739391642471,0.4877404219443149,0.9083918718797713,3.172710266701771,0.20144440601684094
0.005516929103418764,0.4889424143703836,0.9079848764459136,3.170393510276182,0.20119042992272804
0.00587079477869249,0.4902384432856622,0.9076186800148925,3.1680763132065084,0.20093692668450985
0.006223251491400214,0.4916265260596405,0.9077941975066542,3.1657586845950263,0.20068376123608275
0.006574214653622714,0.49310455872209835,0.9069006672434647,3.163440631529173,0.20043098901496756
0.006923600035885791,0.4946703228029189,0.9070812173721943,3.1611221650823906,0.20017868817945877
0.007271323787374792,0.4963214923565177,0.90726081368669,3.15880329168273,0.19992656005544235
0.0076173024560585055,0.49805564112221384,0.9074394911158697,3.1564840170000443,0.19967476768471026
0.007961453008717206,0.4998702497732656,0.907614853343548,3.1541643479716863,0.19942319145348456
0.008303692850870271,0.501762713209239,0.9077914735403766,3.1518442887651985,0.19917180606706897
0.00864393984659837,0.5037303478486836,0.907966837583322,3.149523844820941,0.1989206519916604
0.00898211233825579,0.5057703988817935,0.9082528804802716,3.147203022263637,0.19866984438604632
0.009318129166067803,0.5078800474456694,0.9084255361442135,3.1448818283219415,0.1984193564121995
0.00965190968760875,0.5100564176880108,0.9087091368441498,3.1425602736037215,0.19816942178047373
0.00998337379715558,0.5122965836883501,0.9088796186955095,3.1402383655575328,0.1979196658319116
0.010312441944913181,0.514597576209383,0.9087694574139994,3.137916108109764,0.19767009412870074
0.010639035156105658,0.5169563892543454,0.908939806132878,3.1355935065860248,0.19742075461599357
0.010963075049929945,0.5193699864098315,0.9084995264102479,3.133270567328147,0.19717188242619516
0.011284483858367106,0.5218353069567289,0.908781537017398,3.130947303750409,0.19692359705719337
0.011603184444845862,0.5243492717352027,0.9083799447127662,3.1286237252340867,0.1966757894044275
0.011919100322755337,0.5269087887527041,0.908579704414612,3.1262998438196012,0.19642845507789208
0.012232155673801228,0.5295107585268674,0.9087781374967401,3.1239756651407293,0.1961812669065011
0.012542275366202046,0.5321520791578725,0.9089751039273365,3.121651193522498,0.1959342827077939
0.012849384972720253,0.5348296511273165,0.9092554738395365,3.1193264336647513,0.19568756050453673
0.013153410788524457,0.5375403818228988,0.9085648973246397,3.1170013927733997,0.19544119216446534
0.01345427984887828,0.5402811897902838,0.9091630643760862,3.1146760776924545,0.19519508410218228
0.013751919946651394,0.5430490087152863,0.9084501603626687,3.112350493367295,0.19494920057745077
0.014046259649649177,0.5458407911411369,0.9077024792585767,3.1100246458782554,0.19470362177495376
0.014337228317755697,0.5486535119269544,0.9069115386278302,3.1076985422284773,0.19445840206697074
0.014624756119887318,0.5514841714546966,0.9070960783708201,3.105372189965913,0.1942134862052535
0.014908774050751744,0.55432979859287,0.9072688541916561,3.1030455943939685,0.19396877804835816
0.015189213947408972,0.5571874534260322,0.9078631966850237,3.100718760101018,0.19372423132199812
0.015466008505629897,0.5600542297597578,0.908408558918872,3.0983916890657333,0.19347972884603246
0.015739091296049217,0.562927257411185,0.9089055545509509,3.0960643840898894,0.1932354125519387
0.016008396780108066,0.5658037042956011,0.9090762012720726,3.093736845264013,0.19299065702410878
0.01627386032578309,0.568680778319704,0.9092437139949653,3.0914090609971536,0.19274555490696013
0.01653541822309746,0.5715557290922625,0.9094084134638958,3.089081033411677,0.19250075356956314
0.016793007699411392,0.5744258494628818,0.9096775196442132,3.0867527686985747,0.19225620183312797
0.01704656693448716,0.5772884768994883,0.9088002197697896,3.0844242723411486,0.1920119225739202
0.017296035075325376,0.5801409947149477,0.9078428376806955,3.0820955500752287,0.1917678996795314
0.017541352250769672,0.5829808331530337,0.9067954477688119,3.0797666089072946,0.19152430073695523
0.01778245958587569,0.5858054703436271,0.9058572561885678,3.077437460973809,0.19128158701049827
0.018019299216040254,0.5886124331367467,0.9047880364325864,3.0751081293392857,0.19103990815602256
0.018251814300888975,0.5913992978246059,0.9039706794492008,3.0727786295477286,0.1907990392841772
0.018479949037917675,0.5941636907605503,0.9028632353905041,3.0704489831982897,0.1905592267420864
0.018703648675884546,0.5969032888832742,0.9033990478348216,3.068119206387972,0.1903199358174865
0.01892285952795025,0.5996158201543548,0.903890708087928,3.065789304630306,0.19008077113930916
0.019137528984562578,0.6022990639166755,0.9041626398261241,3.0634592814754833,0.18984184017912126
0.0193476055260824,0.6049508511809294,0.9029419379901229,3.061129145294924,0.1896035736838581
0.019553038735148118,0.6075690648469265,0.9030459936252742,3.058798912527495,0.18936600616646862
0.019753779308775695,0.6101516398660733,0.903145134154963,3.0564685927245097,0.18912881276187107
0.01994977907019112,0.612696563350938,0.9032392946038835,3.0541381922469815,0.18889189313909305
0.020140990980392365,0.6152018746374552,0.9033289414463973,3.0518077188982846,0.1886554368903039
0.020327369149438893,0.6176656653049253,0.9034140138857136,3.049477181029909,0.18841935063530715
0.020508868847464827,0.6200860791586101,0.9021827954009072,3.047146590518123,0.18818434906390705
0.020685446515413836,0.6224613121793804,0.9026550801885792,3.04481597695386,0.18795059064429034
0.020857059775493222,0.6247896124445056,0.9027465609185106,3.0424853524402353,0.18771715326090543
0.021023667441344363,0.6270692800234164,0.9028335509761662,3.0401547239289557,0.18748406385225413
0.02118522952792716,0.6292986668519098,0.9029163416313003,3.037824098481193,0.18725132826422844
0.02134170726111641,0.6314761765880268,0.9029944702831945,3.0354934826520954,0.18701890218649647
0.02149306308700725,0.6336002644525411,0.9030682898263145,3.033162883123052,0.1867868625047791
0.02163926068092801,0.6356694370567756,0.9031375137802038,3.0308323089869518,0.1865553239293726
0.02178026495615795,0.6376822522201823,0.9032026761570133,3.028501769745275,0.1863242229290786
0.021916042072347812,0.6396373187799627,0.903449287657773,3.026171272532103,0.1860933610209732
0.022046559443641502,0.6415332963947553,0.9035082172637442,3.023840819162401,0.18586263991040827
0.022171785746496437,0.6433688953442513,0.9035625075926331,3.0215104196338163,0.18563256327252484
0.02229169092720098,0.6451428763264205,0.9036125504340514,3.019180081878402,0.1854027726339164
0.02240624620908744,0.6468540502538738,0.9023584694103527,3.0168498149248326,0.1851738760892147
0.022515424099437884,0.648501278050717,0.9024188649554784,3.0145196461792296,0.18494624666908505
0.022619198396082816,0.6500834704511576,0.9024754967548515,3.0121895882460303,0.1847189141083573
0.022717544193689213,0.6515995878009535,0.9009597995847964,3.0098596475840385,0.18449222765891388
0.022810437889737595,0.6530486398627064,0.9009970174783252,3.0075298460457347,0.18426663842605712
0.022897857190186992,0.6544296856258962,0.8993206841111432,3.005200198535714,0.18404194987813713
0.022979781114824786,0.6557418331224371,0.899788586511184,3.0028707295528942,0.18381827198818285
0.023056190002302395,0.6569842392484826,0.8998107380931473,3.000541449145561,0.1835949581690853
0.023127065514853593,0.6581561095930837,0.9002429189765621,2.998212364172644,0.18337196432929412
0.023192390642695473,0.6592566982742811,0.9002606718463491,2.99588347952059,0.1831492005038892
0.02325214970811111,0.6602853077831063,0.9002716236225712,2.9935548001670256,0.18292677429165682
0.02330632836921157,0.6612412888359275,0.9002838260532855,2.991226334249643,0.1827048332075867
0.023354913623378222,0.6621240402355286,0.9006865886917896,2.9888980907910527,0.18248330283976705
0.02339789381038331,0.6629330087412443,0.9010559884386588,2.986570075665865,0.18226202785762333
0.023435258615188387,0.6636676889484477,0.9010593795316081,2.9842422928757197,0.18204101949215998
0.023466999070419436,0.6643276231776383,0.9010648381422149,2.9819147511826434,0.1818205984271652
0.02349310755851973,0.6649124013733501,0.9010682030488182,2.9795874605821044,0.1816006388888091
0.02351357781357734,0.6654216610130608,0.9014093219617679,2.977260429254257,0.18138104882700384
0.023528404922829503,0.6658550870262788,0.8995261855469643,2.974933665935761,0.18116246576742412
0.02353758532784096,0.6662124117239112,0.8995175225026032,2.9726072031493684,0.18094541592319208
0.023541116825358636,0.6664934147380557,0.8974988325209127,2.970281059639671,0.18072949657070625
0.023538998567840173,0.6666979229722905,0.8974815879573008,2.9679552686620956,0.1805151241123585
0.02353123106365711,0.6668258105625362,0.8974626338514994,2.965629846484828,0.18030123387304664
0.02351781617697322,0.6668769988485514,0.8953169063708425,2.963304804385932,0.18008850700527693
0.02349875712729684,0.6668514563560991,0.8952975629035087,2.960980178861852,0.17987752980288205
0.023474058488708482,0.6667491987898023,0.8955536331173168,2.9586559870067557,0.17966672130777586
0.023443726188762812,0.6665702890367113,0.8958087326692358,2.956332217108507,0.17945514413537023
0.023407767507066267,0.6663148371805632,0.8957716384872605,2.954008865469598,0.17924388437884992
0.023366191073529833,0.6659830005267267,0.8935344807296925,2.951685945024648,0.1790341476672764
0.02331900686629785,0.6655749836377878,0.8937962588361267,2.9493634992752797,0.1788262245801333
0.023266226209353758,0.665091038379736,0.8915029443795228,2.9470415471302633,0.1786196860744686
0.02320786176980185,0.664531463978674,0.8918785339723633,2.944720132844857,0.17841505861713775
0.0231439275548273,0.6638966070879713,0.891854690908108,2.94239927055892,0.1782107329424114
0.023074438908334903,0.6631868618657594,0.8921208691767323,2.940078966987409,0.17800674824518647
0.022999412507266222,0.6624026700626383,0.8920954754764436,2.937759225857402,0.17780306428606912
0.022918866357597482,0.6615445211194384,0.8920693535570994,2.9354400564018093,0.17760001490975846
0.02283281979001786,0.6606129522748804,0.8920426407066386,2.9331214691194694,0.1773974961439714
0.022741293455290582,0.6596085486829,0.8920196676086823,2.9308034733588575,0.17719551147133214
0.022644309319296677,0.6585319435394161,0.8923593023173941,2.9284860776584587,0.176993894948161
0.022541890657763113,0.6573838182182683,0.8926682956507533,2.9261692858907735,0.1767924729741778
0.022434062050677123,0.6561649024159801,0.8926444912773606,2.9238531013774383,0.17659140628559417
0.02232084937638679,0.6548759743050201,0.8926207882289264,2.9215375320464254,0.17639080688085343
0.022202279805390513,0.6535178606951211,0.8911186649361829,2.9192225896267714,0.1761913911278718
0.022078381793816163,0.6520914372021873,0.8911053965978417,2.916908307652049,0.17599358977414495
0.02194918507659185,0.6505976284242719,0.8910935511263423,2.914594703664757,0.17579645955010842
0.021814720660309424,0.6490374081240052,0.8896060966731439,2.912281794393265,0.17560066149054984
0.021675020815783427,0.6474117994167979,0.889903267581197,2.909969612149673,0.17540628895855936
0.021530119070305928,0.645721874964055,0.8901320013853269,2.907658168197494,0.17521211282756152
0.021380050199600258,0.6439687571705519,0.890132648473094,2.9053474662379934,0.1750183423543995
0.021224850219475122,0.6421536183849914,0.8901335509131658,2.9030375140270683,0.1748249911548825
0.021064556377180646,0.6402776811026992,0.8884054847929803,2.9007283210625867,0.1746327205897871
0.020899207142469598,0.6383422181692376,0.888412915063906,2.8984199197375995,0.17444205696076104
0.020728842198364593,0.6363485529836341,0.8884221964809111,2.8961123261739803,0.17425188909029068
0.020553502431634424,0.6342980596997417,0.8884326635518968,2.8938055499161455,0.17406238653646378
0.02037322992298149,0.6321921634241097,0.8867041271893192,2.8914996051535593,0.1738740433785334
0.020188067936942444,0.6300323404085654,0.8850290286998013,2.8891945249629947,0.17368774470365161
0.01999806091150518,0.6278201182355333,0.8834090652869694,2.8868903491157223,0.17350352791996346
0.019803254447443738,0.6255570759939024,0.8836762286253305,2.8845871122407085,0.17332054912820624
0.019603695297374393,0.6232448444430655,0.8837072420468433,2.8822848241357373,0.17313791120641314
0.019399431354535195,0.6208851061624961,0.8818432690202193,2.879983494619442,0.1729563364337959
0.019190511641292013,0.6184795956840141,0.8818726012853021,2.8776831519395984,0.17277612896069644
0.018976986297372964,0.616030099603606,0.8821810008542722,2.8753838087181802,0.17259624189278522
0.018758906567835885,0.6135384566694072,0.8802475961123163,2.873085472379632,0.17241762834673668
0.018536324790768874,0.6110065578421383,0.8784188010649815,2.870788190065769,0.1722420625575858
0.018309294384730012,0.6084363463240037,0.8784906246660651,2.868492013567983,0.1720683678128638
0.018077869835926984,0.6058298175517125,0.8785643655538621,2.866196958785799,0.17189512196870488
0.01784210668514072,0.6031890191489295,0.878640235189511,2.863903033302912,0.17172239981251117
0.017602061514395483,0.6005160508331444,0.8787183901300298,2.861610244418172,0.17155009085286718
0.017357791933380145,0.5978130642715163,0.8787987495776546,2.859318597988242,0.1713782401610996
0.01710935656562159,0.5950822628799165,0.8788813395851831,2.85702810424212,0.17120714879346388
0.016856815034415575,0.5923259015589438,0.8789668670824681,2.854738773406749,0.17103651913240633
0.016600227948517274,0.5895462863603207,0.8792366087818889,2.8524506116197252,0.17086625083906942
0.016339656887595692,0.5867457740766231,0.8772900358565368,2.8501636250729434,0.17069688281385623
0.016075164387454488,0.5839267717469084,0.8773768374433842,2.8478778393819764,0.1705287670167291
0.015806813925024314,0.5810917360703568,0.8774662950245272,2.845593267836128,0.17036128411024545
0.015534669903127936,0.5782431727196408,0.8775582096917071,2.8433099209691033,0.17019441026885068
0.01525879763502425,0.5753836355453333,0.8776533605457962,2.8410278069281034,0.1700280293843881
0.014979263328733373,0.5725157256622522,0.8762181965918452,2.8387469371817904,0.16986290537413
0.014696134071146965,0.5696420904082903,0.876342207472255,2.8364673448941295,0.1696993468588119
0.014409477811927866,0.5667654221659277,0.8764690901214534,2.8341890432258303,0.16953615511403602
0.014119363347202178,0.5638884570363272,0.8765990106067992,2.831912035599448,0.1693732383170206
0.01382586030304886,0.561013973355643,0.8767319302761403,2.829636326883844,0.16921077208525181
0.013529039118789601,0.5581447900430091,0.8770219967650785,2.8273619221180706,0.16904857707850546
0.013228971030083986,0.5552837647695028,0.8771584838453562,2.8250888226047293,0.16888659962269617
0.01292572805183273,0.5524337919373679,0.8774136140581199,2.822817032854419,0.16872502527955188
0.012619382960895088,0.5495978004588182,0.8763096484477785,2.8205465589945997,0.16856429010834859
0.012310009278622407,0.5467787513238798,0.8765336740095547,2.818277426101701,0.1684048505555027
0.011997681253213236,0.5439796349470454,0.8756460079207086,2.816009647331971,0.16824626581939314
0.011682473841894586,0.5412034682828897,0.874985368494428,2.8137432468081673,0.16808921551811828
0.01136446269293206,0.538453291701375,0.875217863413936,2.8114782476662667,0.16793307775486607
0.011043724127474883,0.5357321656143191,0.8754554559722746,2.8092146599665866,0.16777747608557117
0.010720335121239145,0.5330431668453691,0.8756965535013563,2.8069524886185615,0.1676221142581657
0.01039437328603405,0.5303893847369675,0.8759410133191728,2.804691736152963,0.16746711937797673
0.01006591685113537,0.5277739169890634,0.8742578334529459,2.802432410748443,0.1673130398481444
0.009735044644510788,0.5251998652258587,0.8739199399372295,2.8001745352642065,0.16716025902436418
0.009401836073901713,0.5226703302886144,0.8722624728476309,2.797918129866935,0.16700877511069587
0.009066371107765554,0.5201884072544849,0.8706946969116919,2.795663222166809,0.16685880383346016
0.0087287302560839,0.5177571801835755,0.8704990675509185,2.793409835477345,0.16670994854804158
0.008388994551040453,0.5153797165987747,0.8705746202465509,2.791157984132115,0.16656175004059623
0.008047245527573625,0.5130590617055838,0.8709133752081524,2.7889076742262464,0.1664137644502583
0.007703565203808553,0.5107982323619796,0.8711457574042378,2.7866589030718534,0.1662657956555945
0.0073580360613732234,0.5086002108113402,0.8713406168273461,2.7844116712188045,0.16611809850621667
0.007010741025603182,0.50646793819465,0.8714984170149211,2.782165981874948,0.16597077434227017
0.006661763445640041,0.5044043078615011,0.8721031179692222,2.779921838012867,0.16582348142902098
0.006311187074427707,0.5024121585027551,0.8725252320005423,2.777679231036102,0.16567599992248153
0.005959096048612499,0.5004942671312042,0.8733778625217449,2.7754381618889594,0.16552855429363958
0.005605574868350496,0.4986533419399599,0.8744167386300793,2.77319861227168,0.16537982955439773
0.005250708377027978,0.4968920150716524,0.8756082825398629,2.770960550603311,0.1652295544756169
0.0048945817408994645,0.4952128353347901,0.876937278319673,2.7687239412810007,0.16507754333202748
0.004537280428648146,0.4936182609066252,0.8783209979948965,2.7664887432612972,0.1649234987796492
0.00417889019087381,0.49211065206469595,0.8797409930496306,2.764254914100521,0.16476748837497107
0.003819497039513246,0.4906922639916487,0.8811582257597476,2.762022408956716,0.1646092509240464
0.003459187227197536,0.489365239700011,0.8799028521350921,2.7597911880183283,0.16445035804353628
0.0030980472265521746,0.4881316031251898,0.8804512032389872,2.7575612643156795,0.16429237262536336
0.0027361637094437084,0.48699325243602637,0.8808097945244423,2.755332633706607,0.1641339487467983
0.0023736235261791706,0.48595195361274474,0.8813546814188281,2.75310529069541,0.16397547508923707
0.002010513684662265,0.48500933434199295,0.8818976265086582,2.7508792290063795,0.16381672489987087
0.0016469213295119483,0.4841668782778704,0.882438073208449,2.7486544407521043,0.16365774758103366
0.0012829337211481598,0.4834259197163571,0.8826389328984565,2.746430919574069,0.16349867637759713
0.0009186382148497038,0.48278763872838076,0.8831752065211371,2.744208663663444,0.16333962957400344
0.0005541222397893904,0.4822530567938894,0.88335283925393,2.741987668877146,0.16318049671776763
0.0001894732780514925,0.4818230329757479,0.8838869054453165,2.7397679295147475,0.16302103854481245
-0.0001752211563635584,0.48149826066813267,0.8844179669995331,2.73754943709816,0.16286138061413027
-0.0005398735385421195,0.4812792649493245,0.8849465456019894,2.7353321809772524,0.16270100230270193
-0.0009043963536628359,0.4811664005635915,0.8854720904023992,2.733116146156057,0.16254026035779887
-0.0012687021179999002,0.48115985055112515,0.8867247477346933,2.7309013209819333,0.16237855941760987
-0.0016327033999185786,0.4812596255390358,0.8878624926403627,2.728687670087267,0.16221482005751844
-0.001996312840858494,0.48146556370014326,0.8883615293180227,2.72647515392256,0.1620497863054671
-0.002359443176299221,0.48177733137996054,0.8874324930528524,2.7242637619214,0.16188517453191686
-0.002722007256703348,0.48219442438590493,0.8865734382047776,2.7220535140942634,0.16172201054817995
-0.0030839180684319504,0.48271616992649496,0.8870530781282264,2.7198444318507358,0.16155950169865999
-0.003445088754627461,0.48334172918228757,0.8875293557647699,2.7176365150447963,0.1613968519317015
-0.003805432636058881,0.4840701004845491,0.8880016755359561,2.7154297580689066,0.16123402701411535
-0.004164863231924383,0.48490012307236807,0.8884700095170601,2.7132241552595473,0.16107103367352268
-0.0045232942806063,0.4858304813941113,0.8889336305207983,2.711019701476171,0.1609079492446568
-0.00488063976037349,0.48685970991486327,0.8893925405714714,2.7088163937984175,0.16074482663604953
-0.005236813910026111,0.48798619838789165,0.8890259442204488,2.7066142289614015,0.16058186339223224
-0.005591731249477981,0.48920819754522227,0.8887366306289455,2.7044132135918098,0.16041941991546757
-0.005945306600271293,0.49052382516013293,0.8891766964197102,2.7022133547689227,0.16025731638350646
-0.006297455106019083,0.49193107243281714,0.8896918407202683,2.7000146493204475,0.16009471380068072
-0.006648092252770357,0.4934278106495898,0.8901139645255784,2.6978170796274097,0.15993144706313214
-0.006997133889293006,0.49501179806576756,0.8902303533675305,2.6956206378556002,0.15976813363066883
-0.007344496247269761,0.4966806869628093,0.8906482370624277,2.693425321477992,0.15960479869549782
-0.007690095961402081,0.4984320308312731,0.8910618622230655,2.69123112876738,0.1594415518177606
-0.008033850089417541,0.5002632916327062,0.8914709337202948,2.6890380567027785,0.159278087019131
-0.0083756761319755,0.502171847095572,0.891875662024762,2.6868460983201823,0.15911445156260412
-0.008715492052466583,0.5041549980027434,0.8921509252687244,2.684655246978928,0.1589503943827008
-0.009053216296701019,0.5062099754308321,0.8922585565526066,2.682465489702625,0.15878582346524833
-0.009388767812481397,0.5083339479046418,0.8924377763244105,2.6802768149924066,0.15862071939786673
-0.009722066069054557,0.5105240284332467,0.8928027992555116,2.6780892020615057,0.1584545399007202
-0.010053031076438899,0.5127772813975388,0.8927244626734587,2.675902637239615,0.15828802104022952
-0.010381583404621291,0.5150907292625015,0.8931490828987747,2.673717108345241,0.15812096377328114
-0.010707644202620109,0.5174613590909125,0.8934864065014081,2.6715326042813783,0.15795354682110607
-0.011031135217408993,0.5198861288385412,0.8938190603210306,2.669349118682999,0.15778604841321603
-0.011351978812697196,0.5223619734142451,0.894146975987586,2.6671666487519916,0.15761851526049594
-0.011670097987561974,0.5248858104915317,0.8951450569675306,2.664985191096639,0.15745073969352807
-0.011985416394928361,0.5274545460611896,0.895461390802983,2.6628047342443186,0.15728254774151573
-0.012297858359892225,0.5300650797174572,0.8957733181701665,2.660625272819501,0.15711429333110183
-0.012607348897881728,0.532714309672824,0.8973268098471184,2.6584468022084127,0.156945615297486
-0.012913813732653403,0.5353991374990147,0.8989402497320678,2.6562693037364946,0.15677589574373113
-0.01321717931411794,0.5381164725939142,0.8982784022201219,2.6540927553161686,0.15660547103794759
-0.01351737283599204,0.5408632363761947,0.8974625961762164,2.6519171520374574,0.1564352435609405
-0.013814322253271434,0.5436363662111364,0.8976236486318565,2.649742497200308,0.15626522911388802
-0.014107956299521345,0.5464328190727215,0.9009685161436274,2.6475687853265137,0.1560941855458852
-0.014398204503980253,0.5492495749483718,0.9010021648098628,2.645395978843691,0.15592164144505005
-0.014684997208472307,0.5520836399938495,0.9012531186190579,2.6432240668129086,0.1557491483709188
-0.014968265584125041,0.5549320494467528,0.9014990013984768,2.641053047761857,0.15557666176009483
-0.015247941647888109,0.557791870307805,0.9017398243673223,2.6388829214217466,0.1554042967119513
-0.015523958278848683,0.5606602037997052,0.9018523703334145,2.6367136884128,0.15523207841025055
-0.01579624923434023,0.5635341876137538,0.901794341471236,2.6345453503606913,0.15506004180689048
-0.016064749165840546,0.5664109979547374,0.9020291364016613,2.6323779151735227,0.15488897995583972
-0.016329393634654868,0.5692878513947591,0.9022589712102163,2.6302113972468537,0.15471809530552935
-0.016590119127381012,0.5721620065467248,0.9024840091606599,2.628045794228249,0.1545473413581506
-0.016846863071152327,0.5750307655681959,0.9058389269992284,2.625881101615556,0.15437553378017982
-0.017099563848654697,0.5778914755061606,0.909228336065449,2.6237172752035143,0.15420112835086136
-0.01734816081291454,0.5807415294931375,0.9094302967403534,2.621554267287737,0.15402525012655177
-0.01759259430185371,0.583578367804718,0.9136375104638993,2.6193920619850966,0.15384825977509398
-0.017832805652608225,0.5863994787884129,0.9138243059442281,2.6172306176929943,0.15366958961952748
-0.018068737215607047,0.5892023996732905,0.9139150510916106,2.6150699237424724,0.15349107130823242
-0.018300332368407345,0.5919847172695497,0.9127263419145238,2.61290998252834,0.15331300054679697
-0.018527535529284368,0.5947440685667712,0.911353091829625,2.6107508101049848,0.15313609679716988
-0.018750292170570018,0.5974781412391946,0.9166113055524384,2.6085924222803114,0.15295878056232187
-0.01896854883173969,0.6001846740659286,0.9150844762176712,2.6064347808509605,0.15278014831768094
-0.019182253132242425,0.6028614572736171,0.915190156199627,2.6042778968334983,0.1526026382333514
-0.01939135378407179,0.60550633280863,0.9152908316874115,2.6021217715937257,0.15242485874342618
-0.019595800604075227,0.6081171945454421,0.915386708383185,2.5999664059784293,0.15224746415192342
-0.01979554452599724,0.6106919884374649,0.9154674068659917,2.5978118064864124,0.15207041529731233
-0.019990537612255384,0.6132287126161626,0.9155513076532604,2.5956579758667853,0.15189355782774155
-0.020180733065444958,0.6157254174439353,0.915833746713615,2.5935049189828057,0.15171706269463167
-0.020366085239570203,0.6181802055258345,0.9159154093458534,2.5913526392388246,0.15154076373170838
-0.0205465496509991,0.6205912316848478,0.9159929630282705,2.5892011405320443,0.15136476975614457
-0.020722082989139006,0.6229567029051194,0.9142063360828988,2.587050430009813,0.15118976326127384
-0.020892643126831423,0.6252748782471562,0.9144823151677981,2.58490053816729,0.151016149928413
-0.02105818913046218,0.6275440687387575,0.914539426988994,2.582751474612935,0.1508427505921778
-0.021218681269784906,0.629762637245091,0.9126307673527034,2.580603248224674,0.1506705611541743
-0.021374081027456623,0.6319289983210886,0.9127144553609046,2.578455892437308,0.1504997587655645
-0.021524351108281332,0.6340416180490431,0.9129829502999159,2.5763094152748045,0.15032906135118612
-0.02166945544816114,0.6360990138640651,0.913019919641707,2.5741638181858875,0.15015862542190708
-0.02180935922275084,0.6380997543698039,0.9130531754470232,2.572019107780554,0.14998869007221888
-0.021944028855816117,0.6400424591466523,0.9130841850129329,2.569875290859371,0.14981912463464264
-0.02207343202729163,0.6419257985544244,0.9131108796521025,2.567732374246592,0.14965030311910338
-0.022197537681037265,0.6437484935313362,0.9131352202621151,2.565590386057875,0.14948321504855955
-0.02231631603229183,0.6455093153909235,0.9111070541986033,2.5634493468731026,0.1493173260902865
-0.022429738574821254,0.6472070856183996,0.9111232920102421,2.561309292560741,0.1491531782515908
-0.022537778087759724,0.6488406756677839,0.9090631314224694,2.5591702431855734,0.1489903301527197
-0.022640408642142732,0.6504090067610172,0.9090758711523091,2.5570322357554702,0.1488292178010589
-0.022737605607130014,0.6519110496901406,0.9070197514349244,2.554895288202478,0.1486692815727932
-0.022829345655916395,0.6533458246235252,0.9070339333153542,2.55275943719056,0.1485111623295928
-0.022915606771330574,0.6547124009170021,0.9070464354072509,2.550624699332638,0.14835355511907936
-0.022996368251118924,0.6560098969306846,0.9070572569019392,2.5484910840547665,0.1481965738721948
-0.023071610712914022,0.6572374798521701,0.9138161859707915,2.5463585946267164,0.14803899462146544
-0.023141316098886113,0.6583943655267237,0.9137878714675709,2.544227201716657,0.14788036088845682
-0.0232054676800772,0.6594798182949984,0.9137581030362025,2.542096902006634,0.14772215045149922
-0.02326405006041579,0.6604931508387627,0.9137272547324194,2.5399677030514427,0.147564481273456
-0.023317049180411765,0.6614337240350668,0.9139240244463461,2.537839611994611,0.14740717349685453
-0.023364452320530735,0.662300946819197,0.9138915279781051,2.535712633645079,0.147250303937279
-0.02340624810424666,0.6630942760567705,0.9119278824590537,2.533586779888611,0.14709470999143806
-0.023442426500772016,0.663813216425224,0.9119012093373722,2.5314620848105553,0.14694072775312644
-0.02347297882746536,0.6644573203049582,0.9118759093767711,2.529338562700106,0.14678719638492832
-0.023497897751914895,0.6650261876803448,0.9118508041303384,2.52721622081719,0.14663415049701925
-0.023517177293698347,0.6655194660507718,0.9120463570042828,2.5250950651968282,0.14648143384592957
-0.02353081282581832,0.6659368503518854,0.9120206388683504,2.5229750988025335,0.14632899978043767
-0.02353880107581252,0.6662780828871526,0.9122140163478257,2.520856325683699,0.14617681783084044
-0.023541140126539264,0.6665429532698645,0.9121865535314206,2.5187387465235664,0.14602482615973267
-0.0235378294166376,0.6667312983756455,0.9121592281608036,2.516622366153945,0.14587331198306633
-0.023528869740662085,0.6668430023055639,0.9123202732826079,2.5145071914539505,0.14572219570549055
-0.023514263248891974,0.6668779963598677,0.9122948554756235,2.5123932260639132,0.1455713611582752
-0.023494013446814965,0.6668362590224146,0.9104295792165795,2.510280477625411,0.14542153233495983
-0.023468125194286597,0.6667178159557822,0.9086216710932772,2.5081689653591646,0.14527223698428884
-0.023436604704363095,0.6665227400070937,0.9086256480165598,2.506058699022283,0.14512393480847527
-0.023399459541810743,0.6662511512245379,0.90863139021563,2.5039496893324316,0.14497598289313018
-0.02335669862129024,0.6659032168845598,0.9086383281837268,2.5018419411538955,0.1448284091920125
-0.02330833220521726,0.6654791515296911,0.9069235673190297,2.4997354612510474,0.1446815871444806
-0.023254371901299586,0.6649792170169605,0.906895817196818,2.497630266928482,0.14453545858870584
-0.023194830659750972,0.6644037225768196,0.9069311506624175,2.4955263572077926,0.14438924276673615
-0.023129722770183752,0.6637530248824852,0.9069679401866968,2.4934237319584023,0.14424326947668378
-0.023059063858178696,0.6630275281296028,0.907005736616778,2.4913223938644586,0.14409753724547728
-0.02298287088153573,0.6622276841260883,0.9072248328013064,2.489222343428094,0.1439518960256809
-0.022901162126203353,0.6613539923919961,0.9072631663029832,2.487123581013158,0.1438064743103653
-0.02281395720189077,0.6604070002692342,0.9074818602012764,2.485026108476036,0.1436612394764625
-0.02272127703736106,0.6593873030409051,0.9074427011625497,2.482929925409544,0.1435159714224156
-0.022623143875408838,0.6582955440600352,0.9074909273672752,2.480835026250139,0.14337060697797618
-0.02251958126752201,0.6571324148873984,0.9075425114780313,2.4787414086459245,0.1432252599539862
-0.022410614068229303,0.6558986554381108,0.9075944683798893,2.476649070394339,0.1430799426803866
-0.022296268429135558,0.6545950541366261,0.9076470532448256,2.4745580096423634,0.14293466382021844
-0.022176571792645147,0.6532224480796939,0.9077002798363067,2.4724682247517773,0.1427894912600243
-0.022051552885376382,0.6517817232068139,0.9075335711299176,2.4703797165014487,0.1426444817069115
-0.021921241711266744,0.6502738144776207,0.9077570295498196,2.4682924856033757,0.1424996573960919
-0.02178566954437269,0.6486997060555939,0.9076784413128558,2.466206531198904,0.14235464289671781
-0.021644868921363386,0.6470604314973826,0.9079045690243468,2.4641218424363625,0.14220931930472183
-0.02149887363371241,0.645357073946977,0.9079709252810113,2.4620384170057337,0.14206417215375738
-0.021347718719588155,0.6435907663338366,0.9080366011120539,2.4599562547429192,0.1419190401273496
-0.021191440455444435,0.6417626915739892,0.9081021036198629,2.4578753528097574,0.141773913512605
-0.02103007634731439,0.6398740827730294,0.9081681072397616,2.455795708743073,0.1416287576135897
-0.020863665121809403,0.6379262234297611,0.9081126773578639,2.4537173189197614,0.14148341123119582
-0.020692246716824823,0.6359204476391612,0.9066771511696828,2.451640173354155,0.14133784734095406
-0.020515862271955038,0.6338581402931462,0.9051573263859698,2.449564274718709,0.1411928133821465
-0.020334554118619987,0.631740737277478,0.9035357910854154,2.4474896303448648,0.14104825231296605
-0.02014836576990639,0.6295697256629871,0.9035928496855151,2.4454162487178603,0.1409041766173573
-0.01995734191012398,0.6273466438890856,0.9018400899291585,2.443344134578259,0.1407606227978803
-0.019761528384082294,0.6250730819373409,0.8999593512239883,2.4412733025607185,0.14061811322938167
-0.01956097218608758,0.6227506814926913,0.8999854340011509,2.4392037695861752,0.140476321770918
-0.01935572144866468,0.6203811360896174,0.9003873059659585,2.437135540241809,0.14033464446713162
-0.01914582543100537,0.6179661912403572,0.9004110277284005,2.435068612776985,0.14019304795603427
-0.018931334507146156,0.6155076445419905,0.9004314058265017,2.433002988847689,0.1400517376351038
-0.018712300153879424,0.6130073457589258,0.9008093411831123,2.4309386704802938,0.13991059340498552
-0.01848877493839843,0.6104671968770233,0.9008244177015532,2.4288756586276707,0.1397696849495452
-0.018260812505681876,0.6078891521252925,0.9010678792356867,2.426813955411262,0.1396289507892207
-0.018028467565619464,0.6052752179607505,0.9010786436734152,2.424753561221014,0.1394884062543949
-0.01779179587988144,0.6026274530116894,0.9007980565182356,2.4226944783062234,0.13934810919314636
-0.017550854248536293,0.599947967974236,0.9008144222978293,2.420636708040466,0.13920801397264373
-0.017305700496419035,0.5972389254567009,0.9008289073274588,2.418580252226343,0.13906809526287287
-0.017056393459253406,0.5945025397658519,0.9005372167126,2.4165251111376103,0.13892833302957983
-0.01680299296953149,0.591741076628802,0.9002796074912027,2.414471284682527,0.138788643645867
-0.016545559842154584,0.5889568528438167,0.9003112136574362,2.4124187718750583,0.1386491116782559
-0.01628415585983748,0.5861522358529329,0.8982976330356894,2.410367578040845,0.13851047000933844
-0.016018843758281102,0.5833296432288393,0.8983095033886277,2.408317726593122,0.1383729318104551
-0.015749687211116317,0.5804915420680556,0.8987010343435183,2.406269225967205,0.1382357208217079
-0.015476750814622454,0.5776404482820462,0.8987075650150891,2.404222079105215,0.1380987679468143
-0.015200100072224543,0.5747789257774748,0.8983268497484072,2.402176290971058,0.13796236735481307
-0.014919801378772706,0.5719095855164354,0.8962195274859666,2.4001318747864806,0.1378272225278432
-0.014635922004607956,0.5690350844471269,0.8962261384932921,2.398088860341675,0.13769344420439947
-0.014348530079417316,0.5661581242951012,0.895965926786265,2.3960472586972883,0.13756004493403695
-0.014057694575883479,0.5632814502049206,0.8962215703415124,2.3940070738419834,0.13742690917702627
-0.013763485293131044,0.5604078492218351,0.8962393102452236,2.391968307614396,0.13729406299318866
-0.013465972839975693,0.5575401486028628,0.894063718495911,2.389930968509836,0.1371623791051543
-0.01316522861797807,0.5546812139466093,0.8940720267892324,2.3878950884495436,0.13703226192618423
-0.012861324804307824,0.5518339471310728,0.8944622370501315,2.385860679546319,0.13690243880978958
-0.01255433433442143,0.5490012840487836,0.894466697268423,2.3838277437059645,0.13677285578075624
-0.012244330884558032,0.5461861921288113,0.8944696223444225,2.3817962838929527,0.1366436212502713
-0.01193138885405755,0.5433916676354517,0.8944687369325744,2.379766305958503,0.13651491468940727
-0.011615583347505136,0.540620732733872,0.8944661616272497,2.3777378175217216,0.1363867023256776
-0.011296990156706344,0.5378764323135793,0.8944650291127146,2.375710824674708,0.13625897746017077
-0.010975685742497812,0.5351618305613535,0.8944629857052556,2.3736853365459876,0.13613189057928346
-0.010651747216396501,0.5324800072762105,0.8941360026928932,2.3716613608373045,0.13600526235952592
-0.010325252322093722,0.5298340539201374,0.8919139960664132,2.3696389077474587,0.1358799291649909
-0.009996279416796948,0.5272270693996566,0.891923477081997,2.367618011210846,0.13575613903785674
-0.009664907452424218,0.5246621555748536,0.8915902045844624,2.365598682608221,0.13563272843875654
-0.009331215956656428,0.5221424124942893,0.8894448771417041,2.3635809319897034,0.13551063634391963
-0.008995285013850664,0.5196709333562135,0.8894772889134974,2.361566705241496,0.13558143049297772
-0.008657195245820787,0.517250799198751,0.8895190004633298,2.359557926077429,0.13565307682525915
-0.008317027792488196,0.5148850733241672,0.8895608996127332,2.3575546018893525,0.1357257373834093
-0.007974864292408755,0.5125767954650032,0.8893734975862876,2.355556747233548,0.13580045269779734
-0.007630786863180103,0.510328975702739,0.8894360437512724,2.3535644076552047,0.13587766016490782
-0.007284878081733628,0.508144588152672,0.8893087239253221,2.351577598812066,0.13595553230612314
-0.006937220964516346,0.5060265644319237,0.8893702848346842,2.349596321143035,0.13603406646132005
-0.006587898947567671,0.5039777869307706,0.889421439465472,2.3476205803943957,0.13611352780556105
-0.006236995866494842,0.5020010819109251,0.8874343600103703,2.3456503993403546,0.1361969576745518
-0.0058845959363529035,0.5000992124577948,0.8855059912021064,2.343685907171829,0.13628894511942805
-0.005530783731433496,0.4982748713171814,0.8853484500495487,2.3417272471323582,0.13638622880742823
-0.005175644164967412,0.4965306736501978,0.8851422993125607,2.339774448630496,0.13648396140989535
-0.004819262468745908,0.4948691497434028,0.8852197421670835,2.3378275104481,0.13658239241520997
-0.004461724172665364,0.4932927377141211,0.8852711683577636,2.335886443661729,0.13668278980213838
-0.004103115084200552,0.4918037762536639,0.8853675411825102,2.3339512901130877,0.13678558093774126
-0.00374352126781137,0.4904044974535203,0.8854644913178429,2.3320220657309956,0.1368892686615781
-0.0033830290242875707,0.4890970197615788,0.8855780696378497,2.330098775758528,0.13699374634368694
-0.0030217248700372527,0.4878833411169015,0.8856769254905285,2.328181423559335,0.13709899420755164
-0.0026596955163230114,0.48676533231257096,0.8840511096717667,2.3262700281935333,0.1372080252212655
-0.002297027848451988,0.4857447306364418,0.8841698424890586,2.3243646970378236,0.137322263575585
-0.0019338089049235686,0.48482313383939757,0.8847150797954084,2.3224654630383808,0.13743724694276888
-0.0015701258565407013,0.48400199447974906,0.8848317179589436,2.320572327846978,0.13755294140851249
-0.0012060659854892363,0.48328261469078504,0.8849679138792105,2.318685294453936,0.13766941761376042
-0.0008417166643906803,0.48266614141616854,0.8835538209146762,2.316804380948815,0.13778954868367208
-0.00047716533533313153,0.48215356215484434,0.8838601388321965,2.3149296896859832,0.1379145565363406
-0.0001124994888856612,0.48174570125345917,0.8826397606351091,2.3130612698443818,0.13804408291708553
0.0002521933568990482,0.48144321678000085,0.8828278782726264,2.311199236803156,0.13817857368150377
0.0006168256774886057,0.4812465980075067,0.8826420608935652,2.3093436227827473,0.13831489630623253
0.000981309962876384,0.4811561635313374,0.8831909454330537,2.3074944750766524,0.13845398768829578
0.0013455587385834843,0.4811720600377737,0.883498691714777,2.3056518054934645,0.13859352859939886
0.0017094845866521804,0.4812942617356059,0.8831066451946286,2.303815618359656,0.13873523730214046
0.002073000166625875,0.4815225704561423,0.8833422359505904,2.3019859717091444,0.13888015045515764
0.0024360182365103064,0.48185661642067656,0.8838681471524803,2.3001628821627818,0.13902564195957412
0.002798451673711263,0.4822958596681098,0.8841754139902778,2.2983463466490615,0.13917155988094904
0.0031602134959435586,0.4828395921292118,0.8835640284268048,2.2965363722218157,0.13932039207391755
0.003521216882106393,0.4834869403280042,0.8838256807074208,2.2947330440760516,0.13947361600530245
0.003881375193119967,0.48423686868513777,0.8840890824465766,2.2929363869350547,0.1396274984045335
0.004240601992718474,0.4850881833928848,0.8845878326913243,2.2911463998148944,0.1397819327281913
0.004598811068194359,0.48603953682671586,0.8850432392830241,2.2893630778829657,0.13993660739923658
0.0049559164510889885,0.48708943245428105,0.8847109870185413,2.2875864240138766,0.14009398859844474
0.005311832437824643,0.4882362301991661,0.8850115496599212,2.2858165161306823,0.14025536484765053
0.005666473610272951,0.489478152213954,0.8849206015858735,2.2840533852182876,0.140419509774079
0.006019754856254921,0.4908132890150293,0.8852356029311126,2.282297107788107,0.14058767348666246
0.006371591389967269,0.4922396059301292,0.8855525754310626,2.280547704416922,0.14075635894209482
0.006721898772330826,0.49375494980890094,0.8858707855083563,2.278805173544178,0.14092569881314967
0.007070592931255361,0.49535705594665624,0.8861909637853258,2.2770695121066704,0.1410954574980721
0.007417590181816537,0.4970435551720545,0.8861234315265105,2.275340714793647,0.14126567258687972
0.007762807246339856,0.4988119810505649,0.8864469935120797,2.2736187765420577,0.14143631252035452
0.008106161274386974,0.5006597771571986,0.8867718246419513,2.271903692898405,0.14160741885588263
0.008447569862639283,0.5025843043741068,0.8870970431981724,2.2701954691715174,0.14178096535718618
0.008786951074674459,0.5045828481711196,0.8874511676634554,2.268494170892151,0.14195805104372444
0.009124223460630678,0.5066526258301086,0.8872657570346048,2.2667998262386906,0.14213770314742574
0.009459306076754322,0.5087907935771379,0.8876480558089143,2.265112515701161,0.14232283931082354
0.009792118504825972,0.5109944535895841,0.8875673223567028,2.2634323048412353,0.1425113716928011
0.010122580871460455,0.5132606608488037,0.8878666121032908,2.2617592608756936,0.14270321274032205
0.010450613867276052,0.5155864298123202,0.888274327838688,2.2600933962791028,0.14289540482905086
0.01077613876592837,0.5179687408829521,0.8878990121416216,2.258434714599327,0.1430901828677503
0.011099077443004335,0.5204045466556649,0.8883549213245971,2.2567832865277575,0.1432886288848916
0.011419352394771662,0.522890777926221,0.8887843504685603,2.255139126489671,0.14348742329330136
0.011736886756779235,0.5254243494488584,0.8892144885299308,2.253502226664959,0.14368655566147312
0.012051604322304458,0.5280021654332172,0.89039944774873,2.251872588298386,0.14388774175285504
0.012363429560642238,0.5306211247735512,0.8906964742368546,2.250250261898529,0.14409169496253896
0.012672287635232272,0.5332781260058633,0.8920211923582305,2.2486352618582957,0.14429751010699765
0.012978104421619206,0.5359700719909968,0.8924866600186512,2.247027638896688,0.14450627139288794
0.013280806525242246,0.5386938743238787,0.8929523872529446,2.2454274002773515,0.14471515898279846
0.013580321299049649,0.5414464574710596,0.8943862639599189,2.243834542927234,0.14492585343479425
0.013876576860933338,0.5442247626404053,0.8940112780790723,2.242249121918391,0.14514139412515425
0.014169502110980574,0.5470257513882977,0.8945054620098946,2.2406712242149007,0.14536065932903844
0.014459026748537482,0.549846408970983,0.8961148816359628,2.239100868811117,0.14558146368453964
0.014745081289080749,0.552683747447786,0.8966010924627588,2.2375380910112157,0.14580444589974761
0.01502759708089383,0.5555348085448096,0.8970904067909868,2.235982893351821,0.14602767995025212
0.015306506321542778,0.5583966662884465,0.8975771314273526,2.2344352652406445,0.14625110073153869
0.015581742074148685,0.5612664294185692,0.898060426280314,2.2328951940570443,0.14647460210451121
0.01585323828345211,0.5641412435916978,0.8973142530948327,2.231362679146304,0.14670066197929663
0.016120929791665996,0.5670182933846661,0.8973249229494631,2.229837789398102,0.1469302523829634
0.016384752354113446,0.5698948041094972,0.8978236040927429,2.228320541742477,0.14716066576165482
0.016644642654645755,0.5727680434501924,0.8994793904021369,2.2268109373193643,0.1473924508345471
0.016900538320838467,0.575635322932136,0.8999604917238162,2.225309006891048,0.14762626742340926
0.017152377938959837,0.5784939992346344,0.8989739505303693,2.2238147639933703,0.14786302488877984
0.017400101068710608,0.5813414753569306,0.8994657581054131,2.2223282950045515,0.14810414970113128
0.017643648257728618,0.5841752016477822,0.8999531674946183,2.220849613742413,0.14834526470914983
0.017882961055857634,0.5869926767083647,0.9004358216899766,2.219378703686024,0.1485862996661015
0.018117982029174876,0.589791448177931,0.901962017923532,2.2179155543796893,0.14882859184316014
0.018348654773774817,0.5925691134112852,0.9024134205797582,2.216460193583802,0.14907265229201677
0.018574923929306087,0.595323320056728,0.9036891410111204,2.215012623509679,0.1493180534181739
0.01879673519225752,0.5980517665427347,0.9041005526646311,2.2135728752382517,0.1495654434995954
0.019014035328990656,0.6007522024811875,0.90410249721078,2.212140947394765,0.1498129346746381
0.019226772188515866,0.6034224289945916,0.9045076429834283,2.2107168266243846,0.1500605678864135
0.019434894715008012,0.6060602989742556,0.9033275253525713,2.2093005158364547,0.1503113638347968
0.019638352960059644,0.6086637172760188,0.9036024306504448,2.2078921065494783,0.15056675528873975
0.019837098094668684,0.6112306408596906,0.9040112349131721,2.206491614774959,0.15082221771840418
0.020031082420956935,0.6137590788779704,0.9044137334676288,2.2050990262871895,0.15107778053371881
0.020220259383617118,0.6162470927202307,0.9046830221148897,2.203714327363996,0.15133344237046076
0.0204045835810863,0.6186927960161573,0.9050776703520828,2.202337503115355,0.15158907639569208
0.020584010776441935,0.6210943546039162,0.9050466118114339,2.2009685375017134,0.15184475290354268
0.020758497908018394,0.6234499864671379,0.9053133201493315,2.1996074164493025,0.15210052259305665
0.02092800309974165,0.6257579616446957,0.9057009037086631,2.198254126479088,0.15235642219104964
0.021092485671179412,0.6280166021169559,0.9065614703606603,2.1969086612865496,0.1526138270376624
0.021251906147304007,0.6302242816718728,0.9069007297933281,2.195571056548976,0.15287348533257022
0.021406226267966476,0.6323794257540246,0.9074287868645042,2.1942413143415265,0.15313333563047798
0.021555408997078543,0.6344805112994395,0.9061235146524816,2.1929194369563874,0.15339627168781209
0.02169941853150141,0.6365260665587981,0.906464344974496,2.191605514211329,0.15366374325040133
0.02183822030963809,0.6385146709113946,0.9069850897652104,2.190299569739311,0.1539328481638721
0.021971781019728027,0.6404449546720168,0.9074907564547595,2.1890016414794573,0.15420424879522582
0.022100068607842045,0.642315598892695,0.9062273951536297,2.187711744824017,0.1544787731384193
0.02222305228557474,0.6441253351611149,0.9065314155167958,2.186429974664942,0.154758163153915
0.02234070253743366,0.6458729453973027,0.9067414334070324,2.185156355922712,0.15503914362880142
0.022452991127923334,0.6475572616500329,0.9070019698793466,2.183890926881935,0.1553225122945466
0.022559891108320917,0.6491771658942856,0.9072569651847637,2.1826336905556536,0.15560612276006014
0.022661376823144348,0.650731589830916,0.907027597767659,2.1813846405643607,0.155891300185012
0.02275742391630918,0.6522195146896173,0.9064416755903231,2.1801438255317853,0.15618071943156228
0.02284800933697395,0.6536399710361093,0.9051972839345458,2.1789113205967694,0.15647536949890814
0.022933111345072685,0.6549920385844133,0.9039999919229869,2.177687228401354,0.15677623381997222
0.02301270951653207,0.656274846014964,0.9042037164139775,2.1764716389761283,0.15708048568096142
0.02308678474817274,0.6574875707992358,0.9033982735608553,2.17526456417545,0.15738622368569147
0.02315531926229492,0.6586294390314744,0.9035701225718155,2.174066040165024,0.1576942179844036
0.023218296610944118,0.6596997252680721,0.9037409240977881,2.1728760640166205,0.158002179311072
0.023275701679858905,0.6606977523750388,0.9025733034330827,2.171694626563879,0.15831174466410927
0.023327520692098393,0.661622891383997,0.9011369400605196,2.1705217743725345,0.1586252600933934
0.02337374121134831,0.6624745613570391,0.9012054304301683,2.169357559805492,0.1589409785955608
0.02341435214490599,0.663252229260781,0.9011952811521614,2.168201976755543,0.15925642189654535
0.023449343746342236,0.6639554098498744,0.9013219217364782,2.167055003219938,0.15957173033051925
0.02347870761784071,0.6645836655602124,0.9012339323144997,2.1659166200196274,0.1598868506576498
0.023502436712213203,0.6651366064120409,0.9013584336192701,2.164786803843189,0.16020165897053149
0.023520525334590953,0.6656138899231456,0.8996439400436242,2.1636655418844057,0.16051796710939642
0.023532969143791466,0.6660152210322638,0.8997389353977943,2.1625528707303046,0.1608365712936117
0.02353976515336016,0.6663403520328388,0.897807929348948,2.161448796317845,0.1611567454189256
0.02354091173228757,0.666589082517237,0.8978844256822032,2.1603533546352183,0.1614790888484932
0.02353640860540004,0.6667612593314893,0.8957904302997592,2.1592665480713604,0.16180280492129964
0.023526256853426554,0.6668567765406362,0.8958520252427287,2.1581884102520044,0.16212872410322174
0.023510458912738706,0.6668755754047268,0.8943797671236761,2.1571189466226066,0.16245629956638397
0.02348901857476654,0.6668176443654931,0.8946983501336105,2.156058195947071,0.16278606452395195
0.023461940985088282,0.6666830190437263,0.8950157665167869,2.1550061496050805,0.16311550489316742
0.02342923264219535,0.666471782247359,0.8953322504298782,2.1539627824335446,0.1634443845340796
0.023390901395933254,0.6661840639902437,0.896105460052633,2.1529280652494647,0.16377272682700528
0.023346956445616893,0.6658200415215869,0.8968443763919558,2.1519019710617773,0.16410058697955543
0.023297408337823414,0.6653799393660219,0.8975489327437246,2.150884472667914,0.1644279641423413
0.023242268963860894,0.6648640293742439,0.8954616295934269,2.1498755505505036,0.16475623972482245
0.023181551556914485,0.6642726307841414,0.8961570045435382,2.14887522508083,0.1650860218083597
0.023115270688870305,0.6636061102923284,0.8940295997055865,2.147883488228117,0.16541653929106842
0.02304344226681852,0.6628648821359675,0.8918975034657836,2.146900362731535,0.16574962342165722
0.02296608352923565,0.6620494081847413,0.8899562059875983,2.1459258823318548,0.16608542676205468
0.022883213041847476,0.661160198042814,0.8879473968871431,2.1449600880697988,0.1664241210406968
0.02279485069317304,0.660197809160599,0.8882535201282362,2.1440030096702034,0.1667640991117071
0.022701017689751874,0.6591628469561028,0.8862873171918608,2.1430546350225317,0.1671043400801352
0.022601736551054425,0.6580559649455989,0.8844372429386511,2.142114965704836,0.16744571858018686
0.022497031104077476,0.6568778648833291,0.8827348852333231,2.141184002828116,0.16778787894816266
0.02238692647762562,0.6556292969099075,0.8807351643837772,2.1402617427570507,0.16813071523540554
0.02227144909628073,0.6543110597090319,0.8792732269556732,2.1393481810741815,0.1684739318396543
0.022150626674059905,0.6529240006720693,0.8794139279488853,2.138443297379018,0.1688165752595872
0.022024488207764648,0.6514690160700143,0.8795561923369537,2.1375470597344646,0.16915845599255136
0.02189306397002131,0.6499470512322727,0.8796997622100984,2.136659439132229,0.16949991728456842
0.02175638550201611,0.6483591007316076,0.8785068530545074,2.135780407582469,0.16984062369022404
0.02161448560592528,0.6467062085745647,0.8786727551563162,2.134909931228185,0.1701805040226867
0.021467398337042712,0.6449894683965454,0.8788399207319825,2.1340479760943256,0.1705194952072961
0.021315158995606973,0.6432100236606545,0.8795970440332758,2.1331945073714893,0.17085761786369422
0.02115780411832905,0.6413690678592971,0.8775562614655853,2.132349491520124,0.1711948840233746
0.02099537146962441,0.6394678447174094,0.8755227371043588,2.131512888890362,0.17153059250248412
0.020827900032548828,0.6375076483960856,0.8758186609682792,2.1306846478484416,0.1718648165414258
0.020655429999443434,0.635489823695203,0.8761138798387562,2.129864731436595,0.17219823880291024
0.020478002762288245,0.6334157662535179,0.8762800020152973,2.129053108009552,0.1725309668767392
0.020295660902768468,0.6312869227445317,0.8764485465630747,2.1282497453850864,0.17286277214974188
0.020108448182055164,0.6291047910662636,0.8766150863611599,2.1274546078036574,0.17319365575036172
0.0199164095303025,0.6268709205228491,0.8767876552942471,2.1266676604324477,0.17352356119437953
0.01971959103586527,0.6245869119957297,0.8759301754163233,2.125888864480281,0.17385191507452122
0.01951803993423734,0.6222544181019113,0.8752945054798411,2.1251181598309663,0.17417771062420956
0.019311804596715457,0.619875143336601,0.8755197900336167,2.124355481001928,0.17450147684582668
0.01910093451879085,0.6174508441972408,0.8756688906328175,2.123600783403985,0.17482414081530046
0.01888548030826993,0.6149833292856924,0.8752549250826929,2.1228540265533935,0.17514494801058308
0.018665493673129013,0.6124744593850623,0.8760042911494742,2.12211514233599,0.17546325992414538
0.018441027409104437,0.6099261475073309,0.8767195498488604,2.1213840843058627,0.1757806062851593
0.018212135387022304,0.6073403589076548,0.8770136675087665,2.1206608181329627,0.17609703554924297
0.017978872539869007,0.6047191110608542,0.8767538001005978,2.119945305223188,0.17641150248309426
0.017741294849608236,0.6020644735952576,0.8770494828380598,2.119237473847403,0.1767234223173361
0.017499459333745238,0.5993785681787118,0.8769169599283219,2.118537274746602,0.1770333393255916
0.017253424031642973,0.596663568351184,0.8768757732852609,2.117844629743054,0.17733953369044284
0.017003247990592878,0.5939216992979739,0.8771595174748213,2.117159453250133,0.1776429701129405
0.016748991251643964,0.591155237557173,0.8773745926600754,2.116481697906472,0.17794536734110594
0.016490714835193085,0.5883665106545813,0.8776601517990374,2.1158113277170907,0.17824663060052176
0.016228480726340387,0.5855578966588654,0.8779441595880283,2.1151483032387333,0.17854658641468096
0.015962351860013206,0.5827318236493392,0.8761455953189593,2.1144925724234955,0.17884308609644956
0.015692392105862082,0.579890769088316,0.8768294281770801,2.1138440222430774,0.17913531958853687
0.015418666252932077,0.5770372590895656,0.8771018414971444,2.1132025961646783,0.17942647234823142
0.015141239994113995,0.5741738675740086,0.8773744649713862,2.112568254581666,0.17971612206908588
0.014860179910378185,0.5713032153034133,0.8776445466265971,2.1119409541082805,0.18000447974281777
0.014575553454795718,0.5684279687824733,0.8779140590441614,2.111320656536796,0.18029166920954404
0.014287428936349584,0.565550839019335,0.8782084466826509,2.11070732464388,0.18057771184495677
0.013995875503541234,0.5626745801343631,0.8781324950005054,2.1101009160181943,0.1808613280360824
0.013700963127794879,0.559801987806695,0.8784293381234093,2.1095013473769053,0.18114183066206485
0.013402762586665224,0.5569358975479602,0.878704340760941,2.108908571364355,0.181421313536075
0.013101345446850637,0.5540791827924636,0.8789993736236533,2.108322553276673,0.18169979263127875
0.012796784047017878,0.5512347527930914,0.8792733063603337,2.107743259561917,0.18197714903276233
0.0124891514804409,0.5484055503123412,0.8798929636905247,2.1071706531724366,0.18225339272196794
0.012178521577458997,0.5455945490980182,0.8804729941156801,2.106604699939458,0.18252860788145625
0.011864968887757765,0.5428047511335305,0.8803503405546771,2.1060453592801553,0.1828014230673383
0.011548568662477712,0.5400391836531586,0.8806148755887387,2.105492547935708,0.18307096319820762
0.011229396836154064,0.537300895913308,0.8808799853506973,2.104946214348832,0.1833393087348297
0.010907530008493047,0.5345929557115762,0.8811418789885107,2.1044063213363873,0.1836063965526863
0.010583045425988289,0.5319184456464324,0.8809387018630785,2.1038728242277482,0.18387086145718184
0.010256020963382026,0.5292804591114939,0.8806439830629845,2.1033456301164843,0.1841306655256849
0.009926535104975443,0.5266820960197934,0.8802432023751507,2.1028246330320206,0.18438573886146842
0.009594666925793064,0.5241264582550204,0.8804950320058144,2.102309733621672,0.18463749212940034
0.009260496072604749,0.521616644848553,0.8809772268338317,2.101800879884305,0.18488798760419556
0.00892410274481123,0.5191557468831707,0.8812231827328365,2.1012980359204887,0.18513728682842065
0.008585567675196443,0.5167468421265998,0.88167505871105,2.100801166987929,0.18538555206167032
0.008244972110552064,0.5143929894005512,0.8802314949453991,2.1003102225636434,0.18562912577398158
0.007902397792178668,0.5120972226936416,0.8788553152343493,2.099825021825966,0.18586215438071013
0.007557926936268231,0.5098625450294606,0.8790807248086379,2.0993453563425293,0.1860881164017158
0.0072116422141726404,0.507691922104163,0.8795294888663276,2.0988711516744494,0.1863129034260695
0.006863626732562998,0.5055882757111654,0.879749154979569,2.098402374624693,0.1865365141806674
0.006513964013484326,0.5035544769738711,0.8799768609376949,2.0979389873349827,0.18675863156680747
0.006162737974310789,0.501593339410766,0.8804267222164999,2.097480949806902,0.186979165534906
0.005810032907605782,0.4997076118606353,0.880653673287932,2.0970282067666437,0.1871972134276787
0.00545593346089227,0.49789997129908065,0.8808807353684609,2.0965807112716464,0.18741389710845235
0.005100524616337772,0.49617301558079824,0.8811047833172804,2.0961384257443223,0.18762926759214055
0.004743891670358946,0.4945292561452756,0.8813287908528149,2.095701314659207,0.18784337171451107
0.004386120213150832,0.4929711107264698,0.8815535950644559,2.095269342169005,0.1880562573948793
0.004027296108145905,0.4915008961097115,0.8819332078817886,2.094842474616517,0.18826801015001896
0.003667505471406867,0.49012082098137094,0.8811224563269933,2.0944206729880475,0.18847723587605575
0.0033068346509594446,0.4888329789186776,0.8813396118267363,2.0940038523338984,0.18868289667781546
0.0029453702060693635,0.4876393415684976,0.8815552300503788,2.093591959909645,0.18888726346311133
0.0025831988864682184,0.4865417520646799,0.8817647613569585,2.0931849612588014,0.18909034676376008
0.0022204076115342262,0.4855419187338297,0.8819779972710512,2.0927828190568047,0.18929198768452668
0.00185708344943196,0.48464140913894843,0.8810197801351444,2.0923854894965705,0.18949106482014688
0.0014933135962162075,0.48384164450929823,0.8799649320638759,2.091992886574422,0.18968564987421455
0.0011291853549056442,0.48314389460307244,0.8788353235262721,2.091604911306661,0.1898758030490737
0.0007647861145302872,0.4825492730469736,0.8790403482724248,2.0912214728091123,0.1900627712855975
0.00040020332915862046,0.48205873319365505,0.8793693930945219,2.0908425216157402,0.19024831414178636
3.552449690908665e-05,0.4816730645341659,0.8795694435317019,2.0904680139001934,0.19043154728634729
-0.00032916286104911794,0.48139288969812694,0.8798465144134695,2.090097897082268,0.19061320656136324
-0.0006937712215006366,0.4812186620693907,0.8800455792246108,2.0897321376012203,0.19079366017688776
-0.001058213080189162,0.4811506640395165,0.8802432290342634,2.089370701278171,0.19097278081990426
-0.0014224009728179955,0.481189005915529,0.8804395636257724,2.089013552694153,0.19115060220866548
-0.0017862474960410849,0.48133362549235864,0.880635189249341,2.0886606568440995,0.19132701248553596
-0.002149665328439385,0.48158428829401906,0.8808293842825587,2.0883119747221337,0.19150178582420982
-0.0025125672514775977,0.4819405884812297,0.8796287421697806,2.08796746039394,0.1916739567339576
-0.002874866170436196,0.48240195041685224,0.8798238066311932,2.087627036967447,0.19184291740741355
-0.003236475135313713,0.48296763087433836,0.8800182129006984,2.0872906539231018,0.19201034082876733
-0.003597307361694408,0.4836367218684477,0.8802121518990784,2.086958273649844,0.19217630462205185
-0.003957276251575977,0.48440815408196514,0.8794080046227216,2.086629830613287,0.19233514881277608
-0.00431629541415279,0.4852807008570167,0.8786794917503891,2.0863050593147245,0.19247799856143427
-0.004674278686549182,0.4862529827150171,0.8788390711534637,2.0859836595222783,0.1926108071679076
-0.005031140154498166,0.48732347236529555,0.8786840257169075,2.0856655106496547,0.19273581989273447
-0.0053867941729604605,0.48849050015910617,0.8786198779094574,2.0853503201114463,0.1928432628744927
-0.005741155386678808,0.48975225994306215,0.8786402961563115,2.085037727675348,0.19293285238334018
-0.006094138750662938,0.49110681526406363,0.8787712020327736,2.084727405217656,0.19301128895393807
-0.006445659550599859,0.4925521058765158,0.8792868753377155,2.084419258449461,0.1930885868759677
-0.006795633423184989,0.49408595450202003,0.8797561956292921,2.0841132596162995,0.1931646388388073
-0.007143976376368825,0.4957060737918016,0.8798857627664081,2.083809377811107,0.19323929770406661
-0.007490604809514724,0.4974100734427939,0.8800141770031487,2.083507582110157,0.19331271189979082
-0.007835435533462623,0.49919546741952336,0.8780305883018148,2.0832078406484436,0.19338414680479307
-0.008178385790494014,0.5010596812357156,0.8760707709758923,2.0829100941191068,0.19345254141960821
-0.008519373274193474,0.5030000592516902,0.876245913449919,2.0826142837885704,0.19351878004517195
-0.00885831614920162,0.5050138719461981,0.8763851133348166,2.0823203780101625,0.19358402249311965
-0.009195133070855559,0.5070983231242185,0.8767862572008875,2.0820283525557084,0.19364820667419463
-0.009529743204710834,0.5092505570253365,0.8771419352283895,2.081738180924843,0.19371115231348637
-0.009862066245941492,0.5114676653006046,0.8772817180706812,2.0814498345080477,0.19377287328583379
-0.01019202243861287,0.5137466938291624,0.8774208483073798,2.081163284435132,0.19383331705806203
-0.01051953259482259,0.5160846493493326,0.8775441813095172,2.0808785023329266,0.1938925414252798
-0.010844518113705287,0.518478505882324,0.8776267476371525,2.080595461662725,0.19395073873406704
-0.011166901000296383,0.5209252109300196,0.8776692796549145,2.08031414129635,0.19400814557150534
-0.011486603884250607,0.523421691431621,0.8778074967040705,2.0800345213866582,0.1940646288042216
-0.011803550038410453,0.5259648594670036,0.8781379095062667,2.079756577677452,0.1941200192978001
-0.012117663397220335,0.5285516176976273,0.8782738742425313,2.0794802859335966,0.19417438940002538
-0.012428868574981938,0.5311788645386055,0.8784093433754234,2.079205621072961,0.19422762118144915
-0.012737090883946436,0.5338434990580809,0.8785441223441848,2.0789325576027027,0.19427974396597714
-0.013042256352239184,0.5365424256024345,0.878677559482549,2.078661069570462,0.194330700886883
-0.013344291741612719,0.5392725581479418,0.8788139626527759,2.078391130132083,0.1943804630436419
-0.013643124565023335,0.542030824381405,0.8789469704721133,2.0781227128634323,0.19442909402838593
-0.013938683104027925,0.5448141695139487,0.8789501703368007,2.077855791875229,0.19447658886770475
-0.014230896425995829,0.5476195598336276,0.8772132760447419,2.077590340279834,0.19452242241521084
-0.014519694401132488,0.550443986003722,0.8756184707347621,2.0773263058589424,0.19456534400387027
-0.01480500771931013,0.5532844661146651,0.8742056827290579,2.0770636279156043,0.19460537659376667
-0.015086767906701984,0.556138048498349,0.8730086984167293,2.0768022458015345,0.19464252461905285
-0.01536490734221551,0.559001814314301,0.8720506717661819,2.0765420977535882,0.19467657467815397
-0.015639359273721388,0.561872879917681,0.8723526539107592,2.076283123019672,0.19470844639595838
-0.01591005783407347,0.5647483990194511,0.8716491841862503,2.0760252901655765,0.19473850986347885
-0.01617693805691664,0.5676255646493064,0.8712078314338481,2.075768537830283,0.1947650183527057
-0.016439935892278483,0.5705016109320659,0.8712865554969846,2.0755127991074507,0.1947892571274985
-0.016698988221940964,0.5733738146882514,0.871580699105397,2.0752580493024873,0.19481274975217658
-0.016954032874588517,0.5762394968695084,0.8718761885438658,2.0750042674002196,0.19483517715689844
-0.017205008640728738,0.5790960238393648,0.8721732417845393,2.0747514293022773,0.19485645773129495
-0.01745185528738245,0.5819408085096233,0.872469381783692,2.0744995101168846,0.19487668870670294
-0.017694513572539466,0.5847713113423969,0.8723783700803833,2.0742484836244963,0.19489464322834862
-0.01793292525937595,0.5875850412274941,0.8724545633306471,2.07399827909039,0.19490957726964853
-0.018167033130231772,0.5903795562445014,0.8726035786574772,2.0737488579520695,0.19492208734979136
-0.01839678100034146,0.5931524643185472,0.8729579973545628,2.073500140750816,0.19493096602010251
-0.018622113731319126,0.5959014237783047,0.8733140693990077,2.0732520860327375,0.19493865319726084
-0.01884297724439094,0.5986241438244219,0.8736883191457423,2.0730046588225517,0.19494325192225023
-0.019059318533373965,0.6013183849161072,0.8740653738750377,2.0727577683822123,0.1949438054879655
-0.019271085677397406,0.6039819590832048,0.8744436616106388,2.0725113651972173,0.19494253945478332
-0.01947822785336307,0.6066127301706596,0.8748226540769316,2.072265414436701,0.19493994230858208
-0.019680695348143096,0.6092086140218671,0.8752021008972759,2.0720198915291967,0.1949361864102745
-0.019878439570510657,0.6117675786069773,0.877429815191297,2.0717747383992116,0.19492444781969215
-0.020071413062801628,0.6142876441018587,0.8798299879539692,2.0715296593091166,0.194894661755778
-0.02025956951230404,0.616766882922998,0.8801761088020319,2.0712843315795557,0.19485386590190432
-0.02044286376237338,0.6192034197232843,0.8805217245144432,2.071038668704471,0.19481205836129042
-0.020621251823269363,0.6215954313532422,0.8808676671330502,2.0707926502777956,0.19476911256975
-0.020794690882713674,0.6239411467919549,0.8812136317889423,2.0705462546966302,0.19472511381306398
-0.020963139316164624,0.6262388470515798,0.8815595483507949,2.070299461121088,0.1946799954520479
-0.021126556696806745,0.6284868650590787,0.8819053107329262,2.070052247535345,0.1946337110579737
-0.021284903805253146,0.630683585518454,0.882202758410885,2.0698045939673486,0.1945866129464302
-0.02143814263895785,0.6328274447565649,0.8824992718144343,2.0695564791215806,0.1945370795575415
-0.021586236421336474,0.6349169305552869,0.8828514961916728,2.069307827220781,0.19448405827998896
-0.021729149610591858,0.636950581972577,0.8861674174850837,2.0690585699262116,0.19442367307506678
-0.02186684790824487,0.6389269891547662,0.8865042042772908,2.068808471458435,0.19435312225069323
-0.021999298267364922,0.6408447931421976,0.8868403161190643,2.068557453249813,0.19428152181843628
-0.022126468900501677,0.6427026856701298,0.8870332818345537,2.0683054861544945,0.19420719848468027
-0.02224832928731351,0.6444994089666584,0.8873605845721014,2.068052497986542,0.1941296978917519
-0.022364850181892652,0.6462337555492232,0.8874772202851434,2.067798450381288,0.19404984667639336
-0.022476003619783747,0.6479045680211347,0.8914331215120118,2.0675432484407965,0.19396125248672033
-0.022581762924695097,0.6495107388694031,0.8917206579885563,2.0672866665891347,0.19386357233835003
-0.0226821027149014,0.6510512102650186,0.8920181577361792,2.067028639343567,0.19376511615932618
-0.022776998909334562,0.6525249738667335,0.8923206907601856,2.066769151782596,0.1936658672419413
-0.022866428733363284,0.6539310706292505,0.8926202752799712,2.0665081929649163,0.19356592320784669
-0.022950370724259365,0.6552685906166769,0.8929085671355917,2.066245751529467,0.1934653075962433
-0.023028804736347715,0.656536672821952,0.8931934810945859,2.0659818170577195,0.19336390904725292
-0.023101711945842048,0.6577345049929303,0.8977280977778915,2.065716348668881,0.19325651438693434
-0.02316907485536207,0.6588613234656817,0.897530671126555,2.065449153884217,0.19314005871993567
-0.02323087729813276,0.6599164130055393,0.8977988007939037,2.0651801421405525,0.19302171643763535
-0.023287104441864517,0.6608991066563386,0.9027493305079382,2.064909277856833,0.19289867369331992
-0.023337742792312814,0.6618087855982534,0.9073220947342017,2.0646363892453103,0.19276527772933827
-0.023382780196516663,0.6626448790145688,0.9113842052273229,2.0643612932988438,0.1926236380370292
-0.023422205845715104,0.6634068639677134,0.9115891547788182,2.0640838639600396,0.19247794959551956
-0.02345601027794164,0.6640942652847923,0.9117904531927615,2.06380407630905,0.19233210595431702
-0.023484185380294814,0.6647066554528727,0.9119883284525411,2.0635219330600822,0.19218618592209047
-0.023506724390885334,0.6652436545242084,0.9121711517984739,2.063237436433192,0.1920401083852661
-0.023523621900458837,0.6657049300315719,0.9123714115039839,2.0629505886906006,0.19189396652994348
-0.023534873853694054,0.6660901969138389,0.9118533940104581,2.0626613936802443,0.19174772278806546
-0.023540477550176405,0.6663992174519434,0.912016882096739,2.062369852476516,0.19160132545911251
-0.02354043164504545,0.666631801215311,0.9121597051491109,2.0620759689793795,0.19145494791051584
-0.023534736149318274,0.6667878050188334,0.9123162203447355,2.0617797481841085,0.1913085784105669
-0.023523392429886603,0.6668671328904577,0.91246793400192,2.0614811954809005,0.19116230984966984
-0.02350640320918851,0.666869736049437,0.9126839216665661,2.0611803178127444,0.19101611827683618
-0.023483772564555395,0.666795612895261,0.9125401134823213,2.060877121644047,0.19087009200577693
-0.02345550592723346,0.6666448090072956,0.9126683351161702,2.0605716151933664,0.19072417856598786
-0.023421610081079958,0.6664174171551212,0.9116645547672997,2.0602638068264185,0.190578765392089
-0.023382093160935206,0.6661135773195614,0.910349248385835,2.059953718679518,0.19043452683139875
-0.023336964650670373,0.6657334767243726,0.9104094896385787,2.059641381967626,0.19029142009373312
-0.023286235380911305,0.6652773498785445,0.9104654354961103,2.059326815970588,0.19014890117139105
-0.023229917526439166,0.6647454786291621,0.9105170517222393,2.059010033840909,0.1900066523462858
-0.023168024603268843,0.6641381922247397,0.9143392637641417,2.0586910394701996,0.1898635977845532
-0.023100571465404677,0.6634558673889331,0.9158543752867773,2.0583698034042577,0.1897187675243955
-0.023027574301276058,0.6626989284045186,0.9159579004665289,2.058046311398271,0.18957371048770408
-0.022949050629851808,0.6618678472074894,0.9143539268588724,2.057720575594275,0.1894300694297595
-0.022865019296436303,0.6609631434910997,0.912433573560826,2.057392655015872,0.1892899968820377
-0.022775500468146217,0.6599853848196757,0.9102361083420244,2.0570626323762613,0.18915423736809964
-0.02268051562907051,0.6589351867519488,0.9101347372367421,2.0567305963997233,0.1890215655836729
-0.022580087575114753,0.6578132129736639,0.9103793540620835,2.056396577009396,0.188889223234685
-0.02247424040852961,0.6566201754391444,0.9103819677570426,2.056060582357871,0.188757132424293
-0.02236299953212717,0.6553568345214861,0.9109026792920759,2.0557226231728483,0.18862513403235612
-0.02224639164318376,0.6540239991709643,0.9111449425811655,2.0553826968271327,0.18849279744120995
-0.022124444727032906,0.6526225270812234,0.9086439290213304,2.055040818761732,0.18836285832269184
-0.021997188050349243,0.6511533248627243,0.9085781437553693,2.0546970739423105,0.18823660297448544
-0.021864652154124177,0.6496173482228818,0.9058783570965245,2.054351512868945,0.18811338538627015
-0.021726868846336754,0.648015602152231,0.9030690852803113,2.054004243800308,0.18799658602154817
-0.021583871194319346,0.6463491411159041,0.9002209487128994,2.053655402229707,0.18788658152172863
-0.021435693516821983,0.6446190692495791,0.9005065292565826,2.053305117355125,0.1877810462399859
-0.021282371375776127,0.6428265405589921,0.9007748451981523,2.0529534283734034,0.18767595653554509
-0.021123941567759583,0.6409727591219794,0.9007198684291949,2.0526003479883808,0.187571544674889
-0.020960442115165744,0.6390589792918984,0.9009540185811633,2.052245896043409,0.1874679309061622
-0.02079191225707851,0.6370865059011651,0.8982034610384086,2.051890099719777,0.18736740848075042
-0.020618392439854714,0.6350566944634768,0.8955606136730191,2.0515330768658853,0.1872739785799275
-0.020439924307417652,0.6329709513731611,0.8957885800508167,2.0511749583460155,0.18718500603203078
-0.020256550691262414,0.6308307340999224,0.8957454613917127,2.0508157829719242,0.187096687643554
-0.020068315600176606,0.6286375513770619,0.8960531404380893,2.0504555700530664,0.18700917358742417
-0.019875264209678556,0.6263929633810812,0.8960093499284297,2.0500943328616414,0.18692222942831102
-0.019677442851175377,0.6240985819003505,0.8962962662938517,2.049732087606325,0.18683587896355822
-0.019474899000843385,0.6217560704903078,0.8962537018151654,2.0493688451484044,0.18675012612735417
-0.019267681268234523,0.6193671446124285,0.8959581142027484,2.0490046254650514,0.18666533496720683
-0.019055839384609936,0.616933571753919,0.8955955305193105,2.0486394467291813,0.1865812748656421
-0.018839424191004657,0.6144571715248598,0.895167016983103,2.048273325001929,0.18649792165721227
-0.018618487626026508,0.6119398157291903,0.8927177528400804,2.0479062889521362,0.1864177549158619
-0.018393082713390393,0.6093834284056673,0.8930198512699172,2.047538441057484,0.18634195445134394
-0.01816326354919356,0.6067899858345638,0.8908162123471637,2.0471698314291147,0.18626917656031156
-0.01792908528893201,0.6041615165055727,0.888919729976034,2.0468005708323735,0.18620298697957458
-0.01769060413426432,0.6015001010419992,0.8873775352791254,2.0464307881760075,0.18614295926746474
-0.017447877319522614,0.5988078720759799,0.8862141016641712,2.0460606023261723,0.18608856544003993
-0.0172009630979775,0.5960870140690516,0.8863385987656646,2.0456901138912715,0.18603776454073404
-0.016949920727856883,0.5933397630720395,0.8856168107434366,2.045319367776786,0.1859894052705534
-0.016694810458124446,0.5905684064177784,0.8857915640692431,2.0449484347204407,0.18594412996248
-0.016435693514020456,0.5877752823398075,0.885517578839571,2.044577352984624,0.18590101844799914
-0.016172632082367553,0.584962779509744,0.8856269049951281,2.044206192042782,0.18586182275990837
-0.01590568929664676,0.5821333364855982,0.8860919769555481,2.043835022748622,0.18582583563760127
-0.01563492922184514,0.5792894410629176,0.8864006017878447,2.0434638996061687,0.18579173698118817
-0.015360416839080973,0.5764336295201936,0.8867074210067801,2.0430928413039573,0.18575810739043447
-0.015082218030008492,0.5735684857495954,0.8863353181414017,2.0427218530925995,0.18572444866781834
-0.014800399561006341,0.5706966402636892,0.8866515515215027,2.042350937158089,0.18569123753006747
-0.014515029067154397,0.5678207690684794,0.8869706552153805,2.041980103170767,0.18565845227738087
-0.014226175036001322,0.5649435923927667,0.8872926945290431,2.0416093599372753,0.18562619400718292
-0.013933906791127998,0.5620678732635515,0.8881300798489611,2.0412387198684425,0.18559469146442878
-0.013638294475510303,0.559196415916994,0.8883720822626867,2.0408681995618405,0.18556397737766447
-0.013339409034684984,0.5563320640342947,0.8887105560920693,2.0404978111591547,0.18553377763896137
-0.013037322199723112,0.5534776987917548,0.8883070769365188,2.040127564579755,0.18550412306720548
-0.012732106470015032,0.5506362367143306,0.8878498239968315,2.039757471584887,0.18547511107974568
-0.012423835095870766,0.5478106273220621,0.8889684502467733,2.039387548191313,0.1854473773733051
-0.012112582060940298,0.5450038505590303,0.8902547848151231,2.03901783182788,0.18542186268128785
-0.011798422064458053,0.5422189139948211,0.8906330168914789,2.0386483640734516,0.18539799228201864
-0.011481430503315033,0.5394588497890196,0.89102153482784,2.0382791637666697,0.1853747202390687
-0.011161683453964327,0.5367267114098829,0.8913996647550951,2.0379102395663766,0.18535175735137313
-0.01083925765416302,0.5340255700992248,0.8917774496307973,2.0375415976739353,0.1853292294227545
-0.010514230484555255,0.5313585110765281,0.8921656084264995,2.0371732475337385,0.1853072276650509
-0.010186679950101613,0.5287286294765741,0.892553845101794,2.036805199736571,0.18528585217438764
-0.009856684661358013,0.5261390260162686,0.892793312235446,2.0364374661562152,0.1852650455561701
-0.009524323815609723,0.5235928023880415,0.893180684395745,2.0360700573735375,0.18524482399465075
-0.00918967717786436,0.5210930563790469,0.8939836291516904,2.0357029852016018,0.18522539812824523
-0.00885282506170855,0.5186428767175034,0.8942238229956341,2.0353362699852346,0.18520700781605892
-0.008513848310033245,0.5162453376498537,0.8946296832082361,2.034969926908977,0.18518930994024155
-0.008172828275631745,0.5139034932549534,0.8950348479708176,2.0346039672828806,0.1851720713861242
-0.007829846801675332,0.511620371504271,0.8954386017592048,2.034238397463968,0.18515514846235112
-0.007484986202071253,0.509398968080007,0.8958416787046185,2.03387322441053,0.18513868851286855
-0.007138329241708185,0.5072422399661773,0.8963273543212464,2.0335084565074637,0.18512266194145094
-0.0067899591165924995,0.5051530988309306,0.8967258011717104,2.0331441025295653,0.18510716810159306
-0.006439959433882029,0.5031344042217585,0.8971231024419087,2.032780172038196,0.1850921925727383
-0.006088414191820524,0.5011889565986339,0.8967361828656644,2.032416670250854,0.18507721955127926
-0.005735407759578592,0.49931949023358263,0.8971336900282271,2.0320536000901455,0.18506277884939656
-0.00538102485700551,0.4975286660085473,0.8976206954773035,2.0316909724122216,0.18504891628696918
-0.005025350534296732,0.495819064146712,0.8980128408667899,2.031328798839845,0.18503571895363108
-0.0046684701515824845,0.4941931769155633,0.8984033799435563,2.030967092653927,0.1850232295546136
-0.004310469358441466,0.49265340134285557,0.8998689683864171,2.0306058692707545,0.1850121668557029
-0.003951434073345547,0.4912020319892337,0.8994678587790765,2.0302451702319337,0.18500304093176503
-0.0035914504630397658,0.48984125382347526,0.9008013245937055,2.0298850210138184,0.18499554920381278
-0.0032306049218625353,0.48857313524810075,0.9011643319731665,2.0295254679003425,0.18499018647461926
-0.0028689840510116855,0.4873996213243521,0.9015245924052201,2.0291665274368635,0.18498484507899424
-0.0025066746377603345,0.4863225272462687,0.9018817349609534,2.0288082021122418,0.18498010571347398
-0.0021437636346284972,0.4853435321136841,0.9023735154358438,2.028450504473676,0.18497597934424864
-0.0017803381385149012,0.48446417305340805,0.9025984460376869,2.028093445172172,0.18497246699992737
-0.001416485369794106,0.4836858397366363,0.9029484599827309,2.0277370347520107,0.18496954472086116
-0.0010522926513840214,0.48300976933870415,0.9032953522601884,2.0273812857684055,0.18496741601207448
-0.0006878473877888751,0.48243704198467474,0.9036391335889846,2.027026212803692,0.18496605143469932
-0.00032323704412255027,0.48196857672097226,0.9039795847605393,2.0266718284873058,0.18496533320485545
4.145087488272514e-05,0.4816051280493113,0.9043166809263914,2.0263181396795753,0.184964617791688
0.0004061288458769119,0.48134728305464486,0.9046495562535921,2.0259651478928387,0.18496459474982532
0.0007707093478975052,0.4811954591537802,0.9049772779280022,2.0256128715686748,0.18496561833688763
0.001135104883374106,0.4811499024857742,0.9053032517180742,2.0252613279742535,0.18496743762594967
0.0014992279991273374,0.4812106869593377,0.905987421479974,2.0249105335876263,0.18497070437964025
0.0018629913073572846,0.48137771396629375,0.9063251121373431,2.0245605285264374,0.1849759055345728
0.0022263075066161157,0.4816507127638237,0.9066550173855341,2.0242113341815617,0.18498185962447766
0.0025890894027600004,0.4820292415218649,0.906980120119928,2.023862964515665,0.18498862410286027
0.0029512499298752657,0.4825126890256977,0.907590982124889,2.023515439196258,0.18499713392879594
0.003312702171173873,0.4831002770176543,0.9082446354568633,2.023168806889104,0.18500848628886063
0.0036733593798529284,0.48379106315599935,0.908766636213426,2.022823117684623,0.18502175110117228
0.004033134999913587,0.48458394456358944,0.9091075834316215,2.0224783903110986,0.1850356595402081
0.004391942686934018,0.4854776619339047,0.908768013647932,2.022134637072972,0.1850503285291923
0.004749696328791683,0.4864708041575871,0.909108611222854,2.021791866247166,0.1850651161011088
0.005106310066329818,0.48756181342877714,0.9100141393566866,2.0214500879467137,0.1850819715819386
0.0054616983139632175,0.488748990787333,0.9104041450720077,2.021109371915031,0.18510294912001476
0.00581577578021843,0.49003050205049586,0.9107132105183848,2.020769786164743,0.18512641968563823
0.006168457488203155,0.4914043840857479,0.9110163391110203,2.0204313570598535,0.18515078080858619
0.0065196587960004125,0.4928685513754747,0.911527418686938,2.020094107261934,0.1851776619400405
0.006869295416982173,0.4944208028235746,0.9115473729370972,2.0197581184349818,0.18520942956579267
0.0072172834400377524,0.49605882875437135,0.9116110614478206,2.0194234811203247,0.1852457419256925
0.007563539349711981,0.49778021805496114,0.9112442886835653,2.0190902748433746,0.18528498620924644
0.007907980046248651,0.4995824654134739,0.9115149339535095,2.0187585346284247,0.18532679098130064
0.008250522865534005,0.5014629786075859,0.9113414092151215,2.018428345817217,0.18537389469413382
0.008591085598935632,0.5034190857998739,0.9112797670009204,2.01809981081683,0.18542642646525367
0.008929586513032313,0.5054480427992343,0.9112384772019423,2.0177730392040916,0.18548456014248163
0.009265944369229536,0.5075470402505383,0.9112294985968695,2.0174481332779797,0.185547828358394
0.009600078443256409,0.5097132107178072,0.9114674125313688,2.017125185364176,0.18561473755347555
0.009931908544539023,0.5119436356295303,0.911101994673391,2.0168042378508813,0.18568445771213482
0.010261355035445953,0.514235352058116,0.9112899124848874,2.0164853726729763,0.18575798397187415
0.010588338850400818,0.5165853593089218,0.910468791608083,2.016168633997164,0.1858347147851605
0.01091278151485757,0.5189906252977035,0.9106083091846524,2.0158541169176587,0.18591588185526395
0.011234605164134116,0.5214480926986684,0.9107420913719118,2.015541859801179,0.18599802242902774
0.011553732562099512,0.5239546848485671,0.9108701251858151,2.015231877336118,0.18608111456136617
0.011870087119710044,0.5265073113953205,0.9109919386952369,2.014924184018238,0.18616517770320168
0.012183592913390481,0.5291028736826356,0.9112304792106509,2.014618793120733,0.18624994663269345
0.012494174703255256,0.5317382698647479,0.9098692638336694,2.014315724418223,0.18633792958970025
0.012801757951165615,0.5344103997479879,0.909946998803234,2.0140150806145405,0.18643080873964346
0.013106268838618526,0.5371161693581263,0.9082226014333626,2.013716916935869,0.18652739698547044
0.013407634284462693,0.5398524952345591,0.9062274147722812,2.013421356836814,0.18663186746900315
0.013705781962437841,0.5426163084542217,0.9040179301604524,2.0131285553730773,0.18674446688173404
0.014000640318532223,0.5454045583897372,0.9016559344524199,2.012838672390484,0.18686548715957774
0.014292138588155933,0.5482142162077386,0.8992029413831676,2.0125518733222694,0.18699522451244857
0.014580206813123386,0.551042278114474,0.8991712422209124,2.012268311050706,0.18713061007170484
0.014864775858443445,0.5538857683568204,0.8991314452422757,2.011988031991929,0.1872671547505491
0.015145777428911223,0.5567417419876357,0.8988469158479188,2.011711051020805,0.1874045981131679
0.015423144085498653,0.5596072874050396,0.8988124503814188,2.0114373767471383,0.1875428474146218
0.01569680926153954,0.5624795286756722,0.8987763471129583,2.0111670228628173,0.1876822155989714
0.015966707278705333,0.5653556276523485,0.898738337081688,2.0109000081903514,0.18782317039830373
0.01623277336276738,0.5682327858967201,0.8986915900383732,2.0106363579296325,0.18796553993321324
0.01649494365914276,0.5711082464176712,0.8961727420480988,2.010376106945767,0.18811213529917414
0.016753155248218812,0.5739792952361524,0.8961224579375994,2.010119375460009,0.18826429610657888
0.017007346160453626,0.5768432627870866,0.8960796892657914,2.0098662081658554,0.18841757415212657
0.017257455391248375,0.5796975251688177,0.896026711505331,2.0096166203124843,0.18857195079547417
0.017503422915588304,0.5825395052503108,0.8952806427090724,2.0093706391030794,0.18872995674001153
0.01774518970244819,0.5853666736460883,0.8952564094623688,2.0091283689600536,0.1888929713408372
0.01798269772895982,0.5881765495685094,0.8952312605279926,2.008889851473041,0.18905713991723047
0.018215889994336792,0.5909667015666784,0.8944796993280757,2.008655113319524,0.18922478339116108
0.018444710533554867,0.5937347481608756,0.894463813718086,2.0084242537117825,0.18939722415398208
0.01866910443078302,0.5964783583809881,0.8944583088319985,2.008197311457509,0.1895707187108161
0.018889017832563044,0.5991952522170327,0.8923203984235901,2.0079743129184595,0.1897479684493817
0.01910439796073412,0.6018832009894226,0.8923229729024913,2.0077553669516752,0.18993043002063323
0.019315193125099314,0.6045400276462076,0.8929876088306469,2.0075405120322536,0.19011352596762102
0.019521352735831055,0.6071636069941172,0.8932273105001312,2.0073297483041332,0.19029701636076865
0.019722827315612437,0.6097518658697957,0.89385589673916,2.0071230760395977,0.19048095569628581
0.019919568511511436,0.6123027832572363,0.8938441359302377,2.006920497748304,0.19066556565438245
0.02011152910658532,0.6148143903570098,0.8926465495659467,2.0067220355893287,0.19085384913844175
0.020298663031212815,0.6172847706125166,0.8907458555113863,2.006527808501855,0.19104964265436059
0.02048092537415021,0.6197120596981066,0.888996933897358,2.006337951572308,0.1912523915589829
0.020658272393310265,0.6220944454735695,0.8874154408227631,2.0061525904246302,0.19146161071406695
0.02083066152625947,0.624430167909176,0.88601083276967,2.0059718421394876,0.19167701046521093
0.02099805140043359,0.6267175189850892,0.8862558066996923,2.005795806518571,0.19189604370315466
0.021160401843066213,0.6289548425687145,0.886813031161522,2.0056245009928904,0.19211528623163587
0.021317673890830408,0.631140534273226,0.8868873415357605,2.0054579203130443,0.19233482599082571
0.021469829799189745,0.6332730413002776,0.886669666214225,2.005296064006705,0.19255478633648793
0.021616833051456574,0.6353508622696126,0.8854467482953308,2.0051389390180687,0.19277717487553436
0.02175864836755597,0.6373725470380951,0.8855469751168723,2.004986617867345,0.19300321124834685
0.021895241712492772,0.6393366965104262,0.8856490065270123,2.0048391232430913,0.19322983582234238
0.022026580304519965,0.6412419624436295,0.884632868277961,2.0046964660232947,0.1934588263798985
0.022152632623005767,0.6430870472471834,0.8848778245785566,2.0045587091168353,0.19369080341549863
0.022273368415999046,0.6448707037805239,0.8850018866439513,2.0044258621609967,0.19392287540695888
0.02238875870748879,0.6465917351494345,0.8855181545721206,2.0042979217196435,0.19415528275938468
0.022498775804359144,0.6482489945027505,0.8856388529630352,2.004174880671646,0.19438778871046952
0.022603393303034888,0.6498413848306124,0.8857611398102205,2.004056735074752,0.19462075212071017
0.02270258609581842,0.6513678587654028,0.8858847198229208,2.003943485580825,0.19485424618973834
0.022796330376915728,0.6528274183863788,0.8847006992423546,2.0038351469527758,0.19509106257067393
0.022884603648149416,0.6542191150289189,0.883481135865048,2.0037318310349264,0.19533534554678822
0.02296738472435792,0.6555420490991667,0.8823175474813787,2.0036336741590373,0.19558671653189488
0.023044653738480424,0.6567953698948197,0.8828314640654302,2.003540790572459,0.1958422141167581
0.023116392146324515,0.6579782754326803,0.8830158343296842,2.0034531982763535,0.1960978172623477
0.023182582731016498,0.6590900122835617,0.8827393096570204,2.003370896198992,0.19635491614356906
0.02324320960713395,0.6601298754150209,0.8826035622958395,2.003293931181494,0.19661555522272633
0.023298258224517417,0.6610972080423837,0.8825763065833866,2.003222358973135,0.19687927773467828
0.02334771537176325,0.6619914014884384,0.882829035607963,2.003156222170129,0.19714472921877002
0.023391569179393383,0.6628118950521419,0.8830711689574879,2.0030955217067103,0.1974102434681813
0.023429809122704332,0.6635581758866297,0.8829443342734165,2.003040247315731,0.19767573820482284
0.023462426024293517,0.6642297788867989,0.8831905294730332,2.0029903889023393,0.19794134719364434
0.023489412056260997,0.6648262865866694,0.8834406661920676,2.0029459376932324,0.1982069970705962
0.023510760742088677,0.6653473290667284,0.8832610262338427,2.0029068828669385,0.19847263130884663
0.02352646695819427,0.6657925838714193,0.8835085905063851,2.002873212727396,0.1987382049011497
0.02353652693516167,0.666161775936901,0.8836326367274996,2.002844921692512,0.19900485653616073
0.023540938258644364,0.6664546775292158,0.8841599676705563,2.002822034818367,0.1992729765888781
0.023539699869945918,0.6666711081929294,0.8844137435444842,2.002804549746482,0.19954103178334617
0.023532812066273962,0.6668109347103508,0.884570577418131,2.0027924607365337,0.19981005583942957
0.02352027650066796,0.6668740710713633,0.8844181869978958,2.0027857880067246,0.20008031765520068
0.02350209618160373,0.6668604784539325,0.8828449827457082,2.0027845408133325,0.2003531005670031
0.023478275472270486,0.6667701652152893,0.8813347817177244,2.0027888077250804,0.20063226078463745
0.023448820089524047,0.6666031868938336,0.8816234220847526,2.0027987085327306,0.20091637218311428
0.023413737102515052,0.6663596462217312,0.8819172441935897,2.0028142623110763,0.20120010016857157
0.023373034930991854,0.6660396931481907,0.8822118822693411,2.002835451862026,0.20148365043410402
0.023326723343280297,0.6656435248734003,0.8824677341225382,2.002862261451212,0.20176685111176035
0.02327481345393912,0.6651713858930633,0.8827620596540467,2.002894670618781,0.20204953381787738
0.02321731772109255,0.6646235680534749,0.8830567935572416,2.002932659727995,0.20233192114178317
0.02315424994344055,0.6640004106170596,0.8833117439971176,2.0029762120366263,0.20261399385395643
0.023085625256946945,0.6633023003382569,0.8838744109715758,2.003025311213032,0.20289593547144952
0.023011460131207206,0.6625296715496508,0.8841675760017201,2.003079944551603,0.2031777428233274
0.022931772365495238,0.6616830062581782,0.8844607668509199,2.0031400976258205,0.2034594106737123
0.022846581084492657,0.6607628342512551,0.8847546717515092,2.003205756586141,0.20374089509539584
0.02275590673369775,0.6597697332126162,0.8850490558343517,2.0032769076794463,0.20402231183499095
0.022659771074519407,0.6587043288476272,0.8854725505007326,2.003353539219152,0.2043039461947637
0.02255819717905451,0.6575672950178116,0.8857693872210006,2.003435652105877,0.20458605468229388
0.022451209424550433,0.6563593538842667,0.8857280619934478,2.0035232319864713,0.20486762478164056
0.022338833487554468,0.6550812760596273,0.8862959450233208,2.0036162601482648,0.20514896743033825
0.022221096337752193,0.6537338807681526,0.8868314407002149,2.0037147215983104,0.20543008303088556
0.022098026231494466,0.6523180360134936,0.8873350305241617,2.0038185992985,0.20571082418784514
0.021969652705016007,0.6508346587536046,0.8876340029282302,2.003927875374348,0.20599126688644112
0.021836006567346817,0.6492847150822051,0.8881205154726182,2.004042535089036,0.20627157312715957
0.021697119892918594,0.6476692204161351,0.8885787395230988,2.0041625634205316,0.2065516033492344
0.021553026013866394,0.6459892396878476,0.888825744702123,2.0042879453250495,0.2068314549709449
0.021403759512029632,0.6442458875421876,0.8891204226448233,2.0044186655206415,0.20711103077971188
0.02124935621065205,0.6424403285365258,0.8890736319231413,2.004554706371942,0.20739020761497473
0.02108985316578501,0.6405737773431979,0.8895414459406122,2.004696051838715,0.2076693953338591
0.020925288657393556,0.6386474989530557,0.8899407958395592,2.004842697563014,0.2079489911608196
0.02075570218016972,0.6366628088788497,0.8902614034346754,2.0049946387247832,0.20822875564568624
0.020581134434054068,0.6346210733569837,0.8905199815043918,2.0051518652963862,0.20850832093139662
0.020401627314467655,0.6325237095460426,0.8886646206655101,2.0053143668488644,0.20878920774787624
0.02021722390225756,0.630372185720323,0.8889595460601188,2.005482189513813,0.20907253900561854
0.020027968453357498,0.62816802145642,0.8891927719228655,2.005655333467878,0.20935539419868457
0.01983390638816669,0.6259127878107198,0.8894813332840682,2.005833776773361,0.20963761804401165
0.019635084280649452,0.623608107485449,0.8877368332380097,2.0060175027906895,0.20992062327214012
0.019431549847156972,0.6212556549806799,0.8860419660357087,2.006206545561138,0.2102064790022381
0.01922335193497642,0.6188571567294954,0.8863439010334079,2.006400941868764,0.2104937122206069
0.019010540510607257,0.6164143912132121,0.8866453986734701,2.0066006824267215,0.21078027850101488
0.018793166647769928,0.6139291890533012,0.8867590748850712,2.006805742259089,0.2110661398099253
0.018571282515147863,0.6114034330763773,0.8868098806112688,2.007016098721898,0.21135153128445996
0.018344941363867995,0.6088390583482882,0.8870704465505648,2.0072317313984507,0.21163630412002948
0.018114197514720043,0.6062380521730086,0.8874279904751107,2.007452614755758,0.21192009337410173
0.017879106345120254,0.6036024540517471,0.8877339030209027,2.0076787134969116,0.21220270519115164
0.017639724275820855,0.600934355597248,0.8880746339353067,2.007909998375394,0.21248423838784308
0.017396108757369362,0.5982359003979614,0.888375880631754,2.008146430780581,0.21276443117003985
0.017148318256320766,0.5955092838263262,0.8886767686886409,2.008387981969985,0.2130438843234405
0.01689641224120595,0.5927567527850233,0.8892485145852727,2.0086346246371325,0.21332244749716772
0.016640451168259244,0.5899806053846711,0.8895499411235822,2.008886333793609,0.21360033338405876
0.016380496466909658,0.5871831905459699,0.8877288250849891,2.0091430868305613,0.21387798834373198
0.016116610525037593,0.5843669075189338,0.8879821662217627,2.0094048789920556,0.21415583213901893
0.01584885667400232,0.5815342053113968,0.8882783117990745,2.0096716920932614,0.21443294233636037
0.015577299173442957,0.5786875820185541,0.8888238859515405,2.0099435023264514,0.21470940845034195
0.015302003195856013,0.575829584044931,0.8891217038684337,2.010220285861343,0.21498515777348437
0.015023034810954685,0.5729628052097264,0.8894738625411046,2.0105020180969184,0.21525979024042632
0.014740460969812234,0.570089885726134,0.8897721487064679,2.0107886540552578,0.2155326276438453
0.014454349488794089,0.5672135110449045,0.8900698697405297,2.011080158734219,0.21580448293388396
0.014164769033282424,0.5643364105520638,0.8903672027096108,2.011376503222637,0.21607540689748092
0.01387178910119638,0.5614613561104947,0.8906644034279003,2.011677659558358,0.2163454166226087
0.013575480006313364,0.5585911604348311,0.8909612146843623,2.0119835994548927,0.2166144608116556
0.013275912861393785,0.5557286752890089,0.8912576128366101,2.012294294486487,0.2168826098004554
0.012973159561114464,0.5528767894957491,0.8915535335909224,2.0126097167298735,0.21714979217115635
0.012667292764814214,0.5500384267472611,0.8918499672516155,2.012929837600024,0.2174160274121071
0.012358385879055927,0.5472165432066286,0.8923890458175682,2.0132546297450298,0.21768146419853238
0.012046513040009282,0.5444141248895676,0.892888783329181,2.013584069132721,0.21794614777497218
0.011731749095658722,0.541634184816647,0.8931857568064405,2.0139181304077343,0.21820997002030687
0.011414169587839858,0.5388797599266042,0.8936478521171529,2.014256785352275,0.21847280549723527
0.011093850734110263,0.5361539077420888,0.893945137350802,2.014600006235878,0.21873473619877076
0.01077086940945708,0.5334597027800451,0.8941869650339801,2.014947765597071,0.2189958042400392
0.010445303127847921,0.5308002327000148,0.8944288244293214,2.0153000393498433,0.2192561882557435
0.010117230023627658,0.5281785941849123,0.8947255210371552,2.0156568037124183,0.21951568816868855
0.009786728832766422,0.5255978885503013,0.8951535202785744,2.0160180259570075,0.21977339484483863
0.009453878873963532,0.5230612170799139,0.8954559730864423,2.0163836502758774,0.22002904122652892
0.009118760029611433,0.520571676087075,0.8957537146074922,2.016753643683438,0.22028379273128093
0.008781452726624072,0.5181323517038388,0.8960509990959912,2.017127977149766,0.22053748870677128
0.008442037917135036,0.5157463144020374,0.8962898503019534,2.017506621976841,0.22079027761739226
0.00810059705906937,0.5134166132530181,0.8967313137673396,2.0178895521566513,0.22104215264506172
0.00775721209659401,0.5111462699356513,0.8971919876996257,2.01827673636147,0.22129225417773693
0.007411965440451628,0.5089382725051742,0.8974262185282782,2.0186681173222594,0.22154016846992858
0.007064939948182469,0.5067955689385732,0.8977198534973247,2.0190636626995984,0.22178734170294234
0.006716218904238894,0.5047210604754989,0.8961304372162964,2.0194633436650813,0.2220329447660278
0.006365885999997492,0.5027175947770598,0.8945887447670474,2.0198671066078178,0.2222757056508656
0.006014025313673623,0.5007879589282899,0.895007568235307,2.0202748920318383,0.22251664361987344
0.005660721290143028,0.49893487231348144,0.893505008142137,2.020686644067452,0.22275375471537007
0.005306058720675415,0.4971609793969723,0.8920584458195349,2.021102260593507,0.22298567007756376
0.004950122722585016,0.4954688424452156,0.8923349838756173,2.021521633373968,0.22321380165405333
0.004592998718802811,0.49386093422904753,0.8927610752630019,2.021944709069997,0.22343959832791635
0.004234772417375438,0.4923396307478856,0.8929854180040977,2.0223714147856917,0.223662417806398
0.0038755297908956753,0.49090720402011534,0.8934871513428672,2.022801703075489,0.22388284777188672
0.003515357055869445,0.4895658149860506,0.8940549683661562,2.023235490530726,0.22409873654019682
0.003154340652024255,0.48831750657150536,0.8943496653999701,2.0236726842526074,0.22431113192945037
0.002792567221564134,0.48716419696119573,0.8949694631917684,2.024113222406009,0.22452030585823496
0.0024301235883757346,0.48610767313177067,0.8956140293507521,2.0245570087706497,0.22472436835436557
0.002067096737191238,0.48514958469422825,0.895846058603542,2.0250039418853985,0.22492489989664222
0.0017035737927123672,0.4842914380947787,0.8961582374033252,2.025453978134519,0.2251242944652787
0.001339641998700805,0.4835345912218586,0.8964701467385215,2.0259070855244103,0.22532231253522333
0.00097538869704014,0.4828802484649086,0.8971086725593828,2.02636322085684,0.22551722121454243
0.0006109013067743148,0.4823294562677642,0.8977021250467642,2.0268222841116805,0.2257066172367652
0.00024626730312738256,0.4818830992160991,0.8980017628407143,2.0272841669158117,0.225891890768031
-0.00011842580349009491,0.48154189669425024,0.896686087454819,2.0277487876619493,0.22607168006315967
-0.00048309048848313565,0.48130640014213194,0.8970928939619947,2.0282159865275897,0.22624370017085255
-0.0008476392340778012,0.4811769909377439,0.8974016722670988,2.0286856350758757,0.2264103500688297
-0.0012119845503250383,0.4811538789251752,0.8978914714088247,2.0291576315183573,0.226573518406132
-0.0015760389960979035,0.48123710160204575,0.8981482742623679,2.029631934936761,0.2267356591903048
-0.0019397152000769067,0.48142652397411245,0.8984041834213529,2.0301085195689565,0.22689671635029138
-0.002302925881718835,0.4817218390784212,0.8972206890142291,2.0305873388936377,0.22705264127415842
-0.0026655838722035694,0.48212256917003177,0.8976558555888542,2.0310682245367593,0.22720137571927115
-0.0030276021353542156,0.4826280675610429,0.8979297880437561,2.0315511085992344,0.22734870771352325
-0.003388893788525383,0.4832375210945791,0.8967920846069252,2.032035932598659,0.22749004072634593
-0.003749372123454573,0.4839499532306134,0.8971745745766478,2.0325225118026804,0.2276236229466925
-0.00410895062707177,0.48476422771512523,0.8974347317899367,2.0330107758195832,0.22775589134854018
-0.004467543002262159,0.4856790527992,0.8976884858567103,2.033500690985515,0.22788660007512532
-0.004825063188576999,0.48669298597034566,0.8979394396335153,2.033992224705724,0.22801585263311233
-0.005181425382887733,0.487804439154579,0.8981928891083178,2.0344853426690737,0.22814347145593428
-0.005536544059978351,0.4890116843447813,0.8984453642842831,2.0349800074633912,0.2282693226159045
-0.005890333993070975,0.4903128596084469,0.8986998393018607,2.035476183105069,0.2283937375676964
-0.006242710274279936,0.4917059754262663,0.8989532958612928,2.0359738407664265,0.22851691945034167
-0.006593588334989202,0.4931889213120077,0.8979275015603825,2.0364729306844587,0.2286341880346126
-0.006942883966148496,0.4947594726638348,0.8981583334816765,2.0369732551528297,0.22874269469433176
-0.007290513338483024,0.49641529779752247,0.8971617094422795,2.0374747078038893,0.22884464015383119
-0.007636393022612103,0.49815396511294757,0.8964195704402486,2.0379770505341646,0.2289319427782181
-0.007980440009071848,0.4999729503466925,0.895810983539901,2.0384799821554256,0.22900386555662217
-0.008322571728237017,0.5018696438655316,0.8961052388415907,2.0389832160074604,0.22906579969530527
-0.008662706070137242,0.503841357957918,0.8963115021579149,2.0394866706704375,0.22912647679455894
-0.00900076140416325,0.5058853340833104,0.8965155189986783,2.0399903165039683,0.22918565402015048
-0.009336656598657577,0.5079987500421296,0.8967182776926189,2.040494122819074,0.22924363662677436
-0.009670311040385876,0.5101787270323399,0.8960330504770815,2.0409980860524692,0.22930117835285496
-0.01000164465388382,0.5124223365619702,0.8952094233172408,2.0415021454419406,0.22935396614564915
-0.010330577920674554,0.5147266071903075,0.8942411195724649,2.042006203196028,0.22940185198924412
-0.010657031898353018,0.517088531073916,0.8942794252619798,2.042510137177054,0.22943973738864615
-0.01098092823953163,0.5195050702970382,0.8944654136073833,2.0430136761967965,0.22946653820080384
-0.01130218921064324,0.5219731629692679,0.8946054430974676,2.043516735007915,0.22949226989730537
-0.011620737710596888,0.5244897290765745,0.8952411247493952,2.04401925395785,0.22950957878321676
-0.011936497289281735,0.5270516760748258,0.8953667021950055,2.0445209601308436,0.22951496274169492
-0.012249392165914577,0.5296559042178403,0.893879510471491,2.045021753271409,0.229518014395178
-0.012559347247226967,0.5322993116146681,0.8922446228333808,2.0455215683787906,0.2295173289719968
-0.012866288145487228,0.5349787990132926,0.8904819178492418,2.0460203388056444,0.22951342044205084
-0.013170141196353222,0.5376912743101652,0.8886175638687647,2.0465180028062706,0.22950635916100545
-0.01347083347655116,0.5404336567870497,0.8886733575195526,2.0470145052147783,0.2294971592916229
-0.013768292821377284,0.5432028810784106,0.8901451179012054,2.047509785924527,0.22947945626209523
-0.014062447842016702,0.5459959008741941,0.8917281263063642,2.0480035203808082,0.2294414227410243
-0.014353227942676388,0.5488096923641689,0.889412901365303,2.0484953419211736,0.22939038662127675
-0.014640563337528043,0.5516412574312114,0.887023587100325,2.0489851414264217,0.2293374043451441
-0.014924385067456115,0.5544876266018022,0.8870089305451422,2.049472888028074,0.22928310753571904
-0.015204625016607898,0.557345861762852,0.8896298138070624,2.0499585297690883,0.22922033452111398
-0.015481215928740768,0.560213058654533,0.8924306830460772,2.0504417465101006,0.22913757829431117
-0.01575409142336351,0.5630863491492678,0.892372243880543,2.0509221860933455,0.22904289389413973
-0.016023186011667183,0.5659629033273379,0.8895882211003477,2.051399768351328,0.22894744783185136
-0.01628843511224243,0.5688399313597589,0.8867791202697701,2.0518744789876675,0.22885114832708892
-0.016549775066578294,0.5717146852091518,0.886754714900553,2.0523463145980325,0.22875452104288346
-0.01680714315434019,0.5745844601593111,0.8867957752812697,2.0528152711841017,0.22865737090862404
-0.01706047760842256,0.5774465961840684,0.8903159227621474,2.053281307024968,0.22855219112090291
-0.017309717629772445,0.5802984791658672,0.8938669281103684,2.053744119930554,0.22842815277633668
-0.017554803401981043,0.5831375419742357,0.8908211942989611,2.0542033865971967,0.22829361309982701
-0.017795676105639556,0.5859612654140387,0.8907642931743899,2.054659054457016,0.2281594820015158
-0.01803227793245537,0.5887671790530732,0.8906346229042655,2.0551111287608617,0.2280250641815219
-0.01826455209912572,0.5915528619381958,0.887606897566329,2.055559614788322,0.22789097526217808
-0.018492442860965606,0.5943159432087949,0.8846700089491943,2.0560045365643114,0.2277579927725861
-0.018715895525286082,0.5970541026160155,0.8891479792970801,2.0564458896488462,0.22761933340721452
-0.018934856464520387,0.5997650709557126,0.8862167317616414,2.0568834682237975,0.2274719884958874
-0.01914927312909398,0.6024466304227201,0.8861753094209832,2.057317245673698,0.22732613449163552
-0.0193590940600368,0.6050966148935653,0.88613407220372,2.0577472533617973,0.22718119364874367
-0.019564268901332574,0.6077129101443687,0.8860941176642313,2.0581735059933064,0.22703626244185252
-0.019764748412004252,0.6102934540102349,0.8913024040758931,2.0585959832422187,0.22688581398552152
-0.019960484477931546,0.612836236492065,0.8962191284643232,2.0590144770637826,0.2267223905776843
-0.02015143012339826,0.6153392998162875,0.8964631936624171,2.0594287766603845,0.22655198892198425
-0.0203375395223661,0.6178007384526697,0.9021201276291394,2.059838823553523,0.22637766418946362
-0.020518768009472606,0.6202186990949766,0.9072684386742434,2.060244476937211,0.22619465672967587
-0.020695072090750784,0.6225913806089144,0.911761861966673,2.0606455954927556,0.22600536957940662
-0.0208664094540675,0.6249170339514464,0.9116650990773812,2.0610420962190945,0.22581369079892413
-0.021032738979278008,0.6271939620652653,0.9089677086450301,2.061433991007177,0.2256244343041711
-0.021194020748094636,0.6294205197519082,0.9135358921650037,2.061821356159846,0.2254373777684966
-0.02135021605366699,0.6315951135267037,0.9157759643444883,2.062204199439188,0.22524977397680102
-0.021501287409871696,0.6337162014584996,0.9133218568833325,2.062582549231121,0.22506507779369408
-0.02164719856030828,0.6357822929968394,0.9108647583309016,2.0629565122370286,0.22488632938122996
-0.021787914487000952,0.6377919487890519,0.9107898987687528,2.0633262052070482,0.22471145869219963
-0.02192340141880302,0.6397437804894931,0.9109883279329527,2.063691674099296,0.22453731083176534
-0.02205362683950102,0.6416364505629563,0.911429394321692,2.064052935526043,0.22436319755565026
-0.02217855949561916,0.6434686720841153,0.9113583013112608,2.0644099922276777,0.22418899277678553
-0.022298169403919682,0.645239208534668,0.9112862165542718,2.0647628651559877,0.22401580434063342
-0.02241242785859875,0.6469468735996826,0.9114811348426437,2.0651115819505943,0.2238434099996039
-0.022521307438175674,0.6485905309645277,0.9114152417388859,2.0654561603472588,0.22367132588325217
-0.022624782012073973,0.6501690941136019,0.9090721352408121,2.0657966281328846,0.22350190567757525
-0.022722826746892733,0.651681526131971,0.9090096559555587,2.0661330787352887,0.22333631669171897
-0.022815418112366148,0.6531268395109026,0.9090819610459921,2.066465556255817,0.2231713883991575
-0.022902533887010863,0.6545040959581859,0.909017546184268,2.0667940791990724,0.22300707812536386
-0.022984153163459344,0.6558124062140166,0.9089533213829741,2.0671186736728884,0.22284387746426476
-0.023060256353476926,0.6570509298731626,0.9088890578274007,2.067439368763969,0.22268162499356367
-0.02313082519266323,0.6582188752140231,0.9066501705357479,2.0677562006893377,0.22252228775419367
-0.02319584274483574,0.6593154990351434,0.9045360969538588,2.0680692733855057,0.22236867638477287
-0.02325529340609393,0.6603401064996682,0.9044890033950845,2.0683786997483526,0.22221893530588036
-0.023309162908564607,0.6612920509881602,0.9049136947930684,2.068684522572699,0.22206969209472155
-0.023357438323825645,0.6621707339601736,0.9048832927807885,2.06898675538173,0.2219208951472166
-0.023400108066009066,0.6629756048248997,0.9048538230762824,2.0692854207833284,0.22177304311553725
-0.02343716189458166,0.6637061608211764,0.9048253232022365,2.0695805443968043,0.22162611188308365
-0.02346859091680251,0.664361946907115,0.9047886135472712,2.069872153620549,0.2214802887423721
-0.02349438758985703,0.6649425556595607,0.904966467302599,2.0701602763856934,0.22133530374482915
-0.023514545722667556,0.6654476271835593,0.90493019602472,2.0704449319034612,0.22119096588017523
-0.02352906047737899,0.6658768490320051,0.9031304847985845,2.070726154140459,0.22104944431341722
-0.023537928370519805,0.666229956135589,0.9031108366639576,2.0710040332622857,0.22091165873046908
-0.023541147273838336,0.6665067307431676,0.9032877138613082,2.071278612133342,0.22077457927573418
-0.023538716414813053,0.6667070023726336,0.9016807112855241,2.0715499179691057,0.22063986602674032
-0.023530636376838686,0.6668306477723668,0.9021386665778894,2.071818032459755,0.22050840984948605
-0.023516909099085406,0.6668775908933214,0.9021685580196962,2.0720829883221383,0.220377422718815
-0.02349753787603405,0.6668478028717777,0.9023490819853676,2.0723448050719457,0.22024709599913636
-0.02347252735668515,0.666741302022798,0.9010370619783273,2.072603507693632,0.2201189785439719
-0.0234418835434432,0.6665581538443767,0.9010913273851894,2.072859177487657,0.21999442333146274
-0.023405613790676467,0.6662984710322988,0.9011479301282149,2.0731118574559737,0.21987085226392358
-0.023363726802951415,0.6659624135056715,0.901612868710888,2.073361572786774,0.2197481127636962
-0.023316232632944005,0.6655501884430994,0.9021022673226639,2.0736083420890883,0.21962584053680892
-0.023263142679027092,0.6650620503294526,0.9022882441069194,2.073852181186495,0.2195042240250836
-0.023204469682534742,0.6644983010131587,0.9026545215879137,2.0740931086510943,0.21938312206364755
-0.02314022772470457,0.6638592897739296,0.9027536559720569,2.07433114204809,0.21926277188584103
-0.023070432223297917,0.6631454134008294,0.9019731058666368,2.0745663087395614,0.21914438055222807
-0.022995099928900288,0.6623571162805337,0.9012774735545002,2.0747986795395477,0.21902995409976578
-0.022914248920900653,0.6614948904956542,0.9006431225133891,2.075028339668423,0.21891949402678962
-0.02282789860315277,0.6605592759329296,0.9012915348644475,2.0752553662731037,0.2188115990777134
-0.022736069699318438,0.6595508604010852,0.9012756483286863,2.0754797903836675,0.21870444111962226
-0.022638784247893753,0.6584702797581151,0.9016708315728719,2.07570163296045,0.21859811062482648
-0.022536065596920143,0.6573182180477125,0.9018045882110896,2.0759209189924412,0.21849288193956248
-0.022427938398380767,0.6560954076445207,0.9013466392333082,2.0761376796438458,0.2183897994980724
-0.022314428602284164,0.6548026294078446,0.9014696873448564,2.07635198200338,0.2182894837667416
-0.022195563450436537,0.6534407128434052,0.9015911279738392,2.076563858541668,0.2181898833332727
-0.02207137146990389,0.6520105362726544,0.9010676063610554,2.0767733383663467,0.21809263727266265
-0.02194188246616527,0.6505130270091225,0.9011740217012961,2.076980494517648,0.2179984899365232
-0.021807127515960048,0.6489491615411872,0.9012786329057983,2.077185364985899,0.2179052721079892
-0.0216671389598294,0.6473199657205704,0.9013807935127381,2.077387973430205,0.217813030217004
-0.02152195039435484,0.6456265149558142,0.9014805624427328,2.077588343852251,0.21772177178159444
-0.02137159666409513,0.6438699344098501,0.9008297337399576,2.0777865070024375,0.217632921709696
-0.021216113853223847,0.6420513992007084,0.9007713357231637,2.0779825400132133,0.21754735266879607
-0.021055539276869293,0.6401721346042961,0.9010327093147172,2.0781764811462544,0.2174630087889423
-0.0208899114721589,0.6382334162580222,0.9011330200890776,2.0783683683369376,0.21738032028176038
-0.020719270188970913,0.6362365703639681,0.9011145312287563,2.078558228992833,0.21729843029970075
-0.020543656380393936,0.6341829738900955,0.9012124812550862,2.0787460806186893,0.2172173109128556
-0.020363112192899307,0.6320740547678709,0.9013080489423734,2.0789319476652772,0.21713732690399903
-0.02017768095622521,0.6299112920845055,0.9014010104261378,2.0791158556530784,0.2170583875509897
-0.019987407172978384,0.6276962162678041,0.9014923267660854,2.0792978302126013,0.2169805829736194
-0.019792336507953506,0.6254304092614454,0.9015813920300637,2.07947789813386,0.2169039021132444
-0.019592515777173712,0.62311550468829,0.9017503790723888,2.0796560871627645,0.21682886027092513
-0.01938799293665532,0.6207531879990793,0.9018581065961636,2.0798324446013763,0.21675585694627666
-0.019178817070898215,0.6183451966036504,0.9012813583152532,2.0800070098509185,0.21668561148486312
-0.018965038381106213,0.615893319981533,0.9005567552716128,2.0801798780897944,0.21662100029091275
-0.01874670817313858,0.6133993997685033,0.9006343537161063,2.080351159855411,0.21656038782682752
-0.018523878845197256,0.6108653298153834,0.9006170832567468,2.0805208982671743,0.21650073350949112
-0.018296603875251262,0.6082930562150772,0.9006952398410669,2.0806891147538598,0.21644206031739296
-0.018064937808202522,0.60568457729346,0.9007720850311964,2.08085583399271,0.21638449547647526
-0.017828936242794923,0.6030419435594552,0.8998740301104694,2.0810210939347695,0.2163304170434312
-0.01758865581827151,0.6003672576092147,0.8988465939711958,2.0811850085601606,0.2162829072324515
-0.017344154200780663,0.597662673978988,0.8993189331437551,2.0813477070739244,0.2162407422969504
-0.01709549006953689,0.5949303989408278,0.8993958807322817,2.081509265494616,0.21620091096265917
-0.01684272310273816,0.5921726902349435,0.8994720401859723,2.0816697163615454,0.21616220050620263
-0.01658591396324308,0.5893918567320359,0.8999818636677496,2.081829088746499,0.21612537280367855
-0.016325124284012543,0.5865902580185759,0.8998125208972957,2.081987430798323,0.2160904813856419
-0.016060416653317495,0.5837703038975477,0.8989046867583806,2.082144776385956,0.21605847778182327
-0.015791854599718887,0.5809344537967683,0.8993703593476677,2.082301223931799,0.21603136049623417
-0.015519502576820306,0.5780852160764548,0.8995676871142014,2.0824568428947177,0.2160063417687759
-0.015243425947799904,0.5752251472273409,0.8986708045229573,2.082611669722838,0.21598452182948402
-0.014963690969723506,0.5723568509502209,0.8987594467597761,2.082765811653998,0.2159675504286048
-0.01468036477764295,0.569482977107436,0.898846573017575,2.0829193190198856,0.21595181134173064
-0.014393515368484442,0.5666062205365004,0.898932269995557,2.083072216961706,0.2159372725852459
-0.014103211584729125,0.563729319715734,0.8990546436583045,2.0832245309990527,0.215923823617217
-0.013809523097891697,0.5608550552715426,0.8991437840859228,2.08337627955435,0.21591122609889976
-0.013512520391799199,0.5579862483167743,0.8992317655952577,2.083527485688289,0.215899876599418
-0.013212274745675424,0.555125758609467,0.8981812515485386,2.083678186854725,0.21589223121671797
-0.012908858217034169,0.5522764825212623,0.8982609350819647,2.083828497745622,0.21588961872031034
-0.012602343624385903,0.5494413508048066,0.8983340683560134,2.0839784682893483,0.21588826134364109
-0.01229280452976153,0.5466233261496234,0.8984778958082085,2.084128122354104,0.21588778805991338
-0.011980315221057854,0.5438254005162304,0.8988457537819818,2.084277481369604,0.21588930333443004
-0.011664950694209057,0.5410505922387019,0.8992686788279532,2.084426609499848,0.2158945105763112
-0.011346786635187655,0.5383019428864184,0.8997380701923424,2.0845755796262257,0.2159033593164935
-0.01102589940184062,0.535582513876531,0.8997302470064391,2.08472447043046,0.21591653895438997
-0.010702366005563674,0.5328953828295475,0.899060647746899,2.0848733796489958,0.21593552121061
-0.010376264092818832,0.5302436396615751,0.8991873649040596,2.085022432073751,0.21595937659471004
-0.010047671926499887,0.5276303824080668,0.8993901850658865,2.085171673875925,0.21598419529132143
-0.009716668367149352,0.5250587127754474,0.8995138202596256,2.085321120305996,0.21600983143729635
-0.009383332854032646,0.5225317314187371,0.8986990403060922,2.0854708058994005,0.21603934910292344
-0.009047745386072848,0.5200525329452793,0.8977969053075753,2.0856208608593,0.21607677841255718
-0.008709986502651371,0.5176242006468592,0.8968375230613795,2.0857714451075724,0.21612234852726886
-0.00837013726427895,0.515249800964941,0.8958553316177554,2.085922718940604,0.21617587941921657
-0.00802827923314137,0.5129323776963826,0.8948871012420694,2.086074838678076,0.21623725792134263
-0.007684494453525245,0.5106749459498096,0.8950662147336106,2.0862279450612875,0.21630361177173524
-0.007338865432127367,0.508480485865881,0.8951468740150232,2.0863820775674715,0.21637072366283153
-0.006991475118253819,0.5063519361178234,0.8942295754040965,2.0865372672888807,0.21644151999977648
-0.006642406883912369,0.5042921872119239,0.8943164591215105,2.0866936233254467,0.21651724754600318
-0.006291744503803664,0.5023040746110778,0.893493450248089,2.086851204529344,0.2165970146574406
-0.0059395721352157056,0.500390371707865,0.8927863667758071,2.0870101592307453,0.2166857922199882
-0.0055859742978264584,0.4985537826771098,0.8929035063079035,2.0871706269412256,0.2167791174809506
-0.005231035853419524,0.49679693524118285,0.8923508713869495,2.0873326601843565,0.21687560784629914
-0.004874841985517806,0.49512237338455445,0.8924904394569212,2.08749634958362,0.21697626513031687
-0.004517478178939877,0.4935325500571217,0.8926320367714725,2.087661733380857,0.2170779856786258
-0.00415903019928378,0.49202981990862005,0.8927755520735997,2.08782882900485,0.2171806299176946
-0.0037995840723440795,0.4906164320988426,0.8924279292092244,2.087997659917713,0.21728604601780985
-0.0034392260634658134,0.4892945232304528,0.8922304613583965,2.088168313175769,0.2173966401014835
-0.003078042656841334,0.48806611045271653,0.8921782297299539,2.0883408812501245,0.21751173333506055
-0.0027161205347544853,0.4869330847855535,0.8923825880741539,2.088515438120742,0.21762954606581386
-0.002353546556777244,0.4858972047137348,0.8923697698804557,2.0886920172408066,0.2177501958495362
-0.001990407738923944,0.48496009010090585,0.8926745232902343,2.08887071008747,0.21787579247739497
-0.0016267912327677042,0.484123216472265,0.8929258062467839,2.089051579972114,0.21800334672842558
-0.0012627843045245853,0.4833879097132122,0.8931781228767047,2.0892346412345004,0.21813131432984398
-0.0008984743141100342,0.48275534122905983,0.8934779582811754,2.089419897639027,0.2182597284074023
-0.0005339486941730485,0.48222652360799156,0.8937256170843124,2.089607354904821,0.21838868222535193
-0.0001692949291125909,0.4818023068258848,0.8939738556465622,2.089797018034753,0.21851791291353598
0.00019539946591817193,0.4814833750274089,0.8942224261063881,2.0899888862870046,0.21864747746361418
0.0005600469660149841,0.4812702439130368,0.8940296249075658,2.0901829620818155,0.21877705082271062
0.0009245600575282107,0.4811632587563338,0.8943071068369594,2.090379237948536,0.21890668909959407
0.0012888512590656313,0.4811625930701952,0.8945588215867142,2.090577717085079,0.21903685096896372
0.0016528331424875554,0.4812682479346688,0.8948118417425586,2.0907784046659,0.21916745324819717
0.0020164183538890984,0.48148005199276867,0.895212948165404,2.0909813112747866,0.21929959627998621
0.002379519634564841,0.4817976621143127,0.8956380048702258,2.091186479923851,0.21943438541325433
0.002742049841950374,0.4822205647214713,0.8960581269626552,2.091393956060483,0.2195716309494965
0.0031039219705361423,0.4827480777634555,0.8964436247695683,2.0916037857463454,0.21971145679783186
0.0034650491727483295,0.48337935332175624,0.8967677745124678,2.0918160139575903,0.21985370824204484
0.003825344779791882,0.4841133808216288,0.8970036211016473,2.092030687652186,0.21999880797947816
0.004184722322450608,0.48494899082026666,0.8967293889673471,2.0922478573633403,0.22014591752054552
0.0045430955518393585,0.4858848593372825,0.8968497648572119,2.0924675409839955,0.22029465094062145
0.00490037846010332,0.4869195126889552,0.8970808340669116,2.0926897938429807,0.22044629320057912
0.005256485301059547,0.48805133278408097,0.8972983926243645,2.0929146368052884,0.2205984068771863
0.005611330610775582,0.489278562836378,0.8975140431079246,2.093142076207515,0.22075119414277178
0.00596482922808044,0.490599313446144,0.8977189788736946,2.093372121201203,0.22090468298178292
0.006316896315002799,0.492011569002364,0.8978800487575218,2.0936047785151004,0.22105863103178944
0.006667447377131824,0.49351319435558444,0.8978351911727201,2.0938400560165813,0.221214216982636
0.007016398283895293,0.4951019417117286,0.8976382447284673,2.0940780096872493,0.22137365451024102
0.007363665288750616,0.4967754576974485,0.8972800164918121,2.0943187171859465,0.2215375603878871
0.007709165049283569,0.4985312905486586,0.8967563749932668,2.0945622666893318,0.22170642658675713
0.00805281464721012,0.5003668973754642,0.8957518480592558,2.0948087618159326,0.2218815645874916
0.00839453160827631,0.5022796514587038,0.8952178761700412,2.095058334883138,0.22206337631110967
0.008734233922051835,0.5042668495357927,0.8953686885495109,2.095311086027634,0.22224866315191044
0.00907184006161198,0.5063257190362849,0.8950322557921747,2.095567040840798,0.22243453067845215
0.00940726900310385,0.5084534252306232,0.8943302815637812,2.0958262110761257,0.22262276109164753
0.009740440245191634,0.5106470782587539,0.8944807327741248,2.0960886676684765,0.2228143669748692
0.010071273828376462,0.5129037400086467,0.8946276324496137,2.0963544342186307,0.2230065828867482
0.010399690354186487,0.5152204308181563,0.8937423905522619,2.0966235274572766,0.22320157495677811
0.010725611004231934,0.5175941359771253,0.8923138884961682,2.096896042129289,0.2234032924661001
0.011048957559121293,0.5200218120099788,0.8908308236308338,2.097172121950869,0.22361289894604686
0.011369652417233542,0.5225003927223915,0.8892985561118458,2.0974519143401587,0.22383008883861064
0.011687618613342091,0.5250267949987647,0.887801694911926,2.09773556130406,0.22405466179498368
0.012002779837086199,0.5275979243402895,0.8879721586191087,2.09802318577417,0.22428358140911692
0.012315060451284974,0.5302106801362043,0.8881594165208585,2.098314813497564,0.2245129577898318
0.012624385510090054,0.532861960663484,0.8883448835436483,2.0986104465783906,0.2247429151520462
0.012930680776972124,0.5355486678126538,0.8879270934743533,2.098910102337384,0.22497550699552196
0.01323387274253742,0.5382677115395803,0.8875670449654268,2.099213842574471,0.2252107722276048
0.013533888642169561,0.5410160140451203,0.8877467698309554,2.0995216771741267,0.22544618917253334
0.013830656473492775,0.5437905136862053,0.8873166826486668,2.0998336133501843,0.22568373537514155
0.014124105013652145,0.5465881686235129,0.8860244009795649,2.1001497207803097,0.22592641335363392
0.014414163836406561,0.5494059602121797,0.8862183990529643,2.1004700936402076,0.22617275834623107
0.014700763329030949,0.5522408961431169,0.8850214522632944,2.100794760629286,0.22642141094889723
0.014983834709022812,0.5550900133434076,0.885236375413297,2.10112379145974,0.2266734463810784
0.015263310040609726,0.5579503806450308,0.8854330066263838,2.1014572025052636,0.2269256694847339
0.015539122251053682,0.5608191012317029,0.8856517166912178,2.101794987172182,0.2271778426359686
0.015811205146748046,0.5636933148740552,0.8858466025554786,2.1021371334500643,0.2274298802874961
0.016079493429104027,0.5665701999636773,0.885785582906283,2.1024836398073754,0.2276833785606682
0.01634392271022161,0.5694469753566836,0.8857663773121686,2.1028345450751456,0.22793936732653233
0.016604429528342624,0.5723209020375358,0.8859822358925947,2.103189886384047,0.22819703313281348
0.016860951363081248,0.575189284613817,0.8860203080411727,2.103549668581207,0.22845557201870015
0.017113426650428486,0.5780494726525132,0.8861326621180791,2.1039139252006125,0.2287168170839848
0.017361794797527287,0.5808988618681815,0.8863781713294652,2.1042826919756803,0.2289794010195675
0.017605996197214615,0.5837348951731212,0.8866242151705594,2.1046559667694478,0.22924180592008728
0.01784597224232673,0.5865550635993764,0.8868698840137605,2.10503373726818,0.22950408576817535
0.01808166533976475,0.5893569071020532,0.8871174173201442,2.10541599328305,0.22976638876026226
0.018313018924316637,0.5921380152530583,0.8873655582911538,2.1058027250557014,0.2300285187338238
0.018539977472232582,0.594896027833993,0.8876136621067473,2.106193923986055,0.23029124137368073
0.01876248651455064,0.5976286353365189,0.8878744237201773,2.1065896017584116,0.23055473560601417
0.018980492650168743,0.6003335793780874,0.8882183631128395,2.1069897535562423,0.23081844641385219
0.019193943558660716,0.6030086530405244,0.8884473562865824,2.1073943800319674,0.23108252562837603
0.019402788012833176,0.605651701138519,0.8887199682981727,2.107803475536558,0.23134666141340496
0.019606975891019698,0.6082606204246608,0.8891623641481327,2.1082170299814416,0.23161084114248834
0.019806458189109522,0.6108333597372577,0.8875264532659998,2.1086350500168964,0.23187706369508307
0.020001187032308743,0.6133679200967581,0.8878259077712289,2.10905758304383,0.23214533825889674
0.020191115686629704,0.6158623547562235,0.8861126546920947,2.1094846357838195,0.23241469703755047
0.020376198570107095,0.6183147692109112,0.884454629001504,2.1099162478687563,0.23268701647205675
0.02055639126373729,0.6207233211716727,0.8849632504126307,2.1103524561597475,0.2329605015944148
0.02073165052213882,0.6230862205065177,0.88543344682952,2.110793251367086,0.23323345112981422
0.020901934283930747,0.6254017291543906,0.885735383642651,2.111238616007193,0.23350601934215218
0.02106720168182792,0.6276681610148502,0.8860384117050546,2.1116885310710485,0.23377804197765598
0.02122741305244801,0.6298838818170899,0.8864870835629353,2.1121429772175926,0.23404955000299507
0.02138252994583115,0.6320473089714472,0.8867069532128181,2.1126019339963737,0.23432042152714458
0.02153251513466749,0.6341569114062542,0.8870082548104731,2.1130653793058287,0.2345906233538047
0.021677332623231682,0.6362112093926977,0.8877813112460423,2.1135332887323615,0.2348598611629609
0.021816947656021587,0.6382087743600678,0.888677487728412,2.1140056275933308,0.23512747134212184
0.021951326726099694,0.640148228703609,0.8890106025389157,2.1144823524812604,0.23539357860410812
0.022080437583133987,0.6420282455869456,0.890018426448792,2.114963429857955,0.23565834421498266
0.022204249241138674,0.643847548740902,0.8902404549247006,2.1154488222504257,0.23592195365858856
0.022322731985910123,0.6456049122603637,0.8905854114485858,2.1159385060399267,0.23618493975800547
0.02243585738215834,0.6472991604006301,0.8909306953283119,2.1164324568468946,0.23644702484590607
0.02254359828033119,0.648929167374634,0.8912762454106447,2.1169306489791637,0.23670828680172448
0.02264592882313034,0.6504938571521911,0.8916219280718882,2.117433056951522,0.2369686408611922
0.022742824451716773,0.6519922032623846,0.8914421080987618,2.1179396537494064,0.23722814367096173
0.022834261911604762,0.6534232286000394,0.8911950398223872,2.118450416352277,0.23748692232577095
0.022920219258242665,0.6547860052371507,0.8922632697004305,2.1189653172477203,0.23774416519073688
0.02300067586228009,0.6560796542400427,0.890484113187818,2.119484308081445,0.2379998176800979
0.02307561241451821,0.6573033454929363,0.8908354835981226,2.1200073655971114,0.23825487007194202
0.023145010930544146,0.6584562975285416,0.8911871087356804,2.1205344648988134,0.23850900393206015
0.023208854755047307,0.659537777366206,0.8894000826511514,2.121065577932039,0.23876209260804926
0.023267128565816163,0.6605471003581023,0.8897484253076634,2.121600677558277,0.2390143059251333
0.02331981837741593,0.6614836300438647,0.8900970862761188,2.122139738596415,0.23926560535856156
0.023366911544544608,0.6623467780140485,0.8904464184652418,2.1226827326437547,0.23951582904470636
0.02340839676506839,0.663136003782732,0.890795795799399,2.1232296305788485,0.23976496888885718
0.023444264082733313,0.6638508146695385,0.8911466446499979,2.123780402234686,0.2400129651992949
0.023474504889555315,0.664490765691315,0.891498179247835,2.124335017219781,0.2402598344166996
0.023499111927885938,0.665055459463698,0.8919953478590089,2.1248934455203194,0.24050569417207976
0.02351807929215413,0.6655445461127112,0.8923439782361006,2.125455662866395,0.24075070755188666
0.02353140243028349,0.6659577231965781,0.8926917664145768,2.1260216402253898,0.24099451360532156
0.023539078144784786,0.6662947356378643,0.8931697351172039,2.1265913472005766,0.2412373708593612
0.023541104593523487,0.6665553756660538,0.8935171789011711,2.1271647616827654,0.2414794514558474
0.023537481290161564,0.6667394827706472,0.8938626273045038,2.127741856616725,0.2417205017276217
0.023528209104274448,0.6668469436648535,0.894210815456854,2.1283226050884116,0.24196057289590825
0.023513290261142104,0.6668776922599267,0.893910891077931,2.1289069793723505,0.24219965183405912
0.023492728341215543,0.6668317096501736,0.8942602557424815,2.1294949549196867,0.24243789757541978
0.02346652827925669,0.666709024108668,0.8946063949964616,2.1300865082693474,0.24267543751841208
0.02343469636315461,0.6665097110936634,0.8949528055609367,2.1306816158996025,0.24291190377502364
0.02339724023241637,0.6662338932657035,0.8933159151529343,2.1312802451518373,0.24314665797876686
0.023354168876333705,0.6658817405154026,0.893526925656732,2.1318823442321095,0.24337936401912297
0.02330549263182515,0.6654534700018677,0.8938681860331625,2.1324878815597685,0.24361117700115112
0.023251223180955828,0.6649493462016873,0.8949747441672912,2.133096822738782,0.2438405251681747
0.023191373548133432,0.6643696809684366,0.8953181557123552,2.133709090824926,0.24406663767239004
0.02312595809698255,0.6637148336025995,0.8938080842817023,2.1343246341424935,0.24429015703608725
0.02305499252689739,0.66298521093179,0.8940223516249935,2.1349433741500103,0.24451054319618956
0.022978493869274287,0.6621812674011613,0.8943646514205061,2.1355652736687554,0.244730036700482
0.02289648048342362,0.6613035051738174,0.8947078051019725,2.1361903032334233,0.2449482555166816
0.022808972052164582,0.6603524742410726,0.8933375267310525,2.1368184214598642,0.24516325077280104
0.02271598957710037,0.6593287725423139,0.8942145788961043,2.137449520768609,0.2453724653333015
0.02261755537357885,0.6582330460942423,0.8950448038618084,2.1380834857376416,0.24557629524180935
0.022513693065336286,0.6570659891291928,0.8953799483065783,2.1387202099808715,0.2457762489756196
0.022404427578828143,0.655828344242203,0.896138375048438,2.1393596337799194,0.245973050381433
0.02228978513724659,0.6545209025464583,0.8968129418717928,2.140001655697098,0.24616419719266047
0.02216979325422743,0.6531445038366838,0.8971466495731357,2.1406461646366695,0.24635121587491304
0.022044480727246518,0.6517000367599904,0.8976788564272634,2.1412930985270973,0.24653503414487118
0.02191387763070882,0.6501884389936315,0.8974402630223941,2.1419423622347473,0.24671468355512605
0.02177801530873061,0.6486106974290395,0.8977653403148179,2.142593905294221,0.2468929991428371
0.021636926367616997,0.6469678483614433,0.8980904957329325,2.1432476926622335,0.24706963509859609
0.021490644668036483,0.6452609776842785,0.8984141722339688,2.1439036865527092,0.24724464696873838
0.021339205316894996,0.6434912210875062,0.8991348099733673,2.1445618500034436,0.2474181023571932
0.021182644658909767,0.6416597642588565,0.8998187117152143,2.1452221530896347,0.24759047142858764
0.021021000267887162,0.6397678430868822,0.9004716622508359,2.1458845701492795,0.24776176783813134
0.02085431093770512,0.6378167438646076,0.9010989163346015,2.1465490762562434,0.24793208769381544
0.020682616673002738,0.6358078034924127,0.9016902230764583,2.1472156472541974,0.24810136621756215
0.020505958679579387,0.6337424096786266,0.9020550017759279,2.147884249868991,0.24826782794499588
0.020324379354505605,0.6316220011361716,0.9026358113091371,2.148554793807372,0.24843033317692004
0.02013792227594764,0.6294480677734146,0.9029249494468062,2.149227232418304,0.24859146794862755
0.019946632192709368,0.627222150877185,0.9034700415007031,2.1499015307535987,0.24875110298744116
0.0197505550134926,0.6249458432857412,0.9037042649076981,2.150577659800163,0.24890961172067283
0.019549737795879037,0.6226207895492121,0.9039969288240474,2.1512555939709586,0.24906686871139458
0.019344228735037047,0.6202486860748633,0.904287195606391,2.1519352981478153,0.24922240756880612
0.019134077152154674,0.6178312812542265,0.9045663284033623,2.1526167357190653,0.24937631290284884
0.018919333482603013,0.615370375568914,0.9048503723755938,2.153299869870791,0.2495285510591772
0.01870004926383212,0.6128678216716388,0.9051314946794445,2.1539846660090256,0.24967925205293182
0.018476277123001653,0.6103255244386523,0.9053671474171314,2.1546710881380093,0.24982843821152742
0.018248070764351476,0.6077454409895242,0.9040757261161471,2.1553590919675396,0.24997300698234715
0.018015484956312024,0.605129580669824,0.9028057325142452,2.156048504701316,0.2501068661013921
0.017778575518361008,0.6024800049919405,0.9030676025156906,2.1567391190289156,0.2502330647550717
0.017537399307626135,0.5997988275289029,0.902839743711917,2.157430847934936,0.2503557783212408
0.017292014205240444,0.5970882137556741,0.903069983457747,2.1581235959422593,0.25047420491902944
0.017042479102450443,0.5943503808320272,0.9025843504743288,2.1588173001331317,0.25058933804417255
0.016788853886483143,0.59158759732068,0.9027814211504159,2.159511871046376,0.250700454221818
0.01653119942617281,0.5888021828339671,0.9020438494310057,2.1602072502046035,0.25080845213935976
0.016269577557353147,0.5859965076019165,0.9022147311379412,2.160903352069955,0.250912578538786
0.016004051068016955,0.5831729919541541,0.9023812035041477,2.161600129157872,0.25101535438008354
0.015734683683246938,0.580334105707661,0.9025437371895701,2.1622975527739268,0.25111657345766547
0.015461540049922498,0.5774823674519863,0.9027026468440897,2.1629955886914938,0.25121614045120794
0.01518468572120454,0.5746203437231043,0.9028576999906588,2.163694202387522,0.25131401798076247
0.014904187140802907,0.5717506480567259,0.9030090533952415,2.164393361044677,0.25141042117848783
0.014620111627030532,0.5688759399115234,0.9031589338437761,2.165093032308371,0.2515051217492705
0.014332527356647059,0.5659989234523685,0.9033057155548105,2.1657931802557813,0.251598127362191
0.014041503348496907,0.563122346183414,0.9038595692777576,2.1664937736391674,0.2516898246747009
0.01374710944694508,0.5602489974206013,0.9032180210039967,2.167194760619343,0.25177484718530624
