x_mean,x_rms,order_parameter,residue_mean,mismatch_mean
-0.009763459981777058,0.49085534866202174,0.03441049717751197,0.0,0.0
-0.009570349650717878,0.4914648376676423,0.034616317711487404,0.0,0.0
-0.009374942481682037,0.4921583103615534,0.0348235216074452,0.0,0.0
-0.009177285371452166,0.4929347481301235,0.035030557777203215,0.0,0.0
-0.008977425756785954,0.49379301617379406,0.050286792425489196,0.0,0.0
-0.008775411603031455,0.4947318670197619,0.050598542727593177,0.0,0.0
-0.008571291392615973,0.49574994432636793,0.05091567167559811,0.0,0.0
-0.008365114113410146,0.4968457869521442,0.051238638891956394,0.0,0.0
-0.008156929246971307,0.498017833261347,0.05156446331883348,0.0,0.0
-0.007946786756667998,0.49926442563701146,0.05189465628133929,0.0,0.0
-0.007734737075689288,0.5005838151721188,0.05223220477724064,0.0,0.0
-0.007520831094940653,0.5019741665093559,0.05257163620995459,0.0,0.0
-0.007305120150830721,0.5034335628001507,0.05281204509647458,0.0,0.0
-0.007087656012950597,0.5049600107541709,0.05305652926662981,0.0,0.0
-0.006868490871649515,0.5065514457512469,0.05340429267167472,0.0,0.0
-0.006647677325509359,0.5082057369886878,0.05375849036697905,0.0,0.0
-0.006425268368721284,0.5099206926382034,0.05411911972811073,0.0,0.0
-0.006201317378367213,0.5116940649880518,0.05448265439185855,0.0,0.0
-0.0059758781016099214,0.5135235555475876,0.05485111274825219,0.0,0.0
-0.005749004642793668,0.515406820093089,0.055221181476029196,0.0,0.0
-0.005520751450459487,0.5173414736354903,0.05559408702015238,0.0,0.0
-0.005291173304277931,0.5193250952924897,0.0559677443151765,0.0,0.0
-0.0050603253019020225,0.521355233049354,0.056341576538885906,0.0,0.0
-0.004828262845744248,0.5234294083946018,0.05671738383186724,0.0,0.0
-0.004595041629680113,0.5255451208185916,0.07217841676977167,0.0,0.0
-0.004360717625682007,0.5276998521648417,0.07261197799346947,0.0,0.0
-0.0041253470703860404,0.5298910708256535,0.07300225299051778,0.0,0.0
-0.0038889864515956937,0.5321162357752672,0.07339601746785426,0.0,0.0
-0.0036516924947248676,0.5343728004353795,0.07388042579093852,0.0,0.0
-0.0034135221491842205,0.5366582163693209,0.07436763183850582,0.0,0.0
-0.00317453257471335,0.538969936802582,0.07486014912299623,0.0,0.0
-0.0029347811276629527,0.5413054199686443,0.0753554411408617,0.0,0.0
-0.0026943253472294874,0.5436621322802425,0.07576695421001114,0.0,0.0
-0.0024532229416460057,0.5460375513272188,0.0762638105955607,0.0,0.0
-0.0022115317743325352,0.5484291687030798,0.07676395911763259,0.0,0.0
-0.0019693098500090257,0.5508344926631775,0.07727026449313697,0.0,0.0
-0.0017266153007746412,0.5532510506181805,0.07778069236850435,0.0,0.0
-0.0014835063721561977,0.5556763914670861,0.07829667283443202,0.0,0.0
-0.001240041409129589,0.5581080877745754,0.07881769824474749,0.0,0.0
-0.0009962788421172832,0.5605437377979291,0.07934290500901263,0.0,0.0
-0.0007522771729652358,0.5629809673690568,0.07979458751635064,0.0,0.0
-0.0005080949609028207,0.5654174316374904,0.08032931999480226,0.0,0.0
-0.0002637908084887673,0.5678508166803521,0.0807871050643197,0.0,0.0
-1.9423347546990987e-05,0.5702788409854606,0.08132553163815168,0.0,0.0
0.0002249487749049312,0.5726992568138012,0.08186567891957842,0.0,0.0
0.00046926691073061953,0.5751098514476143,0.08241078364547486,0.0,0.0
0.0007134724247502517,0.5775084483303122,0.0829588271668285,0.0,0.0
0.0009575067088127242,0.5798929081043961,0.09819651770749943,0.0,0.0
0.0012013111958612396,0.582261129553409,0.09883463342912348,0.0,0.0
0.0014448273739892047,0.5846110504538641,0.0994764299549958,0.0,0.0
0.0016879968004828406,0.58694064834292,0.10012244846617376,0.0,0.0
0.0019307611158470106,0.5892479412073766,0.10077379698845494,0.0,0.0
0.0021730620578113637,0.5915309880994262,0.10138258166840415,0.0,0.0
0.0024148414753128998,0.5937878896843342,0.10204469541589557,0.0,0.0
0.002656041342452039,0.5960167887250514,0.10271207463180529,0.0,0.0
0.0028966037724184207,0.5982158705085188,0.10338520525588796,0.0,0.0
0.0031364710313836488,0.6003833632182164,0.1040625139795513,0.0,0.0
0.0033755855523569583,0.6025175382572702,0.1047440869083575,0.0,0.0
0.0036138899490011163,0.6046167105262125,0.10543047579705825,0.0,0.0
0.0038513270294048426,0.6066792386592808,0.10612312960870349,0.0,0.0
0.0040878398098085494,0.6087035252228915,0.10682240494842939,0.0,0.0
0.004323371528280279,0.6106880168797455,0.10752731836622258,0.0,0.0
0.004557865658338204,0.6126312045217921,0.10823728461750201,0.0,0.0
0.004791265922516723,0.614531623375081,0.10895165905152991,0.0,0.0
0.005023516305872768,0.6163878530793343,0.10967317542031418,0.0,0.0
0.005254561069429203,0.6181985177448969,0.11039590908435902,0.0,0.0
0.005484344763551828,0.6199622859895269,0.11112085647003843,0.0,0.0
0.005712812241257084,0.6216778709573155,0.12602966736791707,0.0,0.0
0.005939908671446976,0.6233440303218944,0.1268364510275528,0.0,0.0
0.006165579552068388,0.6249595662758759,0.14169539504350856,0.0,0.0
0.006389770723193224,0.6265233255083937,0.14258819584078292,0.0,0.0
0.006612428380016564,0.6280341991724068,0.15712424359371047,0.0,0.0
0.006833499085769609,0.6294911228433493,0.15809682607391867,0.0,0.0
0.007052929784544098,0.6308930764705655,0.17247526744105152,0.0,0.0
0.007270667814025688,0.6322390843228349,0.1735259741609718,0.0,0.0
0.007486660918132485,0.633528214929237,0.1745861420792935,0.0,0.0
0.007700857259556283,0.6347595810164378,0.1756505467773565,0.0,0.0
0.007913205432203361,0.6359323394434432,0.17672054146726413,0.0,0.0
0.008123654473531569,0.6370456911347451,0.17779493464841867,0.0,0.0
0.008332153876781172,0.6380988810126944,0.17887492678664435,0.0,0.0
0.008538653603096254,0.6390911979299141,0.17995799869868073,0.0,0.0
0.008743104093533708,0.6400219746024098,0.18109617704689485,0.0,0.0
0.008945456280957305,0.6408905875440501,0.1821939531086662,0.0,0.0
0.0091456616018133,0.6416964570029738,0.1832984849546538,0.0,0.0
0.00934367200778576,0.6424390469004538,0.19735536708519757,0.0,0.0
0.009539439977327728,0.6431178647726757,0.19852740804712865,0.0,0.0
0.009732918527066266,0.6437324617158465,0.19970130752411733,0.0,0.0
0.009924061223078125,0.6442824323350241,0.20087918013375877,0.0,0.0
0.010112822192033818,0.644767414696962,0.20206167908397935,0.0,0.0
0.010299156132206866,0.6451870902872914,0.20325056725379342,0.0,0.0
0.010483018324346094,0.6455411839722707,0.2169548871121421,0.0,0.0
0.010664364642407935,0.6458294639653276,0.23076553338160224,0.0,0.0
0.01084315156414655,0.6460517417985692,0.23206258825786985,0.0,0.0
0.011019336181558956,0.6462078722994259,0.23336453197338788,0.0,0.0
0.011192876211182682,0.6462977535725305,0.2346701468166464,0.0,0.0
0.011363730004243636,0.6463213269869426,0.2477448328033461,0.0,0.0
0.011531856556651635,0.6462785771687714,0.24910182061230227,0.0,0.0
0.011697215518841132,0.6461695319992435,0.2504634341210434,0.0,0.0
0.011859767205454955,0.6459942626182049,0.25182988684430946,0.0,0.0
0.012019472604868596,0.6457528834330748,0.2532013126985627,0.0,0.0
0.012176293388552807,0.6454455521331672,0.2545790717335571,0.0,0.0
0.012330191920272297,0.6450724697093387,0.25596405529913857,0.0,0.0
0.01248113126511818,0.6446338804788428,0.2573588149446432,0.0,0.0
0.012629075198372237,0.6441300721152735,0.25876183115672025,0.0,0.0
0.012773988214200617,0.6435613756834281,0.2601744558957555,0.0,0.0
0.012915835534175147,0.6429281656789013,0.26159665816265804,0.0,0.0
0.013054583115619967,0.6422308600721903,0.26302460329914107,0.0,0.0
0.013190197659781527,0.6414699203570341,0.26445966202098886,0.0,0.0
0.013322646619820149,0.6406458516027006,0.26598461260237344,0.0,0.0
0.013451898208621289,0.6397592025098822,0.26743248411004716,0.0,0.0
0.013577921406424021,0.6388105654697993,0.2688864754181739,0.0,0.0
0.013700685968265808,0.6378005766261029,0.2703454087197825,0.0,0.0
0.01382016243124113,0.6367299159390759,0.2718129350213997,0.0,0.0
0.013936322121572347,0.6355993072516152,0.27328683821786576,0.0,0.0
0.0140491371614914,0.6344095183563834,0.2747652872847738,0.0,0.0
0.014158580475930205,0.6331613610634927,0.2762514852316962,0.0,0.0
0.01426462579901871,0.6318556912679817,0.27774370832522194,0.0,0.0
0.014367247680388348,0.630493409016305,0.2792427544825824,0.0,0.0
0.014466421491280204,0.6290754585709374,0.2915023831076878,0.0,0.0
0.014562123430455738,0.6276028284721675,0.293044456099708,0.0,0.0
0.014654330529908973,0.6260765515960038,0.3051095707762408,0.0,0.0
0.014743020660378574,0.6244977052070702,0.30669157305401706,0.0,0.0
0.014828172536659015,0.6228674110052228,0.30827939581322056,0.0,0.0
0.014909765722708695,0.6211868351645593,0.3098786501204159,0.0,0.0
0.014987780636554666,0.619457188363307,0.31148542310295485,0.0,0.0
0.015062198554992074,0.6176797258030404,0.3131794733851246,0.0,0.0
0.015133001618077704,0.6158557472154357,0.31479992453130146,0.0,0.0
0.01520017283341632,0.6139865968547451,0.3164293380604301,0.0,0.0
0.015263696080238632,0.6120736634739274,0.31813581783593886,0.0,0.0
0.015323556113270314,0.610118380282273,0.31977626389065456,0.0,0.0
0.015379738566390848,0.6081222248821808,0.3214236730348489,0.0,0.0
0.015432229956081147,0.6060867191825465,0.3230799554883237,0.0,0.0
0.015481017684659626,0.6040134292860871,0.3339539799931488,0.0,0.0
0.015526090043305619,0.6019039653476946,0.33564242898934016,0.0,0.0
0.015567436214869465,0.5997599814007312,0.33733869061744653,0.0,0.0
0.015605046276468375,0.5975831751479804,0.3390442897102793,0.0,0.0
0.015638911201868187,0.5953752877137494,0.3407576136569797,0.0,0.0
0.015669022863649292,0.5931381033533997,0.3424770773834216,0.0,0.0
0.015695374035157427,0.5908734491163761,0.34420456524116,0.0,0.0
0.015717958392237916,0.58858319445857,0.3459430385980604,0.0,0.0
0.015736770514753497,0.5862692507996331,0.3476875438403796,0.0,0.0
0.015751805887885044,0.5839335710206224,0.3575994079755564,0.0,0.0
0.01576306090321521,0.5815781488971665,0.36742504589988606,0.0,0.0
0.015770532859594316,0.5792050184630754,0.3767710135733988,0.0,0.0
0.015774219963788687,0.5768162532991579,0.37856623257982075,0.0,0.0
0.015774121330911047,0.5744139657417705,0.3803705097475013,0.0,0.0
0.015770236984632827,0.572000306005458,0.38218312345546934,0.0,0.0
0.015762567857178406,0.5695774612138635,0.384001818130851,0.0,0.0
0.015751115789101655,0.5671476543329534,0.3858275222594548,0.0,0.0
0.01573588352884385,0.5647131430004505,0.38766005188612696,0.0,0.0
0.01571687473207444,0.5622762182453199,0.38949898247378534,0.0,0.0
0.015694093960813348,0.559839203091057,0.3913433183064526,0.0,0.0
0.01566754668233632,0.5574044510365344,0.39898565664784363,0.0,0.0
0.015637239267862778,0.554974344408203,0.40084663205572746,0.0,0.0
0.015603178991026688,0.5525512925775053,0.40271533798202985,0.0,0.0
0.015565374026131031,0.5501377300375389,0.4045914662895963,0.0,0.0
0.015523833446185884,0.5477361143332046,0.406473480480446,0.0,0.0
0.015478567220731005,0.5453489238393592,0.40835976735423396,0.0,0.0
0.015429586213443333,0.5429786553818761,0.41027897182996786,0.0,0.0
0.015376902179529377,0.5406278216969663,0.41217378931479953,0.0,0.0
0.015320527762904393,0.5382989487246509,0.41407571975430235,0.0,0.0
0.015260476493157855,0.5359945727329454,0.41598276697296505,0.0,0.0
0.01519676278230615,0.533717237270037,0.41789627039575555,0.0,0.0
0.015129401921334088,0.5314694899426272,0.42478470325217527,0.0,0.0
0.015058410076524973,0.5292538790195461,0.43177949205487265,0.0,0.0
0.014983804285580762,0.5270729498608567,0.4337062145768687,0.0,0.0
0.01490560245353317,0.5249292411738345,0.4395604132217499,0.0,0.0
0.01482382334844648,0.5228252810985403,0.4414925147297751,0.0,0.0
0.014738486596913366,0.5207635831270764,0.4434274784204594,0.0,0.0
0.014649612679344568,0.5187466418621877,0.44536552436476035,0.0,0.0
0.014557222925053754,0.5167769286224085,0.44730653296952455,0.0,0.0
0.014461339507138363,0.5148568869027136,0.4492514856403329,0.0,0.0
0.014361985437158485,0.5129889277013427,0.4549910510768318,0.0,0.0
0.014259184559614013,0.5111754247253131,0.46086973993276403,0.0,0.0
0.014152961546222064,0.5094187094889643,0.4628249655834749,0.0,0.0
0.014043341889995968,0.507721066321766,0.4647668552554251,0.0,0.0
0.013930351899127042,0.506084727303438,0.466711650289541,0.0,0.0
0.01381401869067071,0.5045118671462826,0.46866004573154707,0.0,0.0
0.013694370184038577,0.5030045980463517,0.47061280411900824,0.0,0.0
0.013571435094297944,0.5015649645267267,0.47256930825013005,0.0,0.0
0.013445242925280156,0.5001949382977321,0.4745286571499127,0.0,0.0
0.013315823962500067,0.49889641316023003,0.4764901242519294,0.0,0.0
0.013183209265887534,0.4976711999793658,0.478455558097519,0.0,0.0
0.013047430662333118,0.4965210217570265,0.4804221938454017,0.0,0.0
0.012908520738049977,0.49544750883201993,0.4850699482152171,0.0,0.0
0.012766512830753078,0.4944521942373762,0.4870399390890624,0.0,0.0
0.01262144102165856,0.4935365092442877,0.48901384337428655,0.0,0.0
0.012473340127304234,0.4927017791220066,0.4909900333948613,0.0,0.0
0.012322245691193777,0.4919492191424717,0.4929687854688092,0.0,0.0
0.012168193975266608,0.4912799308575476,0.4949422796559745,0.0,0.0
0.012011221951195087,0.49069489867552324,0.49692495203498965,0.0,0.0
0.01185136729151147,0.4901949867619262,0.4989095900785046,0.0,0.0
0.011688668360566755,0.48978093628781133,0.5008959359091849,0.0,0.0
0.011523164205323396,0.48945336304642584,0.5028607619037148,0.0,0.0
0.011354894545984212,0.4892127554566409,0.5048492974941667,0.0,0.0
0.011183899766459676,0.48905947296874414,0.5067852941778602,0.0,0.0
0.011010220904676073,0.48899374488516795,0.5087749959856559,0.0,0.0
0.010833899642726538,0.48901566960553355,0.5126338215095438,0.0,0.0
0.010654978296867632,0.4891252143020377,0.5166376093839306,0.0,0.0
0.010473499807363453,0.48932221502779655,0.5186214059901287,0.0,0.0
0.010289507728180347,0.48960637725725686,0.5206050741969507,0.0,0.0
0.010103046216534104,0.4899772768543724,0.5225891733109307,0.0,0.0
0.009914160022292503,0.49043436146080693,0.5245725257859031,0.0,0.0
0.009722894477235457,0.49097695229317634,0.5272618955793773,0.0,0.0
0.00952929548417563,0.4916042463352099,0.5292507347152848,0.0,0.0
0.009333409505942154,0.4923153189078211,0.5312404872444524,0.0,0.0
0.009135283554229412,0.4931091265973872,0.5335777445399068,0.0,0.0
0.008934965178314817,0.49398451052018544,0.5355706616149419,0.0,0.0
0.00873250245364701,0.49494019989883015,0.5375643086024406,0.0,0.0
0.00852794397030805,0.4959748159248131,0.539470454953747,0.0,0.0
0.008321338821352026,0.4970868758798434,0.541458533180427,0.0,0.0
0.008112736591022964,0.49827479748761455,0.5434465348299035,0.0,0.0
0.007902187342854772,0.4995369034669083,0.5454348566944813,0.0,0.0
0.007689741607656352,0.5008714262565804,0.5474216352590097,0.0,0.0
0.007475450371384357,0.5022765128829225,0.5494078615680971,0.0,0.0
0.007259365062906899,0.5037502299401718,0.5512721659547115,0.0,0.0
0.007041537541660716,0.5052905686554845,0.5532525817106876,0.0,0.0
0.0068220200852052775,0.5068954500105449,0.5552313831148684,0.0,0.0
0.006600865376676503,0.5085627298930067,0.5573441318358724,0.0,0.0
0.006378126492142719,0.5102902042522829,0.5593294269682764,0.0,0.0
0.006153856887867147,0.5120756142355959,0.5611584830935614,0.0,0.0
0.005928110387478196,0.5139166512818352,0.5631385002095538,0.0,0.0
0.0057009411690523756,0.5158109621524519,0.5651143972183313,0.0,0.0
0.005472403752111627,0.5177561538804094,0.5670754535685683,0.0,0.0
0.005242552984539009,0.5197497986200357,0.5690452885140578,0.0,0.0
0.005011444029415405,0.5217894383825126,0.5710108944748232,0.0,0.0
0.004779132351780693,0.5238725896435544,0.5729734659447662,0.0,0.0
0.004545673705322343,0.5259967478117027,0.5749336539414681,0.0,0.0
0.004311124118994863,0.5281593915474293,0.5768896076536723,0.0,0.0
0.0040755398835731,0.5303579869249725,0.5788456822408814,0.0,0.0
0.00383897753814269,0.5325899914304949,0.5808003322248794,0.0,0.0
0.0036014938565310114,0.5348528577916937,0.5827315836584774,0.0,0.0
0.0033631458336816507,0.5371440376354745,0.5849285975583004,0.0,0.0
0.003123990671976032,0.5394609849716513,0.5873615239100966,0.0,0.0
0.0028840857675049075,0.5418011595018882,0.5893286994634221,0.0,0.0
0.0026434886962938085,0.5441620297542268,0.5912934474590497,0.0,0.0
0.0024022572004848935,0.546541076044579,0.5932538498809019,0.0,0.0
0.0021604491744792106,0.5489357932674828,0.5952105916486788,0.0,0.0
0.0019181226510422626,0.5513436935191858,0.5971643653703576,0.0,0.0
0.001675335787376483,0.553762308556878,0.5990807757445095,0.0,0.0
0.0014321468511636864,0.5561891920984342,0.6010232412869563,0.0,0.0
0.0011886142065812512,0.5586219219675705,0.6029605484133699,0.0,0.0
0.000944796300294866,0.5610581020897021,0.6048946854038061,0.0,0.0
0.000700751647431653,0.563495364344141,0.6068238672604821,0.0,0.0
0.00045653881753685233,0.5659313702784974,0.6087467793279724,0.0,0.0
0.00021221642051736056,0.5683638126913597,0.6106670399302904,0.0,0.0
-3.215690742433641e-05,0.5707904170894185,0.6125816804517983,0.0,0.0
-0.0002765225178625541,0.5732089430252747,0.6144910382380905,0.0,0.0
-0.0005208217642237903,0.5756171853221772,0.6163950173582543,0.0,0.0
-0.0007649960158616389,0.5780129751919081,0.6180656261438937,0.0,0.0
-0.001008986672127738,0.5803941812519344,0.6199580095698249,0.0,0.0
-0.0012527351764358237,0.5827587104478825,0.6218465045145974,0.0,0.0
-0.0014961830303148694,0.5851045088872019,0.6237310272066442,0.0,0.0
-0.0017392718074485814,0.5874295625897755,0.6256097066683571,0.0,0.0
-0.0019819431676972817,0.5897318981610142,0.627483034010902,0.0,0.0
-0.0022241388710993936,0.5920095833928144,0.6293514127619313,0.0,0.0
-0.002465800791848699,0.5942607277975159,0.6312154611523024,0.0,0.0
-0.002706870932244227,0.5964834830798247,0.6330749523848935,0.0,0.0
-0.002947291436609468,0.5986760435513931,0.634919367199941,0.0,0.0
-0.0031870046051774505,0.6008366464925866,0.6367632945197083,0.0,0.0
-0.0034259529079383624,0.6029635724656843,0.6385734282500303,0.0,0.0
-0.0036640789984465683,0.6050551455835712,0.6404030260981747,0.0,0.0
-0.0039013257275833757,0.6071097337377593,0.6421811578760104,0.0,0.0
-0.004137636157272631,0.6091257487893278,0.6439999950741737,0.0,0.0
-0.004372953574145557,0.6111016467261913,0.6458132519339006,0.0,0.0
-0.004607221503151633,0.6130359277898856,0.6476201250692373,0.0,0.0
-0.004840383721112478,0.6149271365748551,0.6494220608451516,0.0,0.0
-0.0050723842702149885,0.6167738621030358,0.6512194744771594,0.0,0.0
-0.005303167471440989,0.6185747378763486,0.6530111033112537,0.0,0.0
-0.005532677937930052,0.6203284419095355,0.6547544344720333,0.0,0.0
-0.005760860588271878,0.6220336967455904,0.6565388433018533,0.0,0.0
-0.005987660659725698,0.6236892694558956,0.6583175123622932,0.0,0.0
-0.006213023721363062,0.6252939716270121,0.660032877433104,0.0,0.0
-0.006436895687130987,0.6268466593359141,0.6618018014533434,0.0,0.0
-0.006659222828832266,0.6283462331153468,0.6635592776097792,0.0,0.0
-0.006879951789020137,0.6297916379108335,0.665335482008043,0.0,0.0
-0.007099029593803697,0.6311818630307572,0.6671039737692822,0.0,0.0
-0.007316403665561423,0.6325159420908083,0.6690489667141432,0.0,0.0
-0.007532021835559484,0.6337929529539991,0.6708216567089125,0.0,0.0
-0.007745832356472123,0.6350120176673366,0.672588251537364,0.0,0.0
-0.007957783914800665,0.6361723023961635,0.6743485259660509,0.0,0.0
-0.0081678256431885,0.6372730173570647,0.676102471220494,0.0,0.0
-0.00837590713262907,0.6383134167502003,0.6778498074816591,0.0,0.0
-0.008581978444563718,0.6392927986917968,0.6795896199408591,0.0,0.0
-0.008785990122866787,0.6402105051475027,0.6813224888424284,0.0,0.0
-0.008987893205714744,0.6410659218672287,0.683048785960739,0.0,0.0
-0.009187639237336917,0.6418584783220312,0.6841757885244952,0.0,0.0
-0.009385180279644537,0.6425876476435524,0.6859083397043748,0.0,0.0
-0.009580468923735663,0.6432529465664738,0.6872005484325936,0.0,0.0
-0.009773458301273144,0.6438539353743762,0.6889134238951933,0.0,0.0
-0.009964102095732766,0.6443902178493921,0.6906418758005012,0.0,0.0
-0.01015235455351895,0.6448614412259437,0.6923166545004293,0.0,0.0
-0.010338170494945521,0.645267296148868,0.6921923497342874,0.0,0.0
-0.01052150532507846,0.6456075166361648,0.6939216377805665,0.0,0.0
-0.010702315044438634,0.6458818800465652,0.695641466194912,0.0,0.0
-0.010880556259561242,0.6460902070521245,0.6973546983610956,0.0,0.0
-0.011056186193410266,0.6462323616159522,0.6990640924386337,0.0,0.0
-0.01122916269564468,0.6463082509752189,0.7007678881966346,0.0,0.0
-0.011399444252734243,0.6463178256295123,0.7024652410281301,0.0,0.0
-0.011566989997922644,0.6462610793346106,0.7041565302235174,0.0,0.0
-0.011731759721035247,0.6461380491016898,0.7058428454971146,0.0,0.0
-0.011893713878129505,0.6459488152019914,0.707521177273002,0.0,0.0
-0.012052813600985089,0.6456935011768994,0.7091709012329939,0.0,0.0
-0.012209020706432212,0.6453722738534056,0.7108356933826764,0.0,0.0
-0.0123622977055154,0.6449853433648559,0.7121618859596838,0.0,0.0
-0.012512607812490655,0.6445329631768982,0.7138095783573098,0.0,0.0
-0.012659914953653801,0.6440154301184718,0.7154488723815081,0.0,0.0
-0.012804183775998033,0.6434330844176948,0.7154523171442875,0.0,0.0
-0.01294537965569857,0.6427863097424195,0.7171014533462866,0.0,0.0
-0.01308346870642204,0.6420755332452612,0.7187411965086512,0.0,0.0
-0.013218417787459058,0.6413012256127977,0.7199858218312519,0.0,0.0
-0.01335019451167803,0.6404639011186432,0.7216115326368158,0.0,0.0
-0.013478767253297661,0.6395641176800575,0.7232304234145105,0.0,0.0
-0.013604105155477155,0.6386024769176788,0.7228805177834642,0.0,0.0
-0.01372617813772161,0.6375796242179481,0.7226874638871505,0.0,0.0
-0.0138449569031013,0.6364962487977412,0.7243356523735578,0.0,0.0
-0.013960412945282647,0.6353530837706388,0.7259751296451027,0.0,0.0
-0.014072518555369793,0.634150906214256,0.727606241059491,0.0,0.0
-0.014181246828554398,0.6328905372379433,0.7292299980554864,0.0,0.0
-0.014286571670572876,0.6315728420501195,0.7308455464462424,0.0,0.0
-0.014388467803968658,0.6301987300244414,0.7324816037984022,0.0,0.0
-0.014486910774158828,0.6287691547639008,0.7340820246084437,0.0,0.0
-0.014581876955303217,0.6272851141618823,0.7356717493994046,0.0,0.0
-0.014673343555974093,0.6257476504591151,0.7372542309460235,0.0,0.0
-0.014761288624626388,0.6241578502953464,0.7388299073197917,0.0,0.0
-0.014845691054865745,0.6225168447544744,0.7378831820727477,0.0,0.0
-0.014926530590514119,0.6208258094017536,0.73947113457231,0.0,0.0
-0.015003787830470941,0.6190859643115745,0.7410518431495844,0.0,0.0
-0.015077444233369505,0.6172985740841928,0.7397607469844129,0.0,0.0
-0.015147482122026686,0.6154649478496369,0.7413504427449664,0.0,0.0
-0.015213884687685374,0.6135864392569038,0.7429301296227234,0.0,0.0
-0.01527663599404858,0.6116644464463691,0.7444985692521455,0.0,0.0
-0.015335720981104,0.6097004120032151,0.7460633555924292,0.0,0.0
-0.015391125468738318,0.6076958228894835,0.7476206263650667,0.0,0.0
-0.015442836160140501,0.6056522103521983,0.7461180721973444,0.0,0.0
-0.01549084064499281,0.6035711498048234,0.7476835259736855,0.0,0.0
-0.015535127402449358,0.6014542606791048,0.7492408408723631,0.0,0.0
-0.01557568580390088,0.5993032062441974,0.7476060086588368,0.0,0.0
-0.015612506115525714,0.5971196933897104,0.7491742619498284,0.0,0.0
-0.01564557950062587,0.594905472369139,0.7507347040463846,0.0,0.0
-0.015674898021747645,0.5926623364999204,0.7523705969362597,0.0,0.0
-0.01570045464258674,0.5903921218161211,0.7539165058167487,0.0,0.0
-0.01572224322967676,0.5880967066695503,0.7554549186700867,0.0,0.0
-0.015740258553861495,0.5857780112748748,0.7570495634809522,0.0,0.0
-0.01575449629154954,0.5834379971940673,0.7585727903915609,0.0,0.0
-0.015764953025752197,0.5810786667553085,0.7600883914846659,0.0,0.0
-0.015771626246903477,0.5787020624012679,0.7615964225196336,0.0,0.0
-0.015774514353462357,0.5763102659614321,0.7630965949442803,0.0,0.0
-0.015773616652297064,0.573905397843002,0.7645899203659869,0.0,0.0
-0.01576893335885164,0.5714896161346593,0.7660756112503101,0.0,0.0
-0.015760465597093983,0.5690651156173623,0.7675528812122548,0.0,0.0
-0.015748215399246326,0.56663412667617,0.7690228318848933,0.0,0.0
-0.015732185705297285,0.5641989141069913,0.7704858983255759,0.0,0.0
-0.015712380362296448,0.5617617758120611,0.7719414075048264,0.0,0.0
-0.015688804123431144,0.5593250413779076,0.7733900872818679,0.0,0.0
-0.01566146264688548,0.5568910705295607,0.7748326544366426,0.0,0.0
-0.015630362494482623,0.5544622514548088,0.7762675230544874,0.0,0.0
-0.015595511130109829,0.5520409989923991,0.7776942404957069,0.0,0.0
-0.015556916917927243,0.5496297526782459,0.7791948148578721,0.0,0.0
-0.015514589120360566,0.54723097464394,0.7806063173458778,0.0,0.0
-0.015468537895877989,0.544847147362159,0.7820112677023983,0.0,0.0
-0.015418774296552407,0.5424807712339604,0.7834087344376166,0.0,0.0
-0.015365310265408723,0.5401343620134156,0.7847982578210231,0.0,0.0
-0.015308158633557821,0.5378104480656182,0.7861788864000585,0.0,0.0
-0.015247333117116907,0.5355115674547573,0.7875522369398277,0.0,0.0
-0.015182848313918055,0.5332402648597343,0.7889183039063586,0.0,0.0
-0.01511471970000445,0.5309990883156582,0.7903493360441382,0.0,0.0
-0.015042963625916438,0.5287905857805713,0.7914086433084916,0.0,0.0
-0.01496759731276731,0.526617301527858,0.7902555728903868,0.0,0.0
-0.014888638848110482,0.5244817723659847,0.7916170550320581,0.0,0.0
-0.014806107181598478,0.5223865236885756,0.792971655484118,0.0,0.0
-0.014720022120435022,0.5203340653592422,0.7943177106905105,0.0,0.0
-0.014630404324621626,0.518326887437131,0.79565573965387,0.0,0.0
-0.014537275301999076,0.5163674557507771,0.79698590008805,0.0,0.0
-0.014440657403085819,0.5144582073295572,0.7983082655860081,0.0,0.0
-0.014340573815713749,0.5126015457038015,0.7996263134978446,0.0,0.0
-0.014237048559463391,0.5107998360864782,0.7980386963073979,0.0,0.0
-0.014130106479899388,0.5090554004511698,0.799364584407959,0.0,0.0
-0.01401977324260742,0.5073705125229747,0.8006835169736186,0.0,0.0
-0.013906075327034877,0.5057473927007697,0.8019954069265424,0.0,0.0
-0.013789040020135705,0.5041882029311046,0.8032996096734407,0.0,0.0
-0.013668695409821748,0.5026950415557168,0.8045952222731645,0.0,0.0
-0.01354507037822181,0.5012699381562675,0.8058852002377959,0.0,0.0
-0.013418194594750077,0.4999148484214294,0.8071681262833258,0.0,0.0
-0.013288098508985552,0.4986316490627377,0.8084441915098228,0.0,0.0
-0.013154813343364312,0.49742213280678876,0.809713262505904,0.0,0.0
-0.013018371085686306,0.49628800349222335,0.810974512176462,0.0,0.0
-0.012878804481438447,0.4952308713006145,0.8123371845519518,0.0,0.0
-0.012736147025935857,0.4942522481507009,0.8136480562920547,0.0,0.0
-0.012590432956282918,0.4933535432854862,0.8148860516981034,0.0,0.0
-0.012441697243157048,0.4925360590814164,0.8161167528514812,0.0,0.0
-0.012289975582415413,0.49180098710826176,0.8173416728045485,0.0,0.0
-0.01213530438652824,0.49114940446734995,0.8185595672074876,0.0,0.0
-0.01197772077584011,0.49058227043448777,0.8197699306084372,0.0,0.0
-0.011817262569661183,0.49010042343225874,0.8209717987684435,0.0,0.0
-0.011653968277190667,0.4897045783544049,0.8221661424799208,0.0,0.0
-0.011487877088274985,0.4893953242626833,0.8233533954415546,0.0,0.0
-0.01131902886400218,0.489173122474022,0.8245329926483327,0.0,0.0
-0.011147464127135484,0.4890383050529497,0.8257050895564755,0.0,0.0
-0.010973224052388314,0.48899107372121353,0.8268696759207098,0.0,0.0
-0.0107963504565422,0.48903149919326344,0.8280269920652158,0.0,0.0
-0.010616885788411117,0.48915952094292653,0.8291762199340366,0.0,0.0
-0.010434873118653893,0.4893749474031254,0.8303172146043025,0.0,0.0
-0.01025035612943768,0.48967745659706263,0.8314504238235731,0.0,0.0
-0.01006337910395408,0.49006659719579754,0.8325757768619579,0.0,0.0
-0.009873986915791716,0.4905417899938104,0.8336930613198014,0.0,0.0
-0.00968222501816661,0.4911023297908727,0.8348025679813864,0.0,0.0
-0.009488139433013777,0.4917473876654863,0.8359041981707797,0.0,0.0
-0.009291776739941878,0.49247601362227683,0.8370754507881758,0.0,0.0
-0.009093184065054792,0.49328713959314485,0.8381613427330656,0.0,0.0
-0.008892409069641173,0.49417958276962237,0.8392394724900416,0.0,0.0
-0.008689499938736104,0.49515204924190814,0.837808497058891,0.0,0.0
-0.00848450536955709,0.49620313791834814,0.8388875702088193,0.0,0.0
-0.008277474559816655,0.4973313446977985,0.839958954232038,0.0,0.0
-0.008068457195915377,0.4985350668663311,0.841022765100057,0.0,0.0
-0.007857503441017252,0.4998126076890699,0.842078875191878,0.0,0.0
-0.007644663923010862,0.5011621811676855,0.84312668479823,0.0,0.0
-0.007429989722358843,0.5025819169340535,0.8441663887138484,0.0,0.0
-0.007213532359838845,0.5040698652509568,0.8423946560607718,0.0,0.0
-0.006995343784178906,0.5056240020912978,0.843432054415258,0.0,0.0
-0.006775476359589769,0.5072422342681949,0.8444615924789907,0.0,0.0
-0.006553982853197993,0.5089224045894204,0.8427562314144832,0.0,0.0
-0.006330916422381846,0.5106622970109723,0.8437877724585271,0.0,0.0
-0.006106330602013992,0.5124596417660372,0.844811821712366,0.0,0.0
-0.0058802792916132435,0.5143121204472266,0.8458273722322072,0.0,0.0
-0.005652816742409053,0.5162173710216998,0.8468346362703923,0.0,0.0
-0.005423997544321308,0.5181729927605545,0.8478334435697074,0.0,0.0
-0.005193876612859207,0.5201765510657596,0.8488214388628339,0.0,0.0
-0.004962509175941657,0.5222255821797188,0.8498024558845167,0.0,0.0
-0.004729950760642925,0.5243175977644355,0.8507760363431854,0.0,0.0
-0.004496257179866357,0.5264500893390752,0.851740543988231,0.0,0.0
-0.004261484518949577,0.5286205325664871,0.852791084953749,0.0,0.0
-0.004025689122204237,0.530826391380982,0.8537411337065256,0.0,0.0
-0.0037889275793936833,0.5330651219512577,0.8546825985226918,0.0,0.0
-0.003551256712151683,0.5353341764739661,0.8556724339515019,0.0,0.0
-0.003312733560345568,0.5376310067947858,0.8566113913956807,0.0,0.0
-0.0030734153683867377,0.539953067855265,0.8574990773537655,0.0,0.0
-0.0028333595714925557,0.5422978209648818,0.858410395489396,0.0,0.0
-0.002592623781901909,0.5446627368989065,0.8593142946712155,0.0,0.0
-0.002351265775048751,0.5470452988236394,0.8602103837089389,0.0,0.0
-0.002109343475696158,0.5494430050514887,0.8583141090977483,0.0,0.0
-0.001866914944034691,0.5518533716291387,0.859207834054145,0.0,0.0
-0.00162403836174825,0.5542739347627353,0.8600938248615277,0.0,0.0
-0.00138077201805072,0.5567022530845763,0.8609721741210041,0.0,0.0
-0.0011371742956968957,0.5591359097663033,0.8591216866209929,0.0,0.0
-0.0008933036569708131,0.5615725144839637,0.859997949774814,0.0,0.0
-0.0006492186296551208,0.5640097052406202,0.8608667228178802,0.0,0.0
-0.00040497779298471803,0.5664451500524478,0.8617278677062973,0.0,0.0
-0.00016063976358803784,0.5688765485043931,0.86255212285295,0.0,0.0
8.373681858075883e-05,0.5713016331815938,0.863399677305533,0.0,0.0
0.0003280933043149996,0.5737181709828035,0.8642403220903527,0.0,0.0
0.0005723710492310792,0.5761239643220619,0.8623610198830944,0.0,0.0
0.0008165114278427854,0.5785168522248066,0.8631998743978905,0.0,0.0
0.0010604558476311572,0.5808947113245515,0.8639756943765339,0.0,0.0
0.0013041457631064609,0.5832554567661205,0.8648010375351084,0.0,0.0
0.0015475226898587166,0.5855970430213203,0.8656194965868005,0.0,0.0
0.0017905282185937549,0.5879174646227244,0.8664309962273636,0.0,0.0
0.0020331040291511927,0.590214756821108,0.8672362004492732,0.0,0.0
0.002275191904500856,0.5924869961718402,0.8680347100521385,0.0,0.0
0.002516733744714747,0.5947323010553456,0.8688263576318592,0.0,0.0
0.0027576715809106587,0.5969488321365339,0.8696112521527614,0.0,0.0
0.0029979475891644654,0.5991347927678735,0.8703896649060525,0.0,0.0
0.003237504104387578,0.601288429340553,0.8711616319508464,0.0,0.0
0.0034762836341662127,0.6034080315879585,0.8719273896271177,0.0,0.0
0.003714228872559423,0.6054919328454771,0.8699719989037288,0.0,0.0
0.003951282713852192,0.607538510270387,0.8680537437244215,0.0,0.0
0.004187388266260506,0.6095461850254248,0.8687660235564841,0.0,0.0
0.00442248886558513,0.611513422429357,0.8695259311644752,0.0,0.0
0.004656528088810766,0.6134387320777188,0.8675371568257904,0.0,0.0
0.004889449767647292,0.6153206679366631,0.8682986881387988,0.0,0.0
0.005121198002009826,0.6171578284126696,0.8689801972603269,0.0,0.0
0.005351717173434567,0.61894885640069,0.869730065640138,0.0,0.0
0.005580951958426905,0.6206924393131303,0.8703743265579968,0.0,0.0
0.00580884734173881,0.6223873090918841,0.8709842523005364,0.0,0.0
0.006035348629572248,0.6240322422054944,0.8717195181320526,0.0,0.0
0.006260401462705365,0.6256260596333566,0.8724493364156735,0.0,0.0
0.006483951829538532,0.6271676268387402,0.8731717758670259,0.0,0.0
0.006705946079056765,0.6286558537322536,0.8738879932602861,0.0,0.0
0.006926330933705831,0.6300896946272815,0.8718658539259574,0.0,0.0
0.007145053502178471,0.6314681481887688,0.8698351343748614,0.0,0.0
0.0073620612921081905,0.6327902573766386,0.8678066682175322,0.0,0.0
0.00757730222266705,0.6340551093850121,0.8685266358967704,0.0,0.0
0.007790724637064949,0.6352618355783097,0.8692424142658196,0.0,0.0
0.008002277314946868,0.6364096114252139,0.8698208622881667,0.0,0.0
0.008211909484685634,0.6374976564313929,0.8705257978941966,0.0,0.0
0.008419570835566772,0.6385252340718016,0.8712251809534393,0.0,0.0
0.008625211529862906,0.6394916517232996,0.8719189666324496,0.0,0.0
0.008828782214794516,0.640396260598275,0.8726075232951656,0.0,0.0
0.009030234034374345,0.6412384556798645,0.8732913275468511,0.0,0.0
0.009229518641132774,0.6420176756593442,0.8739700539765007,0.0,0.0
0.00942658820772072,0.6427334028761611,0.8746440218400766,0.0,0.0
0.00962139543838824,0.6433851632610793,0.8753137066838109,0.0,0.0
0.009813893580335065,0.643972526282807,0.8759784109533499,0.0,0.0
0.010004036434931122,0.6444951048984922,0.8766376994722759,0.0,0.0
0.01019177836880405,0.6449525555083574,0.8772919641780368,0.0,0.0
0.010377074324790944,0.6453445779147879,0.8779413507347423,0.0,0.0
0.010559879832751798,0.6456709152860747,0.8785860925920332,0.0,0.0
0.010740151020242191,0.6459313541250371,0.8792258286329868,0.0,0.0
0.010917844623042506,0.6461257242426804,0.8798611346736203,0.0,0.0
0.011092917995540973,0.6462538987370395,0.8804915989651947,0.0,0.0
0.011265329120968613,0.6463157939773019,0.8783885863863776,0.0,0.0
0.01143503662148296,0.6463113695933072,0.879016149449853,0.0,0.0
0.011601999768098479,0.6462406284704648,0.8796393797178002,0.0,0.0
0.011766178490461444,0.6461036167501127,0.8802584095556459,0.0,0.0
0.011927533386466552,0.645900423835332,0.8808735090026497,0.0,0.0
0.012086025731713392,0.645631182402165,0.8814843831695014,0.0,0.0
0.012241617488799764,0.645296068416201,0.8820907672331015,0.0,0.0
0.012394271316450947,0.6448953011544374,0.8826926202260134,0.0,0.0
0.012543950578481055,0.644429143232293,0.883290227253126,0.0,0.0
0.012690619352585636,0.6438979006356571,0.8838834115626861,0.0,0.0
0.012834242438962999,0.6433019227577688,0.8844725129633615,0.0,0.0
0.012974785368761786,0.6426416024407499,0.8850574986089808,0.0,0.0
0.013112214412353558,0.6419173760215259,0.8856380936332358,0.0,0.0
0.013246496587427416,0.6411297233818783,0.8862146961115313,0.0,0.0
0.013377599666906029,0.6402791680022913,0.8867872963851621,0.0,0.0
0.013505492186679588,0.6393662770192567,0.8873561744442696,0.0,0.0
0.013630143453157283,0.638391661285608,0.887921265936469,0.0,0.0
0.013751523550633532,0.637355975433463,0.8884822238174869,0.0,0.0
0.013869603348467529,0.6362599179392395,0.8890390370186345,0.0,0.0
0.013984354508074623,0.6351042311902085,0.8895922150716605,0.0,0.0
0.014095749489727347,0.6338897015519557,0.890133579828351,0.0,0.0
0.014203761559164842,0.6326171594360701,0.8906794902372799,0.0,0.0
0.014308364794008883,0.6312874793673018,0.8912218833642451,0.0,0.0
0.014409534089985257,0.6299015800493706,0.8917605657932642,0.0,0.0
0.014507245166948509,0.6284604244285078,0.8922709963417039,0.0,0.0
0.014601474574709257,0.6269650197537361,0.8927448799497603,0.0,0.0
0.014692199698661932,0.6254164176328103,0.8932724941782739,0.0,0.0
0.014779398765212297,0.623815714082618,0.8937964360493559,0.0,0.0
0.014863050847002951,0.6221640495727613,0.894317106545923,0.0,0.0
0.014943135867935803,0.6204626090608965,0.8948345787989441,0.0,0.0
0.015019634607990247,0.6187126220183254,0.8929743728832844,0.0,0.0
0.015092528707835869,0.6169153624441698,0.8934903153200314,0.0,0.0
0.015161800673238668,0.6150721488663354,0.8940031038031645,0.0,0.0
0.01522743387925943,0.6131843443273406,0.8945122202699206,0.0,0.0
0.015289412574243781,0.6112533563529124,0.8950184213723468,0.0,0.0
0.015347721883602361,0.6092806369011063,0.8931500372597052,0.0,0.0
0.015402347813380946,0.6072676822895255,0.893654558865162,0.0,0.0
0.015453277253618468,0.6052160330980536,0.8941558230295985,0.0,0.0
0.015500497981493838,0.6031272740443048,0.8946536078946963,0.0,0.0
0.015543998664258991,0.6010030338288409,0.8951478566188005,0.0,0.0
0.015583768861958905,0.5988449849469529,0.8956389741629392,0.0,0.0
0.01561979902993702,0.5966548434636597,0.8961272771754265,0.0,0.0
0.01565208052112599,0.5944343687482968,0.896612475967297,0.0,0.0
0.01568060558812287,0.592185363164922,0.8970946474103797,0.0,0.0
0.015705367385048484,0.5899096717144652,0.8971949511550317,0.0,0.0
0.015726359969190497,0.5876091816244076,0.8972244414937591,0.0,0.0
0.01574357830242945,0.5852858218814836,0.8977034176169031,0.0,0.0
0.015757018252448022,0.5829415627027048,0.8981797198845536,0.0,0.0
0.015766676593722658,0.5805784149397968,0.8986533478703103,0.0,0.0
0.015772551008297945,0.5781984294118884,0.8991235362422836,0.0,0.0
0.015774640086342454,0.5758036961611187,0.8996297029523819,0.0,0.0
0.015772943326487578,0.5733963436256292,0.9000930142492224,0.0,0.0
0.015767461135947472,0.5709785377241919,0.9005545551982235,0.0,0.0
0.015758194830421624,0.5685524808466232,0.9010132260355672,0.0,0.0
0.015745146633778802,0.5661204107439403,0.9014690925237931,0.0,0.0
0.015728319677523615,0.563684599312144,0.9014443949841143,0.0,0.0
0.015707718000044762,0.5612473512634126,0.9013546897161742,0.0,0.0
0.015683346545646012,0.5588110026784651,0.9018084310781013,0.0,0.0
0.01565521116335932,0.5563779194338563,0.9022592798681318,0.0,0.0
0.015623318605541501,0.5539504954980223,0.9027073248616463,0.0,0.0
0.015587676526253248,0.5515311510899951,0.9031527592522811,0.0,0.0
0.015548293479422595,0.5491223306949035,0.9036372336031177,0.0,0.0
0.015505178916791615,0.5467265009306094,0.9040770831953925,0.0,0.0
0.015458343185648468,0.5443461482601435,0.9045142565189525,0.0,0.0
0.015407797526343813,0.54198377654503,0.9049495505332072,0.0,0.0
0.015353554069593222,0.5396419044350619,0.9032130502339633,0.0,0.0
0.015295625833565982,0.5373230625906893,0.9036471602760843,0.0,0.0
0.01523402672076055,0.5350297907348783,0.9040787081554389,0.0,0.0
0.015168771514668496,0.5327646345320811,0.9045077850922655,0.0,0.0
0.015099875876225874,0.530530142292863,0.902781909433856,0.0,0.0
0.015027356340055302,0.5283288615037611,0.9010788552739136,0.0,0.0
0.014951230310497346,0.5261633351830641,0.9015065155558847,0.0,0.0
0.014871516057433629,0.5240360980644473,0.9019314927799266,0.0,0.0
0.014788232711902275,0.5219496726117524,0.9023534093118435,0.0,0.0
0.014701400261506466,0.519906564869649,0.9027726609503851,0.0,0.0
0.014611039545617436,0.5179092601564745,0.9031892954912526,0.0,0.0
0.014517172250373295,0.515960218607202,0.903603620811796,0.0,0.0
0.014419820903474248,0.5140618705761861,0.9040152774556106,0.0,0.0
0.014319008868776342,0.5122166119111483,0.902325240699603,0.0,0.0
0.014214760340683927,0.5104267991116763,0.900627274555228,0.0,0.0
0.014107100338343328,0.5086947443873812,0.9010381981900403,0.0,0.0
0.01399605469963837,0.5070227106327098,0.9014466054154024,0.0,0.0
0.013881650074989257,0.5054129063372543,0.901852699183665,0.0,0.0
0.013763913920956744,0.503867480452194,0.9001935118116716,0.0,0.0
0.013642874493652639,0.5023885172351987,0.9005983086113672,0.0,0.0
0.01351856084195858,0.5009780310977506,0.9010007910637159,0.0,0.0
0.013391002800554047,0.4996379614802787,0.9015469147872118,0.0,0.0
0.013260230982756825,0.4983701677818003,0.9019428491412783,0.0,0.0
0.013126276773175446,0.49717642437183357,0.9024443997281529,0.0,0.0
0.012989172320177197,0.4960584157132112,0.9028341669356847,0.0,0.0
0.012848950528172618,0.4950177316249822,0.9032215627691544,0.0,0.0
0.012705645049718774,0.4940558627149024,0.9036068418850111,0.0,0.0
0.012559290277442507,0.4931741960109879,0.9039899974570992,0.0,0.0
0.012409921335786727,0.49237401082125215,0.9043709286016693,0.0,0.0
0.012257574072580364,0.49165647485007674,0.9047495953576258,0.0,0.0
0.01210228505043533,0.4910226405986083,0.9051260136465885,0.0,0.0
0.0119440915379715,0.4904734420752113,0.9054997515131845,0.0,0.0
0.011783031500872546,0.4900096918402575,0.9058708483506066,0.0,0.0
0.01161914359277422,0.48963207840750944,0.9062398331663067,0.0,0.0
0.011452467145987752,0.489341164021966,0.906606522045054,0.0,0.0
0.011283042162060327,0.48913738283140845,0.9050455569658873,0.0,0.0
0.011110909302174874,0.4890210394660014,0.905410532143222,0.0,0.0
0.010936109877391362,0.4889923080371839,0.9038611162733455,0.0,0.0
0.010758685838732771,0.48905123156383445,0.9023143882471313,0.0,0.0
0.01057867976711664,0.48919772183031074,0.9026794256901512,0.0,0.0
0.010396134863136178,0.48943155967748236,0.9030423974883721,0.0,0.0
0.010211094936691974,0.4897523957244482,0.9034028758062215,0.0,0.0
0.010023604396478267,0.49015975151515095,0.903760945375035,0.0,0.0
0.009833708239324702,0.4906530210807746,0.902302618335535,0.0,0.0
0.009641452039397341,0.491231472905589,0.902660129899973,0.0,0.0
0.009446881937261413,0.4918942522808759,0.9030152007944265,0.0,0.0
0.009250044628807413,0.4926403840287549,0.90336781248145,0.0,0.0
0.009050987354044545,0.4934687755751875,0.9037182240707315,0.0,0.0
0.008849757885763228,0.4943782203491691,0.9023610781892628,0.0,0.0
0.00864640451806991,0.49536740148319114,0.9027111945383873,0.0,0.0
0.008440976054796668,0.4964348957884262,0.903058930822167,0.0,0.0
0.00823352179778862,0.4975791779768527,0.9034043736473147,0.0,0.0
0.008024091535071658,0.49879862510158357,0.9037475924059521,0.0,0.0
0.007812735528903474,0.5000915211861341,0.904088164363118,0.0,0.0
0.007599504503711058,0.501456062013099,0.9044263780099844,0.0,0.0
0.007384449633916835,0.5028903600428142,0.9047620100485942,0.0,0.0
0.007167622531657313,0.5043924494329806,0.9050951882508574,0.0,0.0
0.006949075234396185,0.5059602911308809,0.9054259640244133,0.0,0.0
0.00672886019243572,0.5075917780107821,0.9042045814734322,0.0,0.0
0.006507030256328974,0.5092847400302445,0.9045350047957448,0.0,0.0
0.006283638664195735,0.5110369493804194,0.9034184444625528,0.0,0.0
0.006058739028945797,0.5128461256069385,0.9037494201303782,0.0,0.0
0.005832385325412079,0.5147099406796213,0.904078027369248,0.0,0.0
0.005604631877396849,0.5166260239909888,0.9044040789976516,0.0,0.0
0.005375533344634408,0.5185919672653644,0.9047277061910951,0.0,0.0
0.0051451447096729,0.5206053293622097,0.9052819499589343,0.0,0.0
0.004913521264678782,0.5226636409591853,0.9055981828469831,0.0,0.0
0.00468071859816704,0.5247644091023062,0.9059121659080283,0.0,0.0
0.004446792581660129,0.526905121612347,0.9062238726827239,0.0,0.0
0.004211799356279133,0.5290832513384494,0.906533406473941,0.0,0.0
0.00397579531927011,0.5312962602515501,0.9070417302076467,0.0,0.0
0.003738837110469086,0.5335416033718976,0.9073442879512104,0.0,0.0
0.0035009815987087404,0.5358167325264168,0.9076447439286824,0.0,0.0
0.00326228586817012,0.5381190999331146,0.907943131228698,0.0,0.0
0.003022807204682804,0.5404461616110371,0.908406712345388,0.0,0.0
0.002782603081976439,0.5427953806154778,0.9086989253032953,0.0,0.0
0.0025417311478874893,0.5451642300992456,0.9089891410776618,0.0,0.0
0.0023002492105238977,0.5475501962017489,0.9094096596394116,0.0,0.0
0.0020582152243914455,0.5499507807685553,0.9096945455195807,0.0,0.0
0.0018156872764850318,0.5523635039048086,0.9099774483831022,0.0,0.0
0.0015727235723479577,0.5547859063665702,0.9102585137400839,0.0,0.0
0.0013293824221029234,0.557215551794682,0.9092885599773997,0.0,0.0
0.0010857222264579356,0.559650028796235,0.9095701103823034,0.0,0.0
0.0008418014626903143,0.5620869528790801,0.9098500169587413,0.0,0.0
0.0005976786706124973,0.564523968245124,0.9101280971113571,0.0,0.0
0.0003534124385227581,0.5669587494483881,0.9104042985107128,0.0,0.0
0.00010906138914427733,0.5693890029239216,0.9106785284077601,0.0,0.0
-0.00013531583444404438,0.5718124683938,0.9109510035756805,0.0,0.0
-0.0003796605828815888,0.5742269201564413,0.9112217635372264,0.0,0.0
-0.0006239142146016421,0.5766301682654824,0.9114908356319974,0.0,0.0
-0.0008680181099050467,0.5790200596044,0.9117580107958397,0.0,0.0
-0.0011119136850287123,0.5813944788629667,0.9120233818300176,0.0,0.0
-0.0013555424062052818,0.5837513494215256,0.9122871847044887,0.0,0.0
-0.0015988458037111903,0.5860886341489069,0.9125495436771575,0.0,0.0
-0.001841765485898943,0.588404336119647,0.9128103891440997,0.0,0.0
-0.002084243153210849,0.590696499255989,0.9130697024093588,0.0,0.0
-0.0023262206121707012,0.5929632088999433,0.9123822544132293,0.0,0.0
-0.0025676397893499023,0.5952025923204691,0.9123199684563392,0.0,0.0
-0.0028084427453047827,0.5974128191606233,0.9121859661480199,0.0,0.0
-0.003048571688481794,0.599592101829315,0.9124450631957675,0.0,0.0
-0.0032879689890872527,0.6017386958420634,0.9127028522897328,0.0,0.0
-0.003526577192918182,0.6038509001149249,0.912959222130045,0.0,0.0
-0.003764339035150994,0.6059270572155656,0.9132142803699286,0.0,0.0
-0.004001197454084883,0.6079655535752021,0.9134681062116624,0.0,0.0
-0.004237095604836258,0.609964819664921,0.9137205146323911,0.0,0.0
-0.004471976872981297,0.6119233301397105,0.9139714533105097,0.0,0.0
-0.004705784888143136,0.6138396039532767,0.9134372252355871,0.0,0.0
-0.004938463537520447,0.6157122044465769,0.9136901394150996,0.0,0.0
-0.005169956979354265,0.61753973941277,0.9139418606342712,0.0,0.0
-0.005400209656329788,0.6193208611411226,0.9141925071284186,0.0,0.0
-0.005629166308909785,0.6210542664422337,0.914443540428074,0.0,0.0
-0.005856771988596712,0.6227386966567645,0.9146933298231609,0.0,0.0
-0.006082972071119923,0.6243729376497046,0.9149418135646056,0.0,0.0
-0.006307712269545466,0.6259558197920801,0.9144848825274934,0.0,0.0
-0.006530938647304504,0.6274862179318202,0.9140785427698521,0.0,0.0
-0.0067525976311379275,0.6289630513554079,0.9143313208397651,0.0,0.0
-0.006972636023953574,0.6303852837418037,0.9145828422420025,0.0,0.0
-0.0071910010175934075,0.6317519231099887,0.9142218839386346,0.0,0.0
-0.007407640205507196,0.6330620217614066,0.9139002696095613,0.0,0.0
-0.007622501595329703,0.6343146762184374,0.9141550257073795,0.0,0.0
-0.007835533621358762,0.6355090271599698,0.9144084922179786,0.0,0.0
-0.008046685156930727,0.6366442593550296,0.914660617306377,0.0,0.0
-0.008255905526690609,0.6377196015953459,0.9149113635604895,0.0,0.0
-0.008463144518753985,0.6387343266276639,0.9151607624340725,0.0,0.0
-0.008668352396757542,0.6396877510865201,0.915408800294749,0.0,0.0
-0.00887147991179558,0.6405792354281505,0.9156558208480642,0.0,0.0
-0.009072478314239558,0.6414081838661321,0.9159016045712784,0.0,0.0
-0.009271299365437741,0.6421740443092833,0.9161463087811963,0.0,0.0
-0.009467895349292167,0.6428763083023227,0.9166535064394993,0.0,0.0
-0.00966221908371045,0.6435145109697163,0.9168945053935201,0.0,0.0
-0.00985422393192911,0.6440882309630988,0.9171340432894359,0.0,0.0
-0.010043863813706248,0.6445970904126065,0.9173723351746875,0.0,0.0
-0.010231093216380516,0.6450407548824416,0.9176093936173507,0.0,0.0
-0.01041586720579404,0.6454189333309189,0.9178452753987013,0.0,0.0
-0.01059814143707631,0.6457313780752266,0.9177337205115451,0.0,0.0
-0.010777872165286759,0.6459778847610924,0.9179701595362663,0.0,0.0
-0.01095501625591334,0.6461582923375344,0.9182058080100888,0.0,0.0
-0.011129531195224663,0.6462724830368013,0.918440378908589,0.0,0.0
-0.011301375100472981,0.6463203823596331,0.9186739362662013,0.0,0.0
-0.011470506729945932,0.6463019590658916,0.9189066004845517,0.0,0.0
-0.011636885492864263,0.646217225170634,0.9191384207967909,0.0,0.0
-0.011800471459123604,0.6460662359456202,0.9190499849509298,0.0,0.0
-0.01196122536887724,0.64584908992627,0.9195583102506072,0.0,0.0
-0.012119108641958502,0.645565928924024,0.9197866325889016,0.0,0.0
-0.012274083387139693,0.6452169380440452,0.9196422888624208,0.0,0.0
-0.01242611241122589,0.6448023457081823,0.9198703719734495,0.0,0.0
-0.012575159227981093,0.6443224236830559,0.9200973691128168,0.0,0.0
-0.012721188066884773,0.6437774871131465,0.9205926527902617,0.0,0.0
-0.012864163881716474,0.6431678945586699,0.9208162256274223,0.0,0.0
-0.013004052358966983,0.6424940480380593,0.9210390310719966,0.0,0.0
-0.01314081992607331,0.6417563930747858,0.921509172287113,0.0,0.0
-0.013274433759475778,0.640955418748232,0.9217296059543276,0.0,0.0
-0.013404861792495773,0.6400916577483053,0.9219491819077128,0.0,0.0
-0.013532072723031448,0.639165686433419,0.9223943315450117,0.0,0.0
-0.013656036021070142,0.6381781248914121,0.9228059376739509,0.0,0.0
-0.013776721936015346,0.6371296370029725,0.9230224266069244,0.0,0.0
-0.013894101503826794,0.6360209305070309,0.9232380005703661,0.0,0.0
-0.014008146553971652,0.6348527570675534,0.9236286004698189,0.0,0.0
-0.014118829716185324,0.6336259123411148,0.9238431325543498,0.0,0.0
-0.014226124427040174,0.6323412360445393,0.9238098645042441,0.0,0.0
-0.014330004936320674,0.6309996120218408,0.9240240309919371,0.0,0.0
-0.014430446313203171,0.6296019683096387,0.9242374228307736,0.0,0.0
-0.014527424452239418,0.6281492772000912,0.9244499553164263,0.0,0.0
-0.014620916079141528,0.6266425553003562,0.924661971777606,0.0,0.0
-0.014710898756367835,0.6250828635874642,0.9250433107078737,0.0,0.0
-0.014797350888507768,0.6234713074573907,0.9252541068893927,0.0,0.0
-0.01488025172746451,0.6218090367670167,0.9254644257021751,0.0,0.0
-0.014959581377434718,0.6200972458675514,0.925674198214307,0.0,0.0
-0.015035320799683227,0.618337173627845,0.9258834473917323,0.0,0.0
-0.015107451817112202,0.6165301034459335,0.9259097267877133,0.0,0.0
-0.015175957118623736,0.6146773632469764,0.9258600851169909,0.0,0.0
-0.015240820263274264,0.6127803254656218,0.926068324472213,0.0,0.0
-0.015302025684220469,0.6108404070106923,0.9263053322890578,0.0,0.0
-0.015359558692455096,0.6088590692098815,0.9262493125940919,0.0,0.0
-0.015413405480332407,0.6068378177320329,0.9264556344384273,0.0,0.0
-0.015463553124881698,0.6047782024843473,0.9266610591962479,0.0,0.0
-0.01550998959090904,0.6026818174817117,0.9268657347570236,0.0,0.0
-0.015552703733885462,0.6005503006851238,0.927069663238766,0.0,0.0
-0.015591685302621746,0.5983853338060059,0.927272878404051,0.0,0.0
-0.01562692494172845,0.5961886420729713,0.9274755204561481,0.0,0.0
-0.01565841419386138,0.5939619939574226,0.9276774154612756,0.0,0.0
-0.01568614550175119,0.5917072008541062,0.9280942329382563,0.0,0.0
-0.015710112210017026,0.5894261167125563,0.9284732177607865,0.0,0.0
-0.0157303085667641,0.5871206376151238,0.9286752394667378,0.0,0.0
-0.015746729724963576,0.5847927012970612,0.9288767112558979,0.0,0.0
-0.015759371743616385,0.5824442866039105,0.9290774245108975,0.0,0.0
-0.015768231588698757,0.5800774128812273,0.9292774776576863,0.0,0.0
-0.01577330713389036,0.5776941392914601,0.9294766790347093,0.0,0.0
-0.015774597161084723,0.5752965640525803,0.9300664748627023,0.0,0.0
-0.015772101360681554,0.572886823592909,0.9302621098872645,0.0,0.0
-0.01576582033166093,0.5704670916163556,0.9304572840808161,0.0,0.0
-0.015755755581439667,0.5680395780721728,0.9306518363077901,0.0,0.0
-0.015741909525509513,0.5656065280231782,0.9308455952119747,0.0,0.0
-0.01572428548685742,0.56317022040629,0.9314683082111569,0.0,0.0
-0.015702887695168078,0.5607329666791584,0.931657315239803,0.0,0.0
-0.015677721285808802,0.5582971093466554,0.9316169883120343,0.0,0.0
-0.015648792298596944,0.5558650203609756,0.9321789650279534,0.0,0.0
-0.015616107676350705,0.5534390993891921,0.9323642664215697,0.0,0.0
-0.015579675263222426,0.5510217719422354,0.9325489371764358,0.0,0.0
-0.015539503802816412,0.5486154873594309,0.9327330662065174,0.0,0.0
-0.015495602936090348,0.5462227166430179,0.9326392865594,0.0,0.0
-0.015447983199041478,0.5438459501374008,0.9330493960540988,0.0,0.0
-0.015396656020178156,0.5414876950483026,0.9335804418886683,0.0,0.0
-0.015341633717776887,0.5391504727975063,0.9337623498850908,0.0,0.0
-0.015282929496926143,0.5368368162094933,0.9341359042730956,0.0,0.0
-0.015220557446357164,0.5345492665269727,0.9343179292790337,0.0,0.0
-0.015154532535062682,0.5322903702531426,0.9344992598005297,0.0,0.0
-0.015084870608704438,0.5300626758194333,0.9346798679091759,0.0,0.0
-0.015011588385810423,0.5278687300785223,0.9353148086090236,0.0,0.0
-0.014934703453762303,0.5257110746235766,0.9354899816089278,0.0,0.0
-0.014854234264574735,0.5235922419359265,0.9359702569562031,0.0,0.0
-0.01477020013046686,0.5215147513647618,0.936141496500491,0.0,0.0
-0.014682621219227502,0.5194811049438998,0.9363118223640156,0.0,0.0
-0.014591518549374946,0.5174937830522813,0.9366154825619376,0.0,0.0
-0.014496913985112662,0.5155552399264719,0.9367835293909503,0.0,0.0
-0.01439883023108189,0.5136678990352217,0.9369507997853992,0.0,0.0
-0.014297290826912905,0.5118341483279029,0.9371174298915723,0.0,0.0
-0.01419232014157517,0.5100563353705106,0.9372833438072714,0.0,0.0
-0.014083943367529345,0.5083367623847497,0.9374485334099013,0.0,0.0
-0.013972186514680952,0.5066776812076033,0.9378097278177506,0.0,0.0
-0.013857076404138266,0.5050812881906066,0.9379746300718288,0.0,0.0
-0.013738640661775237,0.5035497190598252,0.9381388640169319,0.0,0.0
-0.013616907711601473,0.5020850437592284,0.9383025217792591,0.0,0.0
-0.013491906768940765,0.5006892613017165,0.9384655975799224,0.0,0.0
-0.013363667833419262,0.4993642946534994,0.938628198306153,0.0,0.0
-0.013232221681765917,0.49811198567875675,0.9387902366367827,0.0,0.0
-0.013097599860426213,0.49693409017255435,0.9389515534678236,0.0,0.0
-0.012959834677990988,0.49583227301077926,0.9391121328302665,0.0,0.0
-0.012818959197442786,0.49480810344637455,0.9392719453708365,0.0,0.0
-0.012675007228220696,0.4938630505813993,0.93943110439942,0.0,0.0
-0.012528013318106315,0.4929984790443373,0.9394080836779876,0.0,0.0
-0.012378012744932509,0.4922156449016615,0.9395682988125736,0.0,0.0
-0.012225041508116768,0.4915156918319116,0.9397281657338983,0.0,0.0
-0.01206913632002165,0.4908996475894256,0.9398873059549916,0.0,0.0
-0.011910334597143947,0.4903684207833904,0.9438997507999849,0.0,0.0
-0.01174867445113484,0.48992279799613225,0.9462346702752136,0.0,0.0
-0.011584194679653366,0.48956344126237783,0.9463254753014747,0.0,0.0
-0.0114169347570552,0.48929088592886133,0.94646575991215,0.0,0.0
-0.011246934824918823,0.4891055389109001,0.9466048562401761,0.0,0.0
-0.011074235682411981,0.4890076773596688,0.9467428713605648,0.0,0.0
-0.010898878776499818,0.48899744775071696,0.9468801128104684,0.0,0.0
-0.010720906191998043,0.4890748654010245,0.9496717036819025,0.0,0.0
-0.010540360641472634,0.48923981441845227,0.949720039078156,0.0,0.0
-0.010357285454989068,0.489492048083989,0.9497132865663985,0.0,0.0
-0.010171724569713292,0.4898311896637437,0.9498405013346218,0.0,0.0
-0.00998372251936705,0.49025673364418926,0.9499669987929008,0.0,0.0
-0.009793324423539987,0.4907680473808441,0.9500925580313834,0.0,0.0
-0.009600575976861113,0.49136437314740505,0.9504194049758765,0.0,0.0
-0.009405523438032512,0.4920448305693517,0.9505434359001286,0.0,0.0
-0.009208213618727085,0.4928084194232783,0.9506667381638227,0.0,0.0
-0.00900869387235439,0.49365402278072523,0.9507892617767256,0.0,0.0
-0.008807012082695876,0.49458041047309814,0.9530590039240753,0.0,0.0
-0.008603216652412858,0.495586242852368,0.953172909061207,0.0,0.0
-0.008397356491430412,0.4966700748207313,0.9532861830920577,0.0,0.0
-0.00818948100519898,0.49783036010119935,0.9533987027403482,0.0,0.0
-0.007979640082837417,0.4990654557202635,0.953510453098154,0.0,0.0
-0.007767884085159818,0.5003736266732642,0.9554422597199639,0.0,0.0
-0.007554263832589149,0.501753050742943,0.9555472741350364,0.0,0.0
-0.007338830592960656,0.5032018234418176,0.9556514960127032,0.0,0.0
-0.007121636069217645,0.5047179630494555,0.9573538775212741,0.0,0.0
-0.006902732387003314,0.5062994157164793,0.957452890631464,0.0,0.0
-0.006682172082150567,0.507944060608101,0.9575510282462,0.0,0.0
-0.006460008088073856,0.5096497150611917,0.9575468125606963,0.0,0.0
-0.00623629372306533,0.511414139730263,0.9577914413481812,0.0,0.0
-0.006011082677498712,0.5132350436993135,0.9578895269909011,0.0,0.0
-0.005784429000943918,0.5151100895381117,0.9579868328672708,0.0,0.0
-0.005556387089195278,0.5170368982832964,0.9580833588890995,0.0,0.0
-0.0053270116712170025,0.51901305432645,0.9581792318461428,0.0,0.0
-0.005096357796008383,0.5210361101931951,0.9582743026192676,0.0,0.0
-0.004864480819392236,0.5231035911991944,0.958468567549499,0.0,0.0
-0.004631436390729929,0.525212999970806,0.9585623458450007,0.0,0.0
-0.004397280439565679,0.5273618208199352,0.9586556753005605,0.0,0.0
-0.00416206916220376,0.52954752396439,0.9587481665066985,0.0,0.0
-0.003925859008221703,0.5317675695867189,0.9588400383411773,0.0,0.0
-0.0036887066669225774,0.5340194117261149,0.9589312371619196,0.0,0.0
-0.003450669053729955,0.5363005019994636,0.9590217871053602,0.0,0.0
-0.003211803296528366,0.5386082931490103,0.9591117370930262,0.0,0.0
-0.0029721667219528903,0.5409402424154214,0.9592010399337219,0.0,0.0
-0.002731816841631189,0.5432938147361773,0.9592897086441845,0.0,0.0
-0.0024908113383807777,0.5456664857703177,0.9607601787524646,0.0,0.0
-0.002249208052365578,0.5480557447515042,0.9608446880314707,0.0,0.0
-0.002007064967214473,0.5504590971721988,0.9609286608459889,0.0,0.0
-0.001764440196105607,0.5528740673025208,0.9610120955549035,0.0,0.0
-0.001521391967819362,0.5552982005479447,0.9610951051696173,0.0,0.0
-0.0012779786127638535,0.5577290656505667,0.961177447784713,0.0,0.0
-0.0010342585489758972,0.5601642567390854,0.9612592174331929,0.0,0.0
-0.0007902902681008491,0.5626013952330217,0.9614027162550596,0.0,0.0
-0.0005461323213550444,0.5650381316069731,0.9614974628366814,0.0,0.0
-0.00030184330547370557,0.5674721470208933,0.9615772381319703,0.0,0.0
-5.748184864801636e-05,0.5699011548225483,0.9616564157743221,0.0,0.0
0.00018689340354538836,0.5723229019283682,0.9617347800419775,0.0,0.0
0.0004312238022190155,0.5747351700889308,0.9618126546948684,0.0,0.0
0.0006754507092500182,0.5771357770453199,0.9618902042978877,0.0,0.0
0.000919515511353038,0.5795225775825318,0.9631877352961687,0.0,0.0
0.001163359634147157,0.5818934644859709,0.9632620546730448,0.0,0.0
0.0014069245562133724,0.5842463694070262,0.9633359967319818,0.0,0.0
0.0016501518231395679,0.5865792636434818,0.9633844465613991,0.0,0.0
0.0018929830615491876,0.5888901588404178,0.9634572361706129,0.0,0.0
0.002135359993110683,0.5911771076170136,0.9635296504109574,0.0,0.0
0.002377224448523925,0.5934382041244987,0.9636015512018968,0.0,0.0
0.002618518381480604,0.5956715845402686,0.9636729441233512,0.0,0.0
0.002859183882595084,0.5978754275029634,0.9637439386202007,0.0,0.0
0.00309916319330232,0.6000479544931033,0.9638145980532966,0.0,0.0
0.0033383987197196886,0.6021874301636132,0.9637196672202835,0.0,0.0
0.003576833046469247,0.6042921626243921,0.963791701914191,0.0,0.0
0.0038144089504570755,0.6063605036848178,0.9638632372929584,0.0,0.0
0.004051069414606659,0.6083908490578832,0.9639343788662147,0.0,0.0
0.004286757641542603,0.6103816385294362,0.9640051417836856,0.0,0.0
0.004521417067221771,0.6123313560957869,0.9640754450323711,0.0,0.0
0.004754991374508453,0.6142385300727482,0.9641453628617804,0.0,0.0
0.004987424506690066,0.6161017331789662,0.965164724824327,0.0,0.0
0.005218660680930637,0.6179195825962264,0.9652330595433525,0.0,0.0
0.005448644401658304,0.6196907400092273,0.9653009971238976,0.0,0.0
0.005677320473884068,0.6214139116271425,0.9653191418115274,0.0,0.0
0.0059046340164482765,0.6230878481891347,0.965296478416187,0.0,0.0
0.006130530475191875,0.6247113449558249,0.9653633720259054,0.0,0.0
0.006354955636049125,0.6262832416885633,0.9654299289252276,0.0,0.0
0.00657785563805867,0.6278024226182256,0.9654961309403823,0.0,0.0
0.006799176986290019,0.6292678164051132,0.9655620683406553,0.0,0.0
0.007018866564681957,0.6306783960914183,0.9656276126046955,0.0,0.0
0.007236871648790231,0.6320331790475908,0.9656928574271081,0.0,0.0
0.007453139918441151,0.6333312269138522,0.965653339859719,0.0,0.0
0.0076676194702880954,0.6345716455379666,0.9657182183869836,0.0,0.0
0.007880258830268166,0.6357535849103315,0.9657829106787339,0.0,0.0
0.0080910069659557,0.6368762390973075,0.9657118674353126,0.0,0.0
0.008299813298809734,0.6379388461736668,0.9657765749378283,0.0,0.0
0.008506627716312738,0.63894068815495,0.9658409699301694,0.0,0.0
0.008711400583997211,0.6398810909304209,0.9659051395077808,0.0,0.0
0.008914082757357894,0.6407594241972994,0.965969015233386,0.0,0.0
0.009114625593646048,0.6415751013968276,0.9660325044558487,0.0,0.0
0.009312980963543693,0.6423275796527261,0.9660956436457064,0.0,0.0
0.009509101262714143,0.6430163597124812,0.9661585408627639,0.0,0.0
0.009702939423226968,0.6436409858919208,0.9662211536770247,0.0,0.0
0.00989444892485419,0.6442010460234278,0.9662835128824682,0.0,0.0
0.010083583806234649,0.6446961714081532,0.9663456720521222,0.0,0.0
0.010270298675904727,0.6451260367724966,0.966407620226117,0.0,0.0
0.01045454872319194,0.6454903602291328,0.9664693253550755,0.0,0.0
0.010636289728969421,0.6457889032427918,0.9665307842799643,0.0,0.0
0.010815478076268108,0.6460214706009901,0.9665920087714808,0.0,0.0
0.010992070760744845,0.646187910389859,0.9666530331453522,0.0,0.0
0.011166025401003034,0.6462881139752084,0.9663708595481114,0.0,0.0
0.011337300248763988,0.6463220159889088,0.9664338991787148,0.0,0.0
0.011505854198886424,0.6462895943206726,0.9664966828778468,0.0,0.0
0.011671646799231446,0.6461908701152723,0.9664603340762066,0.0,0.0
0.01183463826037071,0.6460259077751979,0.9673959485064434,0.0,0.0
0.01199478946513603,0.6457948149687607,0.9669871185360317,0.0,0.0
0.012152061978006964,0.6454977426435864,0.967759215118739,0.0,0.0
0.012306418054335388,0.6451348850454356,0.9685146707726169,0.0,0.0
0.012457820649403905,0.6447064797422597,0.9679635977502037,0.0,0.0
0.012606233427316456,0.6442128076533581,0.9673170178780749,0.0,0.0
0.012751620769718778,0.6436541930834884,0.9678049010973429,0.0,0.0
0.012893947784346571,0.6430310037617362,0.9678771650590595,0.0,0.0
0.013033180313399492,0.6423436508849364,0.9679492898207169,0.0,0.0
0.013169284941738984,0.6415925891653663,0.967991595023173,0.0,0.0
0.01330222900490748,0.6407783168824499,0.9680635644543699,0.0,0.0
0.01343198059696805,0.6399013759381027,0.9685713717096637,0.0,0.0
0.013558508578161392,0.6389623519153713,0.9686444915671479,0.0,0.0
0.013681782582379426,0.637961874139929,0.9687174223476678,0.0,0.0
0.013801773024452839,0.6369006157439493,0.968790168333851,0.0,0.0
0.013918451107251498,0.6357792937318519,0.9688583814352304,0.0,0.0
0.014031788828595656,0.6345986690473144,0.9689308463155559,0.0,0.0
0.014141758987976176,0.6333595466409149,0.9690029863534925,0.0,0.0
0.014248335193082771,0.6320627755376943,0.9690748366881009,0.0,0.0
0.014351491866137708,0.6307092489038537,0.9691463506523516,0.0,0.0
0.014451204250034698,0.6292999041117161,0.9696713826667093,0.0,0.0
0.014547448414280179,0.6278357228020197,0.9697436461614002,0.0,0.0
0.014640201260736774,0.6263177309425078,0.969815840224396,0.0,0.0
0.014729440529166572,0.6247469988816754,0.969887853098346,0.0,0.0
0.014815144802573505,0.6231246413964602,0.9699596923747776,0.0,0.0
0.014897293512343295,0.6214518177325208,0.969209448548127,0.0,0.0
0.014975866943179995,0.6197297316356584,0.969285083812022,0.0,0.0
0.015050846237837376,0.6179596313727937,0.9693604000864373,0.0,0.0
0.015122213401644581,0.6161428097407948,0.9685326746532754,0.0,0.0
0.015189951306824918,0.6142806040612921,0.9686124070923697,0.0,0.0
0.015254043696606302,0.6123743961595037,0.9686920172568179,0.0,0.0
0.015314475189122791,0.6104256123248893,0.968771554433691,0.0,0.0
0.015371231281106318,0.6084357232513288,0.968850943685725,0.0,0.0
0.015424298351367247,0.6064062439543355,0.9679632716243936,0.0,0.0
0.01547366366406345,0.6043387336626189,0.968047003229239,0.0,0.0
0.015519315371756767,0.6022347956811505,0.9681305507260277,0.0,0.0
0.015561242518256588,0.6000960772226599,0.968213961632268,0.0,0.0
0.015599435041248945,0.5979242692043187,0.9682971991763214,0.0,0.0
0.015633883774711685,0.5957211060061314,0.9683802218353713,0.0,0.0
0.015664580451114136,0.5934883651873455,0.9687360398701267,0.0,0.0
0.015691517703401284,0.5912278671569958,0.9688201076417414,0.0,0.0
0.015714689066761975,0.5889414747944368,0.9689041446122437,0.0,0.0
0.01573408898018013,0.5866310930155266,0.9691518918279138,0.0,0.0
0.01574971278776963,0.584298668279881,0.969547247530027,0.0,0.0
0.015761556739891762,0.5819461880344015,0.9696310935568907,0.0,0.0
0.01576961799405484,0.5795756800880655,0.9697148626349842,0.0,0.0
0.015773894615596504,0.5771892119127375,0.9697985629672756,0.0,0.0
0.015774385578148132,0.5747888898645923,0.9698820698315703,0.0,0.0
0.015771090763881095,0.57237685832051,0.9699655219037738,0.0,0.0
0.01576401096353502,0.5699552987236597,0.9700489843804949,0.0,0.0
0.015753147876227915,0.5675264285323364,0.9703267912219105,0.0,0.0
0.015738504109048687,0.5650925000659605,0.9704112262351946,0.0,0.0
0.015720083176431157,0.5626557992420997,0.9704955622313612,0.0,0.0
0.015697889499310703,0.5602186441982568,0.9696655665035733,0.0,0.0
0.015671928404063236,0.5577833837922035,0.9687649704455444,0.0,0.0
0.015642206121227135,0.5553523959746144,0.9677945141167177,0.0,0.0
0.015608729784007513,0.5529280860278722,0.9678938176828896,0.0,0.0
0.015571507426564626,0.5505128846650383,0.9680459782206458,0.0,0.0
0.01553054798208561,0.5481092459831814,0.9681472327562264,0.0,0.0
0.015485861280640504,0.5457196452655516,0.9682483296765013,0.0,0.0
0.015437458046823145,0.5433465766274227,0.9683492819717507,0.0,0.0
0.015385349897177342,0.5409925505008837,0.9685094243156444,0.0,0.0
0.015329549337408876,0.5386600909543899,0.9686120727895912,0.0,0.0
0.015270069759384186,0.5363517328435039,0.9687707119403879,0.0,0.0
0.015206925437916555,0.5340700187900087,0.9689185668764496,0.0,0.0
0.01514013152733996,0.5318174959874041,0.9690238797893888,0.0,0.0
0.0150697040578724,0.529596712831746,0.9691573570866459,0.0,0.0
0.014995659931768417,0.5274102153778722,0.969264020707707,0.0,0.0
0.014918016919262863,0.5252605436221982,0.9693704956750591,0.0,0.0
0.014836793654306025,0.5231502276145924,0.9694766379540909,0.0,0.0
0.014752009630091672,0.521081783403207,0.9702349988973412,0.0,0.0
0.01466368519437858,0.5190577088176623,0.9703367318970336,0.0,0.0
0.01457184154460733,0.5170804790975516,0.9695053777232544,0.0,0.0
0.014476500722813049,0.5151525423749336,0.9696121811578802,0.0,0.0
0.014377685610335304,0.5132763150212264,0.9697187437485106,0.0,0.0
0.01427541992232674,0.5114541768707139,0.9698250136963721,0.0,0.0
0.014169728202061605,0.5096884663347343,0.9697049543558205,0.0,0.0
0.01406063581504536,0.5079814754224703,0.9698131978220756,0.0,0.0
0.013948168942927316,0.506335444686136,0.9699211811788819,0.0,0.0
0.013832354577216887,0.5047525581101461,0.9700290488052701,0.0,0.0
0.013713220512805905,0.5032349379656466,0.9701366490672467,0.0,0.0
0.013590795341297965,0.5017846396534321,0.9702439975661054,0.0,0.0
0.013465108444146558,0.5004036465598306,0.9710727219950936,0.0,0.0
0.013336189985603673,0.49909386495152236,0.9718344128390605,0.0,0.0
0.013204070905480534,0.49785711893647133,0.9725481584661653,0.0,0.0
0.013068782911722223,0.49669514551912075,0.9731951611865993,0.0,0.0
0.012930358472797781,0.49560958977875946,0.9732849510054283,0.0,0.0
0.012788830809908055,0.49460200020040623,0.9738900648264188,0.0,0.0
0.012644233889012873,0.4936738241877483,0.9739761683423303,0.0,0.0
0.012496602412679088,0.4928264037875018,0.9740620018456461,0.0,0.0
0.012345971811752338,0.4920609716540606,0.9741475173715917,0.0,0.0
0.012192378236853894,0.4913786472824984,0.9742327745959891,0.0,0.0
0.012035858549704388,0.4907804335367639,0.9743177210176698,0.0,0.0
0.011876450314277351,0.4902672134984188,0.9744024065373302,0.0,0.0
0.01171419178778421,0.48983974765937416,0.9743446470638697,0.0,0.0
0.011549121911492382,0.4894986714799114,0.9742911265564941,0.0,0.0
0.011381280301379856,0.4892444933307832,0.9743777388297256,0.0,0.0
0.01121070723862734,0.4890775928354345,0.9744639466036065,0.0,0.0
0.011037443659951117,0.48899821962541734,0.9739311681855825,0.0,0.0
0.01086153114777842,0.48900649251886397,0.9740207864257099,0.0,0.0
0.010683011920267714,0.4891023991286033,0.9741101266649118,0.0,0.0
0.010501928821176669,0.48928579590303783,0.9741992193139131,0.0,0.0
0.010318325309579887,0.489556408599473,0.974287896763809,0.0,0.0
0.010132245449438757,0.4899138331860912,0.9743762253069914,0.0,0.0
0.009943733899026549,0.49035753716538666,0.9744642899851774,0.0,0.0
0.009752835900210404,0.4908868613085569,0.9744128321854546,0.0,0.0
0.009559597267593754,0.4915010217872076,0.975099985106501,0.0,0.0
0.009364064377520818,0.4921991126857993,0.9757186795299808,0.0,0.0
0.009166284156946617,0.4929801088755352,0.9757987210873982,0.0,0.0
0.00896630407217471,0.493842869227986,0.9758784557953916,0.0,0.0
0.008764172117465501,0.4947861401445966,0.9759579679287756,0.0,0.0
0.00855993680351785,0.49580855937643536,0.976037169053025,0.0,0.0
0.008353647145826733,0.49690866010707224,0.9759493296993396,0.0,0.0
0.008145352652919761,0.4980848752703573,0.9760295091217949,0.0,0.0
0.007935103314475405,0.49933554207409897,0.9761092261713448,0.0,0.0
0.007722949589325607,0.5006589067002298,0.9761885550276725,0.0,0.0
0.00750894239334607,0.5020531291519189,0.9762674582836692,0.0,0.0
0.007293133087236526,0.5035162882183694,0.9763460237758125,0.0,0.0
0.007075573464194515,0.505046386528491,0.9764241847933148,0.0,0.0
0.006856315737485287,0.5066413556654763,0.9765020105757454,0.0,0.0
0.006635412527910713,0.5082990613153128,0.9765794148515167,0.0,0.0
0.006412916851180756,0.5100173084235099,0.9763294080250223,0.0,0.0
0.006188882105189774,0.511793846335745,0.9764079840876791,0.0,0.0
0.005963362057201419,0.513626373899703,0.9770385361718797,0.0,0.0
0.0057364108309446386,0.5155125445070698,0.9771121775997137,0.0,0.0
0.005508082893624381,0.5174499710564151,0.9771855080272666,0.0,0.0
0.005278433042849537,0.5194362308195334,0.9772584543601236,0.0,0.0
0.005047516393481931,0.5214688701956719,0.9773309686766458,0.0,0.0
0.004815388364408998,0.5235454093399237,0.9779077523502137,0.0,0.0
0.004582104665243451,0.525663346653915,0.9779757993361333,0.0,0.0
0.004347721282953255,0.5278201631287185,0.9780434457725058,0.0,0.0
0.004112294468425104,0.5300133265316449,0.9781106375069631,0.0,0.0
0.003875880722964369,0.5322402954302474,0.9781774320423322,0.0,0.0
0.0036385367847351496,0.5344985230484421,0.9782438451151555,0.0,0.0
0.0034003196151433045,0.5367854609511241,0.9783098254989,0.0,0.0
0.003161286385166065,0.5390985625550436,0.9781198559998806,0.0,0.0
0.0029214944616312026,0.5414352864649676,0.9786595749040375,0.0,0.0
0.0026810013934493375,0.5437930996353059,0.9787226330949317,0.0,0.0
0.002439864897802407,0.5461694803584211,0.9787853835474895,0.0,0.0
0.0021981428462918796,0.54856192108179,0.9786217723570304,0.0,0.0
0.0019558932510497836,0.5509679310569682,0.978685573041385,0.0,0.0
0.0017131742508161585,0.5533850388240668,0.9787490248008205,0.0,0.0
0.0014700440969859334,0.55581079453602,0.9788121341778044,0.0,0.0
0.0012265611396289784,0.5582427721274802,0.9788747672671911,0.0,0.0
0.0009827838134862947,0.5606785713335634,0.9793701722561183,0.0,0.0
0.0007387706239459739,0.563115819564039,0.9798102652039326,0.0,0.0
0.0004945801330021801,0.5655521736387966,0.9798656234441095,0.0,0.0
0.00025027094520060916,0.5679853213906357,0.9799206597832403,0.0,0.0
5.9016935735778375e-06,0.5704129831415325,0.9799753225888664,0.0,0.0
-0.00023846897443153815,0.572832913058623,0.9803608068448206,0.0,0.0
-0.0004827824110274462,0.575242900396137,0.9806913455819557,0.0,0.0
-0.0007269799821621059,0.5776407706295162,0.9807404942914835,0.0,0.0
-0.0009710030815906297,0.5800243864878616,0.9807893009529353,0.0,0.0
-0.0012147931449405305,0.5823916488907531,0.9806887774090988,0.0,0.0
-0.0014582916637668486,0.5847404977953673,0.9805971612076824,0.0,0.0
-0.0017014401995938835,0.5870689129596514,0.9805146768182671,0.0,0.0
-0.0019441803979402263,0.5893749146271338,0.9805664726312137,0.0,0.0
-0.0021864540023234283,0.5916565641387661,0.9806180033415242,0.0,0.0
-0.0024282028682414435,0.5939119644769931,0.9806691545090546,0.0,0.0
-0.0026693689771268864,0.596139260747014,0.9807200599727462,0.0,0.0
-0.0029098944502712405,0.5983366405999938,0.9806486511620542,0.0,0.0
-0.0031497215627155437,0.6005023346027694,0.9807003942338767,0.0,0.0
-0.0033887927571040074,0.6026346165583393,0.9807517769247055,0.0,0.0
-0.003627050657497592,0.6047318037812344,0.9808028689547528,0.0,0.0
-0.0038644380831438442,0.6067922573316241,0.980853597393993,0.0,0.0
-0.004100898062200162,0.6088143822118083,0.9809041326398681,0.0,0.0
-0.004336373845406595,0.6107966275285129,0.9809543904188275,0.0,0.0
-0.00457080891970551,0.612737486624219,0.9810043184940651,0.0,0.0
-0.004804147021804434,0.6146354971805482,0.9810538782242219,0.0,0.0
-0.005036332151678883,0.6164892412965134,0.9811032271203531,0.0,0.0
-0.005267308586012253,0.6182973455442912,0.9811522072382989,0.0,0.0
-0.005497020891569025,0.6200584810049633,0.9811025658201952,0.0,0.0
-0.005725413938498555,0.6217713632865167,0.9811523273911453,0.0,0.0
-0.005952432913565854,0.6234347525262327,0.9814639981769084,0.0,0.0
-0.006178023333306686,0.6250474533794284,0.9817298931989761,0.0,0.0
-0.0064021310571031765,0.6266083149963856,0.9817751724380037,0.0,0.0
-0.0066247023001773965,0.628116230989134,0.9818202409560259,0.0,0.0
-0.0068456836464993445,0.6295701393896722,0.981865048590342,0.0,0.0
-0.0070650220616067065,0.6309690226010288,0.9819095759760523,0.0,0.0
-0.0072826649053326885,0.6323119073425155,0.9819537895784073,0.0,0.0
-0.007498559944439555,0.6335978645903516,0.9819977476460638,0.0,0.0
-0.007712655365154244,0.6348260095147948,0.9820415088408565,0.0,0.0
-0.007924899785603482,0.6359955014147745,0.9820850928705092,0.0,0.0
-0.008135242268145172,0.6371055436509754,0.9819631271994137,0.0,0.0
-0.008343632331593165,0.6381553835781992,0.9820075900048165,0.0,0.0
-0.008550019963332609,0.6391443124777896,0.9820518252111072,0.0,0.0
-0.00875435563132252,0.6400716654908082,0.9820958156672754,0.0,0.0
-0.008956590295983495,0.6409368215526041,0.9819838276682578,0.0,0.0
-0.009156675421966727,0.6417392033293485,0.9820286986813523,0.0,0.0
-0.009354562989802457,0.6424782771570414,0.9820733752031494,0.0,0.0
-0.009550205507424296,0.6431535529834673,0.9821177840540436,0.0,0.0
-0.009743556021567124,0.643764584313507,0.9820163078505288,0.0,0.0
-0.009934568129035669,0.6443109681581657,0.98192288988224,0.0,0.0
-0.010123195987841064,0.6447923449876678,0.9819692227125844,0.0,0.0
-0.010309394328202609,0.6452083986888699,0.9820153743096236,0.0,0.0
-0.010493118463412443,0.6455588565272861,0.9820613279355501,0.0,0.0
-0.010674324300560005,0.6458434891138826,0.9821071706124427,0.0,0.0
-0.010852968351114173,0.6460621103768849,0.9821527224630809,0.0,0.0
-0.011029007741360418,0.6462145775386959,0.9821980521336499,0.0,0.0
-0.011202400222690026,0.6463007910980784,0.9821150025290483,0.0,0.0
-0.01137310418173983,0.6463206948176686,0.9821613792125904,0.0,0.0
-0.011541078650379075,0.6462742757169064,0.9820853433612158,0.0,0.0
-0.011706283315541592,0.6461615640703952,0.9821327424910592,0.0,0.0
-0.011868678528900735,0.6459826334117179,0.9821800537079587,0.0,0.0
-0.012028225316384858,0.6457376005426775,0.9823985831215859,0.0,0.0
-0.01218488538753081,0.645426625547925,0.9825775978715842,0.0,0.0
-0.012338621144673528,0.6450499118148894,0.9827176415046663,0.0,0.0
-0.012489395691969225,0.6446077060589269,0.9828192348649831,0.0,0.0
-0.012637172844250305,0.6441002983535329,0.9828830254355755,0.0,0.0
-0.012781917135709621,0.6435280221654753,0.9829264797143121,0.0,0.0
-0.012923593828411989,0.6428912543946466,0.9829697990325829,0.0,0.0
-0.013062168920631246,0.6421904154184052,0.983013057568182,0.0,0.0
-0.013197609155010436,0.6414259691401444,0.9830561885724398,0.0,0.0
-0.01332988202654344,0.6405984230417913,0.9830991715092702,0.0,0.0
-0.013458955790376061,0.6397083282398861,0.9831420961626163,0.0,0.0
-0.013584799469424542,0.6387562795448506,0.9831848988885907,0.0,0.0
-0.013707382861809963,0.6377429155230369,0.983227615535533,0.0,0.0
-0.013826676548106612,0.6366689185610382,0.9832702253167096,0.0,0.0
-0.013942651898402417,0.635535014931751,0.9833128025983277,0.0,0.0
-0.014055281079169951,0.6343419748615751,0.9833552291522697,0.0,0.0
-0.014164537059946523,0.6330906125981097,0.9833974379036229,0.0,0.0
-0.014270393619821183,0.6317817864775866,0.983439493608627,0.0,0.0
-0.014372825353727702,0.6304163989912893,0.9834814332483574,0.0,0.0
-0.014471807678541613,0.6289953968500237,0.9835232333579267,0.0,0.0
-0.014567316838980127,0.6275197710457228,0.9835649722130013,0.0,0.0
-0.014659329913303173,0.6259905569091121,0.9835738397535597,0.0,0.0
-0.0147478248188146,0.6244088341622827,0.9836157971142484,0.0,0.0
-0.0148327803171619,0.6227757269649331,0.9836575597667183,0.0,0.0
-0.014914176019433257,0.6210924039529049,0.9836232456611417,0.0,0.0
-0.014991992391050857,0.6193600782675324,0.9836656040774224,0.0,0.0
-0.015066210756458982,0.6175800075742071,0.9835886678572869,0.0,0.0
-0.015136813303606299,0.6157534940684007,0.9836320408929556,0.0,0.0
-0.015203783088220311,0.613881884467287,0.9837159524075448,0.0,0.0
-0.015267104037874213,0.6119665699849033,0.9837594438469769,0.0,0.0
-0.015326760955844083,0.6100089862886912,0.9838028091613401,0.0,0.0
-0.01538273952475591,0.6080106134350396,0.9836622852122391,0.0,0.0
-0.015435026310021888,0.6059729757813098,0.9837065567964616,0.0,0.0
-0.015483608763064552,0.6038976418716326,0.9837506270210696,0.0,0.0
-0.015528475224328354,0.6017862242935654,0.9837944965641631,0.0,0.0
-0.015569614926077975,0.5996403795025275,0.9838382127968479,0.0,0.0
-0.015607017994982493,0.5974618076106917,0.9838817881036748,0.0,0.0
-0.015640675454484828,0.595252252136827,0.9839251901099291,0.0,0.0
-0.015670579226956357,0.5930134997133693,0.9839683691701042,0.0,0.0
-0.015696722135635225,0.5907473797467492,0.9840113874330226,0.0,0.0
-0.015719097906348838,0.5884557640268336,0.9838818685795927,0.0,0.0
-0.015737701169019545,0.5861405662810517,0.9839259430453926,0.0,0.0
-0.01575252745895369,0.5838037416686119,0.9839699309004492,0.0,0.0
-0.01576357321791286,0.5814472862099426,0.9838473712988391,0.0,0.0
-0.0157708357949679,0.5790732361463091,0.9838924485926522,0.0,0.0
-0.015774313447135164,0.5766836672243325,0.983937498632611,0.0,0.0
-0.01577400533979481,0.574280693899937,0.9839823116580997,0.0,0.0
-0.01576991154689124,0.5718664684560625,0.9838685173393725,0.0,0.0
-0.015762033050915027,0.5694431800283357,0.9839144921515018,0.0,0.0
-0.015750371742667347,0.5670130535327017,0.9839602583844635,0.0,0.0
-0.01573493042080623,0.5645783484889441,0.9840058001192863,0.0,0.0
-0.015715712791174823,0.5621413577339034,0.9840511511726014,0.0,0.0
-0.015692723465911936,0.5597044060181497,0.9840962846928462,0.0,0.0
-0.015665967962345366,0.5572698484798773,0.9841413494368906,0.0,0.0
-0.01563545270166744,0.5548400689898038,0.9841861636885397,0.0,0.0
-0.015601185007394368,0.5524174783609533,0.9842307994236427,0.0,0.0
-0.01556317310360819,0.5500045124173611,0.9842754171848818,0.0,0.0
-0.015521426112983364,0.5476036299159467,0.9843199993366194,0.0,0.0
-0.015475954054597252,0.5452173103161126,0.98436437854582,0.0,0.0
-0.015426767841525581,0.542848051391965,0.9844086876589558,0.0,0.0
-0.015373879278223423,0.5404983666825651,0.9844529121786826,0.0,0.0
-0.015317301057692074,0.5381707827761156,0.9844969492206059,0.0,0.0
-0.015257046758432856,0.5358678364246913,0.9845407639648591,0.0,0.0
-0.01519313084118838,0.5335920714868414,0.9845843852363497,0.0,0.0
-0.015125568645472019,0.5313460356962728,0.9846278184543866,0.0,0.0
-0.015054376385886343,0.5291322772557953,0.9844374075163179,0.0,0.0
-0.014979571148231955,0.5269533412567985,0.9844817663031571,0.0,0.0
-0.01490117088540687,0.5248117659257213,0.9845258832934841,0.0,0.0
-0.01481919441309775,0.5227100787002965,0.9844451618228893,0.0,0.0
-0.014733661405264515,0.5206507921397643,0.9844902270193298,0.0,0.0
-0.014644592389418395,0.5186363996747668,0.984535091433777,0.0,0.0
-0.01455200874169571,0.5166693712042648,0.9845798584728429,0.0,0.0
-0.014455932681727466,0.5147521485484752,0.9846244617332022,0.0,0.0
-0.014356387267306878,0.5128871407686487,0.9846688249436883,0.0,0.0
-0.014253396388855595,0.5110767193662655,0.9847129417404373,0.0,0.0
-0.014146984763690038,0.5093232133761241,0.9847568562282333,0.0,0.0
-0.014037177930089436,0.5076289043696326,0.9848005274807488,0.0,0.0
-0.013924002241166794,0.5059960213864757,0.9848440124142506,0.0,0.0
-0.013807484858544163,0.504426735814642,0.9846860395131898,0.0,0.0
-0.013687653745834097,0.5029231562405267,0.9847308982852874,0.0,0.0
-0.01356453766192842,0.5014873232924949,0.984775516942358,0.0,0.0
-0.01343816615409631,0.5001212045027742,0.9848198831583715,0.0,0.0
-0.013308569550892959,0.4988266892139304,0.9848640738391231,0.0,0.0
-0.01317577895488115,0.49760558355732454,0.9849080134143107,0.0,0.0
-0.013039826235166451,0.496459605531874,0.9849517211159095,0.0,0.0
-0.012900744019749031,0.49539038021216025,0.984995314976746,0.0,0.0
-0.012758565687692937,0.4943994351152788,0.9850387397273721,0.0,0.0
-0.012613325361115363,0.49348819575596947,0.9850819650592715,0.0,0.0
-0.012465057896997539,0.4926579814193096,0.9851250246297603,0.0,0.0
-0.012313798878819162,0.4919100011797039,0.9851155751198292,0.0,0.0
-0.012159584608018484,0.49124535019400234,0.9851584050218726,0.0,0.0
-0.012002452095280253,0.49066500629529974,0.9852009892377259,0.0,0.0
-0.011842439051653234,0.4901698269123922,0.9848328468997299,0.0,0.0
-0.011679583879499873,0.48976054633792376,0.9848759495054875,0.0,0.0
-0.011513925663279677,0.4894377733659964,0.9849188448797898,0.0,0.0
-0.011345504160169403,0.48920198931748154,0.9849614896144688,0.0,0.0
-0.01117435979052129,0.4890535464684733,0.9850037819461656,0.0,0.0
-0.011000533628162583,0.48899266689427767,0.9850458239710955,0.0,0.0
-0.010824067390537803,0.48901944173814316,0.9850877262602616,0.0,0.0
-0.010645003428696937,0.48913383091056656,0.9851294198643499,0.0,0.0
-0.010463384717131286,0.48933566322159444,0.9851709135220341,0.0,0.0
-0.010279254843459824,0.4896246369450544,0.9852120647827632,0.0,0.0
-0.010092657997968348,0.4900003208101979,0.985252987371511,0.0,0.0
-0.009903638963004056,0.4904621554128563,0.985293685909076,0.0,0.0
-0.009712243102228107,0.4910094550349281,0.9853342073725982,0.0,0.0
-0.009518516349728258,0.4916414098579228,0.9853745631148788,0.0,0.0
-0.00932250519899526,0.4923570885533872,0.9850109543016103,0.0,0.0
-0.009124256691764296,0.493155441230385,0.9850519024383334,0.0,0.0
-0.008923818406725577,0.49403530271784085,0.9846827575021091,0.0,0.0
-0.008721238448105293,0.49499539615750116,0.9847243066691338,0.0,0.0
-0.008516565434121116,0.49603433688151993,0.9847657819754339,0.0,0.0
-0.008309848485313973,0.4971506365472973,0.9848071093086251,0.0,0.0
-0.008101137212759237,0.498342707501149,0.9848482480209576,0.0,0.0
-0.0078904817061605,0.49960886734169585,0.984889071649294,0.0,0.0
-0.007677932521828159,0.500947343653496,0.9849296612752226,0.0,0.0
-0.007463540670546166,0.5023562788814284,0.9849699880653093,0.0,0.0
-0.007247357605329714,0.5038337353166148,0.9850100919879896,0.0,0.0
-0.007029435209076707,0.5053777001652513,0.9850499945220337,0.0,0.0
-0.006809825782116238,0.5069860906725536,0.9850896982871502,0.0,0.0
-0.0065885820296565575,0.5086567592750959,0.9851291355542673,0.0,0.0
-0.006365757049136273,0.5103874987561177,0.9851682165312303,0.0,0.0
-0.006141404317481086,0.5121760473798181,0.9848025348173294,0.0,0.0
-0.005915577678269658,0.5140200939822526,0.9844291329143006,0.0,0.0
-0.0056883313288114004,0.5159172829981757,0.9844692914136374,0.0,0.0
-0.005459719807139369,0.517865219404933,0.9845092191961369,0.0,0.0
-0.005229797978921352,0.5198614735663781,0.9841318827896584,0.0,0.0
-0.004998621024292462,0.5219035859616141,0.983754572873807,0.0,0.0
-0.004766244424612154,0.5239890717852529,0.9837955178898511,0.0,0.0
-0.004532723949148867,0.5261154254076923,0.983407440809129,0.0,0.0
-0.00429811564169577,0.5282801246857121,0.9834487845077481,0.0,0.0
-0.004062475807120499,0.5304806351154103,0.9834898107962698,0.0,0.0
-0.0038258609978522166,0.5327144138211425,0.9835305602613734,0.0,0.0
-0.003588328000309372,0.5349789133757008,0.9835710416064284,0.0,0.0
-0.003349933821271151,0.5372715854483988,0.9836111456909589,0.0,0.0
-0.0031107356741961957,0.5395898842791148,0.983650936409724,0.0,0.0
-0.002870790965491622,0.5419312699775584,0.9834261946603665,0.0,0.0
-0.0026301572807357074,0.5442932116481851,0.9830314134078094,0.0,0.0
-0.0023888923708577396,0.5466731903421729,0.9826374768998607,0.0,0.0
-0.0021470541382779475,0.5490687018388092,0.9826797892335061,0.0,0.0
-0.001904700623011293,0.5514772592594105,0.98272192885196,0.0,0.0
-0.0016618899887380753,0.5538963955176016,0.9827637943739213,0.0,0.0
-0.001418680508845017,0.556323665610382,0.9824678228223405,0.0,0.0
-0.0011751305524398158,0.5587566487548742,0.9825110465887588,0.0,0.0
-0.0009312985703429084,0.5611929503760844,0.982563386518101,0.0,0.0
-0.0006872430810596,0.5636302039513202,0.9821562666749067,0.0,0.0
-0.0004430226567357756,0.566066072717145,0.9817504727293508,0.0,0.0
-0.00019869590910096685,0.568498251244946,0.9817937752050447,0.0,0.0
4.567852459818528e-05,0.570924466891298,0.9818368324776319,0.0,0.0
0.0002900419956706662,0.5733424811293468,0.9818796618871478,0.0,0.0
0.0005343358580563898,0.5757500907674761,0.9819222755292459,0.0,0.0
0.0007785014824010434,0.5781451290614575,0.9819646051452079,0.0,0.0
0.001022480270126843,0.5805254667262105,0.9820066620787303,0.0,0.0
0.0012662136674958513,0.5828890128532067,0.982048524649761,0.0,0.0
0.0015096431796626844,0.5852337157393923,0.9820901806228975,0.0,0.0
0.0017527103847129362,0.5875575636333641,0.9821316040929865,0.0,0.0
0.0019953569476841653,0.5898585854043356,0.982172775605694,0.0,0.0
0.002237524634565978,0.592134851139255,0.9822137809059266,0.0,0.0
0.0024791553262760177,0.594384472673202,0.9822545379162667,0.0,0.0
0.002720191032608111,0.5966056040580164,0.9818465391807933,0.0,0.0
0.002960573906149769,0.5987964419738449,0.9818879054700206,0.0,0.0
0.0032002462561652343,0.6009552260881038,0.9819596140821704,0.0,0.0
0.0034391505624409764,0.6030802393661185,0.9819994599396227,0.0,0.0
0.0036772294890902754,0.6051698083374676,0.9820390881343286,0.0,0.0
0.003914425898313533,0.6072223033218546,0.9820785413150943,0.0,0.0
0.004150682864111177,0.6092361386181032,0.9821178754333902,0.0,0.0
0.004385943685945425,0.6112097726596577,0.9821569947826451,0.0,0.0
0.004620151902348396,0.6131417081397689,0.9821958669226603,0.0,0.0
0.004853251304472373,0.6150304921093394,0.9822345031002899,0.0,0.0
0.005085185949579767,0.6168747160502278,0.9822729582584118,0.0,0.0
0.005315900174469091,0.6186730159265846,0.9818678214652383,0.0,0.0
0.00554533860883383,0.6204240722166693,0.9819067005160692,0.0,0.0
0.005773446188551088,0.6221266099273809,0.9819453392536601,0.0,0.0
0.00600016816889672,0.6237793985936114,0.9819838337152474,0.0,0.0
0.006225450137683722,0.625381252264344,0.9820630381005684,0.0,0.0
0.006449238028321002,0.6269310294773011,0.982100295058033,0.0,0.0
0.006671478132789015,0.628427633223805,0.9821373631439988,0.0,0.0
0.006892117114529492,0.6298700109053618,0.9821742891761905,0.0,0.0
0.007111102021245917,0.6312571542833976,0.9822110076193693,0.0,0.0
0.007328380297611855,0.6325880994234334,0.9822475088897659,0.0,0.0
0.0075438997978839835,0.6338619266348866,0.9822838150568941,0.0,0.0
0.007757608798416727,0.6350777604075871,0.9823199435163299,0.0,0.0
0.007969456010075827,0.6362347693460176,0.9823559974272394,0.0,0.0
0.008179390590547378,0.6373321661021686,0.9819559715976394,0.0,0.0
0.008387362156539806,0.6383692073078585,0.9819925530393636,0.0,0.0
0.008593320795875565,0.6393451935072544,0.9820290040371338,0.0,0.0
0.008797217079469883,0.6402594690902986,0.9816262100177436,0.0,0.0
0.0089990020731934,0.6411114222276427,0.9816631861473276,0.0,0.0
0.009198627349616288,0.6419004848076644,0.9817000263708501,0.0,0.0
0.009396044999630372,0.6426261323760591,0.9817366776865917,0.0,0.0
0.009591207643947304,0.6432878840784721,0.9817731368299772,0.0,0.0
0.00978406844446934,0.6438853026065621,0.9818094841538573,0.0,0.0
0.00997458111553006,0.6444179941478682,0.9819155620118728,0.0,0.0
0.010162699935002906,0.6448856083397879,0.9819506352208778,0.0,0.0
0.01034837975527423,0.6452878382279484,0.9819856581227705,0.0,0.0
0.010531576014078461,0.6456244202292138,0.982020556080304,0.0,0.0
0.010712244745192894,0.6458951340995372,0.9820553119402734,0.0,0.0
0.010890342588989233,0.6460998029068221,0.9820899121007708,0.0,0.0
0.011065826802839938,0.6462382930089504,0.9821243577760955,0.0,0.0
0.011238655271376023,0.6463105140370787,0.9821587875244042,0.0,0.0
0.011408786516594644,0.6463164188842969,0.9821931112769133,0.0,0.0
0.01157617970781362,0.6462560036996949,0.9822273727799218,0.0,0.0
0.011740794671470567,0.646129307887881,0.9823371853128717,0.0,0.0
0.011902591900764387,0.6459364141139411,0.9823705840260902,0.0,0.0
0.012061532565136725,0.6456774483138223,0.982403970279371,0.0,0.0
0.012217578519591111,0.6453525797100885,0.9824372786124659,0.0,0.0
0.012370692313847428,0.6449620208329602,0.9825239801899572,0.0,0.0
0.012520837201330121,0.6445060275465415,0.9825566529408406,0.0,0.0
0.012667977147986871,0.6439848990800916,0.9825892393889861,0.0,0.0
0.012812076840936808,0.6433989780641655,0.9821995510281875,0.0,0.0
0.012953101696945357,0.6427486505714367,0.98223271776754,0.0,0.0
0.01309101787072393,0.6420343461619537,0.9822658752431138,0.0,0.0
0.013225792263052915,0.6412565379325652,0.9822989609862426,0.0,0.0
0.013357392528725118,0.6404157425702033,0.9823319517374418,0.0,0.0
0.01348578708430842,0.6395125204086695,0.9823649414490575,0.0,0.0
0.01361094511572585,0.638547475488531,0.9823978658669366,0.0,0.0
0.01373283658565061,0.6375212556196843,0.9824307209955128,0.0,0.0
0.013851432240715073,0.6364345524460873,0.9824635365447275,0.0,0.0
0.013966703618531244,0.6352881015121077,0.9824963474461087,0.0,0.0
0.014078623054521821,0.6340826823298913,0.9825290643171927,0.0,0.0
0.014187163688559361,0.6328191184470585,0.9825616459228409,0.0,0.0
0.014292299471412768,0.6314982775140001,0.9825941392688542,0.0,0.0
0.014394005170998798,0.6301210713499517,0.9826265453597479,0.0,0.0
0.01449225637843773,0.6286884560069533,0.9826588856357003,0.0,0.0
0.01458702951391145,0.6272014318307068,0.9827671703136386,0.0,0.0
0.014678301832322344,0.6256610435172651,0.9828413859223487,0.0,0.0
0.014766051428752144,0.62406838016438,0.9824598904260272,0.0,0.0
0.014850257243718858,0.6224245753162333,0.9824985754666388,0.0,0.0
0.0149308990682312,0.6207308070001617,0.9825312660175355,0.0,0.0
0.015007957548638352,0.6189882977538673,0.98256387140051,0.0,0.0
0.015081414191274848,0.6171983146414858,0.9821796121856788,0.0,0.0
0.015151251366899137,0.6153621692567309,0.9822128503130979,0.0,0.0
0.015217452314924253,0.6134812177112138,0.9822460239637539,0.0,0.0
0.01528000114744048,0.6115568606058682,0.9822791543616576,0.0,0.0
0.01533888285302824,0.6095905429832542,0.9823122073252257,0.0,0.0
0.015394083300360859,0.6075837542583599,0.9823451683340381,0.0,0.0
0.015445589241595907,0.6055380281253183,0.9823779412815622,0.0,0.0
0.015493388315554777,0.6034549424373024,0.982410603172834,0.0,0.0
0.01553746905068917,0.6013361190566521,0.9824431653808212,0.0,0.0
0.015577820867834156,0.5991832236720805,0.9824756357547901,0.0,0.0
0.015614434082747443,0.5969979655796293,0.9825079799725658,0.0,0.0
0.015647299908433113,0.5947820974238018,0.9825402437257328,0.0,0.0
0.015676410457250822,0.5925374148950995,0.9825723222664021,0.0,0.0
0.01570175874280855,0.5902657563799698,0.9826043461302836,0.0,0.0
0.015723338681639464,0.5879690025589415,0.9826363265562204,0.0,0.0
0.0157411450946618,0.585649075948503,0.9826682278372305,0.0,0.0
0.015755173708421964,0.5833079403820534,0.9827001169078552,0.0,0.0
0.015765421156119966,0.5809476004250375,0.9827319980355167,0.0,0.0
0.0157718849784175,0.5785701007191575,0.9827638974685694,0.0,0.0
0.015774563624028296,0.5761775252503459,0.982827643668091,0.0,0.0
0.015773456450090328,0.5737719965349899,0.9824535570167514,0.0,0.0
0.01576856372231989,0.5713556747187102,0.9820828664019376,0.0,0.0
0.015759886614948232,0.568930756581834,0.9817022954793099,0.0,0.0
0.015747427210439497,0.5664994744455719,0.9813257605343897,0.0,0.0
0.01573118849899094,0.5640640949727682,0.9813604104230556,0.0,0.0
0.0157111743778153,0.5616269178570392,0.9813949158319877,0.0,0.0
0.015687389650205715,0.5591902743940581,0.9814292823616361,0.0,0.0
0.015659840024382535,0.5567565259287323,0.9814635919812092,0.0,0.0
0.015628532112123752,0.5543280621720912,0.9814977772097534,0.0,0.0
0.015593473427177977,0.5519072993817832,0.9812522597891469,0.0,0.0
0.015554672383461405,0.5494966784002576,0.9809310448483658,0.0,0.0
0.015512138293038219,0.5470986625449438,0.9805344600878694,0.0,0.0
0.015465881363885917,0.5447157353450363,0.9805722625297936,0.0,0.0
0.015415912697445511,0.5423503981199033,0.9801791648385936,0.0,0.0
0.015362244285957073,0.5400051673945991,0.9797704749788062,0.0,0.0
0.015304889009581726,0.5376825721485528,0.9798112146061311,0.0,0.0
0.015243860633310524,0.535385150894152,0.9798517961087204,0.0,0.0
0.01517917380366078,0.5331154485827636,0.9798922120150456,0.0,0.0
0.015110844045161092,0.5308760133365646,0.9799324057444325,0.0,0.0
0.015038887756625565,0.5286693930056049,0.9800705220295551,0.0,0.0
0.014963322207218006,0.5264981315506007,0.9801105727849958,0.0,0.0
0.014884165532307569,0.5243647652532011,0.9801503622879979,0.0,0.0
0.014801436729116208,0.5222718187567871,0.9801899263638993,0.0,0.0
0.014715155652159627,0.5202218009423214,0.9802293176372345,0.0,0.0
0.014625343008482134,0.5182172006452872,0.980268491901993,0.0,0.0
0.014532020352687023,0.5162604822214053,0.9803075229726896,0.0,0.0
0.014435210081763813,0.5143540809705088,0.980346377323236,0.0,0.0
0.014334935429712769,0.5125003984297579,0.9803850064364528,0.0,0.0
0.014231220461969077,0.5107017975491746,0.9805097969387215,0.0,0.0
0.014124090069627098,0.5089605977643551,0.9805480446652025,0.0,0.0
0.014013569963466803,0.5072790699830722,0.9805860838586182,0.0,0.0
0.013899686667783118,0.5056594315043175,0.9806239286767149,0.0,0.0
0.013782467514020309,0.504103840890146,0.9806616536495184,0.0,0.0
0.013661940634212673,0.5026143928124017,0.9806992318041097,0.0,0.0
0.013538134954232797,0.5011931128980284,0.9807365967674746,0.0,0.0
0.013411080186849566,0.4998419525981457,0.9807737184861364,0.0,0.0
0.013280806824597296,0.49856278410740196,0.9808106869467809,0.0,0.0
0.013147346132457537,0.49735739536121304,0.9808474903901221,0.0,0.0
0.013010730140355788,0.4962274851393955,0.980476947464715,0.0,0.0
0.01287099163547442,0.4951746583053148,0.9805160623077429,0.0,0.0
0.012728164154383794,0.49420042121002655,0.9806444406807812,0.0,0.0
0.012582281974993755,0.4933061772908981,0.9806831418008612,0.0,0.0
0.012433380108327115,0.49249322289391995,0.9802861639556133,0.0,0.0
0.012281494290117129,0.4917627433482762,0.9803253607814989,0.0,0.0
0.012126660972231097,0.49111580932076154,0.9803643112195825,0.0,0.0
0.011968917313922012,0.4905533734762991,0.9804030159358815,0.0,0.0
0.011808301172910766,0.4900762674691458,0.9804414901595427,0.0,0.0
0.01164485109630011,0.48968519928737253,0.9804798026997995,0.0,0.0
0.011478606311323924,0.4893807509708752,0.9805179072408479,0.0,0.0
0.011309606715932606,0.4891633767205911,0.9805557724058889,0.0,0.0
0.011137892869217705,0.48903340141372853,0.9805933239698948,0.0,0.0
0.010963505981678282,0.4889910195367542,0.9801945189737327,0.0,0.0
0.010786487905330266,0.48903629454462405,0.9802345184485874,0.0,0.0
0.010606881123662155,0.48916915865140326,0.9802743250369285,0.0,0.0
0.010424728741439482,0.4893894130539339,0.9803139182113468,0.0,0.0
0.01024007447435962,0.48969672858676955,0.9803532235907045,0.0,0.0
0.010052962638560233,0.490090646803137,0.980392270837821,0.0,0.0
0.009863438139983798,0.4905705814733103,0.9804310778988455,0.0,0.0
0.00967154646360022,0.4911358204885618,0.9804697391237438,0.0,0.0
0.009477333662490652,0.4917855281557768,0.9805082340501632,0.0,0.0
0.009280846346795175,0.492518747864973,0.9800904409935655,0.0,0.0
0.00908213167252636,0.49333440510938514,0.9796147151883919,0.0,0.0
0.00888123733025214,0.4942313108354476,0.9796590876824811,0.0,0.0
0.008678211533650323,0.4952081650980475,0.979703251022489,0.0,0.0
0.008473103007937587,0.49626356099472785,0.9797472026140508,0.0,0.0
0.008265960978175465,0.49739598885121905,0.9797909858792394,0.0,0.0
0.008056835157456825,0.49860384062970164,0.9794558195592892,0.0,0.0
0.00784577573497483,0.4998854145305904,0.9795002568514724,0.0,0.0
0.007632833363977681,0.5012389197583245,0.9795444257979216,0.0,0.0
0.007418059149612286,0.502662481421707,0.979588333223059,0.0,0.0
0.007201504636659128,0.5041541455396907,0.9796319684220361,0.0,0.0
0.00698322179716186,0.5057118841241198,0.9793018441367761,0.0,0.0
0.006763263017954062,0.5073336003118522,0.9793462985234734,0.0,0.0
0.006541681088086983,0.5090171335197978,0.9793904461335573,0.0,0.0
0.006318529186160135,0.5107602645977352,0.9794342884976193,0.0,0.0
0.0060938608675588,0.5125607209552491,0.9794778147038038,0.0,0.0
0.005867730051601012,0.5144161816407748,0.9795210749436379,0.0,0.0
0.005640191008597085,0.5163242823524385,0.9795641102822071,0.0,0.0
0.005411298346825154,0.5182826203622108,0.9796069540900754,0.0,0.0
0.005181106999425324,0.5202887593367083,0.9796495615411125,0.0,0.0
0.004949672211215942,0.522340234039869,0.9793288541220205,0.0,0.0
0.00471704952543529,0.5244345549045576,0.9793722489214727,0.0,0.0
0.0044832947704113646,0.5265692124620045,0.9794154514120964,0.0,0.0
0.004248464046163236,0.5287416816197279,0.9789720995590937,0.0,0.0
0.0040126137109375215,0.5309494257803309,0.9790179358574373,0.0,0.0
0.0037758003676825144,0.533189900795172,0.9790634649953057,0.0,0.0
0.0035380808504639006,0.5354605587484407,0.979108748738822,0.0,0.0
0.003299512210824692,0.5377588515686392,0.9791536979860658,0.0,0.0
0.0030601517040932382,0.540082234465748,0.9791983536078761,0.0,0.0
0.002820056775642125,0.5424281691936276,0.979242720144424,0.0,0.0
0.0025792850471017463,0.5447941271382786,0.9792868941001399,0.0,0.0
0.0023378943025311534,0.5471775922335917,0.9788338123067294,0.0,0.0
0.002095942474550348,0.5495760637070962,0.9784911614299185,0.0,0.0
0.0018534876304366259,0.5519870586590101,0.978154808887618,0.0,0.0
0.001610587958188756,0.5544081144785229,0.9782040867067445,0.0,0.0
0.0013673017525620767,0.5568367911018678,0.9776846692449219,0.0,0.0
0.0011236874010781541,0.5592706731171695,0.9777368309544219,0.0,0.0
0.000879803370011937,0.561707371721472,0.9777887560217998,0.0,0.0
0.0006357081903601765,0.5641445265356411,0.9778403466571564,0.0,0.0
0.0003914604437942944,0.5665798072830812,0.9778917448828347,0.0,0.0
0.00014711874860103919,0.5690109153383617,0.9773344008238442,0.0,0.0
-9.725825438562869e-05,0.5714355851519387,0.9767015490818821,0.0,0.0
-0.0003416119158580751,0.5738515855572399,0.9767598735611382,0.0,0.0
-0.0005858835921104373,0.5762567209663264,0.9768179481205983,0.0,0.0
-0.0008300146591130149,0.5786488324603491,0.977165736004429,0.0,0.0
-0.001073946526581595,0.5810257987808972,0.9772202816837792,0.0,0.0
-0.001317620652038884,0.5833855372282406,0.9775303193800107,0.0,0.0
-0.0015609785548644877,0.5857260044723142,0.9771575730403553,0.0,0.0
-0.0018039618303298587,0.588045197282149,0.9767906123273072,0.0,0.0
-0.002046512163615277,0.5903411531792282,0.9764292716240142,0.0,0.0
-0.002288571343805024,0.5926119510201028,0.9767310533648363,0.0,0.0
-0.0025300812778578075,0.594855711513352,0.9767833187881613,0.0,0.0
-0.002770984004548718,0.5970705976757742,0.976835397562392,0.0,0.0
-0.003011221708379766,0.5992548152324699,0.976887285070433,0.0,0.0
-0.0032507367334551744,0.6014066129652633,0.97693889543943,0.0,0.0
-0.0034894715973186894,0.6035242830136562,0.9769902599815753,0.0,0.0
-0.0037273690047489164,0.6056061611323256,0.9766279244967887,0.0,0.0
-0.003964371861510057,0.607650626908917,0.9769379255578048,0.0,0.0
-0.004200423288054144,0.609656103945693,0.9765842083617494,0.0,0.0
-0.00443546663317188,0.6116210600083832,0.9762284978931605,0.0,0.0
-0.0046694454875887,0.6135440071453553,0.9762807499462393,0.0,0.0
-0.004902303697502686,0.6154235017800535,0.9765850373395073,0.0,0.0
-0.005133985378061222,0.6172581447794561,0.976634480628702,0.0,0.0
-0.005364434926773115,0.6190465815010991,0.9766836539201387,0.0,0.0
-0.0055935970368528294,0.6207875018210596,0.976732591519866,0.0,0.0
-0.0058214167104940154,0.6224796401451136,0.9764848768993304,0.0,0.0
-0.006047839272068558,0.6241217754051364,0.9762394792976873,0.0,0.0
-0.006272810381248542,0.6257127310426406,0.9765555768308395,0.0,0.0
-0.006496276046047682,0.627251374981224,0.9764683106676287,0.0,0.0
-0.006718182635779092,0.6287366195895574,0.9757172548956171,0.0,0.0
-0.006938476893926446,0.6301674216364124,0.9757696114716402,0.0,0.0
-0.007157105950925219,0.6315427822391203,0.975821705175086,0.0,0.0
-0.00737401733685122,0.6328617468067286,0.9758735601752879,0.0,0.0
-0.0075891589940130615,0.6341234049790164,0.9759252553836903,0.0,0.0
-0.007802479289445692,0.6353268905624584,0.9759767653161556,0.0,0.0
-0.008013927027302224,0.6364713814640913,0.9760281281326243,0.0,0.0
-0.008223451461140542,0.6375560996241989,0.9760793144746632,0.0,0.0
-0.008431002306102291,0.6385803109486015,0.9761302724812221,0.0,0.0
-0.00863652975098096,0.6395433252413282,0.9761810178012184,0.0,0.0
-0.008839984470176379,0.6404444961382978,0.9762315161971842,0.0,0.0
-0.009041317635532512,0.6412832210426574,0.9762818070179242,0.0,0.0
-0.00924048092805616,0.6420589410622985,0.9766648140966973,0.0,0.0
-0.009437426549513113,0.6427711409500548,0.9767122350416112,0.0,0.0
-0.009632107233899588,0.6434193490470266,0.9767594664141475,0.0,0.0
-0.00982447625878587,0.644003137229419,0.9768065475172892,0.0,0.0
-0.010014487456529388,0.6445221208592523,0.976853484425625,0.0,0.0
-0.010202095225354754,0.6449759587392434,0.9769002789950729,0.0,0.0
-0.010387254540298008,0.6453643530721357,0.9769469203495668,0.0,0.0
-0.010569920964012375,0.6456870494247187,0.9773414599400223,0.0,0.0
-0.010750050657432982,0.6459438366967164,0.9773852225654577,0.0,0.0
-0.010927600390298102,0.6461345470947347,0.9774288662534012,0.0,0.0
-0.011102527551524088,0.6462590561113875,0.9778050096352854,0.0,0.0
-0.011274790159431926,0.6463172825097228,0.9776584200772936,0.0,0.0
-0.011444346871822641,0.6463091883130165,0.9777001936764208,0.0,0.0
-0.011611156995899144,0.6462347787999898,0.977741911068863,0.0,0.0
-0.011775180498032375,0.6460941025054752,0.9777835535073363,0.0,0.0
-0.011936378013369182,0.645887251226525,0.9778251991501327,0.0,0.0
-0.012094710855279646,0.6456143600339334,0.9782095337772786,0.0,0.0
-0.012250141024641767,0.6452756072891147,0.9782489300253144,0.0,0.0
-0.012402631218960963,0.6448712146662464,0.9782881932778796,0.0,0.0
-0.012552144841322591,0.6444014471795791,0.9783273575785021,0.0,0.0
-0.012698646009174959,0.6438666132157427,0.9783663910140911,0.0,0.0
-0.012842099562941049,0.6432670645709005,0.9784053308560907,0.0,0.0
-0.012982471074456544,0.6426031964925247,0.978788324673172,0.0,0.0
-0.013119726855232522,0.6418754477255569,0.9787175024451709,0.0,0.0
-0.013253833964540374,0.6410843005626744,0.9787545807482408,0.0,0.0
-0.013384760217317717,0.6402302808983449,0.9787915854871593,0.0,0.0
-0.013512474191892283,0.6393139582863033,0.9788285637801032,0.0,0.0
-0.01363694523752321,0.6383359460000504,0.9788655265859401,0.0,0.0
-0.013758143481757098,0.6372969010959147,0.9789024718901447,0.0,0.0
-0.01387603983759705,0.636197524478173,0.9789393877053063,0.0,0.0
-0.013990606010483598,0.6350385609656711,0.9789762827482524,0.0,0.0
-0.014101814505085226,0.6338207993593155,0.9790130865245791,0.0,0.0
-0.014209638631897024,0.6325450725097518,0.9794123663841355,0.0,0.0
-0.014314052513646145,0.6312122573844738,0.9794469752800451,0.0,0.0
-0.014415031091502144,0.6298232751335261,0.9794814978001185,0.0,0.0
-0.014512550131091147,0.6283790911528958,0.9795159162264843,0.0,0.0
-0.01460658622831161,0.6268807151445812,0.9795502964533199,0.0,0.0
-0.014697116814951748,0.6253292011722564,0.9795846713836449,0.0,0.0
-0.014784120164105234,0.6237256477113324,0.9799774328789345,0.0,0.0
-0.014867575395385956,0.6220711976921146,0.9800079044770554,0.0,0.0
-0.014947462479938951,0.6203670385346524,0.979542728046844,0.0,0.0
-0.015023762245247435,0.6186144021737382,0.9795769374569875,0.0,0.0
-0.015096456379733994,0.616814565072399,0.9796110955832408,0.0,0.0
-0.015165527437155305,0.6149688482220759,0.9796452259465596,0.0,0.0
-0.015230958840789123,0.6130786171275557,0.9796792610833105,0.0,0.0
-0.015292734887412632,0.6111452817745494,0.9797132984021113,0.0,0.0
-0.015350840751071286,0.6091702965776632,0.9797473399601884,0.0,0.0
-0.015405262486636621,0.6071551603063379,0.9797813187347354,0.0,0.0
-0.015455987033153354,0.6051014159861372,0.9798152306555123,0.0,0.0
-0.015503002216973845,0.603010650772615,0.9798491099448637,0.0,0.0
-0.015546296754679624,0.600884495794757,0.9798829403554714,0.0,0.0
-0.01558586025578946,0.5987246259648276,0.9799167075697085,0.0,0.0
-0.01562168322525308,0.5965327597512179,0.9799837661153864,0.0,0.0
-0.015653757065729697,0.5943106589107041,0.979979150987504,0.0,0.0
-0.01568207407965154,0.5920601281762756,0.9800126296765511,0.0,0.0
-0.015706627471071235,0.5897830148965076,0.9795700656106198,0.0,0.0
-0.015727411347292716,0.5874812086222015,0.9796058202752578,0.0,0.0
-0.015744420720285424,0.5851566406357969,0.979641488998314,0.0,0.0
-0.01575765150788148,0.5828112834188467,0.979677157854226,0.0,0.0
-0.01576710053475546,0.580447150052618,0.9797127929370528,0.0,0.0
-0.01577276553318612,0.5780662935466566,0.9797484693731038,0.0,0.0
-0.01577464514360119,0.5756708060899745,0.9797840648555017,0.0,0.0
-0.015772738914903096,0.5732628182192954,0.9793410115995118,0.0,0.0
-0.015767047304577595,0.5708444978986346,0.97937906988589,0.0,0.0
-0.01575757167858384,0.5684180495043165,0.9799045350491172,0.0,0.0
-0.015744314311026623,0.56598571270941,0.9799399649096372,0.0,0.0
-0.015727278383610484,0.5635497612614447,0.9799752877360085,0.0,0.0
-0.015706467984876217,0.5611125016471914,0.9800105206069581,0.0,0.0
-0.015681888109219673,0.558676271638269,0.9800457087864713,0.0,0.0
-0.015653544655692977,0.5562434387113396,0.9800808706997164,0.0,0.0
-0.015621444426588959,0.553816398336708,0.980115952833532,0.0,0.0
-0.01558559512580847,0.5513975721292703,0.980150989980677,0.0,0.0
-0.01554600535701168,0.5489894058559188,0.9801860108627274,0.0,0.0
-0.015502684621553015,0.5465943672937866,0.9797892167610596,0.0,0.0
-0.015455643316201008,0.5442149439339975,0.9798266497115401,0.0,0.0
-0.015404892730643202,0.5418536405260599,0.9798640186366285,0.0,0.0
-0.015350445044776518,0.5395129764584665,0.9799012764859334,0.0,0.0
-0.015292313325784151,0.5371954829717311,0.9804417607049802,0.0,0.0
-0.01523051152499969,0.5349037002007309,0.9809230927870565,0.0,0.0
-0.015165054474558598,0.5326401740440563,0.9809553931084846,0.0,0.0
-0.015095957883838749,0.5304074528589755,0.9832292173838029,0.0,0.0
-0.015023238335690331,0.528208083981629,0.9831933532420661,0.0,0.0
-0.014946913282455803,0.5260446100732207,0.9807756072912472,0.0,0.0
-0.014867001041781508,0.523919565294216,0.9809120452379227,0.0,0.0
-0.01478352079222169,0.5218354713098958,0.9810451818429575,0.0,0.0
-0.014696492568635484,0.519794833132113,0.981175159820444,0.0,0.0
-0.014605937257378823,0.5178001348036162,0.9813019638923071,0.0,0.0
-0.014511876591291726,0.5158538349329844,0.9814258353182691,0.0,0.0
-0.014414333144482485,0.5139583620899391,0.9815468457090647,0.0,0.0
-0.014313330326910187,0.5121161100725733,0.9816649971927697,0.0,0.0
-0.014208892378766165,0.5103294330598853,0.9817803278915138,0.0,0.0
-0.014101044364656671,0.5086006406648639,0.9818929476497988,0.0,0.0
-0.013989812167587429,0.5069319929052203,0.9820029106998118,0.0,0.0
-0.013875222482751724,0.5053256951107223,0.9821102998691148,0.0,0.0
-0.013757302811123969,0.5037838927878352,0.9822152552146544,0.0,0.0
-0.01363608145285924,0.5023086664641256,0.9823179686359412,0.0,0.0
-0.013511587500501635,0.5009020265364452,0.9824182582161672,0.0,0.0
-0.013383850832002164,0.4995659081483716,0.9825162344102234,0.0,0.0
-0.013252902103548106,0.4983021661236642,0.983418806238215,0.0,0.0
-0.013118772742205667,0.4971125699835663,0.9835127059282017,0.0,0.0
-0.01298149493837777,0.4959987990765935,0.9836044678333075,0.0,0.0
-0.012841101638078362,0.49496243785005395,0.9836942890196203,0.0,0.0
-0.012697626535025557,0.49400497129278154,0.9837821162375864,0.0,0.0
-0.012551104062555439,0.49312778057855805,0.9838680147051194,0.0,0.0
-0.012401569385358075,0.49233213893931577,0.9837807536242553,0.0,0.0
-0.012249058391038114,0.49161920779651835,0.9838652053594815,0.0,0.0
-0.012093607681502212,0.4909900331780474,0.984128888622635,0.0,0.0
-0.011935254564174403,0.49044554244653527,0.9842083619477969,0.0,0.0
-0.011774037043042725,0.4899865413633289,0.9840510586623087,0.0,0.0
-0.011609993809538413,0.4896137115102006,0.9838305516990375,0.0,0.0
-0.011443164233250038,0.4893276080885568,0.9839104248207887,0.0,0.0
-0.011273588352475066,0.4891286581132136,0.9839885000726362,0.0,0.0
-0.011101306864610963,0.4890171590149299,0.9840649168234872,0.0,0.0
-0.010926361116387763,0.48899327766276723,0.9841398021504355,0.0,0.0
-0.010748793093945302,0.4890570498140581,0.9842131003221835,0.0,0.0
-0.01056864541275659,0.489208379996405,0.9842848518209293,0.0,0.0
-0.01038596130740041,0.4894470418226401,0.9843550042457758,0.0,0.0
-0.010200784621185056,0.48977267873623176,0.9840659450129662,0.0,0.0
-0.010013159795626407,0.49018480518117236,0.9841366218071566,0.0,0.0
-0.009823131859781944,0.4906828081870513,0.9842057614734452,0.0,0.0
-0.009630746419444038,0.4912659493568015,0.9842735241125615,0.0,0.0
-0.009436049646194976,0.49193336724159,0.984339970596422,0.0,0.0
-0.00923908826632573,0.49268408008452896,0.9849306981711069,0.0,0.0
-0.009039909549621925,0.4935169889123483,0.9849949917938998,0.0,0.0
-0.008838561298019628,0.4944308809519241,0.9850580079948795,0.0,0.0
-0.008635091834132589,0.4954244333466468,0.9851197163899111,0.0,0.0
-0.008429549989655527,0.49649621714600983,0.9847541804945973,0.0,0.0
-0.00822198509364443,0.4976447015405605,0.9848172169159217,0.0,0.0
-0.008012446960677995,0.4988682583134559,0.9848790179348281,0.0,0.0
-0.007800985878902347,0.500165166479318,0.9849395397653374,0.0,0.0
-0.0075876525979620205,0.5015336170808744,0.9849987771562284,0.0,0.0
-0.00737249831682042,0.5029717181139586,0.9850567554541838,0.0,0.0
-0.007155574671472228,0.5044774995518815,0.98511347541014,0.0,0.0
-0.006936933722551051,0.5060489184408582,0.9851690322901129,0.0,0.0
-0.00671662794283511,0.5076838640391312,0.9852235230111602,0.0,0.0
-0.006494710204654028,0.5093801629735824,0.9852769665719759,0.0,0.0
-0.00627123376719977,0.5111355843890057,0.9857177889299991,0.0,0.0
-0.006046252263744502,0.5129478450667108,0.9861228493576767,0.0,0.0
-0.0058198196887692,0.5148146144908045,0.9861744359562251,0.0,0.0
-0.005591990385004842,0.516733519842212,0.9865300317052812,0.0,0.0
-0.005362819030390807,0.5187021509023397,0.9865802779002646,0.0,0.0
-0.005132360624952041,0.5207180648501122,0.9868302821013153,0.0,0.0
-0.004900670477599667,0.5227787909380027,0.9868794890809299,0.0,0.0
-0.004667804192856854,0.5248818350344898,0.9871007038306329,0.0,0.0
-0.004433817657514167,0.5270246840222391,0.9871490040313357,0.0,0.0
-0.0041987670272169006,0.5292048100430155,0.987196271071789,0.0,0.0
-0.003962708712988039,0.5314196745820771,0.9869863749421468,0.0,0.0
-0.0037256993676898532,0.5336667323863666,0.9870692485439787,0.0,0.0
-0.003487795872427549,0.5359434352123713,0.9871563839633047,0.0,0.0
-0.0032490553228980007,0.5382472354009015,0.9867192534210514,0.0,0.0
-0.003009535015687091,0.5405755892773756,0.986769890870593,0.0,0.0
-0.002769292434518779,0.5429259603773776,0.9868194712819551,0.0,0.0
-0.0025283852364594074,0.5452958224983377,0.9868680668383435,0.0,0.0
-0.0022868712380800346,0.5476826625791643,0.9869156054649795,0.0,0.0
-0.0020448084015810115,0.5500839834105142,0.9865294557547744,0.0,0.0
-0.0018022548208811175,0.5524973061791303,0.986577516519755,0.0,0.0
-0.001559268707675443,0.5549201728503439,0.9861078737556539,0.0,0.0
-0.0013159083774647517,0.5573501483933716,0.9855878992862412,0.0,0.0
-0.0010722322355601244,0.5597848228545046,0.9856412111585078,0.0,0.0
-0.0008282987630659266,0.5622218132836516,0.9856934454882019,0.0,0.0
-0.0005841665028446347,0.564658765520004,0.985744593702743,0.0,0.0
-0.00033989404546682576,0.567093355842775,0.9857948217370658,0.0,0.0
-9.554001514969607e-05,0.5695232924931599,0.9858440552876688,0.0,0.0
0.00014883694431239673,0.5719463170737076,0.9858922201676561,0.0,0.0
0.0003931781836222626,0.5743602058313677,0.9859394205710525,0.0,0.0
0.0006374250620553471,0.5767627708304378,0.9859856749289648,0.0,0.0
0.0008815189615332473,0.5791518610215893,0.9860309020753927,0.0,0.0
0.0011254013006917714,0.5815253632130761,0.9854025796600805,0.0,0.0
0.0013690135489402536,0.5838812029500738,0.9854494752797863,0.0,0.0
0.001612297240508489,0.5862173453079851,0.9854954663896828,0.0,0.0
0.001855193988478257,0.5885317956053593,0.9855405043482784,0.0,0.0
0.0020976454987960366,0.5908226000418868,0.9855847180034384,0.0,0.0
0.0023395935842631514,0.5930878462667357,0.985628175282025,0.0,0.0
0.002580980178500515,0.5953256638822881,0.9856707829689073,0.0,0.0
0.0028217473498841827,0.5975342248881098,0.9857126317256176,0.0,0.0
0.0030618373154487804,0.5997117440697646,0.9857537025312119,0.0,0.0
0.0033011924547550007,0.6018564793368739,0.9857951767312977,0.0,0.0
0.003539755323718413,0.6039667320145761,0.9858393929362748,0.0,0.0
0.00377746866839558,0.6060408470923349,0.9854552986396795,0.0,0.0
0.004014275438724859,0.6080772134338179,0.9854990864916584,0.0,0.0
0.0042501188022180955,0.6100742639513489,0.9855421375597075,0.0,0.0
0.004484942157600141,0.6120304757482405,0.9855844237764606,0.0,0.0
0.004718689148392908,0.6139443702320839,0.9847124854679722,0.0,0.0
0.0049513036764406194,0.6158145132019067,0.984757871819945,0.0,0.0
0.005182729915373167,0.6176395149118948,0.9848024866510892,0.0,0.0
0.005412912324004076,0.6194180301142066,0.9848463314296461,0.0,0.0
0.005641795659660171,0.6211487580832249,0.9848894407258344,0.0,0.0
0.0058693249914396235,0.6228304426234379,0.984931837184487,0.0,0.0
0.006095445713394982,0.6244618720629663,0.9849736805561552,0.0,0.0
0.006320103557638378,0.6260418792346162,0.9850148780338162,0.0,0.0
0.006543244607365625,0.6275693414462062,0.9847222847779937,0.0,0.0
0.006764815309795881,0.629043180441748,0.9847367179433822,0.0,0.0
0.006984762489024153,0.6304623623549795,0.9847796753537369,0.0,0.0
0.007203033358783218,0.6318258976566012,0.9848220050052654,0.0,0.0
0.0074195755351120765,0.6331328410964616,0.9848636710748601,0.0,0.0
0.0076343370489278485,0.6343822916418518,0.9849046850831428,0.0,0.0
0.007847266358498133,0.6355733924129368,0.9849450984424262,0.0,0.0
0.008058312361810717,0.6367053306163108,0.9849850106483783,0.0,0.0
0.008267424408837876,0.6377773374775244,0.9847563081582885,0.0,0.0
0.00847455231369208,0.6387886881734056,0.9847969902735763,0.0,0.0
0.00867964636667046,0.6397387017648835,0.984837075366752,0.0,0.0
0.008882657346184757,0.6406267411309733,0.9848766153032089,0.0,0.0
0.009083536530574391,0.6414522129045326,0.9849155149823171,0.0,0.0
0.009282235709799386,0.6422145674103001,0.9849538127082335,0.0,0.0
0.009478707197010473,0.6429132986057209,0.9849915863281882,0.0,0.0
0.009672903839993861,0.6435479440249834,0.985028838344688,0.0,0.0
0.009864779032487413,0.6441180847266404,0.9850655900252475,0.0,0.0
0.010054286725365989,0.6446233452451814,0.9851017911597326,0.0,0.0
0.010241381437692917,0.6450633935468308,0.9851375600015181,0.0,0.0
0.010426018267635371,0.6454379409898469,0.9850172294561577,0.0,0.0
0.010608152903240442,0.6457467422895556,0.9848604428710993,0.0,0.0
0.010787741633069886,0.6459895954882917,0.9846808285482308,0.0,0.0
0.010964741356690576,0.6461663419304322,0.9844657388891129,0.0,0.0
0.011139109595018501,0.646276866242629,0.9842553186194292,0.0,0.0
0.011310804500513439,0.6463210963193682,0.9842975222756996,0.0,0.0
0.01147978486722227,0.6462990033138968,0.9843134019256098,0.0,0.0
0.01164601014066809,0.6462106016345976,0.9843300556326918,0.0,0.0
0.011809440427583194,0.6460559489467999,0.9843457280197315,0.0,0.0
0.011970036505483268,0.6458351461800358,0.9843901216192755,0.0,0.0
0.012127759832080434,0.6455483375406982,0.984404614299153,0.0,0.0
0.012282572554533454,0.645195710530038,0.9844494358875471,0.0,0.0
0.012434437518532071,0.6447774959674095,0.9844936534323571,0.0,0.0
0.012583318277213868,0.6442939680186468,0.9843791669425543,0.0,0.0
0.012729179099911486,0.6437454442294088,0.9842291408425343,0.0,0.0
0.012871984980727568,0.643132285563328,0.9830422255410894,0.0,0.0
0.013011701646936269,0.6424548964447321,0.983094019136754,0.0,0.0
0.013148295567208361,0.6417137248056954,0.9831452033215926,0.0,0.0
0.013281733959658606,0.6409092621371342,0.9831290746952762,0.0,0.0
0.01341198479971339,0.6400420435436168,0.9831807912798974,0.0,0.0
0.01353901682779633,0.6391126478015057,0.9818755461875157,0.0,0.0
0.013662799556830484,0.6381216974200444,0.9819323987957019,0.0,0.0
0.013783303279554977,0.6370698587048971,0.9819886106304136,0.0,0.0
0.01390049907565486,0.6359578418236308,0.9819885020957309,0.0,0.0
0.014014358818701689,0.6347864008725794,0.9820450871391972,0.0,0.0
0.014124855182903554,0.6335563339444272,0.9821010168986182,0.0,0.0
0.01423196164966356,0.6322684831958382,0.9820965970546351,0.0,0.0
0.014335652513943758,0.6309237349143374,0.9821527487758396,0.0,0.0
0.01443590289043446,0.6295230195836065,0.9822083074015354,0.0,0.0
0.014532688719526591,0.6280673119462598,0.9822631907111613,0.0,0.0
0.01462598677308565,0.6265576310630772,0.9823174416447148,0.0,0.0
0.01471577466002673,0.6249950403675876,0.982210909090676,0.0,0.0
0.014802030831687941,0.6233806477147883,0.9822657629116442,0.0,0.0
0.014884734587002074,0.621715605422667,0.9821581239331031,0.0,0.0
0.014963866077464978,0.6200011103051065,0.9820487252765039,0.0,0.0
0.015039406311898616,0.6182384036945957,0.9821058168950022,0.0,0.0
0.015111337161009484,0.6164287714530678,0.98071329699716,0.0,0.0
0.01517964136173899,0.6145735439690273,0.9807764938874051,0.0,0.0
0.015244302521406858,0.6126740961390005,0.9809842117822444,0.0,0.0
0.015305305121645152,0.6107318473311663,0.981046923658288,0.0,0.0
0.015362634522122656,0.6087482613288883,0.9811091695250068,0.0,0.0
0.015416276964058397,0.6067248462516699,0.9811709274324991,0.0,0.0
0.01546621957352385,0.6046631544508996,0.9812321583880149,0.0,0.0
0.015512450364532523,0.6025647823775455,0.9812929161888958,0.0,0.0
0.015554958241916404,0.6004313704187837,0.9813531591101462,0.0,0.0
0.015593733003989007,0.5982646027003218,0.981412996468094,0.0,0.0
0.015628765344993547,0.5960662068509869,0.9814724505928382,0.0,0.0
0.01566004685733637,0.5938379537259333,0.9815314732916987,0.0,0.0
0.01568757003360466,0.5915816570845904,0.9801510157465846,0.0,0.0
0.015711328268368234,0.589299173219262,0.9802164761863816,0.0,0.0
0.015731315859764755,0.5869924005300731,0.9802816057076709,0.0,0.0
0.015747528010868286,0.58466327904171,0.9803464675744692,0.0,0.0
0.01575996083084037,0.582313789857196,0.9801890068281496,0.0,0.0
0.015768611335863852,0.5799459545437246,0.9802555001353718,0.0,0.0
0.015773477449859147,0.5775618344453498,0.9803216938450943,0.0,0.0
0.01577455800498215,0.5751635299171272,0.9803875902865135,0.0,0.0
0.015771852741904874,0.572753179475135,0.9804532191905196,0.0,0.0
0.01576536230987748,0.5703329588565877,0.9805186336450705,0.0,0.0
0.015755088266572438,0.5679050799841311,0.980583845543744,0.0,0.0
0.015741033077710916,0.5654717898282663,0.9806488802767269,0.0,0.0
0.015723200116470704,0.5630353691617457,0.979310833129608,0.0,0.0
0.015701593662676944,0.5605981311997229,0.9779008961786859,0.0,0.0
0.015676218901774806,0.5581624201194083,0.9779801208478907,0.0,0.0
0.01564708192358509,0.5557306094529981,0.9780591628112166,0.0,0.0
0.01561418972084269,0.553305100347722,0.9781380173317504,0.0,0.0
0.015577550187518458,0.5508883196869736,0.9782167636975574,0.0,0.0
0.015537172116924432,0.5484827180666975,0.9782955033638177,0.0,0.0
0.015493065199603756,0.5460907676214476,0.9783741310306912,0.0,0.0
0.0154452400210049,0.5437149596949029,0.978086628803457,0.0,0.0
0.01539370805894109,0.5413578023500313,0.9781677991488511,0.0,0.0
0.01533848168083591,0.5390218177146183,0.9782488340954446,0.0,0.0
0.01527957414075503,0.5367095391585133,0.9769278821521563,0.0,0.0
0.015216999576225222,0.5344235082996182,0.9770161188205391,0.0,0.0
0.015150773004841682,0.5321662718365143,0.9771042083460976,0.0,0.0
0.015080910320663611,0.5299403782065367,0.9771921832765226,0.0,0.0
0.015007428290399843,0.5277483740691354,0.9772801092067754,0.0,0.0
0.014930344549384992,0.5255928006155555,0.9773679044376419,0.0,0.0
0.01484967759734673,0.5234761897071115,0.9774555855799575,0.0,0.0
0.014765446793966469,0.5214010598457204,0.9775431940550797,0.0,0.0
0.01467767235423269,0.5193699119818355,0.9776307271854082,0.0,0.0
0.0145863753435895,0.5173852251665212,0.977718204177045,0.0,0.0
0.014491577672881291,0.5154494520560433,0.9778056521197246,0.0,0.0
0.014393302093093948,0.5135650142791227,0.9775118033283093,0.0,0.0
0.014291572189894916,0.5117342976787819,0.9776020254252524,0.0,0.0
0.0141864123779726,0.5099596474425551,0.9776921837253995,0.0,0.0
0.014077847895177074,0.5082433631367073,0.9777822157239233,0.0,0.0
0.013965904796463145,0.5065876936619457,0.9778721243448051,0.0,0.0
0.013850609947637111,0.5049948321499556,0.9779620255207766,0.0,0.0
0.013731991018909234,0.5034669108218521,0.9780518581365065,0.0,0.0
0.013610076478253018,0.5020059958313282,0.9781416256194715,0.0,0.0
0.013484895584573024,0.5006140821168433,0.9782313188057793,0.0,0.0
0.013356478380682876,0.4992930882886235,0.9772577610738131,0.0,0.0
0.01322485568609504,0.49804485157746575,0.9762290011097052,0.0,0.0
0.013090059089624429,0.49687112287337265,0.9763313157916964,0.0,0.0
0.012952120941807106,0.495773561882808,0.9764334999427507,0.0,0.0
0.01281107434713644,0.494753732433895,0.9760289770920098,0.0,0.0
0.012666953156118092,0.4938130979590622,0.9756270570943107,0.0,0.0
0.012519791957146148,0.4929530171845599,0.9757360523441607,0.0,0.0
0.012369626068201914,0.4921747400558234,0.9758449253678447,0.0,0.0
0.012216491528377903,0.49147940392687883,0.9759536684683322,0.0,0.0
0.012060425089228615,0.490868030040861,0.9760622775258911,0.0,0.0
0.011901464205950295,0.49034152032723594,0.9761707550263755,0.0,0.0
0.01173964702839193,0.4899006545395076,0.9762790067595322,0.0,0.0
0.011575012391899299,0.48954608775504904,0.9758865707390398,0.0,0.0
0.011407599807994936,0.489278348256261,0.9759982042777753,0.0,0.0
0.01123744945489537,0.48909783580954236,0.9761095666236302,0.0,0.0
0.011064602167868556,0.48900482035562337,0.976220670284129,0.0,0.0
0.010889099429433696,0.48899944112164034,0.9763316460410725,0.0,0.0
0.010710983359405627,0.48908170616204255,0.9764425050612212,0.0,0.0
0.010530296704786078,0.48925149233200954,0.9765530686875017,0.0,0.0
0.010347082829504828,0.48950854569359364,0.9766633155505106,0.0,0.0
0.010161385704012562,0.4898524823513257,0.9767734201087059,0.0,0.0
0.009973249894727946,0.49028278971062356,0.9768832306317891,0.0,0.0
0.009782720553342159,0.49079882814899833,0.976992732162913,0.0,0.0
0.00958984340598255,0.49139983308690666,0.9771019376453934,0.0,0.0
0.00939466474223864,0.4920849174421015,0.9772107624128435,0.0,0.0
0.009197231404052797,0.49285307444860166,0.9768525909871596,0.0,0.0
0.008997590774478476,0.493703180818924,0.9769645008655221,0.0,0.0
0.008795790766308514,0.4946340002260404,0.9770761059578448,0.0,0.0
0.008591879810576162,0.49564418707967645,0.9771873801637807,0.0,0.0
0.008385906844932007,0.49673229057004076,0.9768222604107868,0.0,0.0
0.008177921301899014,0.49789675895091307,0.9781865947610641,0.0,0.0
0.007967973097009232,0.49913594403318584,0.9782919751005711,0.0,0.0
0.0077561126168240015,0.5004481058594816,0.9783970886602255,0.0,0.0
0.007542390706841605,0.5018314175303212,0.9785017575076755,0.0,0.0
0.007326858659294549,0.5032839701524969,0.9786059905456923,0.0,0.0
0.007109568200839586,0.5048037778807726,0.9782959823626451,0.0,0.0
0.006890571480143782,0.5063887830247706,0.9779873111264834,0.0,0.0
0.006669921055368865,0.5080368611939262,0.9776745861752845,0.0,0.0
0.0064476698815575904,0.5097458264545712,0.9790423819153241,0.0,0.0
0.0062238712979248425,0.5115134364746181,0.9791465152613908,0.0,0.0
0.005998579015056403,0.5133373976328712,0.9792500197654628,0.0,0.0
0.005771847102018741,0.5152153700716512,0.9805433078978801,0.0,0.0
0.005543729973382606,0.5171449726731919,0.9806375125643277,0.0,0.0
0.005314282376163843,0.5191237879420896,0.980731196637473,0.0,0.0
0.005083559376684442,0.521149366777936,0.9808241967063678,0.0,0.0
0.0048516163473567514,0.5232192331241347,0.980916713345411,0.0,0.0
0.0046185089533944184,0.5253308884807463,0.9810088188317014,0.0,0.0
0.00438429313945307,0.5274818162710031,0.9811003870366448,0.0,0.0
0.004149025116203712,0.529669486052892,0.9811914140765713,0.0,0.0
0.003912761346842645,0.5318913575688914,0.9823939994624211,0.0,0.0
0.003675558533540389,0.5341448846285036,0.9835258001549237,0.0,0.0
0.003437473603833521,0.5364275188197684,0.9845873489068384,0.0,0.0
0.003198563696962268,0.5387367130472834,0.9846542627660873,0.0,0.0
0.002958886150157547,0.5410699248955995,0.9847207255124485,0.0,0.0
0.0027184984848800504,0.5434246198179642,0.9847867582049885,0.0,0.0
0.002477458393015546,0.5457982741515132,0.9857703726975516,0.0,0.0
0.002235823723029043,0.5481883779609015,0.9858289515319093,0.0,0.0
0.001993652466081446,0.550592437713243,0.9858871125739125,0.0,0.0
0.0017510027421119279,0.5530079787879293,0.9859448467633852,0.0,0.0
0.001507932785889523,0.5554325478255491,0.9860021182108858,0.0,0.0
0.0012645009330369064,0.5578637149206411,0.9860588712683477,0.0,0.0
0.0010207656060302597,0.5602990756634677,0.9861152216285028,0.0,0.0
0.0007767853001780882,0.5627362530363331,0.986171215466781,0.0,0.0
0.0005326185695826374,0.5651728991702676,0.9862267667894513,0.0,0.0
0.0002883240130871994,0.5676066969680744,0.9862818639879527,0.0,0.0
4.396026021267035e-05,0.5700353615998924,0.9863366838500415,0.0,0.0
-0.00020041404291324576,0.5724566418775,0.9872058018798505,0.0,0.0
-0.0004447402476308242,0.5748683215136019,0.9870416145971808,0.0,0.0
-0.0006889597168237787,0.577268220272331,0.9868750353660478,0.0,0.0
-0.0009330138389917684,0.5796541950171276,0.9869257991636147,0.0,0.0
-0.001176844042317013,0.5820241406620615,0.986976093219725,0.0,0.0
-0.001420391808721138,0.5843759910325333,0.9870259484751802,0.0,0.0
-0.00166359868790927,0.5867077196411568,0.9870753995782618,0.0,0.0
-0.00190640631139785,0.589017340384402,0.9871243780679844,0.0,0.0
-0.0021487564065227572,0.5913029081654662,0.9871729644136027,0.0,0.0
-0.002390590810424493,0.5935625194485602,0.9879563511941615,0.0,0.0
-0.0026318514840070035,0.5957943127496307,0.9879987561756293,0.0,0.0
-0.002872480525866665,0.5979964690683153,0.9880408420887513,0.0,0.0
-0.003112420186188557,0.600167212265687,0.9887497838174775,0.0,0.0
-0.0033516128806059206,0.6023048093921347,0.9887862518033749,0.0,0.0
-0.003590001204020277,0.6044075709695043,0.9891322665500502,0.0,0.0
-0.0038275279443783124,0.6064738512313843,0.9891675750999843,0.0,0.0
-0.004064136096402536,0.6085020483252231,0.989202633715362,0.0,0.0
-0.004299768875272199,0.6104906044797366,0.989237325411549,0.0,0.0
-0.004534369730251465,0.6124380061408562,0.9895436681139455,0.0,0.0
-0.004767882358261288,0.6143427840792708,0.9895772642548765,0.0,0.0
-0.005000250717391807,0.6162035134724191,0.9901531353034864,0.0,0.0
-0.00523141904035229,0.6180188139635957,0.9906753917270698,0.0,0.0
-0.0054613318478548365,0.6197873497006531,0.9907002845257656,0.0,0.0
-0.005689933961929326,0.6215078293566263,0.9911653514543114,0.0,0.0
-0.005917170519165678,0.6231790061344178,0.9915818219149378,0.0,0.0
-0.006142986983880932,0.6247996777575414,0.9916000125346426,0.0,0.0
-0.006367329161207532,0.6263686864487749,0.9916180600130345,0.0,0.0
-0.0065901432100997975,0.6278849188984189,0.9916359270525974,0.0,0.0
-0.006811375656255534,0.6293473062237529,0.9916536367241945,0.0,0.0
-0.007030973404949666,0.6307548239211243,0.9916711682091153,0.0,0.0
-0.007248883753776591,0.6321064918120242,0.9916885221905115,0.0,0.0
-0.007465054405298591,0.6334013739843518,0.9917057041629982,0.0,0.0
-0.007679433479596965,0.6346385787300257,0.9917227597617533,0.0,0.0
-0.007891969526722952,0.6358172584799425,0.9916845984441884,0.0,0.0
-0.008102611539045472,0.6369366097372403,0.992014137659734,0.0,0.0
-0.008311308963492659,0.6379958730097247,0.992029181663511,0.0,0.0
-0.008518011713684452,0.6389943327422319,0.9920441016072657,0.0,0.0
-0.008722670181952998,0.6399313172496512,0.992058868031758,0.0,0.0
-0.008925235251248349,0.6408061986512282,0.9920734813340173,0.0,0.0
-0.009125658306926174,0.6416183928067689,0.9923408646312224,0.0,0.0
-0.009323891248415239,0.6423673592552225,0.9925589711466062,0.0,0.0
-0.009519886500761096,0.6430526011561521,0.9925452340938339,0.0,0.0
-0.009713597026044032,0.6436736652344961,0.9925568031345713,0.0,0.0
-0.009904976334667796,0.644230141729,0.9925682215727554,0.0,0.0
-0.010093978496516982,0.6447216643446515,0.9925795297375417,0.0,0.0
-0.010280558151980012,0.6451479102094114,0.992590754373866,0.0,0.0
-0.010464670522835213,0.6455085998354965,0.9926018838572135,0.0,0.0
-0.010646271422997292,0.6458034970854265,0.9926129315944303,0.0,0.0
-0.010825317269121983,0.6460324091430393,0.9926238732247293,0.0,0.0
-0.011001765091065641,0.646195186489597,0.9926346830027466,0.0,0.0
-0.011175572542197965,0.6462917228851505,0.9926454021732425,0.0,0.0
-0.011346697909565074,0.6463219553552145,0.9926560477420496,0.0,0.0
-0.011515100123900154,0.6462858641828505,0.9926666093390039,0.0,0.0
-0.011680738769480163,0.6461834729061801,0.9927887098301493,0.0,0.0
-0.011843574093825257,0.6460148483213546,0.9927983276650532,0.0,0.0
-0.012003567017239227,0.6457801004909497,0.993095550829921,0.0,0.0
-0.01216067914218847,0.6454793827577583,0.9931044087241891,0.0,0.0
-0.012314872762517134,0.6451128917639053,0.993113217419671,0.0,0.0
-0.012466110872496508,0.6446808674751852,0.9931219985249172,0.0,0.0
-0.0126143571757062,0.6441835932105016,0.9933118354981104,0.0,0.0
-0.012759576093745027,0.643621395676244,0.9933202784514074,0.0,0.0
-0.012901732774769739,0.6429946450054174,0.9933286799371314,0.0,0.0
-0.013040793101859287,0.6423037548013011,0.9933404006675756,0.0,0.0
-0.013176723701202635,0.6415491821853821,0.9933552124054698,0.0,0.0
-0.013309491950108528,0.6407314278492577,0.9934464659939168,0.0,0.0
-0.013439065984834422,0.6398510361101847,0.993455700433287,0.0,0.0
-0.013565414708234056,0.6389085949698801,0.9934648908215782,0.0,0.0
-0.013688507797220303,0.6379047361761628,0.9934740371812258,0.0,0.0
-0.013808315710042637,0.636840135286952,0.9934831844394917,0.0,0.0
-0.01392480969337713,0.6357155117360853,0.9934922779471298,0.0,0.0
-0.014037961789226935,0.6345316289003954,0.993501341589854,0.0,0.0
-0.014147744841632205,0.6332892941673621,0.993494418571773,0.0,0.0
-0.01425413250318737,0.6319893590026509,0.9935039538847925,0.0,0.0
-0.014357099241364281,0.6306327190167293,0.9934216711018244,0.0,0.0
-0.01445662034464016,0.6292203140297163,0.9934314430136376,0.0,0.0
-0.0145526719284278,0.6277531281334973,0.9934411494330805,0.0,0.0
-0.01464523094080821,0.626232189750067,0.9934507388302022,0.0,0.0
-0.014734275168062758,0.6246585716849874,0.9934602438393995,0.0,0.0
-0.014819783240004273,0.6230333911746953,0.9934696892040084,0.0,0.0
-0.014901734635106016,0.6213578099263317,0.993543098531373,0.0,0.0
-0.01498010968542649,0.6196330341486311,0.9935520119279259,0.0,0.0
-0.015054889581329826,0.617860314572268,0.9935609294167259,0.0,0.0
-0.015126056376000011,0.616040946457961,0.9935698127224982,0.0,0.0
-0.015193592989747913,0.6141762695904605,0.993578661143464,0.0,0.0
-0.015257483214110416,0.6122676682564175,0.9935874653763809,0.0,0.0
-0.015317711715740394,0.6103165712039736,0.9935962183152074,0.0,0.0
-0.015374264040086495,0.6083244515817379,0.9936049329367699,0.0,0.0
-0.015427126614862435,0.6062928268546421,0.9935326015852451,0.0,0.0
-0.01547628675330393,0.6042232586940154,0.9935421548056562,0.0,0.0
-0.015521732657213797,0.6021173528389748,0.9935516503012627,0.0,0.0
-0.015563453419793202,0.5999767589260914,0.9935611002794634,0.0,0.0
-0.015601439028259431,0.5978031702840398,0.9935704997188097,0.0,0.0
-0.01563568036624877,0.5955983236897697,0.9935798716737092,0.0,0.0
-0.01566616921600446,0.593363999082481,0.9935891829780649,0.0,0.0
-0.015692898260348944,0.59110201923151,0.9935984985008477,0.0,0.0
-0.015715861084439803,0.588814249353971,0.9935201262394228,0.0,0.0
-0.015735052177309607,0.5865025966778009,0.9934419120748613,0.0,0.0
-0.01575046693318812,0.5841690099456159,0.9933637200977625,0.0,0.0
-0.015762101652607885,0.5818154788545685,0.9932866422982944,0.0,0.0
-0.015769953543292196,0.5794440334271813,0.9932091013441255,0.0,0.0
-0.015774020720824882,0.5770567433079119,0.9932203321981288,0.0,0.0
-0.015774302209102902,0.5746557169800189,0.9932314900013696,0.0,0.0
-0.015770797940570385,0.5722431008970854,0.9931546721743676,0.0,0.0
-0.015763508756235067,0.5698210785234058,0.9931662340869357,0.0,0.0
-0.015752436405466082,0.5673918692772908,0.9931777471940986,0.0,0.0
-0.01573758354557444,0.5649577273712055,0.9929953396443545,0.0,0.0
-0.015718953741175382,0.5625209405425681,0.993007178285161,0.0,0.0
-0.015696551463332452,0.5600838286689899,0.9930189576793058,0.0,0.0
-0.0156703820884847,0.5576487422617018,0.9930970673317786,0.0,0.0
-0.015640451897156623,0.555218060830941,0.9931082258621015,0.0,0.0
-0.01560676807245035,0.552794191117181,0.9931193595318268,0.0,0.0
-0.015569338698322265,0.5503795651821852,0.9931305086892384,0.0,0.0
-0.015528172757642312,0.547976638354119,0.9931416651223711,0.0,0.0
-0.015483280130038794,0.5455878870212032,0.9931664975352523,0.0,0.0
-0.015434671589526763,0.5432158062687639,0.9931773367310122,0.0,0.0
-0.015382358801922706,0.540862907354987,0.9931881357500133,0.0,0.0
-0.015326354322044393,0.5385317150212149,0.9930086283905096,0.0,0.0
-0.015266671590698305,0.5362247646332567,0.993019676068849,0.0,0.0
-0.01520332493145337,0.5339445991509411,0.9930306517396463,0.0,0.0
-0.015136329547203845,0.5316937659239627,0.9930415351735133,0.0,0.0
-0.015065701516520221,0.5294748133130566,0.9930523597555614,0.0,0.0
-0.014991457789790955,0.5272902871365739,0.9930631197093406,0.0,0.0
-0.01491361618515397,0.5251427269437543,0.992880744700637,0.0,0.0
-0.014832195384220835,0.5230346621172348,0.9928917786729657,0.0,0.0
-0.014747214927592879,0.5209686078087895,0.992902781713866,0.0,0.0
-0.014658695210171753,0.5189470607137507,0.9929137767825222,0.0,0.0
-0.014566657476264759,0.5169724946911969,0.9928882132896885,0.0,0.0
-0.014471123814486266,0.5150473562386528,0.9928991496619171,0.0,0.0
-0.014372117152456442,0.5131740598318195,0.9929100483387838,0.0,0.0
-0.014269661251299005,0.5113549831416503,0.9928411523567273,0.0,0.0
-0.014163780699938395,0.5095924621429342,0.9928529539286517,0.0,0.0
-0.014054500909198667,0.5078887861304249,0.9927140074005016,3.147274896686967e-06,0.00031482533227202106
-0.01394184810570506,0.5062461926603964,0.9927271028408327,1.2575532834529456e-05,0.000629364461815721
-0.013825849325589659,0.5046668624373226,0.9926742624918615,2.8266843795245037e-05,0.0009436445505368794
-0.013706532408002839,0.5031529141671492,0.9924781354341693,5.020346642255284e-05,0.0012576479434128515
-0.01358392598843212,0.5017063994002734,0.9924931364247164,7.83670426747173e-05,0.0015713596229711938
-0.013458059491829688,0.5003292973888882,0.9925078936745182,0.00011273966794580494,0.0018848072905982057
-0.013328963125550456,0.4990235099847449,0.9925226572226652,0.00015330366746461334,0.0021979906444489334
-0.013196667872102772,0.497790856604552,0.9924319297274685,0.00020004137792399768,0.0025109098436867606
-0.013061205481712315,0.49663306929122714,0.9924467829226622,0.00025293521153180485,0.0028235664712232046
-0.012922608464702556,0.4955517878999299,0.9924615446986931,0.00031196761143460376,0.003135959464712315
-0.012780910083692313,0.49454855543825077,0.9924761806660152,0.0003771210386754743,0.0034480883580725614
-0.012636144345612811,0.49362481359008276,0.9923297048781851,0.00044837797708796416,0.003759950643805071
-0.012488345993546285,0.4927818984525247,0.9923451670487886,0.0005257208441127833,0.0040715419798668
-0.01233755049838783,0.4920210365146604,0.992360537344899,0.0006091320728790338,0.00438286265064392
-0.01218379405033242,0.49134334090619863,0.9921672467397133,0.0006986023930460715,0.004695552821596958
-0.012027113550189457,0.4907498079427608,0.9921826175500882,0.0007941710536555808,0.0050103863756778355
-0.011867546600526984,0.4902413139930598,0.9921980943480142,0.000895836223844185,0.005324926384064039
-0.011705131496646905,0.4898186126913092,0.9919254075812066,0.0010035797060139553,0.005639148720386202
-0.011539907217394521,0.48948233251603107,0.9915921061704308,0.0011173825857493406,0.005953019800669197
-0.011371913415803785,0.4892329747539012,0.9916122954851063,0.001237225782805031,0.00626655680464542
-0.01120119040958065,0.4890709118645218,0.9916318155182164,0.0013630910111605754,0.00657979571968099
-0.01102777917142712,0.4889963862590123,0.9914233113319434,0.0014949681333045533,0.006894285402019236
-0.010851721319207901,0.48900950950212024,0.9914430978466666,0.001632892622681935,0.007210745870041671
-0.010673059105962506,0.48911026194422463,0.9914629152903192,0.0017768612032573424,0.007526883262312539
-0.010491835409764408,0.4892984927861886,0.9914825106045705,0.0019268552966663433,0.007842693888535623
-0.010308093723430868,0.48957392057653126,0.9912719618663892,0.00208286370817478,0.008159637719629199
-0.010121878144084535,0.4899361341369442,0.9910571910827956,0.0022449252557923613,0.008479773574809562
-0.009933233362570612,0.49038459390876626,0.9910776934008504,0.002413082783286926,0.00880157239341943
-0.009742204652731132,0.49091863370974426,0.990654511521361,0.002587329909459236,0.009122961248649057
-0.009548837860539505,0.49153746288726236,0.9905333525782588,0.0027676458723600544,0.009443925168635445
-0.009353179393097646,0.4922401688513178,0.9905562014303897,0.00295401056562411,0.009764506068448616
-0.009155276207498548,0.4930257199677938,0.9905788591298574,0.0031464043716420433,0.010084712672132503
-0.00895517579955673,0.4938929687902021,0.9906013451733228,0.003344807751707464,0.01040454362749578
-0.008752926192409636,0.49484065560593565,0.9906236327810548,0.0035492011848594312,0.010723998092812307
-0.008548575924992122,0.4958674122712978,0.9906458076586189,0.0037595651734611928,0.01104307539403618
-0.008342174040387462,0.496971766308122,0.9904189080155824,0.003975886475117892,0.011363003463705092
-0.00813377007405721,0.498152145233709,0.9904418588977905,0.004198187815308582,0.011684333519558275
-0.007923414041952851,0.49940688109503995,0.9904641389707213,0.004426461054034775,0.012005252529827174
-0.00771115642851239,0.5007342151778392,0.9904870360575949,0.004660686068562234,0.012325759217184075
-0.007497048174544151,0.5021323028609709,0.9902580998746355,0.004900848265307854,0.012646953789327679
-0.007281140665001326,0.5035992185868905,0.9902809984537919,0.0051469653174432695,0.012969328447650407
-0.0070634857166498545,0.5051329609194138,0.990303265075947,0.005399027249471721,0.013291261164191354
-0.006844135565632454,0.506731457660865,0.9903257079695623,0.005657013375821383,0.013612752241840673
-0.006623142854932545,0.5083925710017031,0.9900947831995436,0.00592090792287914,0.013934764761698403
-0.006400560621739857,0.5101141026769794,0.9901169426522216,0.006190723151426508,0.014257718595919566
-0.006176442284721903,0.5118937991054171,0.9901395069235734,0.006466447208629153,0.014580200599503403
-0.0059508416312037595,0.5137293564884718,0.9899062317630054,0.006748063030204678,0.014903030678194715
-0.005723812804259353,0.515618425848434,0.9896736742829046,0.0070355807487262135,0.01522722925200223
-0.005495410289717386,0.5175586179864111,0.9894333999995805,0.007329012037431335,0.015552416098873733
-0.005265688903084926,0.5195475083428538,0.9891942172587892,0.007628361090950699,0.01587820269017844
-0.005034703776392121,0.5215826417451621,0.9892183232566113,0.007933622516362556,0.016203933765747358
-0.004802510344960552,0.5236615370287534,0.9892421864340387,0.008244776250313023,0.016529075729733205
-0.004569164334099222,0.5257816915198191,0.9892658129369207,0.008561798744169367,0.01685362773109523
-0.0043347217457306,0.5279405853698069,0.9887163521019281,0.008884666306881445,0.017177555393429383
-0.004099238844950566,0.530135685733356,0.9887435818588135,0.009213354275071582,0.017500841129512217
-0.0038627721465249103,0.5323644507831407,0.9887004297942716,0.009547838828389946,0.017823529127251592
-0.0036253784013261974,0.5346243335565757,0.9887263268722644,0.00988809635146855,0.018145615403030734
-0.0033871145827136916,0.5369127856308703,0.9887519827949304,0.010234103381134577,0.01846710679738746
-0.003148037872860199,0.5392272606242482,0.9887773436470774,0.010585836537941129,0.018788002742618996
-0.0029082056490284556,0.5415652175224408,0.9885212082043481,0.010943273238649588,0.01910842999091453
-0.00266767546980092,0.5439241238306782,0.9885477868699039,0.011306393627689485,0.0194283761886299
-0.002426505061266079,0.5463014585524703,0.9885728776166426,0.011675174774502261,0.019747696555884604
-0.002184752303164193,0.5486947149973721,0.9883150346255605,0.012049592613677827,0.020066315810544754
-0.0019424752149969013,0.551101403420749,0.9883411080780508,0.012429619733953139,0.020384119716455623
-0.0016997319421022767,0.553519053499267,0.9883678305983363,0.012815230728824002,0.02070126802016912
-0.00145658074170063,0.5559452166464361,0.9883930721057481,0.01320640134999659,0.02101776059206556
-0.001213079968912904,0.5583774681730598,0.9881343313737506,0.013603105991303594,0.02133329548144992
-0.0009692880627556867,0.5608134092978277,0.9881601216157514,0.014005308936112895,0.02164764484050721
-0.0007252635321162282,0.5632506690136759,0.9875077992999926,0.014412981920828216,0.021961269926080915
-0.0004810649417105123,0.5656869058157594,0.9875369272925935,0.01482609900896551,0.022274152689356876
-0.00023675089802803823,0.5681198092970717,0.987566140834716,0.015244635200719848,0.022586346649558917
7.619964733464269e-06,0.5705471016179012,0.9875948812008306,0.01566856592023822,0.022897852471491998
0.0002519889987399543,0.5729665388553292,0.9873172158933395,0.016097863944698615,0.023208106992640153
0.0004962975565963008,0.5753759122390476,0.987346620346783,0.016532484092042835,0.023516750904913286
0.000740487005421344,0.5777730492796878,0.9873757744270586,0.016972395365315494,0.023824673113047007
0.0009844987409195333,0.5801558147958156,0.9874046878697,0.017417572755660277,0.024131872156577017
0.0012282742014456153,0.5825221118456397,0.9874334391609229,0.017867991290681423,0.024438347786247556
0.0014717548820592605,0.5848698825693361,0.9874621451164501,0.01832362604275875,0.02474410038782053
0.0017148823485658743,0.587197108947736,0.9874918287550365,0.018784452129881186,0.025049128598183493
0.0019575982515405437,0.589501813482965,0.9875200872668092,0.019250444781852425,0.025353438666746414
0.002199844340331647,0.5917820598064027,0.9875481463252661,0.019721579267522413,0.02565702520246641
0.0024415624770407025,0.5940359532191435,0.9872774094437985,0.020197826598185416,0.02595900893070743
0.002682694650475188,0.5962616411699289,0.9873062576757363,0.020679130287960316,0.02625887097059649
0.0029231829900709765,0.5984573136752803,0.9873349070598371,0.021165456062380798,0.026557979889553992
0.0031629697797809146,0.6006212036863703,0.9873633616026232,0.02165677879604064,0.02685633323520454
0.003401997471926543,0.6027515874069128,0.9866518128378267,0.022153073277824207,0.027153899752455586
0.003640208701009097,0.6048467845661504,0.9867556903834338,0.022654313342751642,0.02745066435553995
0.0038775462974770547,0.6069051586507893,0.986785384007878,0.023160473800479864,0.027746677362367123
0.004113953301446555,0.6089251170995074,0.9868161312283074,0.02367152973222097,0.028041937954860145
0.0043493729763714245,0.6109051114634537,0.98684547244258,0.02418745644876815,0.0283364504831493
0.0045837488226597375,0.6128436375359612,0.9868758397915746,0.02470822913240265,0.028630209664681296
0.004817024591233441,0.6147392354544617,0.986904832638202,0.025233823188700738,0.02892322066705737
0.005049144297027851,0.6165904897774278,0.9869336850520494,0.02576421382649736,0.02921546626840652
0.005280052232427796,0.6183960295389759,0.9869623675739756,0.02629937615422658,0.029506945679710902
0.0055096929806371766,0.6201545282835672,0.9869905721985178,0.02683928533907799,0.029797660437057127
0.005738011428978751,0.6218647040830897,0.9867092423020343,0.027383910400786467,0.030086335524139078
0.005964952782120874,0.6235253195384409,0.9867385122817437,0.027933180951419098,0.03037225212207468
0.0061904625752281575,0.6251351817675735,0.9867687702450773,0.028487058807427253,0.030657387510190683
0.0064144866870327584,0.6266931423818116,0.9867973344806689,0.029045519329928583,0.030941747445778992
0.006636971352823206,0.6281980974521308,0.9868261222993129,0.02960853762651575,0.03122531335702248
0.006857863177347655,0.6296489874669373,0.9868543514587494,0.030176088723408257,0.0315080848448839
0.007077109147628544,0.6310447972827855,0.9870357530703013,0.030748147737017617,0.031790072599905364
0.007294656645685485,0.6323845560693301,0.9870618619192083,0.03132469017760354,0.032071282352839584
0.007510453461163145,0.6336673372497413,0.9870889823867871,0.031905691356432245,0.03235170778755571
0.007724447803861697,0.6348922584376658,0.9871143801013378,0.0324911268893938,0.03263135532338215
0.007936588316166114,0.6360584813717524,0.9871396387262552,0.03308097208462857,0.032910202293188556
0.008146824085371774,0.6371652118486735,0.9871653286699096,0.033675202124640674,0.03318824866428297
0.008355104655903218,0.6382116996554712,0.9871920558538085,0.034273792340964164,0.03346550914348988
0.008561380041423311,0.6391972385020064,0.9872169718557108,0.03487671850918557,0.03374198851954248
0.008765600736829691,0.6401211659541954,0.9872417707365219,0.03548395604323348,0.03401766252809978
0.008967717730135771,0.6409828633686758,0.9872663999766552,0.036095480227471825,0.034292530160630885
0.009167682514233336,0.6417817558294612,0.9874812497827601,0.036711266453929664,0.03456660893468656
0.00936544709853406,0.6425173120871029,0.9875032839186689,0.03733129081895175,0.034839914725263384
0.00956096402048708,0.643189044500818,0.9875260159820941,0.03795552892906779,0.03511241068034473
0.009754186356969584,0.643796508984001,0.9872596494602761,0.03858394752885202,0.0353823352686209
0.009945067735548358,0.6443393049534653,0.9869958764622724,0.03921644971282621,0.03564676149754972
0.010133562345608813,0.6448170752827703,0.9870200472834606,0.03985292286371361,0.03590732973993885
0.010319624949349302,0.6452295062598888,0.9872432507680505,0.040493322062657065,0.0361670642121918
0.010503210892638072,0.6455763275494807,0.987265023482679,0.041137623098657324,0.03642597351075252
0.010684276115730045,0.6458573121599714,0.9872857823956717,0.04178580124968235,0.03668402316356875
0.010862777163840778,0.6460722764156304,0.9873064554764529,0.04243783154365252,0.03694120845573492
0.01103867119757556,0.6462210799337813,0.9873277598830327,0.04309368901455393,0.03719753416842564
0.011211916003210629,0.6463036256072745,0.9873500631529885,0.043753349078095964,0.03745302883145835
0.01138247000282426,0.6463198595923061,0.9873723009389012,0.044416787886689346,0.037707719356215474
0.011550292264275208,0.6462697713016361,0.9873926863909107,0.04508398170583994,0.037961580984041544
0.011715342511026332,0.6461533934032613,0.9871314109270418,0.04575489423506058,0.03821220384058963
0.011877581131810668,0.6459708018245258,0.9871524625504274,0.0464294168376768,0.03845833333199266
0.012036969190138015,0.6457221157616657,0.9871734682445172,0.04710750054569585,0.03870357537448928
0.012193468433639427,0.6454074976947244,0.9871943424978156,0.04778912047918972,0.03894792598337546
0.012347041303247751,0.6450271534077867,0.9872159309513887,0.04847425179677436,0.03919139481548778
0.012497650942211436,0.6445813320143996,0.9874839909760204,0.04916287017488561,0.03943401842858354
0.012645261204940089,0.6440703259880681,0.987503540253612,0.04985495205025456,0.039675800903598325
0.012789836665679196,0.6434944711976547,0.9875230238254407,0.050550473110784616,0.03991669791309377
0.012931342627012182,0.6428541469474826,0.9875425248639307,0.05124940879726802,0.04015670875213285
0.0130697451281876,0.6421497760219224,0.9875620020983629,0.0519517344695726,0.04039582244333132
0.013205010953269489,0.6413818247341841,0.9875814259076203,0.052657425477360485,0.04063404578166182
0.013337107639109183,0.6405508029790229,0.9873291611964768,0.05336644365913863,0.040868617792417315
0.01346600348313612,0.6396572642890059,0.9873497902002585,0.05407866722868188,0.0410981219130016
0.013591667550966488,0.6387018058939524,0.9873684924433523,0.05479404480306095,0.04132675864651159
0.013714069683827209,0.6376850687831092,0.9873871105840867,0.05551255192300738,0.04155446592993569
0.013833180505793977,0.6366077377695817,0.9874071278304121,0.05623416383983968,0.041781255233547594
0.01394897143084125,0.635470541556473,0.9874270739850771,0.05695885618256532,0.04200713996717056
0.01406141466970282,0.634274252804131,0.9874455051848422,0.05768660466789713,0.04223210792848766
0.01417048323654114,0.6330196881978395,0.9874638530676018,0.05841738461911125,0.0424561399692277
0.014276150955423714,0.6317077085152365,0.9874836516290891,0.05915117134116086,0.042679248141672496
0.014378392466605222,0.6303392186926262,0.9875033886385967,0.059887940587243324,0.04290144837500677
0.014477183232613782,0.6289151678893369,0.9875230378391292,0.0606276682138437,0.04312273544073099
0.01457249954413978,0.6274365495491231,0.9875427132198158,0.06137033008895674,0.043343113665059746
0.014664318525725892,0.6259044014575864,0.9875623169148099,0.062115902189813124,0.04356258178122925
0.0147526181412574,0.6243198057944294,0.9875820858633116,0.06286436068820717,0.04378117445430467
0.014837377199250382,0.6226838891793095,0.9876014736121859,0.06361568286878362,0.043998912038367886
0.014918575357937792,0.6209978227099043,0.9876208257136849,0.0643698452371593,0.044215742017445214
0.014996193130151296,0.6192628219907105,0.987640323102686,0.06512682398067068,0.04443166380737008
0.015070211887998168,0.6174801471509563,0.9876597820971511,0.06588659529908535,0.04464667485712111
0.0151406138673318,0.6156511028498858,0.9876774695259357,0.06664913531861229,0.0448607568517822
0.015207382172015105,0.6137770382675151,0.9880493774385446,0.06741441989507478,0.04507394402840542
0.015270500777975496,0.6118593470788303,0.9880660340342966,0.06818242667432561,0.04528628504607254
0.015329954537050503,0.6098994674092261,0.9880810834808291,0.06895313232473918,0.04549769442239623
0.015385729180623328,0.6078988817688137,0.9878472661036585,0.06972649621524961,0.04570486417884679
0.015437811323047217,0.6058591169630719,0.9878645424029552,0.07050237839100582,0.04590611427694461
0.015486188464858025,0.6037817439771024,0.9878820184925512,0.07128072234391018,0.04610648472037281
0.015530848995773963,0.6016683778305976,0.9878976461974428,0.07206150607249157,0.04630597453445941
0.015571782197481928,0.5995206774003847,0.9879150569916159,0.0728447059677656,0.046504510383443345
0.015608978246210095,0.5973403452072616,0.9882648654491445,0.07363029877987051,0.04670216954133617
0.015642428215085227,0.5951291271635665,0.9882799215634109,0.07441826291610436,0.046898975424680855
0.01567212407627537,0.5928888122777661,0.9882930466741648,0.07520857551816175,0.047094832178128126
0.015698058702916413,0.5906212323120863,0.9883061279059837,0.07600121244505316,0.04728970376013365
0.01572022587082242,0.5883282613890013,0.988321112915072,0.07679614950424338,0.047483615620695835
0.01573862025997957,0.5860118155421751,0.9883341779471098,0.07759336329693696,0.047676580269596765
0.015753237455822692,0.5836738522072183,0.9883471987368282,0.07839282982401055,0.04786855653965484
0.01576407395029502,0.5813163696474011,0.9883616872794699,0.07919452494517043,0.04805957162859987
0.015771127142689825,0.5789414063092567,0.9883746641733129,0.07999842552702487,0.04824965104445625
0.015774395340274826,0.5765510401027816,0.9883896510355952,0.0808045080666439,0.04843877591789847
0.015773877758698283,0.5741473876007664,0.9884045647766316,0.0816127495133197,0.048626974650696514
0.01576957452217731,0.5717326031515694,0.9884174791902641,0.08242312691268362,0.04881421946121594
0.015761486663467977,0.5693088778995131,0.9884321233118653,0.08323561674605619,0.049000542009608794
0.015749616123617614,0.5668784387069261,0.9881118319778603,0.08405019769296226,0.04918602635329795
0.01573396575149874,0.5644435469717142,0.9881271124748954,0.08486684829572097,0.04937062357785708
0.01571453930312555,0.5620064973342979,0.9881429857058314,0.08568554634956853,0.04955430443854182
0.015691341440752463,0.5595696162676502,0.9881588514382179,0.08650626935335647,0.049737060994628955
0.015664377731755018,0.5571352605442224,0.9879312017045041,0.08732897589009414,0.04991509277984426
0.015633654647293986,0.5547058155735207,0.9879457065092406,0.0881535098294011,0.05008642351994653
0.01559917956076213,0.5522836936042406,0.9879602062215999,0.08897980947478497,0.050256747697589886
0.01556096074601478,0.5498713317849908,0.9877343489500059,0.0898078312289072,0.05042205491807619
0.01551900737538398,0.547471190077886,0.9875128003770685,0.09063739015936012,0.05057617030926894
0.01547332951747733,0.5450857490195629,0.9875287370638355,0.09146827784657445,0.0507230527245039
0.015423938134761455,0.5427175073245567,0.9875446553989949,0.0923004301029911,0.050868931519055256
0.015370845080931082,0.5403689793264644,0.9873215639280536,0.09313380237879625,0.05100940297995512
0.015314063098064322,0.5380426922528387,0.9877356685572111,0.09396821837042908,0.051142340058974674
0.015253605813564478,0.5357411833304557,0.98775176242103,0.09480361541007759,0.05127446212748523
0.015189487736889632,0.5334669967183318,0.9877671531555093,0.09563997437333943,0.05140573363626574
0.015121724256070347,0.5312226802667516,0.9877833001032169,0.09647727711876766,0.05153618049565092
0.015050331634016874,0.5290107821015432,0.9877974276760422,0.09731550400193642,0.051665679375495197
0.014975327004615688,0.5268338470339327,0.9878115565085177,0.09815463337930119,0.051794166156411164
0.014896728368617876,0.5246944127975061,0.9878256272525999,0.09899464325215182,0.05192164347734444
0.01481455458931875,0.522595006115148,0.9878396557876511,0.09983551169867216,0.05204811228915408
0.014728825388030902,0.5205381386002198,0.9876300877028479,0.1006771938251025,0.052168959061399525
0.014639561339351164,0.5185263024977846,0.9876467453427462,0.10151950663427943,0.052281917995130774
0.014546783866222688,0.5165619662732999,0.9876623664468183,0.10236238491427879,0.052394052607542096
0.014450515234793697,0.5146475700578967,0.9876771935218973,0.10320581163357383,0.05250533958949106
0.014350778549073642,0.5127855209611345,0.987691715085401,0.10404976664125039,0.052615624195739834
0.014247597745388271,0.5109781882639309,0.9877061762866252,0.10489422905754858,0.05272492349758189
0.014140997586635251,0.5092278985062404,0.9877228650001301,0.10573917844181534,0.052833283864797805
0.014031003656340961,0.5075369304858875,0.9877395080603156,0.10658459590465093,0.05294076861482521
0.013917642352520684,0.505907510186844,0.9875353820285454,0.10743043893639391,0.05304256023746804
0.013800940881343184,0.5043418056570095,0.9875526170013983,0.10827652080238175,0.05313625987579432
0.013680927250601362,0.502841921857333,0.9875679516326841,0.10912277554810682,0.05322905363659666
0.01355763026299044,0.5014098955057231,0.9875832281867224,0.10996918359804286,0.053320857735513476
0.013431079509195733,0.5000476899407126,0.9876002606609272,0.1108157251793559,0.053411731129499256
0.013301305360790555,0.49875719003119023,0.9876173306795806,0.11166238261213225,0.05350176255696036
0.013168338962947624,0.4975401971596569,0.9876343421705613,0.11250913883088262,0.053590952314317784
0.01303221222696422,0.49639842430738634,0.9880192966096015,0.11335597716770358,0.053679364802734546
0.012892957822603412,0.4953334912705378,0.9880326103010849,0.11420288313279227,0.05376708682884451
0.012750609170253937,0.4943469200366588,0.9880470435905565,0.11504984237773339,0.0538540526890885
0.012605200432908996,0.4934401303510883,0.9880599626838483,0.11589683831860456,0.053940120122541006
0.012456766507967579,0.4926144355025325,0.9880746215473751,0.11674385198942347,0.05402525928702309
0.01230534301885912,0.4918710383565094,0.9878860017400891,0.11759084136037369,0.0541046286020955
0.012150966306494192,0.4912110276644175,0.9877031526017619,0.11843759307526867,0.05417090706643627
0.011993673420542686,0.4906353746747198,0.987526165420987,0.11928384792136801,0.05422429482318812
0.011833502110542248,0.4901449300711144,0.9878552660132347,0.12012937597177364,0.0542698300898301
0.011670490816838354,0.4897404212605973,0.9881173136679188,0.12097411857016901,0.0543147794042119
0.011504678661359038,0.48942245003207446,0.9883137763310105,0.1218180657128375,0.054359154767138866
0.011336105438225746,0.48919149060360495,0.9884443057317167,0.12266120756739728,0.05440296082869817
0.01116481160420274,0.4890478880735461,0.9885095329709809,0.12350353445078331,0.05444620676047172
0.010990838268988022,0.48899185728783945,0.9885217455698698,0.1243450365762514,0.05448883538259264
0.010814227185346926,0.4890234821324378,0.9885339122992612,0.12518570195999223,0.054530749826272054
0.010635020739091705,0.48914271525654285,0.9885443742068084,0.12602551766280756,0.05457187979928701
0.010453261938909327,0.48934937822886226,0.9885564440988923,0.1268644686421743,0.05461219038415834
0.010268994406039261,0.48964316212564046,0.9885667075945344,0.12770254198907732,0.05465184693509753
0.01008226236380499,0.4900236285457508,0.9885785518908979,0.12853972723518536,0.054690879257578706
0.00989311062700021,0.49049021104476503,0.9885341248979398,0.12937601286430994,0.05472925834785808
0.009701584591133806,0.4910422169766471,0.9885444386221871,0.13021138868589102,0.05476706675254503
0.009507730221535043,0.49167882972862054,0.9885559848109176,0.1310458449309921,0.05480425722090474
0.009311594042322084,0.49239911133189684,0.9885604939812838,0.13187937037596456,0.05484082036935066
0.009113223125236427,0.49320200542827763,0.9885712209769967,0.13271195504479058,0.05487671770286493
0.008912665078345988,0.49408634057034434,0.9885143328627385,0.13354358533585253,0.05491187897504593
0.008709968034619273,0.495050833830853,0.9883490293623757,0.1343742266366926,0.0549415982550038
0.008505180640373835,0.4960940946952856,0.9883627511098846,0.13520369900062787,0.05496341780451068
0.008298352043601215,0.49721462921009807,0.9883757336117339,0.136031943641461,0.054984598462988685
0.008089531882171862,0.49841084435820887,0.9883892182640855,0.1368589502992891,0.055005144432390136
0.007878770271922129,0.49968105263257756,0.9884007475535586,0.1376847089937648,0.0550251052243776
0.007666117794626771,0.5010234767783933,0.9884133454137377,0.13850921137406866,0.055044514375736965
0.007451625485859621,0.5024362546743933,0.988426460125095,0.1393324479487484,0.0550632988711435
0.0072353448227451276,0.5039174443241116,0.9883177479130577,0.14015440911031152,0.05508152889265472
0.00701732771160425,0.5054650289284766,0.9883318866159762,0.14097508742077824,0.05509924178296768
0.006797626475497156,0.5070769220120153,0.9883442719266342,0.14179447395698203,0.0551163833796562
0.0065762938416658945,0.5087509725760099,0.988358466357461,0.14261256063277547,0.055132977937176135
0.006353382928880166,0.510484970253253,0.9883722436353772,0.1434293381248036,0.05514895209704179
0.00612894723468897,0.5122766504405104,0.988385311857085,0.14424479669920662,0.05516431056581234
0.005903040622581647,0.5141236993863982,0.9883988297019322,0.1450589267291258,0.055179056628579394
0.005675717309060677,0.516023759214112,0.988411555571157,0.1458717186459678,0.055193191721282925
0.005447031850630108,0.517974432860217,0.9884241794264652,0.14668316292837744,0.05520671774895499
0.0052170391307022005,0.5199732889125683,0.9884377319500237,0.1474932501555403,0.05521964526995043
0.0049857943464257735,0.5220178663322804,0.9882903442238083,0.14830197180761331,0.05523207205449183
0.004753352995439004,0.5241056790465184,0.988303651185771,0.14910932092399024,0.05524391917653377
0.004519770862550419,0.526234220400735,0.9883168322201551,0.14991528550481814,0.05525495084978998
0.004285104006350616,0.5284009674607342,0.9883292338018176,0.1507198527648629,0.05526530894423038
0.004049408745758659,0.5306033851566853,0.9883420542752716,0.15152301410363408,0.055275064887283495
0.0038127416465057063,0.5328389302628368,0.9883563439626167,0.15232475810206106,0.05528410783038986
0.003575159507559497,0.5351050552082414,0.9881943311771362,0.15312505201824644,0.05528800707451897
0.0033367193474930197,0.5373992117152592,0.9880356144516221,0.15392370717479242,0.055280243901873936
0.00309747839080007,0.5397188542639291,0.9880495587121145,0.1547205203567954,0.055265473011798905
0.002857494054161853,0.5420614433815771,0.9880633855685719,0.1555154398578816,0.0552500497772142
0.002616823932667202,0.5444244487581074,0.988076958758034,0.1563084564292349,0.05523397386849518
0.0023755257859900095,0.5468053521884781,0.9878438997068415,0.15709956154874116,0.05521738620377109
0.00213365752452723,0.5492016503447287,0.9875352363771756,0.15788875166927838,0.055200507522035994
0.0018912771955005593,0.5516108573807427,0.9875508775004598,0.1586760245963336,0.055183279206869024
0.0016484429690254892,0.5540305073735952,0.9875666108607878,0.15946137545447678,0.055165524346112514
0.0014052131241507819,0.5564581566059494,0.9875834394035881,0.1602447964460355,0.05514720888556367
0.0011616460348715977,0.5588913856944174,0.9876000960551096,0.16102628180712447,0.055128452389036776
0.0009178001561202175,0.5613278015692431,0.9874283381059202,0.16180580678265838,0.05510534981952557
0.0006737340097370353,0.5637650393109518,0.9872631791332099,0.1625832140011711,0.05507258619995504
0.0004295061704256169,0.5662007638498839,0.9872806588661316,0.1633583414580945,0.05503434921839761
0.00018517525169505105,0.5686326715346649,0.9872979305825892,0.16413115321725885,0.05499580667461001
-5.920010820702404e-05,0.5710584915758251,0.987313443847203,0.16490164761299378,0.05495694800386811
-0.0003035612603672022,0.5734759873707862,0.9873287954845962,0.16566982323786175,0.054917797260017026
-0.0005478495592820267,0.5758829577164699,0.9873454835991125,0.16643567893188588,0.05487835774648302
-0.0007920063769323604,0.5782772379157342,0.9873604389674753,0.1671992135604839,0.05483862993438637
-0.0010359731168539607,0.5806567007837573,0.9873751826413929,0.16796042602412709,0.054798616369187717
-0.0012796912282003387,0.5830192575603924,0.9873914398485573,0.16871931529557482,0.054758320771830314
-0.0015231022197946806,0.5853628587343649,0.9874048243312283,0.169475880569409,0.054717777835540465
-0.0017661476741673886,0.5876854947850318,0.9874204807040554,0.17023012199253165,0.05467700030327403
-0.0020087692615761007,0.5899851968472389,0.987304084344388,0.17098203917546906,0.05463599521947749
-0.002250908754004472,0.5922600373046043,0.9873206804954544,0.17173163299525693,0.05459479059874121
-0.0024925080391366167,0.5945081303163843,0.9873367760165483,0.17247890284303785,0.05455325186722336
-0.0027335091343038648,0.5967276322828114,0.9873530840211272,0.17322384574212418,0.0545113502494551
-0.0029738542004001836,0.598916742253622,0.9873694289480751,0.17396646043951366,0.05446918748829908
-0.0032134855557634312,0.6010737022842348,0.9873856023780759,0.1747067464028139,0.05442676756302769
-0.0034523456900185964,0.6031967977438366,0.9872570742587279,0.17544470341051788,0.05438414014912651
-0.003690377277880048,0.6052843575793873,0.9872723916184362,0.17618033270238947,0.0543413307176588
-0.003927523192909262,0.6073347545393636,0.9872865817692271,0.176913634526815,0.054298300430819985
-0.0041637265212250115,0.6093464053608074,0.9873034486481763,0.1776446095211119,0.05425506189130084
-0.0043989305751623055,0.6113177709230748,0.9873172572627199,0.17837325779754404,0.054211604967333175
-0.004633078906877227,0.6132473563714272,0.9873337322723331,0.1790995800955533,0.05416794699736188
-0.004866115321894111,0.6151337112134564,0.9873500124247894,0.1798235764880165,0.054124046248985654
-0.0050979838925920016,0.6169754293910964,0.9873661145255043,0.1805452467500777,0.054079899671792865
-0.00532862897162692,0.6187711493308224,0.9873820126403993,0.18126459065110162,0.05403551238882938
-0.005557995205287038,0.6205195539744568,0.9872648437107461,0.18198160833284288,0.053990938187256886
-0.005786027546777303,0.6222193707928011,0.9872819369933009,0.18269630145135313,0.05394620392146607
-0.006012671269430338,0.623869371784215,0.9872958507104158,0.18340867068984598,0.05390127065692367
-0.006237871979840623,0.6254683734600237,0.9872030657179438,0.1841187036604305,0.05385353593646315
-0.006461575630918698,0.6270152368185936,0.9872205169427994,0.18482631148592416,0.053801767236991795
-0.006683728534862118,0.6285088673096875,0.9872354783088039,0.1855314685953006,0.05374976893796408
-0.006904277376040307,0.6299482147906408,0.9872523792861424,0.18623417645561532,0.05369762888982255
-0.00712316922379006,0.631332273475751,0.9871593418422321,0.18693442664876242,0.053643335550745956
-0.007340351545118642,0.6326600818801865,0.9871766207880541,0.187632153525508,0.053586063370266154
-0.007555772217311452,0.6339307227595744,0.9871399960175937,0.1883273338761366,0.05352731399767727
-0.007769379540441221,0.6351433230463657,0.9871574281294397,0.1890199248898279,0.05346657147744812
-0.007981122249775752,0.6362970537839787,0.9870754323740496,0.18970991870352705,0.05340586355105307
-0.008190949528081222,0.6373911300596009,0.9870907754269805,0.1903973216056202,0.05334521347531801
-0.008398811017818041,0.6384248109365006,0.9871090417684031,0.19108213964050524,0.05328459475326394
-0.008604656833226455,0.6393973993865851,0.9871239935917195,0.19176437851922756,0.053224007436346595
-0.008808437572298851,0.6403082422238897,0.9871387588030052,0.19244404417286787,0.05316346245495136
-0.009010104328636047,0.6411567300396139,0.9871575898195832,0.19312114247686282,0.05310293431894935
-0.009209608703184569,0.641942297139271,0.987175231232712,0.19379567845360574,0.053042403576381014
-0.009406902815852162,0.6426644214824341,0.9871034227725178,0.19446765769873034,0.05298192209621531
-0.009601939316998867,0.6433226246255463,0.9871221250155909,0.19513708659723297,0.052921500143356774
-0.009794671398800588,0.6439164716681939,0.9871416675651399,0.19580397099094313,0.05286109330824522
-0.00998505280648289,0.6444455712031786,0.987159956856466,0.19646831602528914,0.0528006968417001
-0.01017303784942176,0.6449095752707457,0.9871791257952639,0.19713012732817117,0.05274032782423451
-0.010358581412109269,0.6453081793171994,0.9871980644489565,0.1977894102071142,0.05267996370881555
-0.010541638964981028,0.6456411221581727,0.9872157664704776,0.19844616993784575,0.05261962605336018
-0.010722166575103019,0.6459081859467527,0.9871560403799685,0.19910041253941949,0.05255936100777285
-0.010900120916715425,0.6461091961466274,0.9871764961468403,0.1997521447946371,0.05249917081522835
-0.01107545928163045,0.6462440215103976,0.9871949986649229,0.2004013725853588,0.052439018435558746
-0.011248139589482188,0.6463125740631742,0.9872133695083171,0.201048101992916,0.05237892804019367
-0.011418120397825655,0.646314809091528,0.9872316034801802,0.20169233928612143,0.05231890408509809
-0.01158536091208277,0.6462507251378615,0.9872497224613399,0.2023340907968075,0.052258948225854016
-0.011749820995332885,0.6461203640002282,0.987267683597936,0.20297336286011408,0.05219906186567563
-0.011911461177945528,0.6459238107375926,0.987285506211115,0.20361016186158024,0.05213924927646979
-0.01207024266705272,0.645661193680512,0.9873032166639364,0.20424449424082894,0.05207951282437452
-0.012226127355859269,0.6453326844471872,0.9873208238784301,0.20487636648812038,0.05201985747248421
-0.012379077832788141,0.6449384979647913,0.9873350697008694,0.2055057852349455,0.05196029286066199
-0.012529057390459066,0.6444788924959844,0.9873162300673709,0.20613275726116315,0.05190082687565703
-0.012676030034498137,0.6439541696704516,0.9873368875401906,0.20675728943952795,0.05184144940580796
-0.01281996049217625,0.643364674521315,0.9873574155177312,0.20737938814251528,0.05178214342959049
-0.012960814220874521,0.6427107955262048,0.9873753827995009,0.20799905970953692,0.05172291436190784
-0.01309855741637413,0.641992964652754,0.9873899870270108,0.2086163106636256,0.051663777232178534
-0.013233157020969409,0.6412116574082479,0.9874076908824134,0.20923114777649784,0.05160473759649427
-0.013364580731401276,0.6403673928931066,0.987425236497068,0.20984357782401977,0.051545797794941804
-0.013492797006610149,0.6394607338578573,0.9874453060978128,0.21045360762351514,0.05148695692699858
-0.013617775075305455,0.638492286763192,0.987462581993504,0.21106124394087042,0.051428218181633276
-0.013739484943350587,0.6374627018426583,0.9874796773644569,0.2116664937049719,0.05136959096242331
-0.013857897400961433,0.6363726731674996,0.9891540183227844,0.21226936308035554,0.05131098049180132
-0.0139729840297166,0.6352229387130769,0.9891714274934648,0.2128698577115585,0.051252464861676575
-0.014084717209377625,0.6340142804262736,0.988905994570829,0.21346798506281459,0.05119412403814962
-0.01419307012451773,0.6327475242931868,0.9900409460562106,0.214063753147961,0.051135884869760936
-0.014298016770957394,0.6314235404063808,0.9900556878070662,0.21465716752691516,0.05107770517327782
-0.014399531962005201,0.6300432430308691,0.990070051252699,0.21524823551015262,0.05101969092249947
-0.014497591334502662,0.6286075906679245,0.9900813383675751,0.21583696494950186,0.050961831395553145
-0.01459217135467104,0.6271175861157395,0.9900949518198802,0.21642336372829918,0.05090413928652138
-0.014683249323759494,0.6255742765258483,0.990108236414691,0.21700743995158833,0.05084662348163866
-0.014770803383492629,0.6239787534541452,0.9901211848629474,0.2175892018127671,0.05078928724253634
-0.01485481252131643,0.6223321529052093,0.9901338564738315,0.21816865757986795,0.05073213530898057
-0.014935256575441074,0.6206356553685418,0.9901491026354361,0.21874581562341186,0.050675185401254826
-0.015012116239679634,0.6188904858452062,0.9899014424366804,0.21932068497116164,0.05061846655066563
-0.015085373068081748,0.6170979138632279,0.9895542371462889,0.21989327476470247,0.05056197948923277
-0.015155009479360134,0.6152592534799706,0.9895681672437858,0.22046359425156792,0.050505715805156164
-0.015221008761110462,0.6133758632695754,0.9895817995623526,0.22103165204834285,0.05044964808279404
-0.015283355073821859,0.6114491462933862,0.989597867637088,0.2215974566533039,0.050393792320452505
-0.015342033454678576,0.6094805500511312,0.9896110532698773,0.22216101720960904,0.050338169903276664
-0.01539702982115087,0.6074715664104583,0.9897231177258142,0.22272234238459793,0.050282735755822094
-0.015448330974374777,0.6054237315122406,0.9897388130516279,0.22328144034747915,0.05022751083354684
-0.015495924602319768,0.6033386256489094,0.9897487367502621,0.22383832041795598,0.05017252888528358
-0.015539799282743613,0.6012178731128324,0.9897610407257689,0.22439299133153368,0.050117752647282035
-0.015579944485933623,0.5990631420116151,0.989773119269724,0.22494546171568347,0.05006318990305416
-0.0156163505772337,0.5968761440469404,0.9897849815398322,0.2254957402570317,0.05000884324486564
-0.015649008819356734,0.5946586342533925,0.9897966284220547,0.22604383567231048,0.04995471457709808
-0.01567791137448133,0.592412410693467,0.9898080569012465,0.2265897567070775,0.04990080670671297
-0.015703051306133087,0.590139314104764,0.9898193172770576,0.22713351213877955,0.04984712186212419
-0.015724422580848947,0.58784122749513,0.9894316762049629,0.22767511087393177,0.04979368333120992
-0.0157420200696257,0.5855200756812864,0.989447636406236,0.22821456264856568,0.0497405359137653
-0.015755839549150483,0.5831778247662727,0.9894634777502482,0.22875187784161363,0.049687702742342556
-0.015765877702814474,0.5808164815507872,0.989475909054952,0.22928706691844652,0.049635157234981034
-0.01577213212150906,0.5784380928733275,0.9894882621676817,0.22982013933874385,0.049582867231906164
-0.015774601304203738,0.5760447448737824,0.9900030836277762,0.2303511043399108,0.04953081210425998
-0.015773284658306512,0.573638562174967,0.9903638306743637,0.2308799707730136,0.04947900401603821
-0.01576818249980611,0.5712217069763961,0.9905722298115993,0.23140674824308824,0.04942747916517723
-0.01575929605319598,0.5687963780544236,0.9905840050251585,0.23193144654868472,0.049376228649226556
-0.01574662745118081,0.5663648096627371,0.9905933256467093,0.2324540750056314,0.049325220681983306
-0.015730179734164188,0.5639292703271059,0.990604852766795,0.2329746424373068,0.049274451513686264
-0.015709956849519237,0.5614920615281564,0.99061386728642,0.2334931579285129,0.04922392893183661
-0.015685963650641222,0.5590555162659535,0.9906251168722707,0.2340096303388094,0.04917364769029488
-0.01565820589578269,0.5566219975001323,0.9906362279580458,0.23452406883417506,0.0491236288308429
-0.015626690246671553,0.554193896459392,0.9906472571659144,0.23503648275217165,0.04907387493320844
-0.015591424266912353,0.5517736308142795,0.9908260438655978,0.23554688133023233,0.049024364162256105
-0.015552416420170924,0.5493636427073209,0.9908363528700842,0.2360552731127839,0.04897508625539361
-0.015509676068143262,0.5469663966348546,0.9908493569665955,0.23656166750949567,0.04892612825241702
-0.015463213468308673,0.5445843771751829,0.9908627311864403,0.2370660759356737,0.04887757082918966
-0.015413039771468087,0.5422200865580719,0.9908727240842632,0.237568510203275,0.04882937047332354
-0.015359167019067881,0.5398760420711385,0.9910578214645361,0.23806898055908324,0.04878149089280374
-0.015301608140310088,0.5375547732991998,0.9912181397570704,0.23856749825511162,0.04873400634829488
-0.015240376949049261,0.5352588191933727,0.9912261032776009,0.2390640749652922,0.04868687015700895
-0.015175488140477447,0.5329907249674851,0.9912363442763927,0.23955872033059072,0.048640001179941966
-0.015106957287597174,0.5307530388202407,0.9912495124893476,0.240051444163037,0.048593483604531036
-0.015034800837484175,0.5285483084826219,0.9912595629822969,0.2405422582746121,0.04854735248967705
-0.01495903610734015,0.5263790775910746,0.9912726197316492,0.24103117330151835,0.0485015793079181
-0.014879681280336588,0.5242478818883078,0.9912855843294912,0.24151820151038775,0.04845626525634785
-0.014796755401251126,0.5221572452548329,0.9912984828839182,0.24200335590435296,0.04841141699176666
-0.014710278371896632,0.5201096755758491,0.9913058293041307,0.24248664920814822,0.04836695995087239
-0.01462027094634506,0.5181076604495984,0.9914095862250756,0.24296809181695356,0.0483228700863544
-0.014526754725946486,0.5161536627449738,0.9915146735309442,0.24344769680194653,0.048279303101384126
-0.01442975215414488,0.5142501160178538,0.991703608342456,0.2439254778079158,0.04823615467198738
-0.01432928651109192,0.5123994197974527,0.9918140175392577,0.24440144519591125,0.04819337680591425
-0.014225381908059668,0.5106039347557584,0.9919480611995618,0.24487561191619678,0.04815104262624803
-0.014118063281654018,0.508865977775028,0.9919615019524803,0.24534798857408505,0.048109073939001656
-0.014007356387830206,0.5071878169301485,0.9919748816828111,0.24581858807989326,0.04806762560225866
-0.013893287795711376,0.5055716664045204,0.991988202959644,0.24628742446506535,0.04802670606386799
-0.013775884881212045,0.5040196813599206,0.9919977726540484,0.24675451148401276,0.04798624154893479
-0.013655175820468102,0.5025339527825137,0.9920045211942105,0.24721986005826999,0.04794609577015735
-0.013531189583074728,0.5011165023288104,0.9920139152804455,0.24768347976140467,0.047906260226636646
-0.013403955925133782,0.4997692771968177,0.99202049442706,0.24814538053824628,0.04786674556142512
-0.013273505382112378,0.4984941450489713,0.9920270008340973,0.2486055718681508,0.047827523929967385
-0.013139869261514664,0.49729288901451185,0.9921450867959183,0.24906406376640808,0.04778874773583797
-0.013003079635368111,0.4961672027998455,0.9921547495307801,0.24952087102800236,0.04775052291531268
-0.012863169332526398,0.4951186859360569,0.9921643453283794,0.24997600539504555,0.04771265329247157
-0.012720171930790548,0.4941488391930328,0.9921738801781795,0.2504294772985038,0.04767513553041171
-0.012574121748850626,0.4932590601897085,0.9921873355251092,0.2508812975195526,0.047638059800468036
-0.012425053838049194,0.4924506392295944,0.992297312682211,0.2513314795004873,0.04760145447334127
-0.01227300397396931,0.49172475539012167,0.9923062669304681,0.2517800337443233,0.04756517108901722
-0.012118008647848465,0.4910824728933209,0.9924279188060003,0.2522269712336476,0.04752940940402785
-0.01196010505782093,0.49052473778401495,0.9925483307084871,0.25267230901042814,0.047494433143860953
-0.011799331099990372,0.4900523749399996,0.9925582745990353,0.25311606538590437,0.047460090888893545
-0.011635725359334877,0.4896660854366828,0.9926757867974889,0.25355825362099205,0.04742630759630498
-0.01146932710044689,0.48936644428630777,0.9926862302196056,0.25399889094410705,0.04739318786430198
-0.01130017625810984,0.4891538985692718,0.9926965821996308,0.2544379899025852,0.04736044412361492
-0.011128313427713834,0.48902876597219563,0.992810356272332,0.2548755621135325,0.047328282509026195
-0.010953779855513329,0.4889912337443005,0.9928212244298414,0.25531162541358904,0.047296813586164374
-0.010776617428727717,0.4890413580804078,0.9928320456842119,0.25574619254381453,0.047265728316499174
-0.0105968686654891,0.48917906393550703,0.9929055231540578,0.2561792740365085,0.047235002961102994
-0.010414576704637787,0.4894041452723639,0.9929159279381454,0.2566108797334031,0.04720462870397921
-0.01022978529536938,0.4897162657401961,0.9929262627464153,0.25704102007637214,0.047174642085763
-0.010042538786735056,0.4901149597789876,0.9929410157933534,0.25746970631447563,0.047145156332301145
-0.009852882116998054,0.4905996341406387,0.9929512178322072,0.2578969530761388,0.047116231678505434
-0.009660860802848762,0.4911695698149528,0.9929613767848146,0.2583227722200499,0.04708770097159277
-0.00946652092848076,0.4918239243453701,0.9929759971935654,0.25874717505494216,0.047059680050461884
-0.009269909134531108,0.4925617345165526,0.9929860507703026,0.2591701763646172,0.047032231609975085
-0.009071072606886561,0.4933819193933294,0.9930007435446918,0.2595917886990326,0.047005302001863876
-0.008870059065359282,0.4942832836882361,0.993010716531126,0.2600120269896014,0.046978953086114855
-0.008666916752234296,0.4952645214328994,0.9930426200674948,0.2604309031092401,0.04695298599301415
-0.008461694420691746,0.4963242199268808,0.993057396572593,0.2608484277328754,0.0469275140405771
-0.008254441323106005,0.49746086393628514,0.9930722445308926,0.2612646163369325,0.04690275636920562
-0.008045207199225633,0.49867284011350205,0.9931495465802079,0.26167948682680026,0.04687889562979522
-0.007834042264236058,0.4999584416088325,0.9931649777635099,0.26209306246422787,0.046856029485096956
-0.007620997196708001,0.501315872844493,0.9931804450865088,0.2625053622874471,0.0468339025686874
-0.007406123126435034,0.5027432544215482,0.9932597106581332,0.26291640467755956,0.046812717302522636
-0.007189471622162542,0.5042386281306886,0.9930084990760198,0.26332621324273936,0.04679243791083207
-0.0069710946792116615,0.5057999620384169,0.9930175108501934,0.26373480174501635,0.046772540290248965
-0.006751044707000399,0.5074251556211197,0.9930299539132983,0.2641421799940153,0.04675302333120006
-0.006529374516465765,0.5091120449206269,0.9930476612120207,0.2645483592873451,0.04673406797115694
-0.00630613730738953,0.5108584076961964,0.9930599261505342,0.2649533553116944,0.04671574565540747
-0.0060813866556302006,0.5126619685493685,0.9930528222530708,0.2653571802460388,0.04669783098794236
-0.005855176500265428,0.5145204039997446,0.9930705118181502,0.26575984498924227,0.046680454511779136
-0.005627561130646549,0.516431347491502,0.9930825127837162,0.26616136512770344,0.04666371918993616
-0.005398595173369757,0.5183923943122422,0.9927567971783837,0.2665617529639004,0.04664741293195799
-0.005168333579165721,0.5204011064076306,0.992770775286646,0.26696101928134175,0.046631534766735344
-0.004936831609711688,0.5224550170771382,0.992784664333409,0.26735917498936,0.046616093498215466
-0.004704144824369113,0.5245516355380564,0.9928048386408832,0.2677562317368176,0.04660123240677604
-0.0044703290668495314,0.5266884513467768,0.992818487248816,0.2681522055550038,0.046587030745967165
-0.004235440451812396,0.5288629386680971,0.9928385393812967,0.26854710961676986,0.04657341844523732
-0.0039995353513977835,0.5310725603850212,0.9928519770980694,0.26894096009976,0.046560473741465325
-0.003762670381697444,0.533314772043148,0.9928653012622177,0.26933376947044385,0.04654797285356946
-0.003524902389167057,0.5355870256252674,0.9928785351629725,0.26972554868951776,0.04653591742832224
-0.0032862884369835397,0.5378867731532249,0.9928917431639764,0.2701163087372806,0.04652430929989226
-0.0030468857913500307,0.540211470115423,0.9929048560736368,0.2705060605877734,0.04651314939960006
-0.0028067519077522394,0.5425585787195575,0.9929178768481213,0.2708948152823825,0.04650244341564968
-0.002565944417169594,0.544925570971285,0.99293078642391,0.2712825838379347,0.04649218767474258
-0.0023245211122439034,0.5473099315804896,0.9929538061407903,0.27166937954466186,0.046482844992592635
-0.0020825399334094634,0.5497091606977212,0.9929636791782047,0.2720552294305004,0.04647462288792563
-0.001840058954987641,0.5521207764841236,0.9929930086674057,0.2724401503722439,0.046467278221814276
-0.0015971363712493141,0.5545423175188443,0.9930033437125488,0.27282416936715304,0.046461070365952206
-0.001353830482448493,0.5569713450484937,0.9930399864079985,0.2732073035466909,0.04645578041338164
-0.001110199680830577,0.5594054450836687,0.9930549829060533,0.27358958133365174,0.04645171918721624
-0.0008663024366184917,0.5618422303479648,0.9930973301003547,0.2739710214203942,0.04644863902993759
-0.0006221972839800531,0.5642793420851884,0.9931128521436069,0.2743516528903157,0.04644680613500806
-0.0003779428069801817,0.5667144517307157,0.9931240063597268,0.27473149174971484,0.046445407708028616
-0.0001335976255209077,0.5691452624530948,0.9931394865345916,0.27511054777602184,0.046444429004656514
0.0001107796187271758,0.5715695105721034,0.9931899855133288,0.27548883441429267,0.04644448571842109
0.0003551302763984795,0.5739849668594988,0.9932448275321077,0.2758663853470002,0.046446445734943345
0.000599395704508079,0.5763894377287038,0.9932615495639148,0.2762432374143739,0.04644975131418151
0.0008435172805257849,0.5787807663196154,0.9932865045336386,0.2766194082634506,0.04645371620120583
0.0010874364164451446,0.5811568334846463,0.9933029926856486,0.2769949151804169,0.04645843481675878
0.0013310945728444345,0.5835155586819903,0.9933278823326076,0.27736977184018347,0.04646381841362994
0.001574433272935678,0.5858549007819487,0.9933443674337352,0.27774399560857743,0.04646996003705004
0.0018173941165989605,0.5881728587920044,0.9934078267791342,0.27811760235881183,0.04647722418708936
0.002059918794398064,0.5904674725061323,0.9934246344895764,0.27849062562916266,0.04648595044429954
0.0023019491015744587,0.592736823083646,0.9934413954192115,0.27886308281600086,0.04649516357762611
0.0025434269520162463,0.5949790335626753,0.9934671420634164,0.2792349857398717,0.04650505537206587
0.002784294392198432,0.5971922693131297,0.9934927607867302,0.27960635292251784,0.046515916568484056
0.003024493615091581,0.5993747384338107,0.9935183371503735,0.2799772048482062,0.04652775161679713
0.0032639669740352293,0.6015246920980956,0.993543864715053,0.28034756204763467,0.046540564517422764
0.0035026569965727035,0.60364042485239,0.9935696692699085,0.2807174450709746,0.046554359350488225
0.003740506398244411,0.6057202748713273,0.9935861277842657,0.2810868735814285,0.04656894504250576
0.003977458096335643,0.6077626241734719,0.9937023463992561,0.28145586014209195,0.04658398619618635
0.004213455223576263,0.609765898801074,0.9937128822281096,0.2818244139563838,0.04659942433927985
0.004448441141788568,0.6117285689671866,0.9937281101880135,0.2821925440341643,0.04661530011546609
0.004682359455480173,0.6136491491732887,0.9937432042043555,0.28256026074355894,0.04663167183015999
0.004915154025378645,0.615526198300331,0.9937535827634764,0.28292757464690355,0.04664850277086785
0.005146768981904653,0.6173583196759319,0.9937784628754431,0.28329449612657254,0.04666597445911639
0.005377148738580454,0.6191441611202957,0.9937934195077716,0.2836610426689455,0.04668425312727594
0.005606238005370295,0.6208824149732015,0.9934088378280074,0.2840272269969868,0.046703021698075574
0.005833981801949811,0.6225718181043016,0.9929240423433899,0.2843930594721422,0.04672227172792268
0.006060325470901042,0.6242111519087508,0.9929384972716478,0.28475855033958253,0.04674197469234035
0.006285214690829955,0.6257992422900929,0.9930252607348928,0.2851237086107952,0.04676207695183011
0.0065085954894032625,0.6273349596321419,0.9930384982604258,0.28548854293917364,0.04678257963935841
0.006730414256301576,0.62881721876149,0.9930675825939733,0.28585306324772564,0.046803734582248575
0.0069506177560856005,0.630244978902141,0.9930854482964788,0.28621728713360267,0.04682570637517148
0.007169153140972459,0.6316172436236385,0.9931532418274599,0.2865812271166708,0.04684814110900616
0.007385967963518718,0.6329330607839648,0.9931701197179766,0.2869448924301463,0.04687101900310896
0.00760101018920777,0.6341915224683632,0.9931869256456672,0.2873082932556532,0.04689439853158895
0.007814228208937684,0.6353917649251568,0.9932037164085838,0.28767144015271706,0.04691828077248768
0.008025570851407189,0.6365329684995343,0.9932632157179758,0.288034347929853,0.04694351752541883
0.00823498739539661,0.637614357566181,0.9932803992930916,0.2883970569833524,0.046970542798845674
0.008442427581940607,0.638635200461585,0.9932975892297655,0.288759586361375,0.04699807366754273
0.00864784162639019,0.6395948094167344,0.9933146694904029,0.28912194653343204,0.047026110818237044
0.008851180230360682,0.6404925404908852,0.9933765820724851,0.2894841524009679,0.047055545330057874
0.009052394593563237,0.6413277935070012,0.9933940018798809,0.28984624565025985,0.04708683147766245
0.009251436425516488,0.6421000119894067,0.9934113811870601,0.29020824567520065,0.0471186334894135
0.009448257957136268,0.6428086831041475,0.9934287004381315,0.29057016293045895,0.04715094436869158
0.009642811952199761,0.6434533376025001,0.9934458577805613,0.29093200772257183,0.04718376311453726
0.009835051718682038,0.6440335497680141,0.9935574555089862,0.2912937901197736,0.047217044999236235
0.010024931119961916,0.644548937367443,0.9935735106451988,0.2916555188353982,0.047250768373070726
0.01021240458589457,0.6449991616058712,0.9935896856467107,0.2920172037172842,0.047285002625922855
0.01039742712374807,0.6453839270862961,0.9936797996121789,0.2923788548263983,0.047319702600521006
0.01057995432900148,0.6457029817739064,0.9937511345578431,0.2927404857564358,0.047355821661474964
0.010759942396001733,0.6459561169652529,0.9931587709073172,0.29310214044077726,0.047393916605541944
0.010937348128476682,0.6461431672624748,0.9931719691499021,0.2934638385003111,0.04743247311568542
0.011112128949902123,0.6462640105527201,0.9932033296821405,0.2938255896289407,0.0474717070758719
0.011284242913719916,0.6463185679928667,0.9932210580342321,0.2941874116600517,0.04751180335596909
0.011453648713404931,0.6463068039996088,0.9932387641209669,0.2945493170090754,0.04755241150734148
0.011620305692378383,0.6462287262449854,0.9932563354965159,0.2949113157302746,0.047593530336472026
0.011784173853765333,0.6460843856573392,0.9932875516077444,0.2952734190196176,0.047635397006459475
0.011945213869993658,0.6458738764277316,0.9933049328114527,0.29563564519870794,0.0476781331974846
0.012103387092232474,0.6455973360217593,0.9933176148008664,0.2959980064095027,0.047721335983472966
0.0122586555596677,0.6452549451967248,0.993334855228803,0.29636051103658007,0.04776498412542539
0.01241098200861246,0.6448469280240778,0.9933520744096108,0.2967231686044892,0.04780914587215261
0.01256032988145023,0.6443735519169937,0.9934078853324321,0.2970859944601884,0.04785490139927874
0.012706663335408444,0.6438351276629595,0.9935625451605867,0.29744903613039825,0.04790274647273037
0.012849947251160536,0.64323200946119,0.9936773106662261,0.2978123122542476,0.04795097946496009
0.012990147241254529,0.6425645949646486,0.9937072121675486,0.29817583161413014,0.04799989465178525
0.013127229658365793,0.6418333253264448,0.993736924548125,0.2985396131853136,0.04804993107713259
0.013261161603372255,0.6410386852503217,0.9937524937502294,0.2989036776675241,0.048100847494020015
0.013391910933250007,0.6401812030449048,0.993863107306669,0.2992680369243049,0.04815222615320639
0.013519446268787512,0.6392614506813588,0.9939339762849562,0.29963269863533687,0.048203996041720466
0.01364373700211637,0.6382800438540415,0.9939655961261337,0.29999767006598677,0.048256161981224566
0.013764753304057303,0.6372376420436923,0.9939810740298286,0.30036295877769326,0.04830877247141096
0.013882466131278687,0.6361349485826532,0.9933624719825696,0.30072857387229923,0.04836188664901588
0.013996847233267037,0.6349727107215516,0.9933803755007533,0.3010945246502251,0.04841550065943858
0.014107869159106936,0.6337517196968204,0.9933982902305735,0.3014608205678909,0.04846962477339473
0.014215505264069093,0.6324728107983707,0.9934555849090247,0.3018274708802279,0.04852421139325338
0.014319729716005042,0.6311368634366362,0.9934735190042258,0.3021944834336026,0.04857923813197275
0.014420517501546543,0.6297448012081855,0.9934865868159499,0.3025618669828637,0.04863472522693959
0.014517844432108929,0.6282975919589429,0.9935042203665428,0.3029296291925058,0.048690643731768776
0.014611687149696042,0.626796247844054,0.9933735533241536,0.3032977851266946,0.04874830539483526
0.014702023132506096,0.6252418253832649,0.9933915622658862,0.303666387345985,0.048808329651926156
0.014788830700336843,0.6236354255106428,0.9934247005588113,0.30403545874162213,0.04886911901905726
0.014872089019788757,0.6219781936173044,0.9934424402712472,0.3044050175373627,0.04893080290429646
0.014951778109264761,0.6202713195857693,0.9934598900350334,0.3047750754504313,0.048992992618363665
0.01502787884376596,0.6185160378143617,0.9934927887563499,0.3051456429084572,0.049055949399538716
0.015100372959481342,0.6167136272300139,0.9933652038057867,0.3055167446632388,0.04912111329233116
0.015169243058171094,0.6148654112876569,0.9934743683253742,0.3058884379262243,0.0491886965490597
0.0152344726113422,0.6129727579542492,0.9933491782422899,0.3062607495694574,0.04925805120608608
0.015296045964214916,0.6110370796753255,0.9933677774448806,0.3066337350076003,0.04932992981102098
0.015353948339480164,0.6090598333218187,0.9933862838024818,0.307007416324047,0.04940230551900955
0.015408165840845865,0.6070425201147007,0.9932636275732505,0.3073818090074554,0.04947656797269358
0.015458685456371926,0.6049866855248358,0.9932825694495917,0.3077569701650388,0.049553411941982366
0.015505495061593011,0.6028939191452346,0.9933014099507118,0.3081329220190024,0.04963074831926572
0.015548583422428727,0.6007658545327283,0.9926307762164648,0.3085096727444668,0.04970856197500624
0.015587940197879223,0.5986041690158586,0.992652597822939,0.30888723005289553,0.049786844452454015
0.015623555942507337,0.5964105834655733,0.9926742836873139,0.30926560199535574,0.04986561812254645
0.015655422108705283,0.5941868620251283,0.99269576921275,0.30964479675789075,0.049944882952403714
0.015683531048746206,0.5919348117953477,0.9927172505329215,0.31002482250069385,0.05002463769264472
0.01570787601661936,0.5896562824711856,0.9925786832622319,0.3104056946153531,0.05010633571516324
0.015728451169649365,0.587353165925322,0.9918357717669918,0.31078747193142436,0.050190686756286754
0.015745251569898207,0.5850273957342751,0.9918613738768718,0.3111701763022572,0.05027549646326286
0.0157582731853505,0.5826809466423059,0.9918868474604143,0.3115538153538402,0.050360789374501835
0.015767512890881054,0.5803158339581662,0.9919122579416744,0.31193839687843444,0.050446565226192466
0.015772968469004896,0.5779341128795306,0.9919557629208302,0.3123239300683634,0.05053310587689924
0.015774638610409435,0.5755378777397353,0.9922230580257926,0.3127104320466677,0.05062047765058411
0.015772522914268755,0.5731292611712745,0.9924465050429994,0.31309791074347204,0.05070817615484796
0.015766621888339803,0.5707104331802965,0.9924706672973135,0.31348637106531074,0.050796264256477534
0.01575693694884048,0.5682836001262239,0.9924947000846134,0.3138758200443623,0.05088483235889472
0.0157434704201097,0.5658510036004354,0.9925367983424869,0.3142662666557578,0.05097415440194529
0.015726225534049867,0.5634149191979028,0.9925607821442542,0.31465772808465425,0.05106436628398211
0.015705206429350707,0.5609776551755388,0.9925843370322186,0.31505021455680127,0.05115505389779428
0.015680418150496523,0.5585415509910274,0.9926081131577993,0.3154437335409782,0.051246217114823786
0.01565186664655529,0.5561089757158988,0.9926315019890041,0.31583829244848993,0.05133785436961233
0.015619558769750769,0.5536823263166695,0.9928666455499265,0.3162338983791698,0.05142990447099657
0.015583502273818462,0.5512640257979983,0.9930454405396716,0.3166305562351168,0.05152227376406333
0.015543705812144207,0.5488565212019885,0.9931684370568111,0.3170282703283538,0.051614966039429555
0.01550017893568786,0.5464622814580117,0.993191785188814,0.31742704532306293,0.051708042388236446
0.015452932090690765,0.5440837950777733,0.9932100551658981,0.3178268876998389,0.05180153915191292
0.015401976616168959,0.5417235676907426,0.9932509981043304,0.3182278043022692,0.0518957060866164
0.015347324741191718,0.539384119415584,0.9932741934403312,0.31862981158969955,0.0519907596856146
0.01528898958194667,0.5370679820638194,0.9933148733307618,0.3190329209000438,0.05208656069481338
0.015226985138592131,0.5347776961726524,0.9933553029830362,0.3194371505975769,0.052183531253071465
0.01516132629189676,0.5325158078646964,0.9934859039587147,0.3198425200603476,0.05228132597297874
0.01509202879966861,0.5302848655332664,0.9935081811764166,0.3202490369468125,0.05237949293815212
0.015019109292973192,0.5280874163529192,0.9935308375743489,0.32065670761645476,0.05247812133646678
0.01494258527214211,0.5259260026160633,0.9936218312186897,0.3210655386276367,0.05257714773517615
0.014862475102573016,0.5238031578977201,0.9936441797814572,0.32147553474516255,0.05267654535382673
0.014778798010322038,0.5217214030518825,0.9936663221752307,0.3218867022811631,0.05277640587972811
0.014691574077489633,0.5196832420443701,0.9935718016680738,0.322299056319977,0.05287836313980455
0.01460082423740103,0.517691157628669,0.9935945417414648,0.3227126607973367,0.05298322693337081
0.014506570269582249,0.5157476068728668,0.993635559464711,0.32312754000663935,0.05308882580995556
0.014408834794533091,0.5138550165475579,0.993085936234507,0.32354371015483707,0.053195268578824555
0.014307641268298452,0.5120157783863619,0.9931116981379607,0.32396117938764035,0.053302113246610994
0.014203013976838845,0.5102322442325398,0.993006171446567,0.3243799621705328,0.05341108727734036
0.014094978030202012,0.5085067210870545,0.9930325160830441,0.3248001234986206,0.053523020576335
0.013983559356496608,0.5068414660752898,0.993077930841326,0.325221687556097,0.053635673833014694
0.013868784695669363,0.5052386813514562,0.9929743303040671,0.3256446787410709,0.053750903941461495
0.013750681593088074,0.5037005089615171,0.9930010376906563,0.3260691656434512,0.053869133237903835
0.013629278392930311,0.50222902568716,0.9930473129943928,0.32649517227010694,0.05398806661352357
0.013504604231381483,0.5008262378949131,0.9930736827943276,0.32692271386772886,0.05410784333407497
0.013376689029641828,0.49949407641598487,0.9930998138118452,0.32735179855257546,0.054228038010386684
0.013245563486745703,0.4982343914836184,0.9931209356373313,0.32778243131495705,0.05434859623492547
0.013111259072194075,0.49704894775586067,0.9932910917643011,0.3282146152275683,0.05446942758232848
0.01297380801840171,0.49593941945242886,0.9933116252699423,0.3286483523941544,0.054590519277067116
0.01283324331296173,0.4949073856349309,0.9932181377290331,0.32908365420180885,0.054713701501752476
0.012689598690728672,0.49395432565993264,0.9932443558822955,0.32952058667922807,0.05483992806633459
0.01254290862572239,0.4930816148343409,0.9932702690940598,0.3299591721806484,0.054966555921179404
0.012393208322854342,0.49229052030215636,0.9933163093834746,0.33039941682232593,0.055093865050571005
0.012240533709478613,0.4915821971909477,0.9933621326335691,0.3308413364831254,0.05522227346700046
0.012084921426769557,0.4909576850453104,0.9933875073566076,0.3312849483443528,0.05535149680970154
0.011926408820928045,0.4904179045731505,0.9934078563699225,0.33173025936051675,0.05548105378606242
0.011765033934218563,0.48996365472889036,0.9934329190652075,0.3321772719878155,0.055610917641281815
0.011600835495839354,0.4895956101555718,0.9934781826471832,0.33262599145667127,0.05574145167322757
0.011433852912627402,0.4893143190054739,0.9935029400426303,0.3330764319094412,0.05587279002234005
0.011264126259601154,0.4891202011561669,0.9929844729251095,0.3335286001468274,0.05600447123297879
0.011091696270342599,0.4890135468360105,0.9930331228284646,0.33398250036661853,0.05613675590634051
0.01091660432722145,0.4889945156700013,0.9930614260420336,0.33443814616072226,0.05626984141075249
0.010738892451463597,0.48906313615356534,0.9929656192948733,0.33489555349302375,0.05640512153649742
0.010558603293066182,0.48921930555851517,0.9928687616023841,0.3353547989320451,0.05654532322518567
0.010375780120561789,0.48946279027192957,0.9930927583739542,0.3358159677941869,0.056688552425643975
0.010190466810634227,0.48979322656522883,0.992532916819124,0.33627907882795177,0.05683198053662923
0.010002707837588366,0.4902101217873116,0.991915402589493,0.3367441325957367,0.05697564248736969
0.00981254826267643,0.4907128559722631,0.9912409582488219,0.3372111298845645,0.05711953772270427
0.009620033723283582,0.49130068384895287,0.991100309713585,0.337680080909733,0.057265550082441864
0.009425210421975203,0.4919727372368396,0.9911431297345783,0.33815105226854913,0.05741464252316003
0.009228125115408423,0.49272802780949826,0.991207594704513,0.3386240660771193,0.05756432839496191
0.009028825103110748,0.4935654502048931,0.9912716085124951,0.33909913545227316,0.0577150058956965
0.008827358216128452,0.494483785459164,0.9913352694369666,0.3395762760223327,0.057866668277992764
0.008623772805547313,0.4954817047388251,0.9915725109028776,0.3400555016068343,0.05801897510695367
0.00841811773088872,0.4965577733446605,0.9916077295075507,0.34053681423868526,0.058171433945771865
0.008210442348383263,0.4977104549594227,0.9913790738824096,0.3410202226846275,0.05832598413760474
0.00800079649912596,0.49893811611052097,0.9914198330267832,0.3415057932456805,0.05848361114142582
0.007789230497114265,0.5002390308183783,0.9914602045535778,0.34199354589376146,0.05864152585497606
0.007575795117173108,0.5016113854009407,0.9915004937826591,0.34248348203030704,0.058799722929945356
0.007360541582769143,0.5030532834049247,0.9908195031886801,0.34297560232144914,0.05895812694857731
0.007143521553717351,0.5045627506348613,0.9908641885348101,0.34346990608735123,0.05911673839339612
0.0069247871137830125,0.5061377402516364,0.9909085971129622,0.3439663941234751,0.059275633146970035
0.006704390758181679,0.5077761379132609,0.9909527789540802,0.3444650676977466,0.05943480780622438
0.006482385380980822,0.5094757669317105,0.9910189380884049,0.34496592933145404,0.05959452318544538
0.0062588242624052656,0.5112343934210942,0.991058114401451,0.3454689890585001,0.05975484525716718
0.00603376105605029,0.5130497314139177,0.9911012469365804,0.3459742482000073,0.05991532972311818
0.005807249776005151,0.5149194479238676,0.9911664813127699,0.34648170834859854,0.060076347380988514
0.005579344783889725,0.5168411679352906,0.9904778951264102,0.3469913793138842,0.06023796694080054
0.0053501007758081425,0.5188124793013648,0.9905253427956774,0.34750326269843895,0.060399771942418225
0.005119572769221917,0.520830937534799,0.9905947506839834,0.34801736019280577,0.06056210592581407
0.004887816089746027,0.5228940704767846,0.990641715891134,0.3485336817259661,0.06072509109269314
0.004654886357871127,0.5249993828317341,0.9909381738107372,0.3490522305757747,0.06088828640640015
0.004420839475614738,0.5271443605571978,0.9906907286177916,0.34957301448595507,0.06105348202296606
0.00418573161310513,0.5293264751000738,0.9909427539498318,0.35009609722639234,0.06122160207745175
0.003949619195100702,0.5315431874719345,0.9909857336264056,0.35062149491078565,0.06138985723978373
0.003712558887448429,0.5337919521578958,0.9911897499284454,0.3511492065670279,0.06155827715804324
0.003474607583484239,0.5360702208549479,0.9912300201883962,0.3516792298747955,0.06172682931898031
0.003235822390378815,0.538375446037115,0.9912700705869906,0.3522115641697706,0.0618956115103736
0.002996260615432333,0.5407050843460643,0.9913057714752307,0.3527462091509719,0.06206456946440957
0.0027559797523208237,0.5430565998070099,0.991345246279876,0.35328316291350687,0.06223367605547727
0.002515037467297997,0.5454274668708211,0.9914067507327429,0.35382242608475944,0.06240325473468701
0.0022734915853557594,0.5478151732842015,0.9914462073933273,0.35436400710980887,0.06257342164631864
0.002031400076346278,0.5502172227906856,0.9914849744135941,0.3549079081610334,0.06274380635893818
0.0017888210410696261,0.5526311376659081,0.9915240045969934,0.3554541289515416,0.06291440644503873
0.0015458126973298513,0.5550544610912816,0.9908064948095728,0.3560026687887782,0.06308515719092447
0.0013024333659629567,0.5574847593707425,0.9908493081058604,0.3565535251474561,0.06325602924186646
0.0010587414568402171,0.559919623995679,0.9908918988671608,0.3571066970435738,0.06342711393348102
0.0008147954548500376,0.5623566735635253,0.9906393950508728,0.35766219310725444,0.0636002034729163
0.0005706539058618959,0.5647935555558055,0.9903802686549458,0.358220084047584,0.06377792675275204
0.0003263754026756767,0.5672279479815848,0.9901191120951263,0.35878045668971725,0.0639601639254003
8.201857095951564e-05,0.5696575608924868,0.9901882687197378,0.3593433871555112,0.06414529958121103
-0.00016235794481993316,0.5720801377754606,0.9902306043964418,0.35990889748866967,0.0643308583372826
-0.0004066954954719151,0.5744934568295772,0.9902993131768403,0.3604769867928182,0.06451668864567847
-0.0006509354411571659,0.5768953321330628,0.9903447920089506,0.36104765947207285,0.06470296317633775
-0.0008950191654610938,0.5792836147067612,0.9903900791229964,0.36162091488062387,0.06488935440059329
-0.0011388880894615352,0.5816561934800929,0.9904352541150666,0.3621967501767161,0.06507586076325418
-0.0013824836857873346,0.5840109961654931,0.990480134259492,0.36277516247854147,0.06526247983590977
-0.0016257474926646856,0.5863459900471222,0.9897368870574935,0.36335614855689685,0.0654491457572277
-0.0018686211279476624,0.5886591826894929,0.9897857370839255,0.36393970320234914,0.0656358234481196
-0.002111046303129628,0.5909486225714796,0.9898345733947337,0.36452582280528384,0.06582260823867757
-0.0023529648373322083,0.5932123996509505,0.9899058613790112,0.36511450539420953,0.06600970787903587
-0.002594318671268464,0.5954486458650704,0.9899768502076874,0.36570575629556945,0.06619743143925715
-0.0028350498811768143,0.5976555355711003,0.9900475470227266,0.36629958273791324,0.06638576826267757
-0.003075100692722416,0.5998312859322931,0.9900955901629512,0.36689599068770073,0.06657450112791491
-0.003314413494862773,0.6019741572532648,0.9901431794313081,0.3674949787350173,0.06676332116103446
-0.0035529308536741563,0.6040824532689958,0.9901906409377131,0.3680965436407441,0.0669522392803773
-0.0037905955261353422,0.6061545213913881,0.9902605283222761,0.368700683032436,0.06714144150364028
-0.004027350473865827,0.6081887529170965,0.9899931928549978,0.369307408371334,0.06733259928214935
-0.004263138876814567,0.6101835832001139,0.9900416145657435,0.3699167724867509,0.06752614390400852
-0.004497904146896725,0.6121374917924259,0.9900898906271877,0.3705287865311704,0.06771973003001233
-0.0047315899415743806,0.6140490025557719,0.9901607233485029,0.3711434469693504,0.06791354527830927
-0.004964140177378557,0.615916683747446,0.990231303212119,0.37176075680925025,0.06810786449560233
-0.005195499043368948,0.6177391480827932,0.9903015432119593,0.37238072063237004,0.06830267013816342
-0.005425611014528292,0.6195150527769338,0.9907294680708943,0.3730033416359395,0.0684977247652832
-0.005654420865088046,0.6212430995680612,0.9907727888335646,0.3736286151037429,0.06869273035600884
-0.005881873681782452,0.6229220347244708,0.9908383905639411,0.3742565365785958,0.06888793451703792
-0.006107914877027313,0.6245506490373511,0.9905863920840707,0.374887114572931,0.06908484817131594
-0.006332490202020801,0.6261277778012021,0.9903271958029227,0.3755204019065258,0.06928521341320973
-0.006555545759762952,0.6276523007836103,0.9903729986858573,0.3761564534121677,0.06948752764798335
-0.006777028017990576,0.6291231421859731,0.9904187054080293,0.3767952757361462,0.06968978259882747
-0.006996883822024874,0.6305392705966444,0.9901587244181095,0.3774368683308388,0.06989319878099194
-0.007215060407528238,0.6318996989378666,0.9898968710015967,0.3780812720602622,0.07009943589128013
-0.007431505413167438,0.6332034844077075,0.9899683772976117,0.3787285300450611,0.07030730295402793
-0.0076461668931800675,0.6344497284181645,0.9900395777903729,0.3793786496819969,0.07051533738773745
-0.007858993329841366,0.6356375765304805,0.989769111339362,0.38003163298274706,0.070724410248126
-0.00806993364582814,0.6367662183886085,0.9898185214456723,0.380687506743581,0.0709347749914069
-0.008278937216477123,0.637834887651715,0.9898907914948007,0.38134627186109005,0.07114506058589982
-0.008485953881934577,0.6388428619265057,0.9903981572280309,0.38200792231690317,0.07135528874669514
-0.008690933959194538,0.6397894627000965,0.9904425085465192,0.38267244880248236,0.07156529158878362
-0.00889382825402242,0.6406740552740895,0.9905095952553223,0.3833398419615587,0.07177519507396757
-0.009094588072761374,0.6414960487004301,0.9905535748131764,0.38401009536361375,0.07198503354957353
-0.009293165234018592,0.6422548957195959,0.9906202304044489,0.38468320059651545,0.07219476006675805
-0.009489512080228586,0.6429500927015894,0.9906865560755651,0.38535915148251,0.07240450277589082
-0.00968358148909077,0.6435811795901564,0.9907525166404239,0.3860379425103735,0.07261424679754296
-0.009875326884878593,0.6441477398506266,0.9907956121181689,0.38671956747467334,0.07282389436274692
-0.010064702249617433,0.6446494004217026,0.9908609786831382,0.3874040174555847,0.07303339589929751
-0.010251662134128875,0.6450858316715078,0.9909260605874495,0.3880912853540601,0.07324285758939189
-0.010436161668938014,0.6454567473581405,0.9909686412420097,0.3887813643087234,0.07345219642891111
-0.010618156575042186,0.6457619045949706,0.9904267333569814,0.38947424439812733,0.07366124422577569
-0.010797603174537464,0.6460011038208636,0.9909458599931054,0.3901699135727941,0.0738699776491378
-0.010974458401101415,0.6461741887754946,0.9909834806321807,0.39086836050455154,0.0740784282894936
-0.01114867981032853,0.6462810464798768,0.9914701531946288,0.3915695738970864,0.07428659158395585
-0.011320225589916988,0.6463216072222119,0.9915064018760953,0.39227354259635505,0.0744944829698642
-0.01148905456970306,0.6462958445491213,0.9912730069768385,0.39298025893003335,0.07470271103693446
-0.011655126231542039,0.6462037752623205,0.9913103516028424,0.3936897321636486,0.0749115028650063
-0.011818400719032271,0.6460454594207282,0.9913476057671542,0.39440195658620825,0.07511999995283627
-0.011978838847080509,0.6458210003480291,0.9918262762362896,0.3951169207500674,0.07532819248391505
-0.012136402111306132,0.6455305446456245,0.9918566357004506,0.39583461288889815,0.07553606018661298
-0.012291052697282055,0.6451742822109203,0.9916324511611434,0.39655502319075836,0.07574401637143958
-0.012442753489610024,0.644752446260869,0.9916668271710225,0.3972781532809644,0.07595220010951508
-0.012591468080828063,0.6442653133606157,0.991701082244239,0.3980039946437721,0.0761600408323371
-0.01273716078014815,0.6437132034571177,0.9917352033248636,0.3987325349778784,0.07636753566934334
-0.012879796622021773,0.6430964799175534,0.991766280722747,0.3994637619309301,0.07657467630124233
-0.013019341374531595,0.6424155495722879,0.9918002483708438,0.4001976629424953,0.0767814576313949
-0.013155761547606825,0.6416708627621578,0.9918341025886015,0.40093422557037467,0.07698788423103696
-0.013289024401060803,0.6408629133897819,0.991867872208373,0.4016734373896747,0.07719395448795854
-0.013419097952448365,0.6399922389745603,0.9919016174554285,0.40241528599602777,0.07739966981326231
-0.01354595098474155,0.6390594207110003,0.9919575988656535,0.40315975909285906,0.07760504463044526
-0.013669553053821556,0.6380650835299416,0.9919910558740326,0.4039068448033027,0.07781007772188418
-0.013789874495785084,0.6370098961622233,0.9924896706513175,0.4046565307427841,0.07801474697547252
-0.01390688643406364,0.6358945712042587,0.9925161127072794,0.4054088044844003,0.07821905083113498
-0.014020560786353744,0.6347198651849504,0.9923106254052364,0.40616365385654735,0.07842304424179894
-0.014130870271356453,0.6334865786333013,0.9921037872257996,0.40692106710261167,0.07862657481232314
-0.014237788415324946,0.6321955561460232,0.9921351120242686,0.4076810263621325,0.07882944803154651
-0.014341289558417805,0.6308476864543486,0.9921889358628805,0.40844351594355927,0.07903183798919808
-0.014441348860857602,0.6294439024892172,0.9922200024983798,0.40920852053500995,0.07923371014806117
-0.014537942308892047,0.6279851814438778,0.9922509431478829,0.4099760253720325,0.0794351160312327
-0.014631046720557218,0.6264725448329019,0.9922817944653475,0.4107460161627121,0.07963605563335663
-0.01472063975124128,0.6249070585464662,0.9920708288603282,0.41151847678120473,0.07983613339734545
-0.014806699899046946,0.623289832898716,0.9921025620477157,0.41229337808198735,0.08003506979364271
-0.014889206509951769,0.6216220226688464,0.9921341890440227,0.4130707007979957,0.08023349686644277
-0.014968139782765316,0.6199048271334867,0.9921657031504273,0.41385042987461224,0.08043141135661641
-0.015043480773880853,0.6181394900887958,0.9921970735138109,0.4146325502362978,0.08062881040528602
-0.01511521140182231,0.6163272998605962,0.9922282587426862,0.41541704678567476,0.08082569198160852
-0.015183314451583175,0.6144695893006821,0.9922593301578331,0.4162039043529606,0.08102204680456725
-0.015247773578758478,0.612567735767345,0.9927788197087827,0.4169931078141903,0.08121790034423257
-0.015308573313467128,0.6106231610879502,0.9928286088959412,0.41778464249534475,0.08141319678213677
-0.015365699064064636,0.6086373315012891,0.992855656381384,0.41857849100698924,0.08160785588526068
-0.015419137120645014,0.6066117575772074,0.9926612220373168,0.4193746336322641,0.08180121222775348
-0.015468874658331282,0.6045479941108747,0.9926889273924979,0.42017302730834266,0.08199281062424152
-0.01551489974035311,0.6024476399888434,0.9927391260057605,0.4209736477457014,0.08218373995057497
-0.015557201320911743,0.6003123380238613,0.9927890093635813,0.4217764750643868,0.08237384264922602
-0.015595769247830887,0.5981437747552039,0.9928163332391446,0.4225814887461221,0.08256321079809968
-0.015630594264993247,0.5959436802110645,0.9925959304064589,0.4233886718127154,0.08275201077713869
-0.015661668014561852,0.5937138276293651,0.9926239197931523,0.4241980088999896,0.08294025492662145
-0.015688983038985953,0.5914560331330798,0.9931314647619118,0.4250094843024533,0.08312794049225623
-0.01571253278279081,0.5891721553559847,0.9929459794129661,0.42582307758818483,0.08331395577345771
-0.01573231159415105,0.5868640950144985,0.9929711053239769,0.4266387324698935,0.08349760270793455
-0.015748314726246705,0.5845337944210709,0.9927806463033491,0.4274564139209632,0.0836792463816774
-0.01576053833840305,0.5821832369343295,0.9925892366869009,0.4282760484725746,0.08385654393165247
-0.01576897949701178,0.5798144463410004,0.992615952732626,0.42909754873479,0.08403073541734998
-0.015773636176235322,0.5774294861644006,0.9926651743627855,0.42992088029165343,0.08420406614331705
-0.015774507258493067,0.5750304588940689,0.9927141512520906,0.43074601850825,0.08437624680278515
-0.015771592534729456,0.5726195051309662,0.9932030070841935,0.43157293780511513,0.08454749362095232
-0.015764892704464184,0.5701988026424415,0.9932260448462279,0.4324016202840833,0.08471810191688063
-0.015754409375624334,0.5677705653210526,0.9932489606672299,0.4332320486771573,0.08488799599732938
-0.01574014506415852,0.5653370420411721,0.9932717655702289,0.43406420519859656,0.08505717370530398
-0.01572210319343305,0.5629005154072262,0.9932945178991712,0.43489807206509024,0.08522563276544758
-0.015700288093410283,0.5604633003873394,0.9933171279040127,0.43573363146891003,0.0853933706639177
-0.015674704999609466,0.5580277428261445,0.993137576714061,0.43657085555104946,0.08555834520327463
-0.01564536005185034,0.5555962178305145,0.9929572530852567,0.43740964305340496,0.08571721510559818
-0.01561226029277952,0.5531711280220817,0.9929812245684438,0.4382498756741405,0.0858718945841145
-0.015575413666180286,0.5507549016505119,0.9930051180962021,0.4390915121823767,0.08602579149209114
-0.015534829015066181,0.548349990561713,0.9930514497861155,0.4399345329573727,0.08617866878851001
-0.015490516079558595,0.5459588680154245,0.9928665612998329,0.44077889838050194,0.0863278006167286
-0.015442485494549373,0.5435840263469782,0.9929133662406211,0.4416244944220156,0.08647191295219381
-0.015390748787148372,0.5412279744684588,0.9929598823494621,0.4424712656843706,0.08661455804308643
-0.015335318373917035,0.5388932352050181,0.992983971777047,0.4433191817053926,0.08675599009422442
-0.015276207557888432,0.5365823424627046,0.993007921327679,0.4441682212431044,0.08689660577966714
-0.01521343052537465,0.5342978382249159,0.9930538114052913,0.44501836440209597,0.0870361365340405
-0.015147002342562162,0.5320422693753886,0.9930994849140911,0.4458695818419239,0.08717416752684964
-0.015076938951896058,0.5298181843465933,0.9931448748607566,0.4467218412850517,0.08731068385355935
-0.015003257168253648,0.5276281295934546,0.9931341799788304,0.4475751120529786,0.08744603082134313
-0.014925974674909465,0.5254746458934738,0.993153667186883,0.4484293758789766,0.08758073863102729
-0.01484511001929078,0.5233602644756117,0.9931987795946908,0.44928461601773256,0.08771443637221903
-0.014760682608526896,0.5212875029816748,0.9932218284977994,0.4501408046298962,0.08784687182404316
-0.014672712704791098,0.5192588612654426,0.9932408926403502,0.45099792066028693,0.08797854381661373
-0.014581221420438002,0.5172768170363353,0.9932637436207348,0.45185594804437956,0.08810948717526633
-0.014486230712936681,0.5153438213561338,0.9933082283460702,0.45271486754757745,0.08823930516503459
-0.014387763379600944,0.5134622939989605,0.9933308059622014,0.4535746504857548,0.08836784732988452
-0.014285843052118151,0.5116346186865729,0.9933532030806537,0.4544352754846401,0.0884955524461913
-0.01418049419087769,0.5098631382128399,0.9931744047292537,0.4552967080457875,0.0886191785560429
-0.014071742079100504,0.5081501494731371,0.9931972664313042,0.4561588156533086,0.08873704607913903
-0.013959612816771412,0.5064978984162665,0.9932201583586521,0.45702154722965754,0.08885405959081606
-0.013844133314375142,0.5049085749383188,0.9932428902674193,0.4578848844486114,0.08897021770208594
-0.013725331286437993,0.5033843077396631,0.993265457740372,0.45874880900590714,0.08908551995989339
-0.013603235244876286,0.5019271591679498,0.9932879069023075,0.45961330262321093,0.08919996585777995
-0.013477874492153987,0.5005391200715376,0.9933101503016726,0.460478347030577,0.08931355329030276
-0.013349279114249988,0.49922210468919714,0.9933323156334466,0.4613439239791663,0.08942628243420835
-0.013217479973437697,0.49797794560314834,0.9933543653684532,0.462210015300904,0.0895381593820006
-0.013082508700878267,0.49680838878349354,0.9933761245722074,0.46307660292624936,0.0896491798427473
-0.012944397689029165,0.49571508875289627,0.9933978550898781,0.46394366871470216,0.08975934003063755
-0.012803180083870339,0.49469960390082074,0.9934991841647143,0.4648111948766654,0.08986872245250357
-0.012658889776949133,0.4937633919768609,0.9935203356525006,0.4656791663341478,0.08997737447304373
-0.012511561397246577,0.4929078057925542,0.9935549288238179,0.4665475662958646,0.09008525664590344
-0.012361230302866599,0.49213408916062357,0.9935981652660567,0.46741637820581955,0.09019207648203248
-0.012207932572550302,0.49144337309979996,0.993641098824366,0.46828557138355825,0.09029718360469895
-0.012051704997016981,0.4908366723322045,0.9936838144623754,0.469155110779178,0.09040057032632136
-0.011892585070134925,0.4903148820988137,0.9937046684715345,0.4700249629480055,0.09050257269294829
-0.011730610979922763,0.48987877531665164,0.993720695331537,0.4708951068904353,0.09060378867027315
-0.011565821599384601,0.4895290000992457,0.9937412034175356,0.47176552755635764,0.09070425908699904
-0.011398256477180837,0.48926607765938973,0.9937832857079023,0.4726362059951359,0.09080350350416735
-0.01122795582813635,0.4890904006105526,0.993803528309808,0.47350711206123103,0.09090135589148533
-0.011054960523589535,0.48900223168030166,0.9938188531001494,0.4743782249076322,0.09099842606131263
-0.010879312081582973,0.4890017028459518,0.9938384967773456,0.47524952975404816,0.09109475622530373
-0.010701052656899683,0.48908881489934064,0.9938583523628347,0.4761210097421198,0.0911902182786382
-0.010520225030945901,0.4892634374442121,0.9938781012385683,0.4769926471360324,0.09128480908986274
-0.010336872601483795,0.4895253093262383,0.994284772070204,0.47786442458669454,0.09137860189255106
-0.010151039372216338,0.48987403949222896,0.9943016346092367,0.4787363269504582,0.09147163290937127
-0.009962769942226527,0.4903091082716681,0.9943183119081564,0.47960833732114244,0.09156379446906564
-0.009772109495273844,0.4908298690704029,0.9943349344989377,0.4804804381174171,0.09165508699004035
-0.009579103788950317,0.4914355504631677,0.9943730663306597,0.48135260995507106,0.09174514268927982
-0.009383799143699006,0.49212525866862417,0.9944109352939402,0.4822248205975058,0.0918334055798454
-0.00918624243169732,0.4928979803879043,0.9944224334360461,0.4830970363937315,0.09192032995479404
-0.008986481065607772,0.49375258598516564,0.9944387212087243,0.48396923929753893,0.0920065145787926
-0.008784562987199339,0.4946878329865163,0.9944546385737525,0.484841412798059,0.09209182834489203
-0.008580536655841601,0.4957023698718207,0.9944707583740977,0.48571353958322433,0.09217627300468269
-0.008374451036874713,0.49679474013242275,0.9944866897370508,0.4865856023559713,0.09225984646205049
-0.008166355589858032,0.4979633865666332,0.994336750775193,0.4874575634843405,0.09233846175693983
-0.007956300256699871,0.4992066557840641,0.9943741141289777,0.4883292603986489,0.09240965295944065
-0.007744335449671927,0.5005228028894031,0.9944111946934773,0.48920061967278233,0.092479004347946
-0.0075305120393103645,0.5019099963161061,0.9944480228708437,0.49007160503072394,0.09254649125924436
-0.007314881342207358,0.5033663227806852,0.9944638145663429,0.49094218196101513,0.09261251788273402
-0.007097495108695084,0.5048897923287385,0.9944746070561494,0.4918123304792662,0.09267776961818985
-0.006878405510426084,0.5064783434446466,0.9945108635299891,0.49268203539445793,0.09274190022267405
-0.00665766512785231,0.5081298481978639,0.9945262137346871,0.49355126740905036,0.09280457097759563
-0.0064353269376059554,0.5098421173999378,0.994541391012098,0.49442000620056736,0.09286637555019198
-0.006211444299785435,0.5116129057478297,0.9945567213557241,0.4952882354646986,0.09292730875895586
-0.005986070945149135,0.5134399169306229,0.994571576612525,0.49615593841674044,0.09298734474695043
-0.005759260962220306,0.515320808678429,0.994586704727785,0.497023098574399,0.09304651543877968
-0.00553106878430617,0.51725319773403,0.994437807654166,0.49788967748037777,0.0931003641442691
-0.0053015491764340245,0.5192346647296502,0.9944532700910315,0.4987555029628603,0.09314665035114657
-0.005070757222208033,0.521262758953085,0.9943036791290844,0.4996204921481091,0.0931875516288856
-0.0048387483105893645,0.5233350029892986,0.9943194773081476,0.5004844711422718,0.0932208058350465
-0.004605578122603141,0.5254488972254234,0.9945808550052216,0.5013473806300944,0.09325332257450061
-0.004371302617975171,0.5276019242089115,0.9945946762339547,0.502209208851805,0.09328511572446573
-0.00413597802170205,0.5297915528503341,0.9948557058867153,0.5030699424883615,0.09331616885939817
-0.0038996608105572286,0.5320152424639832,0.9948685681957417,0.5039295703916826,0.09334653068704062
-0.0036624076995370675,0.5342704466410347,0.9950604782192318,0.5047880795307237,0.0933761555960738
-0.0034242756282493007,0.5365546169515112,0.9950727867345714,0.5056454588952976,0.09340509337757377
-0.0031853217472479715,0.5388652064726641,0.9951067322423407,0.5065016928758223,0.09343275998722322
-0.002945603404317522,0.5411996731426877,0.995118808051369,0.507356751804305,0.09345893783795647
-0.0027051781307095395,0.5435554829398296,0.9952521203273239,0.5082106174860723,0.09348436836099583
-0.0024641036273355937,0.5459301128880235,0.9952629752863422,0.50906327858015,0.09350909173928162
-0.002222437750919324,0.5483210538911089,0.9952738764909371,0.5099147217718948,0.0935329895770108
-0.0019802385001109982,0.5507258133985322,0.9952845778993015,0.5107649330411458,0.0935560652207762
-0.0017375640015682308,0.5531419179061473,0.995316982575345,0.5116138961973647,0.0935778741367644
-0.0014944724960057553,0.5555669152963687,0.9953276501584752,0.5124615817859285,0.09359819651264684
-0.0012510223242180563,0.557998377022429,0.9953598707744187,0.5133079693308804,0.09361725440458905
-0.0010072719130777529,0.5604339001419568,0.9954771768739322,0.5141530299834497,0.09363492545411206
-0.0007632797615134237,0.562871109205417,0.9954876780046127,0.5149967490996719,0.09365193007311252
-0.00051910442647028,0.5653076580052396,0.9955197856459439,0.5158391118304038,0.09366767029681121
-0.00027480450885662916,0.5677412311916539,0.9955557923973258,0.5166800893267062,0.0936820090406619
-3.043863948000336e-05,0.5701695457613769,0.995565287798314,0.5175196668984823,0.09369569817210248
0.00021393453502392673,0.5725903524253911,0.9955965491320405,0.5183578303241682,0.0937081369241511
0.0004582563662663246,0.575001436862048,0.9955749092622183,0.5191945510054458,0.09371918301669888
0.0007024682181804963,0.5774006208617333,0.9955844709821468,0.5200298143935163,0.0937295626111682
0.0009465114810942507,0.5797857633692467,0.9955939440468742,0.5208636083504533,0.0937391463555409
0.0011903275857959277,0.5821547614299518,0.9956033778547435,0.5216959199219059,0.09374793520477388
0.0014338580175907696,0.5845055510456431,0.9956129416776085,0.5225267362194146,0.09375593188365604
0.0016770443303441174,0.5868361079458859,0.9956171103601085,0.5233560449198553,0.09376323872815265
0.0019198281605082856,0.5891444482804511,0.9956069847248993,0.5241838372317008,0.09377000182781918
0.0021621512411294256,0.5914286292382498,0.9955143714226666,0.5250101052397338,0.0937762112469739
0.002403955415831385,0.5936867495979715,0.9953732184773139,0.5258348408189943,0.09378186113304011
0.002645182652772946,0.5959169502154393,0.9952263236199629,0.5266580359600744,0.09378696441230586
0.0028857750585751926,0.5981174144524404,0.9949860377442266,0.5274796829935431,0.09379153662151618
0.003125674892215608,0.6002863685516053,0.9949991451201762,0.5282997739687473,0.09379548068604913
0.0033648245788856688,0.6024220819616504,0.9950119901725499,0.5291182973759753,0.09379864560099968
0.003603166723808565,0.6045228676171007,0.9950461564964375,0.5299352387208658,0.09380058676393971
0.003840644126013598,0.6065870821763746,0.995080099817984,0.5307505672834543,0.0938005959924343
0.0040771997920641696,0.6086131262218886,0.9950928389980118,0.5315642500494091,0.09379913963017972
0.004312776949735927,0.6105994444256411,0.9951264784438688,0.5323762679692638,0.09379645214344455
0.004547319061641892,0.6125445256835125,0.9951391085499665,0.533186592916429,0.09379230790710892
0.004780769838800997,0.6144469032213197,0.9951464003997981,0.5339952088991008,0.09378750112529981
0.005013073254147369,0.6163051546754751,0.9951588297877492,0.5348021076470382,0.09378208440525901
0.005244173555976399,0.6181179021508952,0.995170838681666,0.5356072783590399,0.09377590641583686
0.005474015281325004,0.619883812258654,0.9951827437254681,0.5364107093433316,0.09376897186752949
0.00570254326928237,0.621601596135661,0.9951949739052126,0.5372123889675242,0.09376128190480189
0.005929702674228368,0.6232700094485283,0.9952283939414536,0.5380123033113566,0.09375236994116827
0.006155438978996225,0.6248878523835993,0.9952616111534993,0.5388104221746021,0.0937415387652184
0.006379698007956351,0.6264539696249776,0.9952947426946629,0.5396067108603928,0.09372879388556711
0.006602425940018315,0.6279672503222674,0.9953067433171305,0.540401137193157,0.09371461049453601
0.006823569321547534,0.6294266280495779,0.9953187215579465,0.5411936855275435,0.09369969148922824
0.007043075079193974,0.6308310807572488,0.9953516436315747,0.541984342578323,0.09368356899140128
0.007260890532629488,0.6321796307176283,0.9953634180427977,0.542773081105906,0.0936660144219713
0.007476963407190803,0.6334713444661055,0.9952360900159306,0.5435598609259334,0.09364278944832768
0.007691241846425211,0.6347053327385522,0.9952692088802658,0.5443444969181706,0.09361101406380821
0.007903674424535857,0.6358807504061598,0.9951398162566829,0.545126889741106,0.09357297224524201
0.008114210158723767,0.636996796408638,0.9951520962039503,0.5459068553654058,0.09352697391660718
0.008322798521423284,0.6380527136866158,0.9951643142818173,0.54668433730348,0.09348034879622825
0.008529389452428633,0.6390477891140248,0.9951764750085811,0.5474593280539383,0.09343310370010807
0.008733933370908099,0.6399813534311708,0.9950450008407656,0.5482317961214134,0.09338045054480443
0.008936381187303033,0.6408527811791395,0.9950575931581254,0.5490015677411154,0.09332006607412568
0.009136684315109344,0.6416614906361042,0.9950912363101534,0.5497685870527277,0.09325868855713214
0.009334794682537811,0.6424069437560671,0.9951035375021374,0.5505328334500661,0.09319611536943738
0.009530664744051266,0.6430886461104994,0.9951161956578823,0.5512942971405074,0.09313298956222858
0.009724247491775105,0.6437061468332899,0.995128753488855,0.552052972679653,0.09306931434167612
0.00991549646677914,0.6442590385694023,0.9951408419398886,0.5528088546772947,0.09300509143269686
0.010104365770227393,0.6447469574275285,0.9950558710833035,0.553561938154542,0.09294039900701206
0.010290810074393666,0.6451695829370727,0.9950687411375908,0.5543122205837336,0.09287528391184983
0.010474784633539909,0.6455266380096868,0.9950814368593508,0.5550596975603092,0.09280962838638486
0.01065624529465506,0.6458178889055959,0.9950942057741614,0.5558043638296448,0.0927434296087381
0.010835148508051487,0.6460431452048798,0.9949592232282423,0.5565461914790872,0.0926721750796206
0.011011451337816674,0.6462022597838812,0.994820941567912,0.557284996728828,0.09258936902221689
0.011185111472117879,0.6462951287968471,0.9948344361657139,0.5580205816491354,0.09249972659554051
0.011356087233356441,0.6463216916629142,0.9948478923299416,0.5587529018304284,0.09240968401453467
0.011524337588170334,0.6462819310584821,0.9948613050609575,0.5594819557175841,0.0923192368032901
0.011689822157282065,0.6461758729150356,0.9948744004035263,0.560207741894641,0.09222839704418995
0.01185250122518944,0.6460035864224085,0.9948877809561635,0.5609302590862145,0.0921371695896032
0.012012335749696991,0.6457651840374855,0.9949011178877042,0.5616495061337154,0.09204555909123724
0.012169287371286135,0.6454608214982844,0.9949144651317062,0.562365481883303,0.09195356181917613
0.012323318422320994,0.6450906978433695,0.9947756089125922,0.5630781653331457,0.0918572664968291
0.012474391936088826,0.6446550554364685,0.9947893260354815,0.5637874203114506,0.09175484768273848
0.012622471655671388,0.6441541799961947,0.9948030339882982,0.564493208854914,0.09165212781546186
0.01276752204264688,0.6435884006306901,0.9948377416938242,0.5651955302842261,0.09154878533206216
0.012909508285618682,0.6429580898770088,0.9946970813848546,0.565894356555381,0.09144118334385828
0.013048396308570003,0.6422636637450263,0.9945530111744267,0.5665895502088643,0.09132514250767641
0.013184152779042061,0.6415055817655939,0.9944085049500754,0.5672809615306488,0.09120187824672522
0.013316745116133556,0.6406843470426573,0.9944172344090749,0.5679684783311698,0.0910748529554877
0.013446141498320095,0.6398005063089907,0.9944320765085082,0.5686520838894666,0.0909478457066693
0.013572310871091104,0.6388546499851712,0.9944145964879716,0.5693317857752609,0.09082083613221886
0.013695222954402701,0.6378474122413629,0.9944292221782427,0.5700075923260172,0.0906938440120768
0.013814848249944932,0.6367794710614245,0.9944441099863705,0.5706795109916998,0.09056681999019392
0.013931158048221079,0.6356515483088252,0.9944589531482448,0.571347548957324,0.09043977104359621
0.014044124435437861,0.6344644097937571,0.9944737897789713,0.572011713481943,0.09031269481080674
0.014153720300204616,0.633218865340808,0.9944821673117749,0.5726720119475557,0.0901856294601454
0.014259919340039834,0.6319157688564695,0.9945179991450127,0.5733284519286027,0.09005841095247129
0.014362696067683797,0.6305560183956797,0.9945326736610248,0.5739810347434742,0.08993090712505945
0.014462025817215212,0.6291405562265431,0.9945683761812301,0.5746297650338631,0.08980319869454291
0.014557884749970964,0.6276703688922664,0.9946039508177923,0.5752746431420672,0.08967505751975949
0.01465024986026733,0.6261464872692659,0.9946184610133134,0.5759156692708044,0.08954667613002282
0.01473909898092127,0.6245699866203112,0.9945638859511035,0.5765528410844285,0.08941667667492206
0.014824410788570247,0.6229419866414612,0.9945784930179684,0.5771861123084339,0.08928443827583225
0.01490616480878998,0.6212636515014366,0.9945930718733732,0.577815477160689,0.08915230295523331
0.014984341421008027,0.6195361898719657,0.9946288630848676,0.5784409449949482,0.0890201667552572
0.015058921863212725,0.6177608549475034,0.994636752696852,0.5790625222125028,0.08888800897063408
0.015129888236455958,0.6159389444526019,0.9941727924291073,0.5796802188456718,0.08875605580913264
0.01519722350914883,0.6140718006350603,0.9941891580159561,0.5802940472056798,0.08862430223968545
0.015260911521149029,0.6121608102428425,0.9942054440764097,0.5809040178888051,0.08849266981397688
0.015320936987639526,0.6102074044825875,0.9942151383106833,0.5815101411838144,0.08836118152794986
0.015377285502796363,0.608213058957371,0.9942314509734382,0.5821124279199466,0.08822984577936101
0.015429943543246408,0.6061792935812138,0.9942475721590215,0.5827108884081204,0.08809862974844951
0.015478898471312806,0.6041076724676354,0.9942637625070848,0.5833055327804639,0.08796754605626829
0.015524138538047747,0.6019998037893831,0.9943410549915465,0.5838963713709622,0.08783660551670748
0.015565652886052399,0.5998573396062375,0.9943570676584544,0.5844834148610526,0.08770581930044268
0.015603431552082521,0.5976819756576339,0.9943730366824178,0.5850666738240565,0.08757518449845178
0.01563746546943958,0.5954754511165896,0.9943820647405046,0.585646158925871,0.08744471532020326
0.015667746470146834,0.5932395483012428,0.9943909994513044,0.5862218814055418,0.08731444110239431
0.0156942672869094,0.5909760923400604,0.9948330708527298,0.5867938489027955,0.0871837200703855
0.015717021554858622,0.588686950786582,0.9948473333995119,0.5873620533957413,0.08705242210558208
0.015736003813079373,0.586374033179305,0.9948616575494542,0.587926501641748,0.08692136095584463
0.015751209505920887,0.5840392905421325,0.9948759351790798,0.5884872059180193,0.08679054136580214
0.015762634984089748,0.5816847148205415,0.9948901447247589,0.5890441786296516,0.08665997066072761
0.015770277505526082,0.5793123382484486,0.9958721455755252,0.5895974312664388,0.0865295745726265
0.01577413523606149,0.5769242326405102,0.995665182865788,0.5901469764990277,0.08639950417108122
0.015774207249859097,0.5745225086044095,0.9956762801079623,0.5906928282368935,0.08626975371849303
0.015770493529636,0.5721093146674955,0.9956939764755329,0.5912349998584602,0.08614029638801679
0.01576299496666717,0.5696868363119554,0.9957114100609799,0.5917735046760001,0.0860111408284737
0.015751713360571705,0.5672572949125692,0.9957284480429941,0.5923083560730859,0.08588228990006035
0.01573665141888096,0.5648229465709567,0.9957795512130462,0.5928395674145523,0.08575373677413814
0.01571781275638867,0.562386080840153,0.9957764232889171,0.5933671517717417,0.08562547371498738
0.01569520189428338,0.5599490193332662,0.9957934400633754,0.593891122347165,0.08549751563940923
0.015668824259063397,0.5575141142099826,0.9958101706548045,0.594411492559209,0.0853698711876561
0.01563868618123463,0.5550837465346923,0.9958265689722955,0.5949282758982267,0.08524254379619856
0.01560479489379108,0.5526603245001122,0.9958425792311358,0.5954414858998681,0.0851155364487496
0.015567158530479033,0.5502462815104194,0.9958825899367757,0.5959511363687409,0.08498890237894818
0.015525786123844998,0.5478440741181245,0.9958983028686297,0.5964572427801871,0.08486268079736592
0.015480687603068066,0.5454561798091844,0.9958613640171752,0.5969598194036562,0.08473679017308297
0.015431873791576638,0.543085094631251,0.9958772416074769,0.5974588798765075,0.08461123083142867
0.015379356404451204,0.5407333306603738,0.9958931349865261,0.5979544379441404,0.08448601128897887
0.015323148045612568,0.538403413302031,0.9959086178302832,0.5984465074198633,0.08436113442163695
