x_mean,x_rms,order_parameter,residue_mean,mismatch_mean
-0.009763459981777058,0.49085534866202174,0.03441049717751197,0.0,0.0
-0.009570349650717878,0.4914648376676423,0.034616317711487404,0.0,0.0
-0.009374942481682037,0.4921583103615534,0.0348235216074452,0.0,0.0
-0.009177285371452166,0.4929347481301235,0.050123108891209474,0.0,0.0
-0.008977425756785954,0.49379301617379406,0.050433743760216754,0.0,0.0
-0.008775411603031455,0.4947318670197619,0.05074625422432003,0.0,0.0
-0.008571291392615973,0.49574994432636793,0.05111171534794985,0.0,0.0
-0.008365114113410146,0.4968457869521442,0.051434333652514375,0.0,0.0
-0.008156929246971307,0.498017833261347,0.051759793760776156,0.0,0.0
-0.007946786756667998,0.49926442563701146,0.05208959849220501,0.0,0.0
-0.007734737075689288,0.5005838151721188,0.052426765233794866,0.0,0.0
-0.007520831094940653,0.5019741665093559,0.05276581034729874,0.0,0.0
-0.007305120150830721,0.5034335628001507,0.06824281692512582,0.0,0.0
-0.007087656012950597,0.5049600107541709,0.08369164752306342,0.0,0.0
-0.006868490871649515,0.5065514457512469,0.08422098556410536,0.0,0.0
-0.006647677325509359,0.5082057369886878,0.09936750635560714,0.0,0.0
-0.006425268368721284,0.5099206926382034,0.09999209598675021,0.0,0.0
-0.006201317378367213,0.5116940649880518,0.10062139032279822,0.0,0.0
-0.0059758781016099214,0.5135235555475876,0.10125658447566319,0.0,0.0
-0.005749004642793668,0.515406820093089,0.1018944397627891,0.0,0.0
-0.005520751450459487,0.5173414736354903,0.10253630837000743,0.0,0.0
-0.005291173304277931,0.5193250952924897,0.1031805347944008,0.0,0.0
-0.0050603253019020225,0.521355233049354,0.103826451835684,0.0,0.0
-0.004828262845744248,0.5234294083946018,0.10447732254995223,0.0,0.0
-0.004595041629680113,0.5255451208185916,0.10513506619950799,0.0,0.0
-0.004360717625682007,0.5276998521648417,0.10579589898879709,0.0,0.0
-0.0041253470703860404,0.5298910708256535,0.10645962638923208,0.0,0.0
-0.0038889864515956937,0.5321162357752672,0.12143719124026502,0.0,0.0
-0.0036516924947248676,0.5343728004353795,0.12218978183288881,0.0,0.0
-0.0034135221491842205,0.5366582163693209,0.12287752506704602,0.0,0.0
-0.00317453257471335,0.538969936802582,0.12364048500177173,0.0,0.0
-0.0029347811276629527,0.5413054199686443,0.12440725303606012,0.0,0.0
-0.0026943253472294874,0.5436621322802425,0.12517666997640833,0.0,0.0
-0.0024532229416460057,0.5460375513272188,0.12594814861586068,0.0,0.0
-0.0022115317743325352,0.5484291687030798,0.12672353847546974,0.0,0.0
-0.0019693098500090257,0.5508344926631775,0.12744372225313497,0.0,0.0
-0.0017266153007746412,0.5532510506181805,0.12816485032932315,0.0,0.0
-0.0014835063721561977,0.5556763914670861,0.12895937041515762,0.0,0.0
-0.001240041409129589,0.5581080877745754,0.12968731223489038,0.0,0.0
-0.0009962788421172832,0.5605437377979291,0.1304940567670869,0.0,0.0
-0.0007522771729652358,0.5629809673690568,0.1453382959704901,0.0,0.0
-0.0005080949609028207,0.5654174316374904,0.14617250928387085,0.0,0.0
-0.0002637908084887673,0.5678508166803521,0.14706725182610644,0.0,0.0
-1.9423347546990987e-05,0.5702788409854606,0.14796694874533967,0.0,0.0
0.0002249487749049312,0.5726992568138012,0.14887063139379858,0.0,0.0
0.00046926691073061953,0.5751098514476143,0.1497803658053857,0.0,0.0
0.0007134724247502517,0.5775084483303122,0.1506947680682503,0.0,0.0
0.0009575067088127242,0.5798929081043961,0.15161271041029514,0.0,0.0
0.0012013111958612396,0.582261129553409,0.15253462115096544,0.0,0.0
0.0014448273739892047,0.5846110504538641,0.16704128179182803,0.0,0.0
0.0016879968004828406,0.58694064834292,0.18145635528042897,0.0,0.0
0.0019307611158470106,0.5892479412073766,0.18252215768558516,0.0,0.0
0.0021730620578113637,0.5915309880994262,0.1835945155754854,0.0,0.0
0.0024148414753128998,0.5937878896843342,0.1846746467237657,0.0,0.0
0.002656041342452039,0.5960167887250514,0.18576180933533212,0.0,0.0
0.0028966037724184207,0.5982158705085188,0.18685632372455444,0.0,0.0
0.0031364710313836488,0.6003833632182164,0.1879568160425568,0.0,0.0
0.0033755855523569583,0.6025175382572702,0.18906342770547108,0.0,0.0
0.0036138899490011163,0.6046167105262125,0.190176180500607,0.0,0.0
0.0038513270294048426,0.6066792386592808,0.19128679534174983,0.0,0.0
0.0040878398098085494,0.6087035252228915,0.1924154446945636,0.0,0.0
0.004323371528280279,0.6106880168797455,0.19355089520226773,0.0,0.0
0.004557865658338204,0.6126312045217921,0.19469329689307407,0.0,0.0
0.004791265922516723,0.614531623375081,0.19584179455829703,0.0,0.0
0.005023516305872768,0.6163878530793343,0.19699925636501037,0.0,0.0
0.005254561069429203,0.6181985177448969,0.1979804205052217,0.0,0.0
0.005484344763551828,0.6199622859895269,0.19914453657192438,0.0,0.0
0.005712812241257084,0.6216778709573155,0.2003130732987694,0.0,0.0
0.005939908671446976,0.6233440303218944,0.20148554969967902,0.0,0.0
0.006165579552068388,0.6249595662758759,0.20266502414853976,0.0,0.0
0.006389770723193224,0.6265233255083937,0.20385323266077224,0.0,0.0
0.006612428380016564,0.6280341991724068,0.20504740133705843,0.0,0.0
0.006833499085769609,0.6294911228433493,0.20624968730034443,0.0,0.0
0.007052929784544098,0.6308930764705655,0.20745925137887425,0.0,0.0
0.007270667814025688,0.6322390843228349,0.2086793694554635,0.0,0.0
0.007486660918132485,0.633528214929237,0.2099094058247579,0.0,0.0
0.007700857259556283,0.6347595810164378,0.21114439961682652,0.0,0.0
0.007913205432203361,0.6359323394434432,0.21238539741370174,0.0,0.0
0.008123654473531569,0.6370456911347451,0.21363115923575446,0.0,0.0
0.008332153876781172,0.6380988810126944,0.21488307407655982,0.0,0.0
0.008538653603096254,0.6390911979299141,0.2287801224882731,0.0,0.0
0.008743104093533708,0.6400219746024098,0.23009188989296764,0.0,0.0
0.008945456280957305,0.6408905875440501,0.2314134673484945,0.0,0.0
0.0091456616018133,0.6416964570029738,0.23274240761760456,0.0,0.0
0.00934367200778576,0.6424390469004538,0.2340786627722765,0.0,0.0
0.009539439977327728,0.6431178647726757,0.23542206760158593,0.0,0.0
0.009732918527066266,0.6437324617158465,0.23676788480373226,0.0,0.0
0.009924061223078125,0.6442824323350241,0.238117986032163,0.0,0.0
0.010112822192033818,0.644767414696962,0.23947320567654293,0.0,0.0
0.010299156132206866,0.6451870902872914,0.2408351031009884,0.0,0.0
0.010483018324346094,0.6455411839722707,0.24220279035444722,0.0,0.0
0.010664364642407935,0.6458294639653276,0.24357448615930594,0.0,0.0
0.01084315156414655,0.6460517417985692,0.24495404552563127,0.0,0.0
0.011019336181558956,0.6462078722994259,0.24640917635658904,0.0,0.0
0.011192876211182682,0.6462977535725305,0.24779957177548642,0.0,0.0
0.011363730004243636,0.6463213269869426,0.24919774773924275,0.0,0.0
0.011531856556651635,0.6462785771687714,0.2506041978727358,0.0,0.0
0.011697215518841132,0.6461695319992435,0.25201529807433515,0.0,0.0
0.011859767205454955,0.6459942626182049,0.25343109285406656,0.0,0.0
0.012019472604868596,0.6457528834330748,0.25485196912272845,0.0,0.0
0.012176293388552807,0.6454455521331672,0.256279128960823,0.0,0.0
0.012330191920272297,0.6450724697093387,0.25771345548892033,0.0,0.0
0.01248113126511818,0.6446338804788428,0.2591579156500729,0.0,0.0
0.012629075198372237,0.6441300721152735,0.260610340199664,0.0,0.0
0.012773988214200617,0.6435613756834281,0.26207222408848835,0.0,0.0
0.012915835534175147,0.6429281656789013,0.2635444627329869,0.0,0.0
0.013054583115619967,0.6422308600721903,0.2650226263990541,0.0,0.0
0.013190197659781527,0.6414699203570341,0.26650833974081856,0.0,0.0
0.013322646619820149,0.6406458516027006,0.2799401627695532,0.0,0.0
0.013451898208621289,0.6397592025098822,0.2932245004491578,0.0,0.0
0.013577921406424021,0.6388105654697993,0.2948000967031353,0.0,0.0
0.013700685968265808,0.6378005766261029,0.2963805303758987,0.0,0.0
0.01382016243124113,0.6367299159390759,0.29806738626527146,0.0,0.0
0.013936322121572347,0.6355993072516152,0.2996630957336319,0.0,0.0
0.0140491371614914,0.6344095183563834,0.3012632457961023,0.0,0.0
0.014158580475930205,0.6331613610634927,0.3028707623396705,0.0,0.0
0.01426462579901871,0.6318556912679817,0.31491196809808725,0.0,0.0
0.014367247680388348,0.630493409016305,0.3268142811185911,0.0,0.0
0.014466421491280204,0.6290754585709374,0.32848991154823975,0.0,0.0
0.014562123430455738,0.6276028284721675,0.3390258503762979,0.0,0.0
0.014654330529908973,0.6260765515960038,0.3407383919624072,0.0,0.0
0.014743020660378574,0.6244977052070702,0.34245970558574607,0.0,0.0
0.014828172536659015,0.6228674110052228,0.34418648258452517,0.0,0.0
0.014909765722708695,0.6211868351645593,0.3459242935772004,0.0,0.0
0.014987780636554666,0.619457188363307,0.3476690861704658,0.0,0.0
0.015062198554992074,0.6176797258030404,0.3494188402891084,0.0,0.0
0.015133001618077704,0.6158557472154357,0.3511774397528958,0.0,0.0
0.01520017283341632,0.6139865968547451,0.3529442840380439,0.0,0.0
0.015263696080238632,0.6120736634739274,0.3547155859066425,0.0,0.0
0.015323556113270314,0.610118380282273,0.35649229067014726,0.0,0.0
0.015379738566390848,0.6081222248821808,0.358275477495418,0.0,0.0
0.015432229956081147,0.6060867191825465,0.3600667599585345,0.0,0.0
0.015481017684659626,0.6040134292860871,0.361866724414725,0.0,0.0
0.015526090043305619,0.6019039653476946,0.36362609834323495,0.0,0.0
0.015567436214869465,0.5997599814007312,0.36543938709601975,0.0,0.0
0.015605046276468375,0.5975831751479804,0.36726179572072026,0.0,0.0
0.015638911201868187,0.5953752877137494,0.3691922991876566,0.0,0.0
0.015669022863649292,0.5931381033533997,0.3710271670599826,0.0,0.0
0.015695374035157427,0.5908734491163761,0.37286969384998264,0.0,0.0
0.015717958392237916,0.58858319445857,0.3747229732451205,0.0,0.0
0.015736770514753497,0.5862692507996331,0.3765817862010933,0.0,0.0
0.015751805887885044,0.5839335710206224,0.3784470065238983,0.0,0.0
0.01576306090321521,0.5815781488971665,0.3803189198202186,0.0,0.0
0.015770532859594316,0.5792050184630754,0.3821977879593323,0.0,0.0
0.015774219963788687,0.5768162532991579,0.384082224022403,0.0,0.0
0.015774121330911047,0.5744139657417705,0.3859762373296189,0.0,0.0
0.015770236984632827,0.572000306005458,0.3878793113069842,0.0,0.0
0.015762567857178406,0.5695774612138635,0.38978896094991844,0.0,0.0
0.015751115789101655,0.5671476543329534,0.39875200954552553,0.0,0.0
0.01573588352884385,0.5647131430004505,0.40068958805115745,0.0,0.0
0.01571687473207444,0.5622762182453199,0.40883843746891246,0.0,0.0
0.015694093960813348,0.559839203091057,0.4107991726452088,0.0,0.0
0.01566754668233632,0.5574044510365344,0.4128489294715454,0.0,0.0
0.015637239267862778,0.554974344408203,0.4148212414863654,0.0,0.0
0.015603178991026688,0.5525512925775053,0.4168007854831168,0.0,0.0
0.015565374026131031,0.5501377300375389,0.41878754765405385,0.0,0.0
0.015523833446185884,0.5477361143332046,0.42077920623954174,0.0,0.0
0.015478567220731005,0.5453489238393592,0.4280358942735129,0.0,0.0
0.015429586213443333,0.5429786553818761,0.43004402285546484,0.0,0.0
0.015376902179529377,0.5406278216969663,0.43205814375934737,0.0,0.0
0.015320527762904393,0.5382989487246509,0.43875438503230246,0.0,0.0
0.015260476493157855,0.5359945727329454,0.4407869966154548,0.0,0.0
0.01519676278230615,0.533717237270037,0.4428254785718214,0.0,0.0
0.015129401921334088,0.5314694899426272,0.44486848309655275,0.0,0.0
0.015058410076524973,0.5292538790195461,0.4469132678625585,0.0,0.0
0.014983804285580762,0.5270729498608567,0.4489625490394633,0.0,0.0
0.01490560245353317,0.5249292411738345,0.4510155145117443,0.0,0.0
0.01482382334844648,0.5228252810985403,0.45307132714391973,0.0,0.0
0.014738486596913366,0.5207635831270764,0.4551294266221954,0.0,0.0
0.014649612679344568,0.5187466418621877,0.45718983900054044,0.0,0.0
0.014557222925053754,0.5167769286224085,0.4627084630578964,0.0,0.0
0.014461339507138363,0.5148568869027136,0.4647557114981516,0.0,0.0
0.014361985437158485,0.5129889277013427,0.46683211726615065,0.0,0.0
0.014259184559614013,0.5111754247253131,0.471728324794346,0.0,0.0
0.014152961546222064,0.5094187094889643,0.47381452794118845,0.0,0.0
0.014043341889995968,0.507721066321766,0.47590277378513185,0.0,0.0
0.013930351899127042,0.506084727303438,0.48070545227768796,0.0,0.0
0.01381401869067071,0.5045118671462826,0.48280282991980017,0.0,0.0
0.013694370184038577,0.5030045980463517,0.4849037244117192,0.0,0.0
0.013571435094297944,0.5015649645267267,0.48700767520326177,0.0,0.0
0.013445242925280156,0.5001949382977321,0.489113600549069,0.0,0.0
0.013315823962500067,0.49889641316023003,0.4912207604083358,0.0,0.0
0.013183209265887534,0.4976711999793658,0.4933312718628913,0.0,0.0
0.013047430662333118,0.4965210217570265,0.49544242001113753,0.0,0.0
0.012908520738049977,0.49544750883201993,0.4996220808506687,0.0,0.0
0.012766512830753078,0.4944521942373762,0.5017424918411583,0.0,0.0
0.01262144102165856,0.4935365092442877,0.5055188016016859,0.0,0.0
0.012473340127304234,0.4927017791220066,0.5094283163721369,0.0,0.0
0.012322245691193777,0.4919492191424717,0.5115486823749883,0.0,0.0
0.012168193975266608,0.4912799308575476,0.5137547030834642,0.0,0.0
0.012011221951195087,0.49069489867552324,0.515876284885631,0.0,0.0
0.01185136729151147,0.4901949867619262,0.5179987098010356,0.0,0.0
0.011688668360566755,0.48978093628781133,0.5201218147539435,0.0,0.0
0.011523164205323396,0.48945336304642584,0.5222455922752088,0.0,0.0
0.011354894545984212,0.4892127554566409,0.5247092453209574,0.0,0.0
0.011183899766459676,0.48905947296874414,0.5268341134220249,0.0,0.0
0.011010220904676073,0.48899374488516795,0.5290163151259393,0.0,0.0
0.010833899642726538,0.48901566960553355,0.5307142586241772,0.0,0.0
0.010654978296867632,0.4891252143020377,0.5328413937098448,0.0,0.0
0.010473499807363453,0.48932221502779655,0.5349660716627765,0.0,0.0
0.010289507728180347,0.48960637725725686,0.5370891294251584,0.0,0.0
0.010103046216534104,0.4899772768543724,0.5392106151901622,0.0,0.0
0.009914160022292503,0.49043436146080693,0.5413297463268909,0.0,0.0
0.009722894477235457,0.49097695229317634,0.5434206547580741,0.0,0.0
0.00952929548417563,0.4916042463352099,0.5455387326092738,0.0,0.0
0.009333409505942154,0.4923153189078211,0.5476560844595589,0.0,0.0
0.009135283554229412,0.4931091265973872,0.5497716564445304,0.0,0.0
0.008934965178314817,0.49398451052018544,0.5519159110573408,0.0,0.0
0.00873250245364701,0.49494019989883015,0.5540262316913537,0.0,0.0
0.00852794397030805,0.4959748159248131,0.5561309575108421,0.0,0.0
0.008321338821352026,0.4970868758798434,0.5582322770013683,0.0,0.0
0.008112736591022964,0.49827479748761455,0.5603319123656685,0.0,0.0
0.007902187342854772,0.4995369034669083,0.5624298280396922,0.0,0.0
0.007689741607656352,0.5008714262565804,0.5645239907302151,0.0,0.0
0.007475450371384357,0.5022765128829225,0.565845239472488,0.0,0.0
0.007259365062906899,0.5037502299401718,0.5679444135578398,0.0,0.0
0.007041537541660716,0.5052905686554845,0.5700372209234382,0.0,0.0
0.0068220200852052775,0.5068954500105449,0.5721263977690649,0.0,0.0
0.006600865376676503,0.5085627298930067,0.5742133462670519,0.0,0.0
0.006378126492142719,0.5102902042522829,0.5762949466148172,0.0,0.0
0.006153856887867147,0.5120756142355959,0.5783712502539238,0.0,0.0
0.005928110387478196,0.5139166512818352,0.580443201274698,0.0,0.0
0.0057009411690523756,0.5158109621524519,0.5825089772072768,0.0,0.0
0.005472403752111627,0.5177561538804094,0.5845714004917222,0.0,0.0
0.005242552984539009,0.5197497986200357,0.5866274192374085,0.0,0.0
0.005011444029415405,0.5217894383825126,0.5886770789341962,0.0,0.0
0.004779132351780693,0.5238725896435544,0.5907215797477566,0.0,0.0
0.004545673705322343,0.5259967478117027,0.5927613894851675,0.0,0.0
0.004311124118994863,0.5281593915474293,0.594804730874568,0.0,0.0
0.0040755398835731,0.5303579869249725,0.5968363749537842,0.0,0.0
0.00383897753814269,0.5325899914304949,0.5977090350642003,0.0,0.0
0.0036014938565310114,0.5348528577916937,0.5988389392151441,0.0,0.0
0.0033631458336816507,0.5371440376354745,0.600886995992602,0.0,0.0
0.003123990671976032,0.5394609849716513,0.6029306325429696,0.0,0.0
0.0028840857675049075,0.5418011595018882,0.6049687793834044,0.0,0.0
0.0026434886962938085,0.5441620297542268,0.6070019591930006,0.0,0.0
0.0024022572004848935,0.546541076044579,0.6090279903142682,0.0,0.0
0.0021604491744792106,0.5489357932674828,0.6110473334640529,0.0,0.0
0.0019181226510422626,0.5513436935191858,0.612059550645167,0.0,0.0
0.001675335787376483,0.553762308556878,0.6132952112583044,0.0,0.0
0.0014321468511636864,0.5561891920984342,0.6153237635004405,0.0,0.0
0.0011886142065812512,0.5586219219675705,0.6173278450645897,0.0,0.0
0.000944796300294866,0.5610581020897021,0.6193433899440052,0.0,0.0
0.000700751647431653,0.563495364344141,0.6213523067299812,0.0,0.0
0.00045653881753685233,0.5659313702784974,0.6233526449117485,0.0,0.0
0.00021221642051736056,0.5683638126913597,0.6253473456496216,0.0,0.0
-3.215690742433641e-05,0.5707904170894185,0.6273343858739615,0.0,0.0
-0.0002765225178625541,0.5732089430252747,0.6293140311928471,0.0,0.0
-0.0005208217642237903,0.5756171853221772,0.6312860682625082,0.0,0.0
-0.0007649960158616389,0.5780129751919081,0.6332511908493379,0.0,0.0
-0.001008986672127738,0.5803941812519344,0.6352071995906597,0.0,0.0
-0.0012527351764358237,0.5827587104478825,0.6371571716592843,0.0,0.0
-0.0014961830303148694,0.5851045088872019,0.6378724049451829,0.0,0.0
-0.0017392718074485814,0.5874295625897755,0.6398275285757136,0.0,0.0
-0.0019819431676972817,0.5897318981610142,0.6417751252048386,0.0,0.0
-0.0022241388710993936,0.5920095833928144,0.6437153984771177,0.0,0.0
-0.002465800791848699,0.5942607277975159,0.6456491350508898,0.0,0.0
-0.002706870932244227,0.5964834830798247,0.6458723288285266,0.0,0.0
-0.002947291436609468,0.5986760435513931,0.6478114816910763,0.0,0.0
-0.0031870046051774505,0.6008366464925866,0.6482463394571647,0.0,0.0
-0.0034259529079383624,0.6029635724656843,0.6501847674883139,0.0,0.0
-0.0036640789984465683,0.6050551455835712,0.6501149954380436,0.0,0.0
-0.0039013257275833757,0.6071097337377593,0.6520539751304316,0.0,0.0
-0.004137636157272631,0.6091257487893278,0.6539854600898528,0.0,0.0
-0.004372953574145557,0.6111016467261913,0.6558139293152718,0.0,0.0
-0.004607221503151633,0.6130359277898856,0.6577288550692841,0.0,0.0
-0.004840383721112478,0.6149271365748551,0.6596376056837122,0.0,0.0
-0.0050723842702149885,0.6167738621030358,0.6615399617246376,0.0,0.0
-0.005303167471440989,0.6185747378763486,0.6634346596368975,0.0,0.0
-0.005532677937930052,0.6203284419095355,0.6633172862730775,0.0,0.0
-0.005760860588271878,0.6220336967455904,0.6633781831095327,0.0,0.0
-0.005987660659725698,0.6236892694558956,0.6652907297865396,0.0,0.0
-0.006213023721363062,0.6252939716270121,0.6671949804820172,0.0,0.0
-0.006436895687130987,0.6268466593359141,0.6689531933387796,0.0,0.0
-0.006659222828832266,0.6283462331153468,0.6679951694649818,0.0,0.0
-0.006879951789020137,0.6297916379108335,0.6670945116375586,0.0,0.0
-0.007099029593803697,0.6311818630307572,0.6690016018391942,0.0,0.0
-0.007316403665561423,0.6325159420908083,0.6709001243349978,0.0,0.0
-0.007532021835559484,0.6337929529539991,0.6727896877160054,0.0,0.0
-0.007745832356472123,0.6350120176673366,0.6746717049641549,0.0,0.0
-0.007957783914800665,0.6361723023961635,0.6765456300083555,0.0,0.0
-0.0081678256431885,0.6372730173570647,0.6784112568958103,0.0,0.0
-0.00837590713262907,0.6383134167502003,0.6802690939030334,0.0,0.0
-0.008581978444563718,0.6392927986917968,0.6821178532161881,0.0,0.0
-0.008785990122866787,0.6402105051475027,0.6839582474744967,0.0,0.0
-0.008987893205714744,0.6410659218672287,0.6857903217592526,0.0,0.0
-0.009187639237336917,0.6418584783220312,0.6840809342636374,0.0,0.0
-0.009385180279644537,0.6425876476435524,0.6859164776419998,0.0,0.0
-0.009580468923735663,0.6432529465664738,0.6877439670983029,0.0,0.0
-0.009773458301273144,0.6438539353743762,0.6895623780462982,0.0,0.0
-0.009964102095732766,0.6443902178493921,0.6913714664317114,0.0,0.0
-0.01015235455351895,0.6448614412259437,0.6896042142846714,0.0,0.0
-0.010338170494945521,0.645267296148868,0.6914165207475708,0.0,0.0
-0.01052150532507846,0.6456075166361648,0.6932201912315135,0.0,0.0
-0.010702315044438634,0.6458818800465652,0.6950135276020927,0.0,0.0
-0.010880556259561242,0.6460902070521245,0.6967991977672375,0.0,0.0
-0.011056186193410266,0.6462323616159522,0.6985794012023075,0.0,0.0
-0.01122916269564468,0.6463082509752189,0.7003531868580914,0.0,0.0
-0.011399444252734243,0.6463178256295123,0.7021196707870074,0.0,0.0
-0.011566989997922644,0.6462610793346106,0.7038965497702364,0.0,0.0
-0.011731759721035247,0.6461380491016898,0.7056446113207188,0.0,0.0
-0.011893713878129505,0.6459488152019914,0.7073907103592074,0.0,0.0
-0.012052813600985089,0.6456935011768994,0.7091298387855133,0.0,0.0
-0.012209020706432212,0.6453722738534056,0.7108598363175054,0.0,0.0
-0.0123622977055154,0.6449853433648559,0.712577975158071,0.0,0.0
-0.012512607812490655,0.6445329631768982,0.7142856129418872,0.0,0.0
-0.012659914953653801,0.6440154301184718,0.7159838229550793,0.0,0.0
-0.012804183775998033,0.6434330844176948,0.717672669004324,0.0,0.0
-0.01294537965569857,0.6427863097424195,0.719353256171537,0.0,0.0
-0.01308346870642204,0.6420755332452612,0.7210241312767393,0.0,0.0
-0.013218417787459058,0.6413012256127977,0.7192939214483471,0.0,0.0
-0.01335019451167803,0.6404639011186432,0.7177115376207703,0.0,0.0
-0.013478767253297661,0.6395641176800575,0.719400378799593,0.0,0.0
-0.013604105155477155,0.6386024769176788,0.7171086637066086,0.0,0.0
-0.01372617813772161,0.6375796242179481,0.7188019636047349,0.0,0.0
-0.0138449569031013,0.6364962487977412,0.72048817211117,0.0,0.0
-0.013960412945282647,0.6353530837706388,0.7221650139376423,0.0,0.0
-0.014072518555369793,0.634150906214256,0.7238330541448391,0.0,0.0
-0.014181246828554398,0.6328905372379433,0.7254933463331894,0.0,0.0
-0.014286571670572876,0.6315728420501195,0.7271447726628996,0.0,0.0
-0.014388467803968658,0.6301987300244414,0.7287892840140229,0.0,0.0
-0.014486910774158828,0.6287691547639008,0.7304225756515903,0.0,0.0
-0.014581876955303217,0.6272851141618823,0.7320436852427893,0.0,0.0
-0.014673343555974093,0.6257476504591151,0.7336567841777462,0.0,0.0
-0.014761288624626388,0.6241578502953464,0.7352619595471087,0.0,0.0
-0.014845691054865745,0.6225168447544744,0.7368639037028368,0.0,0.0
-0.014926530590514119,0.6208258094017536,0.7347519187213148,0.0,0.0
-0.015003787830470941,0.6190859643115745,0.7363606598220196,0.0,0.0
-0.015077444233369505,0.6172985740841928,0.7379617689370073,0.0,0.0
-0.015147482122026686,0.6154649478496369,0.7357035121709675,0.0,0.0
-0.015213884687685374,0.6135864392569038,0.7373089186533524,0.0,0.0
-0.01527663599404858,0.6116644464463691,0.7389042234329639,0.0,0.0
-0.015335720981104,0.6097004120032151,0.7404935317293344,0.0,0.0
-0.015391125468738318,0.6076958228894835,0.7420741359855243,0.0,0.0
-0.015442836160140501,0.6056522103521983,0.7436201319099244,0.0,0.0
-0.01549084064499281,0.6035711498048234,0.745056728239967,0.0,0.0
-0.015535127402449358,0.6014542606791048,0.7466128079341233,0.0,0.0
-0.01557568580390088,0.5993032062441974,0.7481199454665278,0.0,0.0
-0.015612506115525714,0.5971196933897104,0.7496619560085999,0.0,0.0
-0.01564557950062587,0.594905472369139,0.7511956576892626,0.0,0.0
-0.015674898021747645,0.5926623364999204,0.7527215742778653,0.0,0.0
-0.01570045464258674,0.5903921218161211,0.754239506458273,0.0,0.0
-0.01572224322967676,0.5880967066695503,0.7557492804333643,0.0,0.0
-0.015740258553861495,0.5857780112748748,0.7572506425336987,0.0,0.0
-0.01575449629154954,0.5834379971940673,0.7587434062689957,0.0,0.0
-0.015764953025752197,0.5810786667553085,0.760172868619752,0.0,0.0
-0.015771626246903477,0.5787020624012679,0.7616496559967278,0.0,0.0
-0.015774514353462357,0.5763102659614321,0.7631167913577865,0.0,0.0
-0.015773616652297064,0.573905397843002,0.7645768577539973,0.0,0.0
-0.01576893335885164,0.5714896161346593,0.7624271300367286,0.0,0.0
-0.015760465597093983,0.5690651156173623,0.7638926113036558,0.0,0.0
-0.015748215399246326,0.56663412667617,0.7653502393210603,0.0,0.0
-0.015732185705297285,0.5641989141069913,0.7666198863032888,0.0,0.0
-0.015712380362296448,0.5617617758120611,0.7680624168235388,0.0,0.0
-0.015688804123431144,0.5593250413779076,0.7694973923018137,0.0,0.0
-0.01566146264688548,0.5568910705295607,0.7709254922025319,0.0,0.0
-0.015630362494482623,0.5544622514548088,0.7723455211838051,0.0,0.0
-0.015595511130109829,0.5520409989923991,0.7737569385272771,0.0,0.0
-0.015556916917927243,0.5496297526782459,0.7714386184793941,0.0,0.0
-0.015514589120360566,0.54723097464394,0.7728564753929281,0.0,0.0
-0.015468537895877989,0.544847147362159,0.7742681457860603,0.0,0.0
-0.015418774296552407,0.5424807712339604,0.7756720491912165,0.0,0.0
-0.015365310265408723,0.5401343620134156,0.7770678145994846,0.0,0.0
-0.015308158633557821,0.5378104480656182,0.7784064605491026,0.0,0.0
-0.015247333117116907,0.5355115674547573,0.7797885836161735,0.0,0.0
-0.015182848313918055,0.5332402648597343,0.7811635702801443,0.0,0.0
-0.01511471970000445,0.5309990883156582,0.7825301343511195,0.0,0.0
-0.015042963625916438,0.5287905857805713,0.783889190174907,0.0,0.0
-0.01496759731276731,0.526617301527858,0.7852403775513644,0.0,0.0
-0.014888638848110482,0.5244817723659847,0.786583318926112,0.0,0.0
-0.014806107181598478,0.5223865236885756,0.7879186334266949,0.0,0.0
-0.014720022120435022,0.5203340653592422,0.7892441103339392,0.0,0.0
-0.014630404324621626,0.518326887437131,0.7905610611146563,0.0,0.0
-0.014537275301999076,0.5163674557507771,0.7918694200777331,0.0,0.0
-0.014440657403085819,0.5144582073295572,0.7931694107828596,0.0,0.0
-0.014340573815713749,0.5126015457038015,0.794463096710366,0.0,0.0
-0.014237048559463391,0.5107998360864782,0.7956984909738595,0.0,0.0
-0.014130106479899388,0.5090554004511698,0.7969773843080418,0.0,0.0
-0.01401977324260742,0.5073705125229747,0.798248498229955,0.0,0.0
-0.013906075327034877,0.5057473927007697,0.7992780293795392,0.0,0.0
-0.013789040020135705,0.5041882029311046,0.800533506093529,0.0,0.0
-0.013668695409821748,0.5026950415557168,0.8017797908422838,0.0,0.0
-0.01354507037822181,0.5012699381562675,0.8030191383723185,0.0,0.0
-0.013418194594750077,0.4999148484214294,0.8042506828401301,0.0,0.0
-0.013288098508985552,0.4986316490627377,0.8054746517127274,0.0,0.0
-0.013154813343364312,0.49742213280678876,0.8066914300831382,0.0,0.0
-0.013018371085686306,0.49628800349222335,0.8078999335365735,0.0,0.0
-0.012878804481438447,0.4952308713006145,0.8091005563027501,0.0,0.0
-0.012736147025935857,0.4942522481507009,0.8102935073436165,0.0,0.0
-0.012590432956282918,0.4933535432854862,0.8114776583084479,0.0,0.0
-0.012441697243157048,0.4925360590814164,0.8126539526380112,0.0,0.0
-0.012289975582415413,0.49180098710826176,0.8138235047859849,0.0,0.0
-0.01213530438652824,0.49114940446734995,0.8120463354437124,0.0,0.0
-0.01197772077584011,0.49058227043448777,0.8132234693765676,0.0,0.0
-0.011817262569661183,0.49010042343225874,0.814391993697877,0.0,0.0
-0.011653968277190667,0.4897045783544049,0.8155528139709254,0.0,0.0
-0.011487877088274985,0.4893953242626833,0.8167060019750456,0.0,0.0
-0.01131902886400218,0.489173122474022,0.817851327185979,0.0,0.0
-0.011147464127135484,0.4890383050529497,0.8189890086789646,0.0,0.0
-0.010973224052388314,0.48899107372121353,0.8201190843263094,0.0,0.0
-0.0107963504565422,0.48903149919326344,0.8212418223184896,0.0,0.0
-0.010616885788411117,0.48915952094292653,0.8223563337496019,0.0,0.0
-0.010434873118653893,0.4893749474031254,0.8234625154277336,0.0,0.0
-0.01025035612943768,0.48967745659706263,0.8245608921155254,0.0,0.0
-0.01006337910395408,0.49006659719579754,0.8256516875056948,0.0,0.0
-0.009873986915791716,0.4905417899938104,0.8267351081187801,0.0,0.0
-0.00968222501816661,0.4911023297908727,0.8278108239431408,0.0,0.0
-0.009488139433013777,0.4917473876654863,0.828878838584533,0.0,0.0
-0.009291776739941878,0.49247601362227683,0.829939561978934,0.0,0.0
-0.009093184065054792,0.49328713959314485,0.8309920698713841,0.0,0.0
-0.008892409069641173,0.49417958276962237,0.8292176772626307,0.0,0.0
-0.008689499938736104,0.49515204924190814,0.8274857187587834,0.0,0.0
-0.00848450536955709,0.49620313791834814,0.8255268724629686,0.0,0.0
-0.008277474559816655,0.4973313446977985,0.8266055662016424,0.0,0.0
-0.008068457195915377,0.4985350668663311,0.8273802264056546,0.0,0.0
-0.007857503441017252,0.4998126076890699,0.8284460214421633,0.0,0.0
-0.007644663923010862,0.5011621811676855,0.8295038475753782,0.0,0.0
-0.007429989722358843,0.5025819169340535,0.8305537381928232,0.0,0.0
-0.007213532359838845,0.5040698652509568,0.8315958433373607,0.0,0.0
-0.006995343784178906,0.5056240020912978,0.8326306503633183,0.0,0.0
-0.006775476359589769,0.5072422342681949,0.8336581070044248,0.0,0.0
-0.006553982853197993,0.5089224045894204,0.8346796354351711,0.0,0.0
-0.006330916422381846,0.5106622970109723,0.8356953704184431,0.0,0.0
-0.006106330602013992,0.5124596417660372,0.836704441750471,0.0,0.0
-0.0058802792916132435,0.5143121204472266,0.834542523307761,0.0,0.0
-0.005652816742409053,0.5162173710216998,0.8323082639282255,0.0,0.0
-0.005423997544321308,0.5181729927605545,0.8333201620898322,0.0,0.0
-0.005193876612859207,0.5201765510657596,0.834323734862601,0.0,0.0
-0.004962509175941657,0.5222255821797188,0.8353205941693874,0.0,0.0
-0.004729950760642925,0.5243175977644355,0.8363109793337732,0.0,0.0
-0.004496257179866357,0.5264500893390752,0.837293938798407,0.0,0.0
-0.004261484518949577,0.5286205325664871,0.8382705144581032,0.0,0.0
-0.004025689122204237,0.530826391380982,0.8392408333248027,0.0,0.0
-0.0037889275793936833,0.5330651219512577,0.8402012385508011,0.0,0.0
-0.003551256712151683,0.5353341764739661,0.837795758975106,0.0,0.0
-0.003312733560345568,0.5376310067947858,0.8387521496249881,0.0,0.0
-0.0030734153683867377,0.539953067855265,0.8397014809500447,0.0,0.0
-0.0028333595714925557,0.5422978209648818,0.8406984851673026,0.0,0.0
-0.002592623781901909,0.5446627368989065,0.8416351706914228,0.0,0.0
-0.002351265775048751,0.5470452988236394,0.8425650621819605,0.0,0.0
-0.002109343475696158,0.5494430050514887,0.8399379042117487,0.0,0.0
-0.001866914944034691,0.5518533716291387,0.8408598872751999,0.0,0.0
-0.00162403836174825,0.5542739347627353,0.8418071455122053,0.0,0.0
-0.00138077201805072,0.5567022530845763,0.8427151781562633,0.0,0.0
-0.0011371742956968957,0.5591359097663033,0.8436160211691847,0.0,0.0
-0.0008933036569708131,0.5615725144839637,0.8445104228938486,0.0,0.0
-0.0006492186296551208,0.5640097052406202,0.8453985073410398,0.0,0.0
-0.00040497779298471803,0.5664451500524478,0.8462799092681607,0.0,0.0
-0.00016063976358803784,0.5688765485043931,0.8468110036395818,0.0,0.0
8.373681858075883e-05,0.5713016331815938,0.8476816503041774,0.0,0.0
0.0003280933043149996,0.5737181709828035,0.8485458766173221,0.0,0.0
0.0005723710492310792,0.5761239643220619,0.849404379173836,0.0,0.0
0.0008165114278427854,0.5785168522248066,0.8502562195783112,0.0,0.0
0.0010604558476311572,0.5808947113245515,0.8477178362906544,0.0,0.0
0.0013041457631064609,0.5832554567661205,0.8485628489785799,0.0,0.0
0.0015475226898587166,0.5855970430213203,0.8460541153007392,0.0,0.0
0.0017905282185937549,0.5879174646227244,0.8468928736659549,0.0,0.0
0.0020331040291511927,0.590214756821108,0.8477262367259013,0.0,0.0
0.002275191904500856,0.5924869961718402,0.848553844652342,0.0,0.0
0.002516733744714747,0.5947323010553456,0.8493753524984297,0.0,0.0
0.0027576715809106587,0.5969488321365339,0.8502431664376042,0.0,0.0
0.0029979475891644654,0.5991347927678735,0.8510696290009192,0.0,0.0
0.003237504104387578,0.601288429340553,0.8518728094423481,0.0,0.0
0.0034762836341662127,0.6034080315879585,0.8526709685628391,0.0,0.0
0.003714228872559423,0.6054919328454771,0.8534639259498229,0.0,0.0
0.003951282713852192,0.607538510270387,0.8542513823126219,0.0,0.0
0.004187388266260506,0.6095461850254248,0.855032081898765,0.0,0.0
0.00442248886558513,0.611513422429357,0.8558072074371337,0.0,0.0
0.004656528088810766,0.6134387320777188,0.8565775983459171,0.0,0.0
0.004889449767647292,0.6153206679366631,0.857342677969644,0.0,0.0
0.005121198002009826,0.6171578284126696,0.85485921348651,0.0,0.0
0.005351717173434567,0.61894885640069,0.8524075943438522,0.0,0.0
0.005580951958426905,0.6206924393131303,0.8499907113093367,0.0,0.0
0.00580884734173881,0.6223873090918841,0.8507522327631474,0.0,0.0
0.006035348629572248,0.6240322422054944,0.8483692339990706,0.0,0.0
0.006260401462705365,0.6256260596333566,0.8491264313688659,0.0,0.0
0.006483951829538532,0.6271676268387402,0.8498776431000273,0.0,0.0
0.006705946079056765,0.6286558537322536,0.8473181936801739,0.0,0.0
0.006926330933705831,0.6300896946272815,0.8480631961653807,0.0,0.0
0.007145053502178471,0.6314681481887688,0.8455392466187192,0.0,0.0
0.0073620612921081905,0.6327902573766386,0.8462773825559783,0.0,0.0
0.00757730222266705,0.6340551093850121,0.8437907660603291,0.0,0.0
0.007790724637064949,0.6352618355783097,0.8413457304320746,0.0,0.0
0.008002277314946868,0.6364096114252139,0.8420772859654787,0.0,0.0
0.008211909484685634,0.6374976564313929,0.8428056717728898,0.0,0.0
0.008419570835566772,0.6385252340718016,0.8435296415086186,0.0,0.0
0.008625211529862906,0.6394916517232996,0.8442486465064852,0.0,0.0
0.008828782214794516,0.640396260598275,0.8449630738577701,0.0,0.0
0.009030234034374345,0.6412384556798645,0.8456733232843662,0.0,0.0
0.009229518641132774,0.6420176756593442,0.8463805098474438,0.0,0.0
0.00942658820772072,0.6427334028761611,0.8438820218798656,0.0,0.0
0.00962139543838824,0.6433851632610793,0.8445847849631883,0.0,0.0
0.009813893580335065,0.643972526282807,0.8452832902330382,0.0,0.0
0.010004036434931122,0.6444951048984922,0.8459768926000037,0.0,0.0
0.01019177836880405,0.6449525555083574,0.8466662021255482,0.0,0.0
0.010377074324790944,0.6453445779147879,0.844225552229133,0.0,0.0
0.010559879832751798,0.6456709152860747,0.8449099728262413,0.0,0.0
0.010740151020242191,0.6459313541250371,0.8455899093630739,0.0,0.0
0.010917844623042506,0.6461257242426804,0.8462658943313681,0.0,0.0
0.011092917995540973,0.6462538987370395,0.8469374114457735,0.0,0.0
0.011265329120968613,0.6463157939773019,0.847604701576369,0.0,0.0
0.01143503662148296,0.6463113695933072,0.8482683795277857,0.0,0.0
0.011601999768098479,0.6462406284704648,0.8489281047798198,0.0,0.0
0.011766178490461444,0.6461036167501127,0.8465696133348324,0.0,0.0
0.011927533386466552,0.645900423835332,0.8472259202357608,0.0,0.0
0.012086025731713392,0.645631182402165,0.8478782218614174,0.0,0.0
0.012241617488799764,0.645296068416201,0.8485265738928869,0.0,0.0
0.012394271316450947,0.6448953011544374,0.8462307951275817,0.0,0.0
0.012543950578481055,0.644429143232293,0.8470335058746044,0.0,0.0
0.012690619352585636,0.6438979006356571,0.8476732293550988,0.0,0.0
0.012834242438962999,0.6433019227577688,0.8454554123000443,0.0,0.0
0.012974785368761786,0.6426416024407499,0.8432939485391281,0.0,0.0
0.013112214412353558,0.6419173760215259,0.8439325102729214,0.0,0.0
0.013246496587427416,0.6411297233818783,0.8418387834041543,0.0,0.0
0.013377599666906029,0.6402791680022913,0.8424754278382852,0.0,0.0
0.013505492186679588,0.6393662770192567,0.8431085958191366,0.0,0.0
0.013630143453157283,0.638391661285608,0.8437382269259539,0.0,0.0
0.013751523550633532,0.637355975433463,0.844527054488415,0.0,0.0
0.013869603348467529,0.6362599179392395,0.8452824150480575,0.0,0.0
0.013984354508074623,0.6351042311902085,0.8433284906912479,0.0,0.0
0.014095749489727347,0.6338897015519557,0.8414575336888122,0.0,0.0
0.014203761559164842,0.6326171594360701,0.8420815809328864,0.0,0.0
0.014308364794008883,0.6312874793673018,0.8427023406437698,0.0,0.0
0.014409534089985257,0.6299015800493706,0.8434434841880126,0.0,0.0
0.014507245166948509,0.6284604244285078,0.8440558400498971,0.0,0.0
0.014601474574709257,0.6269650197537361,0.8446644691529981,0.0,0.0
0.014692199698661932,0.6254164176328103,0.8452695735499455,0.0,0.0
0.014779398765212297,0.623815714082618,0.8458710947899652,0.0,0.0
0.014863050847002951,0.6221640495727613,0.8464698353862328,0.0,0.0
0.014943135867935803,0.6204626090608965,0.8470657368078093,0.0,0.0
0.015019634607990247,0.6187126220183254,0.847658381220088,0.0,0.0
0.015092528707835869,0.6169153624441698,0.8482485884617158,0.0,0.0
0.015161800673238668,0.6150721488663354,0.8488355233637486,0.0,0.0
0.01522743387925943,0.6131843443273406,0.849176331457352,0.0,0.0
0.015289412574243781,0.6112533563529124,0.849757935101865,0.0,0.0
0.015347721883602361,0.6092806369011063,0.850336759562511,0.0,0.0
0.015402347813380946,0.6072676822895255,0.850912523768971,0.0,0.0
0.015453277253618468,0.6052160330980536,0.8514853142123499,0.0,0.0
0.015500497981493838,0.6031272740443048,0.8520548017226612,0.0,0.0
0.015543998664258991,0.6010030338288409,0.8526207273322018,0.0,0.0
0.015583768861958905,0.5988449849469529,0.8531835696672851,0.0,0.0
0.01561979902993702,0.5966548434636597,0.8537437125062053,0.0,0.0
0.01565208052112599,0.5944343687482968,0.8543009890770349,0.0,0.0
0.01568060558812287,0.592185363164922,0.8528150745191282,0.0,0.0
0.015705367385048484,0.5899096717144652,0.85337414257619,0.0,0.0
0.015726359969190497,0.5876091816244076,0.853932091056203,0.0,0.0
0.01574357830242945,0.5852858218814836,0.8544878044486517,0.0,0.0
0.015757018252448022,0.5829415627027048,0.8550411040758567,0.0,0.0
0.015766676593722658,0.5805784149397968,0.8555917504570809,0.0,0.0
0.015772551008297945,0.5781984294118884,0.8561391143581084,0.0,0.0
0.015774640086342454,0.5758036961611187,0.8566835700788138,0.0,0.0
0.015772943326487578,0.5733963436256292,0.8572254119965488,0.0,0.0
0.015767461135947472,0.5709785377241919,0.8577647301138933,0.0,0.0
0.015758194830421624,0.5685524808466232,0.8583012449611274,0.0,0.0
0.015745146633778802,0.5661204107439403,0.8588350981787056,0.0,0.0
0.015728319677523615,0.563684599312144,0.8593667307097137,0.0,0.0
0.015707718000044762,0.5612473512634126,0.8598959430047437,0.0,0.0
0.015683346545646012,0.5588110026784651,0.8604224246027915,0.0,0.0
0.01565521116335932,0.5563779194338563,0.8609462452075567,0.0,0.0
0.015623318605541501,0.5539504954980223,0.8614674613500427,0.0,0.0
0.015587676526253248,0.5515311510899951,0.8617792844914469,0.0,0.0
0.015548293479422595,0.5491223306949035,0.8622962719389787,0.0,0.0
0.015505178916791615,0.5467265009306094,0.8628105736277543,0.0,0.0
0.015458343185648468,0.5443461482601435,0.863322490123379,0.0,0.0
0.015407797526343813,0.54198377654503,0.8638325195739756,0.0,0.0
0.015353554069593222,0.5396419044350619,0.8643402544259678,0.0,0.0
0.015295625833565982,0.5373230625906893,0.8648460314709095,0.0,0.0
0.01523402672076055,0.5350297907348783,0.8653495864910766,0.0,0.0
0.015168771514668496,0.5327646345320811,0.8658509779630982,0.0,0.0
0.015099875876225874,0.530530142292863,0.866349719055302,0.0,0.0
0.015027356340055302,0.5283288615037611,0.8668462862979122,0.0,0.0
0.014951230310497346,0.5261633351830641,0.8673404312463362,0.0,0.0
0.014871516057433629,0.5240360980644473,0.8678322045745234,0.0,0.0
0.014788232711902275,0.5219496726117524,0.8685310518210614,0.0,0.0
0.014701400261506466,0.519906564869649,0.8690163197952427,0.0,0.0
0.014611039545617436,0.5179092601564745,0.8694991857468777,0.0,0.0
0.014517172250373295,0.515960218607202,0.8699800360140736,0.0,0.0
0.014419820903474248,0.5140618705761861,0.8704585170018642,0.0,0.0
0.014319008868776342,0.5122166119111483,0.8709348495430936,0.0,0.0
0.014214760340683927,0.5104267991116763,0.8714087831518543,0.0,0.0
0.014107100338343328,0.5086947443873812,0.8718803164523479,0.0,0.0
0.01399605469963837,0.5070227106327098,0.8723495485582151,0.0,0.0
0.013881650074989257,0.5054129063372543,0.8728170103624613,0.0,0.0
0.013763913920956744,0.503867480452194,0.8732823035692838,0.0,0.0
0.013642874493652639,0.5023885172351987,0.8737452525432646,0.0,0.0
0.01351856084195858,0.5009780310977506,0.8742071945593185,0.0,0.0
0.013391002800554047,0.4996379614802787,0.874666969855866,0.0,0.0
0.013260230982756825,0.4983701677818003,0.8751244788228848,0.0,0.0
0.013126276773175446,0.49717642437183357,0.8755797509255697,0.0,0.0
0.012989172320177197,0.4960584157132112,0.8760328421077324,0.0,0.0
0.012848950528172618,0.4950177316249822,0.876483787486238,0.0,0.0
0.012705645049718774,0.4940558627149024,0.8769340431729433,0.0,0.0
0.012559290277442507,0.4931741960109879,0.8757068471491282,0.0,0.0
0.012409921335786727,0.49237401082125215,0.8761579034518057,0.0,0.0
0.012257574072580364,0.49165647485007674,0.8766068395388931,0.0,0.0
0.01210228505043533,0.4910226405986083,0.8770537230475453,0.0,0.0
0.0119440915379715,0.4904734420752113,0.8774982756965231,0.0,0.0
0.011783031500872546,0.4900096918402575,0.8779403030888617,0.0,0.0
0.01161914359277422,0.48963207840750944,0.8783803898300054,0.0,0.0
0.011452467145987752,0.489341164021966,0.8788182993942455,0.0,0.0
0.011283042162060327,0.48913738283140845,0.8792541158025335,0.0,0.0
0.011110909302174874,0.4890210394660014,0.8796876893371794,0.0,0.0
0.010936109877391362,0.4889923080371839,0.8801190826462354,0.0,0.0
0.010758685838732771,0.48905123156383445,0.8805486164703182,0.0,0.0
0.01057867976711664,0.48919772183031074,0.8809762723776752,0.0,0.0
0.010396134863136178,0.48943155967748236,0.881401889726839,0.0,0.0
0.010211094936691974,0.4897523957244482,0.8818255240150716,0.0,0.0
0.010023604396478267,0.49015975151515095,0.8822470539895632,0.0,0.0
0.009833708239324702,0.4906530210807746,0.8826663557106523,0.0,0.0
0.009641452039397341,0.491231472905589,0.8830838253752584,0.0,0.0
0.009446881937261413,0.4918942522808759,0.8834990926264148,0.0,0.0
0.009250044628807413,0.4926403840287549,0.8839121550032583,0.0,0.0
0.009050987354044545,0.4934687755751875,0.8843229793414104,0.0,0.0
0.008849757885763228,0.4943782203491691,0.8847317654137047,0.0,0.0
0.00864640451806991,0.49536740148319114,0.8851386487176295,0.0,0.0
0.008440976054796668,0.4964348957884262,0.8855432693323815,0.0,0.0
0.00823352179778862,0.4975791779768527,0.8859454617407719,0.0,0.0
0.008024091535071658,0.49879862510158357,0.8863456911569573,0.0,0.0
0.007812735528903474,0.5000915211861341,0.8867233740083748,0.0,0.0
0.007599504503711058,0.501456062013099,0.8871187414169345,0.0,0.0
0.007384449633916835,0.5028903600428142,0.8875117699628836,0.0,0.0
0.007167622531657313,0.5043924494329806,0.8868234336375438,0.0,0.0
0.006949075234396185,0.5059602911308809,0.8872182784045273,0.0,0.0
0.00672886019243572,0.5075917780107821,0.8877900398520872,0.0,0.0
0.006507030256328974,0.5092847400302445,0.8881797524740508,0.0,0.0
0.006283638664195735,0.5110369493804194,0.8885671792507387,0.0,0.0
0.006058739028945797,0.5128461256069385,0.888952624251967,0.0,0.0
0.005832385325412079,0.5147099406796213,0.8893359405932855,0.0,0.0
0.005604631877396849,0.5166260239909888,0.889716882763675,0.0,0.0
0.005375533344634408,0.5185919672653644,0.8900953413135466,0.0,0.0
0.0051451447096729,0.5206053293622097,0.890471242964852,0.0,0.0
0.004913521264678782,0.5226636409591853,0.89084483268589,0.0,0.0
0.00468071859816704,0.5247644091023062,0.8912161505874923,0.0,0.0
0.004446792581660129,0.526905121612347,0.8915853773714173,0.0,0.0
0.004211799356279133,0.5290832513384494,0.891247467697792,0.0,0.0
0.00397579531927011,0.5312962602515501,0.8916195078065975,0.0,0.0
0.003738837110469086,0.5335416033718976,0.8919894442482947,0.0,0.0
0.0035009815987087404,0.5358167325264168,0.8923572326229215,0.0,0.0
0.00326228586817012,0.5381190999331146,0.8927229517964148,0.0,0.0
0.003022807204682804,0.5404461616110371,0.893086457607432,0.0,0.0
0.002782603081976439,0.5427953806154778,0.8934482088234391,0.0,0.0
0.0025417311478874893,0.5451642300992456,0.8938080047342478,0.0,0.0
0.0023002492105238977,0.5475501962017489,0.8941659974688394,0.0,0.0
0.0020582152243914455,0.5499507807685553,0.8945218081590112,0.0,0.0
0.0018156872764850318,0.5523635039048086,0.8948755354110401,0.0,0.0
0.0015727235723479577,0.5547859063665702,0.8952271212726632,0.0,0.0
0.0013293824221029234,0.557215551794682,0.8955762992419016,0.0,0.0
0.0010857222264579356,0.559650028796235,0.8959234324262387,0.0,0.0
0.0008418014626903143,0.5620869528790801,0.8962688280387442,0.0,0.0
0.0005976786706124973,0.564523968245124,0.8966122641688412,0.0,0.0
0.0003534124385227581,0.5669587494483881,0.8969535072167119,0.0,0.0
0.00010906138914427733,0.5693890029239216,0.8972926852700454,0.0,0.0
-0.00013531583444404438,0.5718124683938,0.897630066620988,0.0,0.0
-0.0003796605828815888,0.5742269201564413,0.8979654944398647,0.0,0.0
-0.0006239142146016421,0.5766301682654824,0.8982988340023706,0.0,0.0
-0.0008680181099050467,0.5790200596044,0.8986300519003937,0.0,0.0
-0.0011119136850287123,0.5813944788629667,0.8989591694851137,0.0,0.0
-0.0013555424062052818,0.5837513494215256,0.8985300907977912,0.0,0.0
-0.0015988458037111903,0.5860886341489069,0.8988611676290654,0.0,0.0
-0.001841765485898943,0.588404336119647,0.8991906938105763,0.0,0.0
-0.002084243153210849,0.590696499255989,0.899518596236058,0.0,0.0
-0.0023262206121707012,0.5929632088999433,0.8998448217583079,0.0,0.0
-0.0025676397893499023,0.5952025923204691,0.9001872095205549,0.0,0.0
-0.0028084427453047827,0.5974128191606233,0.9001494338332124,0.0,0.0
-0.003048571688481794,0.599592101829315,0.9005901376540533,0.0,0.0
-0.0032879689890872527,0.6017386958420634,0.9007276145396812,0.0,0.0
-0.003526577192918182,0.6038509001149249,0.901054518909363,0.0,0.0
-0.003764339035150994,0.6059270572155656,0.9013819663206569,0.0,0.0
-0.004001197454084883,0.6079655535752021,0.9017896142509424,0.0,0.0
-0.004237095604836258,0.609964819664921,0.9021141571292719,0.0,0.0
-0.004471976872981297,0.6119233301397105,0.9024367553067715,0.0,0.0
-0.004705784888143136,0.6138396039532767,0.9028060126908608,0.0,0.0
-0.004938463537520447,0.6157122044465769,0.9031256816657867,0.0,0.0
-0.005169956979354265,0.61753973941277,0.9034436960699893,0.0,0.0
-0.005400209656329788,0.6193208611411226,0.9037600159002046,0.0,0.0
-0.005629166308909785,0.6210542664422337,0.904074929396173,0.0,0.0
-0.005856771988596712,0.6227386966567645,0.9043880885021429,0.0,0.0
-0.006082972071119923,0.6243729376497046,0.9046993709224401,0.0,0.0
-0.006307712269545466,0.6259558197920801,0.905009071068803,0.0,0.0
-0.006530938647304504,0.6274862179318202,0.9052341265469542,0.0,0.0
-0.0067525976311379275,0.6289630513554079,0.9052935836081369,0.0,0.0
-0.006972636023953574,0.6303852837418037,0.9056012557557709,0.0,0.0
-0.0071910010175934075,0.6317519231099887,0.9059071450046137,0.0,0.0
-0.007407640205507196,0.6330620217614066,0.9062347005280571,0.0,0.0
-0.007622501595329703,0.6343146762184374,0.9065379834295416,0.0,0.0
-0.007835533621358762,0.6355090271599698,0.9068397397672555,0.0,0.0
-0.008046685156930727,0.6366442593550296,0.9070745741169666,0.0,0.0
-0.008255905526690609,0.6377196015953459,0.907374795618564,0.0,0.0
-0.008463144518753985,0.6387343266276639,0.9076768483663703,0.0,0.0
-0.008668352396757542,0.6396877510865201,0.907974982799657,0.0,0.0
-0.00887147991179558,0.6405792354281505,0.9082728333318758,0.0,0.0
-0.009072478314239558,0.6414081838661321,0.9085693329764601,0.0,0.0
-0.009271299365437741,0.6421740443092833,0.908863834010996,0.0,0.0
-0.009467895349292167,0.6428763083023227,0.9091570724616042,0.0,0.0
-0.00966221908371045,0.6435145109697163,0.9094488067928387,0.0,0.0
-0.00985422393192911,0.6440882309630988,0.9097384969182386,0.0,0.0
-0.010043863813706248,0.6445970904126065,0.9100263846952457,0.0,0.0
-0.010231093216380516,0.6450407548824416,0.910312546861007,0.0,0.0
-0.01041586720579404,0.6454189333309189,0.9105970430287027,0.0,0.0
-0.01059814143707631,0.6457313780752266,0.910879954727398,0.0,0.0
-0.010777872165286759,0.6459778847610924,0.9111614004036042,0.0,0.0
-0.01095501625591334,0.6461582923375344,0.9114415698388146,0.0,0.0
-0.011129531195224663,0.6462724830368013,0.9117202970317367,0.0,0.0
-0.011301375100472981,0.6463203823596331,0.9119975851109993,0.0,0.0
-0.011470506729945932,0.6463019590658916,0.9122735824797527,0.0,0.0
-0.011636885492864263,0.646217225170634,0.9125484992741582,0.0,0.0
-0.011800471459123604,0.6460662359456202,0.9128223550064023,0.0,0.0
-0.01196122536887724,0.64584908992627,0.9130949008724341,0.0,0.0
-0.012119108641958502,0.645565928924024,0.9133663895490043,0.0,0.0
-0.012274083387139693,0.6452169380440452,0.9136621579287735,0.0,0.0
-0.01242611241122589,0.6448023457081823,0.9138455583942049,0.0,0.0
-0.012575159227981093,0.6443224236830559,0.9139261988144041,0.0,0.0
-0.012721188066884773,0.6437774871131465,0.9141962661059652,0.0,0.0
-0.012864163881716474,0.6431678945586699,0.9144647603411648,0.0,0.0
-0.013004052358966983,0.6424940480380593,0.9147321187122948,0.0,0.0
-0.01314081992607331,0.6417563930747858,0.914998249586839,0.0,0.0
-0.013274433759475778,0.640955418748232,0.9149961089367573,0.0,0.0
-0.013404861792495773,0.6400916577483053,0.9149136468355227,0.0,0.0
-0.013532072723031448,0.639165686433419,0.914751150366271,0.0,0.0
-0.013656036021070142,0.6381781248914121,0.9145093062263187,0.0,0.0
-0.013776721936015346,0.6371296370029725,0.9141890325274378,0.0,0.0
-0.013894101503826794,0.6360209305070309,0.9144544647457067,0.0,0.0
-0.014008146553971652,0.6348527570675534,0.9147186514925076,0.0,0.0
-0.014118829716185324,0.6336259123411148,0.9149815553763976,0.0,0.0
-0.014226124427040174,0.6323412360445393,0.9152555571053708,0.0,0.0
-0.014330004936320674,0.6309996120218408,0.9155172433634329,0.0,0.0
-0.014430446313203171,0.6296019683096387,0.9157777013223862,0.0,0.0
-0.014527424452239418,0.6281492772000912,0.9160367918673805,0.0,0.0
-0.014620916079141528,0.6266425553003562,0.9166736539378272,0.0,0.0
-0.014710898756367835,0.6250828635874642,0.9170785186760367,0.0,0.0
-0.014797350888507768,0.6234713074573907,0.9173339525394948,0.0,0.0
-0.01488025172746451,0.6218090367670167,0.9175883824168871,0.0,0.0
-0.014959581377434718,0.6200972458675514,0.9178417647975836,0.0,0.0
-0.015035320799683227,0.618337173627845,0.9180943046906239,0.0,0.0
-0.015107451817112202,0.6165301034459335,0.9183459177714961,0.0,0.0
-0.015175957118623736,0.6146773632469764,0.9185967198463199,0.0,0.0
-0.015240820263274264,0.6127803254656218,0.9190155465513205,0.0,0.0
-0.015302025684220469,0.6108404070106923,0.9192651495946697,0.0,0.0
-0.015359558692455096,0.6088590692098815,0.9196629441510344,0.0,0.0
-0.015413405480332407,0.6068378177320329,0.9199123088853137,0.0,0.0
-0.015463553124881698,0.6047782024843473,0.9201605288289081,0.0,0.0
-0.01550998959090904,0.6026818174817117,0.9204075484270636,0.0,0.0
-0.015552703733885462,0.6005503006851238,0.9206533872320438,0.0,0.0
-0.015591685302621746,0.5983853338060059,0.9208982271960519,0.0,0.0
-0.01562692494172845,0.5961886420729713,0.921142269608038,0.0,0.0
-0.01565841419386138,0.5939619939574226,0.9213853811966102,0.0,0.0
-0.01568614550175119,0.5917072008541062,0.9216274336358503,0.0,0.0
-0.015710112210017026,0.5894261167125563,0.921868444872988,0.0,0.0
-0.0157303085667641,0.5871206376151238,0.9221085194109487,0.0,0.0
-0.015746729724963576,0.5847927012970612,0.9223475641731845,0.0,0.0
-0.015759371743616385,0.5824442866039105,0.9230348021816859,0.0,0.0
-0.015768231588698757,0.5800774128812273,0.923685113676885,0.0,0.0
-0.01577330713389036,0.5776941392914601,0.9239172280498282,0.0,0.0
-0.015774597161084723,0.5752965640525803,0.9243737323159248,0.0,0.0
-0.015772101360681554,0.572886823592909,0.9246053108189857,0.0,0.0
-0.01576582033166093,0.5704670916163556,0.924836211571385,0.0,0.0
-0.015755755581439667,0.5680395780721728,0.9250661965099917,0.0,0.0
-0.015741909525509513,0.5656065280231782,0.925295041848349,0.0,0.0
-0.01572428548685742,0.56317022040629,0.9255229141085093,0.0,0.0
-0.015702887695168078,0.5607329666791584,0.92574959373368,0.0,0.0
-0.015677721285808802,0.5582971093466554,0.9261987872015209,0.0,0.0
-0.015648792298596944,0.5558650203609756,0.926425026798095,0.0,0.0
-0.015616107676350705,0.5534390993891921,0.9266503670061643,0.0,0.0
-0.015579675263222426,0.5510217719422354,0.927058391533526,0.0,0.0
-0.015539503802816412,0.5486154873594309,0.9272834369098341,0.0,0.0
-0.015495602936090348,0.5462227166430179,0.9275075454478104,0.0,0.0
-0.015447983199041478,0.5438459501374008,0.9277306957991288,0.0,0.0
-0.015396656020178156,0.5414876950483026,0.9279532703035238,0.0,0.0
-0.015341633717776887,0.5391504727975063,0.9283628767451388,0.0,0.0
-0.015282929496926143,0.5368368162094933,0.9285846143427956,0.0,0.0
-0.015220557446357164,0.5345492665269727,0.9288055363328248,0.0,0.0
-0.015154532535062682,0.5322903702531426,0.9297683810631195,0.0,0.0
-0.015084870608704438,0.5300626758194333,0.9299831074436129,0.0,0.0
-0.015011588385810423,0.5278687300785223,0.9298094488609028,0.0,0.0
-0.014934703453762303,0.5257110746235766,0.9300255074315791,0.0,0.0
-0.014854234264574735,0.5235922419359265,0.9302407340472308,0.0,0.0
-0.01477020013046686,0.5215147513647618,0.9300235788919582,0.0,0.0
-0.014682621219227502,0.5194811049438998,0.9309512818065663,0.0,0.0
-0.014591518549374946,0.5174937830522813,0.931723782778604,0.0,0.0
-0.014496913985112662,0.5155552399264719,0.9314462224824905,0.0,0.0
-0.01439883023108189,0.5136678990352217,0.9316586254269865,0.0,0.0
-0.014297290826912905,0.5118341483279029,0.9318701282157479,0.0,0.0
-0.01419232014157517,0.5100563353705106,0.9320806403361401,0.0,0.0
-0.014083943367529345,0.5083367623847497,0.9322900639163342,0.0,0.0
-0.013972186514680952,0.5066776812076033,0.9324983419614108,0.0,0.0
-0.013857076404138266,0.5050812881906066,0.9327057001599345,0.0,0.0
-0.013738640661775237,0.5035497190598252,0.9332033783324668,0.0,0.0
-0.013616907711601473,0.5020850437592284,0.9334094514566735,0.0,0.0
-0.013491906768940765,0.5006892613017165,0.9338685991540066,0.0,0.0
-0.013363667833419262,0.4993642946534994,0.9340739330110768,0.0,0.0
-0.013232221681765917,0.49811198567875675,0.9338291939886746,0.0,0.0
-0.013097599860426213,0.49693409017255435,0.9340369861347599,0.0,0.0
-0.012959834677990988,0.49583227301077926,0.9342435823912655,0.0,0.0
-0.012818959197442786,0.49480810344637455,0.9339647764157121,0.0,0.0
-0.012675007228220696,0.4938630505813993,0.9341742196549705,0.0,0.0
-0.012528013318106315,0.4929984790443373,0.9343825943792582,0.0,0.0
-0.012378012744932509,0.4922156449016615,0.9345900234920381,0.0,0.0
-0.012225041508116768,0.4915156918319116,0.9347965240131694,0.0,0.0
-0.01206913632002165,0.4908996475894256,0.9350019982867029,0.0,0.0
-0.011910334597143947,0.4903684207833904,0.935206291806504,0.0,0.0
-0.01174867445113484,0.48992279799613225,0.9354094881969981,0.0,0.0
-0.011584194679653366,0.48956344126237783,0.935611903692238,0.0,0.0
-0.0114169347570552,0.48929088592886133,0.9358132870470925,0.0,0.0
-0.011246934824918823,0.4891055389109001,0.935557877755507,0.0,0.0
-0.011074235682411981,0.4890076773596688,0.9357619332538694,0.0,0.0
-0.010898878776499818,0.48899744775071696,0.935965054108119,0.0,0.0
-0.010720906191998043,0.4890748654010245,0.9361673756595558,0.0,0.0
-0.010540360641472634,0.48923981441845227,0.9363686358116521,0.0,0.0
-0.010357285454989068,0.489492048083989,0.9389215620341662,0.0,0.0
-0.010171724569713292,0.4898311896637437,0.93910751312958,0.0,0.0
-0.00998372251936705,0.49025673364418926,0.9392926785236891,0.0,0.0
-0.009793324423539987,0.4907680473808441,0.9394768826122533,0.0,0.0
-0.009600575976861113,0.49136437314740505,0.9396602916041095,0.0,0.0
-0.009405523438032512,0.4920448305693517,0.9398427012247481,0.0,0.0
-0.009208213618727085,0.4928084194232783,0.940024245950017,0.0,0.0
-0.00900869387235439,0.49365402278072523,0.9402050489189627,0.0,0.0
-0.008807012082695876,0.49458041047309814,0.9403849914500386,0.0,0.0
-0.008603216652412858,0.495586242852368,0.940564237153039,0.0,0.0
-0.008397356491430412,0.4966700748207313,0.940742701497107,0.0,0.0
-0.00818948100519898,0.49783036010119935,0.9409202812338616,0.0,0.0
-0.007979640082837417,0.4990654557202635,0.9414428685843131,0.0,0.0
-0.007767884085159818,0.5003736266732642,0.9419110337343052,0.0,0.0
-0.007554263832589149,0.501753050742943,0.9420834819911745,0.0,0.0
-0.007338830592960656,0.5032018234418176,0.9422549484134253,0.0,0.0
-0.007121636069217645,0.5047179630494555,0.9424254527097368,0.0,0.0
-0.006902732387003314,0.5062994157164793,0.9462179019537511,0.0,0.0
-0.006682172082150567,0.507944060608101,0.9477057828629383,0.0,0.0
-0.006460008088073856,0.5096497150611917,0.9478756252914567,0.0,0.0
-0.00623629372306533,0.511414139730263,0.9480436694524275,0.0,0.0
-0.006011082677498712,0.5132350436993135,0.948209998352661,0.0,0.0
-0.005784429000943918,0.5151100895381117,0.9509374018066223,0.0,0.0
-0.005556387089195278,0.5170368982832964,0.9510883519150038,0.0,0.0
-0.0053270116712170025,0.51901305432645,0.9512377429740331,0.0,0.0
-0.005096357796008383,0.5210361101931951,0.9513855360022738,0.0,0.0
-0.004864480819392236,0.5231035911991944,0.9515318702061996,0.0,0.0
-0.004631436390729929,0.525212999970806,0.9517062860925956,0.0,0.0
-0.004397280439565679,0.5273618208199352,0.9518508646657611,0.0,0.0
-0.00416206916220376,0.52954752396439,0.9519938135202389,0.0,0.0
-0.003925859008221703,0.5317675695867189,0.9522698236412457,0.0,0.0
-0.0036887066669225774,0.5340194117261149,0.9524103900879388,0.0,0.0
-0.003450669053729955,0.5363005019994636,0.9525494954889803,0.0,0.0
-0.003211803296528366,0.5386082931490103,0.9526873804404888,0.0,0.0
-0.0029721667219528903,0.5409402424154214,0.9528238119592445,0.0,0.0
-0.002731816841631189,0.5432938147361773,0.9529588938967245,0.0,0.0
-0.0024908113383807777,0.5456664857703177,0.9530556745827122,0.0,0.0
-0.002249208052365578,0.5480557447515042,0.9531898007849493,0.0,0.0
-0.002007064967214473,0.5504590971721988,0.9552497113170819,0.0,0.0
-0.001764440196105607,0.5528740673025208,0.9570488357497365,0.0,0.0
-0.001521391967819362,0.5552982005479447,0.9571655511925325,0.0,0.0
-0.0012779786127638535,0.5577290656505667,0.9587525588322321,0.0,0.0
-0.0010342585489758972,0.5601642567390854,0.9588617332077933,0.0,0.0
-0.0007902902681008491,0.5626013952330217,0.9589698050071841,0.0,0.0
-0.0005461323213550444,0.5650381316069731,0.9590767230967345,0.0,0.0
-0.00030184330547370557,0.5674721470208933,0.9591826438439602,0.0,0.0
-5.748184864801636e-05,0.5699011548225483,0.9592874554135834,0.0,0.0
0.00018689340354538836,0.5723229019283682,0.9593913540471074,0.0,0.0
0.0004312238022190155,0.5747351700889308,0.959494339564469,0.0,0.0
0.0006754507092500182,0.5771357770453199,0.9595963711045185,0.0,0.0
0.000919515511353038,0.5795225775825318,0.959697270306264,0.0,0.0
0.001163359634147157,0.5818934644859709,0.9597970963115587,0.0,0.0
0.0014069245562133724,0.5842463694070262,0.9598960042754018,0.0,0.0
0.0016501518231395679,0.5865792636434818,0.9599939512530086,0.0,0.0
0.0018929830615491876,0.5888901588404178,0.9600909669959259,0.0,0.0
0.002135359993110683,0.5911771076170136,0.9614550585543105,0.0,0.0
0.002377224448523925,0.5934382041244987,0.9615461137816552,0.0,0.0
0.002618518381480604,0.5956715845402686,0.9616362448781968,0.0,0.0
0.002859183882595084,0.5978754275029634,0.9628488539492935,0.0,0.0
0.00309916319330232,0.6000479544931033,0.9629339840806409,0.0,0.0
0.0033383987197196886,0.6021874301636132,0.9639917393970787,0.0,0.0
0.003576833046469247,0.6042921626243921,0.9640729075046722,0.0,0.0
0.0038144089504570755,0.6063605036848178,0.964153272868477,0.0,0.0
0.004051069414606659,0.6083908490578832,0.9642329379932032,0.0,0.0
0.004286757641542603,0.6103816385294362,0.964311899904392,0.0,0.0
0.004521417067221771,0.6123313560957869,0.9643901052397033,0.0,0.0
0.004754991374508453,0.6142385300727482,0.9644676122859104,0.0,0.0
0.004987424506690066,0.6161017331789662,0.964544487971629,0.0,0.0
0.005218660680930637,0.6179195825962264,0.964620748509344,0.0,0.0
0.005448644401658304,0.6196907400092273,0.964696358393656,0.0,0.0
0.005677320473884068,0.6214139116271425,0.9647713291208915,0.0,0.0
0.0059046340164482765,0.6230878481891347,0.9648457268107495,0.0,0.0
0.006130530475191875,0.6247113449558249,0.9649196074743693,0.0,0.0
0.006354955636049125,0.6262832416885633,0.964992902736778,0.0,0.0
0.00657785563805867,0.6278024226182256,0.9659685153773913,0.0,0.0
0.006799176986290019,0.6292678164051132,0.9660383471566706,0.0,0.0
0.007018866564681957,0.6306783960914183,0.9661074920730743,0.0,0.0
0.007236871648790231,0.6320331790475908,0.9661760416378673,0.0,0.0
0.007453139918441151,0.6333312269138522,0.9662439919272379,0.0,0.0
0.0076676194702880954,0.6345716455379666,0.9663114925845566,0.0,0.0
0.007880258830268166,0.6357535849103315,0.9663785843174568,0.0,0.0
0.0080910069659557,0.6368762390973075,0.9664451925528141,0.0,0.0
0.008299813298809734,0.6379388461736668,0.9665112489182323,0.0,0.0
0.008506627716312738,0.63894068815495,0.9665767817221846,0.0,0.0
0.008711400583997211,0.6398810909304209,0.9673921082663494,0.0,0.0
0.008914082757357894,0.6407594241972994,0.9681713606261265,0.0,0.0
0.009114625593646048,0.6415751013968276,0.9689027890941737,0.0,0.0
0.009312980963543693,0.6423275796527261,0.9689620851143311,0.0,0.0
0.009509101262714143,0.6430163597124812,0.9690209197927524,0.0,0.0
0.009702939423226968,0.6436409858919208,0.9696062754110899,0.0,0.0
0.00989444892485419,0.6442010460234278,0.9695439706918949,0.0,0.0
0.010083583806234649,0.6446961714081532,0.9696017782973819,0.0,0.0
0.010270298675904727,0.6451260367724966,0.9696592535490335,0.0,0.0
0.01045454872319194,0.6454903602291328,0.9697164465965569,0.0,0.0
0.010636289728969421,0.6457889032427918,0.9697733122756733,0.0,0.0
0.010815478076268108,0.6460214706009901,0.969829809046411,0.0,0.0
0.010992070760744845,0.646187910389859,0.9698859354422705,0.0,0.0
0.011166025401003034,0.6462881139752084,0.9699417895219833,0.0,0.0
0.011337300248763988,0.6463220159889088,0.9699974884282238,0.0,0.0
0.011505854198886424,0.6462895943206726,0.9700529416553332,0.0,0.0
0.011671646799231446,0.6461908701152723,0.9701081518340781,0.0,0.0
0.01183463826037071,0.6460259077751979,0.9701631478914783,0.0,0.0
0.01199478946513603,0.6457948149687607,0.970217925256332,0.0,0.0
0.012152061978006964,0.6454977426435864,0.9702724470117816,0.0,0.0
0.012306418054335388,0.6451348850454356,0.9703267244434445,0.0,0.0
0.012457820649403905,0.6447064797422597,0.9703807221551692,0.0,0.0
0.012606233427316456,0.6442128076533581,0.9704344306512546,0.0,0.0
0.012751620769718778,0.6436541930834884,0.9704878243822397,0.0,0.0
0.012893947784346571,0.6430310037617362,0.9710006818344162,0.0,0.0
0.013033180313399492,0.6423436508849364,0.9710536577134627,0.0,0.0
0.013169284941738984,0.6415925891653663,0.971106415781922,0.0,0.0
0.01330222900490748,0.6407783168824499,0.9711589799585366,0.0,0.0
0.01343198059696805,0.6399013759381027,0.9712112486788189,0.0,0.0
0.013558508578161392,0.6389623519153713,0.971679630736347,0.0,0.0
0.013681782582379426,0.637961874139929,0.9717317224975999,0.0,0.0
0.013801773024452839,0.6369006157439493,0.9717835984349551,0.0,0.0
0.013918451107251498,0.6357792937318519,0.9718352869509865,0.0,0.0
0.014031788828595656,0.6345986690473144,0.9717738284635541,0.0,0.0
0.014141758987976176,0.6333595466409149,0.9718253621575809,0.0,0.0
0.014248335193082771,0.6320627755376943,0.97225213039801,0.0,0.0
0.014351491866137708,0.6307092489038537,0.972672974747187,0.0,0.0
0.014451204250034698,0.6292999041117161,0.9727251439574273,0.0,0.0
0.014547448414280179,0.6278357228020197,0.9727771750779732,0.0,0.0
0.014640201260736774,0.6263177309425078,0.9728291022249956,0.0,0.0
0.014729440529166572,0.6247469988816754,0.9728807719088559,0.0,0.0
0.014815144802573505,0.6231246413964602,0.972932272243584,0.0,0.0
0.014897293512343295,0.6214518177325208,0.9729836152548558,0.0,0.0
0.014975866943179995,0.6197297316356584,0.9727887592512442,0.0,0.0
0.015050846237837376,0.6179596313727937,0.972841144578792,0.0,0.0
0.015122213401644581,0.6161428097407948,0.9728934822467826,0.0,0.0
0.015189951306824918,0.6142806040612921,0.9729456852700108,0.0,0.0
0.015254043696606302,0.6123743961595037,0.9729977354939118,0.0,0.0
0.015314475189122791,0.6104256123248893,0.97304960438114,0.0,0.0
0.015371231281106318,0.6084357232513288,0.9731013175839154,0.0,0.0
0.015424298351367247,0.6064062439543355,0.973152766735398,0.0,0.0
0.01547366366406345,0.6043387336626189,0.9732040740590212,0.0,0.0
0.015519315371756767,0.6022347956811505,0.9731789598046461,0.0,0.0
0.015561242518256588,0.6000960772226599,0.9732301479384297,0.0,0.0
0.015599435041248945,0.5979242692043187,0.9736265365330828,0.0,0.0
0.015633883774711685,0.5957211060061314,0.973678026329727,0.0,0.0
0.015664580451114136,0.5934883651873455,0.9737292831017681,0.0,0.0
0.015691517703401284,0.5912278671569958,0.9740756102250273,0.0,0.0
0.015714689066761975,0.5889414747944368,0.9737768261582713,0.0,0.0
0.01573408898018013,0.5866310930155266,0.9741134859297763,0.0,0.0
0.01574971278776963,0.584298668279881,0.9741680014368367,0.0,0.0
0.015761556739891762,0.5819461880344015,0.9741631309834026,0.0,0.0
0.01576961799405484,0.5795756800880655,0.9742175122164196,0.0,0.0
0.015773894615596504,0.5771892119127375,0.9742717408404376,0.0,0.0
0.015774385578148132,0.5747888898645923,0.9743257476000349,0.0,0.0
0.015771090763881095,0.57237685832051,0.9743797462575747,0.0,0.0
0.01576401096353502,0.5699552987236597,0.9743499429335225,0.0,0.0
0.015753147876227915,0.5675264285323364,0.9742714242771077,0.0,0.0
0.015738504109048687,0.5650925000659605,0.974144859105232,0.0,0.0
0.015720083176431157,0.5626557992420997,0.9739708580272712,0.0,0.0
0.015697889499310703,0.5602186441982568,0.9740281068603194,0.0,0.0
0.015671928404063236,0.5577833837922035,0.974085219969198,0.0,0.0
0.015642206121227135,0.5553523959746144,0.9743777955895457,0.0,0.0
0.015608729784007513,0.5529280860278722,0.9744355623662275,0.0,0.0
0.015571507426564626,0.5505128846650383,0.9744931728656075,0.0,0.0
0.01553054798208561,0.5481092459831814,0.9747369289775268,0.0,0.0
0.015485861280640504,0.5457196452655516,0.974795339827654,0.0,0.0
0.015437458046823145,0.5433465766274227,0.974853474354055,0.0,0.0
0.015385349897177342,0.5409925505008837,0.9749114314430087,0.0,0.0
0.015329549337408876,0.5386600909543899,0.9749691312852463,0.0,0.0
0.015270069759384186,0.5363517328435039,0.9746109024090212,0.0,0.0
0.015206925437916555,0.5340700187900087,0.9747978665508594,0.0,0.0
0.01514013152733996,0.5318174959874041,0.9748586222193302,0.0,0.0
0.0150697040578724,0.529596712831746,0.9749190850468819,0.0,0.0
0.014995659931768417,0.5274102153778722,0.9751168553874501,0.0,0.0
0.014918016919262863,0.5252605436221982,0.9753208423347313,0.0,0.0
0.014836793654306025,0.5231502276145924,0.9753835700875734,0.0,0.0
0.014752009630091672,0.521081783403207,0.9755859250484297,0.0,0.0
0.01466368519437858,0.5190577088176623,0.9751341740009172,0.0,0.0
0.01457184154460733,0.5170804790975516,0.9752002512326119,0.0,0.0
0.014476500722813049,0.5151525423749336,0.9752659551868103,0.0,0.0
0.014377685610335304,0.5132763150212264,0.9753313014666715,0.0,0.0
0.01427541992232674,0.5114541768707139,0.9753962063555054,0.0,0.0
0.014169728202061605,0.5096884663347343,0.9754609086793479,0.0,0.0
0.01406063581504536,0.5079814754224703,0.9755253656916232,0.0,0.0
0.013948168942927316,0.506335444686136,0.9756126904853403,0.0,0.0
0.013832354577216887,0.5047525581101461,0.9756777788763926,0.0,0.0
0.013713220512805905,0.5032349379656466,0.9757425674911748,0.0,0.0
0.013590795341297965,0.5017846396534321,0.9758070461212427,0.0,0.0
0.013465108444146558,0.5004036465598306,0.9758711030930691,0.0,0.0
0.013336189985603673,0.49909386495152236,0.9759347641927678,0.0,0.0
0.013204070905480534,0.49785711893647133,0.9759980531111108,0.0,0.0
0.013068782911722223,0.49669514551912075,0.9760610536534514,0.0,0.0
0.012930358472797781,0.49560958977875946,0.9761237709271162,0.0,0.0
0.012788830809908055,0.49460200020040623,0.9761861688511837,0.0,0.0
0.012644233889012873,0.4936738241877483,0.9762483574245818,0.0,0.0
0.012496602412679088,0.4928264037875018,0.9763103015245164,0.0,0.0
0.012345971811752338,0.4920609716540606,0.9763720637245216,0.0,0.0
0.012192378236853894,0.4913786472824984,0.9764335425295118,0.0,0.0
0.012035858549704388,0.4907804335367639,0.9764946291114348,0.0,0.0
0.011876450314277351,0.4902672134984188,0.9765432577771552,0.0,0.0
0.01171419178778421,0.48983974765937416,0.9765476389971512,0.0,0.0
0.011549121911492382,0.4894986714799114,0.9766078028190385,0.0,0.0
0.011381280301379856,0.4892444933307832,0.9766678786697114,0.0,0.0
0.01121070723862734,0.4890775928354345,0.9767274408996882,0.0,0.0
0.011037443659951117,0.48899821962541734,0.9767866268424567,0.0,0.0
0.01086153114777842,0.48900649251886397,0.9768454533402657,0.0,0.0
0.010683011920267714,0.4891023991286033,0.9769039491008535,0.0,0.0
0.010501928821176669,0.48928579590303783,0.9769621969862091,0.0,0.0
0.010318325309579887,0.489556408599473,0.9769524611966355,0.0,0.0
0.010132245449438757,0.4899138331860912,0.9770100932877847,0.0,0.0
0.009943733899026549,0.49035753716538666,0.9770673803809506,0.0,0.0
0.009752835900210404,0.4908868613085569,0.9771243238728966,0.0,0.0
0.009559597267593754,0.4915010217872076,0.9771809622936808,0.0,0.0
0.009364064377520818,0.4921991126857993,0.9772371888563014,0.0,0.0
0.009166284156946617,0.4929801088755352,0.977293031079524,0.0,0.0
0.00896630407217471,0.493842869227986,0.977344121802269,0.0,0.0
0.008764172117465501,0.4947861401445966,0.9773999143307847,0.0,0.0
0.00855993680351785,0.49580855937643536,0.977455369860117,0.0,0.0
0.008353647145826733,0.49690866010707224,0.9774370611055108,0.0,0.0
0.008145352652919761,0.4980848752703573,0.9774929318925475,0.0,0.0
0.007935103314475405,0.49933554207409897,0.9774850463664325,0.0,0.0
0.007722949589325607,0.5006589067002298,0.9774851012290867,0.0,0.0
0.00750894239334607,0.5020531291519189,0.9775414885702803,0.0,0.0
0.007293133087236526,0.5035162882183694,0.9775974871207967,0.0,0.0
0.007075573464194515,0.505046386528491,0.9776531465837504,0.0,0.0
0.006856315737485287,0.5066413556654763,0.9777084891591961,0.0,0.0
0.006635412527910713,0.5082990613153128,0.9777634646599022,0.0,0.0
0.006412916851180756,0.5100173084235099,0.9778179920604131,0.0,0.0
0.006188882105189774,0.511793846335745,0.9778721341529654,0.0,0.0
0.005963362057201419,0.513626373899703,0.9778018032707588,0.0,0.0
0.0057364108309446386,0.5155125445070698,0.9778562528250101,0.0,0.0
0.005508082893624381,0.5174499710564151,0.9779103059677455,0.0,0.0
0.005278433042849537,0.5194362308195334,0.9779639790544371,0.0,0.0
0.005047516393481931,0.5214688701956719,0.9779058679002335,0.0,0.0
0.004815388364408998,0.5235454093399237,0.9779599953227105,0.0,0.0
0.004582104665243451,0.525663346653915,0.9780547603987666,0.0,0.0
0.004347721282953255,0.5278201631287185,0.9781072360282431,0.0,0.0
0.004112294468425104,0.5300133265316449,0.9781593078405735,0.0,0.0
0.003875880722964369,0.5322402954302474,0.9782109145493504,0.0,0.0
0.0036385367847351496,0.5344985230484421,0.9782621342160106,0.0,0.0
0.0034003196151433045,0.5367854609511241,0.978312924522938,0.0,0.0
0.003161286385166065,0.5390985625550436,0.9783632837130392,0.0,0.0
0.0029214944616312026,0.5414352864649676,0.9784132654210299,0.0,0.0
0.0026810013934493375,0.5437930996353059,0.9784629614908052,0.0,0.0
0.002439864897802407,0.5461694803584211,0.9785123885614876,0.0,0.0
0.0021981428462918796,0.54856192108179,0.9785615272567455,0.0,0.0
0.0019558932510497836,0.5509679310569682,0.9786103525381753,0.0,0.0
0.0017131742508161585,0.5533850388240668,0.9786588138058547,0.0,0.0
0.0014700440969859334,0.55581079453602,0.9781648706846642,0.0,0.0
0.0012265611396289784,0.5582427721274802,0.9782154006126592,0.0,0.0
0.0009827838134862947,0.5606785713335634,0.9782656148883905,0.0,0.0
0.0007387706239459739,0.563115819564039,0.9777042160822081,0.0,0.0
0.0004945801330021801,0.5655521736387966,0.9777568803380139,0.0,0.0
0.00025027094520060916,0.5679853213906357,0.9778092783617343,0.0,0.0
5.9016935735778375e-06,0.5704129831415325,0.9778612846242495,0.0,0.0
-0.00023846897443153815,0.572832913058623,0.9778090102046165,0.0,0.0
-0.0004827824110274462,0.575242900396137,0.9779430110016304,0.0,0.0
-0.0007269799821621059,0.5776407706295162,0.977297986484122,0.0,0.0
-0.0009710030815906297,0.5800243864878616,0.9773520868019531,0.0,0.0
-0.0012147931449405305,0.5823916488907531,0.9774059098242747,0.0,0.0
-0.0014582916637668486,0.5847404977953673,0.9774594419259272,0.0,0.0
-0.0017014401995938835,0.5870689129596514,0.97751257037128,0.0,0.0
-0.0019441803979402263,0.5893749146271338,0.9775652517576632,0.0,0.0
-0.0021864540023234283,0.5916565641387661,0.9776175791271772,0.0,0.0
-0.0024282028682414435,0.5939119644769931,0.9776695660685829,0.0,0.0
-0.0026693689771268864,0.596139260747014,0.9777212467201283,0.0,0.0
-0.0029098944502712405,0.5983366405999938,0.9775723781818619,0.0,0.0
-0.0031497215627155437,0.6005023346027694,0.9776247329795016,0.0,0.0
-0.0033887927571040074,0.6026346165583393,0.9777867989699599,0.0,0.0
-0.003627050657497592,0.6047318037812344,0.9778371280047042,0.0,0.0
-0.0038644380831438442,0.6067922573316241,0.9779675047909379,0.0,0.0
-0.004100898062200162,0.6088143822118083,0.978016147693557,0.0,0.0
-0.004336373845406595,0.6107966275285129,0.9780645172913652,0.0,0.0
-0.00457080891970551,0.612737486624219,0.9781640793877714,0.0,0.0
-0.004804147021804434,0.6146354971805482,0.9782109434030842,0.0,0.0
-0.005036332151678883,0.6164892412965134,0.9782575778085101,0.0,0.0
-0.005267308586012253,0.6182973455442912,0.9783039280281238,0.0,0.0
-0.005497020891569025,0.6200584810049633,0.9781694742286036,0.0,0.0
-0.005725413938498555,0.6217713632865167,0.9780416103956296,0.0,0.0
-0.005952432913565854,0.6234347525262327,0.9779193424547338,0.0,0.0
-0.006178023333306686,0.6250474533794284,0.9779677911480283,0.0,0.0
-0.0064021310571031765,0.6266083149963856,0.9780159797679964,0.0,0.0
-0.0066247023001773965,0.628116230989134,0.9780639413294259,0.0,0.0
-0.0068456836464993445,0.6295701393896722,0.9781117404376983,0.0,0.0
-0.0070650220616067065,0.6309690226010288,0.9781593134847858,0.0,0.0
-0.0072826649053326885,0.6323119073425155,0.9782066090240669,0.0,0.0
-0.007498559944439555,0.6335978645903516,0.9782537073503099,0.0,0.0
-0.007712655365154244,0.6348260095147948,0.9783006319629565,0.0,0.0
-0.007924899785603482,0.6359955014147745,0.9783473680181565,0.0,0.0
-0.008135242268145172,0.6371055436509754,0.9783939887970802,0.0,0.0
-0.008343632331593165,0.6381553835781992,0.9784404428218301,0.0,0.0
-0.008550019963332609,0.6391443124777896,0.9784866968229081,0.0,0.0
-0.00875435563132252,0.6400716654908082,0.9785327278570789,0.0,0.0
-0.008956590295983495,0.6409368215526041,0.9785784854404435,0.0,0.0
-0.009156675421966727,0.6417392033293485,0.9786240945476246,0.0,0.0
-0.009354562989802457,0.6424782771570414,0.9786695571921485,0.0,0.0
-0.009550205507424296,0.6431535529834673,0.978714849823222,0.0,0.0
-0.009743556021567124,0.643764584313507,0.9780448890913277,0.0,0.0
-0.009934568129035669,0.6443109681581657,0.9778312889600443,0.0,0.0
-0.010123195987841064,0.6447923449876678,0.9778802349279033,0.0,0.0
-0.010309394328202609,0.6452083986888699,0.9779290318633433,0.0,0.0
-0.010493118463412443,0.6455588565272861,0.9779776733962975,0.0,0.0
-0.010674324300560005,0.6458434891138826,0.9780262115390949,0.0,0.0
-0.010852968351114173,0.6460621103768849,0.9783227330711854,0.0,0.0
-0.011029007741360418,0.6462145775386959,0.9783689533946165,0.0,0.0
-0.011202400222690026,0.6463007910980784,0.9780716377732542,0.0,0.0
-0.01137310418173983,0.6463206948176686,0.9773323189759101,0.0,0.0
-0.011541078650379075,0.6462742757169064,0.9773827747996179,0.0,0.0
-0.011706283315541592,0.6461615640703952,0.9774331148985472,0.0,0.0
-0.011868678528900735,0.6459826334117179,0.9774833561687375,0.0,0.0
-0.012028225316384858,0.6457376005426775,0.9775335499252763,0.0,0.0
-0.01218488538753081,0.645426625547925,0.9775836978761752,0.0,0.0
-0.012338621144673528,0.6450499118148894,0.9776336963490075,0.0,0.0
-0.012489395691969225,0.6446077060589269,0.9773298903039523,0.0,0.0
-0.012637172844250305,0.6441002983535329,0.9773810934677262,0.0,0.0
-0.012781917135709621,0.6435280221654753,0.9774321616077025,0.0,0.0
-0.012923593828411989,0.6428912543946466,0.9774831567160284,0.0,0.0
-0.013062168920631246,0.6421904154184052,0.9775340542002945,0.0,0.0
-0.013197609155010436,0.6414259691401444,0.9775848490718192,0.0,0.0
-0.01332988202654344,0.6405984230417913,0.9776355849753385,0.0,0.0
-0.013458955790376061,0.6397083282398861,0.9776863216716835,0.0,0.0
-0.013584799469424542,0.6387562795448506,0.9777369321818885,0.0,0.0
-0.013707382861809963,0.6377429155230369,0.9777874486419542,0.0,0.0
-0.013826676548106612,0.6366689185610382,0.978211641186571,0.0,0.0
-0.013942651898402417,0.635535014931751,0.9782593213470323,0.0,0.0
-0.014055281079169951,0.6343419748615751,0.9775667927739918,0.0,0.0
-0.014164537059946523,0.6330906125981097,0.9776173620597471,0.0,0.0
-0.014270393619821183,0.6317817864775866,0.9776678430408363,0.0,0.0
-0.014372825353727702,0.6304163989912893,0.977718228654781,0.0,0.0
-0.014471807678541613,0.6289953968500237,0.9777684185838795,0.0,0.0
-0.014567316838980127,0.6275197710457228,0.9778185838299173,0.0,0.0
-0.014659329913303173,0.6259905569091121,0.9778687797217863,0.0,0.0
-0.0147478248188146,0.6244088341622827,0.9775790288448274,0.0,0.0
-0.0148327803171619,0.6227757269649331,0.9776305607333204,0.0,0.0
-0.014914176019433257,0.6210924039529049,0.9773508286044121,0.0,0.0
-0.014991992391050857,0.6193600782675324,0.9774038004202364,0.0,0.0
-0.015066210756458982,0.6175800075742071,0.9774567401188348,0.0,0.0
-0.015136813303606299,0.6157534940684007,0.977509681381416,0.0,0.0
-0.015203783088220311,0.613881884467287,0.9775625451735565,0.0,0.0
-0.015267104037874213,0.6119665699849033,0.9776153528194463,0.0,0.0
-0.015326760955844083,0.6100089862886912,0.9776681132277372,0.0,0.0
-0.01538273952475591,0.6080106134350396,0.9777208732450916,0.0,0.0
-0.015435026310021888,0.6059729757813098,0.9777735076435519,0.0,0.0
-0.015483608763064552,0.6038976418716326,0.9778260565825044,0.0,0.0
-0.015528475224328354,0.6017862242935654,0.977878533818481,0.0,0.0
-0.015569614926077975,0.5996403795025275,0.9779308694904868,0.0,0.0
-0.015607017994982493,0.5974618076106917,0.9779830621447916,0.0,0.0
-0.015640675454484828,0.595252252136827,0.9785465814432366,0.0,0.0
-0.015670579226956357,0.5930134997133693,0.9790661188502617,0.0,0.0
-0.015696722135635225,0.5907473797467492,0.9791115936227485,0.0,0.0
-0.015719097906348838,0.5884557640268336,0.9791570190258622,0.0,0.0
-0.015737701169019545,0.5861405662810517,0.9792023482611808,0.0,0.0
-0.01575252745895369,0.5838037416686119,0.9792476441667959,0.0,0.0
-0.01576357321791286,0.5814472862099426,0.9792929054929808,0.0,0.0
-0.0157708357949679,0.5790732361463091,0.9793381939387927,0.0,0.0
-0.015774313447135164,0.5766836672243325,0.9791080114054199,0.0,0.0
-0.01577400533979481,0.574280693899937,0.9791545180482357,0.0,0.0
-0.01576991154689124,0.5718664684560625,0.9792009913663499,0.0,0.0
-0.015762033050915027,0.5694431800283357,0.9792473608408553,0.0,0.0
-0.015750371742667347,0.5670130535327017,0.9792936070575086,0.0,0.0
-0.01573493042080623,0.5645783484889441,0.9789698267827514,0.0,0.0
-0.015715712791174823,0.5621413577339034,0.9790170553493948,0.0,0.0
-0.015692723465911936,0.5597044060181497,0.978617707801848,0.0,0.0
-0.015665967962345366,0.5572698484798773,0.978666688222213,0.0,0.0
-0.01563545270166744,0.5548400689898038,0.9787155161516787,0.0,0.0
-0.015601185007394368,0.5524174783609533,0.9783827860165574,0.0,0.0
-0.01556317310360819,0.5500045124173611,0.9780594438514398,0.0,0.0
-0.015521426112983364,0.5476036299159467,0.978111017485481,0.0,0.0
-0.015475954054597252,0.5452173103161126,0.978704835708754,0.0,0.0
-0.015426767841525581,0.542848051391965,0.9792394881618226,0.0,0.0
-0.015373879278223423,0.5404983666825651,0.9797155289355736,0.0,0.0
-0.015317301057692074,0.5381707827761156,0.9797576954412536,0.0,0.0
-0.015257046758432856,0.5358678364246913,0.9797996783757562,0.0,0.0
-0.01519313084118838,0.5335920714868414,0.9798414565139814,0.0,0.0
-0.015125568645472019,0.5313460356962728,0.9795610526755836,0.0,0.0
-0.015054376385886343,0.5291322772557953,0.9796036687271147,0.0,0.0
-0.014979571148231955,0.5269533412567985,0.9796461814734037,0.0,0.0
-0.01490117088540687,0.5248117659257213,0.9796884920428975,0.0,0.0
-0.01481919441309775,0.5227100787002965,0.9797305923785307,0.0,0.0
-0.014733661405264515,0.5206507921397643,0.9797725694066475,0.0,0.0
-0.014644592389418395,0.5186363996747668,0.9798143646696305,0.0,0.0
-0.01455200874169571,0.5166693712042648,0.979856091551397,0.0,0.0
-0.014455932681727466,0.5147521485484752,0.979897662394198,0.0,0.0
-0.014356387267306878,0.5128871407686487,0.9796541889067859,0.0,0.0
-0.014253396388855595,0.5110767193662655,0.9793448538646005,0.0,0.0
-0.014146984763690038,0.5093232133761241,0.9793894507207961,0.0,0.0
-0.014037177930089436,0.5076289043696326,0.9794338229819164,0.0,0.0
-0.013924002241166794,0.5059960213864757,0.9794780059157834,0.0,0.0
-0.013807484858544163,0.504426735814642,0.9795219958643097,0.0,0.0
-0.013687653745834097,0.5029231562405267,0.9800273276569018,0.0,0.0
-0.01356453766192842,0.5014873232924949,0.9804672042787768,0.0,0.0
-0.01343816615409631,0.5001212045027742,0.9805057478010106,0.0,0.0
-0.013308569550892959,0.4988266892139304,0.9805441592248896,0.0,0.0
-0.01317577895488115,0.49760558355732454,0.9805823794767641,0.0,0.0
-0.013039826235166451,0.496459605531874,0.9806204907417005,0.0,0.0
-0.012900744019749031,0.49539038021216025,0.9803744240512198,0.0,0.0
-0.012758565687692937,0.4943994351152788,0.9804142042081677,0.0,0.0
-0.012613325361115363,0.49348819575596947,0.980453821211912,0.0,0.0
-0.012465057896997539,0.4926579814193096,0.9804932779472196,0.0,0.0
-0.012313798878819162,0.4919100011797039,0.9805325855374476,0.0,0.0
-0.012159584608018484,0.49124535019400234,0.9805716369600883,0.0,0.0
-0.012002452095280253,0.49066500629529974,0.9806104173288852,0.0,0.0
-0.011842439051653234,0.4901698269123922,0.9806489300480139,0.0,0.0
-0.011679583879499873,0.48976054633792376,0.9806873104225127,0.0,0.0
-0.011513925663279677,0.4894377733659964,0.98072551943339,0.0,0.0
-0.011345504160169403,0.48920198931748154,0.9807635320024126,0.0,0.0
-0.01117435979052129,0.4890535464684733,0.9808012387580345,0.0,0.0
-0.011000533628162583,0.48899266689427767,0.980838732891102,0.0,0.0
-0.010824067390537803,0.48901944173814316,0.9808761113834743,0.0,0.0
-0.010645003428696937,0.48913383091056656,0.9809133143653788,0.0,0.0
-0.010463384717131286,0.48933566322159444,0.9809503202032294,0.0,0.0
-0.010279254843459824,0.4896246369450544,0.9813726137188564,0.0,0.0
-0.010092657997968348,0.4900003208101979,0.9814067796503868,0.0,0.0
-0.009903638963004056,0.4904621554128563,0.9811661375340904,0.0,0.0
-0.009712243102228107,0.4910094550349281,0.9812008548371923,0.0,0.0
-0.009518516349728258,0.4916414098579228,0.9812353549901863,0.0,0.0
-0.00932250519899526,0.4923570885533872,0.9812696481237642,0.0,0.0
-0.009124256691764296,0.493155441230385,0.981303811339983,0.0,0.0
-0.008923818406725577,0.49403530271784085,0.9813378149857968,0.0,0.0
-0.008721238448105293,0.49499539615750116,0.9813716666229357,0.0,0.0
-0.008516565434121116,0.49603433688151993,0.9812660574582426,0.0,0.0
-0.008309848485313973,0.4971506365472973,0.9810298886208806,0.0,0.0
-0.008101137212759237,0.498342707501149,0.9810657522456423,0.0,0.0
-0.0078904817061605,0.49960886734169585,0.9811013619700382,0.0,0.0
-0.007677932521828159,0.500947343653496,0.9811367815131947,0.0,0.0
-0.007463540670546166,0.5023562788814284,0.9809107691362208,0.0,0.0
-0.007247357605329714,0.5038337353166148,0.9809468174742398,0.0,0.0
-0.007029435209076707,0.5053777001652513,0.9809826345087634,0.0,0.0
-0.006809825782116238,0.5069860906725536,0.9810182273456827,0.0,0.0
-0.0065885820296565575,0.5086567592750959,0.9813964103784949,0.0,0.0
-0.006365757049136273,0.5103874987561177,0.981429083915168,0.0,0.0
-0.006141404317481086,0.5121760473798181,0.9814615131878051,0.0,0.0
-0.005915577678269658,0.5140200939822526,0.9817748858604441,0.0,0.0
-0.0056883313288114004,0.5159172829981757,0.9818049059583334,0.0,0.0
-0.005459719807139369,0.517865219404933,0.981609797398768,0.0,0.0
-0.005229797978921352,0.5198614735663781,0.9816402495622891,0.0,0.0
-0.004998621024292462,0.5219035859616141,0.9816703913823001,0.0,0.0
-0.004766244424612154,0.5239890717852529,0.9817002740034549,0.0,0.0
-0.004532723949148867,0.5261154254076923,0.9817299060455846,0.0,0.0
-0.00429811564169577,0.5282801246857121,0.9817592983890748,0.0,0.0
-0.004062475807120499,0.5304806351154103,0.9816802275898816,0.0,0.0
-0.0038258609978522166,0.5327144138211425,0.9817103080948626,0.0,0.0
-0.003588328000309372,0.5349789133757008,0.9817401238731539,0.0,0.0
-0.003349933821271151,0.5372715854483988,0.981552583549604,0.0,0.0
-0.0031107356741961957,0.5395898842791148,0.9815827133861678,0.0,0.0
-0.002870790965491622,0.5419312699775584,0.981612610774913,0.0,0.0
-0.0026301572807357074,0.5442932116481851,0.9816422656967206,0.0,0.0
-0.0023888923708577396,0.5466731903421729,0.9816717699903538,0.0,0.0
-0.0021470541382779475,0.5490687018388092,0.9817011116566051,0.0,0.0
-0.001904700623011293,0.5514772592594105,0.9817302749414175,0.0,0.0
-0.0016618899887380753,0.5538963955176016,0.9817592068591633,0.0,0.0
-0.001418680508845017,0.556323665610382,0.9815852340786021,0.0,0.0
-0.0011751305524398158,0.5587566487548742,0.9816146306052936,0.0,0.0
-0.0009312985703429084,0.5611929503760844,0.9814507006566825,0.0,0.0
-0.0006872430810596,0.5636302039513202,0.9817181944535595,0.0,0.0
-0.0004430226567357756,0.566066072717145,0.9817461551929992,0.0,0.0
-0.00019869590910096685,0.568498251244946,0.9817738949980748,0.0,0.0
4.567852459818528e-05,0.570924466891298,0.981801442265319,0.0,0.0
0.0002900419956706662,0.5733424811293468,0.981828816258488,0.0,0.0
0.0005343358580563898,0.5757500907674761,0.9817406575707525,0.0,0.0
0.0007785014824010434,0.5781451290614575,0.9817687484746449,0.0,0.0
0.001022480270126843,0.5805254667262105,0.9817966550493885,0.0,0.0
0.0012662136674958513,0.5828890128532067,0.9818244007163683,0.0,0.0
0.0015096431796626844,0.5852337157393923,0.9818519336110599,0.0,0.0
0.0017527103847129362,0.5875575636333641,0.9815633294167176,0.0,0.0
0.0019953569476841653,0.5898585854043356,0.9815909643806289,0.0,0.0
0.002237524634565978,0.592134851139255,0.981618415606086,0.0,0.0
0.0024791553262760177,0.594384472673202,0.9816457076217797,0.0,0.0
0.002720191032608111,0.5966056040580164,0.9818567032851224,0.0,0.0
0.002960573906149769,0.5987964419738449,0.9818821988018799,0.0,0.0
0.0032002462561652343,0.6009552260881038,0.9819075617909888,0.0,0.0
0.0034391505624409764,0.6030802393661185,0.9819327605666653,0.0,0.0
0.0036772294890902754,0.6051698083374676,0.9816570162251518,0.0,0.0
0.003914425898313533,0.6072223033218546,0.9813904691813733,0.0,0.0
0.004150682864111177,0.6092361386181032,0.9814164496048376,0.0,0.0
0.004385943685945425,0.6112097726596577,0.9814422468924411,0.0,0.0
0.004620151902348396,0.6131417081397689,0.9811775172228476,0.0,0.0
0.004853251304472373,0.6150304921093394,0.9812035135021747,0.0,0.0
0.005085185949579767,0.6168747160502278,0.9809437601505436,0.0,0.0
0.005315900174469091,0.6186730159265846,0.9809700975863603,0.0,0.0
0.00554533860883383,0.6204240722166693,0.9809962410399112,0.0,0.0
0.005773446188551088,0.6221266099273809,0.980689376103503,0.0,0.0
0.00600016816889672,0.6237793985936114,0.9807157161509384,0.0,0.0
0.006225450137683722,0.625381252264344,0.9807419060342358,0.0,0.0
0.006449238028321002,0.6269310294773011,0.9807678846071318,0.0,0.0
0.006671478132789015,0.628427633223805,0.9807936995845021,0.0,0.0
0.006892117114529492,0.6298700109053618,0.9808194153101936,0.0,0.0
0.007111102021245917,0.6312571542833976,0.9805190815289627,0.0,0.0
0.007328380297611855,0.6325880994234334,0.9805450294540367,0.0,0.0
0.0075438997978839835,0.6338619266348866,0.9805708167362336,0.0,0.0
0.007757608798416727,0.6350777604075871,0.9805057334565473,0.0,0.0
0.007969456010075827,0.6362347693460176,0.9805320155819275,0.0,0.0
0.008179390590547378,0.6373321661021686,0.980558171177971,0.0,0.0
0.008387362156539806,0.6383692073078585,0.9807413413631345,0.0,0.0
0.008593320795875565,0.6393451935072544,0.9808838792201025,0.0,0.0
0.008797217079469883,0.6402594690902986,0.9809863179810194,0.0,0.0
0.0089990020731934,0.6411114222276427,0.9810090472935977,0.0,0.0
0.009198627349616288,0.6419004848076644,0.9807208245986158,0.0,0.0
0.009396044999630372,0.6426261323760591,0.9807437673830561,0.0,0.0
0.009591207643947304,0.6432878840784721,0.9804386063663282,0.0,0.0
0.00978406844446934,0.6438853026065621,0.9804616829184116,0.0,0.0
0.00997458111553006,0.6444179941478682,0.9804845916074715,0.0,0.0
0.010162699935002906,0.6448856083397879,0.9805073516928635,0.0,0.0
0.01034837975527423,0.6452878382279484,0.9801878717367604,0.0,0.0
0.010531576014078461,0.6456244202292138,0.9798781604998472,0.0,0.0
0.010712244745192894,0.6458951340995372,0.9799015254716552,0.0,0.0
0.010890342588989233,0.6460998029068221,0.9799247677672069,0.0,0.0
0.011065826802839938,0.6462382930089504,0.9799478885993665,0.0,0.0
0.011238655271376023,0.6463105140370787,0.9796396436151578,0.0,0.0
0.011408786516594644,0.6463164188842969,0.9796631059778252,0.0,0.0
0.01157617970781362,0.6462560036996949,0.9793658987162498,0.0,0.0
0.011740794671470567,0.646129307887881,0.979389695835718,0.0,0.0
0.011902591900764387,0.6459364141139411,0.9794700048153531,0.0,0.0
0.012061532565136725,0.6456774483138223,0.9794932029649233,0.0,0.0
0.012217578519591111,0.6453525797100885,0.979516340941284,0.0,0.0
0.012370692313847428,0.6449620208329602,0.9795393490596909,0.0,0.0
0.012520837201330121,0.6445060275465415,0.9795622708326887,0.0,0.0
0.012667977147986871,0.6439848990800916,0.9796109771701688,0.0,0.0
0.012812076840936808,0.6433989780641655,0.979633611763169,0.0,0.0
0.012953101696945357,0.6427486505714367,0.9796561999208363,0.0,0.0
0.01309101787072393,0.6420343461619537,0.9796787359659931,0.0,0.0
0.013225792263052915,0.6412565379325652,0.9797012146827131,0.0,0.0
0.013357392528725118,0.6404157425702033,0.9797236147894662,0.0,0.0
0.01348578708430842,0.6395125204086695,0.9797460231604852,0.0,0.0
0.01361094511572585,0.638547475488531,0.9797683546310288,0.0,0.0
0.01373283658565061,0.6375212556196843,0.9797906024038012,0.0,0.0
0.013851432240715073,0.6364345524460873,0.9798128121028815,0.0,0.0
0.013966703618531244,0.6352881015121077,0.979834977720476,0.0,0.0
0.014078623054521821,0.6340826823298913,0.9798571050948006,0.0,0.0
0.014187163688559361,0.6328191184470585,0.9798791557109859,0.0,0.0
0.014292299471412768,0.6314982775140001,0.9799011018402211,0.0,0.0
0.014394005170998798,0.6301210713499517,0.9799229561485427,0.0,0.0
0.01449225637843773,0.6286884560069533,0.9799447054540219,0.0,0.0
0.01458702951391145,0.6272014318307068,0.9799664273116195,0.0,0.0
0.014678301832322344,0.6256610435172651,0.9796758914427447,0.0,0.0
0.014766051428752144,0.62406838016438,0.9793970039763071,0.0,0.0
0.014850257243718858,0.6224245753162333,0.9794194409284684,0.0,0.0
0.0149308990682312,0.6207308070001617,0.9794418746128173,0.0,0.0
0.015007957548638352,0.6189882977538673,0.979464296507054,0.0,0.0
0.015081414191274848,0.6171983146414858,0.9794867102189719,0.0,0.0
0.015151251366899137,0.6153621692567309,0.97950913154058,0.0,0.0
0.015217452314924253,0.6134812177112138,0.9795315649818478,0.0,0.0
0.01528000114744048,0.6115568606058682,0.9795540103902162,0.0,0.0
0.01533888285302824,0.6095905429832542,0.9795764504810144,0.0,0.0
0.015394083300360859,0.6075837542583599,0.9795989063845552,0.0,0.0
0.015445589241595907,0.6055380281253183,0.9796212965274398,0.0,0.0
0.015493388315554777,0.6034549424373024,0.9796436564573461,0.0,0.0
0.01553746905068917,0.6013361190566521,0.9796660002798389,0.0,0.0
0.015577820867834156,0.5991832236720805,0.9796882889824778,0.0,0.0
0.015614434082747443,0.5969979655796293,0.9797105139479667,0.0,0.0
0.015647299908433113,0.5947820974238018,0.9797326756834646,0.0,0.0
0.015676410457250822,0.5925374148950995,0.9797547355712958,0.0,0.0
0.01570175874280855,0.5902657563799698,0.979776747885585,0.0,0.0
0.015723338681639464,0.5879690025589415,0.9797987974341338,0.0,0.0
0.0157411450946618,0.585649075948503,0.9798208196306251,0.0,0.0
0.015755173708421964,0.5833079403820534,0.979842855500565,0.0,0.0
0.015765421156119966,0.5809476004250375,0.9798649373378541,0.0,0.0
0.0157718849784175,0.5785701007191575,0.9798870889304203,0.0,0.0
0.015774563624028296,0.5761775252503459,0.9799092721159219,0.0,0.0
0.015773456450090328,0.5737719965349899,0.9799497218479664,0.0,0.0
0.01576856372231989,0.5713556747187102,0.9799717567054573,0.0,0.0
0.015759886614948232,0.568930756581834,0.9799937578983156,0.0,0.0
0.015747427210439497,0.5664994744455719,0.9800156840287897,0.0,0.0
0.01573118849899094,0.5640640949727682,0.9800375531307693,0.0,0.0
0.0157111743778153,0.5616269178570392,0.9800593577596881,0.0,0.0
0.015687389650205715,0.5591902743940581,0.98008115993872,0.0,0.0
0.015659840024382535,0.5567565259287323,0.9801029837925687,0.0,0.0
0.015628532112123752,0.5543280621720912,0.9801247853493961,0.0,0.0
0.015593473427177977,0.5519072993817832,0.9801465977087204,0.0,0.0
0.015554672383461405,0.5494966784002576,0.98016851200378,0.0,0.0
0.015512138293038219,0.5470986625449438,0.9801903795469443,0.0,0.0
0.015465881363885917,0.5447157353450363,0.9802121583963502,0.0,0.0
0.015415912697445511,0.5423503981199033,0.9802339397448296,0.0,0.0
0.015362244285957073,0.5400051673945991,0.9802556583607794,0.0,0.0
0.015304889009581726,0.5376825721485528,0.9802773048520124,0.0,0.0
0.015243860633310524,0.535385150894152,0.9802988885777105,0.0,0.0
0.01517917380366078,0.5331154485827636,0.9803203955030417,0.0,0.0
0.015110844045161092,0.5308760133365646,0.9803418029333196,0.0,0.0
0.015038887756625565,0.5286693930056049,0.9802773363625004,0.0,0.0
0.014963322207218006,0.5264981315506007,0.980294842981339,0.0,0.0
0.014884165532307569,0.5243647652532011,0.9803170323503785,0.0,0.0
0.014801436729116208,0.5222718187567871,0.9803390929910261,0.0,0.0
0.014715155652159627,0.5202218009423214,0.9803611232163031,0.0,0.0
0.014625343008482134,0.5182172006452872,0.9803831238824557,0.0,0.0
0.014532020352687023,0.5162604822214053,0.980405113435386,0.0,0.0
0.014435210081763813,0.5143540809705088,0.9804270275306014,0.0,0.0
0.014334935429712769,0.5125003984297579,0.9804488485200078,0.0,0.0
0.014231220461969077,0.5107017975491746,0.980470631709743,0.0,0.0
0.014124090069627098,0.5089605977643551,0.9802064515915393,0.0,0.0
0.014013569963466803,0.5072790699830722,0.980228469896291,0.0,0.0
0.013899686667783118,0.5056594315043175,0.9801991006204639,0.0,0.0
0.013782467514020309,0.504103840890146,0.9802213850893498,0.0,0.0
0.013661940634212673,0.5026143928124017,0.980243560835634,0.0,0.0
0.013538134954232797,0.5011931128980284,0.980265594469665,0.0,0.0
0.013411080186849566,0.4998419525981457,0.9802874714322194,0.0,0.0
0.013280806824597296,0.49856278410740196,0.9801704860997522,0.0,0.0
0.013147346132457537,0.49735739536121304,0.9801933770762654,0.0,0.0
0.013010730140355788,0.4962274851393955,0.9802163046214837,0.0,0.0
0.01287099163547442,0.4951746583053148,0.9802391897820351,0.0,0.0
0.012728164154383794,0.49420042121002655,0.98017503748752,0.0,0.0
0.012582281974993755,0.4933061772908981,0.9799056054507881,0.0,0.0
0.012433380108327115,0.49249322289391995,0.9799294436641817,0.0,0.0
0.012281494290117129,0.4917627433482762,0.9798063343494816,0.0,0.0
0.012126660972231097,0.49111580932076154,0.979830973684731,0.0,0.0
0.011968917313922012,0.4905533734762991,0.9796458262775871,0.0,0.0
0.011808301172910766,0.4900762674691458,0.979671741804864,0.0,0.0
0.01164485109630011,0.48968519928737253,0.9793964074552377,0.0,0.0
0.011478606311323924,0.4893807509708752,0.9791279197818606,0.0,0.0
0.011309606715932606,0.4891633767205911,0.9791546333435099,0.0,0.0
0.011137892869217705,0.48903340141372853,0.9791810872810817,0.0,0.0
0.010963505981678282,0.4889910195367542,0.9792073820981437,0.0,0.0
0.010786487905330266,0.48903629454462405,0.9792335613007628,0.0,0.0
0.010606881123662155,0.48916915865140326,0.979259614186459,0.0,0.0
0.010424728741439482,0.4893894130539339,0.9792854829073251,0.0,0.0
0.01024007447435962,0.48969672858676955,0.9793110646147909,0.0,0.0
0.010052962638560233,0.490090646803137,0.9793364529714995,0.0,0.0
0.009863438139983798,0.4905705814733103,0.979361667264996,0.0,0.0
0.00967154646360022,0.4911358204885618,0.9792246357995499,0.0,0.0
0.009477333662490652,0.4917855281557768,0.9790263861676417,0.0,0.0
0.009280846346795175,0.492518747864973,0.9787676804802885,0.0,0.0
0.00908213167252636,0.49333440510938514,0.9787965846341434,0.0,0.0
0.00888123733025214,0.4942313108354476,0.9788252597150326,0.0,0.0
0.008678211533650323,0.4952081650980475,0.9788537359424747,0.0,0.0
0.008473103007937587,0.49626356099472785,0.9788820222976319,0.0,0.0
0.008265960978175465,0.49739598885121905,0.97859293693094,0.0,0.0
0.008056835157456825,0.49860384062970164,0.9786229199082326,0.0,0.0
0.00784577573497483,0.4998854145305904,0.9786525770383857,0.0,0.0
0.007632833363977681,0.5012389197583245,0.9786820101930551,0.0,0.0
0.007418059149612286,0.502662481421707,0.9783492538674796,0.0,0.0
0.007201504636659128,0.5041541455396907,0.9783805908200054,0.0,0.0
0.00698322179716186,0.5057118841241198,0.9784116279153727,0.0,0.0
0.006763263017954062,0.5073336003118522,0.9784424563432201,0.0,0.0
0.006541681088086983,0.5090171335197978,0.9781514297792583,0.0,0.0
0.006318529186160135,0.5107602645977352,0.9781825258396437,0.0,0.0
0.0060938608675588,0.5125607209552491,0.9782133318743712,0.0,0.0
0.005867730051601012,0.5144161816407748,0.9782437906139058,0.0,0.0
0.005640191008597085,0.5163242823524385,0.977962057757038,0.0,0.0
0.005411298346825154,0.5182826203622108,0.9779929110153404,0.0,0.0
0.005181106999425324,0.5202887593367083,0.9780235556099088,0.0,0.0
0.004949672211215942,0.522340234039869,0.9780539276027865,0.0,0.0
0.00471704952543529,0.5244345549045576,0.9780839093206828,0.0,0.0
0.0044832947704113646,0.5265692124620045,0.9781135671830579,0.0,0.0
0.004248464046163236,0.5287416816197279,0.9781429345721538,0.0,0.0
0.0040126137109375215,0.5309494257803309,0.9781719949356181,0.0,0.0
0.0037758003676825144,0.533189900795172,0.978200727482639,0.0,0.0
0.0035380808504639006,0.5354605587484407,0.978229201566238,0.0,0.0
0.003299512210824692,0.5377588515686392,0.9782572948544339,0.0,0.0
0.0030601517040932382,0.540082234465748,0.9777531439902646,0.0,0.0
0.002820056775642125,0.5424281691936276,0.9771804941377534,0.0,0.0
0.0025792850471017463,0.5447941271382786,0.9772136147440877,0.0,0.0
0.0023378943025311534,0.5471775922335917,0.9765559409793195,0.0,0.0
0.002095942474550348,0.5495760637070962,0.9762217914739795,0.0,0.0
0.0018534876304366259,0.5519870586590101,0.9762589172536724,0.0,0.0
0.001610587958188756,0.5544081144785229,0.9762957570316868,0.0,0.0
0.0013673017525620767,0.5568367911018678,0.9763322543609613,0.0,0.0
0.0011236874010781541,0.5592706731171695,0.9763684385149245,0.0,0.0
0.000879803370011937,0.561707371721472,0.9764042984616739,0.0,0.0
0.0006357081903601765,0.5641445265356411,0.9764398546030723,0.0,0.0
0.0003914604437942944,0.5665798072830812,0.9764751642252423,0.0,0.0
0.00014711874860103919,0.5690109153383617,0.9765101483925219,0.0,0.0
-9.725825438562869e-05,0.5714355851519387,0.9761914462893209,0.0,0.0
-0.0003416119158580751,0.5738515855572399,0.9758848310099713,0.0,0.0
-0.0005858835921104373,0.5762567209663264,0.975921487869326,0.0,0.0
-0.0008300146591130149,0.5786488324603491,0.9757502302663424,0.0,0.0
-0.001073946526581595,0.5810257987808972,0.9757871477113237,0.0,0.0
-0.001317620652038884,0.5833855372282406,0.97582376469588,0.0,0.0
-0.0015609785548644877,0.5857260044723142,0.9758600141178082,0.0,0.0
-0.0018039618303298587,0.588045197282149,0.9758959140459917,0.0,0.0
-0.002046512163615277,0.5903411531792282,0.9759314201869462,0.0,0.0
-0.002288571343805024,0.5926119510201028,0.9759667159383131,0.0,0.0
-0.0025300812778578075,0.594855711513352,0.9751109708272823,0.0,0.0
-0.002770984004548718,0.5970705976757742,0.9751500646409609,0.0,0.0
-0.003011221708379766,0.5992548152324699,0.9751889350371953,0.0,0.0
-0.0032507367334551744,0.6014066129652633,0.97522760490911,0.0,0.0
-0.0034894715973186894,0.6035242830136562,0.9752661043435925,0.0,0.0
-0.0037273690047489164,0.6056061611323256,0.9753043590208437,0.0,0.0
-0.003964371861510057,0.607650626908917,0.9753424570718465,0.0,0.0
-0.004200423288054144,0.609656103945693,0.9753803998613108,0.0,0.0
-0.00443546663317188,0.6116210600083832,0.9753119195104181,0.0,0.0
-0.0046694454875887,0.6135440071453553,0.9753495762262985,0.0,0.0
-0.004902303697502686,0.6154235017800535,0.975237551719343,0.0,0.0
-0.005133985378061222,0.6172581447794561,0.9750825768636424,0.0,0.0
-0.005364434926773115,0.6190465815010991,0.9751209308833398,0.0,0.0
-0.0055935970368528294,0.6207875018210596,0.9751589870642754,0.0,0.0
-0.0058214167104940154,0.6224796401451136,0.9751967877727298,0.0,0.0
-0.006047839272068558,0.6241217754051364,0.9752343983582712,0.0,0.0
-0.006272810381248542,0.6257127310426406,0.9752718859209083,0.0,0.0
-0.006496276046047682,0.627251374981224,0.9753091772671572,0.0,0.0
-0.006718182635779092,0.6287366195895574,0.9749866466707277,0.0,0.0
-0.006938476893926446,0.6301674216364124,0.9739658586023534,0.0,0.0
-0.007157105950925219,0.6315427822391203,0.9740085377356116,0.0,0.0
-0.00737401733685122,0.6328617468067286,0.9740509870173149,0.0,0.0
-0.0075891589940130615,0.6341234049790164,0.974093262924498,0.0,0.0
-0.007802479289445692,0.6353268905624584,0.9737475603119758,0.0,0.0
-0.008013927027302224,0.6364713814640913,0.9734129991678462,0.0,0.0
-0.008223451461140542,0.6375560996241989,0.9734575116058299,0.0,0.0
-0.008431002306102291,0.6385803109486015,0.973501789294642,0.0,0.0
-0.00863652975098096,0.6395433252413282,0.9735458429719914,0.0,0.0
-0.008839984470176379,0.6404444961382978,0.9735896339914464,0.0,0.0
-0.009041317635532512,0.6412832210426574,0.9736331636351965,0.0,0.0
-0.00924048092805616,0.6420589410622985,0.973676546754098,0.0,0.0
-0.009437426549513113,0.6427711409500548,0.9737198589705867,0.0,0.0
-0.009632107233899588,0.6434193490470266,0.9737630159369295,0.0,0.0
-0.00982447625878587,0.644003137229419,0.9738717581724224,0.0,0.0
-0.010014487456529388,0.6445221208592523,0.9739140470224258,0.0,0.0
-0.010202095225354754,0.6449759587392434,0.9735957107341675,0.0,0.0
-0.010387254540298008,0.6453643530721357,0.973724755607093,0.0,0.0
-0.010569920964012375,0.6456870494247187,0.9734185820958227,0.0,0.0
-0.010750050657432982,0.6459438366967164,0.9734625473016086,0.0,0.0
-0.010927600390298102,0.6461345470947347,0.9735063299405835,0.0,0.0
-0.011102527551524088,0.6462590561113875,0.9736564091541022,0.0,0.0
-0.011274790159431926,0.6463172825097228,0.9736995324077656,0.0,0.0
-0.011444346871822641,0.6463091883130165,0.9738394237021304,0.0,0.0
-0.011611156995899144,0.6462347787999898,0.9738822095343354,0.0,0.0
-0.011775180498032375,0.6460941025054752,0.9740121750069249,0.0,0.0
-0.011936378013369182,0.645887251226525,0.9740546895847995,0.0,0.0
-0.012094710855279646,0.6456143600339334,0.9737803072365638,0.0,0.0
-0.012250141024641767,0.6452756072891147,0.9738239680765869,0.0,0.0
-0.012402631218960963,0.6448712146662464,0.9738674151286504,0.0,0.0
-0.012552144841322591,0.6444014471795791,0.9739107441333663,0.0,0.0
-0.012698646009174959,0.6438666132157427,0.9739538861042766,0.0,0.0
-0.012842099562941049,0.6432670645709005,0.9739968967206737,0.0,0.0
-0.012982471074456544,0.6426031964925247,0.9740398428348871,0.0,0.0
-0.013119726855232522,0.6418754477255569,0.974082728949673,0.0,0.0
-0.013253833964540374,0.6410843005626744,0.9741255224288728,0.0,0.0
-0.013384760217317717,0.6402302808983449,0.9741682288010834,0.0,0.0
-0.013512474191892283,0.6393139582863033,0.9739104239523299,0.0,0.0
-0.01363694523752321,0.6383359460000504,0.9739543720175267,0.0,0.0
-0.013758143481757098,0.6372969010959147,0.9739983224503443,0.0,0.0
-0.01387603983759705,0.636197524478173,0.9740422608075574,0.0,0.0
-0.013990606010483598,0.6350385609656711,0.9740861917558445,0.0,0.0
-0.014101814505085226,0.6338207993593155,0.9741300691422485,0.0,0.0
-0.014209638631897024,0.6325450725097518,0.9741738874783162,0.0,0.0
-0.014314052513646145,0.6312122573844738,0.9742176007389155,0.0,0.0
-0.014415031091502144,0.6298232751335261,0.9739734045311212,0.0,0.0
-0.014512550131091147,0.6283790911528958,0.9740182172372995,0.0,0.0
-0.01460658622831161,0.6268807151445812,0.9740629923000091,0.0,0.0
-0.014697116814951748,0.6253292011722564,0.9741077653300317,0.0,0.0
-0.014784120164105234,0.6237256477113324,0.9741524911168112,0.0,0.0
-0.014867575395385956,0.6220711976921146,0.9741972352260395,0.0,0.0
-0.014947462479938951,0.6203670385346524,0.9742420047433249,0.0,0.0
-0.015023762245247435,0.6186144021737382,0.9742868420767199,0.0,0.0
-0.015096456379733994,0.616814565072399,0.974331687664261,0.0,0.0
-0.015165527437155305,0.6149688482220759,0.9743765992523351,0.0,0.0
-0.015230958840789123,0.6130786171275557,0.9744215477706136,0.0,0.0
-0.015292734887412632,0.6111452817745494,0.9744665370521715,0.0,0.0
-0.015350840751071286,0.6091702965776632,0.974955231906595,0.0,0.0
-0.015405262486636621,0.6071551603063379,0.9749982486716415,0.0,0.0
-0.015455987033153354,0.6051014159861372,0.9750412461873068,0.0,0.0
-0.015503002216973845,0.603010650772615,0.974836746888964,0.0,0.0
-0.015546296754679624,0.600884495794757,0.9748810777199545,0.0,0.0
-0.01558586025578946,0.5987246259648276,0.9749254304311102,0.0,0.0
-0.01562168322525308,0.5965327597512179,0.9749697734955581,0.0,0.0
-0.015653757065729697,0.5943106589107041,0.9750141243490241,0.0,0.0
-0.01568207407965154,0.5920601281762756,0.9750584890363041,0.0,0.0
-0.015706627471071235,0.5897830148965076,0.9751029508912331,0.0,0.0
-0.015727411347292716,0.5874812086222015,0.9756620975633559,0.0,0.0
-0.015744420720285424,0.5851566406357969,0.9757042880511605,0.0,0.0
-0.01575765150788148,0.5828112834188467,0.9757465349223949,0.0,0.0
-0.01576710053475546,0.580447150052618,0.9757888490021943,0.0,0.0
-0.01577276553318612,0.5780662935466566,0.9758313576299411,0.0,0.0
-0.01577464514360119,0.5756708060899745,0.975873895015551,0.0,0.0
-0.015772738914903096,0.5732628182192954,0.9759164712982203,0.0,0.0
-0.015767047304577595,0.5708444978986346,0.9759591252338333,0.0,0.0
-0.01575757167858384,0.5684180495043165,0.9760017911366338,0.0,0.0
-0.015744314311026623,0.56598571270941,0.9760444561845002,0.0,0.0
-0.015727278383610484,0.5635497612614447,0.9760871056126927,0.0,0.0
-0.015706467984876217,0.5611125016471914,0.9761297667928417,0.0,0.0
-0.015681888109219673,0.558676271638269,0.976728832645618,0.0,0.0
-0.015653544655692977,0.5562434387113396,0.9772807992818441,0.0,0.0
-0.015621444426588959,0.553816398336708,0.9773186894938801,0.0,0.0
-0.01558559512580847,0.5513975721292703,0.9773566628392832,0.0,0.0
-0.01554600535701168,0.5489894058559188,0.9773947666078914,0.0,0.0
-0.015502684621553015,0.5465943672937866,0.9774329120090915,0.0,0.0
-0.015455643316201008,0.5442149439339975,0.9774710872528737,0.0,0.0
-0.015404892730643202,0.5418536405260599,0.9769299537969544,0.0,0.0
-0.015350445044776518,0.5395129764584665,0.9769712690587663,0.0,0.0
-0.015292313325784151,0.5371954829717311,0.9768420558965931,0.0,0.0
-0.01523051152499969,0.5349037002007309,0.9768844330532043,0.0,0.0
-0.015165054474558598,0.5326401740440563,0.9769267739915756,0.0,0.0
-0.015095957883838749,0.5304074528589755,0.976969105805375,0.0,0.0
-0.015023238335690331,0.528208083981629,0.9770114996529464,0.0,0.0
-0.014946913282455803,0.5260446100732207,0.9770539251231867,0.0,0.0
-0.014867001041781508,0.523919565294216,0.9769349286561787,0.0,0.0
-0.01478352079222169,0.5218354713098958,0.9769784632207941,0.0,0.0
-0.014696492568635484,0.519794833132113,0.9769500222257483,0.0,0.0
-0.014605937257378823,0.5178001348036162,0.976994530720235,0.0,0.0
-0.014511876591291726,0.5158538349329844,0.9765211642621942,0.0,0.0
-0.014414333144482485,0.5139583620899391,0.9759834661888852,0.0,0.0
-0.014313330326910187,0.5121161100725733,0.9760347060956227,0.0,0.0
-0.014208892378766165,0.5103294330598853,0.9760859462766567,0.0,0.0
-0.014101044364656671,0.5086006406648639,0.9763177877285804,0.0,0.0
-0.013989812167587429,0.5069319929052203,0.9764494460389062,0.0,0.0
-0.013875222482751724,0.5053256951107223,0.9765014719834645,0.0,0.0
-0.013757302811123969,0.5037838927878352,0.9765534323211814,0.0,0.0
-0.01363608145285924,0.5023086664641256,0.9760815142906463,0.0,0.0
-0.013511587500501635,0.5009020265364452,0.9755492173272329,0.0,0.0
-0.013383850832002164,0.4995659081483716,0.9756084949404107,0.0,0.0
-0.013252902103548106,0.4983021661236642,0.9756677938453492,0.0,0.0
-0.013118772742205667,0.4971125699835663,0.9780762730638182,0.0,0.0
-0.01298149493837777,0.4959987990765935,0.9781264007352273,0.0,0.0
-0.012841101638078362,0.49496243785005395,0.9781764109271868,0.0,0.0
-0.012697626535025557,0.49400497129278154,0.9782262055747468,0.0,0.0
-0.012551104062555439,0.49312778057855805,0.9782758574038198,0.0,0.0
-0.012401569385358075,0.49233213893931577,0.9783253198041839,0.0,0.0
-0.012249058391038114,0.49161920779651835,0.9783745535906011,0.0,0.0
-0.012093607681502212,0.4909900331780474,0.9784235486966026,0.0,0.0
-0.011935254564174403,0.49044554244653527,0.9784722408919111,0.0,0.0
-0.011774037043042725,0.4899865413633289,0.9785207160795821,0.0,0.0
-0.011609993809538413,0.4896137115102006,0.9785691205211071,0.0,0.0
-0.011443164233250038,0.4893276080885568,0.9783348064844313,0.0,0.0
-0.011273588352475066,0.4891286581132136,0.9783853120074675,0.0,0.0
-0.011101306864610963,0.4890171590149299,0.9784354953880533,0.0,0.0
-0.010926361116387763,0.48899327766276723,0.9784855502574799,0.0,0.0
-0.010748793093945302,0.4890570498140581,0.9785354762935269,0.0,0.0
-0.01056864541275659,0.489208379996405,0.9785851843432024,0.0,0.0
-0.01038596130740041,0.4894470418226401,0.9786346426497999,0.0,0.0
-0.010200784621185056,0.48977267873623176,0.9786838697709936,0.0,0.0
-0.010013159795626407,0.49018480518117236,0.9787329531456225,0.0,0.0
-0.009823131859781944,0.4906828081870513,0.9793964761978061,0.0,0.0
-0.009630746419444038,0.4912659493568015,0.9794415989072693,0.0,0.0
-0.009436049646194976,0.49193336724159,0.979486469398091,0.0,0.0
-0.00923908826632573,0.49268408008452896,0.9795311735882624,0.0,0.0
-0.009039909549621925,0.4935169889123483,0.9795756894215052,0.0,0.0
-0.008838561298019628,0.4944308809519241,0.9796200295578159,0.0,0.0
-0.008635091834132589,0.4954244333466468,0.9796641895654136,0.0,0.0
-0.008429549989655527,0.49649621714600983,0.9797082370015353,0.0,0.0
-0.00822198509364443,0.4976447015405605,0.9797520943244235,0.0,0.0
-0.008012446960677995,0.4988682583134559,0.9797957568683842,0.0,0.0
-0.007800985878902347,0.500165166479318,0.9798391571902384,0.0,0.0
-0.0075876525979620205,0.5015336170808744,0.979882354910175,0.0,0.0
-0.00737249831682042,0.5029717181139586,0.9799253228798308,0.0,0.0
-0.007155574671472228,0.5044774995518815,0.9799680022819073,0.0,0.0
-0.006936933722551051,0.5060489184408582,0.980010429618837,0.0,0.0
-0.00671662794283511,0.5076838640391312,0.9800526407482542,0.0,0.0
-0.006494710204654028,0.5093801629735824,0.9824036837019545,0.0,0.0
-0.00627123376719977,0.5111355843890057,0.9838052018289045,0.0,0.0
-0.006046252263744502,0.5129478450667108,0.9838395230424142,0.0,0.0
-0.0058198196887692,0.5148146144908045,0.9838496500812732,0.0,0.0
-0.005591990385004842,0.516733519842212,0.9838843524193283,0.0,0.0
-0.005362819030390807,0.5187021509023397,0.9842081839878893,0.0,0.0
-0.005132360624952041,0.5207180648501122,0.984240019706013,0.0,0.0
-0.004900670477599667,0.5227787909380027,0.9842714959066682,0.0,0.0
-0.004667804192856854,0.5248818350344898,0.9843025967320858,0.0,0.0
-0.004433817657514167,0.5270246840222391,0.9843333365595941,0.0,0.0
-0.0041987670272169006,0.5292048100430155,0.984363696573955,0.0,0.0
-0.003962708712988039,0.5314196745820771,0.9843936927155211,0.0,0.0
-0.0037256993676898532,0.5336667323863666,0.9844232942673086,0.0,0.0
-0.003487795872427549,0.5359434352123713,0.9854057249980192,0.0,0.0
-0.0032490553228980007,0.5382472354009015,0.985432881858938,0.0,0.0
-0.003009535015687091,0.5405755892773756,0.985459699578724,0.0,0.0
-0.002769292434518779,0.5429259603773776,0.9861679574452693,0.0,0.0
-0.0025283852364594074,0.5452958224983377,0.9861933639055938,0.0,0.0
-0.0022868712380800346,0.5476826625791643,0.9862185021473688,0.0,0.0
-0.0020448084015810115,0.5500839834105142,0.9862433806263705,0.0,0.0
-0.0018022548208811175,0.5524973061791303,0.9862679811142758,0.0,0.0
-0.001559268707675443,0.5549201728503439,0.9862922904892883,0.0,0.0
-0.0013159083774647517,0.5573501483933716,0.986316251800588,0.0,0.0
-0.0010722322355601244,0.5597848228545046,0.9863399948050474,0.0,0.0
-0.0008282987630659266,0.5622218132836516,0.986859515631038,0.0,0.0
-0.0005841665028446347,0.564658765520004,0.9868824292972419,0.0,0.0
-0.00033989404546682576,0.567093355842775,0.9873097403847791,0.0,0.0
-9.554001514969607e-05,0.5695232924931599,0.9873322091923031,0.0,0.0
0.00014883694431239673,0.5719463170737076,0.9873544662440307,0.0,0.0
0.0003931781836222626,0.5743602058313677,0.9873765388833243,0.0,0.0
0.0006374250620553471,0.5767627708304378,0.9877581188870974,0.0,0.0
0.0008815189615332473,0.5791518610215893,0.9877478953898665,0.0,0.0
0.0011254013006917714,0.5815253632130761,0.9877701657157079,0.0,0.0
0.0013690135489402536,0.5838812029500738,0.9877921862954058,0.0,0.0
0.001612297240508489,0.5862173453079851,0.9878139561901987,0.0,0.0
0.001855193988478257,0.5885317956053593,0.9878353965871576,0.0,0.0
0.0020976454987960366,0.5908226000418868,0.9878566021807524,0.0,0.0
0.0023395935842631514,0.5930878462667357,0.9878776132189688,0.0,0.0
0.002580980178500515,0.5953256638822881,0.9878984680707104,0.0,0.0
0.0028217473498841827,0.5975342248881098,0.9879191568638943,0.0,0.0
0.0030618373154487804,0.5997117440697646,0.9880995073910896,0.0,0.0
0.0033011924547550007,0.6018564793368739,0.9880191932297199,0.0,0.0
0.003539755323718413,0.6039667320145761,0.9880384356129589,0.0,0.0
0.00377746866839558,0.6060408470923349,0.9880575015885933,0.0,0.0
0.004014275438724859,0.6080772134338179,0.98807645508267,0.0,0.0
0.0042501188022180955,0.6100742639513489,0.9880952179863763,0.0,0.0
0.004484942157600141,0.6120304757482405,0.9881137663982258,0.0,0.0
0.004718689148392908,0.6139443702320839,0.987955579576268,0.0,0.0
0.0049513036764406194,0.6158145132019067,0.988264725343199,0.0,0.0
0.005182729915373167,0.6176395149118948,0.9882842853170738,0.0,0.0
0.005412912324004076,0.6194180301142066,0.9883036790225788,0.0,0.0
0.005641795659660171,0.6211487580832249,0.9883228536437175,0.0,0.0
0.0058693249914396235,0.6228304426234379,0.9886023272455018,0.0,0.0
0.006095445713394982,0.6244618720629663,0.9886215602043438,0.0,0.0
0.006320103557638378,0.6260418792346162,0.988640622354084,0.0,0.0
0.006543244607365625,0.6275693414462062,0.9886595551592438,0.0,0.0
0.006764815309795881,0.629043180441748,0.9887867982609289,0.0,0.0
0.006984762489024153,0.6304623623549795,0.9888038376067995,0.0,0.0
0.007203033358783218,0.6318258976566012,0.988888397268246,0.0,0.0
0.0074195755351120765,0.6331328410964616,0.9889038667032282,0.0,0.0
0.0076343370489278485,0.6343822916418518,0.9889498676091101,0.0,0.0
0.007847266358498133,0.6355733924129368,0.9889642446425762,0.0,0.0
0.008058312361810717,0.6367053306163108,0.9889785409520221,0.0,0.0
0.008267424408837876,0.6377773374775244,0.9889927480507616,0.0,0.0
0.00847455231369208,0.6387886881734056,0.9890068897638766,0.0,0.0
0.00867964636667046,0.6397387017648835,0.989020908463698,0.0,0.0
0.008882657346184757,0.6406267411309733,0.9890347885546125,0.0,0.0
0.009083536530574391,0.6414522129045326,0.9887602599744157,0.0,0.0
0.009282235709799386,0.6422145674103001,0.9887753069231353,0.0,0.0
0.009478707197010473,0.6429132986057209,0.9887902320045737,0.0,0.0
0.009672903839993861,0.6435479440249834,0.9888050219114464,0.0,0.0
0.009864779032487413,0.6441180847266404,0.9884284691145697,0.0,0.0
0.010054286725365989,0.6446233452451814,0.9884447687834943,0.0,0.0
0.010241381437692917,0.6450633935468308,0.9884610289338434,0.0,0.0
0.010426018267635371,0.6454379409898469,0.9884772539336495,0.0,0.0
0.010608152903240442,0.6457467422895556,0.9884934051735784,0.0,0.0
0.010787741633069886,0.6459895954882917,0.9887560980721781,0.0,0.0
0.010964741356690576,0.6461663419304322,0.9887723988649402,0.0,0.0
0.011139109595018501,0.646276866242629,0.988831440840758,0.0,0.0
0.011310804500513439,0.6463210963193682,0.988846768241175,0.0,0.0
0.01147978486722227,0.6462990033138968,0.98886205736414,0.0,0.0
0.01164601014066809,0.6462106016345976,0.9888772787480388,0.0,0.0
0.011809440427583194,0.6460559489467999,0.9888924272988387,0.0,0.0
0.011970036505483268,0.6458351461800358,0.9889420266563798,0.0,0.0
0.012127759832080434,0.6455483375406982,0.9889564344601859,0.0,0.0
0.012282572554533454,0.645195710530038,0.9889772415403583,0.0,0.0
0.012434437518532071,0.6447774959674095,0.9889595870262,0.0,0.0
0.012583318277213868,0.6442939680186468,0.9889736742266337,0.0,0.0
0.012729179099911486,0.6437454442294088,0.9889877015016233,0.0,0.0
0.012871984980727568,0.643132285563328,0.9889526295413793,0.0,0.0
0.013011701646936269,0.6424548964447321,0.9889669183827706,0.0,0.0
0.013148295567208361,0.6417137248056954,0.9889811731521885,0.0,0.0
0.013281733959658606,0.6409092621371342,0.988995342818364,0.0,0.0
0.01341198479971339,0.6400420435436168,0.9890094501108446,0.0,0.0
0.01353901682779633,0.6391126478015057,0.9889623547834908,0.0,0.0
0.013662799556830484,0.6381216974200444,0.9888821214361123,0.0,0.0
0.013783303279554977,0.6370698587048971,0.9888974969787852,0.0,0.0
0.01390049907565486,0.6359578418236308,0.9889127931861376,0.0,0.0
0.014014358818701689,0.6347864008725794,0.9889279989203645,0.0,0.0
0.014124855182903554,0.6335563339444272,0.9889430965996857,0.0,0.0
0.01423196164966356,0.6322684831958382,0.9889580935080303,0.0,0.0
0.014335652513943758,0.6309237349143374,0.9889730010354971,0.0,0.0
0.01443590289043446,0.6295230195836065,0.9889878184511889,0.0,0.0
0.014532688719526591,0.6280673119462598,0.989002545929429,0.0,0.0
0.01462598677308565,0.6265576310630772,0.9890171589474382,0.0,0.0
0.01471577466002673,0.6249950403675876,0.9892832281299713,0.0,0.0
0.014802030831687941,0.6233806477147883,0.9888202087064508,0.0,0.0
0.014884734587002074,0.621715605422667,0.9888369624719622,0.0,0.0
0.014963866077464978,0.6200011103051065,0.9888536088367239,0.0,0.0
0.015039406311898616,0.6182384036945957,0.9888701871186736,0.0,0.0
0.015111337161009484,0.6164287714530678,0.9891073738624321,0.0,0.0
0.01517964136173899,0.6145735439690273,0.9891241495229554,0.0,0.0
0.015244302521406858,0.6126740961390005,0.9893373265138086,0.0,0.0
0.015305305121645152,0.6107318473311663,0.9893542154799112,0.0,0.0
0.015362634522122656,0.6087482613288883,0.9894659487085088,0.0,0.0
0.015416276964058397,0.6067248462516699,0.9894829678078257,0.0,0.0
0.01546621957352385,0.6046631544508996,0.989582714063832,0.0,0.0
0.015512450364532523,0.6025647823775455,0.9895997580156121,0.0,0.0
0.015554958241916404,0.6004313704187837,0.9896166711091405,0.0,0.0
0.015593733003989007,0.5982646027003218,0.9896334947460199,0.0,0.0
0.015628765344993547,0.5960662068509869,0.989650272230198,0.0,0.0
0.01566004685733637,0.5938379537259333,0.9896669276598528,0.0,0.0
0.01568757003360466,0.5915816570845904,0.9896835021108367,0.0,0.0
0.015711328268368234,0.589299173219262,0.9897000784411656,0.0,0.0
0.015731315859764755,0.5869924005300731,0.9897166690585246,0.0,0.0
0.015747528010868286,0.58466327904171,0.9897331799411111,0.0,0.0
0.01575996083084037,0.582313789857196,0.9897496514767583,0.0,0.0
0.015768611335863852,0.5799459545437246,0.9897660675086891,0.0,0.0
0.015773477449859147,0.5775618344453498,0.9898047252372205,0.0,0.0
0.01577455800498215,0.5751635299171272,0.9892560552114652,0.0,0.0
0.015771852741904874,0.572753179475135,0.9892751302176858,0.0,0.0
0.01576536230987748,0.5703329588565877,0.9892918169955812,0.0,0.0
0.015755088266572438,0.5679050799841311,0.9893110374493537,0.0,0.0
0.015741033077710916,0.5654717898282663,0.9893302128590935,0.0,0.0
0.015723200116470704,0.5630353691617457,0.9887133575681021,0.0,0.0
0.015701593662676944,0.5605981311997229,0.9880199867416718,0.0,0.0
0.015676218901774806,0.5581624201194083,0.9880457211901663,0.0,0.0
0.01564708192358509,0.5557306094529981,0.9879635883831203,0.0,0.0
0.01561418972084269,0.553305100347722,0.9878268966766603,0.0,0.0
0.015577550187518458,0.5508883196869736,0.9878537896434827,0.0,0.0
0.015537172116924432,0.5484827180666975,0.9881215974149246,0.0,0.0
0.015493065199603756,0.5460907676214476,0.9881474130445536,0.0,0.0
0.0154452400210049,0.5437149596949029,0.988173113171802,0.0,0.0
0.01539370805894109,0.5413578023500313,0.9881987860411644,0.0,0.0
0.01533848168083591,0.5390218177146183,0.9882243653340549,0.0,0.0
0.01527957414075503,0.5367095391585133,0.9882498283398857,0.0,0.0
0.015216999576225222,0.5344235082996182,0.9881129616150616,0.0,0.0
0.015150773004841682,0.5321662718365143,0.9881389142195669,0.0,0.0
0.015080910320663611,0.5299403782065367,0.9881647630965168,0.0,0.0
0.015007428290399843,0.5277483740691354,0.9881905679981564,0.0,0.0
0.014930344549384992,0.5255928006155555,0.9882163001454991,0.0,0.0
0.01484967759734673,0.5234761897071115,0.9882419227904866,0.0,0.0
0.014765446793966469,0.5214010598457204,0.988102683864602,0.0,0.0
0.01467767235423269,0.5193699119818355,0.9881289429436947,0.0,0.0
0.0145863753435895,0.5173852251665212,0.9879897046078581,0.0,0.0
0.014491577672881291,0.5154494520560433,0.9880165544097966,0.0,0.0
0.014393302093093948,0.5135650142791227,0.9880433347840243,0.0,0.0
0.014291572189894916,0.5117342976787819,0.9879011112051669,0.0,0.0
0.0141864123779726,0.5099596474425551,0.9879285446326952,0.0,0.0
0.014077847895177074,0.5082433631367073,0.9879559291413529,0.0,0.0
0.013965904796463145,0.5065876936619457,0.9879832698623376,0.0,0.0
0.013850609947637111,0.5049948321499556,0.9880105612150689,0.0,0.0
0.013731991018909234,0.5034669108218521,0.9880378060354208,0.0,0.0
0.013610076478253018,0.5020059958313282,0.9880650032281605,0.0,0.0
0.013484895584573024,0.5006140821168433,0.988466902965211,0.0,0.0
0.013356478380682876,0.4992930882886235,0.9888013177906426,0.0,0.0
0.01322485568609504,0.49804485157746575,0.9888244401523721,0.0,0.0
0.013090059089624429,0.49687112287337265,0.9888474950089621,0.0,0.0
0.012952120941807106,0.495773561882808,0.9886597891605436,0.0,0.0
0.01281107434713644,0.494753732433895,0.9889637112607775,0.0,0.0
0.012666953156118092,0.4938130979590622,0.9889860120288377,0.0,0.0
0.012519791957146148,0.4929530171845599,0.9890082508748984,0.0,0.0
0.012369626068201914,0.4921747400558234,0.9890304348435975,0.0,0.0
0.012216491528377903,0.49147940392687883,0.9890525663210626,0.0,0.0
0.012060425089228615,0.490868030040861,0.9890746283026065,0.0,0.0
0.011901464205950295,0.49034152032723594,0.9889018535864167,0.0,0.0
0.01173964702839193,0.4899006545395076,0.9887303869714534,0.0,0.0
0.011575012391899299,0.48954608775504904,0.9887541306534644,0.0,0.0
0.011407599807994936,0.489278348256261,0.9887777887427031,0.0,0.0
0.01123744945489537,0.48909783580954236,0.988801295700731,0.0,0.0
0.011064602167868556,0.48900482035562337,0.9888246832230824,0.0,0.0
0.010889099429433696,0.48899944112164034,0.9888480193371102,0.0,0.0
0.010710983359405627,0.48908170616204255,0.9886827397150013,0.0,0.0
0.010530296704786078,0.48925149233200954,0.9887069067670321,0.0,0.0
0.010347082829504828,0.48950854569359364,0.9887309371769097,0.0,0.0
0.010161385704012562,0.4898524823513257,0.9887548399308086,0.0,0.0
0.009973249894727946,0.49028278971062356,0.9887786529148919,0.0,0.0
0.009782720553342159,0.49079882814899833,0.9888023837856248,0.0,0.0
0.00958984340598255,0.49139983308690666,0.9888260695195362,0.0,0.0
0.00939466474223864,0.4920849174421015,0.9888496900850372,0.0,0.0
0.009197231404052797,0.49285307444860166,0.9888732453040951,0.0,0.0
0.008997590774478476,0.493703180818924,0.9885065594880331,0.0,0.0
0.008795790766308514,0.4946340002260404,0.9885325789368127,0.0,0.0
0.008591879810576162,0.49564418707967645,0.9885585074141487,0.0,0.0
0.008385906844932007,0.49673229057004076,0.9885843811094157,0.0,0.0
0.008177921301899014,0.49789675895091307,0.98894879454434,0.0,0.0
0.007967973097009232,0.49913594403318584,0.9889721010537896,0.0,0.0
0.0077561126168240015,0.5004481058594816,0.9889953125183333,0.0,0.0
0.007542390706841605,0.5018314175303212,0.9890184088309891,0.0,0.0
0.007326858659294549,0.5032839701524969,0.9893287007193394,0.0,0.0
0.007109568200839586,0.5048037778807726,0.9893495447291343,0.0,0.0
0.006890571480143782,0.5063887830247706,0.9893703246861877,0.0,0.0
0.006669921055368865,0.5080368611939262,0.9893909894473558,0.0,0.0
0.0064476698815575904,0.5097458264545712,0.9894115319162723,0.0,0.0
0.0062238712979248425,0.5115134364746181,0.9894319767001372,0.0,0.0
0.005998579015056403,0.5133373976328712,0.9896952776736833,0.0,0.0
0.005771847102018741,0.5152153700716512,0.9897137186442179,0.0,0.0
0.005543729973382606,0.5171449726731919,0.9897320653745475,0.0,0.0
0.005314282376163843,0.5191237879420896,0.989750343365373,0.0,0.0
0.005083559376684442,0.521149366777936,0.9897685254115632,0.0,0.0
0.0048516163473567514,0.5232192331241347,0.9899828694315318,0.0,0.0
0.0046185089533944184,0.5253308884807463,0.9901331376881648,0.0,0.0
0.00438429313945307,0.5274818162710031,0.9901485095330472,0.0,0.0
0.004149025116203712,0.529669486052892,0.9901637987114397,0.0,0.0
0.003912761346842645,0.5318913575688914,0.9901789430854036,0.0,0.0
0.003675558533540389,0.5341448846285036,0.9901940003903638,0.0,0.0
0.003437473603833521,0.5364275188197684,0.9902089694267033,0.0,0.0
0.003198563696962268,0.5387367130472834,0.9903222965964312,0.0,0.0
0.002958886150157547,0.5410699248955995,0.9903362582807018,0.0,0.0
0.0027184984848800504,0.5434246198179642,0.990350164637144,0.0,0.0
0.002477458393015546,0.5457982741515132,0.9902367606698604,0.0,0.0
0.002235823723029043,0.5481883779609015,0.9903069496244116,0.0,0.0
0.001993652466081446,0.550592437713243,0.9903207610748853,0.0,0.0
0.0017510027421119279,0.5530079787879293,0.9902128555840793,0.0,0.0
0.001507932785889523,0.5554325478255491,0.990227153995778,0.0,0.0
0.0012645009330369064,0.5578637149206411,0.990122182711057,0.0,0.0
0.0010207656060302597,0.5602990756634677,0.9901368889787613,0.0,0.0
0.0007767853001780882,0.5627362530363331,0.9900369257290027,0.0,0.0
0.0005326185695826374,0.5651728991702676,0.9899415703075476,0.0,0.0
0.0002883240130871994,0.5676066969680744,0.9899908085133919,0.0,0.0
4.396026021267035e-05,0.5700353615998924,0.9900058642862934,0.0,0.0
-0.00020041404291324576,0.5724566418775,0.9900208551845968,0.0,0.0
-0.0004447402476308242,0.5748683215136019,0.9900358157987367,0.0,0.0
-0.0006889597168237787,0.577268220272331,0.9899428907375099,0.0,0.0
-0.0009330138389917684,0.5796541950171276,0.9899582004624571,0.0,0.0
-0.001176844042317013,0.5820241406620615,0.9899734103625607,0.0,0.0
-0.001420391808721138,0.5843759910325333,0.9898839691929272,0.0,0.0
-0.00166359868790927,0.5867077196411568,0.9898995292075309,0.0,0.0
-0.00190640631139785,0.589017340384402,0.9899149442096347,0.0,0.0
-0.0021487564065227572,0.5913029081654662,0.9899302846730282,0.0,0.0
-0.002390590810424493,0.5935625194485602,0.9899456021544502,0.0,0.0
-0.0026318514840070035,0.5957943127496307,0.9899608694352963,0.0,0.0
-0.002872480525866665,0.5979964690683153,0.9899761110936397,0.0,0.0
-0.003112420186188557,0.600167212265687,0.9899913106504471,0.0,0.0
-0.0033516128806059206,0.6023048093921347,0.9899067052360856,0.0,0.0
-0.003590001204020277,0.6044075709695043,0.9898240860646461,0.0,0.0
-0.0038275279443783124,0.6064738512313843,0.9898399426586515,0.0,0.0
-0.004064136096402536,0.6085020483252231,0.9898557708153077,0.0,0.0
-0.004299768875272199,0.6104906044797366,0.9898715861761345,0.0,0.0
-0.004534369730251465,0.6124380061408562,0.9897921784697845,0.0,0.0
-0.004767882358261288,0.6143427840792708,0.9898766694562154,0.0,0.0
-0.005000250717391807,0.6162035134724191,0.9894880953827215,0.0,0.0
-0.00523141904035229,0.6180188139635957,0.9895053150912275,0.0,0.0
-0.0054613318478548365,0.6197873497006531,0.9895224598324557,0.0,0.0
-0.005689933961929326,0.6215078293566263,0.9895395039804333,0.0,0.0
-0.005917170519165678,0.6231790061344178,0.9895565020415328,0.0,0.0
-0.006142986983880932,0.6247996777575414,0.9895734387554493,0.0,0.0
-0.006367329161207532,0.6263686864487749,0.9895903327210135,0.0,0.0
-0.0065901432100997975,0.6278849188984189,0.9896071713815862,0.0,0.0
-0.006811375656255534,0.6293473062237529,0.9896239766158749,0.0,0.0
-0.007030973404949666,0.6307548239211243,0.9896407247778588,0.0,0.0
-0.007248883753776591,0.6321064918120242,0.9891745039151049,0.0,0.0
-0.007465054405298591,0.6334013739843518,0.9891934703994107,0.0,0.0
-0.007679433479596965,0.6346385787300257,0.9892124187560183,0.0,0.0
-0.007891969526722952,0.6358172584799425,0.9892313204431815,0.0,0.0
-0.008102611539045472,0.6369366097372403,0.9892501745289641,0.0,0.0
-0.008311308963492659,0.6379958730097247,0.9892689392723067,0.0,0.0
-0.008518011713684452,0.6389943327422319,0.989374789109252,0.0,0.0
-0.008722670181952998,0.6399313172496512,0.989180501305306,0.0,0.0
-0.008925235251248349,0.6408061986512282,0.9891987316989045,0.0,0.0
-0.009125658306926174,0.6416183928067689,0.9892169108724537,0.0,0.0
-0.009323891248415239,0.6423673592552225,0.989235079505215,0.0,0.0
-0.009519886500761096,0.6430526011561521,0.9890420393759889,0.0,0.0
-0.009713597026044032,0.6436736652344961,0.9890605448645124,0.0,0.0
-0.009904976334667796,0.644230141729,0.9890789685009762,0.0,0.0
-0.010093978496516982,0.6447216643446515,0.9890973281051975,0.0,0.0
-0.010280558151980012,0.6451479102094114,0.9891156810399455,0.0,0.0
-0.010464670522835213,0.6455085998354965,0.9891340014795307,0.0,0.0
-0.010646271422997292,0.6458034970854265,0.9892582184604818,0.0,0.0
-0.010825317269121983,0.6460324091430393,0.98927560333138,0.0,0.0
-0.011001765091065641,0.646195186489597,0.9892929329971653,0.0,0.0
-0.011175572542197965,0.6462917228851505,0.9887555619640186,0.0,0.0
-0.011346697909565074,0.6463219553552145,0.9885515757277595,0.0,0.0
-0.011515100123900154,0.6462858641828505,0.9885719680231178,0.0,0.0
-0.011680738769480163,0.6461834729061801,0.9885923382384776,0.0,0.0
-0.011843574093825257,0.6460148483213546,0.9886127060239003,0.0,0.0
-0.012003567017239227,0.6457801004909497,0.9886330596871387,0.0,0.0
-0.01216067914218847,0.6454793827577583,0.9886533987036756,0.0,0.0
-0.012314872762517134,0.6451128917639053,0.9888107166066857,0.0,0.0
-0.012466110872496508,0.6446808674751852,0.9888300746835995,0.0,0.0
-0.0126143571757062,0.6441835932105016,0.9889617113145355,0.0,0.0
-0.012759576093745027,0.643621395676244,0.989054493461208,0.0,0.0
-0.012901732774769739,0.6429946450054174,0.9890728769649839,0.0,0.0
-0.013040793101859287,0.6423037548013011,0.9888801042998767,0.0,0.0
-0.013176723701202635,0.6415491821853821,0.9888989613781257,0.0,0.0
-0.013309491950108528,0.6407314278492577,0.9889177504760075,0.0,0.0
-0.013439065984834422,0.6398510361101847,0.9890122306216642,0.0,0.0
-0.013565414708234056,0.6389085949698801,0.9890308372884677,0.0,0.0
-0.013688507797220303,0.6379047361761628,0.9890493625516963,0.0,0.0
-0.013808315710042637,0.636840135286952,0.9891244847902056,0.0,0.0
-0.01392480969337713,0.6357155117360853,0.9891669022611647,0.0,0.0
-0.014037961789226935,0.6345316289003954,0.9891767901570576,0.0,0.0
-0.014147744841632205,0.6332892941673621,0.9886241406977369,0.0,0.0
-0.01425413250318737,0.6319893590026509,0.9886464563215708,0.0,0.0
-0.014357099241364281,0.6306327190167293,0.9886685702694061,0.0,0.0
-0.01445662034464016,0.6292203140297163,0.9886904528377188,0.0,0.0
-0.0145526719284278,0.6277531281334973,0.9884865849614323,0.0,0.0
-0.01464523094080821,0.626232189750067,0.9885088106495628,0.0,0.0
-0.014734275168062758,0.6246585716849874,0.9885308402895667,0.0,0.0
-0.014819783240004273,0.6230333911746953,0.9885527341431419,0.0,0.0
-0.014901734635106016,0.6213578099263317,0.9886019238563352,0.0,0.0
-0.01498010968542649,0.6196330341486311,0.988609944290619,0.0,0.0
-0.015054889581329826,0.617860314572268,0.9884071646590668,0.0,0.0
-0.015126056376000011,0.616040946457961,0.9884309135662094,0.0,0.0
-0.015193592989747913,0.6141762695904605,0.9882280536159539,0.0,0.0
-0.015257483214110416,0.6122676682564175,0.9882281560983743,0.0,0.0
-0.015317711715740394,0.6103165712039736,0.9882532322453967,0.0,0.0
-0.015374264040086495,0.6083244515817379,0.9882780982839469,0.0,0.0
-0.015427126614862435,0.6062928268546421,0.9883027261522813,0.0,0.0
-0.01547628675330393,0.6042232586940154,0.9883271922971912,0.0,0.0
-0.015521732657213797,0.6021173528389748,0.9883514437364377,0.0,0.0
-0.015563453419793202,0.5999767589260914,0.9883754999598782,0.0,0.0
-0.015601439028259431,0.5978031702840398,0.9883994259235127,0.0,0.0
-0.01563568036624877,0.5955983236897697,0.9882005742597555,0.0,0.0
-0.01566616921600446,0.593363999082481,0.9882247845017326,0.0,0.0
-0.015692898260348944,0.59110201923151,0.9880272870927345,0.0,0.0
-0.015715861084439803,0.588814249353971,0.9880519409450716,0.0,0.0
-0.015735052177309607,0.5865025966778009,0.9880764224013731,0.0,0.0
-0.01575046693318812,0.5841690099456159,0.9878810798555505,0.0,0.0
-0.015762101652607885,0.5818154788545685,0.9876902024940623,0.0,0.0
-0.015769953543292196,0.5794440334271813,0.9877156878218111,0.0,0.0
-0.015774020720824882,0.5770567433079119,0.9877410361530187,0.0,0.0
-0.015774302209102902,0.5746557169800189,0.9877661899029968,0.0,0.0
-0.015770797940570385,0.5722431008970854,0.9877912415679664,0.0,0.0
-0.015763508756235067,0.5698210785234058,0.9878161575788513,0.0,0.0
-0.015752436405466082,0.5673918692772908,0.9878409541454183,0.0,0.0
-0.01573758354557444,0.5649577273712055,0.987865552713121,0.0,0.0
-0.015718953741175382,0.5625209405425681,0.9878899583880464,0.0,0.0
-0.015696551463332452,0.5600838286689899,0.9879141814122987,0.0,0.0
-0.0156703820884847,0.5576487422617018,0.987938317084752,0.0,0.0
-0.015640451897156623,0.555218060830941,0.9879622903668424,0.0,0.0
-0.01560676807245035,0.552794191117181,0.9879860881395612,0.0,0.0
-0.015569338698322265,0.5503795651821852,0.9880096808321033,0.0,0.0
-0.015528172757642312,0.547976638354119,0.9881568594514739,0.0,0.0
-0.015483280130038794,0.5455878870212032,0.9881801408464372,0.0,0.0
-0.015434671589526763,0.5432158062687639,0.9882032736625944,0.0,0.0
-0.015382358801922706,0.540862907354987,0.9882263394262462,0.0,0.0
-0.015326354322044393,0.5385317150212149,0.9880446982941021,0.0,0.0
-0.015266671590698305,0.5362247646332567,0.9880681346904443,0.0,0.0
-0.01520332493145337,0.5339445991509411,0.9880914147824585,0.0,0.0
-0.015136329547203845,0.5316937659239627,0.9881145284088203,0.0,0.0
-0.015065701516520221,0.5294748133130566,0.9881375236287468,0.0,0.0
-0.014991457789790955,0.5272902871365739,0.9881604134231525,0.0,0.0
-0.01491361618515397,0.5251427269437543,0.988183176883731,0.0,0.0
-0.014832195384220835,0.5230346621172348,0.9883387099164637,0.0,0.0
-0.014747214927592879,0.5209686078087895,0.9883608335902719,0.0,0.0
-0.014658695210171753,0.5189470607137507,0.9883827896097828,0.0,0.0
-0.014566657476264759,0.5169724946911969,0.9884045875711517,0.0,0.0
-0.014471123814486266,0.5150473562386528,0.9885154765747372,0.0,0.0
-0.014372117152456442,0.5131740598318195,0.9885369639461785,0.0,0.0
-0.014269661251299005,0.5113549831416503,0.9885583074161169,0.0,0.0
-0.014163780699938395,0.5095924621429342,0.9885794947420116,0.0,0.0
-0.014054500909198667,0.5078887861304249,0.98865493099899,4.263697906778852e-06,0.0004265215475990686
-0.01394184810570506,0.5062461926603964,0.9886758839198467,1.7039306721097994e-05,0.0008528878574610254
-0.013825849325589659,0.5046668624373226,0.9886966646710407,3.830640290658226e-05,0.0012790749452008048
-0.013706532408002839,0.5031529141671492,0.988527808674263,6.805844865515333e-05,0.0017078742407205005
-0.01358392598843212,0.5017063994002734,0.9885489405151634,0.00010637193332066895,0.002140632178526084
-0.013458059491829688,0.5003292973888882,0.9881074824805218,0.0001532530814365892,0.0025731419188058306
-0.013328963125550456,0.4990235099847449,0.9879266968684577,0.0002086931249724784,0.003008146943764794
-0.013196667872102772,0.497790856604552,0.9879885680930109,0.00027276640776358394,0.003447046413780352
-0.013061205481712315,0.49663306929122714,0.988012761475065,0.0003454787512982292,0.003885726493480376
-0.012922608464702556,0.4955517878999299,0.9880367290151435,0.00042680827922297784,0.004324169722464177
-0.012780910083692313,0.49454855543825077,0.9878610419238022,0.0005167466805119919,0.004765089924963716
-0.012636144345612811,0.49362481359008276,0.9878852797458302,0.0006153662272479662,0.005209787928932788
-0.012488345993546285,0.4927818984525247,0.9879093064263166,0.0007226711243422136,0.005654217883272468
-0.01233755049838783,0.4920210365146604,0.9879335544887289,0.0008386386274510249,0.006098373826646388
-0.01218379405033242,0.49134334090619863,0.9879576084405974,0.0009632458446313134,0.006542247164854801
-0.012027113550189457,0.4907498079427608,0.9880003351379303,0.00109646992523494,0.006985850385366411
-0.011867546600526984,0.4902413139930598,0.98798334987481,0.0012382884936250071,0.007429198972018351
-0.011705131496646905,0.4898186126913092,0.9880070384452952,0.0013886791780101332,0.007872280790861289
-0.011539907217394521,0.48948233251603107,0.9875269652526515,0.001547619189060612,0.008315043393317885
-0.011371913415803785,0.4892329747539012,0.98755371766045,0.0017150843965316285,0.008757463154187248
-0.01120119040958065,0.4890709118645218,0.9875804694982834,0.0018910517519691564,0.00919960027429982
-0.01102777917142712,0.4889963862590123,0.9876064305365089,0.002075498577894869,0.009641455132893814
-0.010851721319207901,0.48900950950212024,0.9876328306125,0.00226840236054012,0.010083027434111077
-0.010673059105962506,0.48911026194422463,0.9874473777605354,0.002469753557938266,0.010526922590739441
-0.010491835409764408,0.4892984927861886,0.9874205680499092,0.0026796202118245,0.01097439598423554
-0.010308093723430868,0.48957392057653126,0.987234965742453,0.0028980177858853448,0.011424101285455138
-0.010121878144084535,0.4899361341369442,0.9872612822802693,0.003125011053422872,0.011877242115407898
-0.009933233362570612,0.49038459390876626,0.9872881384639141,0.0033606011066604413,0.012330034337358844
-0.009742204652731132,0.49091863370974426,0.987104397495105,0.0036047760124688485,0.012784923963352984
-0.009548837860539505,0.49153746288726236,0.9869239552218534,0.003857608507812189,0.013245450151118708
-0.009353179393097646,0.4922401688513178,0.9869510344889423,0.004119179949546468,0.01370908118154472
-0.009155276207498548,0.4930257199677938,0.9869778680382089,0.004389487963026794,0.014172295986197023
-0.00895517579955673,0.4938929687902021,0.9870054108283282,0.004668506722573395,0.0146350847040875
-0.008752926192409636,0.49484065560593565,0.9870327340632048,0.004956210127011867,0.015097433175611005
-0.008548575924992122,0.4958674122712978,0.9870589010793618,0.005252572062442193,0.015559349777966277
-0.008342174040387462,0.496971766308122,0.9868059871636232,0.005557577998735342,0.016023069995160476
-0.00813377007405721,0.498152145233709,0.9867909664643507,0.005871278983143451,0.01648961947125693
-0.007923414041952851,0.49940688109503995,0.9868173019758092,0.006193670128956422,0.016955699554609745
-0.00771115642851239,0.5007342151778392,0.986844900911518,0.006524724752209573,0.01742130534830846
-0.007497048174544151,0.5021323028609709,0.9867860298389469,0.006864415785681721,0.017886417244041376
-0.007281140665001326,0.5035992185868905,0.9868127607088287,0.007212716181816132,0.018351042822722236
-0.0070634857166498545,0.5051329609194138,0.986558240789432,0.007569609524288914,0.018817254197543955
-0.006844135565632454,0.506731457660865,0.9865843914907237,0.007935140326601175,0.019286010369521517
-0.006623142854932545,0.5083925710017031,0.986610336156337,0.00830930149589964,0.019754260427618443
-0.006400560621739857,0.5101141026769794,0.9866368647736802,0.00869206561432764,0.020221994686867428
-0.006176442284721903,0.5118937991054171,0.9866621724483378,0.00908340504996548,0.02068920703719659
-0.0059508416312037595,0.5137293564884718,0.9866874318685698,0.009483292405735816,0.021155909701584437
-0.005723812804259353,0.515618425848434,0.986435418361469,0.009891709905651658,0.021623978422316552
-0.005495410289717386,0.5175586179864111,0.9864611181077017,0.010308694814877686,0.02209426207133451
-0.005265688903084926,0.5195475083428538,0.9864863188690008,0.010734237290085968,0.022563989691625475
-0.005034703776392121,0.5215826417451621,0.9865115783530128,0.011168309149525841,0.023033161173004628
-0.004802510344960552,0.5236615370287534,0.9862613142506447,0.011610890798142707,0.023503469688333885
-0.004569164334099222,0.5257816915198191,0.9862869812578935,0.012062012212970851,0.023975670253275932
-0.0043347217457306,0.5279405853698069,0.9863124013177119,0.01252166077613007,0.024447262233825883
-0.004099238844950566,0.530135685733356,0.9863381385259001,0.012989807258452564,0.02491824052404836
-0.0038627721465249103,0.5323644507831407,0.9863635784957409,0.01346642232962798,0.02538859794144863
-0.0036253784013261974,0.5346243335565757,0.9863877266161601,0.013951476689135503,0.025858340762649007
-0.0033871145827136916,0.5369127856308703,0.9864125597406032,0.014444941300432971,0.02632747251199888
-0.003148037872860199,0.5392272606242482,0.9864367975162823,0.01494678702489424,0.02679598495408373
-0.0029082056490284556,0.5415652175224408,0.9864604525234655,0.015456984775337565,0.02726388135748519
-0.00266767546980092,0.5439241238306782,0.986484329875442,0.01597550558660038,0.02773116209169708
-0.002426505061266079,0.5463014585524703,0.9865073790028137,0.016502320480882644,0.028197826715819108
-0.002184752303164193,0.5486947149973721,0.9865326340176064,0.017037400592370282,0.028663866360680097
-0.0019424752149969013,0.551101403420749,0.9865563219962525,0.01758071665517607,0.029129266598752104
-0.0016997319421022767,0.553519053499267,0.9865797626773803,0.0181322396004307,0.029594039533211457
-0.00145658074170063,0.5559452166464361,0.9866029882616247,0.018691940499697062,0.030058185049322478
-0.001213079968912904,0.5583774681730598,0.9866261887092713,0.019259790449405904,0.03052169997206358
-0.0009692880627556867,0.5608134092978277,0.9866492773823664,0.0198357605509851,0.03098458270308199
-0.0007252635321162282,0.5632506690136759,0.9866712501151637,0.020419821950918324,0.031446837073343746
-0.0004810649417105123,0.5656869058157594,0.9866940521203172,0.02101194601842009,0.0319084653027803
-0.00023675089802803823,0.5681198092970717,0.9867167591773246,0.021612103980067663,0.032369455217124934
7.619964733464269e-06,0.5705471016179012,0.9864774531909897,0.02222027362929394,0.032831096588426464
0.0002519889987399543,0.5729665388553292,0.9862384690927389,0.022836475623027486,0.03329502776432137
0.0004962975565963008,0.5753759122390476,0.9862614006766456,0.023460729699443822,0.03375981977397445
0.000740487005421344,0.5777730492796878,0.9862842275277941,0.024093015873190356,0.03422389189400395
0.0009844987409195333,0.5801558147958156,0.9863069100082753,0.024733303693280216,0.03468724269764581
0.0012282742014456153,0.5825221118456397,0.9860715014566847,0.025381567051259178,0.03515069812091465
0.0014717548820592605,0.5848698825693361,0.9858417570597277,0.026037806233973736,0.03561515645737254
0.0017148823485658743,0.587197108947736,0.9858658673720267,0.026702016936113702,0.03607961188636585
0.0019575982515405437,0.589501813482965,0.9858897454899647,0.027374172100425385,0.03654324220634256
0.002199844340331647,0.5917820598064027,0.9859135003462705,0.028054239403375175,0.03700604884536824
0.0024415624770407025,0.5940359532191435,0.9859371860791879,0.02874218656484038,0.0374680300939494
0.002682694650475188,0.5962616411699289,0.9861029899077065,0.029437981342240915,0.03792918741330636
0.0029231829900709765,0.5984573136752803,0.9862179189251438,0.030141591663022483,0.03838952405970866
0.0031629697797809146,0.6006212036863703,0.9862386042822877,0.030852985411239778,0.03884903011364986
0.003401997471926543,0.6027515874069128,0.98625874074349,0.03157213034791925,0.03930769758953993
0.003640208701009097,0.6048467845661504,0.9862787529042428,0.03229899425925989,0.0397655296696647
0.0038775462974770547,0.6069051586507893,0.9862986634039016,0.033033545018009994,0.04022252477864996
0.004113953301446555,0.6089251170995074,0.9863184789152456,0.03377575052760967,0.04067868069505358
0.0043493729763714245,0.6109051114634537,0.9863382030949175,0.03452557870443351,0.04113399553743332
0.0045837488226597375,0.6128436375359612,0.9863577282463907,0.035282997472769986,0.04158846532275983
0.004817024591233441,0.6147392354544617,0.9863771138978106,0.03604797481570521,0.0420420946072465
0.005049144297027851,0.6165904897774278,0.9863964095937311,0.03682047880267089,0.04249487716744385
0.005280052232427796,0.6183960295389759,0.9864155385339313,0.037600477432805694,0.04294680981829923
0.0055096929806371766,0.6201545282835672,0.986434741668975,0.03838793872327773,0.04339788999185185
0.005738011428978751,0.6218647040830897,0.9864536841924257,0.039182830692184555,0.04384811321664537
0.005964952782120874,0.6235253195384409,0.9864726744591272,0.03998512137041446,0.0442974804437788
0.0061904625752281575,0.6251351817675735,0.9864912269961367,0.04079477885828836,0.0447459894772555
0.0064144866870327584,0.6266931423818116,0.9859322595572767,0.04161177103712473,0.04519359162873351
0.006636971352823206,0.6281980974521308,0.9856783403727822,0.042436064496270576,0.04564024010475377
0.006857863177347655,0.6296489874669373,0.9857005389562511,0.0432676246425389,0.04608587536336829
0.007077109147628544,0.6310447972827855,0.9857226958387006,0.044106418000572516,0.04653059768185107
0.007294656645685485,0.6323845560693301,0.9857447965082532,0.044952411873180234,0.04697440577983532
0.007510453461163145,0.6336673372497413,0.9857667899714773,0.04580557356069701,0.047417295821861244
0.007724447803861697,0.6348922584376658,0.9857886908107757,0.046665870401764,0.047859267319488745
0.007936588316166114,0.6360584813717524,0.9858105195589714,0.04753326974694932,0.048300316624450154
0.008146824085371774,0.6371652118486735,0.985832319608974,0.048407738962358345,0.04874044182921324
0.008355104655903218,0.6382116996554712,0.9858540464557312,0.04928924542807468,0.04917964024968836
0.008561380041423311,0.6391972385020064,0.9858757684757791,0.050177756571764216,0.04961791212276607
0.008765600736829691,0.6401211659541954,0.985897415665885,0.051073239866937674,0.05005525521650688
0.008967717730135771,0.6409828633686758,0.9859189233356358,0.051975662788856104,0.050491666253438545
0.009167682514233336,0.6417817558294612,0.9859395516405371,0.05288499282222011,0.05092714558951118
0.00936544709853406,0.6425173120871029,0.9859600185984083,0.053801197729294564,0.0513617038892122
0.00956096402048708,0.643189044500818,0.985981351198725,0.05472424511134203,0.051795319118837266
0.009754186356969584,0.643796508984001,0.986001539099194,0.05565410245852869,0.052227990959935584
0.009945067735548358,0.6443393049534653,0.9860227450496292,0.05659073724563445,0.05265971356052818
0.010133562345608813,0.6448170752827703,0.9860426603038528,0.05753411698062857,0.053090488085098926
0.010319624949349302,0.6452295062598888,0.9860626084051375,0.058484209231037414,0.05352031245775911
0.010503210892638072,0.6455763275494807,0.9860824434511596,0.05944098154823175,0.05394918193568106
0.010684276115730045,0.6458573121599714,0.9861034096697721,0.060404401497531825,0.05437709700825912
0.010862777163840778,0.6460722764156304,0.9861243481571835,0.0613744367666351,0.05480405820532713
0.01103867119757556,0.6462210799337813,0.986145233082911,0.06235105497333388,0.05523005742620861
0.011211916003210629,0.6463036256072745,0.9861661024414136,0.06333422373867016,0.05565509337696171
0.01138247000282426,0.6463198595923061,0.9861869546534039,0.06432391070486417,0.05607916374471122
0.011550292264275208,0.6462697713016361,0.9862063177670634,0.06532008352875315,0.05650226455793221
0.011715342511026332,0.6461533934032613,0.9862271335760668,0.06632270979573632,0.05692438938728538
0.011877581131810668,0.6459708018245258,0.9862508875427681,0.06733175719082916,0.05734555204569577
0.012036969190138015,0.6457221157616657,0.986019970627358,0.06834718969218105,0.05776488347921204
0.012193468433639427,0.6454074976947244,0.9860400705696021,0.06936894291015669,0.058181800319488226
0.012347041303247751,0.6450271534077867,0.9860601256563893,0.07039697435270263,0.0585976839695713
0.012497650942211436,0.6445813320143996,0.9860817621536335,0.07143125077189794,0.0590125313575657
0.012645261204940089,0.6440703259880681,0.98610172952382,0.07247173902155149,0.05942634175201603
0.012789836665679196,0.6434944711976547,0.986121484498032,0.07351840583125785,0.05983910288578616
0.012931342627012182,0.6428541469474826,0.9861430762446189,0.07457121786441448,0.060250815325202337
0.0130697451281876,0.6421497760219224,0.9861646540367212,0.07563014188810623,0.06066147330050604
0.013205010953269489,0.6413818247341841,0.9861862055322189,0.0766951446210404,0.061071082283248826
0.013337107639109183,0.6405508029790229,0.9862105425436886,0.07776619310642925,0.0614796652570405
0.01346600348313612,0.6396572642890059,0.9862320243128638,0.07884325509546333,0.061887234513499555
0.013591667550966488,0.6387018058939524,0.9862534184163847,0.07992629789713229,0.06229375784775597
0.013714069683827209,0.6376850687831092,0.9862725962302352,0.08101528859366322,0.06269922340750006
0.013833180505793977,0.6366077377695817,0.9862917451402148,0.08211019397617254,0.06310361599751765
0.01394897143084125,0.635470541556473,0.9863157831303929,0.083210980884622,0.06350696259809936
0.01406141466970282,0.634274252804131,0.9863349475232028,0.08431761715579164,0.06390927895178515
0.01417048323654114,0.6330196881978395,0.9863560999082436,0.08543006986084678,0.06431051851827317
0.014276150955423714,0.6317077085152365,0.9863772159894219,0.08654830597214205,0.06471068883756183
0.014378392466605222,0.6303392186926262,0.9861612265659385,0.08767228480260722,0.06510819807694428
0.014477183232613782,0.6289151678893369,0.9861808399786759,0.08880191619850564,0.06550211559695385
0.01457249954413978,0.6274365495491231,0.986575651672162,0.08993714985622267,0.06589494342813518
0.014664318525725892,0.6259044014575864,0.9869259483747184,0.09107795404619809,0.06628677223254902
0.0147526181412574,0.6243198057944294,0.986942632655779,0.09222429737223131,0.06667754713523846
0.014837377199250382,0.6226838891793095,0.9869567622706668,0.09337614662760527,0.06706717824431406
0.014918575357937792,0.6209978227099043,0.9872773307228331,0.09453346793418059,0.06745570253298107
0.014996193130151296,0.6192628219907105,0.9872918860618077,0.09569622931902326,0.0678431699396824
0.015070211887998168,0.6174801471509563,0.9873038671917814,0.09686439768027086,0.06822948518230024
0.0151406138673318,0.6156511028498858,0.9873184466513386,0.09803793887169583,0.06861463223462724
0.015207382172015105,0.6137770382675151,0.9873329023553573,0.09921681914277591,0.06899863739997948
0.015270500777975496,0.6118593470788303,0.9873474723708843,0.1004010050250103,0.06938149868258538
0.015329954537050503,0.6098994674092261,0.9876346615799398,0.10159046322556871,0.06976326209490699
0.015385729180623328,0.6078988817688137,0.9876475732529911,0.10278516209033368,0.07014395329022029
0.015437811323047217,0.6058591169630719,0.9876604299138348,0.10398506856170472,0.07052348398122871
0.015486188464858025,0.6037817439771024,0.9876733527380954,0.10519014904920715,0.07090185400850223
0.015530848995773963,0.6016683778305976,0.9876886268313471,0.10640037020492393,0.07127910382644036
0.015571782197481928,0.5995206774003847,0.9877014327783712,0.10761570004638565,0.07165525704437728
0.015608978246210095,0.5973403452072616,0.9874980426465354,0.10883610566664825,0.07203026456938509
0.015642428215085227,0.5951291271635665,0.9875117442625669,0.11006155427082229,0.07240413181326008
0.01567212407627537,0.5928888122777661,0.9875252619837529,0.11129201257869636,0.07277682738934887
0.015698058702916413,0.5906212323120863,0.9877979994193241,0.11252744751542096,0.0731484152766872
0.01572022587082242,0.5883282613890013,0.9878101251256769,0.11376782792262606,0.07351892673667243
0.01573862025997957,0.5860118155421751,0.9876318569795012,0.11501310918950199,0.07388582556603833
0.015753237455822692,0.5836738522072183,0.9876446977951006,0.11626317107580499,0.07424776669119795
0.01576407395029502,0.5813163696474011,0.9876545434865862,0.11751795455075797,0.07460845281088478
0.015771127142689825,0.5789414063092567,0.9876674249566808,0.1187774246090559,0.0749678698429877
0.015774395340274826,0.5765510401027816,0.9874363446912018,0.12004154737656696,0.07532609486527699
0.015773877758698283,0.5741473876007664,0.9874525717273277,0.12131029026382505,0.07568318204451105
0.01576957452217731,0.5717326031515694,0.9874688025772079,0.12258362187803319,0.07603917711567028
0.015761486663467977,0.5693088778995131,0.9874797516882836,0.1238615108220136,0.07639399166692745
0.015749616123617614,0.5668784387069261,0.9877452870092494,0.12514392302379748,0.07674758837572573
0.01573396575149874,0.5644435469717142,0.9879574800592731,0.12643082732317534,0.07710013303650816
0.01571453930312555,0.5620064973342979,0.9879716205540321,0.1277221936039007,0.07745160714380879
0.015691341440752463,0.5595696162676502,0.987983501483171,0.12901799099168812,0.07780193325873028
0.015664377731755018,0.5571352605442224,0.9879953507130764,0.13031818644278964,0.07815101006780481
0.015633654647293986,0.5547058155735207,0.9880093520687807,0.13162274652900954,0.07849890434954368
0.01559917956076213,0.5522836936042406,0.988021433115213,0.13293163975518407,0.07884563831061142
0.01556096074601478,0.5498713317849908,0.9880335067751316,0.13424483299660228,0.0791911149980577
0.01551900737538398,0.547471190077886,0.9880455568796452,0.13556229250852125,0.07953533135428849
0.01547332951747733,0.5450857490195629,0.9880593672798488,0.13688398489330378,0.07987835163717645
0.015423938134761455,0.5427175073245567,0.9880709579107521,0.13820987886984473,0.0802202210450821
0.015370845080931082,0.5403689793264644,0.9880825428904991,0.1395399418422726,0.08056084687266468
0.015314063098064322,0.5380426922528387,0.9880962510602874,0.1408741408751019,0.08090028377228245
0.015253605813564478,0.5357411833304557,0.9881081683780748,0.14221244482462378,0.08123855535865691
0.015189487736889632,0.5334669967183318,0.9881200528753639,0.14355482077375,0.08157555198473943
0.015121724256070347,0.5312226802667516,0.9881318951708186,0.14490123509724842,0.08191127198914852
0.015050331634016874,0.5290107821015432,0.9883197817061641,0.14625165460075815,0.0822457973664416
0.014975327004615688,0.5268338470339327,0.9883269729538054,0.1476060484033733,0.08257911185839131
0.014896728368617876,0.5246944127975061,0.9883396649062947,0.14896438213974625,0.0829111297476774
0.01481455458931875,0.522595006115148,0.9883500898475276,0.15032662432534405,0.08324198419780107
0.014728825388030902,0.5205381386002198,0.9883604595937778,0.15169274267064548,0.0835715826288792
0.014639561339351164,0.5185263024977846,0.988367400086073,0.1530627039601557,0.08389985229951767
0.014546783866222688,0.5165619662732999,0.9883743193536397,0.1544364725241094,0.08422668343794476
0.014450515234793697,0.5146475700578967,0.9883851954443758,0.15581401228575167,0.08455213232979521
0.014350778549073642,0.5127855209611345,0.9883960383576638,0.15719528919292033,0.08487627970950642
0.014247597745388271,0.5109781882639309,0.9884062031749752,0.15858026982366707,0.08519913869025643
0.014140997586635251,0.5092278985062404,0.9884169061280587,0.15996892125026307,0.08552071631536974
0.014031003656340961,0.5075369304858875,0.9884276075897402,0.16136121023796723,0.08584098899373271
0.013917642352520684,0.505907510186844,0.9884396856650078,0.16275710381059513,0.08616003431249603
0.013800940881343184,0.5043418056570095,0.9882868240812485,0.16415655333710166,0.08647422709755644
0.013680927250601362,0.502841921857333,0.98829814780639,0.16555939671824396,0.08678150383682647
0.01355763026299044,0.5014098955057231,0.988310645307446,0.16696556355732148,0.08708751961236125
0.013431079509195733,0.5000476899407126,0.9881635711086193,0.16837500318687731,0.08738824287875996
0.013301305360790555,0.49875719003119023,0.9881755324580199,0.16978753901712726,0.08768139787063542
0.013168338962947624,0.4975401971596569,0.9883233689625087,0.17120309656676988,0.08797328197021291
0.01303221222696422,0.49639842430738634,0.9883304896531622,0.17262164570289226,0.08826386457354173
0.012892957822603412,0.4953334912705378,0.9883418020765157,0.1740431506463275,0.08855291351082717
0.012750609170253937,0.4943469200366588,0.9882045952596867,0.1754675541253505,0.08883602242078047
0.012605200432908996,0.4934401303510883,0.9882125160190962,0.17689466178294344,0.08911072271260839
0.012456766507967579,0.4926144355025325,0.9882244569087172,0.1783243902493165,0.08938384137682642
0.01230534301885912,0.4918710383565094,0.9882363141106167,0.17975670482205783,0.08965553848147279
0.012150966306494192,0.4912110276644175,0.9882488564981687,0.1811915724723246,0.08992592238730954
0.011993673420542686,0.4906353746747198,0.9882607032944924,0.1826289634765589,0.09019504477003261
0.011833502110542248,0.4901449300711144,0.988273097970005,0.18406884591794082,0.0904628547110931
0.011670490816838354,0.4897404212605973,0.9882854647541922,0.18551119111798986,0.09072953996635198
0.011504678661359038,0.48942245003207446,0.9882971082633363,0.18695597085386437,0.09099496565931402
0.011336105438225746,0.48919149060360495,0.9883086763183195,0.18840315282317033,0.09125895882617104
0.01116481160420274,0.4890478880735461,0.9883202892567259,0.18985270350857594,0.09152151022790954
0.010990838268988022,0.48899185728783945,0.9883316413927813,0.1913045894141293,0.09178262788896573
0.010814227185346926,0.4890234821324378,0.9883432097517558,0.19275877728529864,0.09204231371452916
0.010635020739091705,0.48914271525654285,0.988354732649915,0.1942152338497456,0.09230056172333982
0.010453261938909327,0.48934937822886226,0.9883658811820556,0.19567392581456947,0.09255736782055671
0.010268994406039261,0.48964316212564046,0.9883771218996675,0.19713481977746006,0.092812723259402
0.01008226236380499,0.4900236285457508,0.9883879936384802,0.19859788252227564,0.09306664379644261
0.00989311062700021,0.49049021104476503,0.9883988201031095,0.2000630810823182,0.09331913150558972
0.009701584591133806,0.4910422169766471,0.9884901180674435,0.20153038324888445,0.09357032246797421
0.009507730221535043,0.49167882972862054,0.9884963610933255,0.20299976019850013,0.09382013942325892
0.009311594042322084,0.49239911133189684,0.9885066738818649,0.2044711754430988,0.09406830420261329
0.009113223125236427,0.49320200542827763,0.9885128727810426,0.2059445940908449,0.09431489222587076
0.008912665078345988,0.49408634057034434,0.9885190407351624,0.2074199777074784,0.09455967915296104
0.008709968034619273,0.495050833830853,0.9885251305628092,0.2088972862683618,0.09480265914764825
0.008505180640373835,0.4960940946952856,0.9885311925875712,0.210376479947491,0.09504384242857056
0.008298352043601215,0.49721462921009807,0.9885417960522935,0.2118575197446027,0.09528336434072551
0.008089531882171862,0.49841084435820887,0.9884993657381472,0.2133403721732429,0.09552155638138081
0.007878770271922129,0.49968105263257756,0.9885060019018033,0.2148250081363401,0.095758336657506
0.007666117794626771,0.5010234767783933,0.9884016779100847,0.21631139198846522,0.09599358083676819
0.007451625485859621,0.5024362546743933,0.9884136831407326,0.21779949413638255,0.09622755131703094
0.0072353448227451276,0.5039174443241116,0.9884258275597907,0.2192892832399835,0.09646006664065894
0.00701732771160425,0.5054650289284766,0.9884333503175271,0.2207807261262375,0.09669098433920113
0.006797626475497156,0.5070769220120153,0.9884452031511135,0.22227378613646723,0.09692036441153423
0.0065762938416658945,0.5087509725760099,0.9884695157358501,0.2237684347764881,0.09714862773427355
0.006353382928880166,0.510484970253253,0.988431392723994,0.22526464691982714,0.09737580154274489
0.00612894723468897,0.5122766504405104,0.9883356496108756,0.22676239755049007,0.09760187022195758
0.005903040622581647,0.5141236993863982,0.9883483350362853,0.22826166086006913,0.09782670019457292
0.005675717309060677,0.516023759214112,0.9883604686206677,0.2297624061576778,0.09805007197850664
0.005447031850630108,0.517974432860217,0.9883728863023248,0.23126460137107854,0.09827198528383659
0.0052170391307022005,0.5199732889125683,0.9883806203278125,0.2327682134846567,0.09849225206041981
0.0049857943464257735,0.5220178663322804,0.9883929143813824,0.23427320404662685,0.09871078234580008
0.004753352995439004,0.5241056790465184,0.9884050654189371,0.23577953935398913,0.09892786243746082
0.004519770862550419,0.526234220400735,0.988417037490664,0.23728718764245446,0.09914347722253229
0.004285104006350616,0.5284009674607342,0.988424338706363,0.2387961160234277,0.09935743303319917
0.004049408745758659,0.5306033851566853,0.9882086242512252,0.24030628656766587,0.09956977156671495
0.0038127416465057063,0.5328389302628368,0.9882217513725674,0.2418176704848689,0.09978085663121308
0.003575159507559497,0.5351050552082414,0.9882343870206438,0.2433302382029653,0.09999061702043147
0.0033367193474930197,0.5373992117152592,0.9882428430686996,0.24484396196955402,0.10019892058744984
0.00309747839080007,0.5397188542639291,0.9882550366546854,0.24635880456323372,0.10040546606427374
0.002857494054161853,0.5420614433815771,0.9882679145430111,0.2478747330287692,0.1006105769649552
0.002616823932667202,0.5444244487581074,0.9881410617446322,0.24939168619670185,0.10080821368465827
0.0023755257859900095,0.5468053521884781,0.9881537593215601,0.25090942266092253,0.10099546931785028
0.00213365752452723,0.5492016503447287,0.9881630116046201,0.25242785521258415,0.10118125597555479
0.0018912771955005593,0.5516108573807427,0.988175582841845,0.25394694686340386,0.10136524731591488
0.0016484429690254892,0.5540305073735952,0.9881890548097785,0.25546666498562853,0.10154778096237442
0.0014052131241507819,0.5564581566059494,0.9882024896531538,0.2569869790408253,0.10172884328552087
0.0011616460348715977,0.5588913856944174,0.988215820538423,0.25850785840238133,0.10190843252734758
0.0009178001561202175,0.5613278015692431,0.9880988455520915,0.2600292405903677,0.10208014186119466
0.0006737340097370353,0.5637650393109518,0.9881089101323653,0.26155086930775673,0.10224048484847492
0.0004295061704256169,0.5662007638498839,0.9881228931886149,0.26307264194564633,0.1023989968773983
0.00018517525169505105,0.5686326715346649,0.9880140765613183,0.26459449305179833,0.10254934048369221
-5.920010820702404e-05,0.5710584915758251,0.9880288986921305,0.266116158507496,0.10268814842103512
-0.0003035612603672022,0.5734759873707862,0.9880419765933908,0.26763754341793894,0.10282567245770598
-0.0005478495592820267,0.5758829577164699,0.987941310064312,0.26915859040362244,0.10295504763936014
-0.0007920063769323604,0.5782772379157342,0.9879569755547967,0.2706790299403444,0.10307255835172956
-0.0010359731168539607,0.5806567007837573,0.9878882773471165,0.2721987661954702,0.1031888294137972
-0.0012796912282003387,0.5830192575603924,0.9879020509878731,0.2737177793916568,0.10330411896660312
-0.0015231022197946806,0.5853628587343649,0.9879143440694056,0.275236048872979,0.10341797169709968
-0.0017661476741673886,0.5876854947850318,0.9878038673273342,0.2767535410328026,0.10353018897884926
-0.0020087692615761007,0.5899851968472389,0.9876533010506356,0.2782702338454522,0.10364145790088442
-0.002250908754004472,0.5922600373046043,0.9876699974490977,0.2797861090982298,0.1037515982388262
-0.0024925080391366167,0.5945081303163843,0.9876849065887651,0.2813011430416444,0.10386049915237504
-0.0027335091343038648,0.5967276322828114,0.9877018208304296,0.2828153149914553,0.10396823869997766
-0.0029738542004001836,0.598916742253622,0.9877153834383969,0.28432859883176737,0.10407429272379695
-0.0032134855557634312,0.6010737022842348,0.9877324069664862,0.2858409583733074,0.10417851498424492
-0.0034523456900185964,0.6031967977438366,0.9877469659939412,0.2873523653209647,0.10428149219504836
-0.003690377277880048,0.6052843575793873,0.9877637532709741,0.2888627992432005,0.10438331637279917
-0.003927523192909262,0.6073347545393636,0.9876702537009022,0.2903721996665332,0.10447652011560807
-0.0041637265212250115,0.6093464053608074,0.987688027970988,0.2918802884086049,0.10455751676400095
-0.0043989305751623055,0.6113177709230748,0.9877057672780357,0.2933869687234244,0.10463715342584672
-0.004633078906877227,0.6132473563714272,0.9877203930753763,0.29489221478840383,0.10471513793007999
-0.004866115321894111,0.6151337112134564,0.9877349290682897,0.2963959906350123,0.10479103688739383
-0.0050979838925920016,0.6169754293910964,0.9876522560601172,0.29789822219940754,0.10485779476208294
-0.00532862897162692,0.6187711493308224,0.9875769077103017,0.29939858918654033,0.10490482935679354
-0.005557995205287038,0.6205195539744568,0.9875962957366792,0.30089673805216505,0.10493953308642698
-0.005786027546777303,0.6222193707928011,0.9875296465829485,0.3023925376345352,0.1049656437913453
-0.006012671269430338,0.623869371784215,0.9875498703293706,0.3038857121042462,0.10497958921719726
-0.006237871979840623,0.6254683734600237,0.9875666090993072,0.30537617104409837,0.10499253340590688
-0.006461575630918698,0.6270152368185936,0.9875868344723588,0.3068639022522705,0.10500455739181412
-0.006683728534862118,0.6285088673096875,0.9876069345378546,0.30834888971822927,0.10501543177488129
-0.006904277376040307,0.6299482147906408,0.9875190285919188,0.30983111686519066,0.10502533657043324
-0.00712316922379006,0.631332273475751,0.9870333098776473,0.3113105735798257,0.10503457186909278
-0.007340351545118642,0.6326600818801865,0.9870560232075977,0.3127872515706047,0.10504297453458088
-0.007555772217311452,0.6339307227595744,0.9870785988720716,0.3142611356883949,0.105050242706606
-0.007769379540441221,0.6351433230463657,0.9869678550298935,0.31573220981037436,0.10505656037403865
-0.007981122249775752,0.6362970537839787,0.9868250971747744,0.31720046416490105,0.10506220089103217
-0.008190949528081222,0.6373911300596009,0.9867490688760713,0.31866585386367363,0.10505980156244243
-0.008398811017818041,0.6384248109365006,0.9865817487151846,0.32012811515374984,0.10504579900584411
-0.008604656833226455,0.6393973993865851,0.9866077959725605,0.32158716681984545,0.1050307276172768
-0.008808437572298851,0.6403082422238897,0.9864036667926002,0.32304298668836057,0.10501435128693998
-0.009010104328636047,0.6411567300396139,0.986327782671171,0.3244955289457228,0.10499026650854053
-0.009209608703184569,0.641942297139271,0.9863579286712311,0.3259445401741219,0.10495486356047513
-0.009406902815852162,0.6426644214824341,0.9863878407590274,0.3273899395379661,0.10491852178012886
-0.009601939316998867,0.6433226246255463,0.9863206070662389,0.3288316819397348,0.1048745961640228
-0.009794671398800588,0.6439164716681939,0.9863504252775089,0.3302695258758757,0.10481993578159535
-0.00998505280648289,0.6444455712031786,0.9863809151418327,0.33170339658104475,0.10476444480876218
-0.01017303784942176,0.6449095752707457,0.9864111720851442,0.3331332854878675,0.10470813404147138
-0.010358581412109269,0.6453081793171994,0.9864412131920558,0.33455918422714376,0.10465100642513989
-0.010541638964981028,0.6456411221581727,0.9863824230824734,0.3359810531056393,0.1045868722092721
-0.010722166575103019,0.6459081859467527,0.9863291388768761,0.3373986407389864,0.10450706956730649
-0.010900120916715425,0.6461091961466274,0.9863609007753754,0.3388116821917456,0.1044181591072168
-0.01107545928163045,0.6462440215103976,0.9863930031512925,0.3402201169171225,0.10432842863633551
-0.011248139589482188,0.6463125740631742,0.9862719459572334,0.34162393502529703,0.10423790741846745
-0.011418120397825655,0.646314809091528,0.9861152827674783,0.3430231373418118,0.10414715468687992
-0.01158536091208277,0.6462507251378615,0.9861501685688858,0.34441772676228616,0.10405581278424496
-0.011749820995332885,0.6461203640002282,0.9854243517234905,0.345807695602348,0.10396376733956256
-0.011911461177945528,0.6459238107375926,0.9854621579579741,0.34719304662300543,0.10387146356638148
-0.01207024266705272,0.645661193680512,0.9854944882396411,0.348573780495209,0.10377871205076772
-0.012226127355859269,0.6453326844471872,0.9855318343169087,0.3499498990728622,0.10368557119318156
-0.012379077832788141,0.6449384979647913,0.9855687762584574,0.35132140191608185,0.10359189967253585
-0.012529057390459066,0.6444788924959844,0.9856055837066282,0.35268828763049276,0.10349769737359904
-0.012676030034498137,0.6439541696704516,0.985642178720243,0.3540505548636444,0.10340296730477676
-0.01281996049217625,0.643364674521315,0.9856785110941151,0.35540820238955706,0.10330771928765949
-0.012960814220874521,0.6427107955262048,0.9857146225397876,0.35676122914365443,0.10321195828615613
-0.01309855741637413,0.641992964652754,0.9856444942078897,0.3581096347756421,0.10311580994153259
-0.013233157020969409,0.6412116574082479,0.9855477081568237,0.3594534231943903,0.10301945870888955
-0.013364580731401276,0.6403673928931066,0.9855862174317872,0.36079259906504807,0.10292278921180034
-0.013492797006610149,0.6394607338578573,0.985624454405242,0.3621271628144744,0.10282562162480423
-0.013617775075305455,0.638492286763192,0.9855215984557997,0.36345711440563816,0.1027280871254205
-0.013739484943350587,0.6374627018426583,0.9855559778986145,0.3647824580621488,0.10263034366692332
-0.013857897400961433,0.6363726731674996,0.9854900046594494,0.36610317428041367,0.10252765904285831
-0.0139729840297166,0.6352229387130769,0.9855321480889188,0.3674191052212274,0.1024176393057526
-0.014084717209377625,0.6340142804262736,0.9855740236483653,0.36873020033150977,0.10230678122451344
-0.01419307012451773,0.6327475242931868,0.9856137025236287,0.37003645367143456,0.10219529480484725
-0.014298016770957394,0.6314235404063808,0.9856502341200777,0.37133784693743865,0.10207973018983543
-0.014399531962005201,0.6300432430308691,0.9856903132447341,0.37263425606215683,0.10195848151871542
-0.014497591334502662,0.6286075906679245,0.9857827261454811,0.3739256350674544,0.1018341083217094
-0.01459217135467104,0.6271175861157395,0.9858230600875558,0.3752118920053927,0.10170544141979719
-0.014683249323759494,0.6255742765258483,0.9858635658623491,0.3764930075760067,0.10157670915482785
-0.014770803383492629,0.6239787534541452,0.9859062775793914,0.37776899025068533,0.10144780899728108
-0.01485481252131643,0.6223321529052093,0.9859461844758624,0.379039845533498,0.10131870767976699
-0.014935256575441074,0.6206356553685418,0.9859800373737605,0.3803055819750169,0.10118960406476621
-0.015012116239679634,0.6188904858452062,0.9860136266761492,0.38156621059366846,0.10106056169950454
-0.015085373068081748,0.6170979138632279,0.9864668173344399,0.38282173286329,0.10092972914162643
-0.015155009479360134,0.6152592534799706,0.9867383877546189,0.38407209450943486,0.1007955791117094
-0.015221008761110462,0.6133758632695754,0.9867777330491854,0.3853172650303027,0.10066053392797085
-0.015283355073821859,0.6114491462933862,0.9868167956990955,0.3865572517176028,0.1005257115609635
-0.015342033454678576,0.6094805500511312,0.9868591126212533,0.3877920694088221,0.10039111110726395
-0.01539702982115087,0.6074715664104583,0.9869014137402751,0.3890217328603327,0.1002567380457351
-0.015448330974374777,0.6054237315122406,0.9894424792051663,0.3902462551761596,0.1001223430088487
-0.015495924602319768,0.6033386256489094,0.9894189171856478,0.39146564731557837,0.09998851201421749
-0.015539799282743613,0.6012178731128324,0.9894831921349613,0.3926799451458798,0.09985596178045208
-0.015579944485933623,0.5990631420116151,0.9895514436046101,0.39388917243073907,0.09972383813474166
-0.0156163505772337,0.5968761440469404,0.9896183447882037,0.3950933490980083,0.09959224299556073
-0.015649008819356734,0.5946586342533925,0.989678214222554,0.3962924956986922,0.09946113392319418
-0.01567791137448133,0.592412410693467,0.9897423078169965,0.3974866311857852,0.0993304944044957
-0.015703051306133087,0.590139314104764,0.9897995437289638,0.39867577610734145,0.0992003717318865
-0.015724422580848947,0.58784122749513,0.9898614466116918,0.39985994982585094,0.09907074454259748
-0.0157420200696257,0.5855200756812864,0.9899162330320961,0.40103917348106,0.09894166688696
-0.015755839549150483,0.5831778247662727,0.9899697714857547,0.40221346642181105,0.09881302457941905
-0.015765877702814474,0.5808164815507872,0.9900221496032066,0.40338284724249535,0.09868482227975915
-0.01577213212150906,0.5784380928733275,0.9907693333891306,0.40454733416224026,0.09855698591333548
-0.015774601304203738,0.5760447448737824,0.9908138186048319,0.40570694323627,0.09842946884709183
-0.015773284658306512,0.573638562174967,0.9908612530854013,0.40686169163363434,0.09830236870429236
-0.01576818249980611,0.5712217069763961,0.9909076222794271,0.4080115980468772,0.09817573587848505
-0.01575929605319598,0.5687963780544236,0.9909529419800026,0.40915668155601526,0.09804957740442113
-0.01574662745118081,0.5663648096627371,0.990997146555834,0.41029696131222776,0.09792389648529408
-0.015730179734164188,0.5639292703271059,0.9910404800507108,0.4114324565031522,0.09779869867491772
-0.015709956849519237,0.5614920615281564,0.9910828255604915,0.4125631864031152,0.09767398982263276
-0.015685963650641222,0.5590555162659535,0.9910211051554101,0.41368917021822516,0.09754974862591174
-0.01565820589578269,0.5566219975001323,0.9908754495887458,0.414810426320623,0.09742594838044763
-0.015626690246671553,0.554193896459392,0.9909149652790276,0.4159269733204194,0.09730262500301497
-0.015591424266912353,0.5517736308142795,0.9910020895693441,0.4170388302482298,0.0971797619953311
-0.015552416420170924,0.5493636427073209,0.9910465951421391,0.41814601575278026,0.09705746652104438
-0.015509676068143262,0.5469663966348546,0.9910801246401563,0.41924855306224856,0.09693583641321692
-0.015463213468308673,0.5445843771751829,0.9911231660728397,0.4203464624218078,0.09681479803588727
-0.015413039771468087,0.5422200865580719,0.991165557186864,0.42143976836331715,0.09669461931719764
-0.015359167019067881,0.5398760420711385,0.9912076662205376,0.4225284975033639,0.09657532517424802
-0.015301608140310088,0.5375547732991998,0.9912423611887676,0.4236126762304466,0.09645679825652215
-0.015240376949049261,0.5352588191933727,0.9912831120784537,0.4246923268608373,0.0963389725021885
-0.015175488140477447,0.5329907249674851,0.9913233641375097,0.4257674756173133,0.09622209447572058
-0.015106957287597174,0.5307530388202407,0.9913702636294924,0.42683814967367084,0.09610598616160004
-0.015034800837484175,0.5285483084826219,0.9914026550325642,0.42790436962627315,0.09599039374905181
-0.01495903610734015,0.5263790775910746,0.9914344564493333,0.42896615553943207,0.09587538353056434
-0.014879681280336588,0.5242478818883078,0.9914728698232869,0.4300235288323076,0.09576113141180152
-0.014796755401251126,0.5221572452548329,0.991503534749487,0.43107651610960845,0.09564773397116504
-0.014710278371896632,0.5201096755758491,0.9915409486495376,0.4321251407756299,0.09553512028226666
-0.01462027094634506,0.5181076604495984,0.9915705625095181,0.4331694299752278,0.0954233897061844
-0.014526754725946486,0.5161536627449738,0.9917899201174588,0.43420940698780525,0.09531237892422394
-0.01442975215414488,0.5142501160178538,0.9915977951387887,0.435245096285082,0.09520211893866032
-0.01432928651109192,0.5123994197974527,0.9916266184756111,0.43627651895573066,0.09509244193887868
-0.014225381908059668,0.5106039347557584,0.9916549335291087,0.43730369582478806,0.09498339859496506
-0.014118063281654018,0.508865977775028,0.991682967373629,0.43832664808915833,0.0948749945380274
-0.014007356387830206,0.5071878169301485,0.9917103435023006,0.43934539701161784,0.09476723398832321
-0.013893287795711376,0.5055716664045204,0.9919003262340522,0.44035996454770093,0.09466025634008608
-0.013775884881212045,0.5040196813599206,0.9919267201225347,0.4413703768865747,0.09455414308610154
-0.013655175820468102,0.5025339527825137,0.9919493205512473,0.4423766565744514,0.09444863113808233
-0.013531189583074728,0.5011165023288104,0.9920567856965198,0.44337882387564126,0.09434386486100953
-0.013403955925133782,0.4997692771968177,0.992082367911768,0.44437690582593053,0.09424003434860864
-0.013273505382112378,0.4984941450489713,0.9921153295198507,0.44537092696079117,0.09413710382932051
-0.013139869261514664,0.49729288901451185,0.9921478683431042,0.44636091788682497,0.0940354197499655
-0.013003079635368111,0.4961672027998455,0.9921799894068613,0.4473469119441703,0.09393501801874869
-0.012863169332526398,0.4951186859360569,0.9922039796749913,0.4483289417079441,0.0938356728155856
-0.012720171930790548,0.4941488391930328,0.9922716627810603,0.4493070311386783,0.09373696434866449
-0.012574121748850626,0.4932590601897085,0.992295081869242,0.450281199907496,0.09363886459655843
-0.012425053838049194,0.4924506392295944,0.9922985075106281,0.4512514690505835,0.093541417410246
-0.01227300397396931,0.49172475539012167,0.9923225583613656,0.4522178585954469,0.09344459911673969
-0.012118008647848465,0.4910824728933209,0.9923427078042172,0.4531803897091732,0.09334843168432821
-0.01196010505782093,0.49052473778401495,0.9923624968479791,0.4541390817579028,0.09325281461417785
-0.011799331099990372,0.4900523749399996,0.99238515861787,0.45509395373665684,0.09315781480232393
-0.011635725359334877,0.4896660854366828,0.9924077647859517,0.45604502707096173,0.09306354505491281
-0.01146932710044689,0.48936644428630777,0.9925112548190443,0.45699232531391093,0.09297028023116023
-0.01130017625810984,0.4891538985692718,0.9925297996188625,0.4579358800714415,0.09287810839351726
-0.011128313427713834,0.48902876597219563,0.9925597760932567,0.4588757153945486,0.09278685007975837
-0.010953779855513329,0.4889912337443005,0.9926502781115472,0.45981186427674636,0.09269708166699546
-0.010776617428727717,0.4890413580804078,0.9926715679703119,0.46074436315416606,0.09260855568089847
-0.0105968686654891,0.48917906393550703,0.9926920380089279,0.4616732377906782,0.09252079328375745
-0.010414576704637787,0.4894041452723639,0.992712071567043,0.4625985107236063,0.09243380109599285
-0.01022978529536938,0.4897162657401961,0.9927408644081239,0.46352020606215993,0.09234788093225232
-0.010042538786735056,0.4901149597789876,0.9927608661402912,0.4644383570241943,0.09226319711469225
-0.009852882116998054,0.4905996341406387,0.9927890372916974,0.46535299092412175,0.09217960746714919
-0.009660860802848762,0.4911695698149528,0.9928169702124999,0.46626414297582464,0.09209759332878004
-0.00946652092848076,0.4918239243453701,0.9928052005601185,0.46717185228113595,0.09201726661510039
-0.009269909134531108,0.4925617345165526,0.9928241312944887,0.4680761593857875,0.09193836706010372
-0.009071072606886561,0.4933819193933294,0.9928428396150775,0.46897709130378545,0.09186027159278914
-0.008870059065359282,0.4942832836882361,0.9928612039857548,0.46987467087841295,0.09178298345166377
-0.008666916752234296,0.4952645214328994,0.9928887272819108,0.47076892267407366,0.09170684806785832
-0.008461694420691746,0.4963242199268808,0.9928781288707019,0.4716598840494869,0.09163253264165673
-0.008254441323106005,0.49746086393628514,0.9928935214827685,0.47254759801019414,0.09155968882496104
-0.008045207199225633,0.49867284011350205,0.9928815569537138,0.473432091999754,0.09148805318520277
-0.007834042264236058,0.4999584416088325,0.9928999685524484,0.4743134060648422,0.09141802174812978
-0.007620997196708001,0.501315872844493,0.9928861376749145,0.4751915711192939,0.09134937655655434
-0.007406123126435034,0.5027432544215482,0.9929140999169698,0.476066631659807,0.09128280411504176
-0.007189471622162542,0.5042386281306886,0.9929528547898657,0.47693862941071624,0.09121757242661555
-0.0069710946792116615,0.5057999620384169,0.9929712468220079,0.477807588448731,0.09115306902722059
-0.006751044707000399,0.5074251556211197,0.9929893930486786,0.4786735310517718,0.0910894185840777
-0.006529374516465765,0.5091120449206269,0.9930170171443303,0.47953648231159907,0.09102702093711398
-0.00630613730738953,0.5108584076961964,0.9930346805764977,0.48039647924737916,0.09096608811058518
-0.0060813866556302006,0.5126619685493685,0.9930212437128013,0.4812535490206024,0.09090596695417891
-0.005855176500265428,0.5145204039997446,0.9929510748808897,0.4821077118738644,0.09084652204030132
-0.005627561130646549,0.516431347491502,0.9929698185152502,0.4829589876313461,0.09078783684853459
-0.005398595173369757,0.5183923943122422,0.9929882964421106,0.4838073987311759,0.09073002460922795
-0.005168333579165721,0.5204011064076306,0.9929821029957943,0.4846529716763723,0.09067375191519554
-0.004936831609711688,0.5224550170771382,0.9929729373817145,0.4854957563887193,0.09062004228930301
-0.004704144824369113,0.5245516355380564,0.9930019426754528,0.48633580861265063,0.09056865794817309
-0.0044703290668495314,0.5266884513467768,0.9929891314909519,0.4871731767134076,0.09051950956712634
-0.004235440451812396,0.5288629386680971,0.9930083308967673,0.488007912818168,0.09047231830631658
-0.0039995353513977835,0.5310725603850212,0.9929100162277721,0.48884004687836713,0.09042595310538319
-0.003762670381697444,0.533314772043148,0.9929299624094614,0.48966959946010774,0.09038037709731074
-0.003524902389167057,0.5355870256252674,0.9929466817298511,0.49049659253548933,0.09033560566227423
-0.0032862884369835397,0.5378867731532249,0.9929759195605988,0.49132104802404636,0.0902920380466023
-0.0030468857913500307,0.540211470115423,0.9929950053093737,0.49214300390866783,0.09025006138353286
-0.0028067519077522394,0.5425585787195575,0.993023906751744,0.4929624902846959,0.09020946218426903
-0.002565944417169594,0.544925570971285,0.9930524817670318,0.49377954897705667,0.09017094927261071
-0.0023245211122439034,0.5473099315804896,0.9930702930499524,0.4945942243393862,0.09013406749746215
-0.0020825399334094634,0.5497091606977212,0.9929998939352284,0.4954065487951628,0.0900990045028796
-0.001840058954987641,0.5521207764841236,0.9928787667474503,0.4962165764910662,0.09006613894492832
-0.0015971363712493141,0.5545423175188443,0.9928984088343351,0.49702433681698194,0.09003408631242979
-0.001353830482448493,0.5569713450484937,0.9929177195487958,0.4978298521912874,0.09000297085964293
-0.001110199680830577,0.5594054450836687,0.9929362328000189,0.4986331458373551,0.08997279371488172
-0.0008663024366184917,0.5618422303479648,0.9927777159620812,0.49943424055621866,0.08994347741396466
-0.0006221972839800531,0.5642793420851884,0.9927970956374949,0.5002331567561497,0.08991498131575654
-0.0003779428069801817,0.5667144517307157,0.9928168170302614,0.5010299167856818,0.08988742795740742
-0.0001335976255209077,0.5691452624530948,0.9927426765872754,0.5018245487220826,0.08986180206935433
0.0001107796187271758,0.5715695105721034,0.9926692496644415,0.5026171153203748,0.08983963696420985
0.0003551302763984795,0.5739849668594988,0.992686285335764,0.5034076852082336,0.0898198703652239
0.000599395704508079,0.5763894377287038,0.9927168698519655,0.5041962905149653,0.08980141524460991
0.0008435172805257849,0.5787807663196154,0.9927333139676976,0.5049829710016283,0.08978459635856065
0.0010874364164451446,0.5811568334846463,0.9925579801786062,0.5057677505691213,0.08976848474461521
0.0013310945728444345,0.5835155586819903,0.9925780802319737,0.5065506482111192,0.08975321249439686
0.001574433272935678,0.5858549007819487,0.9925954371857179,0.5073316855160596,0.08973878541636222
0.0018173941165989605,0.5881728587920044,0.9926148708673233,0.5081108813318325,0.0897251441844088
0.002059918794398064,0.5904674725061323,0.9926339724734258,0.5088882573713592,0.08971246456505455
0.0023019491015744587,0.592736823083646,0.9926528488927777,0.5096638364984489,0.08970074814598371
0.0025434269520162463,0.5949790335626753,0.9926714376303989,0.5104376415639876,0.08968999607025303
0.002784294392198432,0.5971922693131297,0.9926896458093747,0.5112096953965801,0.08968021058398462
0.003024493615091581,0.5993747384338107,0.9927076476364948,0.5119800208299945,0.08967139363219569
0.0032639669740352293,0.6015246920980956,0.992725415358159,0.5127486406742834,0.08966354719869037
0.0035026569965727035,0.60364042485239,0.992557755294793,0.5135155774052703,0.08965659244240816
0.003740506398244411,0.6057202748713273,0.9924804700919216,0.514280856808051,0.08965168172107357
0.003977458096335643,0.6077626241734719,0.9924996324545712,0.5150445429939357,0.08964956029524865
0.004213455223576263,0.609765898801074,0.9925187276022691,0.515806670562172,0.0896484029135164
0.004448441141788568,0.6117285689671866,0.9925494676982732,0.5165672648942758,0.08964879612787396
0.004682359455480173,0.6136491491732887,0.9925798946885308,0.5173263716497021,0.08965161753153732
0.004915154025378645,0.615526198300331,0.9925978022694759,0.5180840395742038,0.0896562988540541
0.005146768981904653,0.6173583196759319,0.9925230218926795,0.5188403036755381,0.08966329051918627
0.005377148738580454,0.6191441611202957,0.9925535319133213,0.519595235909037,0.08967386517481109
0.005606238005370295,0.6208824149732015,0.9925714375091476,0.5203488929190713,0.08968632484637122
0.005833981801949811,0.6225718181043016,0.9925890559596882,0.5211013028040576,0.08969976079305737
0.006060325470901042,0.6242111519087508,0.9926064248466138,0.5218524876863844,0.08971418370436016
0.006285214690829955,0.6257992422900929,0.9926358650460707,0.5226024727884249,0.08973020277277852
0.0065085954894032625,0.6273349596321419,0.99266508406086,0.5233513046336974,0.08974874436215177
0.006730414256301576,0.62881721876149,0.9926795955084489,0.5240990324871994,0.08976908514062668
0.0069506177560856005,0.630244978902141,0.9926073536356341,0.5248456875679273,0.08979171168417913
0.007169153140972459,0.6316172436236385,0.9926239247435451,0.5255913426315219,0.08981756898109809
0.007385967963518718,0.6329330607839648,0.9925151379227907,0.5263360338903352,0.08984431205041943
0.00760101018920777,0.6341915224683632,0.992545166728311,0.5270797825517174,0.08987252299003133
0.007814228208937684,0.6353917649251568,0.9925620205499597,0.5278226314901052,0.08990268101963887
0.008025570851407189,0.6365329684995343,0.9925916169016429,0.5285646119076411,0.08993447351159867
0.00823498739539661,0.637614357566181,0.9926082502710172,0.529305767832334,0.08996822369010224
0.008442427581940607,0.638635200461585,0.9926247068936183,0.5300461272334741,0.09000297334917107
0.00864784162639019,0.6395948094167344,0.9926390285793276,0.530785710993292,0.09003858682975194
0.008851180230360682,0.6404925404908852,0.9926531708364549,0.5315245352738496,0.09007486520646835
0.009052394593563237,0.6413277935070012,0.992669068780794,0.532262615507568,0.09011193817217729
0.009251436425516488,0.6421000119894067,0.9925970502810849,0.532999980024311,0.09015166648636795
0.009448257957136268,0.6428086831041475,0.992612598371546,0.5337367082085349,0.09019488278929723
0.009642811952199761,0.6434533376025001,0.9926279434671386,0.5344728378173842,0.09023909415773053
0.009835051718682038,0.6440335497680141,0.9926436133638068,0.5352083899266733,0.0902843000088518
0.010024931119961916,0.644548937367443,0.9926590607590983,0.5359433855395098,0.09033049916653807
0.01021240458589457,0.6449991616058712,0.9926738681931495,0.5366778456232232,0.09037769174990598
0.01039742712374807,0.6453839270862961,0.9926890649073137,0.537411791105298,0.09042587921515528
0.01057995432900148,0.6457029817739064,0.992716784922839,0.5381452462674461,0.09047573698037391
0.010759942396001733,0.6459561169652529,0.9926458137390021,0.538878264643185,0.09052940868242511
0.010937348128476682,0.6461431672624748,0.9925725851368136,0.5396109460187283,0.09058862698397535
0.011112128949902123,0.6462640105527201,0.9924968565164574,0.5403434030338775,0.09065350855513091
0.011284242913719916,0.6463185679928667,0.9925122334435859,0.5410757407774682,0.0907222280711847
0.011453648713404931,0.6463068039996088,0.992528379345146,0.5418079981758726,0.0907919327808381
0.011620305692378383,0.6462287262449854,0.992556800649058,0.5425401985327588,0.09086331823130353
0.011784173853765333,0.6460843856573392,0.9925850391038855,0.5432723895358289,0.09093743588543408
0.011945213869993658,0.6458738764277316,0.992613076627803,0.5440046258254283,0.09101429015409812
0.012103387092232474,0.6455973360217593,0.9926266401396616,0.544736957829425,0.09109304100186967
0.0122586555596677,0.6452549451967248,0.9926545253795087,0.5454694106263623,0.0911732704985697
0.01241098200861246,0.6448469280240778,0.9926869873592162,0.546202026164033,0.09125540019175025
0.01256032988145023,0.6443735519169937,0.9927149280216255,0.5469348294906171,0.0913390135996416
0.012706663335408444,0.6438351276629595,0.9927291910325589,0.5476678632291577,0.09142466771823456
0.012849947251160536,0.64323200946119,0.9927431946708369,0.5484011534312897,0.09151129193621153
0.012990147241254529,0.6425645949646486,0.9927707101696351,0.5491347225503465,0.09159960292943103
0.013127229658365793,0.6418333253264448,0.9921742723655038,0.5498686139825186,0.091689861798824
0.013261161603372255,0.6410386852503217,0.9922042526285775,0.5506028537675176,0.09178165851456414
0.013391910933250007,0.6401812030449048,0.9922340629637322,0.5513374882666616,0.09187621962286015
0.013519446268787512,0.6392614506813588,0.9922637584038728,0.5520725719342573,0.09197354591007396
0.01364373700211637,0.6382800438540415,0.9922795999246758,0.5528081554780091,0.09207291157042674
0.013764753304057303,0.6372376420436923,0.992361733728304,0.5535442635176107,0.09217309481632055
0.013882466131278687,0.6361349485826532,0.992391200246115,0.5542809128386893,0.09227474868267517
0.013996847233267037,0.6349727107215516,0.9924069375361805,0.5550181454582555,0.09237844651607123
0.014107869159106936,0.6337517196968204,0.9924222162315885,0.5557559864198172,0.09248309026180701
0.014215505264069093,0.6324728107983707,0.9924373925564868,0.556494453417903,0.09258868046081166
0.014319729716005042,0.6311368634366362,0.9924527570636463,0.5572335640968112,0.0926952149514687
0.014420517501546543,0.6297448012081855,0.9924676739342748,0.5579733360032401,0.09280269484961938
0.014517844432108929,0.6282975919589429,0.9925619210286084,0.5587137861872151,0.09291098896463998
0.014611687149696042,0.626796247844054,0.9926215950587556,0.5594549264714732,0.09301986450206257
0.014702023132506096,0.6252418253832649,0.9924532292955005,0.5601967793375469,0.09313176500519386
0.014788830700336843,0.6236354255106428,0.9918121469294122,0.5609394405208762,0.09324794754418471
0.014872089019788757,0.6219781936173044,0.9918303236547781,0.5616829465488278,0.09336491352328487
0.014951778109264761,0.6202713195857693,0.9918483571625099,0.5624273132560516,0.09348280257252498
0.01502787884376596,0.6185160378143617,0.9918663083566731,0.5631725573667313,0.09360161432940273
0.015100372959481342,0.6167136272300139,0.9919511886791135,0.5639186948190923,0.09372120204739313
0.015169243058171094,0.6148654112876569,0.9919927154519326,0.5646657364120815,0.09384134663088327
0.0152344726113422,0.6129727579542492,0.9920107165868217,0.5654136914870684,0.09396204767585846
0.015296045964214916,0.6110370796753255,0.9918320286840725,0.5661625819392256,0.09408583508301326
0.015353948339480164,0.6090598333218187,0.9918660614278271,0.5669125099380671,0.09421485900960837
0.015408165840845865,0.6070425201147007,0.991686208198342,0.5676635536292385,0.09434835102186502
0.015458685456371926,0.6049866855248358,0.9917058420203988,0.5684158217230031,0.09448640170698558
0.015505495061593011,0.6028939191452346,0.9917248792160817,0.5691693536549592,0.09462531145489025
0.015548583422428727,0.6007658545327283,0.9917441593705388,0.569924164144406,0.09476509396673474
0.015587940197879223,0.5986041690158586,0.9917780711439407,0.5706802718337798,0.09490649583722571
0.015623555942507337,0.5964105834655733,0.9917966835942154,0.5714377176228019,0.09504988510543512
0.015655422108705283,0.5941868620251283,0.991814611343639,0.5721965228649104,0.09519399198169685
0.015683531048746206,0.5919348117953477,0.9918329016408589,0.572956696979797,0.0953387441900308
0.01570787601661936,0.5896562824711856,0.9919406013117507,0.5737182523131353,0.09548421203050186
0.015728451169649365,0.587353165925322,0.9919587871332284,0.5744811981684593,0.09563032185246163
0.015745251569898207,0.5850273957342751,0.9919767412735485,0.5752455476167825,0.09577729912108607
0.0157582731853505,0.5826809466423059,0.9919945985745432,0.5760113150931495,0.0959251356782765
0.015767512890881054,0.5803158339581662,0.9920123200953248,0.5767785149147295,0.09607382992226403
0.015772968469004896,0.5779341128795306,0.9920299585576893,0.5775471611890916,0.09622336185417601
0.015774638610409435,0.5755378777397353,0.9920473246199262,0.5783172678300428,0.09637374526018104
0.015772522914268755,0.5731292611712745,0.9918779688999139,0.5790888618307866,0.09652754665236052
0.015766621888339803,0.5707104331802965,0.9920001214789934,0.5798620459615892,0.09668587600505082
0.01575693694884048,0.5682836001262239,0.9920769676952834,0.580636853218144,0.09684465858350148
0.0157434704201097,0.5658510036004354,0.9920954299547642,0.5814132901662363,0.09700404426690112
0.015726225534049867,0.5634149191979028,0.9921136088909492,0.5821913685764755,0.0971642560055436
0.015705206429350707,0.5609776551755388,0.9921315549759451,0.5829711016604611,0.0973252926247565
0.015680418150496523,0.5585415509910274,0.9921493543338221,0.5837525025855014,0.09748715256941759
0.01565186664655529,0.5561089757158988,0.9921833771598346,0.5845355881563692,0.09765057952171825
0.015619558769750769,0.5536823263166695,0.9922008172252372,0.5853203974798189,0.09781594170758341
0.015583502273818462,0.5512640257979983,0.9922181812904969,0.5861069507346134,0.09798210723182287
0.015543705812144207,0.5488565212019885,0.9922357979428984,0.5868952604879855,0.09814907768036712
0.01550017893568786,0.5464622814580117,0.9923214041389885,0.5876853385060326,0.09831669639812558
0.015452932090690765,0.5440837950777733,0.99217089556685,0.5884772052374811,0.09848754236839119
0.015401976616168959,0.5417235676907426,0.992205779067487,0.5892709677915079,0.09866388366128293
0.015347324741191718,0.539384119415584,0.9922241479374325,0.5900666901971942,0.09884210266888309
0.01528898958194667,0.5370679820638194,0.9922586980331017,0.5908643948668739,0.09902182127359227
0.015226985138592131,0.5347776961726524,0.9922755644718921,0.5916641180241473,0.09920325127360753
0.01516132629189676,0.5325158078646964,0.9921271404595884,0.5924658864175588,0.09938790996622385
0.01509202879966861,0.5302848655332664,0.9921454881172113,0.5932698033861641,0.09957732794103312
0.015019109292973192,0.5280874163529192,0.9919970882397522,0.5940759194677242,0.0997701740947375
0.01494258527214211,0.5259260026160633,0.9918476759418905,0.5948843526075669,0.09997049250192253
0.014862475102573016,0.5238031578977201,0.9918669668089696,0.5956952339157541,0.10017555795950536
0.014778798010322038,0.5217214030518825,0.9918861265505663,0.5965085988676301,0.10038128191647448
0.014691574077489633,0.5196832420443701,0.9919057176145583,0.5973244556301162,0.10058765834313818
0.01460082423740103,0.517691157628669,0.9919237734277202,0.598142811471512,0.10079454203149785
0.014506570269582249,0.5157476068728668,0.9917768653054085,0.5989636831277965,0.10100458848809843
0.014408834794533091,0.5138550165475579,0.9917966493010418,0.5997871718637268,0.10121932412334972
0.014307641268298452,0.5120157783863619,0.9918160756263286,0.6006133117976744,0.10143467149035125
0.014203013976838845,0.5102322442325398,0.9918354592896985,0.6014421098760608,0.10165063222686006
0.014094978030202012,0.5085067210870545,0.9918546891699088,0.6022735730115792,0.10186720338085024
0.013983559356496608,0.5068414660752898,0.9918729238827683,0.6031077073588211,0.10208424300022195
0.013868784695669363,0.5052386813514562,0.9918919546068393,0.6039445148295873,0.1023016793511605
0.013750681593088074,0.5037005089615171,0.9919109468508355,0.6047840007539135,0.10251971719231276
0.013629278392930311,0.50222902568716,0.9919298716032986,0.6056261717571094,0.1027383525188615
0.013504604231381483,0.5008262378949131,0.9919659886524314,0.6064710377922802,0.102958264414812
0.013376689029641828,0.49949407641598487,0.9919838097964452,0.607318628400479,0.1031796444218933
0.013245563486745703,0.4982343914836184,0.9918431304293526,0.6081689653093172,0.10340410266910997
0.013111259072194075,0.49704894775586067,0.9918629167103277,0.6090221473332523,0.10363315284225534
0.01297380801840171,0.49593941945242886,0.9918995987706439,0.6098782097488744,0.10386339720962066
0.01283324331296173,0.4949073856349309,0.9919361858132024,0.6107371837058554,0.10409580448919824
0.012689598690728672,0.49395432565993264,0.9921577832633363,0.611599102392366,0.10432956179151318
0.01254290862572239,0.4930816148343409,0.9921763198669987,0.6124639716881434,0.10456361214289482
0.012393208322854342,0.49229052030215636,0.9922120206578696,0.6133317974806025,0.1047988041772713
0.012240533709478613,0.4915821971909477,0.9922304300639146,0.6142026062455209,0.10503544733967642
0.012084921426769557,0.4909576850453104,0.9922487980008132,0.6150764080218433,0.10527256572759781
0.011926408820928045,0.4904179045731505,0.9922842565493133,0.6159532094702883,0.10551079285526933
0.011765033934218563,0.48996365472889036,0.9923195869811163,0.6168330392859528,0.10575105890797212
0.011600835495839354,0.4895956101555718,0.9919013292341747,0.6177159281193128,0.10599259381793348
0.011433852912627402,0.4893143190054739,0.9919216550343252,0.6186018809836688,0.10623440768320502
0.011264126259601154,0.4891202011561669,0.9919419014172614,0.6194908996735289,0.1064766713455253
0.011091696270342599,0.4890135468360105,0.9919620424567949,0.6203829869959255,0.10671938230172544
0.01091660432722145,0.4889945156700013,0.991982126479305,0.6212781457377294,0.10696253721579964
0.010738892451463597,0.48906313615356534,0.9920201046012147,0.622176381687503,0.10720675036320422
0.010558603293066182,0.48921930555851517,0.9920579201112651,0.6230777219868913,0.10745292463583273
0.010375780120561789,0.48946279027192957,0.9920955927783421,0.6239821993442803,0.10770103300385644
0.010190466810634227,0.48979322656522883,0.9921150786068883,0.6248898428010434,0.107950444350628
0.010002707837588366,0.4902101217873116,0.9921336816149903,0.6258006593879623,0.10820012931745561
0.00981254826267643,0.4907128559722631,0.9921530364054915,0.6267146463333135,0.10845002242302025
0.009620033723283582,0.49130068384895287,0.9923970625483512,0.6276318032401328,0.10870017277071514
0.009425210421975203,0.4919727372368396,0.992414838974146,0.6285521268785175,0.10895050924727223
0.009228125115408423,0.49272802780949826,0.9924324319664842,0.6294756171957354,0.10920122315293902
0.009028825103110748,0.4935654502048931,0.9924499231387398,0.6304022754464703,0.1094523168551165
0.008827358216128452,0.494483785459164,0.9924673498764596,0.6313321028284409,0.1097037844564982
0.008623772805547313,0.4954817047388251,0.9924848473572412,0.6322651004211801,0.10995561970797074
0.00841811773088872,0.4965577733446605,0.9925022977714137,0.6332012691796728,0.11020781686464957
0.008210442348383263,0.4977104549594227,0.9925184931016523,0.634140609341474,0.11046025124966861
0.00800079649912596,0.49893811611052097,0.9925357660459765,0.635083117455335,0.11071285480715091
0.007789230497114265,0.5002390308183783,0.992552992313752,0.6360287929153584,0.11096580509439562
0.007575795117173108,0.5016113854009407,0.9925880921674585,0.6369776391833237,0.11121966294504408
0.007360541582769143,0.5030532834049247,0.9926230604460737,0.6379296786524824,0.11147521902659763
0.007143521553717351,0.5045627506348613,0.9925109453157955,0.6388849484827017,0.11173433530436146
0.0069247871137830125,0.5061377402516364,0.9921652565129552,0.6398435365295851,0.11199717408754445
0.006704390758181679,0.5077761379132609,0.9922041459553828,0.6408054638005102,0.11226062853148448
0.006482385380980822,0.5094757669317105,0.9922428534224598,0.6417707485586298,0.11252563919495943
0.0062588242624052656,0.5112343934210942,0.9922813446836127,0.6427394148429065,0.11279215559291295
0.00603376105605029,0.5130497314139177,0.9923007873367838,0.6437114821926313,0.1130595777900008
0.005807249776005151,0.5149194479238676,0.9923390511938162,0.6446869550762705,0.1133277094477191
0.005579344783889725,0.5168411679352906,0.9923587556432033,0.645665848051379,0.11359677244775036
0.0053501007758081425,0.5188124793013648,0.9919928307610961,0.6466481623497853,0.1138659095319921
0.005119572769221917,0.520830937534799,0.9920341948563922,0.6476338934617093,0.11413555265921968
0.004887816089746027,0.5228940704767846,0.9920564587972533,0.6486230537888727,0.11440608684417954
0.004654886357871127,0.5249993828317341,0.9920780112781346,0.6496156451953359,0.1146768271723063
0.004420839475614738,0.5271443605571978,0.992100086484261,0.6506116643843375,0.11494772385964319
0.00418573161310513,0.5293264751000738,0.9921407974087285,0.6516111098678837,0.11521923942619101
0.003949619195100702,0.5315431874719345,0.9921812849296652,0.6526139963923365,0.11549205438137754
0.003712558887448429,0.5337919521578958,0.9922029746600068,0.653620340355493,0.1157656730019442
0.003474607583484239,0.5360702208549479,0.992223898692792,0.654630141622926,0.11603940247418403
0.003235822390378815,0.538375446037115,0.992263945879377,0.6556433978148963,0.11631369171486129
0.002996260615432333,0.5407050843460643,0.9923038191555099,0.6566601219586358,0.11658919266045756
0.0027559797523208237,0.5430565998070099,0.9923251149072426,0.6576803286786245,0.11686541763698775
0.002515037467297997,0.5454274668708211,0.9923455854878035,0.6587040166222464,0.11714170778694484
0.0022734915853557594,0.5478151732842015,0.9921597388481445,0.6597311898421385,0.11741996825753687
0.002031400076346278,0.5502172227906856,0.9921796614979657,0.6607619076856698,0.11770097443941577
0.0017888210410696261,0.5526311376659081,0.9922004647935365,0.6617961790825948,0.1179818635089721
0.0015458126973298513,0.5550544610912816,0.9922201786989707,0.6628339957829268,0.11826267261064773
0.0013024333659629567,0.5574847593707425,0.9918895478163472,0.6638753473839699,0.11854326509658301
0.0010587414568402171,0.559919623995679,0.9919325330298483,0.6649202245868461,0.11882408630753534
0.0008147954548500376,0.5623566735635253,0.9919752392326981,0.6659686339007139,0.11910579822219163
0.0005706539058618959,0.5647935555558055,0.9920177128328204,0.6670205856194685,0.11938835575954704
0.0003263754026756767,0.5672279479815848,0.9918239648009974,0.6680760954489302,0.11967295458840387
8.201857095951564e-05,0.5696575608924868,0.9918459796506103,0.6691352121358652,0.11995969502409201
-0.00016235794481993316,0.5720801377754606,0.9918690279565817,0.6701979395340394,0.12024623856777732
-0.0004066954954719151,0.5744934568295772,0.9918919678756841,0.6712642674645662,0.1205326543180974
-0.0006509354411571659,0.5768953321330628,0.9919147947588616,0.6723341861692875,0.12081893953174755
-0.0008950191654610938,0.5792836147067612,0.9919374935642609,0.6734076857408965,0.12110508325030438
-0.0011388880894615352,0.5816561934800929,0.9919600822054033,0.674484756190527,0.12139108460525176
-0.0013824836857873346,0.5840109961654931,0.9920023142811562,0.675565388899363,0.12167721661537377
-0.0016257474926646856,0.5863459900471222,0.9920443471794569,0.6766495846058378,0.12196385941809013
-0.0018686211279476624,0.5886591826894929,0.9923744425345061,0.677737344268225,0.12225064404104981
-0.002111046303129628,0.5909486225714796,0.9924134200154456,0.6788286586935018,0.12253739810069499
-0.0023529648373322083,0.5932123996509505,0.9926908836949633,0.6799235246105787,0.12282425665840677
-0.002594318671268464,0.5954486458650704,0.9927273434537502,0.6810219323612408,0.1231110547159618
-0.0028350498811768143,0.5976555355711003,0.992961312556232,0.6821238778171814,0.123397916646492
-0.003075100692722416,0.5998312859322931,0.9929756096441333,0.683229349667922,0.12368446291676832
-0.003314413494862773,0.6019741572532648,0.9929898348964592,0.6843383355552025,0.12397076485534533
-0.0035529308536741563,0.6040824532689958,0.9931812416344749,0.6854508232288756,0.1242567637212305
-0.0037905955261353422,0.6061545213913881,0.9931937072978109,0.6865667988660976,0.12454243311405419
-0.004027350473865827,0.6081887529170965,0.9932061382834959,0.6876862498770944,0.12482784189102596
-0.004263138876814567,0.6101835832001139,0.9930453421901146,0.688809168888647,0.1251139321357879
-0.004497904146896725,0.6121374917924259,0.9932036045911109,0.6899355753436947,0.12540103325675855
-0.0047315899415743806,0.6140490025557719,0.9932146730346446,0.6910654634050252,0.12568774511847172
-0.004964140177378557,0.615916683747446,0.993225722661564,0.6921988192643703,0.12597413449357328
-0.005195499043368948,0.6177391480827932,0.9932367182555019,0.6933356293141623,0.12626018099114453
-0.005425611014528292,0.6195150527769338,0.9932456329257279,0.6944758795947816,0.1265458464650849
-0.005654420865088046,0.6212430995680612,0.993372450819063,0.6956195548341246,0.12683106652907922
-0.005881873681782452,0.6229220347244708,0.9933799261661489,0.6967666392427145,0.1271158428080425
-0.006107914877027313,0.6245506490373511,0.993226921141652,0.6979171206435351,0.1274008289480812
-0.006332490202020801,0.6261277778012021,0.993236998655827,0.6990710047826698,0.12768625614257295
-0.006555545759762952,0.6276523007836103,0.9932470431139463,0.7002282820058893,0.1279712559332532
-0.006777028017990576,0.6291231421859731,0.9932568989996925,0.7013889368927441,0.1282558134055151
-0.006996883822024874,0.6305392705966444,0.9932667013209107,0.7025529537565615,0.12853992095281747
-0.007215060407528238,0.6318996989378666,0.9932965899095176,0.7037203171919184,0.12882364139684535
-0.007431505413167438,0.6332034844077075,0.9934076281551804,0.7048910134617051,0.12910696888475842
-0.0076461668931800675,0.6344497284181645,0.9934754177969843,0.7060650264692453,0.12938978695595055
-0.007858993329841366,0.6356375765304805,0.9934835020529609,0.707242339442146,0.12967210455447534
-0.00806993364582814,0.6367662183886085,0.9934915383270166,0.7084229359838603,0.12995393471929953
-0.008278937216477123,0.637834887651715,0.9934995288038078,0.7096067997419201,0.1302352721672695
-0.008485953881934577,0.6388428619265057,0.9931359104896643,0.7107939142213117,0.13051609231447345
-0.008690933959194538,0.6397894627000965,0.9926672040138536,0.711984261964343,0.1307963412448254
-0.00889382825402242,0.6406740552740895,0.9920930579733449,0.7131778249233984,0.13107600271578765
-0.009094588072761374,0.6414960487004301,0.991904961843654,0.71437458552015,0.13135516870995553
-0.009293165234018592,0.6422548957195959,0.9919203288517481,0.7155745275311786,0.1316337966361635
-0.009489512080228586,0.6429500927015894,0.9919321907587476,0.7167776332569711,0.1319118474181777
-0.00968358148909077,0.6435811795901564,0.9919474349400768,0.7179838848828616,0.13218932002233771
-0.009875326884878593,0.6441477398506266,0.9920217206944854,0.7191932644464939,0.13246620742062157
-0.010064702249617433,0.6446494004217026,0.9920636438326078,0.7204057541112868,0.13274251890344604
-0.010251662134128875,0.6450858316715078,0.9920661778611691,0.7216213362150964,0.13301825773181236
-0.010436161668938014,0.6454567473581405,0.9920804316218665,0.7228399930101288,0.13329340803049672
-0.010618156575042186,0.6457619045949706,0.992090926581864,0.7240617064205319,0.1335679613830189
-0.010797603174537464,0.6460011038208636,0.9921274766459214,0.725286458465795,0.13384188889419915
-0.010974458401101415,0.6461741887754946,0.9921414090928816,0.7265142291562753,0.13411510139308244
-0.01114867981032853,0.6462810464798768,0.9921552303048904,0.7277449992077075,0.13438767897322035
-0.011320225589916988,0.6463216072222119,0.9921689592765862,0.7289787498716394,0.13465961411733618
-0.01148905456970306,0.6462958445491213,0.9921826348439183,0.7302154622757078,0.13493089945875825
-0.011655126231542039,0.6462037752623205,0.9921962564001737,0.7314551174723347,0.13520153002413854
-0.011818400719032271,0.6460454594207282,0.991522547510823,0.7326976963860006,0.13547148808954398
-0.011978838847080509,0.6458210003480291,0.9907432143633421,0.7339431794581346,0.1357407509348372
-0.012136402111306132,0.6455305446456245,0.990808883014585,0.7351915470900773,0.13600935124319471
-0.012291052697282055,0.6451742822109203,0.9908245988551266,0.7364427812335491,0.13627736195009998
-0.012442753489610024,0.644752446260869,0.9908716808673006,0.7376968642162577,0.136544767698483
-0.012591468080828063,0.6442653133606157,0.9908873138712377,0.7389537782568688,0.13681156526565655
-0.01273716078014815,0.6437132034571177,0.9909027851443144,0.7402135054342103,0.1370777463706041
-0.012879796622021773,0.6430964799175534,0.990941250000696,0.741476027844655,0.13734331656566837
-0.013019341374531595,0.6424155495722879,0.9909611807553509,0.742741327648322,0.13760825293132056
-0.013155761547606825,0.6416708627621578,0.9910045548381162,0.7440093852795554,0.13787236790641272
-0.013289024401060803,0.6408629133897819,0.9910241453589064,0.7452801765415628,0.13813556642065755
-0.013419097952448365,0.6399922389745603,0.991067166149343,0.7465536795781221,0.13839789943102196
-0.01354595098474155,0.6390594207110003,0.9910864734033172,0.7478298692093742,0.1386592701134792
-0.013669553053821556,0.6380650835299416,0.9908798280465704,0.7491087192086382,0.13891893788002913
-0.013789874495785084,0.6370098961622233,0.9908995929195008,0.7503901742061393,0.13917630054163727
-0.01390688643406364,0.6358945712042587,0.9909148566080668,0.7516742031634224,0.1394329065483262
-0.014020560786353744,0.6347198651849504,0.9910033638916712,0.7529607867828095,0.13968883142121064
-0.014130870271356453,0.6334865786333013,0.9907992417382221,0.7542498996910935,0.13994268505939986
-0.014237788415324946,0.6321955561460232,0.9899574851998884,0.7555414726666198,0.1401936106748231
-0.014341289558417805,0.6308476864543486,0.9900056633729141,0.7568354688644556,0.14044339790082264
-0.014441348860857602,0.6294439024892172,0.9900293297800565,0.7581318555021725,0.140691847112628
-0.014537942308892047,0.6279851814438778,0.9900528540233732,0.7594306069341573,0.14093938600323377
-0.014631046720557218,0.6264725448329019,0.9901005502691023,0.7607316984726973,0.14118567933303738
-0.01472063975124128,0.6249070585464662,0.9901237507140087,0.762035095447198,0.14143054062203222
-0.014806699899046946,0.623289832898716,0.9902681869560551,0.7633407716434294,0.14167455455235073
-0.014889206509951769,0.6216220226688464,0.9902909866281199,0.7646487068587755,0.1419177608483211
-0.014968139782765316,0.6199048271334867,0.9903137095524108,0.7659588786546138,0.1421600206380045
-0.015043480773880853,0.6181394900887958,0.989424924232205,0.7672712637671656,0.14240137516862778
-0.01511521140182231,0.6163272998605962,0.9894518268002054,0.7685858404983887,0.1426418520387973
-0.015183314451583175,0.6144695893006821,0.9895032392002591,0.7699025839259684,0.14288099148923816
-0.015247773578758478,0.612567735767345,0.9895297587034703,0.7712214572343951,0.14311858637248942
-0.015308573313467128,0.6106231610879502,0.9895809133078126,0.7725424307453426,0.1433548009101507
-0.015365699064064636,0.6086373315012891,0.9896071803684653,0.7738654666049885,0.14358941748150295
-0.015419137120645014,0.6066117575772074,0.9896281351549997,0.7751905369589778,0.14382310621209793
-0.015468874658331282,0.6045479941108747,0.9893887319916772,0.7765176091894466,0.14405358739776594
-0.01551489974035311,0.6024476399888434,0.9894156114922035,0.7778465764820464,0.1442793956062749
-0.015557201320911743,0.6003123380238613,0.9894423899933088,0.7791773892231484,0.1445041169749927
-0.015595769247830887,0.5981437747552039,0.98925065413163,0.780510008509727,0.1447249923697215
-0.015630594264993247,0.5959436802110645,0.9892778124176083,0.7818443109261171,0.1449405289076838
-0.015661668014561852,0.5937138276293651,0.9893298329648273,0.7831802399156367,0.14515439365647248
-0.015688983038985953,0.5914560331330798,0.9893519128511145,0.7845177508312917,0.14536640215729218
-0.01571253278279081,0.5891721553559847,0.9893791279031271,0.7858568162627803,0.14557743969602568
-0.01573231159415105,0.5868640950144985,0.9894309199956965,0.7871974083559301,0.1457867530625778
-0.015748314726246705,0.5845337944210709,0.9894828156826263,0.7885394779826129,0.1459934476570545
-0.01576053833840305,0.5821832369343295,0.9895344370788418,0.7898829692758104,0.14619747194567562
-0.01576897949701178,0.5798144463410004,0.98958630328547,0.7912278256370557,0.14639877215405167
-0.015773636176235322,0.5774294861644006,0.9896133176669261,0.7925739920229797,0.1465978906341954
-0.015774507258493067,0.5750304588940689,0.9894268450688393,0.7939214167639587,0.14679211483204213
-0.015771592534729456,0.5726195051309662,0.9894493252688091,0.7952699438792181,0.14697965340532265
-0.015764892704464184,0.5701988026424415,0.989501683734404,0.7966195105281156,0.147165456006112
-0.015754409375624334,0.5677705653210526,0.9895292915575913,0.7979700663618972,0.1473489298929423
-0.01574014506415852,0.5653370420411721,0.9887019096937685,0.7993215774942904,0.14753127359426432
-0.01572210319343305,0.5629005154072262,0.9887590974057034,0.8006740183003815,0.14771185476277587
-0.015700288093410283,0.5604633003873394,0.9887908105253179,0.8020273375879116,0.14789005581350925
-0.015674704999609466,0.5580277428261445,0.9892279947247276,0.8033815011594566,0.14806711338253797
-0.01564536005185034,0.5555962178305145,0.9892576256319797,0.8047364869344452,0.14824311012691732
-0.01561226029277952,0.5531711280220817,0.9896669193101582,0.8060922695718903,0.14841795580375644
-0.015575413666180286,0.5507549016505119,0.9896946314417963,0.8074488267846869,0.14859172244497046
-0.015534829015066181,0.548349990561713,0.9897226725898719,0.8088061322742833,0.14876416952885968
-0.015490516079558595,0.5459588680154245,0.9897506480383144,0.810164158135826,0.14893529333629285
-0.015442485494549373,0.5435840263469782,0.9898022678179115,0.8115228726515518,0.14910432803736814
-0.015390748787148372,0.5412279744684588,0.9898303059866974,0.8128822211507194,0.14927087997592212
-0.015335318373917035,0.5388932352050181,0.9898818216441115,0.8142421641081324,0.14943531383514114
-0.015276207557888432,0.5365823424627046,0.9899333833026327,0.8156026422330552,0.1495964301393196
-0.01521343052537465,0.5342978382249159,0.9899611909052621,0.816963591609811,0.14975498145906657
-0.015147002342562162,0.5320422693753886,0.9899889381674106,0.8183249760676281,0.14991217207869686
-0.015076938951896058,0.5298181843465933,0.9900405546844837,0.8196867634354367,0.15006718000454292
-0.015003257168253648,0.5276281295934546,0.9900921285317041,0.8210488926225588,0.1502187393359847
-0.014925974674909465,0.5254746458934738,0.9901140312170073,0.8224112988574922,0.15036784965181013
-0.01484511001929078,0.5233602644756117,0.9901359082398539,0.8237739530928228,0.15051604451998093
-0.014760682608526896,0.5212875029816748,0.990187556606649,0.8251368312681442,0.1506622795088817
-0.014672712704791098,0.5192588612654426,0.9902390297370685,0.8264998729143663,0.15080498036442952
-0.014581221420438002,0.5172768170363353,0.9902904362050303,0.8278630068033883,0.15094411737356786
-0.014486230712936681,0.5153438213561338,0.9903182008565514,0.829226165586077,0.15108053336813612
-0.014387763379600944,0.5134622939989605,0.9903397652092933,0.8305893132075255,0.15121573218364595
-0.014285843052118151,0.5116346186865729,0.9897248390630143,0.8319524294891731,0.15135003842331365
-0.01418049419087769,0.5098631382128399,0.9890446352167814,0.8333154971711626,0.15148349264975045
-0.014071742079100504,0.5081501494731371,0.9882999700886598,0.834678499407719,0.1516161025499806
-0.013959612816771412,0.5064978984162665,0.9880917622134495,0.8360413918457514,0.15174230652837922
-0.013844133314375142,0.5049085749383188,0.9881571703886017,0.837403956359688,0.15185807039237367
-0.013725331286437993,0.5033843077396631,0.9879392458934778,0.838766049502426,0.15196522620800723
-0.013603235244876286,0.5019271591679498,0.987974984965473,0.8401274333007176,0.15206248264375824
-0.013477874492153987,0.5005391200715376,0.9880412111943762,0.8414880251048129,0.15215761756580837
-0.013349279114249988,0.49922210468919714,0.9886523720739361,0.8428477656885311,0.1522499891654261
-0.013217479973437697,0.49797794560314834,0.9886912060893024,0.8442066244678147,0.1523412042166341
-0.013082508700878267,0.49680838878349354,0.988729920145184,0.8455645762180307,0.1524309657010143
-0.012944397689029165,0.49571508875289627,0.9887623291914809,0.8469215947637999,0.15251949057866704
-0.012803180083870339,0.49469960390082074,0.9888008832955684,0.8482776605173669,0.15260688651470866
-0.012658889776949133,0.4937633919768609,0.9888626177517958,0.8496327432903307,0.15269179352579867
-0.012511561397246577,0.4929078057925542,0.9889014573929483,0.8509867798938924,0.1527736967321458
-0.012361230302866599,0.49213408916062357,0.989487610767106,0.8523397339222889,0.1528543320238322
-0.012207932572550302,0.49144337309979996,0.9895230526216974,0.85369158507288,0.1529337934609719
-0.012051704997016981,0.4908366723322045,0.9895585618660229,0.8550423082498936,0.15301179321536482
-0.011892585070134925,0.4903148820988137,0.9896159322281028,0.8563918712632732,0.1530872806038881
-0.011730610979922763,0.48987877531665164,0.9901535722531588,0.8577402113888966,0.1531599186592723
-0.011565821599384601,0.4895290000992457,0.9901797324444086,0.8590872992296439,0.15323161276043498
-0.011398256477180837,0.48926607765938973,0.9902117860726602,0.8604331179790292,0.15330218517912156
-0.01122795582813635,0.4890904006105526,0.990243752873926,0.8617776431096841,0.1533712868985876
-0.011054960523589535,0.48900223168030166,0.9902756015217028,0.8631208479036818,0.15343892554651525
-0.010879312081582973,0.4890017028459518,0.9907683881461737,0.8644627067579204,0.15350529742124927
-0.010701052656899683,0.48908881489934064,0.9907971807007284,0.8658031999815309,0.15357050097907338
-0.010520225030945901,0.4892634374442121,0.9908262927235117,0.867142303061896,0.1536342429388081
-0.010336872601483795,0.4895253093262383,0.9906903479890339,0.868479956980654,0.15368998267340478
-0.010151039372216338,0.48987403949222896,0.9907202668821439,0.8698159060568917,0.15373440616265843
-0.009962769942226527,0.4903091082716681,0.9907442995806431,0.8711500601245178,0.15377761212790117
-0.009772109495273844,0.4908298690704029,0.9907735360393952,0.8724824020492693,0.15381972436301397
-0.009579103788950317,0.4914355504631677,0.9903273296829073,0.8738129103047612,0.15386066945827645
-0.009383799143699006,0.49212525866862417,0.9898222116608882,0.8751415708066104,0.1539008681267369
-0.00918624243169732,0.4928979803879043,0.9892589279820109,0.876468372439855,0.15394033148861022
-0.008986481065607772,0.49375258598516564,0.9892991102194957,0.8777933029046143,0.15397878206376228
-0.008784562987199339,0.4946878329865163,0.9893398927968381,0.8791163399960878,0.15401579077637279
-0.008580536655841601,0.4957023698718207,0.9893805700835371,0.880437458655476,0.15405135501479778
-0.008374451036874713,0.49679474013242275,0.989421374766588,0.8817566338604503,0.15408547521027163
-0.008166355589858032,0.4979633865666332,0.9894559191924592,0.8830738418563092,0.15411839324255652
-0.007956300256699871,0.4992066557840641,0.9899624725874272,0.8843890670738019,0.1541504149149587
-0.007744335449671927,0.5005228028894031,0.989999671638804,0.8857022936238746,0.15418127806930848
-0.0075305120393103645,0.5019099963161061,0.9900367512799793,0.8870134982497231,0.15421065867424424
-0.007314881342207358,0.5033663227806852,0.990090958655475,0.888322649802149,0.15423743985550772
-0.007097495108695084,0.5048897923287385,0.990127734856247,0.889629683391352,0.15426105855118313
-0.006878405510426084,0.5064783434446466,0.9901643594762277,0.8909345630952741,0.1542832422517546
-0.00665766512785231,0.5081298481978639,0.9902008387623255,0.8922372645355405,0.1543039922265517
-0.0064353269376059554,0.5098421173999378,0.9902548188975951,0.8935377576654362,0.15432215008216701
-0.006211444299785435,0.5116129057478297,0.9902913025736754,0.8948359776777182,0.1543371239995829
-0.005986070945149135,0.5134399169306229,0.9901502926537739,0.8961318527751218,0.1543435483866175
-0.005759260962220306,0.515320808678429,0.9901872387981909,0.8974251116554891,0.1543379599670974
-0.00553106878430617,0.51725319773403,0.9900481720678295,0.8987156250498175,0.15432378332060506
-0.0053015491764340245,0.5192346647296502,0.9900804623617386,0.9000031204851721,0.15429769384658312
-0.005070757222208033,0.521262758953085,0.9905868699739169,0.9012875145711229,0.15427080304205176
-0.0048387483105893645,0.5233350029892986,0.9906206186765436,0.9025687952392014,0.1542428436984151
-0.004605578122603141,0.5254488972254234,0.9910682237299921,0.9038469454153459,0.1542137753702615
-0.004371302617975171,0.5276019242089115,0.9911136095936169,0.9051219453804893,0.154182461151768
-0.00413597802170205,0.5297915528503341,0.9911589262805168,0.9063937295254364,0.154146875958994
-0.0038996608105572286,0.5320152424639832,0.9911891951338375,0.9076622250197498,0.15410821473582753
-0.0036624076995370675,0.5342704466410347,0.9912142889843485,0.9089274017488245,0.15406848757440036
-0.0034242756282493007,0.5365546169515112,0.9916113389963499,0.9101892495621168,0.154027994895724
-0.0031853217472479715,0.5388652064726641,0.9916523532596516,0.9114477518009735,0.15398528766306407
-0.002945603404317522,0.5411996731426877,0.9912606767055979,0.9127028511783174,0.1539398012413116
-0.0027051781307095395,0.5435554829398296,0.991290200207079,0.9139545267819368,0.15389344772933963
-0.0024641036273355937,0.5459301128880235,0.991319563426765,0.9152027625821272,0.15384581354704777
-0.002222437750919324,0.5483210538911089,0.9912156813848867,0.9164475031894267,0.1537895865131715
-0.0019802385001109982,0.5507258133985322,0.9912461346041875,0.917688475320343,0.1537211926851183
-0.0017375640015682308,0.5531419179061473,0.9911444707722815,0.9189255529155889,0.153644327874852
-0.0014944724960057553,0.5555669152963687,0.991175604111069,0.9201584669487307,0.1535554629006953
-0.0012510223242180563,0.557998377022429,0.9912065927780147,0.9213871308660171,0.15346547446010453
-0.0010072719130777529,0.5604339001419568,0.9912329077460983,0.9226115319153765,0.15337459676889442
-0.0007632797615134237,0.562871109205417,0.991263431336985,0.9238316642382266,0.15328294164964276
-0.00051910442647028,0.5653076580052396,0.9916387925716162,0.9250475170916589,0.15319032716369213
-0.00027480450885662916,0.5677412311916539,0.991665963427717,0.9262590822202296,0.15309683296733265
-3.043863948000336e-05,0.5701695457613769,0.9917043067358622,0.9274663421771772,0.15300113998402948
0.00021393453502392673,0.5725903524253911,0.9917270313012301,0.928669246027189,0.15290290826552624
0.0004582563662663246,0.575001436862048,0.9917652757031562,0.929867771879179,0.15280281667268336
0.0007024682181804963,0.5774006208617333,0.991803465433904,0.9310618648546346,0.15269888921916502
0.0009465114810942507,0.5797857633692467,0.9917164720970391,0.932251427916704,0.1525852896577221
0.0011903275857959277,0.5821547614299518,0.9913459055903798,0.9334361975184413,0.1524605767860343
0.0014338580175907696,0.5845055510456431,0.9908906765502354,0.934616105138694,0.15233556265590975
0.0016770443303441174,0.5868361079458859,0.9909311450045272,0.9357911481149509,0.1522089573855891
0.0019198281605082856,0.5891444482804511,0.9908278825611242,0.9369612502426248,0.15207323851320814
0.0021621512411294256,0.5914286292382498,0.9908685492842829,0.9381261582183978,0.1519258549073917
0.002403955415831385,0.5936867495979715,0.9909018526850463,0.9392857667445683,0.15177623224785747
0.002645182652772946,0.5959169502154393,0.9908001636560009,0.940440029824605,0.1516196563977723
0.0028857750585751926,0.5981174144524404,0.9902901571178941,0.9415887306106755,0.15145347841740273
0.003125674892215608,0.6002863685516053,0.9903324372262848,0.9427318098595092,0.15128612577990544
0.0033648245788856688,0.6024220819616504,0.9903664203512208,0.9438692385828239,0.15111700110789647
0.003603166723808565,0.6045228676171007,0.9904033099583683,0.9450010127740084,0.1509475080620723
0.003840644126013598,0.6065870821763746,0.9904399891435145,0.9461271329954735,0.1507773946043687
0.0040771997920641696,0.6086131262218886,0.9904817297428651,0.9472475939245973,0.15060581449401608
0.004312776949735927,0.6105994444256411,0.9905233864027464,0.9483623610580104,0.15043155154876298
0.004547319061641892,0.6125445256835125,0.9905649696926596,0.9494713928942324,0.15025467649019766
0.004780769838800997,0.6144469032213197,0.9906064611260353,0.9505746494021022,0.1500752647159808
0.005013073254147369,0.6163051546754751,0.9906478967583661,0.9516720924050325,0.149893405565454
0.005244173555976399,0.6181179021508952,0.9906838130810864,0.9527636890119612,0.1497099190234585
0.005474015281325004,0.619883812258654,0.9907195243447792,0.9538494338604044,0.1495259617879763
0.00570254326928237,0.621601596135661,0.9907550537132516,0.95492932904722,0.1493415129880385
0.005929702674228368,0.6232700094485283,0.9907904865935706,0.9560033765798586,0.14915659614652876
0.006155438978996225,0.6248878523835993,0.9908257028615383,0.9570715789938201,0.14897122725330694
0.006379698007956351,0.6264539696249776,0.990341399301083,0.9581339399767344,0.14878560983662872
0.006602425940018315,0.6279672503222674,0.9903788865030191,0.9591904694524916,0.14859986945081466
0.006823569321547534,0.6294266280495779,0.9907805124936045,0.9602411728595629,0.14841374964703205
0.007043075079193974,0.6308310807572488,0.9908139099719835,0.9612860550335699,0.14822727809361885
0.007260890532629488,0.6321796307176283,0.990706333730527,0.9623250957232445,0.14803572167186366
0.007476963407190803,0.6334713444661055,0.9906003501261191,0.9633581185223914,0.1478330878606306
0.007691241846425211,0.6347053327385522,0.990491618139795,0.9643849338376969,0.14762131787500327
0.007903674424535857,0.6358807504061598,0.9908907259193406,0.9654054035146471,0.14740481747941533
0.008114210158723767,0.636996796408638,0.9909208689425016,0.9664195088321478,0.1471883803778846
0.008322798521423284,0.6380527136866158,0.9909528432667997,0.9674272650818054,0.1469720611310513
0.008529389452428633,0.6390477891140248,0.9904002542182638,0.9684286866642968,0.1467559056683945
0.008733933370908099,0.6399813534311708,0.9904352947207486,0.9694237899435402,0.14653962717634958
0.008936381187303033,0.6408527811791395,0.9904703963224674,0.97041257525223,0.14632251232163423
0.009136684315109344,0.6416614906361042,0.9905049499487524,0.9713950409707353,0.14610496623248528
0.009334794682537811,0.6424069437560671,0.9905393788964211,0.9723711980311252,0.14588750900044833
0.009530664744051266,0.6430886461104994,0.9905732843888208,0.9733410608654378,0.14567014506727533
0.009724247491775105,0.6437061468332899,0.9906074176426803,0.9743046439550022,0.14545288035543283
0.00991549646677914,0.6442590385694023,0.9906410006879957,0.9752619619148983,0.1452357215790289
0.010104365770227393,0.6447469574275285,0.9906748148422855,0.9762130294303639,0.14501867677869068
0.010290810074393666,0.6451695829370727,0.9907085118257881,0.9771578614658012,0.1448017633522306
0.010474784633539909,0.6455266380096868,0.9907420996648981,0.9780964731168893,0.1445849827353312
0.01065624529465506,0.6458178889055959,0.9907755495686373,0.979028879534081,0.14436834211269153
0.010835148508051487,0.6460431452048798,0.9908089011616195,0.9799550962543968,0.1441518826522337
0.011011451337816674,0.6462022597838812,0.9902567552410815,0.9808751398074194,0.14393570700339403
0.011185111472117879,0.6462951287968471,0.9895971890621814,0.9817890306429955,0.1437200117235684
0.011356087233356441,0.6463216916629142,0.9896327157872433,0.9826967890689956,0.14350444116660208
0.011524337588170334,0.6462819310584821,0.9904759782790201,0.9835984164049366,0.143287377731004
0.011689822157282065,0.6461758729150356,0.9905117261833557,0.984493884477357,0.14306882354002845
0.01185250122518944,0.6460035864224085,0.9911661300869854,0.9853831977678402,0.14285030753043243
0.012012335749696991,0.6457651840374855,0.9912019441036863,0.9862663694494778,0.1426319928237967
0.012169287371286135,0.6454608214982844,0.9912375215995874,0.9871434194385519,0.14241416132133783
0.012323318422320994,0.6450906978433695,0.9939236526969097,0.9880143675696846,0.14219648770482524
0.012474391936088826,0.6446550554364685,0.9939453314093255,0.9888792264763901,0.14197894328508742
0.012622471655671388,0.6441541799961947,0.9939676547505758,0.9897380169658317,0.14176207744634636
0.01276752204264688,0.6435884006306901,0.9939880323722329,0.9905907669088645,0.14154596561003854
0.012909508285618682,0.6429580898770088,0.9944861617075149,0.9914375018616502,0.14133077719515244
0.013048396308570003,0.6422636637450263,0.9949810547243723,0.9922782603818865,0.14111682374507173
0.013184152779042061,0.6415055817655939,0.9950183493658661,0.9931130699046279,0.1409034448716634
0.013316745116133556,0.6406843470426573,0.9950586355691986,0.9939419555594913,0.14069092520969587
0.013446141498320095,0.6398005063089907,0.9950941415184903,0.9947649502241315,0.14047941650698198
0.013572310871091104,0.6388546499851712,0.9952545781889658,0.9955820811127248,0.14026855575122538
0.013695222954402701,0.6378474122413629,0.9952891371173502,0.9963933728138213,0.14005834474248968
0.013814848249944932,0.6367794710614245,0.995322828628189,0.9971988502486026,0.13984880599519708
0.013931158048221079,0.6356515483088252,0.995355666076229,0.9979985385761078,0.13963995193026613
0.014044124435437861,0.6344644097937571,0.9953876848541456,0.998792463090692,0.13943178474021037
0.014153720300204616,0.633218865340808,0.9954224052536444,0.9995806505891959,0.13922461701468455
0.014259919340039834,0.6319157688564695,0.9954991533197923,1.0003631375960262,0.13901866168369126
0.014362696067683797,0.6305560183956797,0.9955513960823756,1.001139954115398,0.13881350237187512
0.014462025817215212,0.6291405562265431,0.9955816411018252,1.001911127343478,0.13860909129249036
0.014557884749970964,0.6276703688922664,0.9956119168943648,1.0026766819420936,0.1384053358028715
0.01465024986026733,0.6261464872692659,0.9956434132570203,1.0034366451701615,0.13820269173170469
0.01473909898092127,0.6245699866203112,0.995563861202053,1.0041910560525706,0.13800133364480496
0.014824410788570247,0.6229419866414612,0.9955918785061351,1.0049399433512862,0.13780068350755126
0.01490616480878998,0.6212636515014366,0.9956192592642493,1.0056833331107342,0.1376008063896927
0.014984341421008027,0.6195361898719657,0.9956459943471324,1.0064212538878408,0.1374021258077732
0.015058921863212725,0.6177608549475034,0.995672221132659,1.007153747081262,0.13720488039037984
0.015129888236455958,0.6159389444526019,0.9956979677906467,1.0078808460721502,0.1370088917482103
0.01519722350914883,0.6140718006350603,0.9957232249193765,1.0086025961912706,0.13681489115408038
0.015260911521149029,0.6121608102428425,0.9957477917935598,1.0093190462396424,0.1366224658314317
0.015320936987639526,0.6102074044825875,0.9957718279278617,1.0100302287032799,0.1364308957090319
0.015377285502796363,0.608213058957371,0.9957956563369262,1.0107361738122589,0.13624070268864433
0.015429943543246408,0.6061792935812138,0.995818660302548,1.0114369275788553,0.13605217146647475
0.015478898471312806,0.6041076724676354,0.9956417424535461,1.0121325229692502,0.13586447255373435
0.015524138538047747,0.6019998037893831,0.9956625933563445,1.0128229887684637,0.13567812620054845
0.015565652886052399,0.5998573396062375,0.9953833572654146,1.0135083719436673,0.13549349624143942
0.015603431552082521,0.5976819756576339,0.9955437631855844,1.014188704625496,0.13530961301179095
0.01563746546943958,0.5954754511165896,0.9955630258551493,1.0148640139064082,0.13512707332369683
0.015667746470146834,0.5932395483012428,0.9955819408842637,1.0155343512268498,0.13494699365854113
0.0156942672869094,0.5909760923400604,0.9957056539504424,1.0161997726627163,0.13476869337550926
0.015717021554858622,0.588686950786582,0.9957259037212092,1.0168603094382898,0.13459117959484213
0.015736003813079373,0.586374033179305,0.9957457767259653,1.017515989331678,0.13441462522375758
0.015751209505920887,0.5840392905421325,0.9957651945119262,1.0181668411975309,0.13423903160469278
0.015762634984089748,0.5816847148205415,0.9957843269093503,1.0188128940172239,0.13406440944502193
0.015770277505526082,0.5793123382484486,0.995775527514833,1.0194541781092967,0.1338910217600009
0.01577413523606149,0.5769242326405102,0.9957949268205011,1.0200907349979766,0.13371969158191946
0.015774207249859097,0.5745225086044095,0.9958123652752001,1.0207226202961919,0.1335503058925743
0.015770493529636,0.5721093146674955,0.995829411478731,1.0213498661110012,0.13338165578212166
0.01576299496666717,0.5696868363119554,0.9958475935791176,1.0219724969540895,0.13321384899225044
0.015751713360571705,0.5672572949125692,0.9958658611086445,1.0225905447392851,0.1330477868567619
0.01573665141888096,0.5648229465709567,0.9959782060652748,1.0232040641615252,0.13288373680834709
0.01571781275638867,0.562386080840153,0.995995604774682,1.0238130877657161,0.13272052166409776
0.01569520189428338,0.5599490193332662,0.9959967560299289,1.0244176456059886,0.13255870079566165
0.015668824259063397,0.5575141142099826,0.996014328349974,1.0250177800709734,0.13239847013131933
0.01563868618123463,0.5550837465346923,0.9960315770394219,1.0256135244752242,0.13223928251389724
0.01560479489379108,0.5526603245001122,0.9960485293046731,1.0262049084632507,0.13208113899253013
0.015567158530479033,0.5502462815104194,0.9960679587889952,1.0267919655815276,0.13192484643478158
0.015525786123844998,0.5478440741181245,0.996084217513784,1.0273747539722675,0.13177084721449014
0.015480687603068066,0.5454561798091844,0.996100391812217,1.0279533118267603,0.13161792498631375
0.015431873791576638,0.543085094631251,0.9961192103772594,1.028527673297991,0.13146692454462514
0.015379356404451204,0.5407333306603738,0.9961262993333873,1.0290979005753225,0.1313187868700989
0.015323148045612568,0.538403413302031,0.9961424699511373,1.0296640496465093,0.13117249355056415
