x_mean,x_rms,order_parameter,residue_mean,mismatch_mean
0.013377080337122017,0.5108473862496795,0.011054406926739492,9.932436071799241e-06,0.000993906604447279
0.013609314016076306,0.5109939720658194,0.011097411017171129,3.970366579670221e-05,0.001987850711218854
0.013838281524994047,0.5112046380651253,0.011142154713640436,8.927481988703439e-05,0.0029818336000249886
0.014063927912772145,0.5114791029953715,0.01119033342776582,0.00015860709958942382,0.003975854112287849
0.014286199025360675,0.511817000998341,0.011228039093488613,0.00024766176169174666,0.004969911132232826
0.014505041518759561,0.5122178825430487,0.01177655516517465,0.0003564273987744511,0.005969430078284652
0.014720402871820911,0.5126812155660728,0.026215488438945438,0.0004850807528644356,0.006982299000125713
0.014932231398853744,0.5132063868122205,0.026439666101705228,0.0006338180450725119,0.00800300764586297
0.015140476262028385,0.5137927033677138,0.0266632760150874,0.0008026535008691028,0.009023872127496432
0.015345087483577274,0.5144393943770162,0.026888571906513205,0.0009915500120187479,0.0100448875114451
0.015546015957789447,0.5151456129335357,0.027112191242259453,0.0012004705534365025,0.011066058938240026
0.01574321346279558,0.5159104381336161,0.027326872084562193,0.0014293782991606867,0.01208738905286082
0.01593663267214105,0.5167328772825117,0.027542254381443903,0.001678236373131944,0.013108870202368575
0.016126227166144026,0.5176118682404652,0.027759314707533143,0.0019470080100243575,0.014130508262420769
0.016311951443036116,0.5185462818965297,0.02798056962202826,0.002235656501959201,0.015152298663946583
0.016493760929882344,0.5195349247574211,0.028202339087297912,0.002544145176033595,0.01617424147527918
0.016671611993278587,0.5205765416384444,0.028422960428383864,0.002872437494684646,0.017196342421265064
0.016845461949823337,0.5216698184434241,0.028643470873362466,0.003220497077456182,0.01821860401683348
0.01701526907636155,0.522813385020549,0.028863264799432096,0.0035882875700019405,0.019241016149640588
0.01718099261999796,0.5240058180811389,0.029084910985039618,0.00397577250049564,0.020263577373856666
0.017342592807877595,0.5252456441685391,0.02931536843905068,0.004382915545730269,0.021286293050295228
0.017500030856731068,0.5265313426646208,0.029535281661198273,0.004809680613195088,0.02230916962919414
0.01765326898218242,0.5278613488217567,0.029815400206792915,0.005256031688972167,0.023332213667047103
0.017802270407817112,0.529234056808562,0.030040011619936066,0.005721933149696247,0.02435542163199011
0.017946999374008187,0.530647822758228,0.030265949848863872,0.006207348808483343,0.025378771990970838
0.018087421146498556,0.53210096780882,0.04687961617304036,0.006712268288996849,0.026407358807991162
0.018223502024736816,0.5335917811255505,0.04719408892312331,0.007236832759827208,0.027443700410949057
0.018355209349965398,0.5351185228956667,0.06364312205352976,0.007781081939548494,0.028485170923906303
0.018482511513058537,0.5366794272872998,0.06405105129100255,0.008345152855391365,0.029534246685921237
0.01860537796210808,0.5382727053643056,0.06446469082606111,0.008929059364695726,0.030583533034469246
0.0187237792097561,0.5398965479498518,0.0807111078719885,0.009532790584166437,0.03163786297516641
0.01883768684027146,0.5415491284322158,0.08120423732184692,0.010156478930291353,0.032699610361025234
0.018947073516369702,0.5432286055069834,0.08169916175173422,0.010800137444559444,0.033761612003833895
0.019051912985773547,0.5449331258505286,0.08219767571144485,0.011463731084647117,0.034823844415966844
0.01915218008751364,0.5466608267203545,0.09821103789119658,0.012147247866381461,0.03589095338181597
0.01924785075796685,0.5484098384785333,0.09879197589387301,0.012850814944120322,0.03696527124162566
0.01933890203663152,0.5501782870351365,0.09937283916461795,0.01357444386770357,0.038039856625957345
0.01942531207163777,0.5519642962091498,0.1000623843758298,0.01431809967121353,0.03911470551626702
0.019507060124992086,0.5537659900049527,0.1006645776832366,0.01508174828333558,0.040189854533322356
0.019584126577554033,0.5555814948029881,0.10126698029313984,0.01586535530882092,0.041265275285388925
0.01965649293374489,0.5574089414637636,0.10187983803607102,0.01666888623565567,0.04234095448688036
0.019724141825986585,0.5592464673447936,0.10249665945883875,0.017492306346905875,0.04341689266168802
0.019787057018869687,0.5610922182305249,0.1031144145455907,0.018335581023145194,0.04449308355420516
0.01984522341304995,0.5629443501757052,0.10372898508175422,0.019198676006267595,0.04556955915646845
0.019898627048871933,0.5648010312629811,0.10435269076819625,0.020081557087905433,0.04664629353245207
0.019947255109719387,0.5666604432758803,0.10497985027176998,0.020984190093769065,0.04772330492056096
0.01999109592509119,0.5685207832885736,0.1206033479007064,0.021906563042793214,0.04880496108460868
0.020030138973402025,0.5703802651741094,0.12130253093462705,0.022848794204114762,0.04989340231125475
0.02006437488450777,0.5722371210329888,0.12200740640156647,0.023810892149271526,0.05098207438791776
0.020093795441954096,0.5740896025441924,0.12284735308458845,0.024792821944236144,0.05207101871553794
0.020118393584948397,0.5759359822408633,0.12357040897449377,0.025794550787444345,0.053160335086252695
0.020138163410054484,0.5777745547130474,0.12428065248411334,0.02681604552396131,0.05424991978616962
0.020153100172609177,0.5796036377399405,0.12499431130923222,0.027857271885741473,0.05533976910589748
0.020163200287861182,0.5814215733542093,0.14032176083729084,0.028918216275635702,0.05643399592238948
0.02016846133183135,0.583226728841004,0.14112336519759427,0.029998988597128504,0.05753468908224524
0.020168882041894334,0.5850174976742909,0.1420674534046193,0.031099596463361287,0.058635698524091506
0.02016446231708183,0.5867923003932026,0.142872248972491,0.03222000660954858,0.059736993642940835
0.0201552032181065,0.5885495854210633,0.14368225240768845,0.033360184395403863,0.06083851547681534
0.02014110696710763,0.5902878298297489,0.14448735395216905,0.03452009427212265,0.061940223892149426
0.02012217694711784,0.5920055400520325,0.14507775408324933,0.035699700683099474,0.06304207136451899
0.020098417701251068,0.593701252544502,0.14591455603522713,0.036898965445241266,0.06414398447083804
0.0200698349316123,0.5953735344036183,0.16079762387015367,0.038117871486343345,0.06524992008657088
0.02003643549792899,0.5970209839373982,0.1617052296737699,0.03935651664394985,0.06636175947864191
0.01999822741590492,0.5986422311951777,0.16260611031533317,0.04061490361042644,0.06747379599823454
0.019955219855296424,0.600235938457814,0.1635151872168903,0.04189299657395321,0.06858600710692003
0.019907423137711464,0.6018008006906256,0.1644324116396339,0.04319075987985302,0.06969842951554912
0.01985484873413295,0.6033355459612969,0.17869651745411935,0.04450817714708107,0.07081471471479966
0.01979750926216538,0.6048389358248827,0.17964427640985214,0.045845339645394986,0.07193659245479572
0.01973541848300669,0.6063097656779676,0.1806008738552664,0.047202246368896326,0.0730585400206333
0.019668591298145858,0.60774686508397,0.18155124661632246,0.04857885916276572,0.07418055179212037
0.01959704374578655,0.6091490980714579,0.1825207846770304,0.04997513986192593,0.07530262192742582
0.019520792996997854,0.6105153634073067,0.18349732596775845,0.051391050623216444,0.07642476907040745
0.019439857351593454,0.6118445948464027,0.19721399630541814,0.05282657052572841,0.07755039003597218
0.019354256233739667,0.6131357613595447,0.19825734532243627,0.05428178097066674,0.07868118680835139
0.019264010187294005,0.6143878673410815,0.19930179019652516,0.0557566772434393,0.07981197388510694
0.019169140870874346,0.6155999527977792,0.20035522243214815,0.057251219469436496,0.08094272774704121
0.0190696710526612,0.6167710935202991,0.2014259473909261,0.058765367846627926,0.08207345851808283
0.01896562460493356,0.6179004012386096,0.2145442737642888,0.060299098762844484,0.08320737536617032
0.018857026498339386,0.6189870237625773,0.21564846539992913,0.061852484909993545,0.08434608038526563
0.018743902795903006,0.6200301451088905,0.21676189970338758,0.06342551784000863,0.0854846986739348
0.018626280646770008,0.6210289856154401,0.21788286507613225,0.06501815664109632,0.08662322808626065
0.018504188279691434,0.6219828020441558,0.2190104226070961,0.06663035992514481,0.08776163420102086
0.018377654996249486,0.6228908876732868,0.21996770927373824,0.06826208625923041,0.08889990773486488
0.018246711163824758,0.6237525723800065,0.22111475719810889,0.06991329295326194,0.09003797274317621
0.01811138820830829,0.6245672227141896,0.22228410106422242,0.07158393730958126,0.09117586479287766
0.0179717186065601,0.6253342419641403,0.22345203979958433,0.07327397687453988,0.09231355760739472
0.017827735878614057,0.626053070214982,0.2246232481415774,0.07498336905796574,0.0934510768864585
0.017679474579633796,0.626723184400392,0.22576023823430796,0.07671207177726472,0.09458841563814564
0.01752697029161924,0.6273440983482758,0.22695054106180074,0.07846004284363539,0.09572558733938218
0.017370259614867548,0.6279153628209652,0.22816961150709378,0.08022724062998156,0.09686259436065366
0.01720938015918893,0.6284365655504356,0.24066418165413037,0.08201363690350176,0.09800218481314182
0.017044370534880494,0.6289073312690341,0.24214625445410004,0.08381928708003351,0.09914589105328234
0.01687527034345996,0.6293273217361126,0.24339183233210032,0.08564418185572381,0.10028958280426266
0.01670212016816146,0.6296962357609769,0.24464036101666425,0.08748827778882039,0.10143297422712894
0.016524961564196156,0.6300138092224683,0.24573092060970425,0.08935153329225495,0.10257621451848563
0.016343837048778377,0.6302798150854868,0.2470207590077954,0.09123390392465068,0.10371903718242786
0.01615879009092252,0.6304940634147058,0.24830331600630254,0.09313534311762027,0.10486145948842998
0.01596986510101014,0.6306564013857124,0.2498385034642598,0.09505580572634022,0.10600368656137081
0.01577710742013206,0.630766713293737,0.2511137238881451,0.09699525358472876,0.10714585978135592
0.015580563309206241,0.6308249205601368,0.25244698348523453,0.09895364260837453,0.10828758608758465
0.015380279937875926,0.6308309817367295,0.264083581790207,0.10093093885565589,0.10943136006586883
0.015176305373188906,0.630784892508061,0.2653833626756892,0.10292718081664368,0.11057830096041066
0.014968688568061512,0.6306866856916383,0.26665020123815164,0.10494234601495553,0.11172480926408178
0.014757479349530452,0.6305364312361394,0.267963167260903,0.10697638646390314,0.11287076128012585
0.014542728406794237,0.6303342362175651,0.26925033751820926,0.1090292538348647,0.11401616022703072
0.014324487279048325,0.6300802448332622,0.2705948128972209,0.11110089903455522,0.11516109004618401
0.014102808343115824,0.6297746383937276,0.2719847930949804,0.1131912779543884,0.11630564795609066
0.013877744800877166,0.629417635312045,0.2736172179272431,0.11530034377663262,0.11744986876832199
0.013649350666502162,0.6290094910907863,0.274983070787972,0.11742805716110778,0.11859402181482073
0.01341768075348676,0.628550498306163,0.2764155226225777,0.11957437641465132,0.11973777312397473
0.013182790661498058,0.628040986589177,0.27775723274525504,0.12173925224323062,0.1208807845247738
0.012944736763030474,0.6274813226034893,0.2792068617136829,0.12392263328700594,0.12202313889818318
0.012703576189877113,0.6268719100196705,0.28057032619963335,0.12612446841352876,0.12316468421207699
0.012459366819417783,0.6262131894854625,0.2819432825124943,0.1283447040620019,0.12430540181970325
0.0122121672607292,0.6255056385916434,0.28344325212010113,0.130583286674798,0.12544526400951903
0.011962036840518844,0.6247497718330373,0.28484028242754617,0.13284016287232706,0.12658429026595447
0.011709035588886868,0.6239461405641492,0.28632837806624634,0.1351152784392607,0.12772243002216077
0.011453224224919272,0.6230953329489054,0.2878246032866178,0.1374085801417138,0.1288597318602803
0.011194664142115429,0.6221979739038588,0.2977547781628327,0.13972002357278804,0.12999802178383546
0.010933417393653947,0.6212547250342326,0.3078890193877589,0.1420496295604416,0.13113999720075264
0.010669546677500674,0.6202662845620804,0.30938306688714756,0.14439742178188514,0.13228350987597076
0.010403115321360644,0.6192333872458075,0.31115281815483525,0.14676336210691587,0.13342637177547456
0.010134187267480574,0.6181568042902132,0.31271650038058857,0.14914740583558955,0.1345686323226076
0.00986282705730227,0.6170373432461944,0.31416348979238307,0.15154949592076225,0.1357096029372888
0.009589099815973825,0.6158758478991383,0.31576038452755234,0.15396957045617687,0.1368493185851692
0.009313071236719102,0.614673198145007,0.31730806391975674,0.15640756904868716,0.13798782531848233
0.009034807565072168,0.6134303098530249,0.3188669231163732,0.15886343180643048,0.1391251139302179
0.008754375582978416,0.6121481347138226,0.3203709666121986,0.1613370985069956,0.14026113852897554
0.008471842592767577,0.6108276600718056,0.32188657495679285,0.16382850616796743,0.1413957118935762
0.008187276401000945,0.6094699087404499,0.3235539406150059,0.16633759010353358,0.14252882815359788
0.007900745302198628,0.6080759387991589,0.32515397173130206,0.16886428650836965,0.14366055302433928
0.007612318062448943,0.6066468433702014,0.3268519235101866,0.17140853294146452,0.144790900989076
0.007322063902904888,0.6051837503742256,0.3285623894476261,0.17397026502426982,0.1459197221021925
0.007030052483171601,0.6036878222627018,0.3301505038681597,0.17654941719975994,0.14704694433963206
0.006736353884587853,0.6021602557256073,0.338029819242117,0.1791459285597112,0.1481739608438961
0.006441038593407729,0.600602281372567,0.3397531120763787,0.18175978293781933,0.1493015866068613
0.006144177483883477,0.5990151633855688,0.34138872037364143,0.18439092978840932,0.1504277117923416
0.005845841801256385,0.597400199141313,0.34299820787511953,0.18703930326065762,0.15155210585451306
0.005546103144658246,0.5957587188011411,0.3446146717742294,0.18970483137382438,0.15267458182362875
0.0052450334499277215,0.5940920848664337,0.3462465991336423,0.19238744023707677,0.15379498181883822
0.00494270497234649,0.5924016916972721,0.3480426010607629,0.19508705554515118,0.1549134952269809
0.004639190269297865,0.5906889649920803,0.35490166662925815,0.19780361367114832,0.15603150313510022
0.004334562182853747,0.5889553612258983,0.35668563014499227,0.20053708855950014,0.15714955353668625
0.004028893822292429,0.587202367044859,0.3583399755627509,0.20328742115433435,0.1582655730916496
0.0037222585465533095,0.5854314986143906,0.36003711242363134,0.2060545363081542,0.15937976535237125
0.003414729946630632,0.5836443009185902,0.36171594756699066,0.2088383724457176,0.16049276871872156
0.0031063818279122046,0.5818423470081837,0.36356643479063694,0.21163886995379114,0.16160416054916313
0.002797288192466382,0.5800272371944476,0.3652422982723446,0.21445595749458268,0.1627136801688663
0.002487523221281918,0.5782005981864186,0.3671101678240237,0.2172895694818816,0.1638215221647287
0.0021771612564649976,0.5763640821687409,0.3688568466370354,0.2201396327894179,0.16492710759307908
0.0018662767833974021,0.5745193658174633,0.37062315417802544,0.2230060651650324,0.16603006028677997
0.001554944412860301,0.5726681492511286,0.3725560810662712,0.22588878184067515,0.1671305303072177
0.0012432388631281866,0.570812154914547,0.3744970597479751,0.22878770317003352,0.16822869156698664
0.0009312349420367953,0.5689531263926659,0.3765785552301033,0.23170275435810192,0.1693252387424854
0.0006190075290295094,0.5670928271520522,0.3785494731545332,0.23463388001432764,0.17042041162175098
0.00030663155718666744,0.5652330392075887,0.3805244440497293,0.23758100634901771,0.1715131409308543
-5.818004757965567e-06,0.5633755617121103,0.3825210521865033,0.24054405365973475,0.17260354112271042
-0.0003182661704093149,0.561522209466865,0.38429703797795556,0.2435229457295302,0.1736920360200937
-0.0006306379537074759,0.5596748113508534,0.3862907998649738,0.24651761992121807,0.17477885923319408
-0.0009428583869238449,0.5578352086673343,0.3882948560763926,0.2495279999483199,0.1758631196599079
-0.0012548525386532124,0.5560052534059986,0.39034373492878277,0.25255400231165603,0.17694467945427259
-0.0015665455317967689,0.554186806419625,0.3921517849533458,0.2555955427602027,0.17802396691937156
-0.001877862561532354,0.5523817355143249,0.3942151611813473,0.2586525536107096,0.17910132834682244
-0.002188728913267169,0.5505919134528453,0.3963024763402132,0.2617249562699688,0.18017609489737324
-0.0024990699805691424,0.5488192158707855,0.39838420561678245,0.26481266701289036,0.1812481151347377
-0.0028088112830716907,0.5470655191060125,0.4004886530346336,0.2679155986629264,0.18231725369813837
-0.00311787848434903,0.5453326979420222,0.4026036906477974,0.27103366286293307,0.18338344348613025
-0.003426197409756537,0.5436226232665008,0.4047309939430027,0.27416676990049094,0.1844466552383102
-0.0037336940642320703,0.5419371596468718,0.40686814943505994,0.27731482967757914,0.1855068426942174
-0.004040294650054509,0.5402781628251977,0.40890797937514295,0.28047775039308454,0.18656368558817304
-0.004345925584555146,0.5386474771354002,0.4109602778488006,0.28365542906508884,0.1876167118827939
-0.004650513517776644,0.5370469328464148,0.41311793837159255,0.2868477652881311,0.18866697072057345
-0.00495398535007719,0.5354783434355308,0.41500400067551424,0.2900546952781041,0.1897159096337164
-0.00525626824967377,0.5339435027968814,0.4172192129794777,0.2932761550376466,0.19076248385777883
-0.0055572896701214115,0.5324441823907379,0.41928599982048403,0.2965120597194906,0.19180644440594088
-0.005856977367724285,0.5309821283399547,0.4215036680842905,0.29976233749457876,0.19284809594163715
-0.006155259418873409,0.5295590584806701,0.42356925856041944,0.30302690336608284,0.19388705995436356
-0.006452064237308395,0.5281766593750448,0.42664254099374144,0.30630568683509357,0.19492408197335181
-0.00674732059129753,0.5268365832945454,0.4287781014151807,0.3095986118956961,0.19595796666460819
-0.007040957620733122,0.5255404451829688,0.43086849516021103,0.31290557584951445,0.1969884906249633
-0.007332904854137638,0.5242898196090495,0.432943282304813,0.3162265045888273,0.1980172282876197
-0.007623092225576433,0.5230862377191373,0.43500150224757206,0.3195613339792287,0.1990441328533072
-0.007911450091473338,0.5219311842009999,0.43720002789280693,0.32290999393931985,0.20006806296968446
-0.00819790924732474,0.5208260942703292,0.4391600460466918,0.32627237972069134,0.20108838069909704
-0.008482400944308265,0.5197723506920066,0.4414749460847152,0.32964841047817167,0.20210607181026455
-0.008764856905782227,0.5187712808485466,0.4437063854254983,0.3330379913318722,0.2031197095203621
-0.009045209343671765,0.5178241538684805,0.4460198081617334,0.33644100652865583,0.20412899050941088
-0.009323390974737514,0.5169321778276105,0.4483390050260723,0.3398573501774443,0.20513448391220362
-0.009599335036723337,0.5160964970362274,0.4506166191788134,0.3432869171605045,0.20613565539339568
-0.009872975304378927,0.5153181894253744,0.4528571605622212,0.34672959088013666,0.20713306866084596
-0.010144246105353591,0.5145982640451426,0.4550812475755548,0.350185297324003,0.20812875393044947
-0.01041308233595727,0.5139376586877843,0.4574609146546554,0.3536539703735026,0.20912169685132867
-0.010679419476785053,0.5133372376480906,0.45984833488597865,0.35713551048891695,0.21011051115663457
-0.010943193608201616,0.5127977896330493,0.4620042395254481,0.3606298146474809,0.2110960722351346
-0.011204341425681592,0.5123200258322135,0.4641421079305012,0.36413680814507177,0.21207958810539762
-0.011462800255002339,0.5119045781595544,0.4665678466750265,0.3676564200633539,0.2130601538413114
-0.011718508067285497,0.5115519976767716,0.4689974915505884,0.37118855010859736,0.2140365608289267
-0.011971403493883538,0.5112627532071365,0.47136371317975195,0.37473308908202296,0.21500874653306806
-0.012221425841108026,0.5110372301479589,0.4738127977472524,0.3782899282772586,0.21597666475655522
-0.012468515104795777,0.5108757294886793,0.47602566259565826,0.38185896103251865,0.2169411817276877
-0.01271261198470962,0.510778467040433,0.4782165650523054,0.38544011418712065,0.21790372885238005
-0.012953657898770054,0.5107455728817081,0.4795890530639022,0.389033318105078,0.2188631169508321
-0.013191594997114791,0.5107770910234392,0.48138202622717624,0.39263846248570716,0.2198175526713159
-0.013426366175982342,0.5108729792955562,0.4837723554560245,0.3962554191529984,0.22076633109357074
-0.013657915091416768,0.5110331094556895,0.48624449294395367,0.39988404614281065,0.2217094941114088
-0.013886186172789815,0.5112572675193646,0.4868177282377433,0.4035242212731982,0.22264797906261577
-0.014111124636137718,0.511545154309685,0.4892806675362861,0.4071758254767118,0.22358161020885955
-0.014332676497309014,0.511896386223195,0.49176256239750776,0.41083874072875104,0.22451052145913336
-0.014550788584920489,0.5123104962073272,0.49424994626477636,0.41451284837144237,0.2254345445137224
-0.014765408553118142,0.5127869349436089,0.4967197493541721,0.41819802863609146,0.22635370619296888
-0.014976484894139802,0.5133250722296598,0.49921264903610346,0.42189416154193315,0.22726794459193292
-0.015183966950676801,0.5139241985518997,0.5016478956728448,0.42560112298753766,0.22817650796339206
-0.015387804928031578,0.5145835268399228,0.5041615986989975,0.4293187667309477,0.22907897768724747
-0.015587949906067997,0.5153021943925705,0.5066381316206834,0.4330469597875915,0.22997564534274761
-0.01578435385095209,0.5160792649649636,0.5091215494789115,0.4367855536967808,0.23086613515444313
-0.01597696962667983,0.5169137310050544,0.5116464295490737,0.4405344187053477,0.23175149332515704
-0.0161657510063897,0.5178045160277118,0.5141273605260933,0.4442934326125874,0.2326318054801922
-0.01635065268345664,0.5187504771138902,0.516664387813917,0.4480624726181302,0.2335068819345781
-0.016531630282365803,0.5197504075221068,0.5187638346253384,0.45184141797638344,0.23437761511356756
-0.01670864036936218,0.5208030393992494,0.5213081397868052,0.4556301766717893,0.23524451907881325
-0.016881640462874544,0.5219070465776153,0.5237934762339989,0.4594286321276818,0.23610597883420714
-0.01705058904371093,0.523061047445113,0.5263379973548694,0.46323665496056715,0.23696192562901627
-0.017215445565022868,0.5242636078756684,0.5289017480110826,0.467054116745982,0.2378124051222266
-0.01737617046203662,0.5255132442070847,0.5314660288226775,0.4708808883187796,0.2386573285997787
-0.017532725161548402,0.5268084262539183,0.5313447561269021,0.47471683716438284,0.2394960220458335
-0.017685072091181808,0.5281475803433179,0.5338803163940558,0.47856180843285756,0.24032806861265477
-0.01783317468840509,0.5295290923622246,0.5359910153727802,0.48241567203486585,0.24115561381214137
-0.01797699740930573,0.5309513108048719,0.5385202632663557,0.48627833375111557,0.24197903009568392
-0.018116505737121192,0.5324125498100961,0.5407359697628027,0.49014967787918945,0.2427977908691586
-0.018251666190522445,0.5339110921785779,0.5429182315799637,0.4940296177873235,0.2436137955765881
-0.01838244633164938,0.5354451923608259,0.5454285292801259,0.4979180761336139,0.2444258546757577
-0.01850881477389604,0.5370130794073746,0.5475688706991142,0.5018149368948461,0.24523312416546442
-0.018630741189442752,0.5386129598733878,0.5496813895976934,0.5057201111957076,0.24603742834184733
-0.01874819631653512,0.5402430206705655,0.5522385976400365,0.5096335169143276,0.2468375427620383
-0.018861151966506434,0.5419014318599835,0.5543204659192297,0.5135550367404521,0.24763291417981492
-0.01896958103054291,0.543586349380185,0.5569087371666087,0.5174845711079737,0.24842295955460747
-0.019073457486189726,0.5452959177055716,0.559442637649657,0.5214219578361576,0.24920538574573997
-0.019172756403596013,0.5470282724308027,0.5614803879806461,0.5253670553456227,0.24998288430412402
-0.019267453951498398,0.5487815427775871,0.5637810699610729,0.5293197747787942,0.2507574327170006
-0.01935752740293987,0.5505538540208859,0.5660407415549907,0.533280045325506,0.2515292855416434
-0.019442955140724433,0.5523433298321456,0.5685870978979928,0.5372477907322739,0.25229707107427496
-0.019523716662605124,0.5541480945377618,0.5711299587942779,0.541222887822361,0.25305871747724756
-0.019599792586204392,0.5559662752915169,0.5736659953671825,0.5452051983917562,0.2538141586047274
-0.019671164653665744,0.5577960041602156,0.5757067398126298,0.5491945890690342,0.2545644327388585
-0.019737815736035516,0.5596354201222471,0.5781888344280267,0.5531909590519234,0.2553101450256197
-0.019799729837373936,0.5614826709791936,0.5807070195522184,0.557194180844674,0.2560495658130608
-0.019856892098593894,0.5633359151810091,0.5794161735476285,0.5612041099323455,0.2567815033003893
-0.019909288801027106,0.5651933235656633,0.581460229767658,0.5652205673215474,0.25750629468500796
-0.019956907369716424,0.5670530810144276,0.5799093485292611,0.569243434365669,0.25822511536090553
-0.019999736376433975,0.5689133880242793,0.5824823827069991,0.573272528972337,0.25893431042231174
-0.02003776554242376,0.5707724621991601,0.581197715930167,0.5773076467226267,0.2596337574219455
-0.020070985740868498,0.5726285396620101,0.5837401236965516,0.5813485851210562,0.2603247114745736
-0.020099388999079995,0.5744798763896896,0.5862702923525788,0.5853951850480034,0.26100803739992157
-0.020122968500412692,0.5763247494730783,0.5887953562344291,0.5894472570856204,0.26168179329133034
-0.020141718585899304,0.578161458304715,0.5913131771476177,0.5935046001345321,0.26234609562083494
-0.020155634755609445,0.5799883256965045,0.589257675132987,0.59756701402245,0.26300074088761083
-0.020164713669729203,0.5818036989300265,0.5917904824673148,0.6016342993440379,0.26364694920095905
-0.02016895314936269,0.5836059507421005,0.5937297411894085,0.6057063112093987,0.26428792160889314
-0.020168352177055125,0.5853934802482358,0.5956453957134832,0.609782960993692,0.26492558574419717
-0.020162910897037166,0.5871647138066589,0.5975375191304397,0.6138641701266577,0.26555964180929775
-0.020152630615189602,0.58891810582558,0.5995773237725586,0.6179498580873887,0.26619015716689587
-0.020137513798730942,0.5906521395163571,0.6020957761033109,0.6220399396629945,0.266815985615171
-0.02011756407562454,0.592365327595191,0.604613898251524,0.6261342885958616,0.2674353331299105
-0.0200927862337082,0.5940562129359471,0.6071208025863852,0.6302327663229085,0.268048140358757
-0.02006318621954489,0.595723369176634,0.6095756887902887,0.6343352320033318,0.2686541748753444
-0.020028771136996113,0.5973654012820424,0.6120760995029935,0.6384415410461987,0.2692533977136805
-0.01998954924551647,0.5989809460649634,0.6146421758043515,0.642551545152237,0.2698445628677175
-0.019945529958171462,0.6005686726683339,0.6164400068111136,0.6466650583033682,0.27042804446903307
-0.01989672383937901,0.6021272830106057,0.6189185488346656,0.6507819688923844,0.2710067029610011
-0.01984314260237312,0.603655512196522,0.6213941675888883,0.654902149970914,0.2715788519873768
-0.01978479910639361,0.6051521288954514,0.6238595204711954,0.6590254651397135,0.2721444331845083
-0.01972170735359942,0.6066159356892885,0.6263143063216325,0.6631517763782274,0.2727034479948353
-0.019653882485708245,0.608045769391912,0.6287509089952814,0.6672809475922187,0.2732559654212555
-0.019581340780363065,0.6094405013420386,0.6304727282557144,0.6714128467116809,0.2738029171812405
-0.019504099647224687,0.6107990376712945,0.6330290634986926,0.6755473669443696,0.2743432947363214
-0.019422177623794487,0.6121203195491821,0.6354340330197179,0.6796843234272086,0.27487454858540544
-0.019335594370964812,0.6134033234065738,0.6330427938230835,0.6838235516905156,0.27539706510738565
-0.019244370668300672,0.614647061139274,0.6354777341355167,0.6879648431768194,0.2759099309274156
-0.01914852840905275,0.6158505802930974,0.6379878352259742,0.6921080318843376,0.2764144203229454
-0.019048090594903325,0.6170129642318519,0.6399021789855968,0.6962529290605161,0.2769110073597175
-0.018943081330445574,0.6181333322895222,0.6423098163080099,0.7003994238367512,0.2774027187047168
-0.018833525817399076,0.619210839907875,0.6442753353778443,0.7045473985516896,0.2778891842078344
-0.018719450348560956,0.6202446787606558,0.6466596361414084,0.7086967670882599,0.27837111203464726
-0.018600882301496126,0.6212340768654412,0.6443201011935109,0.7128473973604111,0.27884424590181967
-0.018477850131966726,0.6221782986841736,0.6468097352656312,0.7169990683032692,0.27930569283693596
-0.018350383367102957,0.6230766452133251,0.6445399904378639,0.7211515530276108,0.27975572171742563
-0.018218512598316465,0.623928454064573,0.6461759850550107,0.7253046251884215,0.28019674887129414
-0.01808226947395873,0.6247330995368138,0.6485429135483526,0.7294581702067361,0.28063311149499776
-0.017941686691725595,0.625489992680285,0.6504379674906512,0.7336120773967192,0.28106434365127214
-0.017796797990810104,0.6261985813534968,0.6528155713046152,0.7377662617723806,0.28149099864911487
-0.017647638143804906,0.6268583502736359,0.654634633868556,0.7419206132880171,0.28191257288511773
-0.017494242948357195,0.6274688210610406,0.6569923883938075,0.7460750483034453,0.2823295494575829
-0.01733664921857771,0.6280295522783087,0.6593024899180788,0.7502294484356132,0.2827399762718685
-0.01717489477620498,0.6285401394645251,0.6615991295077587,0.7543836834363079,0.2831439225901765
-0.01700901844152886,0.629000215165092,0.6639277591441969,0.7585376254020803,0.283541497256039
-0.01683906002407327,0.6294094489575605,0.6662456100064362,0.7626911470741751,0.28393259835867685
-0.01666506031304271,0.6297675474738345,0.6685498361081763,0.7668441186899567,0.28431718156205066
-0.016487061067532484,0.6300742544190876,0.6707948609834895,0.770996411946267,0.2846952769897973
-0.016305105006507184,0.6303293505876723,0.6723165764829586,0.775147904818053,0.2850681231192804
-0.01611923579854801,0.6305326538762742,0.6745986318176762,0.7792985116272855,0.2854362951083612
-0.015929498051372646,0.6306840192945279,0.676865257984893,0.7834481177175012,0.28579806172462624
-0.015735937301129585,0.6307833389732678,0.6741136102351715,0.7875965842323289,0.28615097296629916
-0.01553860000146985,0.6308305421705386,0.6763790653989455,0.7917437025435183,0.2864939744865552
-0.015337533512398051,0.6308255952755009,0.6786437086320959,0.7958893246482175,0.2868306469686716
-0.015132786088906405,0.6307685018102568,0.681014801925046,0.8000333178574467,0.2871591723283134
-0.014924406869393829,0.6306593024296643,0.6832413473553385,0.804175497515271,0.28747880120025865
-0.014712445863872547,0.6304980749191103,0.6855934012460071,0.8083157155831511,0.2877903790698111
-0.014496953941966647,0.6302849341902229,0.6878073937045033,0.8124537896992576,0.2880931245685579
-0.0142779828207028,0.6300200322744376,0.69001051522261,0.8165895829275799,0.28838965021226803
-0.014055585052099119,0.6297035583143119,0.6922084897935089,0.8207229742543961,0.2886798910129105
-0.013829814010552409,0.629335738552443,0.6943915516720918,0.8248538441094688,0.28896390829925045
-0.013600723880029027,0.6289168363178076,0.6958669774870747,0.8289820790984228,0.2892429764360837
-0.013368369641060543,0.6284471520093012,0.6980300397318568,0.8331076066715194,0.2895178972457127
-0.013132807057549028,0.6279270230762255,0.7001916434010151,0.8372303223763027,0.28978662689860446
-0.012894092663383743,0.6273568239954163,0.7023413016421053,0.841350109563336,0.2900493425554432
-0.012652283748873448,0.6267369662446903,0.7044802966838737,0.8454668563127371,0.29030620159325793
-0.012407438346996792,0.62606789827221,0.7067475564149149,0.84958044086807,0.29055529976099975
-0.012159615219475,0.6253501054613654,0.7088368202467117,0.8536906893515307,0.29079588660059946
-0.011908873842669084,0.6245841100906919,0.711058786206949,0.8577974668242605,0.2910290531927341
-0.011655274393305888,0.6237704712883132,0.7126697996765465,0.8619006115290969,0.2912549574908546
-0.011398877734035832,0.6229097849803459,0.7091681894896109,0.866000024432642,0.29147465215723684
-0.011139745398826504,0.6220026838326574,0.7113752717097016,0.870095533079853,0.29168419467825185
-0.010877939578194395,0.6210498371853019,0.7135527812555142,0.8741869484193387,0.2918840419806687
-0.010613523104279864,0.6200519509789253,0.7155880233364244,0.8782740965611043,0.29207617628839616
-0.01034655943576715,0.6190097676723549,0.7176020969828213,0.8823568632970257,0.2922628631588371
-0.010077112642655447,0.6179240661505356,0.7188079235138983,0.8864351541791571,0.29244526120954095
-0.009805247390881686,0.6167956616219267,0.7201587737303528,0.8905089121529273,0.29262466737947407
-0.009531028926801157,0.6156254055043835,0.7222986182335615,0.8945780705323282,0.2927983508383521
-0.009254523061529074,0.6144141852985087,0.7243784716637582,0.8986424765225259,0.2929628787582352
-0.008975796155145746,0.6131629244473678,0.7263215422006862,0.9027019682176963,0.29312004199288894
-0.008694915100770733,0.6118725821814023,0.7283994567997347,0.9067564297688787,0.2932705572724108
-0.00841194730850893,0.6105441533473137,0.7303323768476088,0.9108057181309338,0.2934138275222842
-0.00812696068927206,0.6091786682195814,0.7322306863155869,0.9148497272985794,0.29355197690501666
-0.007840023638480811,0.6077771922932361,0.7285877191029141,0.9188883609822621,0.2936840176238401
-0.007551205019649966,0.6063408260564143,0.7298813341961073,0.9229214980171022,0.2938104475955519
-0.007260574147861715,0.6048707047411302,0.7319194096032678,0.9269490643520898,0.2939319776601294
-0.006968200773130131,0.6033679980506447,0.7338963575802676,0.9309709327078981,0.29404565871892846
-0.0066741550636618295,0.6018339098616994,0.7357317170334541,0.9349869673596485,0.2941530134928656
-0.006378507589015492,0.6002696778998104,0.7376928861818165,0.9389970716108855,0.2942546650279697
-0.006081329303165975,0.598676573385746,0.7389381814758742,0.9430011306064245,0.29435084946384654
-0.0057826915274752245,0.5970559006512035,0.7401485530239623,0.9469990859217737,0.2944445322269057
-0.005482665933575954,0.5954089967216274,0.736649861391535,0.9509908954263924,0.29453472471300496
-0.005181324526170598,0.5937372308640435,0.7384806303054089,0.9549764835452789,0.2946202969598683
-0.004878739625750341,0.5920420040976727,0.7404224619756983,0.9589557731101355,0.29470089295024066
-0.004574983851238888,0.5903247486650435,0.7423475095599944,0.9629286579321413,0.2947750696220815
-0.004270130102563945,0.5885869274612233,0.7442256007865486,0.9668950258736039,0.29484320751179843
-0.003964251543161882,0.5868300334187391,0.7459861136298842,0.9708547769320515,0.2949064508225006
-0.0036574215824187045,0.5850555888456842,0.7478521165067887,0.9748078400981354,0.29496524851393163
-0.0033497138580521496,0.5832651447144604,0.7491897102657742,0.9787541303349241,0.2950198032764533
-0.003041202218438981,0.5814602798985506,0.7510257518231074,0.9826935972086761,0.2950708450445669
-0.002731960704891816,0.5796426003546922,0.7518652393472217,0.9866261667099162,0.29511802537044873
-0.0024220635338894686,0.5778137382477844,0.7536495843538482,0.9905517990741006,0.29516229826463525
-0.0021115850792654003,0.5759753510158532,0.7544226605842764,0.9944704310020615,0.29520306365101545
-0.0018005998543583726,0.5741291203724171,0.7561651383463228,0.9983820265651059,0.2952410526718392
-0.0014891824941296056,0.5722767512435848,0.7579091526800308,1.0022865195577726,0.29527446253673134
-0.0011774077372506634,0.5704199706372846,0.7596199544996057,1.0061838361253783,0.29530366580895173
-0.0008653504081665714,0.5685605264420601,0.7613175511157203,1.010073910468038,0.2953290255164697
-0.0005530853991385138,0.5667001861529651,0.76292583770927,1.0139566844787242,0.29535110873817155
-0.0002406876522696071,0.5648407355221784,0.764086291053967,1.0178321162952475,0.295370813225424
7.176785848043288e-05,0.5629839771320994,0.765676821826942,1.0217001789046711,0.29538835364535987
0.0003842061452889194,0.5611317288888437,0.7669022839659314,1.0255608384085533,0.2954035425149525
0.0006965522244667014,0.5592858224342337,0.7685488887802399,1.0294140660760953,0.29541629990329826
0.0010087311344541495,0.5574481014746182,0.7701678296791837,1.033259820125323,0.29542613617799657
0.0013206679538113647,0.5556204200250885,0.7716963421809296,1.0370980599379855,0.2954333495248537
0.0016322878191990617,0.5538046405679558,0.7732768346642972,1.0409287508474836,0.29543812816302684
0.0019435159433453916,0.5520026321246784,0.7748236834546207,1.044751860499295,0.2954406753910919
0.0022542776329945073,0.5502162682407835,0.7715246230838232,1.0485673786046683,0.29544457401590185
0.002564498306832612,0.5484474248837218,0.7730132220469769,1.0523754018697329,0.2954517808162408
0.0028741035133870853,0.5466979782540418,0.7745091163451769,1.0561759437117577,0.29545752354101545
0.003183018948894556,0.5449698025107327,0.7759716737238943,1.0599689972529631,0.295462148128332
0.0034911704751333403,0.5432647674120928,0.777109534656349,1.0637545494438052,0.2954652794296684
0.0037984841372162956,0.5415847358740418,0.7782407508494398,1.067532586860086,0.2954670377834746
0.004104886181339738,0.5399315614483575,0.7750354370900154,1.071303118890774,0.2954718695542305
0.004410303072483807,0.5383070857239403,0.7764649536100792,1.0750662927644525,0.2954823257263904
0.004714661512060743,0.5367131356548541,0.7779361582461182,1.0788221488053855,0.295492360466087
0.005017888455505997,0.5351515208195444,0.7748628009878362,1.0825707332803776,0.29550813356212197
0.005319911129808727,0.5336240306163396,0.7762642461753202,1.0863122497019564,0.29553173359358403
0.005620657050976835,0.5321324314010348,0.7776555735632139,1.0900467553388244,0.29555465345910403
0.005920054041432858,0.5306784635730701,0.7790881043874427,1.093774256215333,0.29557800920676436
0.006218030247336308,0.5292638386175453,0.7804922721445267,1.0974947987197559,0.2956036982476992
0.0065145141558280596,0.5278902361110089,0.7818436864976274,1.1012084409881584,0.29563082559163645
0.006809434612193268,0.5265593006996792,0.7831853203948909,1.1049152022006863,0.29565762342497304
0.007102720836938106,0.5252726390594247,0.7845412937371101,1.1086150963687975,0.29568544389735374
0.007394302442776434,0.5240318168474997,0.7817990966343644,1.1123082157221484,0.2957227106994799
0.0076841094515225136,0.5228383556566255,0.7831110109216389,1.1159948567898392,0.2957717206692677
0.007972072310885365,0.5216937299826064,0.784442802609377,1.1196751224530717,0.2958227323036565
0.008258121911161022,0.5205993642171549,0.7818483488377329,1.1233491358064467,0.29588559107609097
0.00854218960181852,0.5195566296780678,0.7831337967259455,1.127017250631644,0.2959626128055915
0.008824207207975686,0.5185668416892522,0.7844457646383326,1.130679592897393,0.2960423803877935
0.009104107046760795,0.5176312567234039,0.784915872058912,1.1343362582532364,0.29612569861278154
0.009381821943556039,0.5167510696203166,0.7853396020295513,1.137987283885857,0.29620920856830724
0.009657285248119353,0.5159274108939191,0.78659401280584,1.1416326875998062,0.2962932522011127
0.00993043085057989,0.5151613441411022,0.7878340862673151,1.1452724948072106,0.2963780598192343
0.010201193197304202,0.5144538635653102,0.7890647844739992,1.1489067324947995,0.2964637261209851
0.0104695073066288,0.5138058916275995,0.7903221622976888,1.1525354409679383,0.2965525632438666
0.010735308784455394,0.5132182768375441,0.7913063846270666,1.1561587268243894,0.2966452954158294
0.010998533839705222,0.5126917916958801,0.7924611263917615,1.159776624043833,0.29673782451441305
0.01125911929962854,0.5122271308001983,0.7901318511673856,1.1633891974448778,0.29684180783208114
0.011517002624965833,0.5118249091242961,0.7879186788786163,1.1669969251059527,0.2969756195481556
0.011772121924956906,0.5114856604809761,0.7891017508682071,1.170600369847459,0.29712875808462436
0.01202441597219437,0.5112098361771767,0.7869997524583358,1.1741997537031035,0.29729606662299757
0.012273824217317986,0.5109978038692905,0.7882666426369862,1.177795573507157,0.2974871586526414
0.012520286803546093,0.5108498466254496,0.789226119253194,1.181388104119649,0.2976840940158795
0.0127637445810411,0.5107661622003534,0.7903759447791447,1.1849773970009407,0.2978819359972731
0.013004139121105032,0.5107468625270094,0.7915154597277356,1.188563492294482,0.29808187720806695
0.013241412730202207,0.5107919734284425,0.7924534405266929,1.192146433764989,0.29828308951095156
0.013475508463805429,0.5109014345511244,0.7936653812604112,1.195726259014266,0.2984885183226828
0.013706370140062303,0.5110750995205264,0.7947730135553058,1.1993031232405398,0.2987010629716191
0.013933942353278727,0.5113127363178506,0.7958750824972719,1.2028771098490296,0.2989158354157006
0.014158170487215934,0.5116140278756627,0.7969664911573464,1.2064482698432295,0.2991329398951293
0.014379000728198078,0.5119785728888345,0.798104541760573,1.210016653217641,0.2993517425061095
0.014596380078027401,0.5124058868359502,0.7991791411253165,1.2135822865151218,0.29957170909320313
0.014810256366703363,0.5128954032050841,0.8002756477772253,1.217145210898375,0.2997933304270346
0.01502057826494336,0.5134464749167604,0.801327002157808,1.2207054548948895,0.3000164074500592
0.015227295296501377,0.5140583759357886,0.802371495910018,1.2242630678487212,0.30024198223322324
0.015430357850282166,0.5147303030627358,0.8032441371839503,1.2278181005468727,0.3004692354121264
0.015629717192247497,0.5154613778948929,0.8042728592331141,1.2313705799716408,0.3006978461819534
0.0158253254771123,0.5162506489458352,0.8052942724525988,1.23492055599084,0.30092913356519213
0.016017135759827186,0.5170970939120214,0.8063080210073998,1.2384680870758238,0.30116314333268634
0.016205102006844992,0.5179996220743276,0.8066485092128797,1.2420132316992283,0.3013994480556686
0.016389179107168687,0.5189570768219912,0.807738806623145,1.2455560490065194,0.30164131087856716
0.016569322883177855,0.5199682382861426,0.808730861476319,1.2490967213953734,0.30189147910528624
0.016745490101230956,0.5210318260699058,0.8097744560589221,1.2526353646041146,0.30214821910653933
0.016917638482041284,0.5221465020619581,0.808778158575153,1.2561722533937452,0.30242993403296314
0.01708572671082381,0.5233108733205201,0.8079088555924827,1.259708149916344,0.30275666215650676
0.017249714447210508,0.5245234950148293,0.8071776425919739,1.2632439742816592,0.3031302879929346
0.01740956233493176,0.5257828734114088,0.8082894782494864,1.2667805881056113,0.3035332617646784
0.01756523201126177,0.5270874688927861,0.80924239300022,1.2703181968897441,0.30393778311908004
0.017716686116225636,0.5284356989966721,0.810318349077922,1.273856874324251,0.3043498829449017
0.01786388830156505,0.5298259414641352,0.8113602649219123,1.2773968556980824,0.30477611780848046
0.018006803239462136,0.5312565372857981,0.8123686953293906,1.2809384249871123,0.30521681779715504
0.01814539663101783,0.5327257937357102,0.8132995407673014,1.284481845429988,0.30566753509146105
0.01827963521448343,0.5342319873831644,0.8129585049852058,1.2880273233955213,0.30614111782303566
0.018409486773243285,0.5357733670733867,0.813946863716311,1.2915756229407067,0.3066516273824063
0.018534920143546674,0.5373481568687369,0.8148670338043019,1.295127156937256,0.3071723062186449
0.018655905221986707,0.5389545589427582,0.8158141272947649,1.2986820555658092,0.3077009907604133
0.018772412972725375,0.5405907564201228,0.8162108347246071,1.3022405361368827,0.3082391943697416
0.018884415434461784,0.5422549161562533,0.8171284837127497,1.3058027014410205,0.3087841538799612
0.018991885727142672,0.5439451914510954,0.8174710799703364,1.3093688626206068,0.30935940110812654
0.01909479805841374,0.5456597246922217,0.8179521542335153,1.3129399281008314,0.3099881936165805
0.0191931277298095,0.5473966499231351,0.8188062804709368,1.3165168473626578,0.31064899803490054
0.019286851142680715,0.5491540953332744,0.8196538038031342,1.3200998268605957,0.3113102439089808
0.019375945803858336,0.5509301856668827,0.8200426520265598,1.3236888659852906,0.3119722710719262
0.01946039033105122,0.5527230445484863,0.8208781065872016,1.3272839703571255,0.31263508561459885
0.01954016445797829,0.5545307967232801,0.8219791923048645,1.3308852488774048,0.31332004217045
0.01961524903923189,0.5563515702112953,0.8231190463831698,1.3344935599335597,0.3140592724035912
0.01968562605487311,0.5581834983746707,0.8239600412991998,1.338109870591127,0.3148323102179515
0.019751278614755882,0.5600247218978275,0.8247955830178394,1.34173443484425,0.3156087154867812
0.019812190962581043,0.561873390680788,0.8256306253533918,1.3453673033954738,0.3163884866683425
0.019868348479677472,0.5637276656462112,0.8260038448507955,1.349008521898307,0.3171706385407071
0.019919737688510672,0.5655857204611261,0.826829612667597,1.3526581012717356,0.31795353447338126
0.019966346255917203,0.5674457431745864,0.8277561040931577,1.356316064140156,0.3187426196713374
0.020008162996064567,0.5693059377728029,0.8297935290443524,1.3599827075855848,0.31956154694650474
0.020045177873135922,0.5711645256535134,0.8305898421570477,1.3636588109628713,0.3204130730032402
0.020077382003738417,0.5730197470215509,0.8328290783894584,1.3673447104417917,0.3212868103650478
0.020104767659035308,0.5748698622077899,0.8336161133155294,1.3710411115171997,0.3221919331557623
0.02012732826660073,0.5767131529137394,0.8343981632886768,1.3747482385215772,0.3230997489144852
0.02014505841199722,0.5785479233842208,0.8352660785092207,1.3784661441507127,0.3240143660401374
0.020157953840074957,0.5803725015106246,0.8360659307503464,1.3821950048315628,0.32493783210404836
0.02016601145599308,0.5821852398673398,0.8368899930624213,1.3859349117227147,0.32586790407188865
0.020169229325962646,0.5839845166839862,0.8376451758961361,1.3896860356830503,0.3268066065238292
0.020167606677710056,0.5857687367560972,0.8383959422327159,1.3934484443995652,0.32774773511194616
0.020161143900663214,0.5875363322969474,0.8391991113841027,1.3972221596917551,0.32869034262736874
0.0201498425458576,0.5892857637331752,0.8399388332437967,1.401007171419234,0.3296337592180058
0.020133705325563987,0.591015520446872,0.8406954600485871,1.404803515907163,0.3305837983519332
0.020112736112637995,0.5927241214667409,0.8414196300268405,1.408611362101541,0.331542332180353
0.02008693993958997,0.5944101161109309,0.8421395250376944,1.4124307780217011,0.3325035279262631
0.02005632299737751,0.5960720845840549,0.8428447908697634,1.4162618119130412,0.3334710540974677
0.020020892633920002,0.5977086385308927,0.8436337242829699,1.4201046179817018,0.33444566464675307
0.01998065735233447,0.5993184215491569,0.8442996178566363,1.4239592406438242,0.3354248788113831
0.01993562680889537,0.6009001096637023,0.8449984652553074,1.4278258251172573,0.33641206931272594
0.019885811810716972,0.6024524117644002,0.8457804033027013,1.4317044253818045,0.33740042345374927
0.01983122431315971,0.6039740700099042,0.848685996632965,1.4355951047648245,0.33840530588097373
0.019771877416961077,0.6054638601993847,0.8493666075917322,1.4394984218583629,0.3394356513974456
0.01970778536509104,0.6069205921142737,0.8500406777564916,1.4434145437562014,0.3404677204211179
0.01963896353933457,0.608343109831949,0.8507118651873004,1.4473434775075356,0.34150134244808056
0.01956542845659954,0.6097302920132137,0.8512943588249132,1.4512852464192367,0.34253994394733894
0.01948719776495272,0.611081052165352,0.85460129403658,1.455240040255979,0.3435985204937089
0.019404290239384645,0.6123943388824298,0.8552538989444832,1.459208362981557,0.34467840087713203
0.019316725777303388,0.6136691360644612,0.8560081586664278,1.463190339455473,0.34575853697822345
0.019224525393759666,0.6149044631169426,0.8566483861549421,1.4671859348669931,0.34683839342585926
0.01912771121640288,0.616099375132219,0.8572870725584748,1.471195130929201,0.3479191241528042
0.019026306480170813,0.6172529630540194,0.8584383443815984,1.4752179149919056,0.3489999729097737
0.018920335521713454,0.618364353826468,0.8590645941977756,1.4792542499607921,0.3500805461421072
0.01880982377355211,0.6194327105287653,0.860174418992728,1.4833041156785556,0.3511612560254773
0.018694797757975935,0.6204572324966896,0.8641748921872664,1.4873675315635821,0.35225257864771015
0.01857528508067651,0.6214371554319803,0.8647760005073606,1.4914448512329532,0.35336034899321117
0.01845131442412273,0.6223717515006039,0.8654756174468514,1.4955361580163449,0.3544678243227158
0.01832291554067697,0.6232603294208505,0.8660589945994159,1.4996414080483047,0.3555746559902557
0.0181901192454549,0.6241022345421032,0.866646404113209,1.503760573277327,0.35668176950918273
0.018052957408930096,0.6248968489151373,0.8672227052200354,1.5078936304685486,0.3577890617379656
0.017911462949284886,0.6256435913546552,0.8679044547412557,1.5120405515776598,0.3588958624517549
0.01776566982451024,0.6263419174947973,0.8689306351640866,1.5162012873529496,0.36000127254577446
0.01761561302425648,0.6269913198382389,0.8694907822363508,1.5203757848461585,0.3611058792574193
0.017461328561435147,0.6275913277994943,0.8704755143929594,1.5245640097673956,0.3622099893633366
0.01730285346357682,0.6281415077429473,0.8714198103318397,1.5287659127004065,0.3633126995367684
0.017140225763944392,0.6286414630161186,0.8719636510497996,1.5329814417345113,0.3644146347721966
0.016973484492404937,0.62909083397862,0.8724994275734262,1.537210565943444,0.36551668660176945
0.016802669666063336,0.6294892980271856,0.873031802502006,1.54145326008024,0.3666188039912054
0.01662782227965799,0.6298365696171605,0.877797234312675,1.5457095330577546,0.36772770590638043
0.01644898429572225,0.6301324002807593,0.8783049894809989,1.5499795843732955,0.3688459148848316
0.01626619863451383,0.6303765786423701,0.8831822462377856,1.5542634623539644,0.36996781693746383
0.016079509163714083,0.6305689304311636,0.8836650834661034,1.558561269007409,0.3710948581414337
0.015888960687899828,0.6307093184911927,0.884248897559982,1.5628729933874899,0.3722204014263154
0.01569459893779056,0.6307976427891568,0.8846358282766222,1.567198572105018,0.37334401260807104
0.01549647055927329,0.6308338404199673,0.8903347568246328,1.5715379490232044,0.3744674974248161
0.015294623102207978,0.630817885610206,0.8906045068074173,1.575891112042846,0.37559109159565657
0.015089105009015225,0.6307497897195249,0.8910467349710265,1.580258005558584,0.3767126238633894
0.014879965603050977,0.6306296012400304,0.8914864920552061,1.5846385629981967,0.37783219966951076
0.014667255076768759,0.6304574057936304,0.8919237926183614,1.589032716736016,0.37894973445676383
0.014451024479673759,0.6302333261272955,0.8923590349404433,1.5934403989809942,0.3800652305711406
0.014231325706071387,0.629957522106161,0.8927920559863007,1.5978615408305332,0.3811785541169436
0.014008211482612644,0.6296301907043523,0.8932228003177655,1.6022960716408188,0.38228972732314326
0.01378173535564025,0.6292515659933714,0.8934799244200213,1.6067439218346613,0.38339863986952943
0.013551951678337554,0.6288219191278679,0.8937015808021322,1.6112050138753609,0.3845046910505349
0.013318915597684096,0.628341558328556,0.8941322486541137,1.6156792598915923,0.3856076927549294
0.013082683041220445,0.6278108288620159,0.8945604961501183,1.6201665787967585,0.3867081755707872
0.012843310703626524,0.6272301130170792,0.8949871752895232,1.6246668932044588,0.38780595666307455
0.012600856033113969,0.6265998300774436,0.8954115778536569,1.6291801214459987,0.3889009023357695
0.012355377217640146,0.625920436290129,0.8955750049233323,1.6337061794292373,0.38999257077843746
0.012106933170942219,0.6251924248293533,0.8963291365955389,1.6382449645850174,0.39108050231027286
0.01185558351839908,0.62441632575534,0.8967486201429787,1.6427963925498565,0.3921657419123818
0.011601388582720517,0.6235927059675291,0.8971648871304494,1.6473603788983375,0.3932478837637349
0.011344409369471163,0.6227221691516399,0.8974225401371961,1.6519368369690313,0.39432704474115204
0.011084707552428383,0.6218053557199336,0.8975940688945662,1.6565256860255768,0.3954035021204225
0.010822345458781883,0.6208429427440215,0.8980045845024068,1.6611268451691692,0.3964769538749897
0.010557386054174608,0.6198356438794723,0.8985108339383125,1.6657402259774894,0.3975472633629026
0.010289892927591913,0.618784209281436,0.898912306702699,1.6703657475155698,0.3986147580229852
0.010019930276100084,0.6176894255104364,0.8993117630376147,1.6750033220938547,0.3996789161058157
0.009747562889439633,0.6165521154274146,0.9000438947884386,1.6796528606403667,0.40074001233781725
0.009472856134475953,0.6153731380770581,0.9007345184296628,1.684314284903546,0.4017985979699429
0.009195875939511588,0.6141533885583632,0.9011231203330868,1.6889875189190195,0.40285428053824485
0.008916688778463695,0.6128937978813298,0.9017787279941029,1.693672476953498,0.4039069901998413
0.008635361654910925,0.6115953328085958,0.902162753610191,1.6983690800167046,0.40495674580592084
0.008351962086012417,0.6102589956807662,0.9027764448058127,1.7030772394752296,0.40600328422714826
0.008066558086304345,0.6088858242240947,0.9031604591871106,1.7077968732935846,0.4070467589349835
0.007779218151376588,0.6074768913391162,0.9032982550487036,1.7125278902602574,0.4080868280101914
0.00749001124143431,0.6060333048687335,0.9036780043710312,1.717270204154145,0.4091236054775799
0.007199006764747617,0.6045562073441904,0.9037650873121014,1.7220237118069965,0.4101549958674316
0.006906274560994157,0.6030467757072802,0.9043768450948447,1.7267882609605896,0.4111806158125993
0.006611884884497539,0.601506221007047,0.9080347176797661,1.7315637473343304,0.41220184700245344
0.006315908387366892,0.5999357880691593,0.9083859249184157,1.7363500320737093,0.41321721713719733
0.006018416102541018,0.598336755136051,0.9088260907708792,1.7411470019615816,0.41422891882061913
0.005719479426740129,0.5967104334758364,0.9092627281569027,1.7459545715228866,0.41523763540548475
0.00541917010333146,0.5950581669579315,0.9096038815269653,1.7507726568146262,0.41624280516839807
0.005117560205111082,0.593381331593211,0.9099465216246148,1.7556011570442949,0.41724381106751757
0.004814722117006853,0.5916813350364846,0.910283419596555,1.7604399668559008,0.4182404475739423
0.004510728518706115,0.5899596160489652,0.9106224330100677,1.7652889763061985,0.4192325641969915
0.004205652367213358,0.5882176439183567,0.9111716598309071,1.7701480785842614,0.42022089345861996
0.0038995668793405263,0.5864569178341005,0.9116767164610886,1.7750171923790832,0.421206538247034
0.00359254551413533,0.5846789662152799,0.9121448380389731,1.7798962437553214,0.422189469370417
0.003284661955251662,0.5828853459886097,0.9125698503331637,1.784785158532177,0.4231696748045531
0.0029759900932658633,0.5810776418139056,0.9128949048874264,1.789683858654985,0.4241464002229467
0.0026666040079430346,0.5792574652543929,0.91524013928983,1.7945922359600641,0.42511770477382194
0.002356577950458578,0.577426453889184,0.9155577585842896,1.7995101505583773,0.4260831356460348
0.0020459863255780954,0.5755862703652557,0.9158650702222321,1.8044374807439874,0.4270437946082306
0.0017349036738006822,0.5737386013862541,0.917868011607779,1.8093741088652087,0.4279989498603662
0.0014234046534694793,0.5718851566354884,0.9181707837485251,1.8143198939608824,0.42894807995448375
0.0011115640228540836,0.5700276676305004,0.918470769469755,1.8192747110734035,0.42989219954455865
0.0007994566222090069,0.5681678865066786,0.9184299152110684,1.8242384271286927,0.430828411478309
0.0004871573558122233,0.566307584727458,0.9187323491085627,1.8292108220365941,0.43175508183092126
0.00017474117398851585,0.5644485517187541,0.9190319742029551,1.8341917441451048,0.43267646642011726
-0.0001377169448780521,0.5625925934254253,0.9189442019737494,1.8391810543867957,0.43358930832588527
-0.0004501420123388783,0.560741530787715,0.9188194957709234,1.844178498474075,0.4344884246296121
-0.0007624590478774654,0.5588971981358236,0.9186588396264076,1.8491837798074924,0.43537318446287127
-0.0010745930969044356,0.5570614415009769,0.9189700425035437,1.8541966078303989,0.436246655434159
-0.0013864692487463588,0.5552361168416298,0.919278829377983,1.8592168102299569,0.43711389994761385
-0.0016980126546238103,0.553423088183736,0.9196902185164288,1.8642442537255197,0.43797611972153966
-0.0020091485456149023,0.5516242256743309,0.9199935956207942,1.8692788412276018,0.4388339362099185
-0.002319802250599283,0.5498414035480712,0.9203983789473973,1.8743204525789197,0.4396866978552814
-0.002629899214178982,0.5480764980067481,0.9201984334568852,1.879368969025182,0.4405308218259209
-0.0029393650145711925,0.5463313850122516,0.9205000125086779,1.8844241183149573,0.4413623515250638
-0.0032481253814693823,0.5446079379939605,0.9207995602861632,1.8894857152925555,0.442187290320566
-0.0035561062138675698,0.5429080254720036,0.9212207053969068,1.8945536229320723,0.44300702528779734
-0.0038632335978443914,0.5412335085984434,0.9209807391483865,1.8996277224102975,0.44381780249413133
-0.0041694338243019324,0.5395862386189891,0.921393115311986,1.9047077352020743,0.4446166361815817
-0.004474633406655657,0.5379680542584698,0.9215181827659897,1.9097935252992408,0.4454121283530284
-0.004778759098470813,0.5363807790339624,0.9218190427364973,1.9148850081222013,0.44620292260586547
-0.005081737911041244,0.5348262185001105,0.923096013982723,1.9199820422881155,0.4469853713185068
-0.005383497130906282,0.533306157431897,0.9233896173740704,1.9250844261289506,0.4477585663907842
-0.005683964337301675,0.5318223569508076,0.923781626197326,1.9301920009920146,0.44852617682899004
-0.00598306741954016,0.5303765516010649,0.9240697374440753,1.9353046651985266,0.44928879727551513
-0.006280734594317796,0.5289704463833108,0.9237849619147096,1.9404222556159132,0.45003934494633685
-0.006576894422941452,0.527605713753831,0.9234660027973739,1.9455444192778628,0.4507699726884532
-0.006871475828473927,0.52628399059813,0.9242518095554008,1.9506707602898825,0.45148362757701294
-0.0071644081127918815,0.5250068751883156,0.924656783783653,1.9558010153469243,0.4521887133825241
-0.007455620973553272,0.5237759241344285,0.9249516174331038,1.9609350647500765,0.4528886958672216
-0.007745044521069351,0.5225926493404305,0.9252434283136554,1.9660727657962607,0.45358103444221926
-0.008032609295078017,0.521458514976154,0.92552780940048,1.9712139583288186,0.45426575344551245
-0.008318246281413887,0.5203749344769844,0.9259181595505739,1.9763584917826373,0.45494450812988096
-0.008601886928571337,0.519343267583506,0.9261954728736576,1.9815062637832088,0.45561800757546594
-0.008883463164156571,0.5183648174336837,0.926469793804689,1.9866571294162307,0.4562837398223432
-0.0091629074112247,0.517440827720409,0.9267415596150731,1.991810927936856,0.45694177242078293
-0.009440152604497792,0.5165724799274553,0.9270196081921499,1.9969674989373587,0.45759200213960305
-0.009715132206460277,0.5157608906569039,0.9272973224540013,2.002126679917157,0.4582343388866035
-0.009987780223327683,0.5150071090611297,0.9276686931445901,2.007288316134533,0.4588704673057795
-0.010258031220884705,0.5143121143922434,0.9281331215390192,2.012452293473323,0.4594990817079736
-0.01052582034018916,0.5136768136816515,0.9285391669940704,2.0176183994040877,0.46011832894408666
-0.010791083313137878,0.5131020395620163,0.9288954303817555,2.022786522249711,0.46073420431368234
-0.011053756477890687,0.5125885482433955,0.9291947884418652,2.0279565906206307,0.46134669343118534
-0.011313776794148885,0.5121370176547313,0.9294591062571711,2.0331285236537737,0.46195393376571664
-0.011571081858284739,0.5117480457611328,0.9290976783760388,2.038302143371172,0.46254677577332737
-0.01182560991831798,0.5114221490665662,0.9293656056140219,2.043477064180927,0.4631220404165324
-0.012077299888735966,0.5111597613106179,0.9296308074857543,2.0486530569301964,0.46368903807234324
-0.01232609136515396,0.5109612323669711,0.9298937293062232,2.053829952902569,0.46424765416826996
-0.012571924638811877,0.5108268273501273,0.9301537226017436,2.0590075833298664,0.4647979816426773
-0.012814740710904103,0.5107567259356969,0.9304109315196187,2.0641857829216446,0.4653401002369835
-0.01305448130673885,0.5107510218983558,0.9306789322642961,2.0693643939613007,0.46587583417153694
-0.013291088889723973,0.5108097228702552,0.9309375651102099,2.074543318893553,0.466406221279187
-0.01352450667517529,0.5109327503213403,0.9311704589331556,2.0797224090492654,0.46692820503260896
-0.013754678643944748,0.5111199397617135,0.9314244610542292,2.084901500568629,0.4674421808850921
-0.013981549555864722,0.5113710411648021,0.9310203430487402,2.0900803944189663,0.4679406914309768
-0.01420506496300535,0.5116857196087768,0.9312412719910207,2.0952586858409687,0.4684222075050916
-0.014425171222741865,0.5120635561323628,0.9314997759836366,2.1004362086453026,0.46889835057079404
-0.014641815510628467,0.5125040487999275,0.9318447758205192,2.1056128238664455,0.46936787704852573
-0.014854945833076002,0.5130066139695127,0.9314136799390231,2.110788396561499,0.4698247742196922
-0.01506451103983015,0.5135705877563851,0.9316766544560023,2.115962529474327,0.47026238307221063
-0.015270460836247234,0.5141952276835883,0.9319347164484403,2.1211349785025706,0.4706909857798122
-0.015472745795364744,0.5148797145100614,0.9321905937691588,2.1263055658344747,0.4711105764741566
-0.015671317369763474,0.515623154226008,0.9323954784319664,2.131474128376402,0.4715235243050984
-0.01586612790321874,0.516424580204477,0.9323560295987816,2.1366405823002896,0.47193324866462294
-0.016057130642137676,0.5172829554974628,0.9322532189999876,2.141804867951883,0.4723398343362194
-0.016244279746779774,0.5181971752643317,0.931888457976704,2.146966903249416,0.47273801692877504
-0.01642753030225824,0.5191660693199734,0.9315528665698322,2.1521264104097035,0.47311916586296754
-0.01660683832931945,0.5201884047898022,0.9318145290006448,2.1572830695806675,0.4734864942718543
-0.01678216079489759,0.5212628888585601,0.9313720771150468,2.162436638907594,0.47383738122828895
-0.016953455622442548,0.5223881715998343,0.9316491309720305,2.167586679160498,0.4741677281934012
-0.017120681702017866,0.5235628488732418,0.9319237783931787,2.1727329392343475,0.47448901896266493
-0.01728379890016727,0.5247854652764068,0.9321856675673019,2.17787524637951,0.47480131673591364
-0.01744276806954616,0.5260545171390983,0.9317098984883737,2.183013389882416,0.4750967642759389
-0.01759755105831694,0.5273684555472462,0.9311377692418412,2.188146903526336,0.47536741331651866
-0.01774811071930535,0.5287256893849587,0.9309565022811152,2.193275409453951,0.4756254530556118
-0.017894410918915412,0.5301245883831694,0.9312466378375245,2.1983987838450414,0.4758782148790964
-0.018036416545801525,0.5315634861640789,0.930703472889387,2.2035168610112175,0.47611774148178576
-0.01817409351929486,0.53304068327116,0.9310020399552749,2.2086293224158484,0.47634183797712387
-0.01830740879758272,0.5345544501751315,0.9312989243425466,2.213735957535094,0.47655703758554196
-0.018436330385638158,0.5361030302469906,0.9315932042984127,2.2188365998645483,0.47676326512736383
-0.01856082734289897,0.5376846426898744,0.9318865197943982,2.223931081167164,0.4769604557415691
-0.018680869790692993,0.539297485422244,0.9322440021082514,2.2290192452480113,0.47715096132030316
-0.018796428919409015,0.5409397379055916,0.9325086341412271,2.234101005653656,0.47733595884150753
-0.01890747699541079,0.5426095639106006,0.9327940798432046,2.2391762198175105,0.47751200198193144
-0.019013987367693164,0.5443051142163807,0.9330773005087727,2.2442447208717735,0.4776790387960169
-0.019115934474278045,0.546024529238104,0.9325991113209475,2.2493063022930673,0.4778289212814202
-0.019213293848349293,0.5477659415790523,0.9329016977685752,2.2543605211261952,0.4779596513117969
-0.01930604212412438,0.5495274785037146,0.9331643177471747,2.259407211233521,0.4780850315789635
-0.01939415704246238,0.5513072643292225,0.9334545649845153,2.264446236880017,0.47820176945062814
-0.019477617456205867,0.553103422732989,0.9337419057779855,2.2694774384528946,0.4783096336185739
-0.01955640333525614,0.5549140789749771,0.9340265859831058,2.274500654733664,0.47840868507057666
-0.01963049577138044,0.5567373620335664,0.9343088530568938,2.279515724861052,0.4784988064550594
-0.019699876982749696,0.5585714066544382,0.9340066893275986,2.2845224979690184,0.4785825011408979
-0.019764530318206273,0.5604143553123918,0.9342911946592727,2.2895209024508887,0.4786611653983527
-0.019824440261259988,0.5622643600863874,0.9335739135132846,2.2945107778286298,0.4787258406472895
-0.019879592433812168,0.5641195844484855,0.9328680007038759,2.299491756931508,0.47876859163095536
-0.019929973599606115,0.5659782049677226,0.9323851799326075,2.3044634043752805,0.4787864639591782
-0.01997557166740372,0.5678384129302104,0.9326917684016163,2.3094252241997846,0.47878332597965945
-0.020016375693887856,0.569698415877069,0.932995432125006,2.3143769816645867,0.4787715978555748
-0.020052375886287877,0.5715564390619913,0.9324803849856651,2.319318485500977,0.4787432541994191
-0.020083563604730428,0.5734107268304574,0.9327948164934421,2.324249303361695,0.4786943078488927
-0.020109931364312706,0.5752595439227889,0.9322499333225782,2.3291691679402686,0.4786289956884682
-0.020131472836899117,0.5771011767033597,0.9316730083483629,2.3340776162819754,0.47853564815376853
-0.02014818285263963,0.5789339343184107,0.9320067468129103,2.338974154447586,0.4784224355536729
-0.02016005740121067,0.5807561497849816,0.9313992118068817,2.3438585302133803,0.4782936775447173
-0.0201670936327775,0.5825661810135753,0.9307614884512254,2.348730305783762,0.47813816890798605
-0.02016928985867843,0.5843624117671687,0.9300992937860174,2.35358897816354,0.47795647375226646
-0.02016664555182974,0.5861432525592614,0.9304613210324748,2.3584340907266554,0.4777562661863973
-0.02015916134685236,0.587907141493607,0.929774067859843,2.3632654120692167,0.4775414760125996
-0.02014683903991959,0.5896525450483259,0.9301436874210423,2.3680825752477115,0.47730886723219573
-0.020129681588325968,0.5913779588070198,0.9305092269923105,2.3728853943209223,0.4770690661669529
-0.020107693109777457,0.5930819081395259,0.9308795587589532,2.3776737538805803,0.4768220237505545
-0.020080878881403422,0.5947629488348632,0.931245806048974,2.382447539446874,0.4765678887845803
-0.020049245338489903,0.5964196676889103,0.9316773967137055,2.38720664706699,0.4763084752943684
-0.020012800072935356,0.5980506830492658,0.9320332707546767,2.391951030449382,0.47604492106202484
-0.019971551831428642,0.599654645319686,0.9324545686549283,2.396680610197115,0.47577641394923903
-0.019925510513349683,0.6012302374264377,0.9328024059184963,2.4013953431609933,0.4755037567197566
-0.019874687168393763,0.6027761752487961,0.9331524541402286,2.4060951399986834,0.47522427089797703
-0.019819093993919703,0.604291208015875,0.9334852636074399,2.4107798950753287,0.47493803004518326
-0.01975874433202267,0.6057741186718685,0.9328022704866173,2.415449470174706,0.47463845864455456
-0.01969365266633164,0.6072237242117086,0.9320914370509081,2.4201035020743933,0.4743162985599662
-0.019623834618534126,0.608638875989075,0.9313530992423715,2.4247415821465395,0.4739726427564309
-0.019549306944626286,0.6100184599985705,0.9317349072735585,2.429363349845928,0.473614062444992
-0.019470087530892174,0.6113613971338367,0.9321122575721116,2.4339686600760233,0.4732496027068798
-0.01938619538961078,0.6126666434232626,0.9324854931470059,2.4385574284346516,0.47287932292743884
-0.01929765065449344,0.6139331902448838,0.9322448063577643,2.443129583071589,0.47250527859876756
-0.019204474575851428,0.6151600645219675,0.9314909271325751,2.447685083444771,0.4721230305291363
-0.019106689515496444,0.6163463289007112,0.9318730057491209,2.452223683235469,0.4717273795725391
-0.019004318941373534,0.6174910819114019,0.9310991038484839,2.456745231470067,0.4713213771699094
-0.01889738742192897,0.6185934581142976,0.9302982530371338,2.461249459082113,0.47089813415694215
-0.018785920620214346,0.6196526282314416,0.9294714703523791,2.465736068130574,0.4704588315507817
-0.018669945287726943,0.620667799265515,0.9286189360974221,2.47020478547966,0.47000483154850503
-0.01854948925798977,0.6216382146067925,0.9290491948306027,2.4746553887637215,0.4695412439421384
-0.018424581439871857,0.6225631541291907,0.9294734900306133,2.479087796734444,0.46907361707398204
-0.018295251810649865,0.6234419342763171,0.9298660747899073,2.4835019659837747,0.4686020441623415
-0.01816153140881414,0.6242739081383971,0.9302812030371357,2.4878978555532454,0.46812667281341447
-0.018023452326619057,0.6250584655208608,0.9307741982400706,2.492275431746375,0.46764852408512914
-0.017881047702381754,0.6257950330053521,0.9312598738560076,2.4966346939216417,0.46716897019227394
-0.01773435171252835,0.6264830740038231,0.9317382268666261,2.500975651750328,0.46668813353231264
-0.017583399563392214,0.627122088806368,0.9321292001521708,2.505298312198554,0.46620508300699104
-0.01742822748276461,0.6277116146233658,0.9308398334218118,2.5096026326525886,0.4657154029481362
-0.01726887271120001,0.6282512256224693,0.9312307846039631,2.5138884775182824,0.46521808523910835
-0.017105373493078658,0.6287405329609248,0.9315872642298987,2.5181557930912564,0.46471779910443467
-0.016937769067428065,0.6291791848136645,0.9319393985941358,2.5224045578001544,0.46421461748603027
-0.016766099658505857,0.6295668663975622,0.9323928805996609,2.5266347556592126,0.4637094070570338
-0.0165904064661462,0.6299032999922185,0.932765880910672,2.5308463953231386,0.4632026156300876
-0.01641073165587174,0.6301882449575659,0.9331038075763067,2.5350394674889385,0.4626931027971745
-0.016227118348774675,0.6304214977485946,0.9318331094929473,2.5392139434399605,0.4621787785259792
-0.016039610611167134,0.6306028919274069,0.9322012940520492,2.5433697386513394,0.4616591325107345
-0.015848253444006217,0.6307322981728171,0.9309232914361174,2.547506819063339,0.46113589239077846
-0.01565309277209341,0.630809624287641,0.9312912308027878,2.551625133410985,0.46060885151024517
-0.015454175433053155,0.6308348152038096,0.931654808958801,2.5557246746090714,0.4600803540808668
-0.01525154916609205,0.6308078529853871,0.9308346570948363,2.559805446031754,0.45954951172825254
-0.01504526260054155,0.6307287568295487,0.9299921882653204,2.5638674261311807,0.45901577934226356
-0.014835365244187028,0.6305975830655319,0.9303794617563798,2.5679106103459,0.4584806344732025
-0.01462190747138662,0.6304144251515541,0.9295145585683858,2.5719350162895416,0.4579448747117891
-0.014404940510981007,0.6301794136696194,0.9299117869635777,2.5759406773891285,0.45740906965297734
-0.014184516433999235,0.6298927163181577,0.9285956935933642,2.5799276323649765,0.4568741816029911
-0.013960688141161871,0.629554537902344,0.9289901819246712,2.5838959594442072,0.45634121011476
-0.013733509350184546,0.6291651203219547,0.9276658726778559,2.587845720430154,0.45581051837148795
-0.013503034582886774,0.6287247425565501,0.9267754436642518,2.5917770463489553,0.455285840254487
-0.013269319152106307,0.6282337206477622,0.92670628611578,2.595690086275815,0.45476528478207395
-0.013032419148424587,0.627692407678402,0.9271093599950941,2.5995849166708025,0.4542457158622117
-0.012792391426705492,0.6271011937480777,0.9275070867716356,2.603461596157564,0.45372735860048125
-0.012549293592449927,0.6264605059449628,0.9278991697913768,2.6073201850572416,0.4532101740622051
-0.012303183987971191,0.6257708083133302,0.9282870379390548,2.611160744277133,0.45269434060830643
-0.012054121678393164,0.6250326018163906,0.9273939508614059,2.614983352599103,0.45218294886554095
-0.011802166437474344,0.624246424293971,0.9264761957894437,2.618788201292776,0.4516814155360367
-0.011547378733263317,0.6234128504144756,0.9268858447727488,2.622575518844062,0.4511872907426212
-0.011289819713585957,0.6225324916205642,0.927289793347263,2.626345417864681,0.4506952951882524
-0.011029551191370694,0.6216059960679037,0.9276883350166146,2.6300979758160143,0.4502054093715403
-0.010766635629813507,0.6206340485563044,0.9281771974000907,2.633833266858686,0.4497170934439034
-0.010501136127387187,0.6196173704525022,0.9285641165073882,2.6375513484048643,0.44923013365369274
-0.01023311640269776,0.6185567196037798,0.9289452358792443,2.641252295783532,0.4487455849070565
-0.009962640779192695,0.6174528902415627,0.9293226870858123,2.6449361907966815,0.44826337045191106
-0.009689774169723218,0.6163067128740838,0.9296941893208932,2.648603115861473,0.4477836945010446
-0.009414582060965852,0.6151190541670978,0.930060954560286,2.6522531567794574,0.4473066829172485
-0.009137130497705735,0.6138908168116162,0.9304240598048316,2.655886401457825,0.4468323980368517
-0.008857486066986213,0.6126229393775222,0.9308772220925097,2.6595029347161834,0.4463601433927745
-0.008575715882128254,0.6113163961518729,0.9299807866824528,2.6631028447705467,0.4458946774462628
-0.00829188756662377,0.6099721969606138,0.9304454107828729,2.6666863909498275,0.4454391202046596
-0.008006069237905937,0.6085913869723646,0.9308076501250943,2.6702536882059698,0.44498530326550334
-0.007718329491001733,0.6071750464828369,0.9298941068141285,2.6738048509340206,0.44454041635155994
-0.007428737382069294,0.6057242906783882,0.9302670327815404,2.6773401789109084,0.44410763054868385
-0.007137362411824488,0.6042402693771238,0.9306296821240791,2.680859832095951,0.4436784469944464
-0.006844274508861706,0.6027241667458645,0.9309878439686899,2.6843639144381584,0.44325291855544097
-0.006549544012870617,0.6011772009912343,0.931444431198702,2.687852525724892,0.44283011022214924
-0.00625324165775557,0.5996006240230286,0.9317932060226116,2.691325736217838,0.4424095388355217
-0.00595543855465948,0.5979957210879324,0.9321377965739617,2.6947836422025206,0.4419927878909182
-0.0056562061748975535,0.5963638103715821,0.9324833646305467,2.6982263525883625,0.4415800423094326
-0.005355616332804654,0.594706242566884,0.9328164018390903,2.701653977607872,0.44117129450157255
-0.005053741168499867,0.593024400406406,0.9331456625848757,2.70506662827097,0.4407666510022659
-0.004750653130573633,0.5913196981566088,0.9334750859684012,2.7084644172299295,0.4403661447305987
-0.0044464249587001905,0.5895935810715652,0.9325731191469644,2.711847491846266,0.43997693013808936
-0.0041411296661804315,0.5878475248037922,0.9330157744172319,2.715216212240982,0.43960169719347547
-0.0038348405224190017,0.5860830347697135,0.9318520508459328,2.7185707806689057,0.43924037043315284
-0.0035276310353402457,0.5843016454672463,0.9321808370466732,2.721911700993809,0.438900797722257
-0.003219574933746423,0.5825049197429236,0.9332097023576383,2.725239202612259,0.43856454697535324
-0.0029107461496230957,0.5806944480059413,0.9341824930954687,2.7285533472973964,0.438229277948807
-0.002601218800396033,0.5788718473864843,0.9344895614095186,2.7318541896688284,0.4378966217805015
-0.0022910671711432818,0.5770387608356548,0.9347917533420175,2.7351418413005315,0.43756905549081104
-0.0019803656967671422,0.5751968561643406,0.9351055506603521,2.7384164310871872,0.43724668190025084
-0.0016691889441299388,0.5733478250183471,0.9340445401338763,2.7416781536947097,0.4369424936681763
-0.0013576115941585888,0.5714933817871634,0.934357172257661,2.744927597236338,0.43666341016716553
-0.0010457084239215548,0.5696352624437652,0.9346661582126057,2.748165029314641,0.43639004449498464
-0.0007335542886824377,0.5677752233129367,0.9349720725173872,2.7513905888861676,0.43612247123758896
-0.0004212241039353002,0.5659150397656673,0.934063057745834,2.7546044627978805,0.4358701396877152
-0.0001087928274252048,0.564056504837306,0.9331245931587454,2.757807170326061,0.43564765822589036
0.00020366455884116263,0.5622014277673056,0.9334297281928731,2.7609992891415316,0.435445843470028
0.0005160730665909992,0.5603516324585253,0.9337301488268742,2.764181057964421,0.43525006234994806
0.0008283577192820692,0.5585089558543045,0.9340275393863016,2.7673526186560578,0.43506036872702686
0.0011404435700966297,0.5566752462317303,0.9343194563413506,2.7705141141270837,0.43487683131221894
0.0014522557199287073,0.5548523614097763,0.9333048399631102,2.7736657686215973,0.43471586905407156
0.0017637193353590899,0.5530421668713267,0.9335946565975598,2.7768083039051836,0.434586077946456
0.0020747596666150685,0.5512465337984093,0.933877255246368,2.7799420320192247,0.43446278234444746
0.002385302065510263,0.5494673370203407,0.932948572683104,2.7830671871872505,0.43436347436237194
0.002695272003359588,0.547706452874926,0.9332273738843757,2.7861845321421637,0.4342972068009052
0.003004595088865866,0.5459657569832633,0.9335025450536552,2.7892943913794066,0.43423763166183277
0.003313197085973371,0.5442471219392303,0.9325323650290738,2.7923969713633636,0.43419626357151037
0.0036210039316841892,0.5425524149152389,0.9328127767339747,2.7954928225462905,0.4341788461263399
0.003927941753832834,0.5408834951864049,0.9337498043935515,2.7985821975730936,0.43416612815823014
0.00423393688881538,0.5392422115758814,0.9341653930358605,2.801665162086942,0.4341550672041411
0.004538915899268272,0.5376303998247137,0.9344269210324987,2.8047417740367253,0.4341478499981202
0.00484280559169294,0.5360498798902541,0.9348333252100031,2.807812153247894,0.4341454572160651
0.00514553303402198,0.5345024531778195,0.9338560811749647,2.8108764369652315,0.43415870558370384
0.005447025573122288,0.532989899710996,0.9341253493075335,2.813935168388714,0.43419661215429023
0.005747210852231797,0.5315139752466836,0.9343909836585161,2.8169886148959353,0.4342414159095386
0.006046016828324413,0.5300764083417153,0.9346528720502674,2.820036924767181,0.43429313978184064
0.0063433717894001975,0.5286788973785586,0.9349020860781765,2.8230802474333996,0.43435185164268686
0.0066392043716959155,0.5273231075583811,0.9351458272362219,2.826118732347657,0.43441755407712124
0.006933443576811771,0.526010667870392,0.9353977037694329,2.8291525291714694,0.43449026397623897
0.0072260187887510435,0.5247431680470851,0.935792282663259,2.8321817768232322,0.4345679029440565
0.007516859790867212,0.5235221555156399,0.9353456932641069,2.8352066540336374,0.43466986636384003
0.0078058967827158736,0.5223491323563221,0.9355804750154267,2.8382280027440983,0.4348094796758591
0.00809306039680648,0.5212255522792858,0.9358056905256106,2.841246176086145,0.43495626295367346
0.008378281715249987,0.5201528176316645,0.9360272683573114,2.844261322775005,0.4351101500698437
0.008661492286299165,0.5191322764472477,0.9366028270841398,2.8472735800620623,0.4352690077841755
0.008942624140776406,0.5181652195513784,0.9368137409156571,2.85028302186207,0.4354318429158094
0.0092216098083861,0.5172528777339666,0.9366039219865572,2.853289880869692,0.43562285078918245
0.00949838233390725,0.5163964190036539,0.9368165922434862,2.856295040500565,0.4358525576893214
0.009772875293262257,0.5155969459362316,0.937621713516742,2.859298844737076,0.436087114727329
0.010045022809458506,0.5148554931303408,0.936616848998828,2.862301422916668,0.43633795463286607
0.010314759568398483,0.5141730247833428,0.9366206479128503,2.865303443428346,0.43663632134622465
0.0105820208345548,0.513550432399922,0.9368265019744586,2.868305928710962,0.4369740267962021
0.010846742466506512,0.5129885326456302,0.9372150799104724,2.871309219592267,0.4373163920035729
0.011108860932332664,0.5124880653570139,0.9373533891159693,2.874313484361825,0.4376840269608818
0.011368313324859653,0.5120496917193688,0.9375055018040307,2.8773196977138618,0.43811202188287135
0.011625037376758726,0.5116739926223833,0.9376993028515822,2.880328943031645,0.43857814151068725
0.011878971475489736,0.5113614672031017,0.9378948612294324,2.8833415524698287,0.43905061898403147
0.012130054678087924,0.5111125315846633,0.9386295641903218,2.8863576347696767,0.4395272517064704
0.012378226725789919,0.5109275178182275,0.9388089180728642,2.8893772350511373,0.44000702406980796
0.012623428058495532,0.5108066730343713,0.9389929428555167,2.892400450660705,0.4404930531947286
0.012865599829061939,0.5107501588090221,0.9379243373896993,2.8954274571122074,0.44099697085169925
0.013104683917426687,0.5107580507477584,0.9388750243178903,2.898458882389502,0.4415451091737168
0.013340622944556192,0.5108303382909775,0.939067160109,2.9014956694430256,0.44212965823307215
0.013573360286216507,0.5109669247411186,0.937950843047522,2.904538178227414,0.44273068457565684
0.013802840086562851,0.5111676275117768,0.9368014116676935,2.907586942694137,0.44336412273942766
0.014029007271544615,0.511432178597192,0.9356195645431274,2.910642585561235,0.4440287227982282
0.014251807562123117,0.5117602252592836,0.9358338634249547,2.9137056538489796,0.4447134027941867
0.014471187487298072,0.5121513309281026,0.9366004282683057,2.916776322008108,0.44540128179600197
0.014687094396940516,0.5126049763103119,0.9368058507226662,2.91985461273897,0.44609134612125856
0.014899476474428547,0.5131205606991545,0.9370080526741028,2.922940586706616,0.4467860242874232
0.015108282749082965,0.513697403478201,0.9374294585713374,2.926034311358846,0.4474835241388823
0.015313463108400262,0.5143347458102088,0.9376236807259278,2.9291358020428304,0.44818298938627393
0.015514968310079088,0.5150317525014165,0.937814786879553,2.9322451154678917,0.44888686442035997
0.015712749993838235,0.5157875140308343,0.9380025472463087,2.935362323489436,0.44959508588011604
0.015906760693023072,0.5166010487333164,0.9381805639743742,2.9384874962084027,0.45030759493218653
0.016096953845997013,0.5174713051246214,0.9383566655003214,2.941620704564789,0.451024481564452
0.016283283807316407,0.5183971643561697,0.9371546879537426,2.9447620657189533,0.45175487144543675
0.016465705858684846,0.5193774427868263,0.9373405759017756,2.9479119667960982,0.45250299099812896
0.01664417621968573,0.5204108946587903,0.9379856527772217,2.9510705537174795,0.4532535379940296
0.01681865205828911,0.5214962148645238,0.938163829644184,2.9542378341287963,0.45400568058363694
0.016989091501131225,0.5226320417916338,0.9383356758801499,2.957413852173895,0.4547616315011596
0.0171554536435639,0.523816960232684,0.9385077115549212,2.9605986659980617,0.4555213005777266
0.017317698559471587,0.5250495043471185,0.9392462021792658,2.9637923247512603,0.4562833065930097
0.017475787310853266,0.5263281606627086,0.9397812895373864,2.966994828833312,0.45704537332934375
0.017629681957167423,0.5276513711043446,0.9385700434266785,2.9702062088670935,0.45781714968589177
0.017779345564437696,0.5290175360383849,0.9387429696646864,2.9734267910937997,0.45860460684061827
0.017924742214116714,0.5304250173212915,0.9413633174411628,2.976656774408408,0.45940905676850285
0.01806583701170659,0.5318721413418632,0.9415256060077214,2.9798966761161023,0.460236589668123
0.018202596095133052,0.5333572020469358,0.9419948048840938,2.9831466572256287,0.46106538064640085
0.01833498664287263,0.5348784639411308,0.9424057584028344,2.986406699186469,0.4618936730250769
0.018462976881829362,0.5364341650518551,0.9425587055724203,2.989676777274596,0.46272260151701583
0.018586536094960224,0.5380225198514881,0.9427090635109234,2.992956907363783,0.46355387458944824
0.018705634628647286,0.5396417221294029,0.9414762619253269,2.996247147434713,0.4643937444061641
0.018820243899814036,0.5412899478071607,0.9418684642136942,2.999547733895926,0.46524391281605465
0.0189303364027856,0.5429653576909691,0.9420224688986868,3.0028587102981885,0.4660943750784082
0.01903588571588974,0.5446661001561741,0.9407567832386708,3.0061801082610993,0.46695204983238797
0.019136866507797966,0.5463903137592503,0.9409198488489169,3.009512129137473,0.467819172687022
0.019233254543604875,0.5481361297734421,0.9410799498431455,3.0128548289182238,0.46868743311817646
0.019325026690644672,0.549901674644833,0.9412368306845524,3.0162082097290672,0.4695568761461279
0.01941216092404247,0.5516850723662494,0.9413910513893304,3.019572272829826,0.4704274123480384
0.019494636332000624,0.5534844467669948,0.9415497352388366,3.022947018020662,0.4712989290402986
0.0195724331208171,0.5552979237169554,0.946742583910856,3.026332476612138,0.47217781679178433
0.019645532619635947,0.5571236332441303,0.9473872683689814,3.029728856005365,0.4730657881009645
0.01971391728492848,0.5589597115651433,0.9479497134457805,3.033136179742039,0.4739525936494078
0.019777570704703092,0.5608043030286991,0.9483045346756477,3.0365544010944308,0.4748380962979083
0.0198364776024448,0.5626555619723865,0.9538238846826552,3.039983495028889,0.475726563720346
0.019890623840780764,0.5645116544935705,0.9526636379691864,3.0434235644028695,0.4766216251401177
0.01993999642487375,0.56637076013546,0.9514617362891434,3.0468746760565635,0.4775195084647823
0.019984583505540526,0.5682310734897348,0.9502198568631177,3.0503368427078237,0.4784180497604998
0.02002437438209591,0.5700908057173479,0.9503751043559618,3.0538100342599925,0.47931526491896714
0.02005935950492028,0.5719481859893837,0.9490933419215909,3.0572941901710458,0.4802100055665697
0.02008953047775232,0.5738014628500089,0.94777267869931,3.060789225652702,0.4811007660093737
0.020114880059703303,0.5756489055037448,0.9479487049286129,3.0642950264378253,0.4819870891725075
0.020135402166995255,0.5774888050294004,0.946590246649172,3.0678114919510464,0.48286851613297443
0.020151091874420903,0.5793194755231362,0.946775047859806,3.0713384716945287,0.48374372370028446
0.02016194541652576,0.5811392551731939,0.9453795914943462,3.0748758424688614,0.4846127338052082
0.020167960188511913,0.5829465072688987,0.9458219793396702,3.0784234197019527,0.48547440630820754
0.02016913474686289,0.5847396211465882,0.9460152496242437,3.081981094901391,0.4863327429063921
0.020165468809690328,0.5865170130751213,0.944592202381209,3.0855487523178677,0.4871834548218223
0.020156963256801597,0.5882771270836578,0.9431174831395586,3.0891261452784815,0.48802040088370197
0.02014362012948846,0.5900184357343567,0.9475824971729226,3.0927129664075674,0.488843197498006
0.020125442630037516,0.5917394408426533,0.9477300667983383,3.0963089480305546,0.4896562245196261
0.020102435120961316,0.5934386741477022,0.9483056041404906,3.099913940900093,0.49046486015285595
0.02007460312395173,0.5951146979355668,0.948450038800223,3.10352785329636,0.49126962876527586
0.020041953318554274,0.5967661056176538,0.9485910055858142,3.1071505710042646,0.4920690322469437
0.020004493540565656,0.5983915222668453,0.9487297128473368,3.110781967625716,0.49286290615025574
0.01996223278015269,0.5999896051137092,0.9488649194555501,3.1144219146454732,0.49365122005375206
0.01991518117969504,0.6015590440050951,0.949232557271883,3.1180702885282643,0.494434921416053
0.019863350031350927,0.6030985618273521,0.9493598405686982,3.1217269949339554,0.49521444687013194
0.0198067517743473,0.6046069148963198,0.9494801054179035,3.1253919139099984,0.49598838281266283
0.01974539999199396,0.6060828933161582,0.9496005840966131,3.129064916331981,0.49675654939574576
0.01967930940842436,0.6075253213090204,0.949717510524204,3.132745868898874,0.4975187595528734
0.01960849588506113,0.6089330575174486,0.9498306889685662,3.1364346360664634,0.49827498929668146
0.019532976416810066,0.6103049952813393,0.9484004386970226,3.1401310499132746,0.49901865603253365
0.019452769127981,0.6116400628911846,0.9485205207537727,3.1438347422187825,0.4997460710015043
0.019367893267938304,0.612937223819265,0.9470416748918705,3.1475454683713573,0.5004598783366917
0.019278369206480832,0.6141954769303487,0.9455162144545579,3.151262793112046,0.5011484237124432
0.01918421842895375,0.615413856673383,0.9439456663162461,3.1549861811541047,0.5018099950287427
0.01908546353109175,0.6165914332555935,0.9442195449742108,3.1587151172180055,0.5024533639929231
0.0189821282135961,0.6177273128003183,0.9443743816158547,3.1624494149817806,0.5030916722771525
0.018874237276447124,0.6188206374898199,0.9435447025276323,3.1661889260152534,0.503721748060484
0.0187618166129517,0.6198705856942737,0.9440759991017044,3.1699334734038858,0.5043448317017829
0.018644893203529644,0.6208763720880248,0.9442241297787298,3.173682944036634,0.5049626713475155
0.01852349510923769,0.6218372477541603,0.9443741274966381,3.1774371907778853,0.5055727913985488
0.018397651465035948,0.6227525002783746,0.9445189134508364,3.181196048263391,0.5061750588336876
0.018267392472794873,0.6236214538330206,0.9449090093914057,3.184959359517725,0.5067712657510469
0.0181327493940473,0.6244434692522131,0.945038722217527,3.1887270203470215,0.5073622375536883
0.01799375454248594,0.6252179440987593,0.9434259435485471,3.192498835084923,0.5079358212059263
0.01785044127620778,0.6259443127236466,0.9435672410053049,3.196274301983885,0.5084869291293298
0.01770284398970901,0.6266220463187716,0.9437045129007501,3.2000531547107953,0.5090298498143119
0.017550998105629767,0.6272506529635206,0.9438378438466296,3.203835223158878,0.5095645509230163
0.017394940066253334,0.6278296776657842,0.9439675516150837,3.2076203342304472,0.5100908504840769
0.017234707324760058,0.6283587023979226,0.9422976989754459,3.2114082632892798,0.5105984759603193
0.017070338336238836,0.6288373461281563,0.941275269337258,3.215198466488592,0.5110804576233018
0.01690187254845783,0.6292652648478178,0.941683054139029,3.218990619545731,0.511553476039204
0.01672935039239745,0.6296421515948486,0.941830898580703,3.222784600568591,0.5120208467183224
0.016552813272546967,0.6299677364738835,0.94201243082342,3.2265802626324316,0.5124816330691433
0.016372303556967883,0.6302417866732323,0.9421439875837128,3.2303775035659754,0.5129369371135121
0.01618786456712536,0.6304641064790193,0.9411291059655488,3.2341761576664485,0.5133816453538685
0.015999540567491508,0.6306345372867085,0.9400977519460684,3.2379759741518086,0.5138129660808364
0.015807376754922487,0.6307529576101997,0.9390698710196502,3.2417766801638774,0.5142306498680573
0.015611419247810725,0.630819283088652,0.9373395577497489,3.245577954005482,0.5146252202890559
0.01541171507501728,0.6308334664911496,0.9377619378245317,3.2493792095877354,0.514995816356371
0.01520831216458505,0.6307954977192832,0.9359917325323052,3.2531801694458466,0.5153490145258723
0.01500125933223631,0.6307054038077032,0.9361494619139767,3.2569802690569345,0.5156756941503383
0.014790606269656718,0.6305632489226447,0.936302669190779,3.2607792117282193,0.515993204471958
0.01457640353257021,0.630369134358399,0.9344838235318864,3.264576756747262,0.516289693326029
0.014358702528605431,0.63012319853168,0.932619952719145,3.2683722502171086,0.5165473021269226
0.014137555504958373,0.6298256169737797,0.930712543362009,3.2721649161780664,0.5167657592401582
0.013913015535853158,0.629476602320384,0.9309190861768691,3.2759540386595956,0.5169571326448866
0.013685136509804512,0.6290764042988802,0.9311205213247786,3.2797393208634418,0.5171390985985935
0.013453973116684835,0.6286253097129553,0.9315941031682453,3.2835205917614463,0.5173138542019045
0.013219580834598971,0.6281236424242299,0.9317865960268373,3.287297751392823,0.5174826481144075
0.012982015916569199,0.6275717633306594,0.9319453215226204,3.2910706428563463,0.5176420865514909
0.012741335377035725,0.6269700703413696,0.9299869217732976,3.2948390279636794,0.5177800284021443
0.012497596978172645,0.6263189983475709,0.9301517813905672,3.298602302741903,0.5178903705735546
0.01225085921602575,0.6256190191891302,0.9303462907511985,3.3023601715166224,0.5179914897197869
0.012001181306473555,0.62487064161637,0.9305275743062519,3.30611247091776,0.5180857292938535
0.011748623171015792,0.6240744112465826,0.9307154392394951,3.309859113341823,0.518174415957772
0.011493245422392714,0.6232309105147179,0.930898396767613,3.313599948068352,0.5182537085305033
0.011235109350038075,0.6223407586176508,0.9310269372283237,3.3173348116057157,0.5183261561827717
0.010974276905370103,0.6214046114513883,0.9290256587840982,3.321063557502485,0.5183809500367793
0.010710810686923635,0.6204231615405027,0.9269813374282412,3.3247855515904745,0.5183961671536703
0.01044477392532621,0.6193971379590535,0.9271377091506671,3.3285000833910066,0.5183844760539883
0.010176230468123734,0.6183273062421601,0.9273358396569401,3.332206870596889,0.5183637689039305
0.009905244764456806,0.6172144682873786,0.9277803653006828,3.335905759355077,0.5183363448124001
0.009631881849593541,0.6160594622449178,0.927971584106833,3.339596664839788,0.5183032987358602
0.0093562073293213,0.6148631623957136,0.9281096071337277,3.3432794468696927,0.5182614158561466
0.009078287364201673,0.6136264790162738,0.9266938300143069,3.346953923129863,0.5182060963968791
0.00879818865369214,0.6123503582291685,0.9252844347737313,3.3506197487253475,0.5181304391089292
0.008515978420138872,0.6110357818379346,0.9254840900941311,3.3542765597889463,0.5180392121747011
0.008231724392643157,0.6096837671451236,0.9256803013476241,3.357924155414984,0.5179393490823379
0.007945494790807086,0.6082953667521206,0.9258734378520946,3.361562381701661,0.5178308746384824
0.007657358308361126,0.6068716683392862,0.9260059004303186,3.3651910857931804,0.5177138534157126
0.007367384096678062,0.6054137944249083,0.9261903639795395,3.3688101178465217,0.5175884219489063
0.007075641748176693,0.6039229021013471,0.9266426537752618,3.3724193392112234,0.517456705059066
0.006782201279620278,0.6024001827466964,0.9268174912837004,3.3760186768020044,0.5173198302572203
0.006487133115312667,0.6008468617101722,0.9254030620079,3.379607980315383,0.5171696977572964
0.006190508070196932,0.5992641979693867,0.9255227014809919,3.3831869316318843,0.5170039869197589
0.00589239733286002,0.597653483757553,0.9256381640967618,3.3867553415309737,0.5168302825089637
0.005592872448447933,0.5960160441586082,0.9257499370619938,3.3903130710819704,0.5166485758948519
0.005292005301495124,0.5943532366681235,0.9236742956265208,3.393859927470661,0.5164479719961259
0.004989868098672658,0.5926664507178414,0.9215595899340309,3.397395339819649,0.5162126817439311
0.004686533351458838,0.590957107161543,0.9217586674647114,3.400918702651905,0.5159541494788545
0.004382073858737059,0.5892266577199224,0.9219527502548555,3.4044297854364616,0.5156881477877563
0.004076562689324026,0.5874765843820495,0.9220733358466701,3.407928465783511,0.5154149312068824
0.0037700731644338694,0.5857083987609412,0.9225352672410354,3.4114146351561034,0.5151364635392285
0.003462678840081475,0.5839236414007093,0.9226479144113563,3.414888242032861,0.5148537521709944
0.0031544534894288913,0.582123881032698,0.9228253365721777,3.418349190647237,0.514564079557671
0.002845471085080966,0.5803107137780009,0.9229397613515407,3.4217973773666177,0.514269553136421
0.00253580578133153,0.5784857622936714,0.9230078024895214,3.4252327731891437,0.5139733439269325
0.0022255318963669414,0.5766506748599967,0.9232313260955167,3.4286553692817674,0.5136752931751172
0.0019147238944302635,0.5748071244061261,0.9233809108857747,3.432065151394923,0.5133752283749715
0.0016034563679500514,0.5729568074714212,0.9219423578613412,3.4354620708826173,0.5130660965646248
0.0012918040196384527,0.5711014430998738,0.9219943049519504,3.438845864965349,0.5127443989621395
0.0009798416445631153,0.5692427716650335,0.9198864750082165,3.442216396358174,0.5124096511327368
0.0006676441121965488,0.5673825536229247,0.9200727103327417,3.445573256853851,0.5120547818724718
0.00035528634844798755,0.5655225681905368,0.9185067978905429,3.4489162356231526,0.5116889573193529
4.284331768129424e-05,0.5636646119476107,0.9185408084291852,3.4522450759866206,0.5113115724562852
-0.0002696099952759459,0.5618104973595618,0.918531892248915,3.4555597141398153,0.510933104715092
-0.0005819986031284263,0.5599620512195685,0.9184773625398955,3.4588601568847595,0.5105535490116904
-0.0008942475341098016,0.558121113008086,0.9183770692474073,3.4621464110512603,0.5101729078013173
-0.0012062818499755247,0.5562895331682375,0.9166925314953395,3.4654184496933667,0.5097844888455524
-0.0015180266639875253,0.5544691712958564,0.9145646875392587,3.468675999423036,0.5093756593309049
-0.001829407158886962,0.552661894243231,0.9150311639515386,3.471918675817475,0.508951680210687
-0.0021403486048497213,0.5508695741359703,0.9128769338660916,3.4751463429644147,0.5085176915343561
-0.002450776377421347,0.549094086302771,0.9130863939176987,3.478358704844378,0.5080685894084612
-0.0027606159754264862,0.5473373071183197,0.9129998868640323,3.4815556353943657,0.5076163304125728
-0.0030697930388489526,0.5456011117599815,0.9132046649756796,3.48473712881053,0.5071619293633364
-0.003378233366677651,0.543887371879467,0.9134054421111792,3.4879031409180543,0.5067029374054258
-0.0036858629347144836,0.5421979531911649,0.9136011958197309,3.4910536114895545,0.5062394500508475
-0.003992607913339732,0.540534712979427,0.9134801995730669,3.494188490563558,0.5057731106546435
-0.004298394685231017,0.5388994975276641,0.9136714007828944,3.497307776062814,0.5053047509262126
-0.004603149863030934,0.537294139472768,0.913859616805199,3.5004114297957423,0.5048322482786185
-0.004906800306959628,0.5357204550890213,0.9140441501078884,3.5034994009661524,0.5043556905247362
-0.005209273142368188,0.5341802415063333,0.9142246439563114,3.5065716425239812,0.503875318354303
-0.005510495777228056,0.5326752738683456,0.914400611280534,3.509628109783718,0.5033911270677208
-0.0058103959195527416,0.531207302436672,0.9148391463543994,3.512668762363588,0.5029040685656777
-0.006108901594747732,0.529778049648217,0.9150081338108301,3.515693590487524,0.5024147563760057
-0.006405941162883765,0.5283892071332924,0.9132159663703789,3.518702545304146,0.5019184859103872
-0.0067014433358904444,0.5270424327029002,0.9110701086548375,3.5216954505895766,0.5014096136727444
-0.006995337194664643,0.5257393473142747,0.9092177012658887,3.5246720830339417,0.5008890984858818
-0.0072875522060910445,0.5244815320244487,0.9094050292977526,3.5276322942966525,0.5003624234916093
-0.0075780182399695604,0.5232705249421981,0.9095905024733684,3.530576044547067,0.49983342125867786
-0.007866665585846389,0.5221078181893697,0.9097711029604632,3.533503320871768,0.4993021292482924
-0.008153424969744054,0.5209948548830664,0.9102163074065668,3.5364141139975924,0.49876920446035866
-0.008438227570786942,0.5199330261506916,0.9103898117363958,3.539308433799586,0.4982350676134605
-0.008721005037717876,0.5189236681902181,0.9105597514440923,3.5421862790659993,0.49769897297295757
-0.009001689505302219,0.5179680593883843,0.9107258720253346,3.5450476448408215,0.4971610501939719
-0.009280213610615063,0.5170674175097459,0.9108896947429512,3.5478925282998497,0.49662142155722133
-0.009556510509208119,0.5162228969696444,0.9110501294557767,3.5507209313906904,0.49608031483529147
-0.009830513891152004,0.5154355862041858,0.9112073664617442,3.5535298358407608,0.49523582603490574
-0.010102157996950288,0.5147065051502443,0.9093851207450758,3.556316275290637,0.49439394423853683
-0.010371377633321587,0.5140366028483053,0.9075748098576767,3.5590803700410616,0.4935563820564376
-0.010638108188845419,0.513426755180671,0.9077367100751831,3.5618222447680075,0.49272196381326616
-0.010902285649468832,0.5128777627570952,0.9078958528792074,3.564541983691154,0.4918889988329369
-0.011163846613869417,0.5123903489593981,0.9061034317617652,3.567239667546386,0.49105873920324
-0.011422728308671207,0.5119651581559407,0.9058239833347208,3.5699154104127233,0.4902316649852
-0.011678868603510157,0.5116027540960515,0.9054892239339946,3.572569295953146,0.48940597725961366
-0.011932206025945021,0.5113036184936378,0.9051001759272809,3.5752013967830067,0.4885818080347563
-0.012182679776210502,0.511068149808235,0.9055223384729809,3.577811786690658,0.4877590304759163
-0.012430229741808838,0.5108966622306563,0.9034479148075438,3.580400540420515,0.4869389323230431
-0.012674796511936596,0.5107893848792925,0.903621881274184,3.5829677805724005,0.486122537065102
-0.012916321391742865,0.5107464612118615,0.9037927751091364,3.585513593521934,0.48530746574680217
-0.01315474641641593,0.5107679486561584,0.9039609343947713,3.5880380474855573,0.4844936898662314
-0.013390014365094316,0.5108538184620418,0.9041265794972402,3.5905412125917713,0.4836813480255717
-0.013622068774599653,0.5110039557755491,0.9022332909147616,3.593023165422934,0.48287156014445315
-0.013850853952987597,0.5112181599346909,0.9026562410323151,3.595484017033908,0.4820648103512163
-0.014076314992913536,0.5114961449851421,0.9021454455151028,3.5979238417167525,0.4812590180173496
-0.014298397784810136,0.5118375404127047,0.9015756612301027,3.6003427057059323,0.4804546572312133
-0.014517049029873408,0.5122418920881577,0.9009535288332761,3.6027406822290415,0.47965198427395594
-0.014732216252854105,0.5127086634188497,0.898928542736351,3.605117852825397,0.4788522444723396
-0.014943847814651509,0.5132372367002396,0.8991069224595746,3.607474339373551,0.47805623378253015
-0.015151892924706707,0.5138269146594783,0.8992476296044227,3.6098102266339267,0.47726148413402136
-0.015356301653191946,0.5144769221821222,0.8973137633289783,3.612125584101465,0.4764689256391351
-0.015557024942993564,0.5151864082121558,0.8966182294138756,3.614420514750993,0.4756793652392574
-0.015754014621485526,0.5159544478146889,0.896796069128434,3.6166951006340846,0.4748913802616916
-0.0159472234120906,0.5167800443900042,0.8969715355518918,3.6189494100185127,0.47410454431033733
-0.01613660494562646,0.5176621320270256,0.8971438693820408,3.621183507721376,0.4733190958615153
-0.016322113771434114,0.5185995779838445,0.8951355982034014,3.62339746899505,0.4725364123819163
-0.01650370536828591,0.5195911852825553,0.8953189158331847,3.625591410538288,0.4717571850602347
-0.01668133615507024,0.5206356954054522,0.8933488895050244,3.6277654175859158,0.4709803267876954
-0.0168549635012509,0.5217317910794992,0.8937892154744096,3.6299195956157333,0.4702064549629595
-0.0170245457370983,0.5228780991359967,0.8918440398606426,3.6320540210259327,0.46943448787570624
-0.017190042163689846,0.5240731934324535,0.8898303429951019,3.634168799181226,0.46866688305090043
-0.01735141306267763,0.5253155978238843,0.8878119366007421,3.63626406267688,0.46790401620124256
-0.017508619705820353,0.5266037891710353,0.8880227611337095,3.6383399396066753,0.4671446255664774
-0.017661624364278466,0.5279362003734217,0.8882341074385749,3.640396508714941,0.46638646060901345
-0.017810390317668272,0.5293112234155003,0.8862273402702645,3.6424338401613907,0.4656309699461516
-0.017954881862875104,0.5307272124148295,0.8864499726831848,3.644452047119569,0.46487884694612697
-0.01809506432262177,0.5321824866616245,0.8866697174056588,3.646451206634989,0.4641279670883164
-0.01823090405379069,0.5336753336397573,0.8846778802251519,3.6484313888317916,0.46337975407363713
-0.018362368455498504,0.5352040120198662,0.8828237977132165,3.650392711277241,0.4626358716734787
-0.018489425976919875,0.5367667546159727,0.8808213760890115,3.652335288861005,0.4618959434356512
-0.018612046124859588,0.53836177129767,0.878827895480856,3.6542592498869904,0.46116083408399305
-0.018730199471070703,0.5399872518506758,0.8793342245006321,3.6561647183000225,0.46042882240925187
-0.018843857659317276,0.5416413687792578,0.8797882675628831,3.65805176118921,0.4596975572387921
-0.018952993412179698,0.5433222800447572,0.8800360764215722,3.659920432159828,0.4589672732334328
-0.01905758053760124,0.5450281317351299,0.8780650533657383,3.661770796862908,0.458239526102227
-0.019157593935173765,0.5467570606611234,0.8785692869541324,3.663602962289274,0.45751480398180827
-0.01925300960216193,0.548507196875372,0.8766158281709784,3.6654170021079673,0.4567923648613225
-0.01934380463926372,0.5502766661113119,0.8756184626358771,3.6672130225956,0.45607327654104923
-0.019429957256106047,0.5520635921394766,0.8736319964982916,3.668991110147244,0.45535710716541444
-0.019511446776474418,0.5538660990392549,0.8716656914639094,3.6707513832837666,0.45464564902333954
-0.01958825364327508,0.5556823133847882,0.8697222948792301,3.6724939708323654,0.4539388164194592
-0.01966035942322876,0.557510366344157,0.870039732725858,3.674218990368707,0.4532348729898497
-0.019727746811294355,0.5593483956915006,0.8681326249516498,3.6759265155664314,0.4525333598835515
-0.019790399634822188,0.5611945477321467,0.8662538902145558,3.6776166574386924,0.45183630353591003
-0.019848302857435347,0.5630469791412005,0.8666015398557683,3.6792895318615932,0.4511421967193695
-0.019901442582638387,0.5649038587164371,0.8647647591450647,3.6809452126120394,0.4504504810662335
-0.01994980605715232,0.5667633690466313,0.8629616619101541,3.682583807700486,0.4497630549526261
-0.01999338167397545,0.5686237080967715,0.861194680261062,3.684205436616741,0.4490798446891133
-0.020032158975168853,0.5704830907118246,0.8617966027055568,3.6858102093212772,0.44839932954425626
-0.02006612865436646,0.5723397500409779,0.8600708939126258,3.687398189745882,0.4477206358762785
-0.02009528255900831,0.5741919388844227,0.8583853899631068,3.688969478661224,0.447046093325385
-0.020119613692297124,0.5760379309649493,0.8589332079026989,3.6905241825307558,0.446373898345183
-0.020139116214877798,0.5778760221267171,0.8572274339899453,3.692062358294884,0.4457033692110577
-0.02015378544623857,0.5797045314636748,0.8580217500656051,3.6935840965655684,0.44503546182531356
-0.0201636178658343,0.5815218023802046,0.8563593224226376,3.6950894609010336,0.4443693546966786
-0.02016861111393142,0.5833262035865865,0.8571466189864355,3.696578541455902,0.4437058603115554
-0.020168763992174363,0.585116130031956,0.8555331645769845,3.6980514026339777,0.44304427055122875
-0.02016407646387328,0.5868900037774004,0.8539708584814394,3.699508138566494,0.4423862349487856
-0.020154549654012168,0.5886462748118977,0.8524612588913975,3.700948852710782,0.4417318364382863
-0.020140185848979784,0.5903834218137263,0.8531360808776959,3.702373641976322,0.44107963974201464
-0.02012098849602043,0.5920999528600105,0.851683357210338,3.7037825621868814,0.44042888950405806
-0.02009696220240666,0.5937944060869766,0.8525375677465519,3.7051756911009646,0.439780121813211
-0.020068112734333628,0.5954653503034935,0.8533505234620252,3.706553075366792,0.439131450436993
-0.020034447015535178,0.5971113855603706,0.851955419440447,3.7079147548834337,0.4384841653938118
-0.019995973125622145,0.5987311436778712,0.8506160471076891,3.7092608125880133,0.4378400182051301
-0.01995270029814342,0.6003232887337961,0.8514627242415747,3.7105913357536093,0.4371978020473386
-0.01990463891837003,0.6018865175144253,0.8520159342222131,3.711906372422678,0.43655599159242514
-0.019851800520802303,0.6034195599305485,0.8507541243772834,3.7132059689709536,0.4359157524027433
-0.019794197786402012,0.6049211794007066,0.8513238093510554,3.7144902024432698,0.43527755333078955
-0.019731844539548973,0.6063901732037101,0.8518885878370072,3.7157591237388536,0.43463982864467393
-0.019664755744723122,0.6078253728023918,0.8507116663040657,3.717012779391679,0.43400378885935836
-0.01959294750291316,0.609225644140495,0.8495978010356389,3.718251250717036,0.4333705099153056
-0.019516437047752397,0.6105898879144809,0.8502059884370134,3.719474616502703,0.43273898332775135
-0.019435242741382815,0.6119170398219892,0.8508095934392568,3.720682925300878,0.4321079850531993
-0.019349384070048273,0.6132060707885726,0.8497848341798127,3.7218762213497296,0.43147826200859063
-0.019258881639417656,0.614455987174264,0.8488157458684201,3.723054575086867,0.4308508871437754
-0.019163757169639924,0.6156658309614446,0.8495314244789196,3.7242180589235727,0.43022505168212244
-0.01906403349013124,0.6168346799253948,0.8486255386767041,3.7253667211298853,0.42960031860125064
-0.018959734534095916,0.6179616477888596,0.8492853258159521,3.7265006236783704,0.42897695894963295
-0.018850885332782796,0.6190458843618502,0.8502839180970684,3.727619808978449,0.42835387469660285
-0.01873751200947774,0.6200865756678491,0.8509312472742839,3.728724309454537,0.4277308726567144
-0.01861964177323403,0.6210829440575207,0.8515737212855594,3.7298141601405237,0.42710835294125543
-0.01849730291234268,0.6220342483109436,0.852261919318626,3.7308893979839666,0.4264860588596542
-0.018370524787542947,0.6229397837293295,0.8532397066461768,3.7319500557012097,0.4258638687691071
-0.01823933782497628,0.623798882217121,0.8541893750016772,3.7329961618412497,0.42524162037461777
-0.01810377350888399,0.6246109123553024,0.8548012929236372,3.7340277474481947,0.4246196498840306
-0.017963864374051224,0.6253752794667031,0.854024833602015,3.735044852292435,0.42399867102567246
-0.01781964399799862,0.626091425674003,0.8549770093333644,3.7360475317757103,0.4233787727014718
-0.017671146992924273,0.6267588299511138,0.8556005242178811,3.7370358232441174,0.42275894065895153
-0.017518408997396588,0.6273770081685416,0.8562537428537562,3.738009755171745,0.4221390713181469
-0.017361466667801185,0.6279455131332894,0.8568992599373583,3.738969358799218,0.42151950027798446
-0.01720035766954406,0.62846393462382,0.8562043806349783,3.739914672753098,0.4209008508692459
-0.0170351206680112,0.6289318994205414,0.8555542075037537,3.740845753993072,0.4202838672654132
-0.016865795319289896,0.6293490713322332,0.8562052653388716,3.7417626621105065,0.41966807312172355
-0.016692422260651114,0.6297151512187944,0.8568514880428726,3.742665437454724,0.41905254153090005
-0.016515043100796586,0.6300298770106529,0.8575073687167671,3.7435541141994095,0.4184373931396479
-0.01633370040987328,0.6302930237251249,0.8581557088252074,3.744428727552541,0.41782250134857674
-0.016148437709256523,0.6305044034799817,0.8587846112975608,3.745289311043191,0.4172079385199647
-0.015959299461105216,0.6306638655044507,0.8594202068103838,3.7461359000157413,0.416593745295119
-0.015766331057690965,0.6307712961478238,0.8600389262077202,3.7469685281609824,0.41597980307303883
-0.015569578810504336,0.630826618885811,0.8606537409164401,3.7477872314767184,0.4153664091064994
-0.015369089939140214,0.6308297943247615,0.8612650831207449,3.748592047532785,0.4147534152144036
-0.015164912559965278,0.6307808202038211,0.8607591219568933,3.7493830123305005,0.4141410028516755
-0.014957095674570535,0.6306797313950495,0.8613881641362922,3.7501601701051643,0.4135293706682364
-0.014745689158010729,0.6305265999015168,0.8620137038944121,3.7509235579422175,0.4129180539568283
-0.014530743746835316,0.6303215348533443,0.8626356018516598,3.7516732091202,0.4123070102311594
-0.01431231102691102,0.6300646825016045,0.8632535340436192,3.7524091573797476,0.4116963379037597
-0.01409044342104215,0.6297562262099973,0.8638679798415568,3.7531314358063823,0.4110857979332618
-0.013865194176389086,0.6293963864441546,0.8649082360876142,3.7538400733759802,0.4104753400965175
-0.013636617351689327,0.6289854207583919,0.8734868613719033,3.7545350826453356,0.40986176234624133
-0.013404767804283598,0.6285236237797022,0.8743734561811934,3.7552163814600603,0.4092435288584643
-0.013169701176950398,0.6280113271887345,0.8799838993989652,3.755883955682399,0.40862293787441406
-0.012931473884551828,0.6274488996974706,0.8797815693280462,3.756537749743898,0.4079990107146191
-0.01269014310049453,0.6268367470232615,0.8802079626675702,3.757177780170627,0.40737592584823695
-0.012445766743008317,0.6261753118588601,0.8809884307746875,3.7578040895826756,0.40675351778795577
-0.012198403461245927,0.6254650738380331,0.8817324133824719,3.758416717371989,0.40613163665594887
-0.011948112621207587,0.6247065494962777,0.8821780770218011,3.7590156996829425,0.4055101155921084
-0.01169495429149333,0.6239002922261572,0.8826218609387796,3.7596010716741883,0.40488906827255544
-0.011438989228887269,0.6230468922266852,0.8830638302372774,3.760172870857665,0.40426852473397235
-0.011180278863775648,0.6221469764461586,0.8835041264844071,3.76073113371224,0.4036484674871531
-0.01091888528540422,0.6212012085177826,0.8839429720061042,3.761275896779975,0.40302883548396135
-0.010654871226977156,0.6202102886873732,0.884380355395245,3.7618071964247717,0.4024097495759535
-0.01038830005060107,0.6191749537323732,0.8851159311054757,3.7623250702844424,0.4017911473024015
-0.010119235732078721,0.6180959768713536,0.8849750431492612,3.762829554588328,0.4011730182675669
-0.009847742845555013,0.616974167663109,0.8856936365702448,3.763320682988981,0.4005551195502486
-0.009573886548019448,0.6158103718944,0.8867872672313255,3.7637984847479773,0.39993690955090505
-0.009297732563668932,0.614605471455324,0.8872185456813103,3.7642629709152846,0.3993181468961596
-0.009019347168134054,0.613360384201232,0.8876109486172616,3.7647141705056084,0.39869983092778555
-0.008738797172573537,0.6120760638000284,0.8880372987896675,3.7651521202233225,0.3980820748236236
-0.00845614990763949,0.6107534995636295,0.8879069258260447,3.765576857752892,0.3974648711899742
-0.00817147320731884,0.6093937162622801,0.8883375281183118,3.7659884200970035,0.3968481914287792
-0.007884835392653153,0.607997773920342,0.8887660385753237,3.7663868435289953,0.3962319512197729
-0.007596305255341949,0.606566767592092,0.8891917726546863,3.7667721630589703,0.3956162048325648
-0.007305952041233319,0.605101827115998,0.8896144940765084,3.7671444156149,0.3950009970692966
-0.007013845433704781,0.60360411684584,0.8900344111548674,3.767503637414113,0.3943862750904901
-0.006720055536940051,0.6020748353569731,0.8907217936567051,3.7678498634528763,0.39377197673668046
-0.0064246528591040105,0.6005152151259441,0.8911335323620245,3.7681831306253804,0.3931583620423312
-0.0061277082954214225,0.5989265221815819,0.891542415960901,3.7685034773664223,0.3925452353224071
-0.005829293111162209,0.5973100557256013,0.8919485066417016,3.768810938499557,0.3919326191732439
-0.0055294789245380884,0.5956671477206809,0.8923519967158187,3.76910555028639,0.3913204970600455
-0.0052283376895146385,0.5939991624438896,0.8927529551593643,3.7693873489358407,0.3907089546764151
-0.004925941678542767,0.5923074960032451,0.8931510967655977,3.769656370738182,0.39009787666767215
-0.00462236346521369,0.5905935758151258,0.8935467519393605,3.7699126499885818,0.3894872257237656
-0.004317675906841169,0.5888588600401965,0.8939396427517075,3.7701562215430253,0.3888771081298175
-0.004011952126976783,0.5871048369753792,0.8943294094285767,3.770387121278273,0.3882675108883444
-0.003705265497860048,0.5853330243994246,0.8947162286135545,3.770605385808665,0.38765845932965254
-0.0033976896228099813,0.5835449688695099,0.8951015090586754,3.770811050215568,0.3870499116002617
-0.0030892983185599496,0.5817422449662787,0.8949363031196026,3.77100414934175,0.38644178032170085
-0.0027801655975427655,0.5799264544846894,0.8953155218508866,3.771184716700959,0.3858341397680547
-0.0024703656501276175,0.5780992255680177,0.8956937090438759,3.771352788357753,0.38522708355477814
-0.0021599728268146988,0.5762622117823334,0.8963462361475893,3.7715084010455544,0.38462059296925377
-0.0018490616203917227,0.5744170911287904,0.8967141319054814,3.7716515907794372,0.3840146462406628
-0.0015377066480556855,0.5725655649910598,0.8970790244766493,3.7717823918789097,0.38340915123274316
-0.0012259826335055367,0.5707093570152985,0.8974404539257556,3.771900839255487,0.3828041887775317
-0.0009139643890082881,0.5688502119200829,0.8971981699182658,3.772006967622531,0.38219971689596854
-0.000601726797445055,0.5669898942338111,0.8975554476863601,3.772100812378914,0.3815958312474711
-0.0002893447943387878,0.5651301869571954,0.8979063815655359,3.7721824097594077,0.3809925248952122
2.3106650129131267e-05,0.5632728901485715,0.8982533196453862,3.7722517954464605,0.3803897562985804
0.0003355525491118144,0.5614198194299181,0.8979932036545908,3.772309005302423,0.37978764666411047
0.0006479179170934479,0.5595728044116614,0.8983444317848954,3.772354078552081,0.3791862668550181
0.000960127787884977,0.5577336870345411,0.8986885992579947,3.772387051295833,0.37858540301949206
0.0012721072326161993,0.555904319827094,0.8983569705609062,3.772407958335511,0.3779851655108892
0.001583781377717885,0.5540865640775358,0.8979503892870032,3.772416841471002,0.37738601892486867
0.001895075422891272,0.5522822879192145,0.897466820383512,3.772413746796936,0.37678798297528543
0.0022059146590598633,0.5504933643290936,0.8969085338695052,3.7723987218049846,0.3761912033517235
0.002516224486299068,0.5487216690391512,0.8962697188320549,3.7723718172262535,0.3755958774326995
0.00282593043173982,0.5469690783610105,0.8966082735199432,3.772333085260842,0.37500171700609
0.0031349581674419117,0.5452374669245776,0.8969226702066834,3.7722825656032772,0.37440820107740064
0.0034432335282321676,0.5435287053319479,0.8960856498102668,3.772220298809829,0.3738160056470153
0.0037506825295037577,0.5418446577284322,0.8964678550579998,3.772146343185328,0.3732254152193414
0.004057231384972203,0.5401871792930705,0.8967819582744968,3.772060742928022,0.37263558857915846
0.004362806524383706,0.5385581136516626,0.8970910675070085,3.7719635365222888,0.37204649900374503
0.004667334611171587,0.536959290215929,0.8961169759072568,3.7718547643777725,0.37145878510421915
0.004970742560056841,0.535392521453139,0.8964284255858348,3.771734488666819,0.3708728897090541
0.005272957554588119,0.5338596000911681,0.8957287934642673,3.7716027569118746,0.3702881639594223
0.005573907064617464,0.5323622962646903,0.8960311440753495,3.7714596204644733,0.3697047335509714
0.00587351886370708,0.5309023546089038,0.8963282808677336,3.771305120110548,0.3691220154139294
0.006171721046463359,0.5294814913079233,0.8955217303503575,3.7711392952181377,0.3685404882086916
0.006468442045793851,0.5281013911056556,0.8946308475880386,3.7709622016567255,0.36796088455709564
0.006763610650083086,0.526763704287719,0.8936572603572114,3.770773903071115,0.3673834943420356
0.007057156020282881,0.5254700436436267,0.8940371521225693,3.7705744646377855,0.3668077810794703
0.007349007706913437,0.5242219814191186,0.8943131993746009,3.770363928041566,0.3662327209904921
0.007639095666970954,0.5230210462691601,0.894582091789929,3.770142330501853,0.36565847678056956
0.007927350280737409,0.5218687202226941,0.8949760587605718,3.769909710611391,0.365085044984176
0.008213702368489282,0.5207664356707525,0.895236485715566,3.7696661055790175,0.3645123669965429
0.008498083207100009,0.5197155723900017,0.8954926378415962,3.7694115541596576,0.3639405804863472
0.008780424546533406,0.5187174546141712,0.8957462863224928,3.769146095189494,0.3633696112415142
0.009060658626223305,0.5177733481661234,0.896093785808307,3.768869767825273,0.36279952865250625
0.009338718191335754,0.516884457663527,0.8950027762977728,3.768582611382654,0.362230713476165
0.009614536508909869,0.5160519238112118,0.8952464724476622,3.7682846852608103,0.3616637316702309
0.009888047383873397,0.5152768207932916,0.8954830360568158,3.767976034105028,0.3610975399332801
0.010159185174929294,0.5145601537780359,0.8957171676063795,3.767656695982391,0.36053225692699037
0.01042788481030919,0.513902856548255,0.8959464178992885,3.767326710483612,0.35996785523702013
0.010694081803390394,0.5133057892696319,0.8961699021792539,3.7669861158321973,0.3594042807661754
0.010957712268172382,0.5127697364089729,0.8963908174077243,3.7666349502923766,0.3588416199151191
0.01121871293460909,0.5122954048137955,0.8951645328627258,3.766273257354021,0.35828062111353237
0.011477021163793422,0.5118834219639664,0.8953777297987017,3.7659011029579155,0.3577216852444429
0.011732574962990306,0.5115343344053244,0.8955866793276293,3.765518532901816,0.3571636235539852
0.011985313000514622,0.5112486063743138,0.8957916396982349,3.7651255873320952,0.356606569403874
0.012235174620450553,0.5110266186216539,0.8961690722020285,3.764722305353434,0.35605029040398073
0.012482099857208743,0.5108686674419926,0.8963672069900689,3.76430872147573,0.3554947556464989
0.012726029449917622,0.5107749639153147,0.8967203724095418,3.7638848726912495,0.3549399911062353
0.012966904856645844,0.5107456333646715,0.896913074754071,3.7634507933231385,0.35438597508261827
0.01320466826845207,0.5107807150334784,0.8971012824185229,3.7630065219246402,0.3538329563624323
0.013439262623258773,0.5108801619843587,0.8974664494096015,3.7625520984829093,0.3532808548406631
0.013670631619546883,0.5110438412201291,0.8976490422959105,3.762087559914505,0.3527296289322445
0.013898719729867918,0.5112715340262037,0.8978283392443213,3.7616129480718086,0.35217957118551163
0.014123472214170247,0.5115629365323358,0.8964807741013398,3.76112830755369,0.351631255729106
0.014344835132936527,0.5119176604903241,0.8966576873543246,3.7606337065201347,0.35108517734984424
0.014562755360128835,0.5123352342630004,0.8968317392751652,3.7601291928274287,0.3505400915092525
0.014777180595938659,0.5128151040186362,0.8973985907148473,3.759614805426167,0.34999580454784557
0.01498805937933874,0.5133566351237056,0.8961123716328975,3.759090582036252,0.3494531095077613
0.015195341100433309,0.5139591137258951,0.8964760530786484,3.7585565863526154,0.3489123111032667
0.015398976012604272,0.5146217485182442,0.895230163927997,3.758012863358524,0.3483729698729801
0.015598915244450211,0.5153436726744118,0.89403946041756,3.7574594749409633,0.34783604360422116
0.015795110811515217,0.5161239459442852,0.8945750002159029,3.756896485067962,0.3473008110554319
0.015987515627805017,0.5169615568984625,0.8932624528876103,3.75632393672712,0.3467671491908281
0.016176083517087256,0.5178554253095838,0.8934604887063483,3.7557418967299094,0.3462357685058532
0.016360769223973642,0.5188044046580534,0.8921295341861094,3.7551504160798532,0.34570609115651135
0.01654152842478108,0.5198072847493551,0.8925065229015194,3.7545495578551575,0.34517834799188835
0.016718317738169043,0.5208627944299702,0.8911662094870886,3.753939367228506,0.3446522251488133
0.016891094735550942,0.5219696043888042,0.8897736283179906,3.7533199150583485,0.3441292630553238
0.017059817951276784,0.5231263300310651,0.8883339838173556,3.7526912833540855,0.34360944144914113
0.01722444689258472,0.5243315344116154,0.8868535521632266,3.7520535531630443,0.34309283364562915
0.01738494204931902,0.5255837312150998,0.8872731120041042,3.7514068039709514,0.3425784681251223
0.01754126490341251,0.5268813877703992,0.8876774359617065,3.7507510733156026,0.34206453224990296
0.017693377938130594,0.5282229280873946,0.8878967576572755,3.7500863916727063,0.341551333046677
0.0178412446470751,0.529606735904473,0.8881104798594591,3.7494127913405593,0.3410388040795332
0.01798482954294571,0.5310311577357295,0.888649829937897,3.7487303032074193,0.3405269380750809
0.018124098166056597,0.5324945059074189,0.8888557084157457,3.748038957460372,0.34001570501540807
0.01825901709260675,0.5339950615738125,0.8873546380238938,3.747338792196184,0.33950633364661603
0.018389553942701448,0.5355310777033101,0.8877643065937121,3.746629876070577,0.33899914907150586
0.018515677388123285,0.5371007820263082,0.8862384250993187,3.745912253354087,0.33849358327152246
0.01863735715985075,0.5387023799370708,0.8864565957933154,3.745185991665826,0.33799035946808487
0.018754564055322658,0.5403340573425263,0.8866722358177599,3.744451135016916,0.33748797960827026
0.018867269945446824,0.5419939834516655,0.8871850786616645,3.743707716029016,0.3369862009982938
0.018975447781350543,0.5436803134999015,0.8876531758905618,3.742955760815608,0.3364848237369459
0.01907907160087258,0.5453911914034729,0.8878569663317288,3.7421952949763058,0.33598395510724677
0.01917811653479353,0.5471247523396339,0.8882002441739185,3.741426347018244,0.33548362604168736
0.01927255881280477,0.5488791252490645,0.8863331340453378,3.7406489494914164,0.3349849653629971
0.019362375769212934,0.5506524352575359,0.8848179779122208,3.7398631771684445,0.3344897849901266
0.01944754584837955,0.5524428060144941,0.8828226658122472,3.739069113133317,0.3339978584818889
0.019528048609894526,0.5542483619467985,0.8832287242656518,3.7382668356553803,0.3335082081987701
0.01960386473348145,0.5560672304263613,0.8817091468548358,3.737456389292528,0.33302024512791384
0.01967497602363467,0.5578975438509802,0.8821209909965821,3.7366378397034317,0.3325344465208606
0.01974136541398588,0.5597374416380749,0.8806024710164071,3.735811230038722,0.33205022824006647
0.019803016971400005,0.5615850721314973,0.878473758647232,3.734976628813778,0.3315692598865409
0.01985991589979932,0.5634385944219549,0.8769640828851379,3.734134120425834,0.33109171518943664
0.019912048543714048,0.5652961800819514,0.8754697837314805,3.7332837849282763,0.33061726938781366
0.01995940239155999,0.5671560148164392,0.8739970439371314,3.732425701307667,0.33014601588138487
0.020001966078640923,0.5690163000307003,0.872551731403419,3.73155994540379,0.3296776546427691
0.020039729389876165,0.570875254317157,0.8711405850406906,3.7306865900194173,0.32921214447831626
0.02007268326225242,0.5727311148630879,0.8714274240479539,3.729805703679887,0.3287486823526674
0.020100819786998434,0.5745821387813499,0.871938313851208,3.7289173230958554,0.32828575928716586
0.02012413221148338,0.5764266043663981,0.8722155917013527,3.7280214730796284,0.3278233464954079
0.020142614940837227,0.5782628122780011,0.8724900595263955,3.7271181801505135,0.3273615694156056
0.0201562635392938,0.5800890866551383,0.8727621704923737,3.7262074721531038,0.3269004172522465
0.02016507473125474,0.5819037761626683,0.8730314575290847,3.725289375727568,0.3264398696434796
0.020169046402076465,0.5837052549733815,0.8732985374008421,3.724363919380555,0.32598006662116413
0.020168177598576947,0.5854919236880948,0.8735633739971423,3.7234311316257522,0.3255209015232853
0.02016246852926498,0.5872622101964655,0.8738253308380111,3.722491040269231,0.325062409820966
0.02015192056428963,0.5890145704811982,0.8742319292375397,3.7215436714579195,0.32460435394476217
0.020136536235112006,0.5907474893682922,0.8744882148106448,3.720589048093215,0.32414684994543314
0.020116319233897176,0.5924594812259656,0.8747417441657783,3.719627199590338,0.3236901471800149
0.020091274412628365,0.5941490906148409,0.8726331106541934,3.7186581597787627,0.3232351928627006
0.02006140778194256,0.5958148928919427,0.8728865380676543,3.7176819953049995,0.32278260397626657
0.020026726509687714,0.5974554947709763,0.8731379421969567,3.7166987441352366,0.32233059572019296
0.019987238919202597,0.5990695348413236,0.8734764501487929,3.715708434095321,0.3218793169353531
0.019942954487319618,0.6006556840480981,0.873723066323132,3.714711091226265,0.3214285768857681
0.019893883842089538,0.602212646135535,0.8741271312913744,3.7137067410091738,0.3209783265975196
0.019840038760231885,0.60373915805593,0.874387251806519,3.712695403124348,0.3205282952786912
0.01978143216430775,0.6052339903462258,0.8747496913874399,3.7116770997533846,0.3200787849051897
0.019718078119618912,0.6066959474742961,0.8749832822023635,3.7106518529348103,0.3196296537297908
0.01964999183083198,0.6081238681568761,0.8737985732615449,3.709619690468663,0.31918181145699476
0.019577189638329304,0.6095166256510098,0.8726616900013817,3.708580665876399,0.3187362986111235
0.01949968901428779,0.6108731280207886,0.8730496344358278,3.7075348338031624,0.31829222439035054
0.019417508558485078,0.6121923183810933,0.8719666944524053,3.7064822268171005,0.3178493177566632
0.01933066799383606,0.613473175119945,0.8709394080702691,3.7054228952075046,0.31740854233498283
0.019239188161659527,0.6147147121010101,0.8712277123328032,3.7043568914592577,0.31696926939764175
0.019143091016675995,0.6159159788476922,0.8696364585275033,3.7032842497568392,0.31653120565467496
0.019042399621738978,0.6170760607102093,0.8686158743088196,3.7022050200944925,0.31609523385031635
0.01893713814229994,0.6181940790169391,0.8689804401642008,3.7011192524308587,0.3156606106784262
0.01882733184060866,0.6192691912112575,0.8693135911101679,3.70002697547335,0.31522651931746865
0.018713007069650442,0.6203005909750172,0.8695996099992712,3.6989282136491974,0.31479301564389306
0.01859419126682161,0.6212875083397534,0.8681177329255664,3.697822994362412,0.3143606753266686
0.018470912947344473,0.6222292097866161,0.8685170526238444,3.6967113620793612,0.3139297104553903
0.01834320169742387,0.6231249983359922,0.8672476077721999,3.695593347226752,0.3134996809909713
0.018211088167146804,0.6239742136276752,0.8675100151633657,3.6944689895944705,0.3130710335236323
0.018074604063126422,0.6247762319924268,0.8677683427128509,3.6933383210710753,0.3126430857507109
0.017933782140892432,0.6255304665156785,0.8680276265400997,3.6922013694484916,0.312215926147627
0.017788656197030288,0.6262363670940917,0.868417680026188,3.691058159814032,0.3117892472469312
0.01763926106106979,0.6268934204856119,0.8673597330853077,3.6899087180502272,0.31136377000441556
0.017485632587126557,0.6275011503536388,0.8677538460470452,3.688753089697625,0.3109397735380437
0.017327807645296837,0.6280591173058439,0.8681443380249148,3.687591304275439,0.31051630494554566
0.01716582411280901,0.6285669189281508,0.8670498835166078,3.6864233862119535,0.310093746767525
0.016999720864933437,0.6290241898143303,0.8660435328853587,3.685249374354214,0.309672701853613
0.016829537765652266,0.6294306015916212,0.8654455432758,3.6840693088223935,0.3092528873700683
0.016655315658092383,0.6297858629427451,0.8652109679706866,3.682883221612114,0.30883378674529166
0.016477096354723265,0.6300897196246493,0.865439735402495,3.681691133496586,0.3084150291212816
0.016294922627322267,0.6303419544842586,0.8656869402057245,3.6804930655092654,0.3079966758895802
0.016108838196709503,0.6305423874714822,0.8659057534634307,3.679289033528576,0.3075785491573848
0.015918887722255037,0.6306908756496966,0.8661230838043823,3.678079059836778,0.3071611105592895
0.01572511679116107,0.6307873132038646,0.8665347156185834,3.6768631698615715,0.30674428979037793
0.015527571907520885,0.6308316314464343,0.8667382967501124,3.675641385656451,0.3063279514081981
0.01532630048115816,0.6308237988211205,0.8669497414514002,3.6744137304979847,0.30591226290792983
0.01512135081624922,0.6307638209046244,0.8671592855419983,3.673180230358938,0.30549735417700163
0.014912772099729844,0.6306517404063319,0.8673674454950575,3.6719409117234365,0.3050831231634109
0.014700614389490687,0.6304876371659759,0.867566524895859,3.670695801297143,0.30466973436098516
0.014484928602363865,0.6302716281492308,0.8662229992875697,3.6694449297354748,0.3042577350329619
0.01426576650190296,0.630003867441159,0.8649441541171761,3.6681883487010256,0.3038479899921523
0.014043180685960097,0.6296845462373934,0.8651760938901355,3.6669261101892996,0.30343982100158495
0.013817224574062547,0.6293138928329222,0.8657415080411497,3.6656582429139566,0.30303188855053304
0.013587952394592586,0.6288921726082758,0.8659687902288278,3.6643847573252275,0.3026240723090561
0.013355419171772874,0.6284196880129103,0.8661876631786217,3.663105675627615,0.30221701703049597
0.01311968071246043,0.6278967785455069,0.8664070031471537,3.661821023451482,0.3018106475515912
0.012880793592754061,0.6273238207309177,0.8666246972542418,3.660530825237429,0.3014049196671333
0.012638815144415812,0.6267012280933848,0.8668415496104966,3.6592351052086904,0.30099988954268236
0.012393803441111632,0.6260294511256782,0.8671022094227048,3.657933889421703,0.30059562127997175
0.012145817284474265,0.625308977253712,0.8673168773029679,3.656627201364573,0.30019191627164543
0.01189491618999091,0.6245403307961704,0.8675366464510539,3.6553150675762636,0.29978919105662244
0.011641160372719924,0.6237240729186371,0.8677501897901007,3.6539975178222845,0.2993872871310513
0.011384610732839357,0.6228608015816435,0.8679685704436465,3.6526745764748885,0.29898598171687074
0.011125328841031248,0.6219511514820438,0.8683549621902212,3.6513462664706093,0.29858528845285975
0.010863376923705086,0.6209957939870223,0.8671825989363677,3.6500126129615293,0.2981856961404538
0.01059881784806353,0.619995437060033,0.8660779866571745,3.648673658744152,0.2977879299421362
0.010331715107014893,0.6189508251778785,0.866388422805551,3.647329448187699,0.2973915157788565
0.010062132803934852,0.6178627392380844,0.8667827495848687,3.6459800087106102,0.2969956599748956
0.009790135637281988,0.6167319964556887,0.8686015724194767,3.644625358054508,0.296599608051942
0.00951578888507084,0.615559450248455,0.8674661461429571,3.643265493374447,0.2962034147010321
0.009239158389204952,0.6143459901094954,0.8663969796749108,3.6419004463755025,0.29580886602265544
0.008960310539675439,0.6130925414662051,0.8653948883299606,3.6405302600192306,0.29541593846986897
0.008679312258627626,0.6118000655243193,0.8644595541564155,3.639154975391291,0.29502446839971685
0.008396230984300188,0.6104695590958671,0.864768219235813,3.637774629215304,0.294634022729208
0.008111134654840087,0.6091020544096933,0.8650765104863215,3.6363892446606663,0.2942440721119236
0.007824091691997909,0.6076986189031549,0.8653842284217013,3.6349988408041383,0.293854508039888
0.007535170984706809,0.6062603549935043,0.8656911782265893,3.6336034358963984,0.29346535992711387
0.007244441872549731,0.6047883998274156,0.8648721083590952,3.6322030481219376,0.29307677424314593
0.006951974129117956,0.6032839250070108,0.8641111339580275,3.6307977041605484,0.29268915924765787
0.006657837945266088,0.6017481362906393,0.8644508871331541,3.6293874313128667,0.29230218847737793
0.006362103912266343,0.6001822732666428,0.8637548560212005,3.6279722490457673,0.2919157718386429
0.006064843004866993,0.5985876089981716,0.8640542723923715,3.626552180045239,0.291529926386063
0.005766126564258975,0.5969654496370984,0.8644035138048112,3.6251272434044837,0.29114447664220194
0.005466026280954127,0.5953171340049609,0.8647514730847876,3.6236974543427407,0.2907591985290418
0.0051646141775798324,0.593644033138794,0.8650975798042928,3.6222628273188,0.29037425094280184
0.00486196259159415,0.5919475497996145,0.8654421950001902,3.6208233780126236,0.2899895771642354
0.0045581441579248295,0.5902291179412862,0.8657850658664646,3.6193791225385774,0.2896052428099974
0.004253231791537722,0.5884902021373585,0.8661258973030412,3.617930076514955,0.2892211962146314
0.003947298669936967,0.5867322969634643,0.8664653494381946,3.616476255116269,0.28883742145996305
0.0036404182156032916,0.5849569263327612,0.8658831166217202,3.6150176740256033,0.28845401710043356
0.003332664078372698,0.5831656427818704,0.8653396814445807,3.6135543518146744,0.28807111381412837
0.0030241101177607144,0.5813600267046924,0.8657036709615619,3.6120863068325813,0.2876885858900002
0.0027148303852368833,0.5795416855314858,0.8660654982126055,3.610613554946633,0.287306329809069
0.0024048991064523264,0.5777122528505224,0.8663302479270458,3.609136111420807,0.2869244415372944
0.0020943906634262816,0.5758733874696684,0.8666861180748572,3.607653993657057,0.2865429037863076
0.001783379576694484,0.5740267724151954,0.8669098699392721,3.6061672174280157,0.28616177444498747
0.001471940487424985,0.5721741138652,0.8664204717310152,3.604675802292497,0.2857811465829704
0.001160148139504133,0.5703171400149964,0.866781804930697,3.603179766361437,0.2854009474291698
0.0008480773615987802,0.5684575998719478,0.8663230274005032,3.601679125767814,0.2850210444408504
0.0005358030491976318,0.5665972619772507,0.8658798107927156,3.600173898191308,0.2846416101353658
0.0002234001466367127,0.5647379130523251,0.8654540344359022,3.59866409959448,0.28426245872309625
-8.905637088697693e-05,0.5628813565675511,0.8650374796778596,3.5971497459174437,0.2838837532081319
-0.0004014915153090841,0.5610294112313071,0.8646272713172465,3.5956308576941236,0.28350564166625497
-0.0007138303036946592,0.5591839093973998,0.864220148942373,3.5941074546784413,0.28312806224238346
-0.0010259977762338336,0.557346695389237,0.8646277482675659,3.5925795560502674,0.2827508895562726
-0.0013379190142316704,0.5555196237393236,0.8650323865964024,3.591047176330059,0.28237394833130325
-0.001649519158088288,0.5537045573429743,0.8654340208860112,3.589510332354707,0.2819975353761885
-0.0019607234252649016,0.5519033655254301,0.8658289314945834,3.587969042116874,0.2816215384924966
-0.0022714571282312066,0.5501179220219621,0.8731811237138869,3.5864233133901444,0.28124390426007484
-0.002581645692390173,0.5483501028709162,0.8727679520299662,3.5848730887948186,0.2808634441719986
-0.0028912146739752532,0.5466017842201102,0.8723449120388669,3.583318366224666,0.2804836614291875
-0.003200089777916915,0.5448748400474647,0.8796683344554559,3.5817591578273182,0.28010239212505156
-0.003508196875672862,0.5431711397972466,0.8799778887786202,3.5801954109318217,0.27971852044898643
-0.003815462023018615,0.54149254593388,0.8802808349788181,3.5786271223820854,0.27933501090494517
-0.004121811477793723,0.5398409114158369,0.8798976630278896,3.5770543087426447,0.27895196366454833
-0.0044271717175996305,0.5382180770927498,0.8794938020475138,3.575476992236436,0.2785697589510663
-0.004731469457444482,0.5366258690295187,0.8798583764687713,3.573895198415018,0.2781882208158742
-0.005034631667331464,0.5350660957618676,0.8801621037223831,3.5723089459734783,0.2778070951439685
-0.00533658558978544,0.5335405454884796,0.8804627521379815,3.5707182518005607,0.27742633537678785
-0.005637258757314439,0.5320509832055611,0.8808193294438842,3.569123131775429,0.2770459361088027
-0.005936579009801548,0.5305991477903834,0.8811726349996766,3.5675236026877597,0.27666598131188586
-0.006234474511822934,0.5291867490410744,0.88146426831228,3.5659196833469675,0.2762865681868783
-0.006530873769888146,0.5278154646806522,0.8822000535891451,3.5643113903979486,0.2759071849340077
-0.00682570564959796,0.5264869373339869,0.8827341462387563,3.562698724618122,0.27552720723907625
-0.007118899392716502,0.5252027714870586,0.8830156629063297,3.561081686513509,0.2751471698415442
-0.007410384634152827,0.5239645304385369,0.8832940443568025,3.5594602908826976,0.27476764305696916
-0.007700091418848158,0.5227737332543179,0.8834587659420287,3.557834557444555,0.2743886495602704
-0.007987950218564854,0.5216318517362223,0.8830931600096911,3.556204504988401,0.2740102217637894
-0.008273891948572715,0.5205403074165693,0.883375478279392,3.5545701553927747,0.27363242330490184
-0.008557847984229141,0.5195004685907766,0.883645894322012,3.552931527406029,0.2732550980072009
-0.008839750177448596,0.5185136474005232,0.8838539913737467,3.5512886391470144,0.2728782330478084
-0.009119530873057904,0.5175810969802632,0.8840192565332647,3.5496415080482975,0.2725018221388072
-0.00939712292503315,0.5167040086801102,0.8843469513264451,3.547990151146568,0.2721258094560599
-0.009672459712614316,0.5158835093781583,0.884530814751066,3.54633458483985,0.2717500407445019
-0.009945475156294063,0.5151206588953281,0.884652921630339,3.5446748182075063,0.27137437032098405
-0.010216103733676445,0.5144164475256762,0.8849223635548842,3.5430108661410147,0.2709991485536258
-0.010484280495201947,0.5137717936948778,0.8850032572226069,3.541342746514842,0.2706243991815134
-0.010749941079735103,0.5131875417592148,0.8853245649061942,3.5396704766852363,0.2702500760785718
-0.011013021730010862,0.5126644599569584,0.8855887562467946,3.5379940727580337,0.26987608978191535
-0.01127345930793598,0.5122032385233982,0.885850346393073,3.536313548743235,0.2695024160478703
-0.011531191309741912,0.5118044879800953,0.8861093824775875,3.5346289214933484,0.2691292658630192
-0.0117861558809854,0.5114687376080989,0.8861335135657872,3.532940209220495,0.2687565273610189
-0.01203829183139319,0.5111964341139609,0.8861730982385513,3.5312474270335636,0.2683840823434025
-0.012287538649547526,0.5109879404963376,0.8862206729774059,3.529550587150518,0.2680118035123905
-0.012533836517408466,0.5108435351198981,0.886492603026624,3.5278497004897895,0.26763970971754053
-0.012777126324670006,0.5107634110020564,0.8867611832841513,3.5261447825627013,0.26726807806660735
-0.01301734968294623,0.5107476753168108,0.8867523515350105,3.524435850062255,0.2668967909729486
-0.013254448939784275,0.5107963491186887,0.8870656210590465,3.5227229140401217,0.2665256198230088
-0.013488367192500642,0.5109093672884716,0.8867080168847189,3.5210059890151157,0.2661549813230088
-0.0137190483018375,0.5110865787010166,0.8867424782656221,3.519285096880247,0.2657850687371317
-0.013946436905435951,0.5113277466141763,0.8863097436967644,3.5175602586504757,0.2654158689681487
-0.014170478431122614,0.5116325492764487,0.8862635059049403,3.5158314957336807,0.2650470497653182
-0.014391119110006794,0.5120005807497046,0.886528332001886,3.514098818310363,0.2646783900216993
-0.014608305989384656,0.5124313519420653,0.8860141961405144,3.5123622437458124,0.264310543224995
-0.014821986945447691,0.5129242918447997,0.8862692053354986,3.5106217997896754,0.2639436114942765
-0.0150321106957922,0.5134787489659507,0.8863212498113691,3.508877506586857,0.26357714015979256
-0.015238626811726642,0.5140939929523666,0.8866494250647332,3.507129380985158,0.26321111706233585
-0.015441485730374595,0.5147692163908213,0.8864579953044545,3.50537743887913,0.2628454742564181
-0.01564063876656933,0.515503536778047,0.8863175411587806,3.503621694946827,0.26248013986864227
-0.015836038124538078,0.5162959986487397,0.8863489606066507,3.501862161705213,0.2621150577324117
-0.01602763690937295,0.5171455758499431,0.8863428649029914,3.5000988559074235,0.26175064496209793
-0.016215389138285276,0.5180511739496872,0.8861864641843791,3.4983317960522062,0.26138649296681016
-0.016399249751641344,0.5190116327673335,0.8864614948171494,3.4965609929021673,0.2610225907876017
-0.01657917462377653,0.5200257290127924,0.8867332223422926,3.4947864609060297,0.2606590925400642
-0.016755120573585212,0.5210921790215769,0.8870009288447102,3.493008215883468,0.2602960174394486
-0.016927045374883994,0.5222096415726124,0.8864290263097792,3.49122627603016,0.25993371276616073
-0.017094907766545833,0.5233767207757337,0.8866814227946266,3.4894406672304465,0.2595722666352168
-0.017258667462402476,0.5245919690159653,0.885981195855936,3.4876514125422085,0.25921179727086063
-0.017418285160913073,0.5258538899419141,0.8858077092554871,3.485858542273032,0.2588522706333813
-0.01757372255459612,0.5271609414859185,0.8858040977395114,3.4840620748276327,0.25849319228777934
-0.017724942339223268,0.5285115389040318,0.8860470402086367,3.4822620264272217,0.25813450243219976
-0.01787190822277211,0.5299040578243561,0.8862854254152226,3.480458412022719,0.2577762694855563
-0.01801458493413603,0.53133683729283,0.8865193330050353,3.478651250764027,0.2574187095074549
-0.0181529382315892,0.5328081828061295,0.8867489004677321,3.476840561161692,0.25706166239364303
-0.018286934911004363,0.5343163693219869,0.8858947512029793,3.4750263625308304,0.25670548681939304
-0.018416542813821653,0.5358596442379144,0.8857132319789865,3.4732086838433966,0.2563503027869628
-0.01854173083476656,0.5374362303299842,0.8847436383575215,3.471387547481143,0.2559960658662378
-0.018662468929314918,0.5390443286440639,0.8845001371303396,3.4695629875910288,0.2556431677177409
-0.01877872812090371,0.5406821213325778,0.8846982558555432,3.467735027810825,0.2552907809362495
-0.018890480507884947,0.542347774430624,0.8850313315549572,3.4659036831451036,0.2549387310244711
-0.018997699270222188,0.5440394405659524,0.8844964609437471,3.464068968052362,0.254587220533896
-0.019100358675927145,0.5457552615980417,0.8834325999238141,3.462230905661277,0.2542369349845914
-0.019198434087235282,0.5474933711821436,0.8837688945793822,3.460389533037199,0.2538879775906798
-0.01929190196651859,0.5492518972548762,0.8825992953022058,3.458544874266185,0.25354001334472065
-0.019380739881934814,0.5510289644385297,0.882773297747853,3.456696965099784,0.25319340410437297
-0.019464926512810565,0.5528226963618728,0.8829430151863109,3.4548458283918433,0.25284734823514543
-0.019544441654758653,0.5546312178957991,0.8831070764968716,3.452991481616242,0.25250186136445385
-0.01961926622452662,0.5564526573026951,0.8832685713308641,3.4511339415649265,0.25215678856215334
-0.019689382264576977,0.5582851482988932,0.8819455264385574,3.4492732248450086,0.25181270272686546
-0.019754772947396623,0.5601268320300368,0.8820907564705971,3.447409368620145,0.25147009120219854
-0.019815422579535606,0.5619758589595976,0.8822318038288418,3.4455423973680634,0.2511280975063053
-0.019871316605373283,0.5638303906711717,0.8823719425883793,3.443672327785594,0.25078655804149613
-0.01992244161061173,0.5656886015855178,0.8809266957341118,3.441799179817122,0.2504462975199657
-0.01996878532549525,0.56754868059361,0.8810524492559657,3.439922995832651,0.25010769169985964
-0.020010336627754626,0.5694088326072507,0.8811746514930926,3.438043801531339,0.24976970081046113
-0.020047085545276833,0.5712672800290238,0.8807617587489301,3.4361616139375752,0.24943223546221352
-0.020079023258498006,0.5731222641435737,0.8808855549814675,3.434276450862486,0.24909541631155713
-0.020106142102520288,0.574972046432367,0.8810064473312598,3.4323883307483105,0.24875922047310306
-0.020128435568951296,0.5768149098142492,0.8794499924372369,3.4304972769404274,0.24842450703638527
-0.020145898307466097,0.5786491598142097,0.8795642298984959,3.428603334963537,0.24809151539053223
-0.0201585261270913,0.5804731256628793,0.8798936841026784,3.426706529635109,0.24775903770157554
-0.020166315997210783,0.5822851613293347,0.8800029948674465,3.424806875786461,0.2474270850901723
-0.020169266048293128,0.5840836464898514,0.8801100624910151,3.4229043919488302,0.2470958264946834
-0.02016737557234019,0.5858669874352703,0.8802148050543511,3.4209990973608795,0.24676520912100916
-0.02016064502305726,0.5876336179196353,0.8797201691320461,3.419091009113721,0.24643514679278442
-0.020149076015743648,0.5893819999527905,0.8800438212202004,3.417180145523296,0.24610572353093527
-0.020132671326905757,0.5911106245395839,0.8803010094987437,3.4152665221558878,0.24577672449817575
-0.020111434893590133,0.5928180123682806,0.8804022070340941,3.4133501535502986,0.24544824497606646
-0.02008537181243878,0.594502714450801,0.8805014348433958,3.4114310572608004,0.24512040039590557
-0.02005448833846607,0.5961633127172765,0.8805986719240024,3.409509251063715,0.24479318265978176
-0.02001879188355751,0.5977984205674195,0.8796364707468641,3.407584756595044,0.24446708665544528
-0.019978291014690966,0.5994066833811089,0.8797470086281314,3.4056576038232302,0.24414201641040018
-0.019932995451880615,0.6009867789905131,0.8781719024011403,3.4037278159680686,0.24381827929372876
-0.019882916065843897,0.6025374181160378,0.8782825106781967,3.4017954377107804,0.24349637224862306
-0.01982806487539326,0.604057344768251,0.8783922670751025,3.3998604954817284,0.2431751732903728
-0.019768455044551027,0.605545336617916,0.8772692793125415,3.3979230110802194,0.24285510266463728
-0.01970410087939054,0.6070002053361281,0.8773941282843724,3.3959830173222527,0.2425362835569346
-0.019635017824602436,0.6084207969065021,0.8775166334612626,3.394040537010118,0.24221818906208384
-0.01956122245978834,0.609805991911259,0.87763925573709,3.392095587812267,0.2419006439398771
-0.01948273249548152,0.6111547057929725,0.8777610651227682,3.3901481863963205,0.24158374918610956
-0.01939956676889663,0.6124658890936655,0.8778806203471716,3.388198350824435,0.2412674890731608
-0.01931174523940889,0.6137385276728473,0.878000917217875,3.3862460978217706,0.24095179026647662
-0.019219288983763776,0.6149716429060059,0.8783217891899995,3.3842914427099404,0.2406365587859773
-0.019122220191018856,0.6161642918650108,0.8784398817820419,3.3823343990850363,0.24032180694988894
-0.019020562157218476,0.6173155674817561,0.8785570681696064,3.380374982501863,0.24000758914052575
-0.018914339279802638,0.6184245986963431,0.8786710472541444,3.378413207883175,0.23969391524350805
-0.01880357705175226,0.6194905505910091,0.8775526303852447,3.3764490940705576,0.23938129538684402
-0.018688302055470188,0.6205126245109275,0.8761000943494215,3.3744826758685598,0.23907047413559565
-0.018568541956402305,0.621490058172952,0.8755639870079632,3.372513992647662,0.23876101979075065
-0.018444325496397355,0.622422125763296,0.8757073863594962,3.3705430664901472,0.23845219607013293
-0.018315682486809745,0.6233081380250889,0.8758449687802299,3.368569912929408,0.2381438693323646
-0.018182643801344017,0.6241474423366593,0.8759874899834932,3.3665945460483147,0.23783601090820528
-0.018045241368646242,0.624939422781382,0.8761299273317751,3.3646169799045005,0.23752865027249015
-0.01790350816464061,0.6256835002098098,0.876266335513752,3.3626372286327735,0.23722173457407209
-0.017757478204615793,0.6263791322948112,0.875238104261026,3.3606553068431677,0.23691567784243098
-0.017607186535061103,0.6270258135803314,0.8757758659266037,3.3586712430274654,0.2366106616127335
-0.01745266922525601,0.6276230755243929,0.8744295057080779,3.3566850539278135,0.23630639879690032
-0.01729396335861299,0.6281704865368459,0.8745974467048172,3.3546967670984444,0.23600321762415233
-0.017131107023778343,0.6286676520123944,0.8751475660587035,3.3527064002356757,0.23570047922311543
-0.01696413930549062,0.6291142143593094,0.8753138335106891,3.350713964046416,0.2353980451350958
-0.016793100275200663,0.629509853024269,0.8739890360969791,3.348719472413657,0.2350964618814655
-0.01661803098145485,0.6298542845136513,0.8741652290932351,3.346722953457629,0.23479600541982426
-0.01643897344004325,0.6301472624116252,0.8747357271890571,3.3447244252590913,0.23449597968368732
-0.016255970623916254,0.6303885773953016,0.8749098080737747,3.3427238979616067,0.2341962215595098
-0.016069066452871417,0.6305780572471946,0.8736101751139539,3.34072138469502,0.23389729132613093
-0.015878305783012466,0.6307155668651891,0.872414247098638,3.338716915138332,0.2335999649902809
-0.015683734395984583,0.6308010082701837,0.8712960042732928,3.3367105277347933,0.23330438627474864
-0.015485398987986624,0.6308343206115337,0.8715104256980463,3.334702256993244,0.23300989389822624
-0.015283347158564478,0.6308154801703922,0.8717252345630898,3.3326921177941258,0.2327157135446306
-0.015077627399187296,0.6307445003610054,0.8719393058477326,3.33068012082738,0.2324219052315902
-0.014868289081609788,0.6306214317299811,0.8721528395353353,3.32866627764838,0.23212850951930752
-0.014655382446023556,0.6304463619535169,0.8723651701042121,3.3266505989312964,0.231835400199469
-0.01443895858899886,0.6302194158325513,0.8727082228102102,3.3246330954386267,0.2315427183778976
-0.014219069451222602,0.6299407552857419,0.8710489079163684,3.3226137831027462,0.23125121414131336
-0.013995767805032411,0.6296105793401582,0.8712710577232649,3.3205927001720954,0.23096123399336116
-0.013769107241751389,0.6292291241195288,0.8719397403739836,3.3185698654795712,0.23067161386641372
-0.013539142158826793,0.6287966628298608,0.8721583575395916,3.3165452879353357,0.2303822412264141
-0.013305927746774608,0.6283135057421928,0.8711015763272546,3.314518978851237,0.23009348537052504
-0.013069519975934175,0.6277800001722172,0.8700556171528973,3.3124909590340206,0.2298057486430301
-0.012829975583035787,0.627196530456463,0.8685026343413583,3.310461254772143,0.22951949371627473
-0.012587352057583927,0.6265635179246901,0.8675332237841957,3.3084299052136674,0.2292348614355225
-0.012341707628059903,0.6258814208681105,0.8677825502501026,3.3063969355001452,0.22895094692176643
-0.012093101247947827,0.6251507345029875,0.8680304273095855,3.3043623587875146,0.22866737404474455
-0.011841592581585495,0.6243719909291543,0.8661290148592629,3.30232618889736,0.2283850640749766
-0.011587241989845521,0.623545759082899,0.8658240258860638,3.3002884699562327,0.22810461230610402
-0.011330110515649023,0.6226726446836655,0.866175984322082,3.2982492225369167,0.22782448857525098
-0.011070259869315539,0.6217532901739251,0.8652993731775038,3.2962084568499272,0.22754487328594084
-0.010807752413752874,0.6207883746515451,0.8655633511012188,3.2941661888153293,0.22726586459025228
-0.010542651149490182,0.6197786137939291,0.8659142224270001,3.292122430891,0.22698731360337007
-0.010275019699558453,0.6187247597731109,0.8661744378139251,3.290077194765353,0.22670912721169073
-0.010004922294220944,0.6176276011609807,0.8664337060104416,3.2880304904035205,0.22643127679293878
-0.009732423755558392,0.616487962823708,0.8666912579939527,3.285982327428812,0.22615375376234137
-0.009457589481912129,0.6153067058043895,0.8664189839575678,3.2839327137159446,0.22587649875284024
-0.00918048543218842,0.6140847271928722,0.8667652423871207,3.2818816612282404,0.22559978190210664
-0.008901178110029167,0.6128229599816528,0.8670234779003668,3.2798291809619533,0.22532335147751667
-0.008619734547850916,0.6115223729066352,0.8672801690192397,3.2777752819002233,0.22504726482158874
-0.00833622229075767,0.6101839702715276,0.8675357210426342,3.275719973922784,0.22477154298750096
-0.008050709380330123,0.6088087917545009,0.8677900893648336,3.2736632659585974,0.22449603672882967
-0.007763264338296279,0.607397912195726,0.8680429797392362,3.2716051655752882,0.22422085373456813
-0.007473956150086509,0.6059524413642792,0.8672219475598044,3.269545684079447,0.22394627562830224
-0.007182854248277172,0.6044735237028444,0.8653065303628529,3.267484843451435,0.2236732231495142
-0.006890028495927391,0.6029623380485558,0.8655716078702647,3.26542268530918,0.22340179611158406
-0.006595549169812048,0.6014200973282369,0.8658366297936169,3.2633592284750987,0.22313079661529503
-0.006299486943555999,0.5998480482262052,0.8661006830926409,3.2612944841760108,0.22286022990825263
-0.006001912870672212,0.5982474708227414,0.866363221403025,3.2592284610283238,0.22258980308772056
-0.005702898367509949,0.5966196782012125,0.8666244930289949,3.2571611655840114,0.22231967516354534
-0.005402515196114471,0.5949660160217923,0.8645945400300998,3.2550926108567046,0.22205075859681153
-0.005100835447005148,0.5932878620595913,0.8625881254687039,3.253022842584162,0.22178450183133125
-0.004797931521873538,0.5915866257049781,0.8628646968721064,3.2509519121612285,0.22152002027807954
-0.004493876116207758,0.589863747423771,0.8631407867871698,3.2488798392202614,0.22125591606359135
-0.0041887422018456275,0.588120698174902,0.8634160425103371,3.246806632022642,0.22099207882380337
-0.0038826030094619036,0.5863589787831176,0.8636905532279547,3.2447322988822096,0.2207285849699122
-0.0035755320109930933,0.5845801192641826,0.8639643254370005,3.2426568489201464,0.22046539604761126
-0.0032676029020050562,0.5827856781000358,0.864237556493768,3.240580290333327,0.22020253576300736
-0.0029588895840057007,0.5809772414612762,0.862080441638316,3.238502636865344,0.2199409453332411
-0.0026494661467094177,0.5791564223743394,0.8623563069594885,3.2364239298991224,0.21968107524713443
-0.0023394068502559603,0.5773248598307025,0.8626317831247552,3.234344187562289,0.21942157861039738
-0.002028786107388113,0.5754842178354294,0.8620699831139189,3.2322634197892075,0.21916256744671114
-0.0017176784655931491,0.5736361843924077,0.8629207365142106,3.2301816412480324,0.2189041237465728
-0.001406158589211668,0.5717824704236212,0.8623757434741376,3.228098861249757,0.21864608702969934
-0.0010943012415186412,0.5699248086198633,0.8618599924879381,3.2260150946355837,0.21838880826406443
-0.0007821812667805717,0.5680649522203468,0.8618894526289238,3.223930358373299,0.21813221812499686
-0.00046987357229319324,0.5662046737187764,0.8614101208884788,3.221844666962063,0.21787631992792011
-0.00015745311040397258,0.5643457634935203,0.8617134449151378,3.2197580370599463,0.21762102709478037
0.00015500513947588822,0.5624900283597027,0.8620162153580049,3.217670478376702,0.21736602009069597
0.0004674261888662592,0.560639290041159,0.8623152001565547,3.2155819992270915,0.21711138607247485
0.000779735058214942,0.5587953835604254,0.8626179305788118,3.213492608387266,0.21685706579846079
0.0010918567948925296,0.55696015554515,0.8603332136725089,3.211402319255669,0.21660404572762573
0.0014037164911803758,0.555135462449564,0.8606294730680029,3.2093111740259688,0.21635285974147633
0.0017152393022483747,0.5533231686899719,0.8609300934229936,3.2072191916824475,0.2161020186242179
0.0020263504641172708,0.5515251446935235,0.8586731511660474,3.205126384861055,0.21585235718503132
0.0023369753116015742,0.5497432648599347,0.8589648879487484,3.203032792492065,0.21560439655837818
0.0026470392962289705,0.5479794054361926,0.8592614989474238,3.200938432019416,0.21535673710771872
0.0029564680041315123,0.5462354423047625,0.8600697705579008,3.198843310088731,0.21510928101446922
0.0032651871739046595,0.5445132486862683,0.8603588755933187,3.1967474329192473,0.21486213179916677
0.0035731227144294654,0.5428146927581644,0.8599510497713536,3.1946508089620465,0.21461548928206334
0.0038802007226544687,0.5411416351914428,0.859585321203539,3.192553455808404,0.2143698123281899
0.004186347501331654,0.5394959266080382,0.8597198912921477,3.1904553925393326,0.2141248043754282
0.0044914895767037485,0.5378794049621933,0.8600342903544466,3.1883566294530348,0.2138801459117682
0.0047955537161373995,0.5362938928497046,0.860349391470706,3.186257174190123,0.21363576714183805
0.005098466945698666,0.5347411947496415,0.8604661548644379,3.1841570325002375,0.21339152548430101
0.005400156567666537,0.5332230942038234,0.860781341858883,3.182056210594619,0.21314768440856283
0.005700550177979929,0.5317413509400392,0.8610968137889476,3.1799547173681235,0.21290415874969998
0.0059995756836142685,0.5302976979457271,0.8608050888631325,3.1778525619884435,0.21266118404907436
0.00629716131988359,0.528893838499532,0.8611326064505727,3.1757497592246082,0.21241884222746854
0.006593235667663652,0.5275314431688771,0.8614603613910196,3.1736463187076076,0.21217675293686583
0.006887727670532232,0.526212146782386,0.8617901670830005,3.1715422458265574,0.21193485863798017
0.007180566651822238,0.524937545386665,0.8621242139766913,3.1694375462337794,0.21169321638843805
0.007471682331583886,0.5237091931976023,0.861900044520563,3.1673322276264653,0.21145205840114534
0.0077610048434513515,0.522528599556941,0.8617148275473115,3.1652263047882156,0.21121164925721633
0.008048464751410671,0.5213972259054486,0.8620680300174676,3.1631197929054475,0.21097183021640445
0.00833399306646376,0.5203164827844917,0.8619299346758716,3.161012701037034,0.2107323517587088
0.008617521263185617,0.5192877268782533,0.8618288893696384,3.1589050413148403,0.21049360141110077
0.008898981296170028,0.5183122581091939,0.8622044557918754,3.1567968292562196,0.21025546395129988
0.009178305616360122,0.5173913167995987,0.8625805538648325,3.1546880746520825,0.21001759301923184
0.009455427187259837,0.5165260809122441,0.8625289944465034,3.152578783869677,0.2097801388725211
0.009730279501022442,0.5157176633832771,0.8626969380161942,3.1504689683206455,0.20954312272124145
0.010002796594411964,0.5149671095603585,0.8630796778181565,3.148358633956854,0.20930622414798586
0.010272913064634116,0.5142753947589773,0.8630553008141213,3.1462477850260973,0.20906962489518235
0.01054056408503265,0.5136434219495758,0.863062411482142,3.1441364313866824,0.20883352219641982
0.01080568542064745,0.5130720195877341,0.8634604460192589,3.1420245829990887,0.2085977811720331
0.011068213443630626,0.5125619395991758,0.8638235195932452,3.1399122469886893,0.20836238166614574
0.01132808514851681,0.5121138555307165,0.8622467371319312,3.137799434867646,0.2081279334927791
0.011585238167344305,0.511728360877562,0.862221920658503,3.135686174786937,0.20789469831568874
0.01183961078462294,0.5114059675965199,0.8623889243204214,3.133572481278265,0.2076618864030664
0.012091141952145626,0.5111471048137325,0.8627780558670138,3.131458362640337,0.20742938454238447
0.012339771303639556,0.5109521177345167,0.8627793351066044,3.1293438257349333,0.20719722780042807
0.012585439169253832,0.5108212667617735,0.8628121946891107,3.127228879443118,0.2069654733786939
0.012828086589879972,0.5107547268282308,0.863211381353151,3.1251135324038737,0.2067341235859961
0.013067655331301768,0.510752586946531,0.8636052394391412,3.1229977918223355,0.20650297831095094
0.013304087898171259,0.5108148499798947,0.8636833775773073,3.1208816613853294,0.20627196021751582
0.013537327547807324,0.5109414326347398,0.8637896882434407,3.1187651452003635,0.2060411008987376
0.013767318303813628,0.5111321656752994,0.8639269032792234,3.1166482450878994,0.20581022557884912
0.01399400496951275,0.5113867943589487,0.8640863899457234,3.1145309619445825,0.20557936156965834
0.01421733314119308,0.5117049790895966,0.8649650458549745,3.112413296024,0.20534851368400686
0.014437249221165361,0.512086296285223,0.8651592838881182,3.1102952507811796,0.20511777818885385
0.014653700430626113,0.5125302394543684,0.8653759576271464,3.1081768257333766,0.20488683843971772
0.014866634822324063,0.5130362204751928,0.8649582796255327,3.106058016338737,0.2046558530790131
0.015076001293027302,0.5136035710696012,0.865367148480639,3.1039388321718713,0.20442544300619372
0.015281749595787885,0.5142315444638788,0.8657744241206518,3.101819280356663,0.2041952194885114
0.015483830352000755,0.5149193172263347,0.8655485576168898,3.0996993653603893,0.20396520642375207
0.015682195063254488,0.515665991271617,0.8654323649807604,3.0975790936163268,0.20373551443325358
0.01587679612297054,0.5164705960205932,0.8654200847714124,3.095458471243691,0.20350602499884135
0.016067586827828696,0.5173320907041011,0.8657943367484772,3.0933375018147973,0.20327666175418585
0.016254521388975634,0.5182493667983282,0.8667063976957622,3.0912161887474436,0.20304741374237406
0.016437554943014035,0.5192212505792153,0.8675698235680206,3.0890945342204605,0.20281821692438937
0.01661664356276945,0.5202465057829877,0.8679314873764815,3.0869725403543993,0.20258914085268226
0.016791744267832906,0.5213238363597704,0.8677483689976252,3.0848502113204708,0.20236026010907673
0.016962815034875598,0.5224518893071859,0.8681143511093674,3.0827275515696955,0.20213157990876834
0.017129814807734685,0.523629257570906,0.8684768567219666,3.0806045662315733,0.2019031431615982
0.01729270350726626,0.5248544829992909,0.8691685028337715,3.078481259506967,0.20167471983964877
0.017451442040964386,0.5261260593394964,0.8695199042322436,3.0763576300165507,0.20144624009812948
0.017605992312342895,0.5274424352627898,0.8703055100344212,3.074233678672067,0.20121768789828556
0.017756317230078554,0.5288020174072302,0.871485210109405,3.072109400445721,0.20098868633156475
0.017902380716912702,0.5302031734263603,0.8727309409905308,3.0699847858868345,0.20075914872348
0.01804414771830964,0.5316442350331099,0.8721311368185667,3.06785982711187,0.20052958038815302
0.018181584210869534,0.533123501028714,0.8724536232959831,3.065734532881738,0.20030046878504507
0.01831465721049387,0.5346392403070944,0.875142497981855,3.063608905316501,0.20007075178547287
0.01844333478030156,0.536189694825822,0.8756536018404222,3.061482920750012,0.19984002279664312
0.01856758603829347,0.5377730825354702,0.8759601953192121,3.059356577148973,0.19960962003764357
0.018687381164764153,0.5393876002599068,0.875281105226641,3.0572298830532314,0.19937978493178535
0.018802691409458283,0.541031426520744,0.8761398496325024,3.0551028524951955,0.19915045359847516
0.018913489098470657,0.5427027242999307,0.8769529421392569,3.0529754904445863,0.198921182402835
0.019019747640887784,0.544399643735139,0.8772544476020858,3.0508477981294613,0.19869194414510347
0.019121441535169478,0.5461203247433226,0.8775543480485785,3.04871977910092,0.19846296563782115
0.019218546375269284,0.5478628995684713,0.8778531716865897,3.046591440031309,0.19823430281390717
0.019311038856491793,0.5496254952502586,0.8781505017551513,3.044462786970763,0.1980058609007447
0.019398896781085338,0.5514062360108891,0.8784467634085533,3.0423338250123915,0.1977776246650632
0.01948209906356987,0.5532032455580523,0.8787422578846976,3.040204558308838,0.19754958106179282
0.019560625735796946,0.555014649302433,0.8790360486293324,3.0380749914755243,0.19732174163601032
0.0196344579517422,0.5568385764887707,0.8797818089306442,3.0359451292917514,0.19709406957098605
0.01970357799202815,0.5586731622399331,0.8800714712258344,3.0338149752297663,0.19686658843703453
0.019767969268177005,0.5605165495139147,0.880361272121364,3.0316845341252447,0.19663926686687946
0.019827616326591514,0.5623668909740946,0.8810574264315933,3.0295538092028886,0.19641208431634735
0.019882504852263925,0.5642223507734461,0.881343070841778,3.027422802983967,0.19618499304716072
0.019932621672211687,0.5660811062537271,0.8816268032241572,3.0252915196167125,0.19595814415513052
0.019977954758638478,0.5679413495610052,0.8819101642657936,3.02315996362396,0.19573143545853552
0.020018493231821304,0.5698012891790826,0.8812979077736487,3.021028139548797,0.19550506370217724
0.020054227362720983,0.5716591513826746,0.8816678594222371,3.0188960561760707,0.1952790604201036
0.02008514857531778,0.5735131816123552,0.8810470762878678,3.0167637203483353,0.19505340060041593
0.020111249448669124,0.5753616457734575,0.8804166486303617,3.0146311399437824,0.19482813604011492
0.02013252371869058,0.5772028314612762,0.8846742828897562,3.0124983167148467,0.19460189922928356
0.02014896627965955,0.5790350491149956,0.8887736335582179,3.0103652060282338,0.194372826543359
0.020160573185440286,0.5808566331028955,0.888079673774077,3.008231758475069,0.19414221258385728
0.020167341650431193,0.5826659427414177,0.888353268472705,3.0060979706298725,0.19391202489993883
0.020169270050232984,0.5844613632507403,0.8886261014344423,3.0039638494264507,0.1936820605293221
0.020166357922039167,0.5862413066495197,0.8888928803441297,3.001829398773244,0.19345223017616528
0.020158605964746487,0.5880042125914874,0.8895256745270252,2.9996946222982412,0.19322256606685106
0.020146016038787365,0.5897485491465508,0.8900861749435592,2.997559524755202,0.19299311200651073
0.020128591165683753,0.5914728135290622,0.8905752075869725,2.995424109452811,0.19276375308883503
0.020106335527321443,0.5931755327758507,0.8908396098913511,2.993288380007488,0.19253458883518776
0.020079254464946857,0.594855264376609,0.891102289504549,2.9911523417027044,0.19230571288925738
0.02004735447788495,0.5965105968591291,0.8913630347872388,2.9890160006977773,0.19207705210898335
0.02001064322197956,0.5981401503318728,0.8906638634192143,2.986879361498117,0.19184865426451217
0.01996912950775576,0.5997425769862358,0.8899263865133034,2.984742433435852,0.19162085260891223
0.01992282329830581,0.601316561560858,0.8901833447823274,2.982605229804427,0.19139361325612483
0.019871735706897663,0.6028608217702097,0.8904296285761824,2.980467758731959,0.19116660583516143
0.019815878994308016,0.6043741086996129,0.8964745922082741,2.9783300159795365,0.19093814667600376
0.01975526656587972,0.605855207168795,0.8967027732105568,2.976191949933403,0.19070747147450992
0.01968991296830475,0.6073029360659756,0.8969286365425544,2.9740535486787225,0.19047700352859792
0.019619833886132653,0.6087161486543845,0.8971518020842814,2.9719148175996373,0.1902467561596796
0.019545046138006995,0.6100937328530764,0.8973702466143731,2.969775760636101,0.19001662785721055
0.01946556767262817,0.6114346114937537,0.8965781424905767,2.9676363821769502,0.18978688549018805
0.019381417564446394,0.6127377425552893,0.8968916948726038,2.9654966942511414,0.18955766113282704
0.019292616009083684,0.6140021193775144,0.8974258849386549,2.963356703088942,0.18932858536411934
0.01919918431848703,0.6152267708557764,0.9036745892852803,2.9612164046167107,0.1890981441678607
0.01910114491581383,0.6164107616176943,0.9040994580879737,2.9590757483304104,0.1888654668090216
0.01899852133004989,0.6175531921834329,0.9044889622697093,2.9569347214729578,0.18863292774056725
0.018891338190363396,0.6186531991107809,0.9046611491986697,2.954793327860302,0.18840054705504247
0.01877962122019331,0.6197099551262157,0.904830994141,2.9526515716403203,0.18816833294272148
0.018663397231076097,0.6207226692430707,0.9040217816442413,2.9505094571635215,0.187936516824025
0.018542694116211393,0.6216905868678686,0.9078198473935509,2.948366993365674,0.18770425577042807
0.018417540843767215,0.6226129898957818,0.9095880261555715,2.9462241453709503,0.18746972054409897
0.018287967449928468,0.6234891967961653,0.9097207858627204,2.944080879878364,0.18723430927144102
0.018154005031687397,0.6243185626889955,0.9098506351008356,2.941937197042737,0.18699926822872684
0.01801568573938149,0.6251004794130239,0.909977949580061,2.939793104071763,0.1867645431157725
0.01787304276897691,0.6258343755863781,0.9102040985693249,2.937648609224458,0.18653018519504103
0.017726110354101817,0.6265197166603038,0.9104290310839651,2.9355037186490764,0.18629600999294485
0.017574923757830527,0.627156004966662,0.9105510328044639,2.9333584356522637,0.1860619644171957
0.017419519264220366,0.6277427797597742,0.9114371832263355,2.9312127629340425,0.18582764633538093
0.01725993416960387,0.628279617253143,0.9115500265211401,2.9290666871204754,0.1855927725039343
0.017096206773637736,0.6287661306515259,0.9106528213837062,2.9269202106860956,0.1853585183717946
0.01692837637011102,0.6292019701788037,0.9107508213631867,2.9247733532705738,0.18512517657580888
0.01675648323751488,0.62958682310204,0.9108445391336518,2.9226261274026606,0.18489225276863772
0.016580568629376142,0.6299204137520723,0.9109374470581602,2.920478541282384,0.18465966243791498
0.01640067476435643,0.6302025035409675,0.9111887133858132,2.918330601175485,0.18442726784291574
0.01621684481611955,0.6304328909765766,0.9112778596885559,2.9161823113711955,0.1841950886872182
0.01602912290297086,0.6306114116744623,0.9102281526957838,2.914033679270645,0.1839635796904817
0.015837554077268366,0.630737938367357,0.9103037256936711,2.911884726356237,0.18373302488221765
0.01564218431461064,0.6308123809123375,0.9091538094215768,2.9097354655192884,0.1835032126566606
0.015443060502802999,0.6308346862958142,0.9079272073890764,2.9075859231295644,0.18327502306230822
0.015240230430604258,0.6308048386364391,0.9066364194687659,2.905436133306624,0.18304855815423995
0.015033742776258295,0.6307228591859684,0.9052942844075026,2.903286132397095,0.1828239534758277
0.014823647095810917,0.6305888063281072,0.9039144363357136,2.9011359587788452,0.1826012805523637
0.014609993811217033,0.6304027755753036,0.9043581083411923,2.8989856478911835,0.18237981413962248
0.014392834198239156,0.6301648995634497,0.9044017792541518,2.896835210560627,0.1821586209652677
0.014172220374142199,0.6298753480443828,0.9029982296993946,2.894684658454534,0.18193856381432094
0.013948205285184782,0.629534327876084,0.9030276267723688,2.8925340234036656,0.1817198817863245
0.013720842693913052,0.6291420830103847,0.9016075901274617,2.8903833242142385,0.1815023293087538
0.013490187166257498,0.6286988944779996,0.9001871393638073,2.8882325951649004,0.18128675845926967
0.013256294058437675,0.628205080370648,0.8987786200972303,2.886081876693988,0.18107323930111238
0.013019219503676514,0.6276609958199675,0.8973930898255253,2.8839312097532326,0.1808617587381919
0.012779020398729314,0.6270670329729382,0.8960411224852616,2.8817806343106067,0.18065224982094072
0.012535754390228195,0.6264236209634242,0.8960992259494396,2.8796301855744635,0.18044402235754337
0.012289479860847519,0.6257312258794581,0.8947945818427474,2.8774798799680874,0.18023678797640164
0.012040255915292113,0.6249903507258098,0.8935395368871448,2.87532974820977,0.180031295500597
0.011788142366112649,0.6242015353813596,0.8923401464265278,2.8731798220851337,0.17982734385499125
0.011533199719350753,0.6233653565507317,0.8911976894276593,2.871030132127159,0.1796249290109931
0.011275489160017768,0.6224824277096033,0.8913746093207394,2.868880704147557,0.1794233704066998
0.011015072537410978,0.6215533990430531,0.8915179930104065,2.8667315449429855,0.17922196356741465
0.010752012350269713,0.6205789573762588,0.8916033994156963,2.864582658333478,0.17902084164417922
0.010486371731776132,0.6195598260967872,0.8905205749789685,2.8624340516421505,0.17882041249033276
0.010218214434403598,0.6184967650676902,0.8894962294426612,2.8602857462949505,0.1786212396909165
0.009947604814616262,0.6173905705305215,0.8895958864642477,2.858137763331101,0.1784228742423105
0.009674607817423884,0.6162420749973568,0.8896955299352278,2.8559901127056877,0.1782249042845747
0.009399288960795421,0.6150521471308302,0.8887388073659811,2.8538428029053264,0.17802760401365583
0.009121714319934634,0.6138216916111098,0.8888443690508536,2.8516958506458177,0.17783107593222933
0.00884195051142324,0.6125516489887011,0.8889251995745077,2.8495492643655433,0.17763489000254287
0.008560064677232164,0.6112429955218646,0.8887013457519385,2.847403052111893,0.17743918612139808
0.00827612446860856,0.6098967429973744,0.8888189411415244,2.84525722114765,0.1772437810625603
0.007990198029839527,0.6085139385332686,0.888935845826166,2.8431117770596597,0.1770487572707073
0.007702353981897877,0.6070956643621542,0.8890516911656539,2.8409667242866794,0.1768538158100869
0.007412661405973439,0.6056430375935634,0.8882449129947969,2.838822064834549,0.17665923652475504
0.0071211898268937895,0.6041572099537591,0.8883394199542999,2.836677808754166,0.17646519222517384
0.006828009196438777,0.6026393675013224,0.88756773805529,2.834533964168626,0.176271646520596
0.006533189876552508,0.6010907303167528,0.8876904745356089,2.8323905416042385,0.17607855476222228
0.00623680262245649,0.5995125521642476,0.8878120642735938,2.8302475452111646,0.17588566595065303
0.005938918565668949,0.5979061201237209,0.8879073954598455,2.8281049794106363,0.1756930289016265
0.005639609196933665,0.5962727541910555,0.888001773827093,2.8259628478757755,0.1755006490033913
0.005338946349062368,0.5946138068444896,0.8871801804625595,2.8238211570588843,0.17530884573816916
0.005037002179695332,0.5929306625749599,0.8872252381027115,2.8216799216238577,0.17511775221020348
0.0047338491539837485,0.5912247373781461,0.8873619459283608,2.819539148484018,0.17492687157768352
0.00442956002719873,0.5894974782058858,0.8874719358027162,2.8173988408462596,0.17473620289399697
0.004124207827269967,0.587750362374561,0.8876068539133193,2.815259002413998,0.1745457540354224
0.003817865837259695,0.5859848969279764,0.8877148034123096,2.8131196358062622,0.17435547801147933
0.0035106075777750485,0.584202617952222,0.8877131362827894,2.8109807445936226,0.17416549113989663
0.003202506789323389,0.5824050898399283,0.8878208631538193,2.8088423345071964,0.17397585540498534
0.0028936374146149744,0.5805939045012983,0.8879275308484637,2.8067044115541786,0.1737865674841418
0.002584073580817103,0.5787706805192748,0.8872957501033548,2.8045669809210647,0.17359756065959464
0.0022738895817639862,0.576937062246157,0.8875770269247593,2.8024300476116193,0.17340882647443837
0.0019631598601264058,0.5750947188390139,0.8875394248042713,2.8002936142794734,0.17322022987535068
0.0016519589895459717,0.5732453432312112,0.8876451913734721,2.7981576839696056,0.17303192473227247
0.001340361656737823,0.5713906510374325,0.8877762739383498,2.79602226203445,0.17284388183498334
0.0010284426435661787,0.569532379389587,0.8878797191621939,2.793887350608788,0.1726559722353721
0.0007162768090968338,0.5676722857011058,0.8879822284584038,2.791752953247653,0.17246835047849549
0.0004039390716315674,0.565812146357182,0.8881778593057993,2.789619073819396,0.17228094115008244
9.150439072821404e-05,0.5639537553286421,0.8884080368986962,2.7874857162473266,0.17209382064326414
-0.00022095225078961722,0.5620989227072848,0.8885334663915027,2.785352885377814,0.17190698839583438
-0.0005333558648278426,0.5602494731606827,0.8878674262773013,2.7832205852890053,0.17172038239871545
-0.0008456314760186451,0.558407244304662,0.8879647200863303,2.7810888192665755,0.17153399660920216
-0.0011577041397143036,0.5565740849918814,0.8881940610587524,2.778957591537624,0.17134792726324116
-0.0014694989599736302,0.5547518535152404,0.8877024481992797,2.7768269105874284,0.17116257104751453
-0.001780941107536329,0.5529424157251077,0.8871235591322068,2.774696789723389,0.17097773680250036
-0.0020919558377820546,0.5511476430597391,0.8872347565068613,2.772567234177884,0.17079317381785405
-0.002402468508668414,0.5493694104886152,0.8873732739758136,2.7704382507252157,0.17060907442646872
-0.00271240459864495,0.5476095943688275,0.8875102649746903,2.7683098450967254,0.1704252160470102
-0.0030216897245378387,0.5458700702151383,0.8876169133253393,2.766182022350088,0.17024175132373695
-0.0033302496594014444,0.5441527103847857,0.8869807978438782,2.7640547887342515,0.17005862175539072
-0.0036380103503325643,0.5424593816786623,0.8871159227897908,2.761928149899845,0.16987581761294454
-0.003944897936242713,0.5407919428610481,0.887246596666561,2.7598021101578816,0.16969328476089615
-0.004250838765584409,0.5391522421006688,0.8865518784977341,2.7576766750638058,0.1695111568529294
-0.004555759414027089,0.537542114336489,0.8858035052443598,2.7555518519123665,0.1693294568019217
-0.004859586702078883,0.5359633785723074,0.8859379142661876,2.7534276480154274,0.16914813006857804
-0.005162247712649089,0.5344178351048677,0.8860644492133124,2.7513040682991003,0.16896711665140968
-0.005463669808547947,0.5329072626909406,0.8853660631224127,2.7491811186190067,0.1687865873508786
-0.005763780649919374,0.5314334156595069,0.8853471104321096,2.7470588113460517,0.16860671894072515
-0.006062508211602016,0.5299980209759048,0.8855032696808967,2.74493715360943,0.16842713518685537
-0.006359780800415019,0.5286027752655074,0.885659543032424,2.7428161495411145,0.1682478326828839
-0.0066555270723640415,0.5272493418052355,0.8858151092249358,2.740695803180398,0.1680687333518173
-0.006949676049763461,0.5259393474918578,0.8857669572792733,2.738576116319955,0.16788982393749025
-0.00724215713827064,0.5246743797967537,0.8856804563165259,2.7364570936661226,0.16771128381351644
-0.007532900143828317,0.5234559837174061,0.8858395776636437,2.7343387410500903,0.16753305492593154
-0.00782183528951078,0.5222856587365217,0.8859582416837511,2.732221061478141,0.16735499528884767
-0.008108893232270034,0.5211648558001966,0.8859297622970843,2.730104057727084,0.16717715512585227
-0.00839400507957774,0.5200949743270317,0.8861781955866246,2.72798773223231,0.1669995149661866
-0.008677102405959113,0.5190773592605379,0.8862953070303976,2.7258720885366596,0.16682213010965935
-0.008958117269414761,0.5181132981774602,0.8857276109983021,2.723757131759541,0.16664527315402092
-0.009236982227726388,0.5172040184649412,0.8859095921604272,2.7216428750212627,0.16646906684988777
-0.009513630354642585,0.5163506845795586,0.8860918161418977,2.719529323581859,0.16629303545857896
-0.009787995255940861,0.5155543954013385,0.8862738873835936,2.717416480510136,0.16611725992009083
-0.010060011085361918,0.5148161816957734,0.8857680898634495,2.7153043499644935,0.1659418914650474
-0.010329612560412442,0.5141370036967043,0.8859735115762531,2.713192941262925,0.16576697871139714
-0.010596734978032516,0.5135177488226363,0.885508986568032,2.7110822579165403,0.1655922090395
-0.010861314230124186,0.5129592295386427,0.885467283806834,2.708972301068616,0.16541759250300658
-0.011123286818936965,0.5124621813754898,0.8856777953570405,2.706863072756437,0.16524312637517904
-0.011382589872307048,0.5120272611169668,0.8852260746729504,2.7047545758909455,0.16506905527881613
-0.011639161158746369,0.5116550451656614,0.8854581390507426,2.702646818828607,0.16489537687711467
-0.011892939102377726,0.5113460280965404,0.8856936603536579,2.7005398034057744,0.16472173331156617
-0.012143862797712873,0.5111006214067494,0.8859302058166719,2.698433528685944,0.16454810021183666
-0.012391872024269385,0.5109191524689737,0.8861670550472525,2.696327993093713,0.16437449326077627
-0.012636907261023386,0.5108018636945854,0.8864041412732991,2.694223196324539,0.16420095026134782
-0.012878909700694276,0.5107489119115698,0.8866417905627826,2.6921191382027314,0.16402747034604068
-0.013117821263858197,0.510760367960994,0.8868794028930207,2.6900158187334693,0.16385407397500942
-0.013353584612886816,0.5108362165144442,0.8871169249180576,2.687913237772867,0.16368072447512055
-0.013586143165708067,0.5109763561135376,0.8873536517164131,2.6858113943210906,0.1635073882638319
-0.013815441109385571,0.5111805994312889,0.8876319389002144,2.683710287358637,0.1633340751452727
-0.014041423413513584,0.5114486737537148,0.8878702005663708,2.6816099168124974,0.1631608847660651
-0.014264035843423792,0.5117802216788025,0.8881055625108788,2.6795102827044457,0.16298772011050494
-0.014483224973201692,0.5121748020286223,0.8883448604423402,2.6774113849829595,0.16281468855634398
-0.014698938198508213,0.5126318909691372,0.8883759575576252,2.675313225077755,0.1626418126565547
-0.014911123749204802,0.513150883331102,0.8886188981715573,2.673215805226831,0.16246908961373166
-0.015119730701777783,0.5137310941242976,0.8888617220898559,2.671119125134916,0.1622963923060986
-0.015324708991559887,0.5143717602363446,0.8888744060341687,2.6690231844373415,0.16212379075362196
-0.015526009424745548,0.5150720423064206,0.889120651654488,2.6669279852756405,0.16195142271931742
-0.015723583690197086,0.5158310267633488,0.8893668396656988,2.664833529419575,0.16177913616576525
-0.015917384371039105,0.5166477280168424,0.8896133441307772,2.6627398163436835,0.16160687457694833
-0.016107364956038584,0.517521090790071,0.8898587279611712,2.6606468449676153,0.16143464335231747
-0.016293479850766953,0.5184499925812217,0.8901057765301053,2.658554613970013,0.1612623855270903
-0.016475684388542983,0.5194332462413832,0.8901266859275613,2.6564631218466634,0.1610901987946145
-0.016653934841152192,0.5204696026558152,0.8901078087380684,2.65437236981543,0.16091816984765558
-0.016828188429341553,0.5215577535155332,0.8896464093537463,2.6522823609042505,0.16074646403656512
-0.016998403333086363,0.5226963341661188,0.8898946042135679,2.650193099056391,0.1605748836092681
-0.017164538701626823,0.5238839265207534,0.8896004784542181,2.648104583976379,0.16040339885363925
-0.017326554663271935,0.5251190620246474,0.8898496684343331,2.6460168170818186,0.16023203063407435
-0.017484412334968617,0.5264002246583223,0.8892613408694863,2.6439297982673593,0.16006084330354634
-0.017638073831633405,0.5277258539675622,0.8895037889353224,2.641843533538758,0.15989001389298782
-0.01778750227524473,0.5290943481082889,0.8897446216458714,2.6397580245163903,0.1597192429775042
-0.01793266180369336,0.5305040668951224,0.8900448605189278,2.6376732715298123,0.1595486073441484
-0.018073517579389343,0.5319533348429523,0.8886028955275784,2.6355892794556968,0.15937880338956845
-0.018210035797622568,0.5334404441914468,0.8888510297805798,2.633506074082462,0.15921019061364258
-0.01834218369467601,0.5349636579030996,0.88727055339501,2.6314236659160195,0.15904232701794374
-0.01846992955568868,0.5365212126260642,0.8873445954059418,2.6293420804429712,0.15887571577205845
-0.01859324272226722,0.5381113216137562,0.8876052933489509,2.627261326388381,0.15870922628321418
-0.018712093599843476,0.5397321775938886,0.8878649327303458,2.625181405339451,0.15854295857425546
-0.01882645366477743,0.5413819555803527,0.8881233736449958,2.62310231853934,0.1583767280480593
-0.01893629547120241,0.5430588156220403,0.8874947169250409,2.6210240662748503,0.1582108154249802
-0.019041592657612086,0.544760905483435,0.8875914619055005,2.6189466575368088,0.15804538162270512
-0.019142319953187305,0.5464863632524792,0.8876519053566349,2.6168700946914267,0.15788001463691786
-0.019238453183860478,0.5482333198718842,0.8856898820640383,2.614794383094847,0.15771574575947517
-0.01932996927811778,0.5499999015907187,0.883727197734321,2.6127195614479404,0.1575539235363201
-0.019416846272535912,0.5517842323337011,0.8839930578982053,2.6106456698163694,0.15739343085605012
-0.019499063317053134,0.5535844359862334,0.8820439694372915,2.608572720409144,0.15723389062491955
-0.01957660067997357,0.5553986385937284,0.8823133259285344,2.606500742783715,0.15707568170373817
-0.019649439752702214,0.5572249704743412,0.8825817818124971,2.60442974391146,0.1569174670825107
-0.019717563054211285,0.5590615682446537,0.8828492843708894,2.602359722385504,0.1567593167658909
-0.019780954235235446,0.5609065767583309,0.8822397801582921,2.6002906796094636,0.1566016327853906
-0.019839598082195466,0.5627581509581382,0.8825009931984009,2.5982226275201437,0.1564444500917862
-0.019893480520849657,0.5646144576421153,0.8827605685632985,2.596155565831648,0.1562871866285398
-0.019942588619671332,0.56647367714499,0.8828922899170352,2.594089492030345,0.1561299255386205
-0.01998691059295256,0.5683340049362237,0.883152198337712,2.59202440478306,0.15597274594982297
-0.02002643580363249,0.5701936531363507,0.8834123663714681,2.589960304569888,0.15581568989029004
-0.02006115476585023,0.5720508519534627,0.8835418131408468,2.5878971909711215,0.1556587024707957
-0.02009105914722158,0.5739038510419189,0.8838025571453614,2.5858350640740855,0.155501846202351
-0.020116141770838553,0.5757509207854937,0.8817588414929122,2.583773929527824,0.1553460744770579
-0.020136396616991875,0.5775903535073241,0.8820220466177107,2.5817138210107013,0.1551918443738253
-0.02015181882461566,0.579420464609127,0.8822837250125326,2.5796547478134624,0.15503769978680584
-0.02016240469245405,0.5812395936422209,0.8825433902685652,2.577596709921567,0.15488367000617037
-0.020168151679949797,0.5830461053129734,0.8828019692472263,2.5755397094751893,0.1547299588176741
-0.020169058407853314,0.5848383904253116,0.8821289851962947,2.573483751927526,0.15457687721017407
-0.02016512465855425,0.5866148667629729,0.8814009247544131,2.571428856600229,0.15442512046125112
-0.020156351376133655,0.5883739799141608,0.8816438265719678,2.5693750463804625,0.15427426794255034
-0.020142740666137155,0.5901142040412813,0.8818845411487078,2.5673223281022994,0.1541236479078259
-0.020124295795069743,0.5918340425983857,0.8821230514576937,2.5652707029779607,0.15397314475213744
-0.02010102118961201,0.5935320289989434,0.8823599661464766,2.5632201714056304,0.153822809265191
-0.020072922435557614,0.5952067272364808,0.8825947376001044,2.561170735928238,0.15367275113667878
-0.02004000627647253,0.5968567324606173,0.8828276565406311,2.559122399076018,0.15352290026908572
-0.02000228061207694,0.5984806715109238,0.8830586334224417,2.5570751640822524,0.1533734099136791
-0.01995975449634925,0.6000772034109936,0.8832870599624056,2.5550290357798047,0.15322420002160794
-0.019912438135353153,0.6016450198250248,0.8824675466341119,2.552984019700805,0.15307583195945973
-0.019860342884788044,0.6031828454791411,0.8826876365372235,2.550940139769693,0.1529286199985692
-0.01980348124726411,0.604689438549605,0.8829760263655153,2.5488974049008806,0.15278163918574597
-0.019741866869301343,0.6061635910199868,0.8831944836569802,2.54685581592374,0.15263481544256866
-0.01967551453805465,0.6076041290092778,0.8823368487865071,2.5448153790491927,0.15248897415281643
-0.01960444017776514,0.609009913072829,0.881464386850451,2.5427761241915094,0.1523450297647716
-0.019528660845938035,0.6103798384779625,0.88059227975217,2.5407380853714474,0.15220283546559474
-0.01944819472924932,0.6117128354559512,0.8797385420027359,2.5387012948864416,0.15206236006802845
-0.019363061139180536,0.6130078694320371,0.8789194139521767,2.5366657840007942,0.1519235531341913
-0.019273280507384846,0.6142639412350341,0.8781549864875263,2.5346315826159396,0.15178631145127372
-0.01917887438078285,0.6154800872880216,0.8783669784930426,2.532598715498459,0.1516500094447229
-0.019079865416391863,0.6166553797815009,0.8776693947150868,2.530567191120844,0.15151438595658778
-0.01897627737588778,0.6177889268303679,0.8770504838559502,2.528537028457002,0.15137993538679795
-0.018868135119903415,0.6188798726159331,0.8750827321602322,2.5265082488723425,0.15124706607663096
-0.018755464602060904,0.6199273975141741,0.8752988717858768,2.5244808879988763,0.15111580479047643
-0.018638292862743756,0.6209307182113193,0.8748074761497043,2.5224549593658216,0.15098503385914896
-0.018516648022606944,0.6218890878078069,0.8750848622450463,2.5204304719822663,0.15085477760162758
-0.01839055927582826,0.6228017959115778,0.8732134841780452,2.5184074326178103,0.15072547026124822
-0.01826005688310161,0.6236681687216161,0.872882450649395,2.5163858693255303,0.15059757983351693
-0.018125172164374738,0.6244875691025771,0.8731492387523117,2.51436579346019,0.1504699874958158
-0.01798593749133277,0.6252593966512866,0.8733980741766425,2.5123472058120466,0.1503425534262507
-0.01784238627962893,0.6259830877558407,0.8736672139824753,2.5103301072100836,0.15021532083063407
-0.01769455298086476,0.6266581156479745,0.8739374519900963,2.5083144974278095,0.15008811241632228
-0.017542473074322582,0.627283990449327,0.8736327764820551,2.5063003725731274,0.14996088793513895
-0.017386183058449804,0.6278602592121554,0.8734899340807952,2.5042877312809146,0.14983377454824162
-0.01722572044210007,0.6283865059550383,0.8737828189163538,2.50227657223528,0.14970673521450523
-0.017061123735530974,0.6288623516940299,0.8740715934098329,2.5002668942437936,0.14957981366362916
-0.016892432441162085,0.6292874544696891,0.8743644927164782,2.498258697348608,0.14945305454746377
-0.016719687044094236,0.6296615093703813,0.8748051129351322,2.4962519819859783,0.1493264719929374
-0.01654292900239361,0.6299842485521844,0.8750977194902027,2.494246747817949,0.14919997423344525
-0.016362200737141612,0.6302554412557054,0.8755193444916084,2.492242993781369,0.14907358632003204
-0.016177545622254458,0.6304748938200685,0.8759099716445262,2.4902407190496763,0.1489473073982096
-0.015989007974073335,0.6306424496943047,0.8762698289071253,2.488239923137397,0.14882117059041347
-0.01579663304072878,0.6307579894463156,0.8762673260784946,2.486240605890996,0.14869508684468388
-0.015600466991281368,0.6308214307695736,0.8765531306464506,2.4842427637103293,0.148569054319126
-0.015400556904641283,0.6308327284876784,0.876831175509385,2.482246396871346,0.14844314499388975
-0.01519695075826978,0.6307918745568158,0.8771095519435435,2.480251503214933,0.14831726294860612
-0.01498969741666464,0.630698898066203,0.8772170264542306,2.4782580794903635,0.1481911359499217
-0.014778846619632937,0.6305538652364983,0.8776005603508504,2.4762661118442195,0.1480645120295957
-0.014564448970353855,0.630356879416167,0.8779530794545333,2.4742755954670455,0.1479380198633031
-0.014346555923234037,0.6301080810757165,0.8782402394814206,2.4722865295948955,0.14781156579248306
-0.014125219771558973,0.6298076477997313,0.8784221415629457,2.470298908803959,0.14768467331416665
-0.01390049363494256,0.6294557942765571,0.878719147208073,2.468312715382343,0.14755706790572126
-0.013672431446578825,0.6290527722854606,0.8790100490715457,2.4663279390733006,0.14742936218033878
-0.013441087940298213,0.628598870681071,0.8771086118942758,2.464344582533407,0.14730265151891964
-0.013206518637431847,0.6280944153748449,0.8774275343132226,2.462362674811295,0.14717727463589186
-0.012968779833486255,0.6275397693132784,0.8776373522347038,2.4603822197818577,0.1470514826980619
-0.012727928584633416,0.6269353324525325,0.8779297293781962,2.458403201132119,0.14692518879299601
-0.012484022694016795,0.6262815417291195,0.877649908683322,2.456425614176926,0.14679898895234855
-0.012237120697879286,0.625578871026227,0.8773039253063029,2.4544494581068284,0.14667292454143813
-0.011987281851514901,0.624827831135235,0.8776368823708357,2.452474732917659,0.14654691370061135
-0.011734566115047428,0.6240289697119188,0.878052801930911,2.4505014350368213,0.14642092629878617
-0.011479034139040696,0.6231828712268037,0.8783840377481652,2.448529563806906,0.14629500950883778
-0.011220747249942082,0.622290156909056,0.8786822149835153,2.446559116103117,0.14616905948702733
-0.010959767435365296,0.6213514846832796,0.8790129193860785,2.4445900886077205,0.14604306911971895
-0.01069615732921311,0.620367549098498,0.8773837456444358,2.4426224811308033,0.14591778334085267
-0.0104299801966455,0.6193390812485795,0.8757880048062168,2.4406563202395586,0.14579433805560366
-0.010161299918896655,0.6182668486832728,0.8760995658299418,2.4386916354982713,0.14567194136079797
-0.009890180977943584,0.6171516553089872,0.8764115206164478,2.4367284303221113,0.14554950728323962
-0.009616688441030563,0.6159943412783668,0.8767234908696253,2.4347667011074514,0.1454270508923875
-0.009340887945053711,0.6147957828676616,0.8770029536157882,2.4328064445534645,0.1453045873971039
-0.0090628456808082,0.613556892340804,0.8772815988278225,2.430847657750358,0.14518209837565
-0.008782628377102725,0.6122786177990749,0.87755922541343,2.4288903364552517,0.14505951991758548
-0.008500303284745079,0.6109619430151061,0.8778692690524273,2.4269344757094236,0.1449368503159517
-0.008215938160402265,0.6096078872499582,0.8781789998878592,2.4249800716528163,0.14481417721995496
-0.007929601250339076,0.6082175050518877,0.8784548670184352,2.4230271224252222,0.14469160871579922
-0.007641361274039455,0.6067918860353578,0.8787635792528827,2.4210756265930047,0.14456903103033114
-0.0073512874077141304,0.60533215463877,0.8789166872960947,2.4191255776893694,0.14444592710476173
-0.007059449267698596,0.6038394698593033,0.8790716674663429,2.417176952667756,0.1443215398073765
-0.006765916893745615,0.6023150249631609,0.8793843705060257,2.415229724507124,0.14419622892295073
-0.006470760732215893,0.6007600471694614,0.8796564018017428,2.413283881226202,0.14407076300919405
-0.006174051619171285,0.599175797305894,0.8799667965133628,2.411339418117172,0.14394522558329914
-0.00587586076337489,0.597563569434207,0.8802355495226535,2.4093963318799934,0.14381968547147012
-0.005576259729200537,0.5959246904434882,0.8803629691412105,2.4074546166443285,0.14369360475219708
-0.005275320419458401,0.5942605196091265,0.8804491971423445,2.405514248977062,0.14356623081542225
-0.004973115058138158,0.5925724481152636,0.8791767352134257,2.4035752064984064,0.14343873335261872
-0.004669716173075936,0.5908618985384587,0.8794243713408038,2.4016375024642813,0.14331207766683046
-0.0043651965785477765,0.5891303242902257,0.8797126430546361,2.399701137243095,0.14318520125638928
-0.004059629357794616,0.5873792090160173,0.8796441429221773,2.3977661019785432,0.14305774221327186
-0.0037530878454826388,0.5856100659481868,0.8785565634395027,2.3958323789643043,0.14292996699336574
-0.003445645610103291,0.5838244372103819,0.8788260332260736,2.393899974205436,0.14280274451483355
-0.0031373764363174287,0.5820238930707853,0.8790937333865082,2.391968887559806,0.142675444905231
-0.002828354307246835,0.580210031141579,0.8793592794003295,2.390039115558368,0.1425481148702211
-0.00251865338671928,0.5783844755219746,0.8791021544023615,2.388110652720255,0.14242038245688352
-0.0022083480014689558,0.5765488758821348,0.8788224575994172,2.3861834839375167,0.1422921511931782
-0.0018975126232988744,0.5747049064853241,0.8784864272297302,2.3842576052407254,0.1421641016199482
-0.0015862218512076262,0.5728542651456173,0.8780288876066097,2.382333018715165,0.14203635995071878
-0.0012745503934863147,0.5709986721185426,0.8782781221394189,2.3804097281226455,0.14190884097864492
-0.0009625730497887495,0.5691398689220892,0.8785251325679622,2.3784877329951923,0.14178134990377203
-0.0006503646931797967,0.5672796170855663,0.8787272421810232,2.3765670301059347,0.1416538197105779
-0.0003380002521664277,0.5654196968239122,0.878969743697379,2.3746476169620787,0.1415262929807871
-2.555469271510735e-05,0.5635619056351675,0.8792573028050249,2.372729490632688,0.14139877688601896
0.00028689699973979586,0.5617080568189753,0.8794531773225251,2.3708126500754823,0.1412713635864784
0.0005992798382918137,0.5598599779141492,0.879689683566879,2.368897093640536,0.14114391283411418
0.0009115188525592728,0.5580195090535658,0.8803980897384738,2.3669828171449594,0.1410164270145201
0.0012235391066775477,0.5561885012348644,0.8801068977317043,2.36506981908655,0.14088904173971048
0.0015352657172833127,0.5543688145057353,0.8797637631934797,2.3631581000017117,0.1407618444341263
0.0018466238714864905,0.552562316062872,0.8799560188126667,2.3612476600089236,0.1406347054335771
0.0021575388448245958,0.5507708782640167,0.8801886363582725,2.3593384966123074,0.14050751387329388
0.0024679360191964786,0.5489963765529122,0.8804191038353455,2.357430605107302,0.140380210821399
0.002777740900770236,0.5472406872974113,0.8798638642150269,2.355523980866846,0.14025271037595294
0.0030868791378614725,0.5455056855414285,0.8792133837092122,2.353618614336423,0.1401248373912905
0.003395276538777182,0.5437932426719421,0.8794182098296008,2.3517144977303808,0.13999677612753902
0.003702859089621459,0.5421052240027832,0.8786631875697841,2.3498116266190414,0.13986869761205836
0.004009552972058625,0.5404434862775053,0.8778193040106118,2.3479099987050756,0.13974068465240896
0.004315284581029086,0.5388098750942615,0.8780007478798298,2.3460096142224014,0.1396128388757303
0.004619980542414225,0.5372062222562007,0.8770670074354343,2.3441104750899417,0.1394853401581594
0.004923567730645868,0.5356343430516173,0.8768434994830255,2.34221258755857,0.13935822278261714
0.0052259732862562375,0.5340960334687038,0.876719042003057,2.3403159540365905,0.1392312593160895
0.005527124633363496,0.5325930673505106,0.8766887891487134,2.338420573394946,0.13910428689544252
0.005826949497089938,0.5311271934963959,0.8768242767631275,2.3365331392995268,0.13964741034690123
0.006125375920907509,0.5297001327169721,0.8769574580293422,2.334660339235145,0.14019165148855114
0.006422332283906975,0.5283135748502897,0.8770888940068526,2.3328021655624855,0.14073695462755814
0.0067177473179867,0.5269691757476686,0.8772165222727318,2.3309586093913457,0.14128321063044907
0.007011550124956516,0.5256685542383265,0.8773438971870887,2.329129660957036,0.14183050073292047
0.00730367019355306,0.5244132890825682,0.8774669738191807,2.327315312462467,0.14237886976689867
0.007594037416362138,0.5232049159239648,0.8760003086617835,2.3255155819240074,0.14293350036512803
0.007882582106644045,0.5220449242515254,0.8744831624617802,2.3237306702726754,0.14350228550027974
0.008169235015058228,0.520934754383387,0.8756596455225176,2.321960868804901,0.1440928355852138
0.00845392734628264,0.5198757944840312,0.8739623488061652,2.320206693480058,0.1447086006020954
0.008736590775524359,0.5188693776274276,0.8740632018616031,2.3184684355485845,0.14533283048679724
0.009017157464917193,0.5179167789188069,0.8741637045167493,2.3167461330877304,0.14595806445489426
0.009295560079802511,0.5170192126880147,0.8742644312108727,2.315039772665132,0.14658421257000565
0.009571731804889065,0.5161778297675097,0.8764376675645066,2.3133494046867673,0.1472236585294182
0.009845606360288568,0.5153937148680849,0.8745944794050154,2.311675464869616,0.1478869117756598
0.010117118017422343,0.5146678840653398,0.8727587779720287,2.3100182482437157,0.1485628213108079
0.010386201614795988,0.5140012824096892,0.8730780931361949,2.3083779474113135,0.14924623795698103
0.010652792573637793,0.5133947816724123,0.8731748649117616,2.3067545806920555,0.1499299985899669
0.010916826913397314,0.5128491782397876,0.8732720007559263,2.305148125539462,0.15061440778699509
0.011178241267100455,0.5123651911668353,0.8733685543505071,2.303558560844344,0.15129945502607925
0.011436972896557129,0.5119434604014845,0.8715940903492339,2.3019858896327117,0.15198979946082355
0.011692959707418252,0.511584545189236,0.8698890052057217,2.300430272745015,0.15269195872376096
0.011946140264078009,0.5112889226674958,0.8702188129814593,2.2988918853362508,0.15340103876388084
0.012196453804418089,0.5110569866577644,0.8732237067837376,2.2973707940432995,0.15412103821692677
0.012443840254390385,0.5108890466627974,0.8733324723801281,2.2958673441429385,0.15485740392903635
0.012688240242434404,0.5107853270747093,0.8763289487375069,2.294381663772207,0.1556038835996043
0.012929595113726187,0.5107459665987607,0.8744980505850524,2.2929140806859136,0.15636883577629276
0.01316784694425515,0.5107710178963055,0.8773848188925745,2.2914648326571627,0.15714799072536279
0.013402938554725652,0.510860447449053,0.8755313666708471,2.290034230920992,0.1579429435279167
0.013634813524279659,0.5110141356454749,0.8756432647999018,2.288622435594408,0.15874276278552513
0.01386341620403752,0.5112318770888267,0.8757789626152772,2.2872294392057766,0.15954224650667734
0.014088691730453408,0.5115133811249243,0.8758905687516723,2.285855194755601,0.16034132564075018
0.014310586038482368,0.5118582725864853,0.8760031340291954,2.2844996606506562,0.16114032406446976
0.014529045874555628,0.512266092749578,0.8761167616569541,2.283162798266326,0.16193923064006455
0.01474401880936115,0.5127363004964623,0.8762537994470626,2.28184456643039,0.16273780812690727
0.01495545325042651,0.5132682736779767,0.8763415713694953,2.280544918828125,0.16353586134834044
0.015163298454500783,0.5138613106674899,0.8764070483707425,2.2792638073845906,0.16433335281690345
0.015367504539732681,0.514514632097471,0.8746980073442848,2.2780011994918863,0.16513334352255707
0.015568022497641965,0.5152273827687965,0.8791908255690593,2.2767571855437034,0.16594373490252587
0.01576480420488129,0.5159986337221271,0.8793056783201262,2.275531968727823,0.166763042962074
0.01595780243478545,0.5168273844599781,0.8794214023531389,2.274325565608792,0.16758193017737896
0.016146970868705778,0.5177125653075562,0.8795383522997775,2.2731379304058197,0.16840045502865914
0.01633226410712613,0.5186530398999347,0.8796564196406149,2.2719690187629666,0.16921860886117604
0.016513637680558742,0.5196476077828458,0.8797756570624858,2.2708187842817416,0.17003628072337584
0.01669104806021659,0.5206950071141001,0.8801070109212477,2.2696871807840933,0.17085342102468173
0.016864452668460234,0.5217939174525604,0.8785236017290077,2.268574167538208,0.1716719999333862
0.017033809889015993,0.522942962621587,0.8786606342352986,2.2674797706972423,0.17249321242589713
0.017199079076963917,0.5241407136339763,0.8787950878452504,2.2664039612936184,0.17331375141729663
0.017360220568492235,0.5253856916656251,0.8789301208509912,2.265346690597318,0.17413376374662412
0.017517195690416446,0.526676371065445,0.8792612335874201,2.264307908912987,0.17495298567338483
0.017669966769460862,0.5280111823894202,0.8793992169421437,2.2632875621675645,0.1757714207389933
0.017818497141299815,0.5293885154471838,0.8796045944636331,2.2622855999090055,0.17658913907547183
0.017962751159356995,0.5308067223499697,0.8797426543978069,2.2613019693638163,0.17740609081328143
0.018102694203360584,0.532264120549396,0.879882286903343,2.2603366199340442,0.17822234965509628
0.018238292687651727,0.5337589958571578,0.8802083479789072,2.2593895014447134,0.1790379032287027
0.01836951406924514,0.5352896054363369,0.880343349458833,2.2584605623854785,0.17985271315971457
0.01849632685563907,0.5368541807557646,0.878992889066314,2.2575497610716235,0.18066857114771306
0.018618700612373598,0.5384509304995296,0.8791521710641252,2.2566571071593504,0.18148621863971584
0.018736605970334424,0.5400780434244812,0.879312468684566,2.2557825644419385,0.18230301155408418
0.018850014632801664,0.5417336911592633,0.879473998249654,2.2549260823793844,0.18311917084010615
0.018958899382240726,0.5434160309391441,0.8849083293113426,2.254087626096908,0.18393743711532098
0.019063234086834354,0.5451232082716112,0.8850348717360151,2.253267237936565,0.18475868692161165
0.019162993706754297,0.5468533595283717,0.8851618930177053,2.252464885301957,0.18557875553759265
0.019258154300170666,0.5486046144600851,0.8860531747347725,2.251680509850113,0.18639772199341284
0.019348693028997853,0.5503750986307697,0.8861833047738636,2.250914053725919,0.18721562481707732
0.019434588164375436,0.5521629357694614,0.8863143174394031,2.250165460343661,0.18803251358803688
0.01951581909188334,0.5539662500372515,0.8864466848188477,2.2494346744483837,0.18884838704461698
0.019592366316488852,0.555783168208405,0.8865800467470314,2.2487216385523654,0.18966315830291577
0.019664211467225513,0.5576118217647342,0.8867152739557665,2.2480262953596037,0.19047681162293287
0.01973133730160201,0.5594503489029008,0.8868521381513121,2.247348587380561,0.19128938395170908
0.01979372770974032,0.5612968964547377,0.8857349366011595,2.24668846137369,0.19210156907593381
0.01985136771824198,0.5631496217210772,0.8915529860011491,2.2460458872574285,0.19291405915979565
0.01990424349378158,0.5650066942199274,0.8905174032213871,2.245420822319915,0.19372567601887342
0.01995234234642698,0.5668662973501652,0.8907821241164153,2.244813211612036,0.194536120034672
0.019995652732684215,0.5687266299721969,0.8909206487310265,2.244222992213513,0.1953450187643992
0.020034164258268535,0.5705859079072724,0.8910604848524476,2.2436500982294953,0.19615235889628202
0.020067867680598733,0.5724423653573804,0.8901587173939934,2.243094463548729,0.19695801376059655
0.020096754911015164,0.5742942562478216,0.8903163768360473,2.2425560169963146,0.1977618528354647
0.0201208190167213,0.5761398554947025,0.8907012302670203,2.242034690913961,0.19856406179158714
0.020140054222447176,0.5779774601997463,0.8908578263036357,2.2415304172667234,0.19936453783242014
0.0201544559118358,0.579805390774905,0.8915771184092423,2.2410431275041613,0.20016330858456385
0.020164020628550862,0.5816219919993181,0.891729997921623,2.2405727549034355,0.20096048658798163
0.02016874607710617,0.5834256340112571,0.8924079756181852,2.2401192335542475,0.20175605616189146
0.020168631123416863,0.5852147132376944,0.8916514028650655,2.2396824946317415,0.2025493861961166
0.020163675795071175,0.5869876532641718,0.8919081864667268,2.2392624490782005,0.20334002614575725
0.020153881281324292,0.58874290564765,0.891234811040053,2.238859018610235,0.20412813693816728
0.02013924993281234,0.5904789506749826,0.891415712942536,2.238472105878602,0.20491313047558699
0.020119785260988777,0.5921942980696645,0.8915976745798347,2.238101631294141,0.20569621718983178
0.020095491937281447,0.59388748764944,0.8917802544614143,2.2377475221590784,0.206477216091487
0.020066375791971396,0.5955570899373251,0.8928485997682559,2.2374097033646865,0.207255827178541
0.020032443812793687,0.5972017067285388,0.8937322163016277,2.2370880839005443,0.20803119572440093
0.019993704143260523,0.5988199716157653,0.8931888269437371,2.2367825629817024,0.20880265302238038
0.01995016608070656,0.600410550475129,0.8939657156207221,2.2364930211176794,0.2095699229288333
0.019901840074057882,0.6019721419151438,0.8934514385881338,2.236219351790262,0.21033315419501927
0.019848737721324092,0.6035034776908759,0.8929123031912951,2.2359614224719633,0.21109069784257162
0.019790871766815016,0.6050033230854351,0.8931059253233778,2.2357190925914057,0.21184376661334658
0.019728256098081796,0.6064704772608434,0.8925154583896828,2.2354922616208355,0.2125929174990312
0.01966090574258454,0.6079037735802614,0.8918692363897872,2.235280789443585,0.21333578020492658
0.01958883686408518,0.6093020799034361,0.8923473360337156,2.235084526072461,0.21407391242039822
0.019512066758768615,0.6106642988571764,0.8927900897223848,2.23490338270486,0.21481005818272988
0.01943061385109165,0.6119893680825669,0.8929564018117148,2.234737289977044,0.21554416954480488
0.019344497689361105,0.613276260460549,0.8921751275852868,2.234586163884073,0.21627411996540782
0.019253738941042403,0.6145239843174148,0.892541865818328,2.234449865091545,0.21699912932586177
0.01915835938779953,0.615731583611678,0.8916425009848239,2.2343282949386865,0.217720197079113
0.019058381920267438,0.6168981381037154,0.8906410237396967,2.2342213035252665,0.2184341186913289
0.01895383053255837,0.618022763509475,0.8912534714820437,2.234128723655354,0.21914192971889945
0.018844730316503567,0.6191046116394994,0.8913722428497964,2.234050428595625,0.2198459137192097
0.018731107455631054,0.6201428705244107,0.8902345631798073,2.2339863192891083,0.2205452819071401
0.018612989218882187,0.6211367645279616,0.8904732456832086,2.233936248410112,0.22123945333072934
0.018490403954066773,0.6220855544486589,0.8892155175090214,2.233900116293003,0.22192945712974266
0.01836338108105977,0.6229885376109292,0.8897156804933578,2.233877778759517,0.2226141134069478
0.018231951084741266,0.6238450479467084,0.8897977179301952,2.2338691428192585,0.22329643441103297
0.018096145507679216,0.6246544560682904,0.8898773575468455,2.2338741304919285,0.22397610758013334
0.017955996942560306,0.625416169333206,0.8901204892330136,2.2338926583392396,0.22465244905634768
0.01781153902436745,0.6261296319018483,0.8902065123874106,2.2339246215670463,0.2253250524019494
0.017662806422307577,0.6267943247885058,0.8888530020008296,2.2339699230907284,0.22599299645955806
0.017509834831491287,0.6274097659064015,0.8890876535938228,2.234028412680283,0.2266553594625742
0.017352660964366,0.6279755101073211,0.8891577857736239,2.2340999967730673,0.2273153330782293
0.01719132254190543,0.6284911492163059,0.8892254891095295,2.234184596334585,0.22797254265757608
0.017025858284556435,0.6289563120619075,0.8892906594947148,2.2342821309319327,0.22862705170932618
0.016856307902946642,0.6293706645024002,0.8895175392676524,2.234392516533006,0.2292780097207389
0.01668271208835361,0.629733909448338,0.889592021639185,2.2345156434937943,0.2299249507620507
0.016505112502939595,0.6300457868817838,0.8896641746487987,2.234651422262678,0.23056908175852603
0.016323551769752743,0.6303060738725118,0.8897338106988752,2.2347997719745765,0.23121050202446064
0.016138073462497248,0.6305145845914244,0.8882898523947425,2.234960603041112,0.23184699293371405
0.01594872209507679,0.6306711703214192,0.8883528942877932,2.2351337572698142,0.23247732825769843
0.01575554311091033,0.6307757194658635,0.888548022169321,2.2353191257114116,0.23310375740777198
0.015558582872026978,0.6308281575548339,0.8887537243988466,2.235516586190817,0.2337247845202478
0.015357888647938585,0.6308284472492226,0.8890249093230778,2.235726004022767,0.2343401499221384
0.015153508604295464,0.6307765883427704,0.8894046435474672,2.2359472412649195,0.23494976555850672
0.014945491791327179,0.630672617762085,0.8895341119308312,2.2361801623433055,0.23555451739608163
0.014733888132070246,0.6305166095646207,0.8884212136380742,2.236424657591254,0.2361536276234316
0.014518748410387057,0.6303086749345955,0.8885377242657698,2.236680551398088,0.23674572158480497
0.014300124258778272,0.6300489621767835,0.8886576804701634,2.236947732724492,0.23733468038912633
0.014078068145990793,0.6297376567080554,0.888777586385232,2.2372261179977766,0.23792072207764164
0.013852633364425684,0.629374981046551,0.8890301551297177,2.237515627607226,0.23850402138868537
0.013623874017348462,0.62896119479828,0.8891411495816015,2.237816189086764,0.23908476211444116
0.013391845005904386,0.6284965946409602,0.889392542504346,2.238127724178559,0.23966276737392692
0.01315660201594232,0.6279815143048183,0.8895109509484399,2.238450161440221,0.24023820385238118
0.012918201504650707,0.6274163245500756,0.889628657614632,2.2387834212604703,0.2408106028655366
0.012676700687007828,0.6268014331407731,0.8897456238897167,2.239127421231734,0.24137992390314103
0.012432157522050787,0.6261372848145728,0.8901540714310666,2.239482069644611,0.24194455404374213
0.012184630698965184,0.6254243612481043,0.8902747968392237,2.2398472286648046,0.24250378709769072
0.011934179623000444,0.624663181017407,0.890407013878898,2.240222803953361,0.24306023327648252
0.011680864401212576,0.6238542995529429,0.8906603533466773,2.2406087167104816,0.24361380870423238
0.01142474582803891,0.6229983090886417,0.8907773445390181,2.241004894277727,0.24416476902917747
0.011165885370707526,0.6220958386043439,0.8911635191769196,2.2414112481673323,0.24471084151191402
0.010904345154485563,0.6211475537610187,0.8912946043551764,2.241827634303914,0.24525112006437302
0.010640187947769582,0.620154156827994,0.8917704996589226,2.2422539416797314,0.24578630775921909
0.01037347714702113,0.6191163866014763,0.892304757398942,2.2426900119887003,0.24631364142879913
0.010104276761552079,0.618035018313498,0.8924810100877677,2.2431356768220985,0.2468348472881633
0.00983265139816281,0.6169108635304064,0.8926567341537168,2.243590830588102,0.24735260442942944
0.009558666245636654,0.6157447700399569,0.8917595153813648,2.24405536901643,0.2478636899253649
0.009282387059095001,0.6145376217259596,0.8907678332360874,2.244529075760951,0.2483632438501385
0.009003880144216497,0.613290338429424,0.8909245550308732,2.2450117175669586,0.24885446132295586
0.008723212341323755,0.6120038757950108,0.8911876945502761,2.245503176533042,0.24934261964955076
0.008440451009342272,0.6106792251015818,0.8913386626021123,2.2460033833291697,0.24982817820670514
0.008155664009634371,0.6093174130755251,0.8902627344935767,2.246512242228891,0.25030706570689143
0.007868919689712973,0.6079195016854751,0.8905607971664083,2.247029539597704,0.25077517467858285
0.007580286866838378,0.6064865879169644,0.8907119031715347,2.2475550760653085,0.251236394106449
0.007289834811502688,0.6050198035254571,0.8896716195908345,2.2480887261765803,0.2516907491941767
0.006997633230804867,0.6035203147661442,0.8899289086437103,2.2486302872097053,0.2521369775175053
0.006703752251721689,0.6019893220987798,0.8888564892427845,2.2491796395997157,0.2525769785248698
0.006408262404277497,0.6004280598657649,0.8889979173185386,2.249736580377682,0.25300816955389754
0.006111234604617153,0.598837795941605,0.8879136734262363,2.25030097024168,0.25343228310346744
0.005812740137986914,0.5972198313517715,0.8881598810441874,2.250872603546711,0.2538481227729531
0.005512850641625889,0.5955754998589159,0.8877816639254953,2.251451365883881,0.25425883617037387
0.005211638087573639,0.5939061675143121,0.887472617125476,2.252037084991707,0.254660252213806
0.004909174765397282,0.592213232172313,0.8876413303456403,2.2526295726299312,0.2550546500373264
0.004605533264842354,0.5904981229655337,0.8878081008377963,2.2532287221554257,0.25544563754903643
0.004300786458411284,0.588762299738394,0.8879727778551874,2.253834451505608,0.2558330959580772
0.003995007483874856,0.587007252436606,0.887154399409204,2.2544466573894,0.2562131866262223
0.0036882697267191667,0.5852345004500897,0.8873168412608156,2.2550651231553958,0.25658406854480986
0.003380646802533585,0.5834455919067938,0.8874783833352116,2.2556897289385884,0.2569515129861825
0.0030722125393431174,0.5816421029147983,0.8876385017607387,2.2563203941086774,0.2573155201410987
0.0027630409598905087,0.5798256367500981,0.8873152446793678,2.256957023354702,0.25767329601000677
0.002453206263870788,0.5779978229873716,0.8870596342823481,2.2575994262749473,0.25802075408341313
0.002142782810123544,0.5761603165710922,0.8872531322543981,2.258247396736544,0.2583604583814714
0.0018318450987877637,0.5743147968242979,0.8874239169202556,2.258900823769958,0.2586965783889046
0.0015204677534215712,0.5724629663923585,0.8876151893670673,2.2595596256187855,0.2590291497427885
0.001208725503093074,0.5706065501191367,0.8870923085906764,2.2602236985310817,0.25935391357201254
0.0008966931644460644,0.568747293852971,0.8872840402184712,2.260892816176895,0.2596690394352732
0.0005844456237439064,0.5668869631799973,0.887449849082866,2.261566858881966,0.25998072274895245
0.00027205781889758405,0.5650273420824273,0.8876144956898913,2.2622457475702062,0.2602889357078074
-4.0395278519262946e-05,0.5631702315195242,0.8878031758031778,2.2629294033407352,0.2605937054462069
-0.00035283868126313565,0.5613174479291759,0.8879911890256498,2.263617748608631,0.2608950568817247
-0.0006651974044171174,0.5594708216481555,0.8881809909017357,2.2643107049762228,0.2611929684110188
-0.000977396483387073,0.5576321952493549,0.888367506281537,2.265008195042025,0.2614874765034168
-0.0012893609918926475,0.555803421794553,0.8885273584559419,2.2657101420113572,0.26177863157458736
-0.0016010160599493203,0.5539863630015474,0.88805694764616,2.266416450625683,0.26206230137329745
-0.0019122868918366488,0.5521828873247928,0.8882517871112016,2.2671268961173228,0.26233611528524653
-0.002223098784049281,0.550394867949074,0.8884132442071059,2.267841358268845,0.2626064780813818
-0.0025333771432249933,0.5486241806960878,0.8879834263973956,2.2685597382853753,0.2628689885472057
-0.002843047504046927,0.5468727018442944,0.8875829782778869,2.2692817833089034,0.26311699848672404
-0.0031520355471150027,0.5451423058628209,0.8877925958576769,2.27000721807569,0.26335494665878684
-0.0034602671167821317,0.5434348630607394,0.8877327363843489,2.2707359279513013,0.26359029859347544
-0.003767668238951072,0.541752237153562,0.8876303018113038,2.2714678694780797,0.2638241741297527
-0.0040741651388281706,0.5400962827493899,0.887488571002742,2.2722030061358236,0.2640565304049802
-0.004379684258628663,0.5384688427577466,0.8877012511027713,2.272941298555193,0.26428672505581696
-0.004684152275230324,0.5368717457247837,0.8875202608148769,2.273682685283749,0.26451428169264923
-0.004987496117770726,0.5353068030991918,0.887736145187106,2.27442711878316,0.26473961617274344
-0.005289642985183726,0.5337758064338458,0.8875042259246143,2.2751745358243727,0.26496219440779445
-0.005590520363671539,0.5322805245289255,0.8872314399944368,2.2759248910082728,0.2651831913013288
-0.005890056044107586,0.5308227005229357,0.8869202596198377,2.276678147392989,0.26540272017792205
-0.006188178139366367,0.5294040489388138,0.8871428711910975,2.277434266776252,0.2656200235348165
-0.006484815101576098,0.5280262526929701,0.8873651903262949,2.278193183182724,0.26583391335906315
-0.006779895739289781,0.5266909600758733,0.8875875430812596,2.278954822120908,0.2660443505786351
-0.0070733492345707505,0.525399781713418,0.8878100223475283,2.2797191099242227,0.26625139402195663
-0.007365105159988782,0.5241542875190179,0.8880358116721419,2.280485973018158,0.2664549871874905
-0.00765509349552232,0.5229560036469604,0.8882113425781949,2.2812553377539184,0.26665522542348136
-0.007943244645362777,0.5218064094581399,0.8884379048026453,2.282027133495229,0.26685215526800654
-0.0082294894546174,0.520706934509812,0.8886120493141477,2.282801287585092,0.26704570151792817
-0.008513759225905982,0.51965895558146,0.8887856689737459,2.2835777292822805,0.26723599031049244
-0.008795985735847958,0.5186637937492428,0.8890133688353629,2.2843563897815415,0.26742303405987017
-0.009076101251435717,0.517722711521799,0.8892410980125479,2.2851371969384986,0.2676066074490007
-0.009354038546290095,0.5168369100503696,0.8894689569964828,2.285920078068185,0.26778681923699144
-0.009629730916794487,0.5160075264263346,0.8896408402822539,2.2867049615103543,0.267963633341764
-0.009903112198103373,0.5152356310792389,0.8898679594522738,2.287491777060627,0.26813718852765184
-0.010174116780021485,0.5145222252882707,0.8894753799213818,2.2882804313220264,0.26830273047432907
-0.01044267962275006,0.5138682388199655,0.8897206576104149,2.2890706935165617,0.26845848754283835
-0.010708736272495993,0.5132745277045188,0.8899480820445862,2.289862467241783,0.2686117874017763
-0.010972222876940465,0.5127418721626769,0.8901749114984454,2.2906556872865984,0.2687615921863677
-0.01123307620056318,0.512270974694565,0.8904008171418598,2.29145028156883,0.2689080268530471
-0.011491233639818644,0.5118624583411469,0.8899538906184248,2.292246156757348,0.2690464504937943
-0.011746633238160638,0.5115168651281894,0.8894337881962827,2.2930430606740964,0.26917029195403425
-0.011999213700911506,0.5112346547017047,0.888824641970716,2.2938407053522245,0.2692800265780872
-0.012248914409972642,0.5110162031628512,0.8890762620767318,2.294638834828214,0.2693808347706988
-0.012495675438372477,0.510861802109159,0.8892171109120716,2.295437364888802,0.26947948474228584
-0.012739437564648697,0.5107716578878051,0.8894289992388742,2.296236241662124,0.2695751432323737
-0.012980142287061095,0.5107458910654099,0.8896386227000064,2.2970353994910107,0.26966742683334644
-0.01321773183763173,0.510784536117564,0.8898456411188426,2.297834770829259,0.2697563410112956
-0.013452149196008944,0.5108875413399535,0.8886306095831801,2.298634272522661,0.2698387018026088
-0.013683338103151971,0.5110547689816303,0.8888500602694689,2.2994337251082237,0.26991296604484394
-0.013911243074832848,0.511285995599616,0.8875950623801969,2.3002330128876785,0.26998047487068655
-0.014135809414952358,0.5115809126326996,0.8870252834633504,2.301031934311596,0.2700357653064828
-0.014356983228666817,0.5119391271909587,0.8871993613926935,2.3018302554649117,0.27008260836937037
-0.014574711435322666,0.5123601630562881,0.8858936500148746,2.3026278864807628,0.2701243379448612
-0.01478894178119537,0.5128434618879644,0.8846532700698815,2.303424645801615,0.27015492687181925
-0.014999622852030317,0.5133883846261682,0.8849039475968281,2.304220330664202,0.27017773451773414
-0.015206704085381826,0.5139942130852546,0.8837408732435539,2.305014837573546,0.27019458194572926
-0.01541013578274789,0.514660151727636,0.8839960298638911,2.305808004108611,0.2702043680556342
-0.015609869121497637,0.5153853296082068,0.8828975663622146,2.3065997513219605,0.27020930219402955
-0.015805856166588608,0.5161688024784966,0.8825449929103183,2.3073899303290455,0.2702076742278083
-0.01599804988207066,0.5170095550390416,0.8828269794753655,2.3081784859439436,0.2702044222280909
-0.01618640414237472,0.5179065033279286,0.881252665820215,2.3089653578619767,0.27019538076439176
-0.016370873743382416,0.5188584972330289,0.8815420763065918,2.3097503907026082,0.27017917576531264
-0.016551414413275015,0.5198643231151094,0.8818293650293214,2.31053350340314,0.27016019930510177
-0.016727982823158325,0.520922706528822,0.8821144459417543,2.311314646334869,0.27013867037815076
-0.0169005365974616,0.5220323150284877,0.8823975632590548,2.31209377356366,0.27011462887190185
-0.017069034324107217,0.5231917610455925,0.8826785844675477,2.312870837385116,0.2700879714644491
-0.01723343556444972,0.5243996048250663,0.8829340899212764,2.3136457949131004,0.2700594795118405
-0.017393700862980498,0.5256543574076249,0.8832116014576982,2.3144186209322966,0.27002930149078797
-0.017549791756797235,0.5269544836457721,0.8834869646434439,2.315189273509123,0.2699964837193042
-0.017701670784834693,0.5282984052414569,0.8837602400844711,2.3159577060665777,0.26996123901296937
-0.01784930149685516,0.5296845037938429,0.8840311085879649,2.3167238752045907,0.2699236237308326
-0.017992648462196444,0.5311111238461842,0.8824755304840276,2.317487724731682,0.26988084604893336
-0.018131677278274926,0.5325765759213896,0.8823158622251871,2.3182490980021155,0.26982835566158125
-0.01826635457884216,0.5340791395364661,0.880932627494758,2.319007800817529,0.26976607897525984
-0.01839664804199244,0.5356170661867299,0.8812229599415459,2.319763668517894,0.26969764304228167
-0.018522526397920024,0.5371885822913272,0.8815206846638062,2.3205166383047295,0.2696271993380179
-0.018643959436423815,0.5387918920923441,0.8818067970128627,2.321266676208025,0.2695547429190894
-0.01876091801415738,0.5404251805004792,0.8816141991710414,2.3220137329941526,0.2694774264362372
-0.018873374061623573,0.5420866158809798,0.8818748724748374,2.322757680131151,0.2693945064575638
-0.01898130058991078,0.5437743527742563,0.8815700100723408,2.323498461997776,0.26930790079062705
-0.019084671697170236,0.5454865345462817,0.8811455840885499,2.3242359538961366,0.2692134818610935
-0.019183462574832506,0.5472212959645718,0.8813897967259985,2.324970024008653,0.2691140255931152
-0.01927764951356097,0.5489767656961891,0.8816496138278942,2.3257006253732784,0.2690130887257123
-0.019367209908942733,0.5507510687248743,0.8810725818837064,2.32642772478156,0.26890869376743337
-0.01945212226691255,0.5525423286849768,0.8812968051314846,2.3271512348257426,0.2688001111740751
-0.019532366208912254,0.5543486701104501,0.8805882248415661,2.327871107773243,0.2686886192328944
-0.019607922476780858,0.556168220597712,0.8804385157292344,2.328587274596089,0.26857404940420304
-0.019678772937376906,0.557999112881655,0.8802358519284641,2.32929971834195,0.2684591639565401
-0.019744900586929823,0.5598394868245666,0.879980753224764,2.330008440274834,0.26834402538857866
-0.01980628955512117,0.5616874913181428,0.8796739203922254,2.330713445639909,0.26822886544436636
-0.019862925108893276,0.563541286099154,0.8781344128332235,2.331414728950615,0.2681113268974335
-0.019914793655985048,0.5653990434796883,0.8784192078949989,2.3321122160246595,0.2679901406887495
-0.019961882748194226,0.5672589499931852,0.8786515736279593,2.332805881850564,0.2678682397300823
-0.02000418108436474,0.5691192079577776,0.8788809765618341,2.333495716085911,0.2677453200504946
-0.020041678513098855,0.5709780369586804,0.8781764481884898,2.3341817011771666,0.26762044825539294
-0.020074366035193775,0.5728336752515835,0.8768231339397652,2.334863784466247,0.2674917417279063
-0.02010223580580104,0.5746843810891819,0.8755404545699421,2.335541893718905,0.2673591936214603
-0.0201252811363095,0.5765284339731346,0.8757812887092529,2.3362159704674594,0.2672242982001286
-0.02014349649595039,0.5783641358338444,0.8745818972806412,2.336885993972274,0.26708784319974366
-0.020156877513124973,0.5801898121405729,0.8741426003812893,2.3375519328177856,0.2669500491422187
-0.020165420976453293,0.5820038129444625,0.8736491424131554,2.3382137926004494,0.2668127255362428
-0.02016912483554509,0.5838045138570888,0.8736262134608768,2.3388715892069567,0.26667557188979324
-0.020167988201492033,0.585590316967212,0.8739266719204817,2.3395253293011677,0.26653820792592287
-0.020162011347080896,0.5873596516983822,0.8742273587936105,2.3401750154449497,0.2664004734966388
-0.020151195706727926,0.5891109756100964,0.8737938261500732,2.3408206456672915,0.2662620823029485
-0.020135543876135045,0.5908427751451312,0.873310889890742,2.34146221401118,0.2661231140937582
-0.02011505961166627,0.5925535663257102,0.8736026127781535,2.34209972168934,0.2659838721995228
-0.020089747829446898,0.5942418954010665,0.8738931859602477,2.3427331704659955,0.2658443749410629
-0.020059614604183065,0.5959063394489523,0.8741819247895505,2.3433625651254384,0.2657047409135134
-0.0200246671677043,0.5975455069335764,0.8736562882855822,2.343987912563263,0.265565300434948
-0.019984913907227436,0.5991580382223815,0.8739564793802559,2.3446092309366517,0.26542633485148404
-0.019940364363344426,0.6007426060640108,0.87423993696599,2.345226530626634,0.2652872823671927
-0.019891029227731692,0.6022979160297403,0.874521809328205,2.3458398176904,0.2651481464484383
-0.01983692034058506,0.6038227069205667,0.874802039446369,2.346449099730619,0.265009031406192
-0.01977805068777778,0.6053157511420669,0.8750818114160144,2.3470543838928046,0.264869814525449
-0.019714434397743796,0.6067758550490658,0.8731094600141507,2.3476556819967462,0.2647316366385449
-0.019646086738087543,0.6082018592620506,0.8734034648409764,2.3482530412883578,0.26459523745403013
-0.019573024111919142,0.6095926389572052,0.8736824554163728,2.3488464824016067,0.2644589305169088
-0.019495264053918143,0.6109471041318307,0.8717004724865498,2.3494360230370033,0.2643242784415387
-0.019412825226125204,0.6122641998468701,0.871977268088255,2.350021731381054,0.26419247748574093
-0.01932572741346327,0.613542906448114,0.8722671389072199,2.350603639347444,0.2640609114475745
-0.01923399151898938,0.6147822397676498,0.8725419022616102,2.3511817573566174,0.26392956808384954
-0.019137639558877786,0.6159812513069821,0.8705847422903656,2.351756111285057,0.2638008082894535
-0.019036694657136487,0.6171390284032033,0.8700731881537696,2.35232680065515,0.2636772697427862
-0.018931181040057147,0.618254694379504,0.8696103449610025,2.3528939228262846,0.2635578838272103
-0.018821124030401596,0.6193274086812441,0.8698891573938573,2.353457563026329,0.2634414173333192
-0.01870655004132382,0.620356366998725,0.8701687675953206,2.3540177569605607,0.26332569752950513
-0.01858748657003114,0.6213408013777457,0.8697858872763585,2.354574536243921,0.263212350200147
-0.018463962191185165,0.6222799803189403,0.8700690056059245,2.3551279766716666,0.2631021047007658
-0.018336006550043974,0.6231732088668525,0.87035437170493,2.355678117355947,0.2629927102039518
-0.01820365035534704,0.6240198286896129,0.8706365170985207,2.3562249799692365,0.26288399030016435
-0.018066925371945878,0.6248192181500408,0.8709674611745187,2.356768584593403,0.26277587506720973
-0.017925864413180233,0.6255707923689389,0.8706922200453923,2.3573089545852755,0.2626698185210833
-0.017780501333003004,0.6262740032812693,0.8709797202420798,2.3578461671956075,0.2625671054152024
-0.01763087101785572,0.6269283396858732,0.87126653988003,2.3583802649394854,0.2624654865419312
-0.01747700937829575,0.6275333272893283,0.8715576930259177,2.3589112735226343,0.26236464705999873
-0.017318953340378026,0.6280885287444863,0.8718493763110333,2.3594392146168315,0.2622646655234639
-0.01715674083679297,0.6285935436841995,0.8722108048832253,2.359964111724419,0.262165423857721
-0.016990410797762666,0.6290480087506846,0.8724952699053192,2.360485981856513,0.2620667279431969
-0.016820003141698254,0.6294515976209348,0.8728457350636433,2.361004844730745,0.2619686596920061
-0.016645558765619045,0.6298040210285489,0.8731338789345872,2.3615207158170586,0.261871169351338
-0.016467119535338092,0.6301050267822952,0.8734222993423975,2.3620336186789346,0.26177470008534526
-0.016284728275413957,0.6303543997817095,0.8737606508384751,2.3625435779716404,0.26167898244987703
-0.01609842875887358,0.6305519620299586,0.8717875802817695,2.363050633939281,0.26158854366316614
-0.015908265696706697,0.6306975726441822,0.8720629333575197,2.363554975683347,0.26150633661016004
-0.015714284727135375,0.6307911278634935,0.8723382913361579,2.3640566778862784,0.2614252182379885
-0.015516532404661066,0.6308325610547529,0.872614318943632,2.364555768463912,0.26134522571048063
-0.015315056188892118,0.6308218427162374,0.8728691938965665,2.36505227352764,0.26126614191178654
-0.015109904433153014,0.6307589804792442,0.8731381478872595,2.3655462126302775,0.26118773424768654
-0.014901126372880503,0.6306440191076796,0.8734126749268714,2.366037608484714,0.2611103769673835
-0.014688772113806793,0.6304770404956099,0.8736644092976955,2.366526487349289,0.26103397465411027
-0.014472892619934648,0.6302581636627371,0.8735185831460734,2.3670128809128315,0.26096052145053616
-0.014253539701306491,0.62998754474772,0.873470166294654,2.367496899472946,0.26089347506309923
-0.014030766001569788,0.6296653769992354,0.871444773691387,2.367978696742638,0.2608371414742157
-0.013804624985343137,0.6292918907646201,0.8714236562150074,2.368458557103347,0.2607939147373321
-0.013575170925384895,0.6288673534759089,0.8717288184430285,2.3689366543959043,0.2607554741188512
-0.013342458889568025,0.6283920696330529,0.8721704139855185,2.3694130411799716,0.2607181929399599
-0.013106544727664055,0.6278663807840493,0.8722691794969732,2.3698877523414428,0.26068432982990747
-0.012867485057939405,0.6272906655016777,0.8725888874400887,2.3703609013670746,0.2606555921071686
-0.012625337253567353,0.6266653393565162,0.8729101973486286,2.3708325447666754,0.26062820663756203
-0.012380159428858537,0.6259908548858327,0.8732324715645445,2.3713027111575946,0.260602077767191
-0.01213201042531387,0.6252677015579404,0.873678734013303,2.3717714293547956,0.2605772057275124
-0.011880949797503251,0.6244964057315345,0.871876141036146,2.372238762871257,0.2605612095146581
-0.011627037798772125,0.6236775306094979,0.8721835510176181,2.3727050148555207,0.26055851441719924
-0.011370335366781283,0.6228116761865993,0.8726197070156665,2.3731702952880775,0.26055704913018907
-0.011110904108882352,0.6218994791904746,0.8730373829064777,2.3736346258216012,0.26055652001037016
-0.010848806287331739,0.6209416130152154,0.8734212814687995,2.3740980269926975,0.26055685645511845
-0.01058410480434859,0.6199387876468282,0.8737213157710042,2.3745605191440453,0.2605583684777076
-0.010316863187018197,0.618891749579807,0.8740230575203836,2.375022133602661,0.2605614671289001
-0.01004714557204591,0.6178012817239453,0.8741971333663707,2.375482915750777,0.26056869280974687
-0.009775016690364565,0.6166682033005052,0.8745145276151757,2.3759429893172674,0.2605813406786462
-0.009500541851599572,0.615493369726769,0.874147926544887,2.3764024091852,0.2605952307645767
-0.009223786928394612,0.6142776724879303,0.8745583134753974,2.376861199465745,0.2606101364330189
-0.008944818340602933,0.6130220389952353,0.8749329046419994,2.3773193784095126,0.26062578396979325
-0.008663703039346337,0.6117274324291837,0.8751899917460381,2.3777769776580033,0.26064528161876865
-0.0083805084909478,0.6103948515665547,0.8754915439039783,2.3782341375573797,0.2606733239005729
-0.008095302660739594,0.6090253305899221,0.8758287971988282,2.3786910153623744,0.2607070512550632
-0.007808153996751818,0.6076199388782679,0.8761660735019641,2.379147668103062,0.2607421594464306
-0.007519131413285548,0.606179780777194,0.8765046420203688,2.3796041381730872,0.2607815826997101
-0.0072283042743734194,0.6047059953471993,0.8768436909440676,2.380060572534643,0.26082994383052466
-0.006935742377132708,0.6031997560883449,0.8772372801568119,2.38051713689202,0.2608842455464957
-0.006641515935014481,0.6016622706395967,0.8775560601441941,2.3809739031613875,0.2609432102245741
-0.006345695560952433,0.6000947804510325,0.8778895511932319,2.381431015680105,0.26100864878909324
-0.006048352250416371,0.5984985604270017,0.8765633553305969,2.381888591872384,0.2610863838726163
-0.005749557364373502,0.5968749185382707,0.8767602416805544,2.382347056893475,0.26118556394795295
-0.005449382612162253,0.5952251954010818,0.8771495513028906,2.382806675451588,0.26129164682590356
-0.005147900034282218,0.5935507638209704,0.8774569806837453,2.3832675085678523,0.2613991953262872
-0.0048451819851048706,0.5918530282991309,0.8777658408253249,2.38372958855934,0.26150863252269874
-0.004541301115509067,0.5901334244990035,0.8781312528803867,2.3841929503988553,0.26161979484870534
-0.004236330355444639,0.5883934186707305,0.878435079514835,2.384657621178682,0.26173245564976855
-0.0039303428964301635,0.5866345070310164,0.8787708471295971,2.3851236324958913,0.26184677610038765
-0.0036234121739870044,0.5848582150959001,0.8790699175314142,2.3855910093567423,0.26196247202577716
-0.0033156118500152912,0.5830660969638729,0.8793611621077217,2.3860597824436356,0.2620800036313961
-0.0030070157951151122,0.5812597345467444,0.878945152624055,2.3865300407825103,0.26221051006464896
-0.002697698070858422,0.5794407367456027,0.8786193096731573,2.387002267939752,0.26237136747430734
-0.0023877329120143348,0.5776107385692251,0.878575757112212,2.3874770780302152,0.2625636137451416
-0.0020771947087329535,0.5757714001922473,0.8789268849047985,2.3879550359344095,0.26277529634789915
-0.0017661579886924525,0.5739244059504334,0.8791686284134747,2.38843628118851,0.26298844827040485
-0.00145469739921261,0.5720714632703922,0.8794082340086146,2.388920843908,0.26320362978686235
-0.0011428876893399133,0.5702143015311381,0.879843270113719,2.3894088201593235,0.26343317500678903
-0.0008308036919078378,0.5683546708549384,0.8795718229633809,2.389900672309536,0.2636828869780606
-0.0005185203055778223,0.566494340824993,0.880313964697975,2.3903966054572705,0.2639463842648788
-0.0002061124768635403,0.5646350991275754,0.8806873026957555,2.3908970759524895,0.26422989202490904
0.00010634481785578908,0.5627787501164261,0.8810170357969659,2.391402220535911,0.264514361520467
0.00041877659032923254,0.56092711329731,0.8813040511586744,2.391912051327357,0.26480004156700293
0.0007311078584311609,0.5590820217308876,0.8814969291631994,2.3924265840505092,0.26508716478819727
0.0010432636641564015,0.5572453203522345,0.8816852184475908,2.3929458466769358,0.2653764244677351
0.001355169091610088,0.5554188642056205,0.8819575999006836,2.3934698690491114,0.26566724537303943
0.001666749284986819,0.5536045165934451,0.8821925804685258,2.393998666887764,0.265959292821292
0.0019779294665357673,0.551804147138547,0.8832694463146236,2.3945323184908123,0.2662652084925642
0.0022886349545071746,0.5500196297594925,0.8824511153080759,2.3950713089054037,0.26659672943095036
0.002598791181075324,0.5482528405588049,0.8826689591929419,2.395615963601155,0.2669373161999875
0.002908323710234654,0.5465056556245953,0.881767670946056,2.3961663710283334,0.2672841865729992
0.0032171582556639404,0.5447799487464764,0.881907253365655,2.3967227291538262,0.2676406141559208
0.003525220698554828,0.5430775890471946,0.8816472209931078,2.3972851162794027,0.2679987050083325
0.003832437105399688,0.5414004385319434,0.8817904811279259,2.397853545537306,0.2683581432036658
0.004138733745735659,0.5397503495579222,0.8820062263265366,2.39842803943818,0.26871924131434705
0.004444037109839326,0.5381291622272997,0.8821436517540097,2.3990086118069134,0.2690817407766332
0.004748273926368787,0.5365387017074099,0.8822799044929134,2.3995952886758065,0.26944639400043896
0.005051371179948505,0.5349807754826555,0.8812922213915673,2.4001881251788486,0.2698181454569662
0.005353256128692505,0.5334571705433019,0.8814227053123098,2.400787325590803,0.270199522527757
0.005653856321662245,0.5319696505170374,0.8815492543141193,2.4013929702114063,0.2705830384833618
0.005953099616254294,0.5305199527498977,0.8805090371549789,2.4020051133745737,0.2709735980954741
0.00625091419551441,0.5291097853438654,0.8806326170543912,2.4026239555075763,0.27137355633231747
0.0065472285853731445,0.5277408241591723,0.8821195374096593,2.403249632845886,0.2717876369138081
0.006841971671799276,0.5264147097900276,0.8822230651382191,2.403882595560792,0.2722218763058853
0.007135072717866914,0.5251330445231853,0.8823255916552192,2.404522988161687,0.2726579466495548
0.00742646138073191,0.5238973892894074,0.8824274086094069,2.4051708325293735,0.27309588680476904
0.007716067728513944,0.522709260618479,0.8811889527169793,2.4058261750881433,0.27354050069707764
0.008003822257079646,0.5215701276090359,0.8812896012618819,2.4064892072692703,0.273994266205015
0.008289655906723498,0.5204814089249133,0.8813897264036508,2.407159999048049,0.2744498539376375
0.00857350007874163,0.5194444698302191,0.8814830334011262,2.40783857155253,0.2749072396908308
0.008855286651895247,0.5184606192756622,0.8815767854381883,2.408524944343685,0.2753664060818344
0.009134947998759422,0.5175311070489533,0.8816760461887202,2.4092191381506063,0.2758273655614392
0.009412417001953345,0.5166571210022908,0.8804554264191817,2.409921195174982,0.276294670232785
0.009687627070248169,0.5158397843700183,0.8805539275368891,2.4106312952960245,0.2767705759178214
0.009960512154548537,0.5150801531895224,0.8793898980554947,2.4113495241503506,0.2772526139908984
0.01023100676374415,0.5143792138383005,0.8796313688296583,2.4120760530352827,0.2777425472921704
0.010499045980427195,0.5137378806999026,0.879740341607978,2.412810924998501,0.27823331953909053
0.010764565476472332,0.513156993971047,0.87985053545139,2.413554150516489,0.2787257110409262
0.011027501528475042,0.5126373176217661,0.878790274217838,2.4143057666568364,0.27922399798002995
0.011287791033044985,0.5121795375198066,0.8778391527865487,2.4150659590042256,0.2797344317935156
0.01154537152195051,0.5117842597298167,0.8797809096354929,2.4158349834451163,0.28026338143483803
0.011800181177110718,0.5114520089970097,0.8787775140045406,2.4166132857889027,0.2808134430795935
0.01205215884543151,0.511183227424076,0.8810405829575617,2.4174011582826163,0.2813799420574092
0.012301244053482032,0.5109782733491001,0.8812856123822217,2.4181989762623632,0.2819615193527801
0.012547377022007993,0.5108374204311044,0.8813981137012407,2.4190068198750967,0.28254328436910314
0.012790498680278458,0.5107608569486962,0.8815132109074012,2.419824682148488,0.2831259559210234
0.013030550680262442,0.510748685316019,0.8816279474099454,2.4206525611691636,0.2837095063103789
0.013267475410632269,0.5108009218189392,0.8817444389351747,2.4214904535139548,0.2842938971785699
0.01350121601058995,0.5109174965730584,0.8818624220900891,2.4223383564579746,0.28487912592587294
0.013731716383513445,0.5110982537038128,0.8819822696546623,2.4231962661588047,0.28546514582067606
0.01395892121041973,0.5113429517475672,0.8821034281684829,2.424064177973924,0.2860519415857119
0.014182775963240978,0.5116512642712704,0.8823451844524671,2.4249420865062405,0.2866392148123175
0.01440322691791105,0.5120227807069552,0.882468244860612,2.4258299767195446,0.2872269002046918
0.014620221167259025,0.5124570073960725,0.8825933440020248,2.426727843974315,0.28781546365981675
0.014833706633706714,0.512953368837473,0.8827200957868881,2.427635684304576,0.2884047589812507
0.015043632081766916,0.5135112091316878,0.8818311014959308,2.4285535091652006,0.28899801407447295
0.015249947130339746,0.5141297936131211,0.8823292045790326,2.429481419186326,0.28959614867144867
0.015452602264803928,0.5148083106607861,0.8827833352186667,2.4304194244261357,0.29019410020688574
0.015651548848900004,0.5155458736773758,0.8831911252870503,2.431367498903516,0.29079170556212336
0.015846739136402704,0.516341523225673,0.883553247702025,2.432325617728314,0.2913891678605457
0.016038126282580046,0.5171942293106823,0.8828234218048997,2.4332937739059757,0.29198960459913326
0.01622566435543563,0.5181028937953375,0.883153584692157,2.43427205210298,0.29259443401129104
0.016409308346732144,0.5190663529372092,0.8833096469379048,2.4352604585501134,0.2931992841100145
0.016589014182793297,0.5200833800333603,0.883467391568935,2.4362589805555723,0.2938046762192692
0.01676473873508092,0.5211526881603286,0.8836274081631453,2.4372676086126597,0.29441061250702566
0.016936439830546098,0.5222729329961278,0.8837897589548316,2.4382863327052413,0.29501698472484644
0.017104076261750093,0.5234427157112206,0.8839539814074018,2.4393151404206646,0.2956237042466691
0.017267607796754052,0.5246605859155771,0.8873238647826677,2.4403540509418344,0.29623719828802436
0.017426995188774597,0.5259250446491316,0.8874705356916333,2.4414032690257286,0.29686008113281753
0.01758220018560273,0.5272345474033481,0.8876187761362843,2.4424628366045997,0.29748304038327844
0.017733185538784238,0.528587507161953,0.8908292314323802,2.4435327603063284,0.29811102471749473
0.017879915012559082,0.5299822974494103,0.8938812851324491,2.444613206213302,0.29874956010293446
0.018022353392557894,0.5314172553762646,0.8938865038784753,2.4457043135947107,0.29939251353688945
0.018160466494253284,0.5328906846710338,0.8940082324773462,2.4468060777550584,0.30003463136318725
0.018294221171163704,0.5344008586890133,0.8981262827514372,2.447918475338938,0.30067809798171036
0.018423585322808803,0.5359460233889979,0.9018103235496696,2.4490415358991413,0.3013236705113062
0.018548527902413157,0.5375244002696284,0.9050525580212425,2.45017523870891,0.301967224392481
0.018669018924357378,0.5391341892577806,0.9088665352622702,2.4513194824743043,0.3026049773907151
0.018785029471374667,0.5407735715421315,0.9089586549713015,2.452474116730088,0.3032373552125804
0.018896531701490513,0.5424407123457518,0.90910590302477,2.4536390599270814,0.30386787959278977
0.019003498854704908,0.5441337636322809,0.9092651783345906,2.4548142587338675,0.30449697290292144
0.01910590525941466,0.5458508667409487,0.9087528044898988,2.4559996592664346,0.3051236209261447
0.019203726338574128,0.5475901549463686,0.9088803750014587,2.457195176432999,0.30574717064645734
0.01929693861559392,0.5493497559396978,0.9089236758547001,2.458400746635938,0.30636901899546026
0.019385519719974917,0.55112779422838,0.9089985342100244,2.4596163160359494,0.3069892662574982
0.019469448392677367,0.5529223934522708,0.909096126581996,2.4608418334019153,0.3076078306845325
0.01954870449122262,0.554731678614543,0.9091946264641781,2.4620772425281547,0.30822456500331374
0.019623268994527463,0.556553778226252,0.9086492088257191,2.463322481336417,0.3088383032589333
0.0196931240074691,0.5583868263639734,0.9087486459362222,2.464577452652346,0.3094483505543443
0.019758252765179757,0.5602289646403505,0.9088485082357077,2.465842084234377,0.31005630864406786
0.01981863963707013,0.5620783440878252,0.90822792567957,2.4671163097106352,0.3106609775915365
0.019874270130580844,0.5639331269561844,0.9082416081018496,2.468400022826293,0.31126155234410346
0.019925130894660532,0.5657914884249179,0.9083455185055531,2.4696931528809105,0.31186034669319473
0.019971209722969924,0.5676516182316659,0.9084506404694868,2.470995642710523,0.31245706481339425
0.020012495556811463,0.5695117222183226,0.9085553847995962,2.472307430827694,0.313051595958144
0.020048978487783153,0.5713700237965772,0.9086602359922493,2.4736284544056932,0.3136438675022339
0.020080649760156805,0.5732247653349072,0.9079644397211944,2.4749586416786404,0.31423229269725456
0.02010750177297885,0.5750742094691709,0.9080547269371816,2.476297873574751,0.31481621715164504
0.020129528081895387,0.5769166403391265,0.9081074294393956,2.4776460793512305,0.3153983988660386
0.020146723400697803,0.5787503647533011,0.9081278815893968,2.4790032060650855,0.3159788546225173
0.02015908360259212,0.5805737132847221,0.9082355289146762,2.4803692005250486,0.3165573681655632
0.02016660572118937,0.5823850413001189,0.9084053778375157,2.481744002536684,0.31713381386024053
0.02016928795121708,0.5841827299252045,0.9085161921952922,2.48312755693225,0.31770832090465423
0.02016712964895291,0.5859651869487196,0.9096302682257172,2.4845197963681005,0.3182793842094348
0.020160131332379237,0.5877308476679057,0.9088934278090592,2.4859206101880065,0.31884455414040314
0.02014829468105815,0.5894781756780765,0.9099892700815114,2.4873298455684,0.31940301096171786
0.02013162253572931,0.5912056636089403,0.909146367105809,2.488747366928283,0.3199552985822743
0.020110118897627566,0.5929118338102868,0.9093360332093408,2.4901730234626576,0.3205020621871169
0.0200837889275228,0.5945952389896242,0.9094323446946289,2.491606736014274,0.3210467067871076
0.020052638944481588,0.596254462804291,0.909466319493472,2.493048442296125,0.3215891582631677
0.020016676424350094,0.5978881204104963,0.90847866511454,2.494498076307126,0.3221272146054902
0.019975909997960756,0.5994948589717273,0.907354336155406,2.4959554765253014,0.32265648307913536
0.01993034944906005,0.6010733581288032,0.9074310927401349,2.4974204617614855,0.3231790772185128
0.019880005711961062,0.6026223304338904,0.9075065071435487,2.4988929310030072,0.323698664353183
0.019824890868919132,0.6041405217506071,0.9062161100157853,2.5003727976679873,0.3242128282576177
0.019765018147231923,0.6056267116223485,0.9063105266389859,2.501859899668716,0.32472009728229984
0.01970040191606528,0.6070797136108282,0.9048663526907905,2.503354121634192,0.3252217338627756
0.01963105768300447,0.6084983756067756,0.9049494149470054,2.504855299581355,0.32571648394114944
0.019557002090332665,0.6098815801146279,0.905006204367796,2.5063633350908083,0.3262086270827435
0.019478252911036477,0.6112282445129814,0.9034200734222031,2.5078781548968965,0.32669572772572714
0.01939482904454109,0.6125373212924821,0.9017173221568009,2.5093995850327766,0.3271733039475559
0.019306750512173856,0.6138077982727413,0.8999185521172246,2.510927422999328,0.327641422517297
0.019214038452359892,0.6150386987997943,0.8999568757700384,2.5124614772985474,0.3281023511656517
0.01911671511554846,0.6162290819255326,0.8999888186489182,2.5140016418960074,0.32855990466292717
0.019014803858873122,0.6173780425704678,0.9000164740732101,2.5155478410664758,0.32901470119900816
0.01890832914054643,0.6184847116710905,0.8980924724782934,2.517100001590099,0.32946435518913225
0.018797316513989696,0.6195482563130434,0.8985669474582165,2.5186579534700897,0.3299052966696937
0.018681792621700218,0.6205678798512276,0.8966142054447783,2.520221523196993,0.3303378579774798
0.01856178518885785,0.6215428220179092,0.8946135738176183,2.5217905144704678,0.3307607097780848
0.018437323016670348,0.622472359019818,0.8925978712549905,2.523364723315134,0.33117394273330825
0.018308435975461463,0.6233558036251603,0.8927915840271964,2.52494396144313,0.3315805238402298
0.018175154997502586,0.6241925052414248,0.8927606240174799,2.5265281456567488,0.3319846455082719
0.018037512069588528,0.6249818499847763,0.8927280105800451,2.5281172071625484,0.33238558785640626
0.01789554022536132,0.625723260741786,0.892693349803595,2.5297110716364233,0.33278322480347644
0.01774927353738207,0.6264161972241993,0.8926644151675853,2.5313096679612763,0.33317833370018535
0.01759874710895376,0.6270601560173638,0.8926057894065225,2.5329129474503356,0.3335716876391453
0.01744399706569674,0.6276546706229235,0.8927959401228716,2.534520863433849,0.3339630726636617
0.01728506054687853,0.6281993114963008,0.8907601320507994,2.5361333508063546,0.3343492856719449
0.017121975696500702,0.628693686079464,0.8905649946825807,2.537750247955417,0.33472853245761225
0.01695478165414454,0.6291374388294249,0.8905066760264997,2.539371458801834,0.3351034398911174
0.016783518545577567,0.6295302512428684,0.8904991831127492,2.540996845721201,0.335470759845716
0.016608227473123818,0.6298718418772604,0.8904906297409118,2.5426262570989597,0.3358322583511111
0.016428950505799223,0.6301619663687722,0.8906735427129382,2.544259605562198,0.3361909562621899
0.016245730669215405,0.6304004174472745,0.8906635258091485,2.545896834099708,0.3365470651978594
0.01605861193525364,0.6305870249486552,0.8903978076241588,2.547537862946893,0.33689797749748934
0.015867639211511898,0.6307216558246554,0.888886867202026,2.5491825399825405,0.33723968366693163
0.01567285833052709,0.6308042141503875,0.887463859419275,2.5508306426369893,0.3375697752785228
0.015474316038775748,0.6308346411296619,0.8861522762202875,2.552481930440113,0.33788810950098075
0.015272059985454785,0.6308129150982087,0.8860271362025111,2.5541361654536985,0.3381956366328752
0.01506613871104623,0.6307390515248656,0.8862179552206015,2.555793162359141,0.3384968031807686
0.01485660163566735,0.6306131030107297,0.8852308159424891,2.5574528234194323,0.3387915614881421
0.01464349904721063,0.6304351592862775,0.8843707105597974,2.559114927772095,0.3390732444358621
0.01442688208927416,0.630205347206393,0.8836387230723083,2.5607792061978314,0.3393415388225405
0.01420680274888802,0.6299238307432278,0.8837591386890715,2.56244540325634,0.3396001835283018
0.013983313844037676,0.6295908109767575,0.8838813841857158,2.5641134037259614,0.3398552865768689
0.013756469010987342,0.6292065260828938,0.884004829793439,2.5657831315184816,0.3401066433093302
0.013526322691408101,0.6287712513189517,0.8841133043373247,2.567454507285323,0.3403542227348403
0.013292930119311987,0.6282852990062301,0.8843613034330016,2.569127437741272,0.3405950273358497
0.013056347307795802,0.6277490185094606,0.884700760190219,2.5708017245556216,0.3408245285724417
0.012816631035598854,0.6271627962127834,0.8851194983468892,2.5724771342671136,0.3410422158908084
0.012573838833475622,0.6265270554919269,0.8853118541160239,2.574153441972126,0.3412510978692212
0.01232802897038927,0.6258422566821802,0.8854468691768522,2.5758305188659603,0.3414529019500735
0.012079260439526989,0.6251088970417283,0.8852626819835825,2.577508157718941,0.3416427992790591
0.011827592944142023,0.6243275107098692,0.8851567970597487,2.579186122331731,0.3418210944580493
0.01157308688322525,0.6234986686595755,0.8853473956210457,2.580864201979613,0.34199188280226606
0.011315803337009614,0.6226229786438315,0.885604802047608,2.5825423201286153,0.3421600974546637
0.011055804052311099,0.6217010851351108,0.8853194356017337,2.5842204116503162,0.34232525507075257
0.010793151427710106,0.6207336692573087,0.8856819507091507,2.5858984017662414,0.34248260015153315
0.010527908498575708,0.6197214487093988,0.8859385029353709,2.587576041381885,0.34262834163393335
0.01026013892193769,0.6186651776800123,0.886189719553754,2.589253202372389,0.34277019411359394
0.009989906961209074,0.6175656467520824,0.8864411331226609,2.590929807371067,0.34290815573833305
0.009717277470763336,0.6164236827966475,0.8866638886626814,2.592605785380488,0.3430432054718076
0.009442315880369445,0.6152401488548137,0.8869140863320194,2.594281093336165,0.34317582519293227
0.009165088179489213,0.6140159440068402,0.8871618500004865,2.5959556660284027,0.3433046875792777
0.008885660901440133,0.6127520032272307,0.8873627904262611,2.5976294354663914,0.3434307761098192
0.008604101107427712,0.6114492972246232,0.8875835586528005,2.5993023652307743,0.343555336034479
0.008320476370450835,0.6101088322652324,0.8877672557923729,2.6009744224332496,0.34367806701747833
0.008034854759085016,0.6087316499784969,0.88801652493989,2.60264557148406,0.3437983945150702
0.007747304821145906,0.6073188271435117,0.8882631989715125,2.604315746657711,0.3439147775270647
0.007457895567238364,0.6058714754547437,0.8877511954276133,2.6059848566050943,0.34402433694361784
0.007166696454194028,0.6043907412654647,0.8873183344323337,2.607652706970282,0.34412243141037085
0.006873777368402231,0.6028778053072184,0.8868633583203517,2.6093190690295986,0.3442089411846709
0.006579208609037594,0.6013338823835878,0.8876655916709852,2.610983703123753,0.34428165787692705
0.006283060871188266,0.5997602210364362,0.8879700295352331,2.6126463202714243,0.3443426222561399
0.005985405228889767,0.5981581031826848,0.8878095221561504,2.6143067772616093,0.34439617456274696
0.005686313118067598,0.5965288437196534,0.8877343576711513,2.6159648611201782,0.34443720488530777
0.0053858563193925025,0.5948737900968571,0.8880808140892328,2.617620344269926,0.34446922965902704
0.005084106941053943,0.5931943218521141,0.8883050554180959,2.619273128609422,0.344498595964204
0.004781137401454289,0.5914918501097013,0.888650745704415,2.62092317906066,0.3445256519116886
0.004477020411828665,0.5897678170382566,0.8896187172733192,2.6225704082177135,0.3445435462084836
0.004171828958794882,0.5880236952660246,0.8899370993566984,2.6242145607794334,0.3445498067919556
0.0038656362868365736,0.586260987250988,0.890225375989554,2.625855521664468,0.34455336451482355
0.003558515880725347,0.5844812246033765,0.8904752694655645,2.6274932621846028,0.34455563253646615
0.0032505414478843342,0.5826859673579732,0.8912475625718526,2.629127732829548,0.34455056212548224
0.0029417869006991087,0.5808768031936099,0.8918031565390631,2.630758672027638,0.3445291393294719
0.002632326338778877,0.5790553465972099,0.8920622322317069,2.6323857903323,0.34449679634801395
0.002322234031173145,0.5772232379696982,0.8923168762088355,2.634008977970636,0.34446109611771025
0.0020115843985471153,0.5753821426711222,0.8925678170916749,2.635628175025078,0.3444219815402097
0.0017004519953214274,0.5735337500023024,0.8928116570191867,2.6372433216355615,0.3443795098065132
0.0013889114917795408,0.5716797721203818,0.8930508330306398,2.63885436077959,0.3443338523606054
0.0010770376561466688,0.5698219428856653,0.8932853223540599,2.6404612372997702,0.3442850386471283
0.0007649053366463655,0.5679620166372331,0.8935201151945047,2.6420638946265766,0.34423289658922296
0.00045258944353703445,0.5661017668948632,0.8937507636927159,2.643662276949964,0.34417765053135374
0.00014016493113381344,0.5642429849849483,0.8939775009419166,2.645256330033945,0.34411919678873126
-0.00017229322017995628,0.5623874785881976,0.8942349006592244,2.6468460027836094,0.34405842851113816
-0.0004847100219479107,0.5605370702071095,0.8942432617707438,2.6484312477930683,0.34399133513115976
-0.0007970104956372619,0.558693595551375,0.8939620657298532,2.650011848573368,0.3439108358196268
-0.0011091196906333476,0.5568589018396175,0.894184744246929,2.651587578837976,0.3438222688912155
-0.0014209627022276356,0.5550348460161375,0.8943415977793522,2.6531583786701103,0.3437320575437272
-0.001732464689594205,0.5532232928816141,0.8944915977411358,2.654724208499463,0.3436389611483396
-0.0020435508937513966,0.5514261131370755,0.8938437549444782,2.6562850059176264,0.34353971727469335
-0.0023541466555034515,0.5496451813407865,0.8940386663344532,2.6578406073692764,0.34343308839425857
-0.002664177433358491,0.5478823737781617,0.8930996917727023,2.659390939184916,0.343321442656524
-0.0029735688214180293,0.5461395662452048,0.893019249312028,2.6609358549084403,0.34320290175206164
-0.0032822465672340583,0.5444186317464964,0.8920170959773777,2.6624752868062838,0.34307967133382583
-0.003590136589629296,0.5427214381092736,0.8921255700860906,2.6640090946450403,0.3429494003894708
-0.003897164996476347,0.5410498455156741,0.8922218769563567,2.665537212337727,0.3428168536586211
-0.004203258102431283,0.5394057039558391,0.891080522663489,2.667059593096314,0.3426794529628056
-0.004508342446618075,0.537790850605185,0.89000176248154,2.6685760979006736,0.3425330334747895
-0.0048123448102584685,0.536207107129784,0.8889989983489969,2.6700865553911743,0.34237748088670994
-0.005115192234244553,0.534656276924496,0.889109179300383,2.671590812058867,0.3422158233340767
-0.005416812036648267,0.5331401422891648,0.8893285349798024,2.6730888157681996,0.3420526346707366
-0.005717131830164849,0.5316604615489235,0.8894343897095264,2.6745805558114295,0.341888218647722
-0.006016079539485478,0.5302189661253355,0.8896125009036546,2.676066014613412,0.3417224752233338
-0.006313583418594885,0.5288173575658552,0.8897128650181533,2.6775451850781273,0.3415556140038334
-0.006609572067990212,0.527457304539772,0.889810182081737,2.6790180481585044,0.34138693969901907
-0.006903974451816376,0.5261404398095091,0.8899068402109063,2.6804845806893773,0.34121650696388384
-0.007196719914914449,0.524868357186836,0.888638553082809,2.681944750177571,0.3410423738420991
-0.007487738199778519,0.5236426084841664,0.8885490087633223,2.6833984725847424,0.3408643910494361
-0.007776959463417173,0.5224647004717555,0.8870923485766603,2.6848457203826808,0.3406839884215912
-0.008064314294115438,0.5213360918521255,0.8872338329594093,2.6862864273688043,0.34050009429696687
-0.00834973372809333,0.5202581902635626,0.8873331236786497,2.68772057655234,0.3403156775768236
-0.008633149266056763,0.519232349324955,0.8873843635314147,2.6891481701225266,0.340130578210463
-0.008914492889637042,0.5182598657345661,0.8874329044579707,2.6905692009873734,0.339944245953451
-0.009193697077715026,0.5173419764356204,0.8874991718065359,2.691983657733338,0.3397568734080265
-0.009470694822625827,0.5164798558617336,0.8877098129330148,2.6933915390967185,0.3395688886242305
-0.009745419646240296,0.5156746132752695,0.8877637463989483,2.69479284304457,0.33937994038537656
-0.0100178056159195,0.5149272902116901,0.8860593022255024,2.696187554399637,0.3391887203658166
-0.01028778736033822,0.5142388580427789,0.8842478642525534,2.697575622202946,0.33899403988451776
-0.010555300085173755,0.5136102156713683,0.8823808702398935,2.6989569987122066,0.33879663064869325
-0.010820279588656277,0.513042187369786,0.8805125790387753,2.7003316481588926,0.3385970459562949
-0.01108266227697688,0.5125355207737572,0.8786978649029743,2.7016995469467906,0.338395926177146
-0.011342385179549873,0.5120908850428454,0.8789068884754483,2.7030606851137113,0.33819406243193056
-0.011599385964125348,0.5117088691978026,0.8786725184550925,2.704415069641441,0.3379922449755292
-0.011853602951748652,0.5113899806443173,0.8769513526290856,2.705762717579493,0.3377903656291131
-0.012104975131563073,0.5111346438917479,0.8754755598670985,2.7071036287545325,0.3375870596180903
-0.012353442175452067,0.5109431994743469,0.8740553310643491,2.7084377782652296,0.33738214704328684
-0.012598944452517805,0.51081590308137,0.874154501598681,2.709765165072766,0.3371769661670025
-0.012841423043392239,0.510752924901282,0.8742565892154329,2.711085798361992,0.33697155015685026
-0.01308081975437751,0.5107543491839891,0.8742901199444422,2.71239968641999,0.3367659845668486
-0.013317077131412131,0.5108201740237617,0.8731492557038798,2.713706841515645,0.33656026350796797
-0.013550138473859686,0.5109503113641453,0.8722674178204796,2.715007271189854,0.3363541871878917
-0.013779947848116751,0.5111445872248389,0.8704828233009373,2.7163009844459602,0.3361483446368407
-0.014006450101036598,0.5114027421491649,0.8689310141533713,2.717588013949038,0.33594397239440266
-0.014229590873165832,0.511724431869429,0.8685376712023837,2.718868403517463,0.3357408357536352
-0.014449316611790212,0.5121092281861631,0.8684889430630004,2.720142181058207,0.3355381057848159
-0.014665574583787231,0.512556620055998,0.8687884482647185,2.7214093650391122,0.33533547869129676
-0.014878312888281649,0.5130660148817273,0.8688674601052292,2.7226699682845683,0.3351329530705814
-0.015087480469101628,0.513636739996982,0.8695266046694127,2.72392400812529,0.3349303774044686
-0.01529302712703176,0.5142680443369138,0.8697634964063382,2.7251714913054954,0.33472764402529154
-0.015494903531860827,0.5149591002853443,0.8676690196329959,2.7264124507167056,0.3345282990630425
-0.015693061234220727,0.5157090056879795,0.8655940796399119,2.727647025804149,0.33433694159792493
-0.015887452677214083,0.5165167860205628,0.8665806552178092,2.728875381378916,0.3341509998698228
-0.016078031207827716,0.5173813967002345,0.8668175197891618,2.730097575298777,0.33396587160753394
-0.016264751088129047,0.518301725527825,0.8647758067959195,2.7313136555238438,0.33378552543485795
-0.01644756750624314,0.5192765952484748,0.8627618693359008,2.7325238177196876,0.3336169624035791
-0.016626436587107146,0.5203047662176565,0.8631399476019888,2.7337282975472785,0.333456418411633
-0.01680131540300031,0.5213849391595535,0.8611870276472787,2.734927199674087,0.3333021458701492
-0.016972161983846278,0.522515758004708,0.8614161577296022,2.736120736661697,0.3331564041353559
-0.017138935327285724,0.5236958127938963,0.8617877930122811,2.737308984032102,0.33301151621048614
-0.017301595408516758,0.5249236426353882,0.8630082768366458,2.7384919797057687,0.3328687773388038
-0.017460103189900707,0.5261977387029909,0.8627196085950344,2.7396697896395454,0.33272856140447876
-0.017614420630330873,0.5275165472626288,0.8643602775986524,2.7408424592384004,0.33259015053673086
-0.017764510694362343,0.5288784727156488,0.8663353112863125,2.74201004967099,0.3324545914506303
-0.017910337361100207,0.5302818806475231,0.8685983069883056,2.7431726239807537,0.33232150600627897
-0.018051865632844454,0.5317251008711844,0.8710804384104444,2.744330241115248,0.3321909367403018
-0.01818906154348918,0.5332064304548321,0.8692658910716582,2.745482998476234,0.3320701813782672
-0.018321892166674444,0.5347241367246885,0.8695169286574577,2.74663120686069,0.3319621304049908
-0.018450325623688268,0.5362764602338663,0.872060240338739,2.747774975959596,0.33185600072401694
-0.018574331091117554,0.5378616176891972,0.8726480111350478,2.7489143712552755,0.331752586194784
-0.018693878808245214,0.5394778048286024,0.8753384369200055,2.7500494399177495,0.33165129198741145
-0.018808940084193124,0.5411231992422748,0.8752279962485221,2.751180248566196,0.33155260244591517
-0.018919487304807324,0.542795963131679,0.8750696075129101,2.7523068352683464,0.33145482808882004
-0.019025493939285505,0.5444942460010863,0.8756818287410832,2.7534292273412047,0.33135808546394363
-0.019126934546544266,0.5462161872770298,0.8784789932121084,2.7545474605401594,0.3312637089816197
-0.019223784781324783,0.5479599188517659,0.8790882543658147,2.755661614638374,0.33117271708997337
-0.01931602140003566,0.5497235675474613,0.8818393585191059,2.756771745369535,0.331084632995732
-0.019403622266331112,0.5515052574984445,0.8844856608792148,2.7578779528525286,0.33100217926157355
-0.019486566356423714,0.5533031124494707,0.8850676747725912,2.7589803553306598,0.3309240451116823
-0.019564833764130027,0.5551152579684685,0.8856458043604859,2.7600790092678587,0.33084743710868064
-0.019638405705647916,0.5569398235727986,0.8862198505129452,2.7611739529249273,0.33077235938719135
-0.019707264524064537,0.5587749447685035,0.8886389246367666,2.7622652357246285,0.3307012340955192
-0.019771393693594035,0.5606187650025,0.8891816538856492,2.763352983415959,0.3306355765532292
-0.01983077782354353,0.5624694375280489,0.8897194967837485,2.764437265274557,0.33057179041286927
-0.019885402662006904,0.5643251271842342,0.8902516016846167,2.765518122757495,0.3305096971430191
-0.019935255099285114,0.5661840120904855,0.890779865489048,2.7665955980658934,0.3304494154000035
-0.019980323171032568,0.5680442852575175,0.8928424673492462,2.7676697506668964,0.33039410719416595
-0.020020596061128357,0.5699041561162633,0.8930890194957657,2.7687407305004728,0.33034495514864637
-0.020056064104272162,0.5717618519666711,0.8935758842472223,2.7698086016784527,0.3302973386927699
-0.020086718788303863,0.5736156193483819,0.8953147414349469,2.7708734266064123,0.3302553490874537
-0.020112552756246516,0.5754637253354934,0.8967475629702414,2.7719353965204605,0.3302247902555528
-0.020133559808071723,0.5773044587577492,0.8978571714398058,2.7729947585692725,0.33020691321865514
-0.02014973490218807,0.5791361313506022,0.8982191943122383,2.7740517606351496,0.3301982487775552
-0.02016107415665037,0.5809570788366902,0.8984582999907142,2.775106500810708,0.3301915830487396
-0.020167574850092056,0.5827656619413207,0.8988130282757336,2.7761590135863954,0.3301865538931777
-0.02016923542237802,0.5845602673446071,0.8991617936541507,2.777209349966269,0.33018422949031534
-0.020166055474978895,0.5863393085729283,0.8993981257157442,2.7782575646292296,0.3301839280406047
-0.020158035771066583,0.5881012268323804,0.898693925375593,2.7793037530656743,0.33019730712893913
-0.020145178235331723,0.5898444917868886,0.8992164300053455,2.780348407848978,0.33023626778811915
-0.02012748595352112,0.5915676022836291,0.8994540142770298,2.781391881454807,0.3302850897866914
-0.02010496317169745,0.5932690870283546,0.8997384863547537,2.782434258489683,0.33033553435191465
-0.020077615295220216,0.5949475052132205,0.9000171626646092,2.7834755896110592,0.33038886232886194
-0.020045448887448643,0.5966014470995961,0.900527630735121,2.784515929725833,0.330444227755462
-0.020008471668165956,0.5982295345583396,0.9010021238281518,2.785555305967091,0.33050047835844165
-0.01996669251172753,0.599830421569907,0.9014410981493067,2.786593740685116,0.3305578414374674
-0.01992012144493027,0.6014027946866274,0.901705079148275,2.7876312589437107,0.3306167527485384
-0.019868769644606574,0.6029453734593699,0.9019636124479857,2.7886679080389056,0.3306783768102978
-0.019812649434942167,0.6044569108307788,0.9022180652312852,2.7897037449475133,0.3307427769929724
-0.0197517742845178,0.6059361934971392,0.9024652088854019,2.790738826837673,0.33080998470064354
-0.019686158803077516,0.6073820422408903,0.9027076433048178,2.791773213331542,0.3308802078262806
-0.019615818738021845,0.6087933122356783,0.9031390518979822,2.7928069619747697,0.3309526206561595
-0.019540770970628812,0.6101688933257933,0.9033736433932775,2.7938401060725218,0.3310268165106724
-0.019461033512002214,0.6115077102817161,0.9035993499664138,2.7948726981363423,0.33110401418790003
-0.019376625498749567,0.6128087230334559,0.9038220078373254,2.795904799998069,0.331184251491579
-0.019287567188388595,0.614070926883235,0.9040366284625395,2.7969364731032895,0.33126751635991625
-0.01919387995448656,0.6152933526990246,0.904245995731784,2.7979677782322776,0.3313537521640131
-0.01909558628152973,0.6164750670903529,0.904450299047189,2.7989987753165924,0.33144290267283005
-0.01899270975952789,0.6176151725677068,0.9048703813467632,2.8000295189524294,0.33153424633772094
-0.018885275078352373,0.6187128076868076,0.9045288061112625,2.801060074483375,0.33163374838001
-0.018773308021811055,0.6197671471789266,0.9043720740333804,2.8020907105822386,0.33174483076095107
-0.01865683546146001,0.6207774020683785,0.9045286237511546,2.8031215183833473,0.3318574871924423
-0.018535885350154588,0.6217428197782205,0.9046807016175077,2.8041525485689545,0.33197328260252684
-0.018410486715340967,0.6226626842251471,0.9048286662076652,2.8051838637277076,0.33209221943491884
-0.018280669652089618,0.6235363159044917,0.9049714417149717,2.806215524903587,0.3322141473860837
-0.018146465315872454,0.6243630719661937,0.9043969016693232,2.807247657478624,0.33235237731102896
-0.018007905915086008,0.6251423462825061,0.9034077120923083,2.808280818627923,0.33252027686297936
-0.017865024703321505,0.6258735695082095,0.9021255030160664,2.809315470629411,0.33270831553964
-0.017717855971383638,0.6265562091339851,0.9005939482147557,2.8103520153487187,0.33291668649365097
-0.017566435039061842,0.6271897695335897,0.8988595386506976,2.8113908564659327,0.33314545898439846
-0.017410798246652967,0.6277737920054003,0.8988887691224156,2.812432359390651,0.33338741422838214
-0.017250982946240067,0.6283078548088682,0.8989162296875844,2.8134766433693184,0.3336321262906876
-0.017087027492728158,0.6287915731963446,0.8985863687106199,2.8145237551171167,0.3338789334147445
-0.016918971234638976,0.6292245994407352,0.8986104404255132,2.815573717759483,0.3341273696622669
-0.016746854504667927,0.6296066228593524,0.8988486387679119,2.8166265716751715,0.33437788872961816
-0.016570718610003803,0.6299373698343308,0.8993663190537932,2.817682335074652,0.33462918345074233
-0.016390605822416013,0.6302166038299086,0.8998574682146773,2.8187410174305203,0.3348812311055267
-0.016206559368108917,0.6304441254068403,0.9003222332875837,2.8198026290092053,0.3351341514095306
-0.016018623417348075,0.6306197722341723,0.900336721324578,2.8208671851769633,0.3353887190919848
-0.015826843073859564,0.6307434190985823,0.9003468755650494,2.821934729767207,0.33564618424447823
-0.015631264364005297,0.6308149779114188,0.9007975293325052,2.8230053100799233,0.33590571924964463
-0.015431934225736825,0.6308343977135841,0.9008045337193441,2.8240789500970447,0.33616701662670745
-0.015228900497330382,0.6308016646783178,0.9008127005487565,2.825155696553082,0.3364313254429667
-0.015022211905906264,0.6307168021119574,0.9008169394580238,2.8262355992266692,0.3366983244702407
-0.014811918055734322,0.6305798704526606,0.9008202656606379,2.8273187065433256,0.3369680966076205
-0.01459806941632899,0.6303909672670958,0.8987863571082302,2.828405103090953,0.337247640081551
-0.014380717310337453,0.630150227245014,0.8966512559857461,2.8294951141628517,0.33754710870710014
-0.0141599139012216,0.6298578221916349,0.8944610580198891,2.830589126398147,0.33786603831650486
-0.013935712180739817,0.6295139610177051,0.8922582496477918,2.831687515326897,0.33820391675208694
-0.013708165956228794,0.629118889727067,0.8900799768639819,2.8327906448879796,0.33856012926829104
-0.013477329837690172,0.6286728914015364,0.8879575351604317,2.833898866114329,0.3389340766601148
-0.0132432592246843,0.6281762861828503,0.885916449928423,2.835012515429861,0.3393249884760722
-0.013006010293034704,0.6276294312514018,0.8859528733124269,2.83613188623203,0.3397266423150262
-0.012765639981346194,0.6270327208014557,0.8862133443891667,2.8372570637004286,0.3401297684167362
-0.012522205977339699,0.6263865860124647,0.8862493852014165,2.83838805429753,0.3405339062726192
-0.01227576670400777,0.6256914950161083,0.8843207960737912,2.8395249087907506,0.34094567811357257
-0.012026381305592887,0.6249479528585847,0.8848704274802245,2.8406678467955104,0.3413672215187504
-0.011774109633393665,0.6241565014576803,0.884910428101268,2.8418169326592615,0.3417899155607279
-0.011519012231400455,0.6233177195540714,0.8844934460614977,2.8429721841754416,0.3422139014352694
-0.011261150321765263,0.6224322226562641,0.8826704595657192,2.844133630363436,0.3426439432282452
-0.011000585790108595,0.6215006629785377,0.8851007517089877,2.8453015196510916,0.34309338142147355
-0.010737381170667203,0.6205237293711966,0.883227358946152,2.8464762896708686,0.34356384540869944
-0.010471599631286452,0.6195021472423755,0.8832609739972359,2.847658224709463,0.34404311243881597
-0.01020330495825986,0.6184366784706007,0.8862657721330952,2.8488474325770925,0.344532394074371
-0.009932561541021298,0.6173281213072173,0.889262130341478,2.8500442576552443,0.34504286263712663
-0.009659434356691012,0.6161773102677836,0.8872299928383315,2.851249065715301,0.345569196683467
-0.009383988954482371,0.6149851160114014,0.8872316856185366,2.8524620717363525,0.3461024290378348
-0.009106291439969664,0.6137524452069475,0.8852212342279979,2.853683336365302,0.34664039130293467
-0.008826408459223339,0.612480240385052,0.8848220624236186,2.8549129908896136,0.34718437810237
-0.008544407182815319,0.611169479774631,0.884825803499265,2.8561510562924655,0.34772851510519676
-0.008260355289698252,0.6098211771226811,0.8848273407625997,2.8573975301240844,0.3482736514464611
-0.007974320950963022,0.6084363814959977,0.8854576264803475,2.8586524103350763,0.3488190620600472
-0.007686372813477886,0.6070161770633576,0.8857015124667874,2.8599156774499788,0.3493641612801352
-0.0073965799834136165,0.6055616828566683,0.8857000917403282,2.861187311133412,0.3499094083241436
-0.007105012009658424,0.6040740525094838,0.8837290725004373,2.8624673221522565,0.3504587329070808
-0.00681173886712635,0.6025544739711902,0.8837275402697625,2.8637558251685205,0.35101379182017267
-0.006516830939963918,0.6010041691951318,0.8817963564031329,2.8650528670147652,0.3515726860271434
-0.00622035900465796,0.5994243937987802,0.8817900338608051,2.866358549929349,0.35213662558661557
-0.005922394213049864,0.5978164366940567,0.8817830020339105,2.8676728970804293,0.3527011483382733
-0.005623008075259332,0.5961816196857633,0.8799013634531472,2.868995917127488,0.3532689266126844
-0.005322272442522353,0.5945212970360325,0.8805280908960551,2.8703276920109304,0.3538406061908191
-0.0050202594899470794,0.5928368549926134,0.8805211482113059,2.871668224863044,0.3544121318347688
-0.004717041699192528,0.5911297112787273,0.8786888649228894,2.873017512761934,0.3549861823706257
-0.004412691841072926,0.5894013145421677,0.8769220909498375,2.874375630177018,0.35556568768679153
-0.004107282958093248,0.5876531437612292,0.8752266458878233,2.875742661253773,0.35614993136785594
-0.0038008883469195435,0.5858867076050018,0.8754844571673107,2.877118666636054,0.3567364098167765
-0.003493581540787529,0.5841035437454963,0.8757423947133123,2.878503632635635,0.35732207852586995
-0.003185436291855663,0.5823052181190251,0.8741306220359952,2.8798975345718953,0.35790876461030524
-0.0028765265535045863,0.5804933241342161,0.8743904064762791,2.8813003996672415,0.35849719678655473
-0.0025669264625885176,0.5786694818239999,0.8744363131739216,2.8827122096707356,0.35908480569120454
-0.0022567103216432557,0.576835336938924,0.8795131261940532,2.8841329379131957,0.35967238911595156
-0.0019459525810535314,0.5749925599790892,0.8839693743914119,2.88556256055669,0.36025855391064454
-0.001634727821185369,0.5731428451620717,0.8877860506400941,2.887000995740447,0.3608397281831796
-0.001323110734487164,0.5712879093241823,0.886233009472632,2.8884481034414833,0.3614154414494737
-0.0010111761075638917,0.5694294907524835,0.8862543420337372,2.889903802155356,0.36198929332163954
-0.0006989988032287804,0.5675693479450463,0.8862752001931647,2.891368043883315,0.3625616844816157
-0.00038665374253618525,0.565709258297024,0.8862952043040897,2.892840778922827,0.3631322899559363
-7.421588680156688e-05,0.563851016710233,0.8863139319186988,2.8943219543791985,0.36370114557092337
0.0002382397803896429,0.5619964341240901,0.8871946216331488,2.8958115152954265,0.3642675331176075
0.0005506382711770994,0.5601473359659013,0.8872174844333489,2.897309384669822,0.3648311090337684
0.0008629046114225674,0.5583055605187371,0.8872383581133996,2.8988155049876907,0.3653930381803418
0.001174963858703329,0.5564729572053312,0.887306229598021,2.900329826450947,0.36595334056678264
0.0014867411202980193,0.5546513847867419,0.8873296579301055,2.9018523023011236,0.3665120260630464
0.0017981615711604047,0.5528427094747932,0.8873497563791691,2.9033828789063034,0.36706873709433574
0.002109150471877161,0.5510488029576771,0.8873691598064444,2.9049215002400306,0.36762341278986393
0.0024196331866049576,0.5492715403384683,0.885756334657503,2.90646810512752,0.3681751535821388
0.0027295352009826055,0.5475127979867214,0.8857613024894376,2.9080226055039757,0.36872352532097313
0.003038782140014238,0.5457744513037743,0.8840881819431964,2.909584931303851,0.3692688987469863
0.003347299785918977,0.5440583724028802,0.8848646641363295,2.911154988692371,0.369810088845976
0.003655014095942712,0.5423664277058219,0.8848580300874298,2.912732687261951,0.3703481326580865
0.0039618512201281255,0.5407004754582033,0.8855897644365616,2.9143179596040394,0.37088343075535374
0.004267737519038261,0.5390623631662589,0.8855864805305688,2.915910726530054,0.37141572446749505
0.004572599581429765,0.5374539249585921,0.886006130211969,2.917510926303948,0.37194609004848683
0.00487636424187101,0.5358769788769568,0.8843528773161095,2.9191185012198617,0.3724732512165676
0.0051789585983016435,0.5343333241008493,0.8843307416973927,2.920733346459329,0.37299603298495027
0.00548031002952862,0.5328247381113852,0.8843107986876675,2.922355389263684,0.37351672788222506
0.00578034621265499,0.5313529738006327,0.8826283779130647,2.923984565194093,0.3740336401745656
0.006078995140437041,0.5299197565333238,0.8809755583266147,2.92562075052549,0.37454413329395225
0.006376185138565663,0.5285267811685238,0.8810422490261106,2.927263809464291,0.3750499083409005
0.006671844882867895,0.5271757090496217,0.8810140781681208,2.9289136705329817,0.37555349482431827
0.006965903416424303,0.5258681649716217,0.8794291066738236,2.9305702612915825,0.3760525174714813
0.0072582901665984,0.5246057341354508,0.8794105066225845,2.9322334466260327,0.37654595561903925
0.007548934961973639,0.5233899590995847,0.8779531370349535,2.9339031316868915,0.37703461743404737
0.007837768049194288,0.5222223367399187,0.8779695765533925,2.9355791734367576,0.37751751333186984
0.00812472010970586,0.521104315229326,0.8766473060616219,2.9372614828955403,0.3779957996290938
0.008409722276391262,0.5200372910488531,0.8755128690785869,2.9389498970346555,0.37846493279659266
0.008692706150098569,0.5190226060428723,0.8745782763798943,2.940644213778399,0.37892421134388676
0.00897360381605646,0.5180615445308877,0.8755954492284888,2.9423442261100416,0.3793746372370824
0.009252347860173453,0.5171553304888793,0.8757099148390189,2.944049779992559,0.3798196310512255
0.009528871385216997,0.5163051248132566,0.8756686829161893,2.9457607882106984,0.3802619859555892
0.00980310802686845,0.5155120226805089,0.8764125981505674,2.947477187982915,0.3807006268982541
0.010074991969650199,0.5147770510155727,0.8766245961167195,2.9491988678312575,0.38113474323309793
0.010344457962721085,0.5141011660817772,0.8765493789585661,2.950925762471939,0.3815669142451742
0.010611441335536247,0.5134852512049003,0.87643322561453,2.9526578216542685,0.38199710148334143
0.010875878013367778,0.5129301146434688,0.8762766705303597,2.9543949959893223,0.38242537558229833
0.011137704532682364,0.512436487616916,0.8764250302086989,2.956137234520988,0.38285117210789993
0.011396858056372163,0.5120050225025199,0.8772456688630444,2.9578844591801463,0.3832722056421578
0.011653276388835506,0.5116362912113361,0.8781218580312437,2.9596365345046594,0.38368615873893036
0.011906897990903437,0.5113307837524264,0.8789619504542001,2.961393309332487,0.384093030409187
0.01215766199460888,0.5110889069937358,0.8798098828688087,2.963154630353028,0.3844925395017731
0.012405508217794703,0.5109109836269119,0.8803134821489527,2.9649203504382133,0.38488668087671224
0.01265037717855702,0.510797251342217,0.880464031754192,2.9666903720810853,0.38527385486132937
0.01289221010952069,0.5107478622184589,0.8802777013076988,2.9684644740305806,0.3856515985885103
0.013130948971943095,0.510762882331634,0.8800496194804311,2.9702425590091823,0.38602740007466163
0.013366536469643269,0.5108422915846358,0.8802907839712142,2.972024577749393,0.3864006453809877
0.013598916062752625,0.5109859837590636,0.880532196679549,2.973810457382724,0.38677031292683484
0.01382803198128428,0.5111937667888234,0.8807732694607914,2.975600122139265,0.3871367363269788
0.014053829238517591,0.5114653632538531,0.8809523906887267,2.9773934755381495,0.38749515049899613
0.014276253644194698,0.5118004110910003,0.8811946912354308,2.9791902798722716,0.38784314455549845
0.014495251817525917,0.5121984645177831,0.8814364253075047,2.9809904114891195,0.38818758076532656
0.014710771200000868,0.5126589951635117,0.8816022206584019,2.982793770613659,0.3885239124061003
0.014922760068002316,0.5131813934010925,0.882143706819914,2.9846001195537486,0.38885014822542363
0.015131167545219511,0.5137649698717157,0.8822853694990298,2.9864093300451247,0.3891689745830763
0.015335943614858327,0.5144089571936088,0.88237871759283,2.988221140699802,0.3894722348266006
0.015537039131645013,0.5151125118451264,0.882603852092587,2.9900352565326713,0.3897644178926036
0.015734405833620825,0.5158747162116184,0.8826154477531498,2.9918515224110234,0.390047973873648
0.015927996353724695,0.5166945807848022,0.8825373299955082,2.9936696691538636,0.3903159538348621
0.016117764231161073,0.5175710465027965,0.8827490515126211,2.9954894050085183,0.39057303161439283
0.0163036639225503,0.5185029872184496,0.8829605023339646,2.9973106043819766,0.3908264055632418
0.016485650812858844,0.5194892122832876,0.8827611645836881,2.9991331645918518,0.39107111351261137
0.01666368122610649,0.5205284692341182,0.8829629089517124,3.000956839937768,0.3913049472053605
0.016837712435848758,0.5216194465692353,0.8836829594811311,3.0027814940368454,0.3915324648200168
0.017007702675430596,0.5227607766011162,0.8839087245118892,3.004606955919451,0.3917520764487182
0.017173611148010557,0.5239510383726385,0.8844970259035535,3.006433124999889,0.3919687266484073
0.017335398036351597,0.5251887606239781,0.884334930487164,3.0082599250124664,0.3921776322599018
0.017493024512377137,0.5264724247976843,0.8842702501868004,3.0100871167101837,0.39237613964099816
0.017646452746489516,0.527800468069759,0.8844839030715471,3.0119146002137196,0.39257188539901233
0.017795645916649065,0.5291712863950256,0.8846958025148424,3.0137423051810464,0.392763816558064
0.01794056821721115,0.5305832375555746,0.884907134237696,3.015570155121627,0.39295195983463227
0.018081184867519223,0.5320346442016484,0.8845829237684809,3.0173980493242745,0.39313138133915687
0.01821746212025223,0.5335237968749287,0.8851317375177515,3.0192257445273825,0.39330042292485395
0.018349367269523627,0.5350489570048533,0.8853237872423564,3.0210531418213047,0.3934667244469224
0.01847686865873086,0.5366083598692647,0.8848463877076083,3.0228801489415362,0.39362451726388054
0.018599935688152443,0.5382002175113952,0.8853535041328061,3.0247065306129106,0.39377224552793455
0.018718538822292158,0.5398227216059123,0.8855312312172257,3.0265321926390936,0.3939173775300299
0.018832649596967076,0.5414740462674523,0.8859993149314324,3.0283570720959774,0.3940594297158978
0.018942240626139025,0.543152350795797,0.886425898723308,3.030181125261459,0.3941996205934343
0.019047285608487015,0.5448557823525572,0.8865846808743413,3.032004312561523,0.39433724298054157
0.019147759333719608,0.54658247856489,0.8867525260788123,3.0338265698765854,0.39447114160766694
0.01924363768862508,0.5483305700524794,0.88609159608531,3.0356478018410193,0.3945966978189165
0.019334897662858338,0.550098182874634,0.886249946277558,3.0374677718717735,0.39471144499577027
0.019421517354463718,0.5518834408949622,0.8862348318978632,3.0392863630801266,0.39482299592294645
0.01950347597513105,0.5536844680616935,0.8863810596813873,3.041103526818071,0.3949319733114634
0.01958075385518474,0.5554993906022389,0.8867611543540592,3.04291920472378,0.3950380296903946
0.019653332448304563,0.5573263391311096,0.886915759830032,3.0447333525038456,0.3951416250093221
0.019721194335976543,0.5591634506707842,0.8870747240342638,3.0465459097265257,0.3952416022162117
0.01978432323167342,0.5610088705855518,0.8872274780448904,3.048356805766932,0.39533783489376423
0.01984270398476319,0.5628607544287655,0.8873791207988212,3.0501659681664974,0.39543023795747234
0.019896322584145396,0.5647172697042865,0.8875361577007631,3.051973324381315,0.395518907728361
0.019945166161613615,0.5665765975432493,0.887552916540706,3.0537787905209783,0.39560099956554384
0.019989222994943615,0.5684369342975437,0.8876765453112276,3.055582175676647,0.39567159781356015
0.020028482510706932,0.5702964930516801,0.8879012728628718,3.0573832673345023,0.3957336813209082
0.020062935286808258,0.5721535050549187,0.887544142143371,3.0591819374313687,0.3957869599007638
0.02009257305474666,0.5740062210757375,0.8878907396740051,3.0609779468357714,0.3958299997103223
0.020117388701600146,0.5758529126808649,0.8881132872586364,3.0627712078539626,0.39587060448042843
0.020137376271732555,0.577691873441257,0.8884186042971247,3.064561664788112,0.395908392203529
0.02015253096822307,0.5795214200674633,0.8886455074306185,3.066349283142831,0.3959445633592972
0.020162849154017174,0.5813398934769572,0.8888619086589741,3.068134032119127,0.3959782435904322
0.020168328352799865,0.5831456597960336,0.8884415750134665,3.069915826275355,0.3960033317860263
0.020168967249589758,0.5849371112989097,0.8886694676429271,3.0716944263545884,0.39601724816092343
0.020164765691054628,0.5867126672867239,0.8888983192274194,3.07346971147188,0.39602725611617806
0.020155724685548434,0.5884707749090814,0.8884816135316709,3.075241588014031,0.39602865606697396
0.02014184640286899,0.5902099099308269,0.8887204427613346,3.0770098204787844,0.39601976980631326
0.020123134173737654,0.5919285774466773,0.8889570262791435,3.078774322403531,0.3960084598301958
0.020099592488999472,0.5936253125463113,0.8888845420161694,3.080535017928361,0.3959898216754283
0.020071226998545875,0.5952986809324842,0.8889004650884653,3.0822916969192757,0.39595849603516736
0.020038044509958445,0.5969472794946591,0.8888903161943013,3.084044133149998,0.3959187332903916
0.02000005298687494,0.5985697368406108,0.8888126019315888,3.0857922569123524,0.3958773225870146
0.01995726154707879,0.6001647137883542,0.8888576270084345,3.0875360159099885,0.39582844707759185
0.01990968046031002,0.6017309038207244,0.8884125543828025,3.0892751559969223,0.39576451056090195
0.01985732114580111,0.6032670335048071,0.888759762755162,3.091009435731407,0.39569151324798457
0.019800196169536106,0.6047718628783822,0.8891082272053887,3.0927387534995625,0.3956146432897628
0.01973831924123521,0.6062441858054354,0.8894509637431376,3.0944630414510708,0.3955339220935092
0.019671705211064153,0.6076828303027125,0.8898039695977179,3.0961822335213203,0.395449448471891
0.019600370066070388,0.6090866588392202,0.8888407867440626,3.0978962511608845,0.3953582114633915
0.019524330926346267,0.6104545686104789,0.8892181442704764,3.099604921751127,0.39525857394512826
0.019443606040920443,0.6117854917892436,0.889105320374177,3.1013081566505987,0.3951563164909409
0.019358214783377868,0.613078395754356,0.8893682054118572,3.1030059320346535,0.39505271511341766
0.019268177647210442,0.6143322832992658,0.8896306535594845,3.1046982323191714,0.39494778267139213
0.019173516240898573,0.615546192821709,0.8898926343425504,3.1063850391455134,0.39484126495509647
0.01907425328272558,0.6167191984959446,0.8901538269396355,3.108066333059456,0.3947333164894773
0.01897041259532481,0.6178504104288614,0.890539101103815,3.1097420912810945,0.3946229689565832
0.01886201909996274,0.6189389748012097,0.8909078994078076,3.1114122597463645,0.3945089472539969
0.018749098810558047,0.6199840739951225,0.8914106050140355,3.113076749495616,0.3943858561616182
0.01863167882743811,0.6209849267090315,0.891930753550286,3.1147352846665814,0.39424586292181407
0.018509787330835286,0.6219407880610087,0.8924629274781439,3.11638754312109,0.39408933307709954
0.018383453574123566,0.6228509496814983,0.8927280192892839,3.118033239273713,0.3939224465581344
0.0182527078767982,0.6237147397963448,0.8929924889868657,3.119672301368883,0.39375442747455064
0.01811758161719891,0.624531523300945,0.8935179828145702,3.121304689832432,0.39357927293439976
0.01797810722497946,0.6253007018263265,0.8938734544830166,3.1229301831900695,0.39339320971573977
0.017834318173324346,0.6260217137978517,0.8922402992529832,3.124548667008572,0.39320164572402266
0.017686248970915853,0.6266940344872404,0.8905324163193331,3.1261600027761154,0.39300140862515487
0.01753393515365171,0.6273171760585025,0.890913898540873,3.127764042651072,0.3927947045267979
0.01737741327611699,0.6278906876083737,0.8912657343185418,3.1293607220390323,0.3925858518496005
0.017216720902810977,0.6284141552017495,0.8916415546864965,3.1309500256871097,0.39237532660061397
0.01705189659913192,0.6288872019025957,0.8919659866407268,3.1325319229303354,0.3921627602753347
0.016882979922121403,0.6293094878007721,0.8922188652053109,3.1341064040561792,0.3919493011172146
0.016710011410971143,0.6296807100351273,0.892628917335196,3.1356734601902927,0.3917340243498355
0.016533032577293598,0.6300006028132336,0.893038034094256,3.137233055568518,0.39151590328090313
0.016352085895159272,0.6302689374280371,0.8934451719686227,3.1387851470136656,0.3912947999701776
0.01616721479090326,0.6304855222716997,0.8941963154147776,3.1403296680182304,0.39106621831241295
0.01597846363270328,0.6306502028468441,0.8948911354743689,3.141866393164334,0.39082347307362497
0.015785877719931063,0.630762861775394,0.89350183180366,3.143395074936148,0.39056972721245004
0.015589503272281445,0.6308234188051546,0.8938994127060805,3.1449155710620147,0.3903107453381143
0.01538938741867906,0.6308318308142415,0.8942937017440409,3.1464278292840238,0.3900491984134939
0.015185578185968277,0.6307880918134375,0.8946837877167844,3.1479318150979805,0.3897851721925557
0.014978124487386541,0.6306922329465244,0.8950695441202358,3.1494274974958874,0.38951879982308796
0.01476707611082577,0.6305443224885761,0.8957641022904936,3.1509148254501995,0.3892461550288971
0.014552483706883331,0.6303444658422067,0.8961184688888304,3.1523936367051033,0.38896568511673957
0.014334398776705866,0.6300928055316957,0.8966391904285482,3.1538638511568906,0.38867969180614265
0.014112873659629958,0.6297895211948916,0.8969763237165475,3.1553253116394457,0.38838373530223996
0.013887961520620306,0.6294348295727565,0.8971045737317718,3.1567778520073575,0.38807940500899074
0.013659716337510591,0.629028984496391,0.8973450578303942,3.1582213486463497,0.3877701607409129
0.013428192888049232,0.6285722768713107,0.8972128350539398,3.159655757998982,0.3874575659440465
0.013193446736752597,0.6280650346587406,0.8974073561092811,3.161081009003845,0.3871412974146729
0.012955534221570319,0.6275076228536376,0.8977383404070035,3.1624970875496587,0.38682458470436615
0.012714512440364015,0.6269004434591096,0.8980365128990511,3.1639040083551007,0.3865078145804752
0.012470439237204058,0.6262439354568707,0.8982998286054108,3.1653017873769813,0.3861909236866716
0.01222337318848784,0.6255385747733098,0.8984823766935224,3.1666904430034672,0.385873995571427
0.011973373588880882,0.624784874240728,0.8986785479745767,3.1680699907247534,0.38555709625411005
0.011720500437087143,0.623983383553235,0.8982523513494199,3.1694404447808893,0.38523892390259384
0.01146481442144926,0.6231346892167582,0.8984039219145108,3.1708017772448773,0.38491870702908376
0.01120637690538356,0.6222394144925636,0.898550156465586,3.172153988906981,0.3845981773797432
0.010945249912653337,0.6212982193336316,0.8987438842477836,3.173497093051997,0.38427756090640486
0.010681496112483464,0.6203118003131962,0.8980136572928873,3.1748311050940856,0.3839564927056535
0.010415178804519901,0.619280890544662,0.8970640618307131,3.1761560318929596,0.38363526504517054
0.010146361903638143,0.618206259592103,0.8959274732856574,3.1774719050768634,0.38331551824911214
0.009875109924604022,0.6170887133704438,0.8946413541044939,3.1787787882255785,0.38299874074450424
0.009601487966590523,0.6159290940343901,0.8946885993005612,3.180076760582726,0.3826843160024014
0.009325561697554042,0.6147282798550866,0.8948968183917553,3.1813658623564685,0.3823703293583284
0.009047397338474712,0.6134871850834357,0.8951720166652714,3.1826461194784015,0.3820568220456555
0.008767061647463388,0.6122067597989151,0.8935218031729162,3.1839175657858863,0.38174520487955915
0.00848462190374039,0.6108879897426965,0.8937620267703931,3.185180283258645,0.38143653507558783
0.008200145891488299,0.6095318961337322,0.8923742041113449,3.1864343247653233,0.38113037702644115
0.007913701883584551,0.6081395354664747,0.8925838803669592,3.187679792968958,0.3808280509020141
0.00762535862521617,0.6067119992887473,0.8911443609707171,3.1889167485297008,0.380528590654414
0.007335185317380962,0.6052504139582555,0.8913221900780254,3.19014530401302,0.3802333803210749
0.007043251600279878,0.6037559403761079,0.8913477160186666,3.1913655137652945,0.3799390242702953
0.006749627536603777,0.6022297736956522,0.8913781317481552,3.192577418095901,0.37964602707728823
0.006454383594718505,0.6006731430048534,0.8899126342691244,3.19378107015626,0.37935660365734425
0.006157590631752763,0.5990873109803354,0.8899315996770216,3.1949765978210563,0.37907233455655825
0.005859319876593144,0.5974735735111341,0.8884885733849203,3.1961640844293897,0.37879197697390754
0.005559642912788981,0.5958332592901389,0.8885177659222362,3.197343661934951,0.3785168794292957
0.00525863166137324,0.5941677293710945,0.8887323239884641,3.198515398761182,0.37824288315195453
0.004956358363601208,0.5924783766889635,0.8887605915442729,3.199679328608803,0.37796993838526854
0.004652895563613504,0.5907666255413767,0.8887738239939466,3.2008354940811072,0.3776984460989802
0.004348316091025285,0.5890339310288257,0.888798870530828,3.201983939931468,0.37742841296931395
0.0040426930434481175,0.5872817784511687,0.8888234397766817,3.203124710699234,0.3771598883429343
0.003736099768946245,0.5855116826579656,0.8874444692035336,3.2042578670551753,0.37689575839681366
0.0034286098484339373,0.5837251873501161,0.8875532146928269,3.2053835525862033,0.37663709929644235
0.003120297078015936,0.5819238643301871,0.887579529357253,3.206501828431252,0.3763793309170908
0.0028112354512773515,0.5801093126988304,0.8862700714899439,3.207612746693897,0.3761256234055393
0.0025014991415250156,0.5782831579946083,0.8864711250948653,3.208716445060087,0.3758772998418416
0.002191162483986421,0.5764470512745703,0.8864767031559129,3.209812986004021,0.37563010192677365
0.0018802999579697296,0.5746026681329026,0.8852555956560407,3.2109024294974855,0.3753875020653688
0.0015689861689890136,0.572751707654998,0.8852871395641133,3.2119849187197524,0.37515043609135035
0.0012572958308592365,0.5708958913043132,0.8852921068835345,3.2130605254354014,0.37491509886158036
0.0009453037477653301,0.5690369617394464,0.8853230738470621,3.214129297401889,0.3746814122137206
0.0006330847963096959,0.5671766815589355,0.8853175175479737,3.215191279235695,0.37444901254571655
0.0003207139075419209,0.5653168319713717,0.8853473307528481,3.216246508888551,0.3742180880067574
8.266048975909545e-06,0.5634592113885611,0.8852827674440543,3.2172950329397554,0.37398863412171895
-0.0003041837934021462,0.561605633939593,0.885309317079259,3.218336888678684,0.37376050350649137
-0.0006165606331298433,0.559757927903879,0.8853364016154192,3.2193721246402953,0.37353432605733156
-0.0009287895012651703,0.5579179340614228,0.8855262742444583,3.2204007885512245,0.3733095105755149
-0.0012407954643784743,0.5560875039588247,0.8843954233150704,3.2214229318123198,0.3730890200807806
