x_mean,x_rms,order_parameter,residue_mean,mismatch_mean
0.0009409857487084796,0.4811609400961333,0.006935626290108752,0.0,0.0
0.0013052648890696837,0.48116506803088055,0.006985676772830632,0.0,0.0
0.0016692307721229806,0.4812755125009861,0.007036598265973891,0.0,0.0
0.002032796047803503,0.48149209438758495,0.007084840100862881,0.0,0.0
0.002395873462190316,0.4818144628441948,0.007132829963859423,0.0,0.0
0.0027583758784467806,0.4822420966518418,0.0071784862448179936,0.0,0.0
0.003120216297733073,0.482774306222616,0.007470202016840857,0.0,0.0
0.003481307880085483,0.4834102362327941,0.007520034221700209,0.0,0.0
0.003841563965257552,0.4841488688610033,0.007570903336904805,0.0,0.0
0.00420089809351813,0.4849890276016013,0.007621294300408321,0.0,0.0
0.004559224026401319,0.4859293816187323,0.007673357251656158,0.0,0.0
0.004916455767403253,0.4869684506023077,0.007729545598096838,0.0,0.0
0.005272507582620858,0.4881046100836211,0.007787625365000611,0.0,0.0
0.005627294021327634,0.48933609716543225,0.012688654683462468,0.0,0.0
0.005980729936481312,0.49066101661912614,0.012827309862233027,0.0,0.0
0.006332730505158805,0.4920773473000975,0.012962359760041469,0.0,0.0
0.00668321124891333,0.49358294883165754,0.01309431790333807,0.0,0.0
0.007032088054048723,0.49517556850763544,0.013228153947078847,0.0,0.0
0.007379277191806468,0.49685284836431626,0.013357973343738479,0.0,0.0
0.007724695338460062,0.498612332373411,0.013489483971541982,0.0,0.0
0.008068259595312368,0.5004514737093542,0.013618486558597945,0.0,0.0
0.008409887508590943,0.502367642046259,0.013747397606711748,0.0,0.0
0.008749497089236452,0.5043581308423217,0.013875020393341585,0.0,0.0
0.00908700683257977,0.5064201645722343,0.014000865514631762,0.0,0.0
0.009422335737902543,0.5085509058712117,0.014125244435970196,0.0,0.0
0.0097554033278772,0.5107474625574612,0.01424920234796666,0.0,0.0
0.010086129667880903,0.5130068945032821,0.014377656561436452,0.0,0.0
0.010414435385179626,0.5153262203284003,0.02972154529802257,0.0,0.0
0.010740241687977112,0.5177024238925724,0.029922799972820404,0.0,0.0
0.011063470384324647,0.5201324605678765,0.030122612236390445,0.0,0.0
0.011384043900886669,0.5226132632744098,0.030321781529477707,0.0,0.0
0.011701885301558015,0.5251417482662695,0.03052047064211044,0.0,0.0
0.01201691830592821,0.5277148206577316,0.03072192495021744,0.0,0.0
0.012329067307588471,0.530329379682345,0.030924311285956872,0.0,0.0
0.012638257392276695,0.5329823236803141,0.03113034701389474,0.0,0.0
0.0129444143558568,0.5356705548119453,0.03133423512043942,0.0,0.0
0.013247464722127138,0.5383909834971213,0.03153875171563904,0.0,0.0
0.013547335760454422,0.5411405325827483,0.03174346682452975,0.0,0.0
0.013843955503228991,0.5439161412418481,0.031724013277203984,0.0,0.0
0.014137252763136363,0.5467147686095061,0.03181120223492555,0.0,0.0
0.014427157150242073,0.5495333971621641,0.032021410962677736,0.0,0.0
0.014713599088884763,0.5523690358478893,0.032231993751415895,0.0,0.0
0.0149965098343742,0.555218722976129,0.032442794357797164,0.0,0.0
0.015275821489489428,0.5580795288762156,0.03265490459982136,0.0,0.0
0.01555146702077399,0.5609485583344447,0.03286756115004034,0.0,0.0
0.015823380274623575,0.5638229528199624,0.033082515710346136,0.0,0.0
0.016091495993162445,0.5666998925099872,0.03330341645136908,0.0,0.0
0.016355749829905133,0.5695765981250467,0.03331133496308032,0.0,0.0
0.01661607836519941,0.572450332584953,0.033319833613289336,0.0,0.0
0.016872419121446325,0.5753184024962014,0.033328485285847406,0.0,0.0
0.017124710578094938,0.5781781594813592,0.0335464256070543,0.0,0.0
0.01737289218640663,0.5810270013607932,0.03355986272403203,0.0,0.0
0.017616904383986696,0.583862373196859,0.03357723761591404,0.0,0.0
0.017856688609079144,0.5866817682103525,0.033594649582216744,0.0,0.0
0.018092187314620877,0.589482728578688,0.03381765607544709,0.0,0.0
0.018323343982053052,0.5922628461249166,0.034043228233094684,0.0,0.0
0.01855010313488505,0.5950197629062647,0.034271518675504334,0.0,0.0
0.01877241035200866,0.5977511717105244,0.034501798609146365,0.0,0.0
0.018990212280758915,0.6004548164681429,0.0347325359661547,0.0,0.0
0.019203456649718436,0.6031284925875018,0.034966370335876115,0.0,0.0
0.019412092281262262,0.6057700472204044,0.03519988961965033,0.0,0.0
0.019616069103840287,0.6083773794644064,0.03543263040407205,0.0,0.0
0.019815338163994292,0.6109484405081886,0.035665228593043434,0.0,0.0
0.0200098516381063,0.613481233725799,0.03589942443366462,0.0,0.0
0.020199562843876303,0.6159738147251735,0.03595721555447632,0.0,0.0
0.02038442625152547,0.6184242913559895,0.03619095130129705,0.0,0.0
0.0205643974947234,0.6208308236815383,0.05095998287292618,0.0,0.0
0.02073943338123562,0.6231916239189534,0.05127048573210528,0.0,0.0
0.02090949190328956,0.6255049563518196,0.05158220679148296,0.0,0.0
0.021074532247656323,0.6277691372188523,0.05189959779314063,0.0,0.0
0.021234514805445307,0.6299825345820681,0.052222020310001456,0.0,0.0
0.021389401181610753,0.632143568177561,0.052547146713962656,0.0,0.0
0.021539154204165873,0.6342507092517711,0.05287390552396074,0.0,0.0
0.021683737933103953,0.6363024803858487,0.053205096827872576,0.0,0.0
0.021823117669024235,0.6382974553105376,0.05353689973366998,0.0,0.0
0.021957259961459006,0.6402342587137265,0.06841351695104973,0.0,0.0
0.02208613261690208,0.6421115660426835,0.06881686399034634,0.0,0.0
0.022209704706534824,0.6439281033027514,0.08376423739185661,0.0,0.0
0.022327946573648765,0.6456826468541527,0.08399978382134599,0.0,0.0
0.022440829840763427,0.647374023208359,0.08447631449845396,0.0,0.0
0.02254832741643665,0.6490011088253701,0.0849598261498907,0.0,0.0
0.02265041350176614,0.6505628299130901,0.08545066056216252,0.0,0.0
0.02274706359658152,0.6520581622298709,0.08594753239045716,0.0,0.0
0.02283825450532398,0.6534861308911931,0.08607722976874643,0.0,0.0
0.022923964342613113,0.6548458101813388,0.08620243197724285,0.0,0.0
0.023004172538499516,0.6561363233708216,0.08670849462910692,0.0,0.0
0.0230788598434011,0.6573568425402629,0.0872164288286948,0.0,0.0
0.023148008332723145,0.6585065884113104,0.08772566690321562,0.0,0.0
0.023211601411160247,0.6595848301851394,0.08823575502054426,0.0,0.0
0.023269623816678877,0.6605908853890137,0.08874733841317407,0.0,0.0
0.023322061624180056,0.6615241197313119,0.08906400293427306,0.0,0.0
0.0233689022488418,0.6623839469653925,0.08958086202537892,0.0,0.0
0.02341013444913902,0.6631698287626145,0.09010304470640172,0.0,0.0
0.02344574832954158,0.6638812745947885,0.09063027831958832,0.0,0.0
0.023475735342889208,0.664517841626301,0.09115962195674397,0.0,0.0
0.023500088292442493,0.6650791346161209,0.0916933374596967,0.0,0.0
0.023518801333610537,0.6655648058298633,0.09222991992078132,0.0,0.0
0.023531869975353344,0.6659745549620624,0.09276960802625055,0.0,0.0
0.023539291081259506,0.666308129068777,0.10742178928823601,0.0,0.0
0.023541062870299286,0.6665653225106452,0.12203232729469295,0.0,0.0
0.02353718491725178,0.666745976906456,0.13637583983792603,0.0,0.0
0.023527658152807128,0.666849981097322,0.13710518565374302,0.0,0.0
0.02351248486334315,0.6668772711214928,0.13783900970897345,0.0,0.0
0.023491668690376378,0.6668278301998511,0.13857522576532794,0.0,0.0
0.02346521462968845,0.6667016887321006,0.13931584642995293,0.0,0.0
0.02343312903012692,0.6664989243036696,0.13990138437515373,0.0,0.0
0.023395419592081697,0.6662196617032957,0.14064638840804747,0.0,0.0
0.023352095365636948,0.6658640729512962,0.1413940991685326,0.0,0.0
0.023303166748398822,0.665432377338456,0.1421455917663434,0.0,0.0
0.023248645483000974,0.6649248414755016,0.1429027161321438,0.0,0.0
0.02318854465428511,0.6643417793530737,0.14366592837440914,0.0,0.0
0.023122878686161714,0.663683552412115,0.14443778820232414,0.0,0.0
0.023051663338147843,0.6629505696245598,0.14521359310854948,0.0,0.0
0.02297491570158523,0.6621432875841892,0.14599520629197396,0.0,0.0
0.02289265419553829,0.6612622106074963,0.14667022413063371,0.0,0.0
0.0228048985623736,0.6603078908443827,0.1474579049519369,0.0,0.0
0.022711669863021776,0.6592809283984469,0.14814746812972943,0.0,0.0
0.022612990471923267,0.6581819714566453,0.14884742065234866,0.0,0.0
0.022508884071658235,0.6570117164280105,0.1495463292778969,0.0,0.0
0.02239937564726295,0.6557709080911065,0.15035499452719367,0.0,0.0
0.02228449148023368,0.6544603397498431,0.1511687927300167,0.0,0.0
0.022164259142218968,0.6530808533972136,0.15199018704076026,0.0,0.0
0.022038707488402955,0.6516333398864658,0.15281760095366323,0.0,0.0
0.02190786665057969,0.6501187391091554,0.15365157750757238,0.0,0.0
0.021771768029922263,0.6485380401794469,0.15449360349139338,0.0,0.0
0.021630444289446334,0.6468922816239714,0.15528679373854926,0.0,0.0
0.021483929346171285,0.6451825515764243,0.15613922574117226,0.0,0.0
0.021332258362980173,0.6434099879760489,0.16979961614254618,0.0,0.0
0.021175467740180906,0.6415757787689722,0.17070594374246936,0.0,0.0
0.02101359510677033,0.6396811621113235,0.1710015926539771,0.0,0.0
0.020846679311403462,0.6377274265728781,0.17191553844274837,0.0,0.0
0.02067476041306994,0.6357159113398664,0.1728350592959075,0.0,0.0
0.020497879671480167,0.6336480064154312,0.173763716843242,0.0,0.0
0.020316079537162954,0.6315251528160504,0.17469897581059562,0.0,0.0
0.020129403641278038,0.6293488427620794,0.18792814661050714,0.0,0.0
0.019937896785144186,0.6271206198603692,0.2014099564762788,0.0,0.0
0.019741604929487736,0.6248420792767149,0.2024498169773753,0.0,0.0
0.019540575183411638,0.6225148678956846,0.20349454473378034,0.0,0.0
0.01933485579309011,0.620140684465121,0.20454312434884897,0.0,0.0
0.019124496130189343,0.6177212797223899,0.20559624850644717,0.0,0.0
0.01890954668001859,0.6152584564991479,0.2066546652941545,0.0,0.0
0.018690059029414167,0.6127540698011613,0.20772059818483307,0.0,0.0
0.01846608585435851,0.6102100268593625,0.20879143409867743,0.0,0.0
0.018237680907338683,0.6076282871480526,0.20986875783330658,0.0,0.0
0.018004899004445487,0.6050108623658036,0.21095040673129273,0.0,0.0
0.017767796012218236,0.6023598163742738,0.21210756136333078,0.0,0.0
0.01752642883423697,0.5996772650897794,0.21320107445877226,0.0,0.0
0.017280855397465676,0.5969653763220889,0.2142997737934702,0.0,0.0
0.017031134638350508,0.594226369554515,0.22639428316438281,0.0,0.0
0.016777326488674905,0.5914625156589816,0.23858820550528603,0.0,0.0
0.016519491861176464,0.5886761365393074,0.23977914690452568,0.0,0.0
0.01625769263492811,0.5858696046955634,0.24097518134173856,0.0,0.0
0.01599199164048747,0.5830453427019083,0.2421795217653014,0.0,0.0
0.0157224526448178,0.5802058225899132,0.24339241015505972,0.0,0.0
0.01544914033598419,0.5773535651289391,0.254868989487716,0.0,0.0
0.015172120307628913,0.5744911389947654,0.2561285782648044,0.0,0.0
0.014891459043228864,0.5716211598172475,0.25739528936324574,0.0,0.0
0.014607223900140381,0.5687462890974464,0.25866783077111777,0.0,0.0
0.014319483093433429,0.5658692329843132,0.259946359866441,0.0,0.0
0.014028305679520334,0.5629927409007683,0.2612312690787632,0.0,0.0
0.013733761539582771,0.5601196040087171,0.26252413953502457,0.0,0.0
0.0134359213628005,0.557252653502428,0.27363686652646924,0.0,0.0
0.013134856629386165,0.5543947587195466,0.2848774082391041,0.0,0.0
0.01283063959343071,0.5515488250590365,0.2862485902920581,0.0,0.0
0.01252334326556243,0.5487177916953901,0.28762382456944935,0.0,0.0
0.01221304139542489,0.5459046290786624,0.2983729312916127,0.0,0.0
0.011899808453977482,0.5431123362101915,0.309200497653788,0.0,0.0
0.011583719615622512,0.540343937684329,0.319969009542744,0.0,0.0
0.011264850740163944,0.537602480487119,0.3214453095368896,0.0,0.0
0.010943278354601226,0.5348910305436426,0.32292839369408655,0.0,0.0
0.01061907963476333,0.5322126690067214,0.3244181827741871,0.0,0.0
0.01029233238678677,0.5295704882808169,0.3259161433681698,0.0,0.0
0.009963115028442618,0.5269675877763614,0.3274228240772862,0.0,0.0
0.00963150657031654,0.5244070693913,0.3289372122505893,0.0,0.0
0.009297586596846808,0.5218920327184667,0.33914579107208226,0.0,0.0
0.008961435247224024,0.5194255699794298,0.34086698027950535,0.0,0.0
0.008623133196158575,0.5170107606877022,0.3424211846780754,0.0,0.0
0.008282761634518859,0.5146506660466915,0.3522343972208888,0.0,0.0
0.007940402249845734,0.5123483230904595,0.3539876743622854,0.0,0.0
0.0075961372067481735,0.5101067385782379,0.35558666478352935,0.0,0.0
0.007250049127183987,0.5079288826567193,0.35733758201555255,0.0,0.0
0.006902221070630967,0.5058176823073437,0.3589514262749198,0.0,0.0
0.006552736514153061,0.5037760145991347,0.3607198406013357,0.0,0.0
0.0062016793323662195,0.5018066997710385,0.3623431825557133,0.0,0.0
0.005849133777308885,0.49991249417115213,0.36397188343883125,0.0,0.0
0.0054951844582220325,0.4980960830836259,0.3730732364750805,0.0,0.0
0.00513991632124324,0.4963600734773666,0.3742177263191553,0.0,0.0
0.004783414629020028,0.4947069867138333,0.3758828077322162,0.0,0.0
0.004425764940247198,0.4931392512541939,0.3775538850789433,0.0,0.0
0.004067053089133292,0.49165919540880443,0.3794023172044384,0.0,0.0
0.0037073651648007037,0.49026904017429906,0.381237696491469,0.0,0.0
0.0033467874906246997,0.48897089220552997,0.382933968452833,0.0,0.0
0.002985406603516246,0.48776673697099626,0.38463672585118885,0.0,0.0
0.002623309233153544,0.48665843214133714,0.3864906321404829,0.0,0.0
0.0022605822811673382,0.48564770126074325,0.38820568983667686,0.0,0.0
0.0018973128002849392,0.4847361277507997,0.3899284103081106,0.0,0.0
0.0015335879734380182,0.48392514929528296,0.3911486284900734,0.0,0.0
0.001169495092839059,0.48321605265271317,0.3928841653464323,0.0,0.0
0.0008051215390316963,0.48260996894108227,0.3946252908551441,0.0,0.0
0.0004405547599197568,0.4821078694360792,0.39654652265821433,0.0,0.0
7.588224978025249e-05,0.481710561920429,0.39845075747522585,0.0,0.0
-0.0002888084717348518,0.48141868761756335,0.4002079146781037,0.0,0.0
-0.0006534298806030363,0.4812327187379746,0.40876126130515206,0.0,0.0
-0.0010178944694363768,0.48115295666118363,0.41054660777360297,0.0,0.0
-0.0013821147684830826,0.4811795307704754,0.41233693670988886,0.0,0.0
-0.0017460033666196926,0.48131239795146746,0.41413438312115863,0.0,0.0
-0.0021094729323294014,0.4815513427592783,0.4159355834790253,0.0,0.0
-0.0024724362346611527,0.48189597825271535,0.4177409273930615,0.0,0.0
-0.0028348061641646893,0.48234574748753306,0.41955291654383714,0.0,0.0
-0.0031964957537963584,0.48289992565463685,0.42136934551325533,0.0,0.0
-0.0035574181997908463,0.4835576228431399,0.4231919059535979,0.0,0.0
-0.003917486882493612,0.48431778740257914,0.431483697759168,0.0,0.0
-0.004276615387149182,0.485179209873446,0.4333399532301229,0.0,0.0
-0.00463471752464035,0.4861405274505319,0.4351999665020732,0.0,0.0
-0.004991707352173076,0.48720022893955367,0.4370628642750527,0.0,0.0
-0.00534749919390236,0.4883566601640943,0.4445109235585717,0.0,0.0
-0.005702007661494072,0.4896080297771662,0.4464116575094159,0.0,0.0
-0.006055147674617667,0.4909524154296449,0.44831577387714805,0.0,0.0
-0.006406834481365187,0.49238777024648417,0.45022821262695795,0.0,0.0
-0.006756983678591132,0.4939119295609197,0.45214632025738005,0.0,0.0
-0.007105511232168976,0.4955226178568965,0.4540678195059967,0.0,0.0
-0.007452333497158835,0.4972174558705262,0.455993985905053,0.0,0.0
-0.007797367237881943,0.4989939678025756,0.45792407459090345,0.0,0.0
-0.008140529647896765,0.5008495885956629,0.4598577495023067,0.0,0.0
-0.008481738369872118,0.5027816712319879,0.4617953488999726,0.0,0.0
-0.008820911515352602,0.5047874940099527,0.46373159637467487,0.0,0.0
-0.00915796768441143,0.5068642677608384,0.46566927941370984,0.0,0.0
-0.009492825985185926,0.5090091429698288,0.467612076751238,0.0,0.0
-0.009825406053291286,0.5112192167688985,0.469558226730307,0.0,0.0
-0.010155628071107637,0.5134915397724732,0.47150741488288933,0.0,0.0
-0.010483412786935839,0.5158231227301949,0.47346028895575754,0.0,0.0
-0.010808681534017477,0.5182109429745432,0.47542001682949864,0.0,0.0
-0.011131356249414663,0.5206519506444387,0.482426273616172,0.0,0.0
-0.011451359492744563,0.5231430746692154,0.48441218105413486,0.0,0.0
-0.011768614464764878,0.5256812285005185,0.4866968952437869,0.0,0.0
-0.012083045025805204,0.5282633155826133,0.4889555778132985,0.0,0.0
-0.01239457571404018,0.5308862345544432,0.49094601576553315,0.0,0.0
-0.012703131763600094,0.533546884179293,0.49294108540768056,0.0,0.0
-0.013008639122514142,0.5362421680003446,0.4949386760199312,0.0,0.0
-0.013311024470482708,0.5389689987225147,0.49721040495623786,0.0,0.0
-0.01361021523647375,0.5417243023228978,0.499221756882922,0.0,0.0
-0.013906139616139674,0.5445050218938402,0.5014810005820981,0.0,0.0
-0.014198726589049762,0.5473081212241302,0.5079794416163155,0.0,0.0
-0.014487905935735053,0.5501305881250695,0.5100175238037452,0.0,0.0
-0.014773608254540428,0.5529694375092354,0.5120533516328009,0.0,0.0
-0.01505576497828084,0.555821714230638,0.5140883214804814,0.0,0.0
-0.015334308390696966,0.5586844956956535,0.5161241788677691,0.0,0.0
-0.015609171642706856,0.5615548942546635,0.5183950288863175,0.0,0.0
-0.01588028876844952,0.5644300593847053,0.520431423719746,0.0,0.0
-0.016147594701116107,0.5673071796737035,0.5224651924636672,0.0,0.0
-0.01641102528856593,0.5701834846169768,0.5244986971757081,0.0,0.0
-0.016670517308722505,0.5730562462367422,0.5265314252047365,0.0,0.0
-0.016926008484746652,0.5759227805352993,0.5285647349373345,0.0,0.0
-0.01717743749998253,0.5787804487923875,0.530825067498148,0.0,0.0
-0.017424744012673334,0.5816266587170568,0.5330581851450997,0.0,0.0
-0.01766786867044316,0.5844588654640898,0.5350910773646727,0.0,0.0
-0.017906753124541173,0.5872745725247143,0.5373069683611293,0.0,0.0
-0.018141340043845128,0.5900713325009939,0.5393362379459182,0.0,0.0
-0.018371573128620415,0.592846747772929,0.5447634624364502,0.0,0.0
-0.018597397124031908,0.59559847106687,0.5468159235124379,0.0,0.0
-0.01881875783340458,0.5983242059334698,0.5488680168785001,0.0,0.0
-0.01903560213123091,0.6010217071429582,0.5509184038593933,0.0,0.0
-0.019247877975920223,0.6036887810051143,0.5529658935843049,0.0,0.0
-0.019455534422288864,0.6063232856208881,0.5550144036841027,0.0,0.0
-0.019658521633786317,0.6089231310722041,0.5599082898886926,0.0,0.0
-0.019856790894456317,0.6114862795560778,0.5619782808433945,0.0,0.0
-0.02005029462062801,0.6140107454687591,0.5640473941008411,0.0,0.0
-0.020238986372336027,0.6164945954452679,0.566114999482017,0.0,0.0
-0.020422820864465598,0.6189359483592763,0.5681795256914224,0.0,0.0
-0.020601753977621227,0.6213329752879441,0.5702428250423275,0.0,0.0
-0.020775742768714477,0.6236838994460038,0.5723023655564022,0.0,0.0
-0.020944745481270784,0.6259869960930134,0.5743611540623758,0.0,0.0
-0.02110872155545035,0.6282405924174361,0.5766018771447823,0.0,0.0
-0.0212676316377825,0.6304430674008898,0.5810615459875312,0.0,0.0
-0.021421437590610302,0.6325928516656253,0.583131656972967,0.0,0.0
-0.021570102501243277,0.6346884273080756,0.5853575950637461,0.0,0.0
-0.02171359069081661,0.6367283277210294,0.5874231621611322,0.0,0.0
-0.021851867722853493,0.6387111374067844,0.5896216188894539,0.0,0.0
-0.021984900411529954,0.6406354917834253,0.5916813142190547,0.0,0.0
-0.022112656829639518,0.6425000769861632,0.5937361613977705,0.0,0.0
-0.02223510631625485,0.6443036296655035,0.5959063520150039,0.0,0.0
-0.022352219484087086,0.6460449367838378,0.5979527521120597,0.0,0.0
-0.022463968226537998,0.6477228354119061,0.6012265436016281,0.0,0.0
-0.022570325724445946,0.6493362125264168,0.6047300859551069,0.0,0.0
-0.0226712664525218,0.650884004810007,0.6068129451846297,0.0,0.0
-0.02276676618547552,0.6523651984545873,0.608891471146408,0.0,0.0
-0.02285680200382959,0.6537788289690024,0.6109667444059405,0.0,0.0
-0.022941352299419758,0.6551239809918606,0.6133990348855047,0.0,0.0
-0.023020396780580973,0.6563997881102713,0.615995537280871,0.0,0.0
-0.023093916477017088,0.6576054326851577,0.6187090091490822,0.0,0.0
-0.023161893744353908,0.6587401456837343,0.6205561841807554,0.0,0.0
-0.023224312268373657,0.659803206519672,0.6225282387164814,0.0,0.0
-0.023281157068930206,0.6607939429014137,0.6246727464997431,0.0,0.0
-0.02333241450354419,0.6617117306890359,0.6264287984013599,0.0,0.0
-0.023378072270677352,0.6625559937600211,0.6285615113546216,0.0,0.0
-0.023418119412684804,0.6633262038842497,0.630687118409741,0.0,0.0
-0.0234525463184446,0.6640218806084699,0.6328060516587065,0.0,0.0
-0.023481344725664734,0.6646425911504946,0.6349178653349882,0.0,0.0
-0.023504507722865668,0.6651879503033168,0.637023277182085,0.0,0.0
-0.02352202975103922,0.6656576203493143,0.6391239698245915,0.0,0.0
-0.023533906604982866,0.6660513109846946,0.6412178555325246,0.0,0.0
-0.023540135434308544,0.6663687792542993,0.6433051620173496,0.0,0.0
-0.02354071474412716,0.6666098294968702,0.6439940148108224,0.0,0.0
-0.023535644395407104,0.6667743133008537,0.6460862000531001,0.0,0.0
-0.023524925605007796,0.666862129470817,0.6482922598519688,0.0,0.0
-0.023508560945387447,0.6668732240045141,0.6504678416069432,0.0,0.0
-0.023486554343985774,0.6668075900806315,0.6525376529278535,0.0,0.0
-0.023458911082281538,0.6666652680572487,0.6545997573590608,0.0,0.0
-0.023425637794524872,0.6664463454809866,0.6566561050326413,0.0,0.0
-0.023386742466145055,0.6661509571068606,0.6587045772486817,0.0,0.0
-0.023342234431834318,0.6657792849287837,0.6607463935909682,0.0,0.0
-0.023292124373306987,0.6653315582207046,0.6608034777949171,0.0,0.0
-0.023236424316736847,0.664808053588298,0.6628523077776062,0.0,0.0
-0.023175147629869948,0.6642090950311479,0.665005681901936,0.0,0.0
-0.02310830901881711,0.6635350540153154,0.6645212259263231,0.0,0.0
-0.023035924524524,0.6627863495561885,0.6666564405466703,0.0,0.0
-0.022958011518921913,0.6619634483114658,0.6686959953940659,0.0,0.0
-0.022874588700758237,0.6610668646841077,0.6707258904605368,0.0,0.0
-0.02278567609110876,0.6600971609350811,0.6727473467909932,0.0,0.0
-0.022691295028573075,0.6590549473056486,0.6747628228936245,0.0,0.0
-0.022591468164153063,0.6579408821489631,0.6738165330672036,0.0,0.0
-0.02248621945581707,0.656755672070662,0.6758422637658976,0.0,0.0
-0.02237557416274996,0.6555000720781183,0.6778591618374407,0.0,0.0
-0.022259558839290795,0.6541748857379678,0.6798701720210311,0.0,0.0
-0.022138201328560404,0.6527809653414551,0.6818713315990496,0.0,0.0
-0.0220115307557788,0.6513192120771089,0.6838642226951434,0.0,0.0
-0.021879577521275357,0.6497905762101648,0.6859751866538385,0.0,0.0
-0.021742373293193056,0.6481960572681082,0.6880565293188129,0.0,0.0
-0.021599950999887922,0.6465367042315898,0.6900242831181138,0.0,0.0
-0.021452344822026854,0.6448136157299343,0.6919835691511421,0.0,0.0
-0.021299590184383793,0.6430279402402997,0.6940230380024626,0.0,0.0
-0.021141723747338713,0.6411808762894954,0.6959646014928227,0.0,0.0
-0.020978783398078592,0.6392736726573144,0.6974522369352664,0.0,0.0
-0.020810808241505115,0.6373076285801198,0.6993798413139235,0.0,0.0
-0.020637838590849663,0.6352840939532882,0.7012996199058568,0.0,0.0
-0.020459915957998023,0.6332044695309639,0.700464138701827,0.0,0.0
-0.02027708304352799,0.6310702071213966,0.6997969079911784,0.0,0.0
-0.020089383726461442,0.6288828097759924,0.7017522730635466,0.0,0.0
-0.019896863053733477,0.6266438319699738,0.703698706266996,0.0,0.0
-0.019699567229381397,0.6243548797723846,0.7056360580121425,0.0,0.0
-0.019497543603456086,0.6220176110029068,0.7075625132415281,0.0,0.0
-0.019290840660657838,0.6196337353727698,0.7094791600195377,0.0,0.0
-0.0190795080087008,0.6172050146067396,0.7113881943505278,0.0,0.0
-0.018863596366407102,0.6147332625429225,0.7132902824389495,0.0,0.0
-0.0186431575515344,0.6122203452068345,0.7124555075813482,0.0,0.0
-0.018418244468340034,0.6096681808558825,0.7143701772225659,0.0,0.0
-0.018188911094884415,0.607078739990071,0.7162755414784305,0.0,0.0
-0.017955212470076455,0.6044540453244344,0.7183612036388538,0.0,0.0
-0.0177172046804641,0.601796171718319,0.7202530046649775,0.0,0.0
-0.01747494484677442,0.5991072460562926,0.722135553016301,0.0,0.0
-0.01722849111020469,0.5963894470750545,0.7210891525787498,0.0,0.0
-0.016977902618468595,0.5936450051303457,0.7201980178474344,0.0,0.0
-0.016723239511601408,0.5908762018974316,0.7221170190291503,0.0,0.0
-0.016464562907526226,0.5880853699983487,0.7234841262655354,0.0,0.0
-0.016201934887386235,0.5852748925486378,0.7253855174683963,0.0,0.0
-0.015935418480645804,0.5824472026159176,0.7272781024184491,0.0,0.0
-0.0156650776499631,0.5796047825821872,0.7291632225316969,0.0,0.0
-0.015390977275839907,0.5767501634013735,0.7310390556132381,0.0,0.0
-0.015113183141050167,0.5738859237432026,0.7329061614995419,0.0,0.0
-0.014831761914852765,0.5710146890141127,0.7347654650531105,0.0,0.0
-0.014546781136991222,0.5681391302455803,0.7336626370924464,0.0,0.0
-0.014258309201484222,0.5652619628398708,0.7326687031206612,0.0,0.0
-0.013966415340211476,0.562385945162998,0.7345591616487998,0.0,0.0
-0.0136711696062986,0.5595138769744025,0.7364412548333019,0.0,0.0
-0.013372642857304563,0.556648597682727,0.7383142987174235,0.0,0.0
-0.01307090673821604,0.5537929844169783,0.7401775430929449,0.0,0.0
-0.012766033664253327,0.5509499499023439,0.7420306185269744,0.0,0.0
-0.012458096803490578,0.5481224401300602,0.7438745463491,0.0,0.0
-0.012147170059296374,0.5453134318109321,0.7457082843446223,0.0,0.0
-0.011833328052596702,0.5425259296024554,0.746989790611638,0.0,0.0
-0.011516646103966747,0.5397629630999742,0.7488029747151916,0.0,0.0
-0.011197200215553984,0.537027583582975,0.7472130317937714,0.0,0.0
-0.010875067052838269,0.5343228605084132,0.7456036572363862,0.0,0.0
-0.010550323926232352,0.5316518777439921,0.7474441319904153,0.0,0.0
-0.010223048772527797,0.5290177295355172,0.7492755671715409,0.0,0.0
-0.009893320136190488,0.5264235162038569,0.7510969459025503,0.0,0.0
-0.009561217150510377,0.5238723395686693,0.752908582313269,0.0,0.0
-0.009226819518609906,0.5213672980979223,0.7547116295850281,0.0,0.0
-0.008890207494315527,0.5189114817842911,0.7569249326117875,0.0,0.0
-0.00855146186289729,0.5165079667518478,0.7587076595582772,0.0,0.0
-0.008210663921680688,0.5141598095989645,0.7604803024473225,0.0,0.0
-0.007867895460535655,0.5118700414860824,0.7622431698923119,0.0,0.0
-0.007523238742247609,0.5096416619799443,0.7639960296397009,0.0,0.0
-0.007176776482774519,0.5074776326689566,0.7622368608485778,0.0,0.0
-0.006828591831395481,0.5053808705676135,0.7639972019294514,0.0,0.0
-0.006478768350755508,0.5033542413312353,0.7657498031092812,0.0,0.0
-0.006127389996810811,0.5014005523057053,0.7674929644784116,0.0,0.0
-0.00577454109867956,0.4995225454403144,0.7692261187554428,0.0,0.0
-0.005420306338403576,0.49772289009520926,0.7709496698447498,0.0,0.0
-0.005064770730625028,0.4960041757782501,0.7726628427619466,0.0,0.0
-0.004708019602183017,0.49436890484922635,0.7743658888725578,0.0,0.0
-0.004350138571635965,0.49281948523228214,0.7760587109244879,0.0,0.0
-0.003991213528713281,0.49135822318004707,0.7777442758693567,0.0,0.0
-0.003631330613702356,0.4899873161351984,0.7794195827017686,0.0,0.0
-0.003270576196775317,0.48870884573704215,0.7810834073045703,0.0,0.0
-0.002909036857260519,0.48752477102198655,0.7789304292541773,0.0,0.0
-0.0025467993628639717,0.48643692186759946,0.7805978011352059,0.0,0.0
-0.002183950648845504,0.4854469927300867,0.7785252872996716,0.0,0.0
-0.001820577797154836,0.4845565367245481,0.7801948722283115,0.0,0.0
-0.001456768015531981,0.4837669600962339,0.7777882135503206,0.0,0.0
-0.0010926086165782645,0.4830795171291509,0.7752983702901531,0.0,0.0
-0.0007281869968013521,0.4824953055358465,0.7775154196003932,0.0,0.0
-0.0003635906156407118,0.4820152623689651,0.7791847542818469,0.0,0.0
1.0930255222905139e-06,0.48164016049130765,0.7808450041252145,0.0,0.0
0.00036577640436434876,0.48137060563663536,0.7824956831076746,0.0,0.0
0.0007303719986250836,0.4812070340884559,0.7841356478295795,0.0,0.0
0.0010947923071120136,0.48114971099854786,0.7857656904739146,0.0,0.0
0.0014589498707003718,0.4811987293610916,0.7873845630156919,0.0,0.0
0.001822757293322938,0.4813540096521736,0.7889926966908785,0.0,0.0
0.0021861272629446152,0.4816153001380882,0.7905869140140878,0.0,0.0
0.0025489725725169467,0.481982177849504,0.7878961630371434,0.0,0.0
0.002911206140907374,0.48245405021223053,0.7852640065465493,0.0,0.0
0.0032727410337982424,0.4830301573191716,0.782384546467196,0.0,0.0
0.003633490484550726,0.48370957482216836,0.7839854980450165,0.0,0.0
0.0039933679150283025,0.4844912174168961,0.7855750153673933,0.0,0.0
0.004352286956375136,0.4853738428889564,0.7871535570394678,0.0,0.0
0.004710161469744179,0.48635605668475324,0.788720033459219,0.0,0.0
0.005066905566970098,0.4874363169668449,0.7855446547491608,0.0,0.0
0.005422433631181995,0.4886129401101703,0.7876593878459942,0.0,0.0
0.005776660337351062,0.48988410659296716,0.789205193697882,0.0,0.0
0.006129500672768177,0.49124786723428915,0.7907398791716428,0.0,0.0
0.0064808699574465415,0.49270214972882403,0.792264386121651,0.0,0.0
0.006830683864444465,0.4942447654291846,0.7937787863179891,0.0,0.0
0.007178858440103443,0.4958734163259648,0.7952806587967083,0.0,0.0
0.007525310124196653,0.49758570217657777,0.7967712631394496,0.0,0.0
0.00786995576998289,0.49937912773519105,0.7982500810591868,0.0,0.0
0.008212712664161593,0.5012511100378605,0.7997194373147618,0.0,0.0
0.0085534985467234,0.5031989856991782,0.7966816877515079,0.0,0.0
0.008892231630692379,0.505220018179371,0.7981423889197972,0.0,0.0
0.009228830621754346,0.5073114049836606,0.8001181243858596,0.0,0.0
0.009563214737767209,0.5094702847588275,0.8015556292457491,0.0,0.0
0.009895303728148168,0.511693744255225,0.798624639418281,0.0,0.0
0.010225017893133691,0.513978825125858,0.8000568013793021,0.0,0.0
0.010552278102906846,0.5163225305375858,0.8019634549209534,0.0,0.0
0.01087700581658819,0.5187218315729227,0.803368962652771,0.0,0.0
0.01119912310108521,0.5211736734042512,0.8047618752586286,0.0,0.0
0.011518552649795826,0.5236749812255312,0.8061421080756465,0.0,0.0
0.011835217801161759,0.5262226659296699,0.8075109818073285,0.0,0.0
0.012149042557066612,0.5288136295226875,0.8088685592883815,0.0,0.0
0.01245995160107548,0.5314447702685356,0.810214083440193,0.0,0.0
0.012767870316510183,0.5341129875609781,0.8074683081888321,0.0,0.0
0.013072724804357044,0.5368151865212716,0.8088082783789683,0.0,0.0
0.013374441901002463,0.5395482823224664,0.810138224151601,0.0,0.0
0.013672949195791432,0.5423092042430326,0.811457181573045,0.0,0.0
0.013968175048406153,0.545094899454152,0.8127643992178157,0.0,0.0
0.014260048606059124,0.5479023365464641,0.8100246011908122,0.0,0.0
0.014548499820497541,0.5507285088032525,0.811326483258211,0.0,0.0
0.014833459464814567,0.5535704372280983,0.8126161967259231,0.0,0.0
0.015114859150063463,0.556425173335854,0.8138956713472958,0.0,0.0
0.015392631341670493,0.5592898017164465,0.8112230814971323,0.0,0.0
0.015666709375643083,0.5621614423815406,0.8124948145883145,0.0,0.0
0.01593702747456865,0.5650372529044235,0.813756276954499,0.0,0.0
0.016203520763401005,0.567914430363719,0.8150081520103988,0.0,0.0
0.016466125285030234,0.570790213101645,0.8162494339797054,0.0,0.0
0.016724778015631464,0.5736618823075292,0.8174798433744667,0.0,0.0
0.016979416879791074,0.5765267634372274,0.8187006941429384,0.0,0.0
0.017229980765403975,0.5793822274789334,0.8199115933765305,0.0,0.0
0.01747640953834027,0.582225692075628,0.821111786267497,0.0,0.0
0.01771864405687748,0.5850546225141666,0.8223010970283519,0.0,0.0
0.0179566261858939,0.5878665325906731,0.8234801686212626,0.0,0.0
0.01819029881082094,0.5906589853615501,0.8246490515943204,0.0,0.0
0.018419605851350225,0.5934295937890404,0.8258071480364096,0.0,0.0
0.018644492274892815,0.5961760212898825,0.8269546699478159,0.0,0.0
0.01886490410978648,0.5988959821951749,0.8280927784179548,0.0,0.0
0.01908078845824896,0.6015872421291574,0.8296088093091306,0.0,0.0
0.019292093509072808,0.6042476183141924,0.8310779683582445,0.0,0.0
0.019498768550060257,0.6068749798088126,0.8321854847203509,0.0,0.0
0.019700763980193443,0.6094672476852666,0.8332832823663157,0.0,0.0
0.01989803132153887,0.6120223951526298,0.8343710835299555,0.0,0.0
0.020090523230881358,0.6145384476311005,0.8354494206143334,0.0,0.0
0.020278193511086843,0.6170134827827622,0.8368112267888376,0.0,0.0
0.020460997122188834,0.6194456305036968,0.8378697558415726,0.0,0.0
0.02063889019219816,0.6218330728819859,0.8389191418527547,0.0,0.0
0.020811830027631956,0.6241740441258129,0.8399593395199564,0.0,0.0
0.020979775123759866,0.626466830465535,0.8409904714668758,0.0,0.0
0.021142685174564982,0.6287097700333059,0.8420133273240051,0.0,0.0
0.02130052108241714,0.6309012527235366,0.8432609567105694,0.0,0.0
0.02145324496745606,0.6330397200372114,0.8442671768404284,0.0,0.0
0.021600820176682446,0.6351236649128292,0.8452638682771351,0.0,0.0
0.021743211292754545,0.6371516315464806,0.8462514718244213,0.0,0.0
0.021880384142487885,0.639122215203384,0.8474109347885938,0.0,0.0
0.02201230580505709,0.641034062022963,0.8483812427223746,0.0,0.0
0.022138944619896322,0.6428858688193743,0.8493428898885534,0.0,0.0
0.02226027019429788,0.6446763828792168,0.8502957213349122,0.0,0.0
0.02237625341070647,0.6464044017579843,0.8512415916823459,0.0,0.0
0.022486866433706766,0.6480687730766616,0.8521800150467415,0.0,0.0
0.022592082716704168,0.6496683943197504,0.8532303802070593,0.0,0.0
0.022691877008295915,0.65120221263586,0.8509343592607902,0.0,0.0
0.022786225358330997,0.6526692246418843,0.8518604173646377,0.0,0.0
0.022875105123658337,0.654068476231692,0.8527782496622036,0.0,0.0
0.022958494973560867,0.6553990623901425,0.8536876083351748,0.0,0.0
0.023036374894874867,0.6566601270131541,0.854655654463115,0.0,0.0
0.023108726196793085,0.6578508627344876,0.8555493481977002,0.0,0.0
0.02317553151535051,0.6589705107598035,0.8564343557862297,0.0,0.0
0.02323677481759119,0.660018360708509,0.8573112113415284,0.0,0.0
0.023292441405416562,0.6609937504638472,0.8581798593071616,0.0,0.0
0.02334251791911287,0.6618960660316128,0.8590416256246547,0.0,0.0
0.023386992340557106,0.6627247414078431,0.8598957967675896,0.0,0.0
0.023425853996101656,0.6634792584557907,0.8576101836591556,0.0,0.0
0.023459093559135814,0.6641591467924268,0.8584590084134475,0.0,0.0
0.02348670305232385,0.6647639836847213,0.8593002954592978,0.0,0.0
0.023508675849520017,0.665293393955866,0.8569787720967862,0.0,0.0
0.023525006677358434,0.6657470499016352,0.857813904997338,0.0,0.0
0.023535691616518875,0.666124671217006,0.8586415862484881,0.0,0.0
0.02354072810266715,0.6664260249331652,0.8594629712904908,0.0,0.0
0.02354011492707084,0.6666509253649865,0.860277717851419,0.0,0.0
0.023533852236888992,0.6667992340690794,0.8610864166921972,0.0,0.0
0.02352194153513745,0.6668708598124445,0.8618520852107152,0.0,0.0
0.02350438568032729,0.6668657585517894,0.8595467237465118,0.0,0.0
0.023481188885779353,0.6667839334235438,0.8603434603584239,0.0,0.0
0.02345235671861306,0.6666254347445645,0.861133508722068,0.0,0.0
0.02341789609841014,0.6663903600235531,0.8619168863839799,0.0,0.0
0.02337781529555399,0.6660788539831564,0.8626941764289245,0.0,0.0
0.023332123929244906,0.6656911085927223,0.8634655625692312,0.0,0.0
0.023280832965191504,0.6652273631116624,0.8642302844111206,0.0,0.0
0.023223954712979004,0.6646879041433728,0.8649888826255583,0.0,0.0
0.023161502823114775,0.664073065699611,0.8657415294768781,0.0,0.0
0.02309349228375263,0.6633832292752503,0.8664886484020657,0.0,0.0
0.02301993941709561,0.6626188239332758,0.8642204913935039,0.0,0.0
0.022940861875478696,0.6617803263998857,0.8649639643882877,0.0,0.0
0.02285627863713217,0.6608682611695361,0.8627285637322609,0.0,0.0
0.022766210001627287,0.6598832006197083,0.8604290675790833,0.0,0.0
0.02267067758500419,0.6588257651351894,0.8581663726508291,0.0,0.0
0.022569704314584355,0.6576966232415951,0.8559403292606321,0.0,0.0
0.022463314423467932,0.6564964917478171,0.8566871184208835,0.0,0.0
0.022351533444718123,0.6552261358970585,0.8574290270988145,0.0,0.0
0.02223438820523326,0.6538863695260461,0.8581660040157679,0.0,0.0
0.022111906819308445,0.6524780552319721,0.8588967362195953,0.0,0.0
0.021984118681888456,0.65100210454664,0.8596219321229492,0.0,0.0
0.021851054461512875,0.6494594781172371,0.8603428446594128,0.0,0.0
0.02171274609295576,0.6478511858930718,0.8610587503937086,0.0,0.0
0.021569226769561755,0.6461782873175337,0.8617704810289135,0.0,0.0
0.021420530935279458,0.6444418915244465,0.8624770751463838,0.0,0.0
0.02126669427639546,0.6426431575378837,0.8631782037624401,0.0,0.0
0.02110775371296924,0.640783294474397,0.8609354219582303,0.0,0.0
0.0209437473899733,0.638863561746516,0.8614118125064268,0.0,0.0
0.020774714668137843,0.6368852692662172,0.8591537617885577,0.0,0.0
0.020600696114504588,0.6348497776469293,0.8569386296324881,0.0,0.0
0.020421733492691208,0.6327584984025048,0.8576362883657067,0.0,0.0
0.020237869752867895,0.6306128941413968,0.8583295235570584,0.0,0.0
0.02004914902144955,0.6284144787541166,0.8587330937170011,0.0,0.0
0.01985561659050588,0.6261648175918438,0.8594183485326613,0.0,0.0
0.01965731890689134,0.623865527633862,0.8600984813634438,0.0,0.0
0.019454303561098032,0.6215182776412576,0.8578981381305151,0.0,0.0
0.019246619275834514,0.6191247882940923,0.8585750787071286,0.0,0.0
0.019034315894332274,0.6166868323089926,0.8592476864701714,0.0,0.0
0.018817444368383843,0.614206234533825,0.8599154723020331,0.0,0.0
0.018596056746114316,0.6116848720158544,0.8605779229559477,0.0,0.0
0.018370206159490504,0.6091246740394534,0.8612358343819,0.0,0.0
0.018139946811568875,0.6065276221291194,0.861888903477932,0.0,0.0
0.017905333963487827,0.6038957500132159,0.8625377461864117,0.0,0.0
0.0176664239212046,0.6012311435434945,0.863182261049066,0.0,0.0
0.01742327402198254,0.598535940565085,0.8638224671336623,0.0,0.0
0.01717594262063036,0.5958123307312554,0.8644587674436254,0.0,0.0
0.016924489075497085,0.5930625552568533,0.8650907688516783,0.0,0.0
0.01666897373422652,0.5902889066039094,0.8630285017750787,0.0,0.0
0.016409457919274034,0.5874937280925114,0.8636583812408554,0.0,0.0
0.016146003913189554,0.58467941342958,0.8642839158639654,0.0,0.0
0.015878674943669856,0.5818484061478101,0.8649038131451047,0.0,0.0
0.015607535168384425,0.5790031989465914,0.8655195277380773,0.0,0.0
0.015332649659577861,0.5761463329263078,0.8661311920088515,0.0,0.0
0.015054084388452644,0.5732803967070469,0.8667388652494975,0.0,0.0
0.014771906209336804,0.5704080254223441,0.8673424939106149,0.0,0.0
0.014486182843638689,0.5675318995782512,0.8679423472527167,0.0,0.0
0.014196982863594618,0.564654743767703,0.8685386627215967,0.0,0.0
0.01390437567581164,0.5617793252298882,0.8691312498746703,0.0,0.0
0.01360843150461013,0.558908452244116,0.8697200507409334,0.0,0.0
0.013309221375170693,0.5560449723475175,0.8704597381094274,0.0,0.0
0.013006817096488116,0.553191770365865,0.8711363640472031,0.0,0.0
0.012701291244137665,0.5503517662468035,0.8717123998196277,0.0,0.0
0.012392717142857248,0.5475279126849064,0.8722844542791189,0.0,0.0
0.012081168848950084,0.5447231925282331,0.8728522763058911,0.0,0.0
0.011766721132511156,0.5419406159564278,0.873416131191921,0.0,0.0
0.011449449459482956,0.5391832174209087,0.8739763549088013,0.0,0.0
0.011129429973544113,0.5364540523384106,0.8745330442499007,0.0,0.0
0.010806739477835121,0.5337561935299788,0.8750858647595057,0.0,0.0
0.010481455416525901,0.5310927273985676,0.8756352349515844,0.0,0.0
0.010153655856229803,0.5284667498396379,0.8757938020346794,0.0,0.0
0.009823419467267742,0.5258813618806324,0.876336999217468,0.0,0.0
0.009490825504787932,0.5233396650468346,0.8768765890847244,0.0,0.0
0.009155953789744804,0.5208447564530816,0.8774123758445981,0.0,0.0
0.008818884689742524,0.518399723622869,0.877945320048526,0.0,0.0
0.008479699099747124,0.5160076390387827,0.8784745375136689,0.0,0.0
0.008138478422672018,0.5136715544307316,0.8789998605829646,0.0,0.0
0.007795304549841855,0.5113944948112538,0.8795215660541721,0.0,0.0
0.007450259841338702,0.5091794522701093,0.8800396240163367,0.0,0.0
0.00710342710623638,0.5070293795435193,0.8801322672132064,0.0,0.0
0.006754889582726422,0.504947183376667,0.8806449020667289,0.0,0.0
0.006404730918141471,0.5029357177014434,0.8811540922341361,0.0,0.0
0.006053035148880172,0.5009977766548325,0.8816589788406582,0.0,0.0
0.005699886680238923,0.49913608746677546,0.8821603759570557,0.0,0.0
0.005345370266155013,0.49735330324971627,0.8826584171403618,0.0,0.0
0.004989570988866149,0.49565199572530355,0.8831532220424247,0.0,0.0
0.004632574238490893,0.4940346479268481,0.8836443566938642,0.0,0.0
0.0042744656925357075,0.4925036469189584,0.8841321117454553,0.0,0.0
0.003915331295332682,0.49106127657835996,0.8846164336922621,0.0,0.0
0.0035552572374131564,0.48970971048205075,0.8850972212799811,0.0,0.0
0.003194329934822638,0.488451004950702,0.8855742181974676,0.0,0.0
0.0028326360083812193,0.48728709229639383,0.8860474646316534,0.0,0.0
0.002470262262895063,0.48621977432445845,0.8865170175006611,0.0,0.0
0.0021072956663236156,0.48525071613922777,0.8869834017663648,0.0,0.0
0.0017438233289077526,0.4843814403028527,0.8874468203695551,0.0,0.0
0.0013799324822637144,0.4836133213950855,0.8879078021925213,0.0,0.0
0.0010157104584479202,0.48294758101989327,0.8883655665174897,0.0,0.0
0.0006512446689977713,0.48238528330211494,0.8888195773558328,0.0,0.0
0.00028662258395324903,0.4819273309139808,0.8892702072583558,0.0,0.0
-7.80682891355089e-05,0.481574461667332,0.8897173518095595,0.0,0.0
-0.0004427404262095531,0.4813272457027735,0.8897427881786301,0.0,0.0
-0.0008073063077064628,0.4811860833018668,0.8897197820456723,0.0,0.0
-0.0011716784395646935,0.48115120334290995,0.8901614400350265,0.0,0.0
-0.0015357693742216376,0.4812226624149066,0.8885775616297686,0.0,0.0
-0.0018994917316006782,0.4814003445981578,0.8885141976471362,0.0,0.0
-0.002262758220081994,0.48168396191356583,0.88895347664627,0.0,0.0
-0.0026254816574520913,0.48207305543636186,0.8893889495056962,0.0,0.0
-0.002987574991827154,0.4825669970637005,0.8892828649447351,0.0,0.0
-0.0033489513225450364,0.4831649919194089,0.8897136023121373,0.0,0.0
-0.0037095239210210565,0.4838660813734163,0.890140520269341,0.0,0.0
-0.004069206251562382,0.4846691466479135,0.8905643455270037,0.0,0.0
-0.004427911992136238,0.485572912977385,0.8909845212406059,0.0,0.0
-0.004785555055086739,0.48657595428521316,0.8914014459047418,0.0,0.0
-0.0051420496077955345,0.48767669833581095,0.8898777619146255,0.0,0.0
-0.005497310093281216,0.48887343231807934,0.8902933630863519,0.0,0.0
-0.005851251250732577,0.49016430881353146,0.8907054396472873,0.0,0.0
-0.006203788135970847,0.4915473521006918,0.8892207483277401,0.0,0.0
-0.006554836141835757,0.4930204647463057,0.889631358911896,0.0,0.0
-0.006904311018491054,0.4945814344334909,0.8900385068102862,0.0,0.0
-0.007252128893643875,0.49622794097724027,0.8904424527424679,0.0,0.0
-0.007598206292673728,0.497957563478516,0.8903120303245973,0.0,0.0
-0.00794246015866616,0.4997677875695894,0.8901357525698191,0.0,0.0
-0.008284807872345758,0.5016560127051554,0.8905354771072086,0.0,0.0
-0.008625167271904589,0.5036195594560746,0.8909312000070988,0.0,0.0
-0.008963456672720584,0.5056556767652486,0.8908166684650275,0.0,0.0
-0.009299594886961369,0.5077615491280938,0.8906500144237985,0.0,0.0
-0.009633501243069036,0.5099343036632402,0.8910406241648194,0.0,0.0
-0.00996509560512096,0.5121710170424,0.8907861200037381,0.0,0.0
-0.010294298392061987,0.5144687222517548,0.8904798893655879,0.0,0.0
-0.010621030596803447,0.5168244151606386,0.8900998633779142,0.0,0.0
-0.01094521380518462,0.5192350608767073,0.8904867288449175,0.0,0.0
-0.011266770214791583,0.5216975998700999,0.8908700933795204,0.0,0.0
-0.011585622653629604,0.5242089538523504,0.8895575972441442,0.0,0.0
-0.011901694598643906,0.5267660313988499,0.8893939319678118,0.0,0.0
-0.012214910194084891,0.5293657333065783,0.8881343412359074,0.0,0.0
-0.012525194269713186,0.5320049576815384,0.8885194541656527,0.0,0.0
-0.01283247235883998,0.5346806047527914,0.888901366375219,0.0,0.0
-0.013136670716198937,0.5373895814123021,0.8892803937238376,0.0,0.0
-0.0134377163356445,0.5401288054818243,0.8891172216537983,0.0,0.0
-0.013735536967673061,0.5428952097098997,0.8894926919618642,0.0,0.0
-0.01403006113676252,0.5456857455036367,0.8898644042253563,0.0,0.0
-0.014321218158526135,0.5484973864013127,0.8902331140920363,0.0,0.0
-0.014608938156676214,0.5513271312930409,0.8896230923219225,0.0,0.0
-0.014893152079794324,0.5541720073977077,0.8899892359817588,0.0,0.0
-0.015173791717903262,0.557029073005184,0.8903521249911615,0.0,0.0
-0.01545078971883694,0.5598954199934549,0.8907118451234751,0.0,0.0
-0.015724079604404785,0.5627681761307602,0.8910684671065922,0.0,0.0
-0.015993595786346126,0.5656445071731877,0.8900683123443484,0.0,0.0
-0.01625927358207103,0.5685216187683517,0.8904269184640592,0.0,0.0
-0.016521049230183826,0.5713967581758755,0.8907825486949312,0.0,0.0
-0.016778859905785558,0.5742672158153915,0.8906897831466136,0.0,0.0
-0.017032643735551554,0.5771303266526706,0.8897484563654214,0.0,0.0
-0.01728233981258101,0.5799834714343264,0.8901059315076211,0.0,0.0
-0.017527888211013823,0.5828240777812971,0.8904610478285434,0.0,0.0
-0.017769230000413274,0.5856496211510327,0.8908136854912515,0.0,0.0
-0.018006307259908233,0.5884576256779789,0.8911635508966224,0.0,0.0
-0.018239063092094564,0.5912456649016034,0.8915107668403864,0.0,0.0
-0.018467441636689695,0.594011362390808,0.8918557033111832,0.0,0.0
-0.018691388083939314,0.5967523922731754,0.8921981815789716,0.0,0.0
-0.01891084868777096,0.5994664796770988,0.89253819280322,0.0,0.0
-0.019125770778693124,0.6021514010943901,0.8928754278341591,0.0,0.0
-0.019336102776435833,0.6048049846705801,0.8932101522440816,0.0,0.0
-0.01954179420232912,0.6074251104296667,0.8935428796765539,0.0,0.0
-0.019742795691418225,0.610009710439691,0.8926668004761417,0.0,0.0
-0.01993905900431048,0.6125567689250794,0.8930000320696777,0.0,0.0
-0.02013053703875302,0.6150643223313308,0.893331260491844,0.0,0.0
-0.02031718384093661,0.6175304593472232,0.8936606326856494,0.0,0.0
-0.020498954616524834,0.6199533208893646,0.8939881145418123,0.0,0.0
-0.0206758057414039,0.62233110005354,0.8943131287087573,0.0,0.0
-0.02084769477215282,0.62466204203701,0.8936197675325827,0.0,0.0
-0.02101458045622934,0.6269444440355573,0.8937303719901147,0.0,0.0
-0.021176422741870333,0.6291766551187958,0.8938201507167582,0.0,0.0
-0.021333182787704214,0.6313570760869873,0.8941467590861689,0.0,0.0
-0.02148482297207237,0.63348415931231,0.8944718674145377,0.0,0.0
-0.02163130690205844,0.6355564085673016,0.8947949377083003,0.0,0.0
-0.021772599422222396,0.6375723788429539,0.8949071670906084,0.0,0.0
-0.021908666623037677,0.639530676158715,0.8942950182349628,0.0,0.0
-0.022039475849029235,0.6414299573664536,0.8946218553406826,0.0,0.0
-0.022164995706610645,0.6432689299502564,0.8949470402041583,0.0,0.0
-0.022285196071618763,0.6450463518237448,0.8945011046397903,0.0,0.0
-0.022400048096542845,0.6467610311264452,0.8946595637222008,0.0,0.0
-0.02250952421744827,0.6484118260205864,0.8949889173471698,0.0,0.0
-0.02261359816059152,0.649997644489578,0.895316620698351,0.0,0.0
-0.02271224494872588,0.651517444139271,0.8956422971606796,0.0,0.0
-0.022805440907095638,0.6529702320030215,0.895966449018179,0.0,0.0
-0.02289316366911812,0.6543550643514328,0.8957248399233506,0.0,0.0
-0.022975392181751597,0.6556710465075941,0.8960552852728119,0.0,0.0
-0.023052106710547738,0.6569173326685187,0.896383751475257,0.0,0.0
-0.023123288844387843,0.6580931257334086,0.8967105705572417,0.0,0.0
-0.02318892149990155,0.6591976771393216,0.8970358041968969,0.0,0.0
-0.023248988925566524,0.6602302867047242,0.8973595372275177,0.0,0.0
-0.023303476705488966,0.661190302481363,0.8973278104308333,0.0,0.0
-0.02335237176286323,0.6620771206148548,0.8976580025558326,0.0,0.0
-0.02339566236311027,0.6628901852143098,0.8979864688044996,0.0,0.0
-0.023433338116693854,0.6636289882312972,0.8983334396483003,0.0,0.0
-0.02346538998161393,0.6642930693483926,0.8986589854864353,0.0,0.0
-0.023491810265576802,0.6648820158775388,0.8988255797843121,0.0,0.0
-0.023512592627841097,0.6653954626684044,0.8991569230042373,0.0,0.0
-0.023527732080739685,0.6658330920268889,0.8994869672747219,0.0,0.0
-0.02353722499087647,0.666194633643934,0.8983758588950059,0.0,0.0
-0.023541069079998683,0.6664798645347269,0.8987081428171928,0.0,0.0
-0.023539263425543386,0.666688608988411,0.8990384849725555,0.0,0.0
-0.023531808460858932,0.6668207385283579,0.8993679038633514,0.0,0.0
-0.02351870597510106,0.6668761718830795,0.8996960122281048,0.0,0.0
-0.02349995911280342,0.6668548749677968,0.900022972724483,0.0,0.0
-0.023475572373123126,0.6667568608767072,0.900348902667898,0.0,0.0
-0.023445551608760478,0.6665821898859582,0.9006739853562618,0.0,0.0
-0.02340990402455485,0.6663309694673171,0.9010485034409194,0.0,0.0
-0.023368638175755452,0.6660033543125219,0.9013800044090591,0.0,0.0
-0.023321763965967808,0.6655995463682819,0.9017105400339397,0.0,0.0
-0.023269292644777187,0.66511979488188,0.9020397449692495,0.0,0.0
-0.023211236805049024,0.6645643964572985,0.9023677218257262,0.0,0.0
-0.023147610379905932,0.6639336951218026,0.9012344413006378,0.0,0.0
-0.02307842863938477,0.663228082402861,0.9015657259264735,0.0,0.0
-0.02300370818677108,0.6624479974152926,0.9018963817196771,0.0,0.0
-0.022923466954614634,0.6615939269584821,0.9022259438170374,0.0,0.0
-0.022837724200426287,0.6606664056234879,0.9025545013569088,0.0,0.0
-0.022746500502055223,0.6596660159098449,0.902882117310196,0.0,0.0
-0.02264981775275129,0.6585933883518166,0.9032091166904407,0.0,0.0
-0.022547699155910216,0.6574492016538255,0.9035354743724264,0.0,0.0
-0.022440169219505007,0.6562341828347493,0.9038609192932088,0.0,0.0
-0.022327253750204196,0.6549491073807142,0.9041858260022002,0.0,0.0
-0.022208979847178564,0.6535947994059794,0.9045101682830016,0.0,0.0
-0.02208537589559696,0.6521721318214422,0.904833814841244,0.0,0.0
-0.021956471559814436,0.6506820265102387,0.9051566372942035,0.0,0.0
-0.021822297776252938,0.6491254545098275,0.9054788968822771,0.0,0.0
-0.021682886745976335,0.6475034361998948,0.9058005461470295,0.0,0.0
-0.021538271926962706,0.6458170414953194,0.9061216659212328,0.0,0.0
-0.0213884880260746,0.6440673900433315,0.9064421406851744,0.0,0.0
-0.02123357099072897,0.6422556514239308,0.905407152723638,0.0,0.0
-0.021073558000270887,0.6403830453524822,0.9057308819218068,0.0,0.0
-0.020908487457049926,0.6384508418833241,0.9060537913822349,0.0,0.0
-0.020738398977203993,0.6364603616130471,0.9069814211933351,0.0,0.0
-0.02056333338115189,0.6344129758820028,0.9072998409001684,0.0,0.0
-0.020383332683796267,0.632310106972411,0.9076172031788052,0.0,0.0
-0.020198440084440508,0.630153228301286,0.907934074340787,0.0,0.0
-0.020008699956420913,0.6279438646062091,0.908250310782827,0.0,0.0
-0.019814157836457416,0.6256835921217843,0.9085657945153117,0.0,0.0
-0.01961486041372493,0.6233740387443929,0.9088805596711153,0.0,0.0
-0.01941085551864829,0.6210168841826486,0.9091946202422406,0.0,0.0
-0.01920219211142313,0.6186138600906943,0.9095081045353707,0.0,0.0
-0.018988920270265355,0.6161667501812469,0.9098211610134687,0.0,0.0
-0.018771091179393292,0.613677390314985,0.9101340499690984,0.0,0.0
-0.018548757116743052,0.6111476685626157,0.9104464940901345,0.0,0.0
-0.018321971441422457,0.6085795252356301,0.9107581239632323,0.0,0.0
-0.018090788580904876,0.6059749528814184,0.9110688586367904,0.0,0.0
-0.017855264017967262,0.6033359962381095,0.9113790840368515,0.0,0.0
-0.017615454277373974,0.6006647521440861,0.9118611254646808,0.0,0.0
-0.017371416912311772,0.5979633693968094,0.9121774012658788,0.0,0.0
-0.017123210490576794,0.5952340485551573,0.912493018379984,0.0,0.0
-0.016870894580518887,0.5924790416791008,0.9128077587999491,0.0,0.0
-0.016614529736745168,0.5897006520001286,0.9131214832532394,0.0,0.0
-0.01635417748558764,0.5869012335154117,0.9134344672035708,0.0,0.0
-0.0160899003103368,0.5840831904982863,0.9137469714964895,0.0,0.0
-0.01582176163624614,0.5812489769171973,0.9140588910762537,0.0,0.0
-0.015549825815310349,0.5784010957548397,0.9143700445494961,0.0,0.0
-0.01527415811082108,0.5755420982188283,0.9152260959016262,0.0,0.0
-0.014994824681704141,0.5726745828348215,0.916084004205407,0.0,0.0
-0.014711892566641646,0.5698011944126576,0.9164023921484894,0.0,0.0
-0.0144254296679832,0.5669246228757283,0.9172493269031057,0.0,0.0
-0.014135504735449295,0.5640476019434951,0.9175691744766897,0.0,0.0
-0.013842187349632057,0.5611729076568107,0.9178880703941982,0.0,0.0
-0.013545547905296143,0.558303356735489,0.9182060168863038,0.0,0.0
-0.013245657594484175,0.5554418047574632,0.9185227875574296,0.0,0.0
-0.012942588389431381,0.5525911441487833,0.9188384026667974,0.0,0.0
-0.012636413025292068,0.5497543019737845,0.9191526523340443,0.0,0.0
-0.012327204982683908,0.5469342375148795,0.9194657237888817,0.0,0.0
-0.012015038470052954,0.5441339396317031,0.9197775721780532,0.0,0.0
-0.01169998840586373,0.5413564238897669,0.9200884505204909,0.0,0.0
-0.011382130400619358,0.538604729449292,0.9203979887758086,0.0,0.0
-0.01106154073871529,0.5358819157056489,0.9218189133082907,0.0,0.0
-0.010738296360131542,0.5331910586737082,0.9221259863543432,0.0,0.0
-0.010412474841967292,0.5305352471095096,0.9224319243608736,0.0,0.0
-0.01008415437982288,0.5279175783639247,0.9227366432951707,0.0,0.0
-0.00975341376903333,0.5253411539645235,0.923039953156785,0.0,0.0
-0.009420332385757466,0.5228090749235542,0.9233420014329072,0.0,0.0
-0.009084990167928495,0.5203244367719044,0.9236429026868064,0.0,0.0
-0.008747467596069008,0.5178903243210948,0.9239423078652456,0.0,0.0
-0.008407845673976016,0.5155098061577376,0.924240359556072,0.0,0.0
-0.008066205909280656,0.513185928877518,0.9257667399750756,0.0,0.0
-0.007722630293886396,0.510921711068571,0.9260592074190881,0.0,0.0
-0.007377201284291864,0.5087201370571253,0.9263501661073152,0.0,0.0
-0.007030001781801101,0.5065841504314442,0.9279700917698533,0.0,0.0
-0.006681115112628128,0.504516647363387,0.9294519728592747,0.0,0.0
-0.006330625007898857,0.5025204697502892,0.9297294347350404,0.0,0.0
-0.005978615583555978,0.5005983982032829,0.930004966445159,0.0,0.0
-0.005625171320171579,0.4987531449116187,0.9302789415776891,0.0,0.0
-0.00527037704267234,0.4969873464158784,0.9305512002984095,0.0,0.0
-0.004914317899981741,0.4953035563262587,0.9308219748777777,0.0,0.0
-0.00455707934458486,0.4937042380251031,0.9310909425361868,0.0,0.0
-0.004198747112020222,0.49219175739571236,0.9313582621648847,0.0,0.0
-0.0038394072003035506,0.4907683756219131,0.9316238780521747,0.0,0.0
-0.0034791458492887937,0.48943624210494074,0.9336219003761654,0.0,0.0
-0.003118049519970812,0.488197387545849,0.9338739690646098,0.0,0.0
-0.002756204873735372,0.4870537172427272,0.9341242087542758,0.0,0.0
-0.002393698751560601,0.4860070046525504,0.9343728419930981,0.0,0.0
-0.0020306181531757395,0.48505888526738844,0.9346198732054318,0.0,0.0
-0.0016670502161815525,0.48421085085392546,0.9348651870787555,0.0,0.0
-0.0013030821951377056,0.48346424410380906,0.9351088737864435,0.0,0.0
-0.0009388014406221483,0.48282025374020915,0.9353509897652269,0.0,0.0
-0.0005742953782673071,0.4822799101231136,0.9376109463777738,0.0,0.0
-0.00020965148777851318,0.48184408139241436,0.9378377007111025,0.0,0.0
0.00015504271806092117,0.4815134701836794,0.9380629554721063,0.0,0.0
0.0005196997143921789,0.48128861094682207,0.9382863945347852,0.0,0.0
0.0008842319852865835,0.4811698678926098,0.938508163015817,0.0,0.0
0.0012485520447489276,0.4811574335863603,0.9387287477135895,0.0,0.0
0.0016125724577137422,0.4812513282021185,0.9389478554641114,0.0,0.0
0.0019762058610292895,0.48145139944443094,0.9391652173622824,0.0,0.0
0.0023393649844243142,0.48175732313845887,0.9393808268703687,0.0,0.0
0.0027019626714523907,0.4821686044828039,0.9395950048313378,0.0,0.0
0.0030639119004091902,0.48268457995317177,0.9428069333734874,0.0,0.0
0.003425125805217185,0.4833044198389239,0.9430011052721442,0.0,0.0
0.0037855176962731233,0.48402713138884634,0.9431938178549536,0.0,0.0
0.004145001081253107,0.48485156253710465,0.9433849920298223,0.0,0.0
0.004503489685870312,0.4857764061755458,0.9435745824449319,0.0,0.0
0.004860897474580453,0.48680020493421033,0.9437626175786471,0.0,0.0
0.005217138671229862,0.48792135642827167,0.9441785996650887,0.0,0.0
0.005572127779641388,0.48913811892663583,0.944535589390115,0.0,0.0
0.005925779604133012,0.49044861739511997,0.9447189040745891,0.0,0.0
0.006278009269964442,0.49185084986553146,0.9449006120251782,0.0,0.0
0.006628732243706695,0.493342694081032,0.9450810706041586,0.0,0.0
0.006977864353529547,0.4949219143679526,0.9452601694473607,0.0,0.0
0.007325321809402576,0.49658616868455957,0.9454378085288325,0.0,0.0
0.0076710212232042425,0.49833301579829925,0.9456139081637281,0.0,0.0
0.008014879628734647,0.5001599225445078,0.9457885273992259,0.0,0.0
0.008356814501627046,0.5020642711215944,0.9459619465026357,0.0,0.0
0.00869674377915332,0.504043366380061,0.9461339789945713,0.0,0.0
0.009034585879918563,0.506094443065488,0.9470739421990088,0.0,0.0
0.00937025972344028,0.5082146729785898,0.9472384177904853,0.0,0.0
0.00970368474960738,0.510401172018661,0.9474016734966557,0.0,0.0
0.01003478093801406,0.5126510070800705,0.9475638921492611,0.0,0.0
0.010363468827164423,0.5149612027748786,0.9523216169433718,0.0,0.0
0.010689669533542837,0.5173287479580722,0.9524558315319972,0.0,0.0
0.011013304770545632,0.5197506020353231,0.9530977651316792,0.0,0.0
0.011334296867269382,0.5222237010364669,0.9532277318464832,0.0,0.0
0.01165256878715174,0.5247449634411157,0.9533565869699149,0.0,0.0
0.011968044146459656,0.527311295745842,0.9534845811343022,0.0,0.0
0.012280647232621292,0.5299195977652391,0.9536116170308878,0.0,0.0
0.01259030302239652,0.5325667676618226,0.9537373961658746,0.0,0.0
0.012896937199882207,0.5352497067021914,0.9542021635859197,0.0,0.0
0.013200476174347591,0.5379653237390922,0.9543256730160353,0.0,0.0
0.013500847097895877,0.5407105394210279,0.9544480802801466,0.0,0.0
0.013797977882947322,0.5434822901328383,0.9545695154764614,0.0,0.0
0.014091797219539721,0.5462775316722315,0.9546900815987678,0.0,0.0
0.014382234592442684,0.5490932426685706,0.9581165516547222,0.0,0.0
0.014669220298080944,0.551926427751387,0.9582191993609025,0.0,0.0
0.014952685461262653,0.554774120476999,0.9586549454469752,0.0,0.0
0.015232562051709376,0.5576333860223984,0.9587547454690906,0.0,0.0
0.015508782900382835,0.5605013236561467,0.9588537157375894,0.0,0.0
0.015781281715605302,0.5633750689964653,0.9615194643282242,0.0,0.0
0.01604999309896919,0.5662517960670146,0.9616068280674331,0.0,0.0
0.016314852561032243,0.5691287191610047,0.9616936544629512,0.0,0.0
0.016575796536795067,0.5720030945243897,0.9617799962227832,0.0,0.0
0.01683276240095605,0.5748722218688183,0.9618658142870531,0.0,0.0
0.01708568848294121,0.577733445724946,0.9619510647498465,0.0,0.0
0.017334514081704947,0.5805841566464849,0.9620358092028182,0.0,0.0
0.017579179480298107,0.5834217922751618,0.9624024084743077,0.0,0.0
0.017819625960199387,0.5862438382764271,0.9624858218928266,0.0,0.0
0.01805579581540772,0.589047829155455,0.9625686304031184,0.0,0.0
0.018287632366291617,0.5918313489625624,0.9626508380801714,0.0,0.0
0.018515079973191725,0.5945920318968579,0.9627325914583179,0.0,0.0
0.018738084049774197,0.5973275628164397,0.9630386445958369,0.0,0.0
0.018956591076131034,0.6000356776631238,0.9650972227775942,0.0,0.0
0.019170548611624844,0.6027141638092025,0.9651710671048577,0.0,0.0
0.01937990530747415,0.6053608603333628,0.9652444314138184,0.0,0.0
0.019584610919076862,0.6079736582324263,0.9669565216033308,0.0,0.0
0.01978461631806889,0.6105505005752087,0.967024779583282,0.0,0.0
0.019979873504114478,0.6130893826043521,0.9685695171342122,0.0,0.0
0.020170335616426303,0.6155883517916274,0.9686334228644046,0.0,0.0
0.020355956945011536,0.6180455078518055,0.9686970847586577,0.0,0.0
0.02053669294164254,0.6204590027198355,0.968760550340177,0.0,0.0
0.020712500230547545,0.6228270404957331,0.9688237511226081,0.0,0.0
0.02088333661882115,0.6251478773612361,0.9688867166816644,0.0,0.0
0.021049161106550186,0.6274198214719842,0.9689494668902595,0.0,0.0
0.02120993389665372,0.6296412328286665,0.9690118709218457,0.0,0.0
0.021365616404433713,0.6318105231303114,0.9690739529602718,0.0,0.0
0.021516171266835738,0.6339261556126399,0.9692705073994063,0.0,0.0
0.02166156235141544,0.6359866448741182,0.969331189763965,0.0,0.0
0.021801754765010412,0.637990556692167,0.9693917273670853,0.0,0.0
0.02193671486211434,0.6399365078317253,0.9706549859057219,0.0,0.0
0.02206641025295176,0.6418231658481816,0.9707131451323637,0.0,0.0
0.0221908098112515,0.6436492488865174,0.9707710811507366,0.0,0.0
0.02230988368171669,0.6454135254783003,0.9708288207356046,0.0,0.0
0.02242360328718988,0.6471148143380316,0.9719126969355099,0.0,0.0
0.022531941335511847,0.6487519841602061,0.9720896714701173,0.0,0.0
0.022634871826070817,0.650323953418279,0.9721463941400174,0.0,0.0
0.022732370056043276,0.6518296901666601,0.9722029859800291,0.0,0.0
0.022824412626321962,0.6532682118466853,0.9730698398234325,0.0,0.0
0.022910977447131914,0.6546385850974611,0.9731264966107979,0.0,0.0
0.022992043743331688,0.655939925572352,0.973183033979278,0.0,0.0
0.023067592059399136,0.6571713977618079,0.9732395570538699,0.0,0.0
0.0231376042641013,0.6583322148231537,0.9732958314838905,0.0,0.0
0.023202063554844943,0.6594216384178737,0.9733519376132216,0.0,0.0
0.023260954461709765,0.6604389785568902,0.9741324203577315,0.0,0.0
0.023314262851160884,0.6613835934542441,0.974894821484815,0.0,0.0
0.023361975929440622,0.6622548893895641,0.9749893882314105,0.0,0.0
0.023404082245639227,0.6630523205796425,0.9750466784717251,0.0,0.0
0.023440571694442972,0.6637753890593961,0.9751038516537958,0.0,0.0
0.023471435518559236,0.6644236445724757,0.9758274944918441,0.0,0.0
0.023496666310818527,0.6649966844717197,0.9765231788904806,0.0,0.0
0.023516258015951697,0.6654941536296355,0.9765802046380838,0.0,0.0
0.02353020593204358,0.6659157443590811,0.9766370881980551,0.0,0.0
0.023538506711661272,0.6662611963442503,0.9766937215344169,0.0,0.0
0.023541158362657508,0.6665302965820945,0.9767502343969181,0.0,0.0
0.023538160248648802,0.6667228793342506,0.9768065660353806,0.0,0.0
0.023529513089168147,0.6668388260895626,0.9768626853670408,0.0,0.0
0.02351521895949222,0.66687806553723,0.9768714516117772,0.0,0.0
0.02349528129014354,0.6668405735506411,0.9769284229204647,0.0,0.0
0.023469704866067153,0.6667263731818963,0.9769853650331927,0.0,0.0
0.023438495825482058,0.666535534667042,0.977086480034594,0.0,0.0
0.023401661658408037,0.6662681754419929,0.9771502988311283,0.0,0.0
0.023359211204868564,0.6659244601691406,0.9772059033903265,0.0,0.0
0.02331115465276857,0.6655046007745901,0.9778780326692241,0.0,0.0
0.023257503535449933,0.665008856495992,0.9779330339883608,0.0,0.0
0.02319827072892327,0.6644375339408832,0.9785454716012192,0.0,0.0
0.02313347044877786,0.6637909871554616,0.9786001183487295,0.0,0.0
0.023063118246769848,0.6630696177036768,0.9791603157241303,0.0,0.0
0.022987231007090016,0.6622738747565138,0.9796890405121819,0.0,0.0
0.022905826942311643,0.6614042551913119,0.9801979091155751,0.0,0.0
0.022818925589019455,0.6604613037009394,0.980250484925398,0.0,0.0
0.02272654780312124,0.6594456129126104,0.980302838492974,0.0,0.0
0.022628715754841915,0.6583578235160948,0.9801912328287556,0.0,0.0
0.022525452923403765,0.6571986244010579,0.980244708352506,0.0,0.0
0.022416784091390446,0.6559687528031676,0.9802979706758564,0.0,0.0
0.022302735338800124,0.6546689944586429,0.9803509828327499,0.0,0.0
0.022183334036785927,0.6533001837667834,0.9804038047564013,0.0,0.0
0.02205860884108715,0.6518632039600181,0.9804563926114471,0.0,0.0
0.021928589685152104,0.6503589872809263,0.980508791603127,0.0,0.0
0.021793307772954136,0.648788515165614,0.9805609692375175,0.0,0.0
0.021652795571502664,0.6471528184327471,0.9806129226387329,0.0,0.0
0.021507086803051727,0.6454529774774773,0.9806647609326011,0.0,0.0
0.0213562164370062,0.6436901224693734,0.9807163842298385,0.0,0.0
0.0212002206815297,0.6418654335533895,0.9807677158443565,0.0,0.0
0.021039136974854804,0.6399801410527817,0.9808409312383427,0.0,0.0
0.02087300397629797,0.6380355256727566,0.9808915450134317,0.0,0.0
0.02070186155698119,0.636032918703503,0.9809418542403773,0.0,0.0
0.02052575079026368,0.6339737022211265,0.9809919418711299,0.0,0.0
0.02034471394188412,0.631859309284816,0.9810278897625425,0.0,0.0
0.0201587944598171,0.6296912241284294,0.9810775164663633,0.0,0.0
0.019968036963845807,0.6274709823444888,0.9811270391360046,0.0,0.0
0.019772487234853604,0.6252001710583708,0.9811764166173764,0.0,0.0
0.019572192203836852,0.6228804290902676,0.98122563567438,0.0,0.0
0.019367199940641403,0.6205134471022684,0.9812747316182524,0.0,0.0
0.01915755964242673,0.6181009677276469,0.9813236665827714,0.0,0.0
0.018943321621857655,0.6156447856792049,0.9813724529806561,0.0,0.0
0.018724537295031065,0.6131467478332115,0.981421082585165,0.0,0.0
0.018501259169135066,0.6106087532852018,0.9814695229376738,0.0,0.0
0.018273540829848146,0.6080327533735841,0.9815177354923935,0.0,0.0
0.018041436928478576,0.6054207516666488,0.9815657574720718,0.0,0.0
0.017805003168848595,0.6027748039082769,0.9816135959748967,0.0,0.0
0.017564296293925547,0.6000970179172133,0.9816289504678296,0.0,0.0
0.01731937407220405,0.5973895534344684,0.981676424362719,0.0,0.0
0.017070295283841512,0.5946546219129542,0.9817237163069652,0.0,0.0
0.01681711970655166,0.5918944862431097,0.9821514811215817,0.0,0.0
0.016559908101257625,0.589111460407827,0.982197312688274,0.0,0.0
0.01629872219751013,0.5863079090595825,0.9822429494866496,0.0,0.0
0.01603362467867226,0.5834862470122716,0.9822883228663545,0.0,0.0
0.015764679166876055,0.5806489386397833,0.9823333923118038,0.0,0.0
0.0154919502077533,0.5777984971729927,0.9823783207014544,0.0,0.0
0.015215503254945095,0.5749374838863768,0.9824231771281808,0.0,0.0
0.014935404654393098,0.5720685071651411,0.9824679107223206,0.0,0.0
0.014651721628416905,0.5691942214433134,0.9825124242115071,0.0,0.0
0.01436452225958103,0.5663173260029697,0.982556799314605,0.0,0.0
0.01407387547435537,0.563440563624439,0.982601067356684,0.0,0.0
0.013779851026573182,0.5605667190771071,0.9826451632677741,0.0,0.0
0.013482519480690673,0.5576986174402185,0.9826890671718299,0.0,0.0
0.013181952194851491,0.5548391222429979,0.9827327657134652,0.0,0.0
0.012878221303761508,0.5519911334133674,0.9827763035260146,0.0,0.0
0.012571399701376627,0.5491575850245711,0.9830233138108766,0.0,0.0
0.01226156102340862,0.5463414428292467,0.9830658240191401,0.0,0.0
0.011948779629652946,0.5435457015707253,0.9831081374207297,0.0,0.0
0.011633130586142498,0.5407733820618169,0.9832217915561272,0.0,0.0
0.011314689647132852,0.5380275280219081,0.9832638990929685,0.0,0.0
0.010993533236920552,0.5353112026639519,0.9831119056110689,0.0,0.0
0.010669738431502563,0.5326274850238923,0.9831552026918088,0.0,0.0
0.010343382940077892,0.5299794660261524,0.9831385231467632,0.0,0.0
0.01001454508639782,0.5273702442801961,0.9831823204955894,0.0,0.0
0.009683303789968827,0.5248029216047014,0.9832259566167935,0.0,0.0
0.009349738547112057,0.5222805982776368,0.983269333061876,0.0,0.0
0.009013929411884567,0.5198063680125815,0.983312458897656,0.0,0.0
0.008675956976866867,0.5173833126637902,0.9833553618485632,0.0,0.0
0.008335902353821074,0.5150144966649971,0.983398102936125,0.0,0.0
0.00799384715422438,0.5127029612095825,0.9834406326546625,0.0,0.0
0.007649873469682711,0.510451718182597,0.9834829965657091,0.0,0.0
0.00730406385222922,0.508263743858168,0.9834693317877544,0.0,0.0
0.006956501294512194,0.5061419723790047,0.9835120290127299,0.0,0.0
0.006607269209877058,0.5040892890380271,0.98330585436624,0.0,0.0
0.006256451412347832,0.5021085233855479,0.9833500465161255,0.0,0.0
0.005904132096511859,0.5002024421888456,0.9832690061254137,0.0,0.0
0.005550395817313752,0.49837374227440223,0.9831874312539362,0.0,0.0
0.0051953274697625305,0.49662504328641227,0.9832330266660879,0.0,0.0
0.004839012268557209,0.4949588803983709,0.9832784697355258,0.0,0.0
0.0044815357276356705,0.4933776970175749,0.9831923167163678,0.0,0.0
0.0041229836396518196,0.4918838375250817,0.9832383730166481,0.0,0.0
0.003763442055385627,0.4904795400961024,0.9832841943103495,0.0,0.0
0.0034029972630914493,0.48916692964776237,0.9833297857173561,0.0,0.0
0.0030417357677892365,0.48794801096272095,0.9833753255476781,0.0,0.0
0.002679744270503754,0.486824662038087,0.9834207096935983,0.0,0.0
0.0023171096474566806,0.48579862770949644,0.9834657229671144,0.0,0.0
0.001953918929216879,0.4848715135999645,0.9835104272205374,0.0,0.0
0.0015902592798133206,0.48404478044222454,0.9835549347984518,0.0,0.0
0.0012262179758162392,0.48331973882167534,0.9835993922328233,0.0,0.0
0.0008618823853910827,0.4826975443847678,0.9836435700707284,0.0,0.0
0.0004973399473307378,0.48217919355469585,0.9836874897309851,0.0,0.0
0.0001326781500703944,0.48176551979259435,0.9837311827932667,0.0,0.0
-0.00023201548930899273,0.4814571904382218,0.9838596584974132,0.0,0.0
-0.0005966534460845968,0.48125470415924765,0.9837301398871123,0.0,0.0
-0.0009611482088971266,0.48115838903295155,0.9837731345488309,0.0,0.0
-0.001325412300753141,0.48116840127841765,0.983842452941259,0.0,0.0
-0.0016893583000191495,0.4812847246512451,0.9837167707701339,0.0,0.0
-0.0020528988614023184,0.48150717050653646,0.9837594611642657,0.0,0.0
-0.0024159467369129803,0.48183537852956493,0.983801883651652,0.0,0.0
-0.0027784147968037383,0.48226881812717204,0.9838441001071747,0.0,0.0
-0.0031402160504801035,0.4828067904666998,0.9838860243177271,0.0,0.0
-0.0035012636673779404,0.4834484311432886,0.9839276899230581,0.0,0.0
-0.0038614709978022676,0.4841927134506878,0.9838061781791665,0.0,0.0
-0.00422075159372285,0.4850384522254985,0.9838293787141145,0.0,0.0
-0.0045790192295212875,0.4859843082300476,0.9838706337922234,0.0,0.0
-0.0049361879226847505,0.487028793034938,0.9839116907730762,0.0,0.0
-0.005292171954441353,0.4881702743587988,0.9839524735444545,0.0,0.0
-0.005646885890332245,0.4894069818199319,0.9839930968169907,0.0,0.0
-0.006000244600715538,0.4907370130523724,0.9838745955890698,0.0,0.0
-0.006352163281196922,0.49215834013742726,0.9839156120335459,0.0,0.0
-0.006702557472982356,0.4936688163009863,0.9839563661535721,0.0,0.0
-0.0070513430831477455,0.4952661828267778,0.9839342057787427,0.0,0.0
-0.007398436404820945,0.4969480761362488,0.9838144829411609,0.0,0.0
-0.007743754137270825,0.4987120349868549,0.9838550805862031,0.0,0.0
-0.008087213405899196,0.500555507742144,0.9837764796354586,0.0,0.0
-0.008428731782130263,0.5024758596690956,0.9836337207715601,0.0,0.0
-0.008768227303193078,0.5044703802206523,0.9835055127427144,0.0,0.0
-0.009105618491792235,0.5065362902641667,0.9835464781213547,0.0,0.0
-0.00944082437566204,0.5086707492195355,0.9835871088761488,0.0,0.0
-0.009773764506999362,0.5108708620740446,0.9836275843212905,0.0,0.0
-0.0101043589817709,0.5131336862442875,0.9836678269353348,0.0,0.0
-0.010432528458889619,0.5154562382589684,0.9837079053515732,0.0,0.0
-0.010758194179256268,0.5178355002397896,0.9837477749960915,0.0,0.0
-0.011081277984661233,0.5202684261610525,0.9835382083744131,0.0,0.0
-0.011401702336542086,0.5227519478718522,0.9833665176626134,0.0,0.0
-0.011719390334592447,0.5252829808679171,0.9834074675987978,0.0,0.0
-0.012034265735217799,0.5278584298031774,0.9834482090673624,0.0,0.0
-0.012346252969833393,0.5304751937339234,0.9834887436250014,0.0,0.0
-0.012655277163000592,0.5331301710910673,0.9835289705785852,0.0,0.0
-0.012961264150396347,0.5358202643784116,0.9835689834846146,0.0,0.0
-0.013264140496612498,0.5385423845970042,0.9836087926262175,0.0,0.0
-0.013563833512779828,0.5412934553976286,0.9836483508712888,0.0,0.0
-0.013860271274013009,0.5440704169651874,0.9836876659656456,0.0,0.0
-0.014153382636672398,0.5468702296402622,0.9833123613770907,0.0,0.0
-0.014443097255437857,0.5496898772844278,0.9828618380543143,0.0,0.0
-0.014729345600191578,0.5525263703969777,0.9829046024259583,0.0,0.0
-0.015012058972704889,0.5553767489916382,0.982947097769276,0.0,0.0
-0.015291169523125498,0.5582380852425601,0.9829893415482455,0.0,0.0
-0.015566610266261004,0.5611074859094399,0.9830312417839729,0.0,0.0
-0.01583831509765529,0.5639820945520285,0.9830728423334939,0.0,0.0
-0.01610621880945305,0.5668590935445591,0.9831141647882192,0.0,0.0
-0.01637025710604943,0.5697357059007895,0.9831551984512056,0.0,0.0
-0.016630366619520668,0.5726091969203632,0.9831959089591652,0.0,0.0
-0.01688648492483218,0.5754768756672002,0.983236363267835,0.0,0.0
-0.017138550554819963,0.5783360962904412,0.9830084382588611,0.0,0.0
-0.01738650301494292,0.5811842591983061,0.982781152133402,0.0,0.0
-0.017630282797800774,0.5840188120949588,0.9825537888518082,0.0,0.0
-0.017869831397415853,0.5868372508901755,0.982325630518095,0.0,0.0
-0.018105091323274217,0.5896371204912446,0.9821673922351682,0.0,0.0
-0.018336006114122755,0.5924160154862013,0.9822105109946869,0.0,0.0
-0.018562520351520242,0.5951715807270591,0.9822534498289346,0.0,0.0
-0.018784579673137,0.5979015118213266,0.982296072238181,0.0,0.0
-0.01900213078580179,0.6006035555396642,0.9821483153419126,0.0,0.0
-0.019215121478291696,0.6032755101471148,0.9821906933726068,0.0,0.0
-0.019423500633863163,0.6059152256649297,0.9822327231665272,0.0,0.0
-0.01962721824251893,0.6085206040695904,0.9822744130903845,0.0,0.0
-0.019826225413010892,0.6110895994352019,0.9823158518870142,0.0,0.0
-0.020020474384573394,0.6136202180250679,0.9823570249265101,0.0,0.0
-0.020209918538385687,0.6161105183378347,0.98239792356479,0.0,0.0
-0.0203945124087602,0.6185586111132306,0.9824385928311754,0.0,0.0
-0.020574211694054146,0.6209626593020782,0.9823086723552944,0.0,0.0
-0.02074897326730166,0.6233208780048951,0.9821350131075041,0.0,0.0
-0.020918755186564022,0.6256315343830846,0.981876439660583,0.0,0.0
-0.02108351670499565,0.6278929475463906,0.9819186688603393,0.0,0.0
-0.021243218280622936,0.6301034884200284,0.9819605288602602,0.0,0.0
-0.021397821585834434,0.6322615795945873,0.9816030676741637,0.0,0.0
-0.021547289516578905,0.6343656951615696,0.9816453690114679,0.0,0.0
-0.0216915862012705,0.6364143605371767,0.9816874883831513,0.0,0.0
-0.021830677009397517,0.6384061522767226,0.9817294295953543,0.0,0.0
-0.021964528559833763,0.6403396978818493,0.981771151880644,0.0,0.0
-0.022093108728849523,0.6422136756025133,0.9816421798012875,0.0,0.0
-0.022216386657821472,0.6440268142355423,0.9816841871900128,0.0,0.0
-0.022334332760638485,0.6457778929213696,0.9817258789215553,0.0,0.0
-0.022446918730802012,0.6474657409404303,0.981767286607618,0.0,0.0
-0.022554117548219666,0.6490892375105213,0.9818083942320847,0.0,0.0
-0.022655903485689757,0.6506473115863246,0.9810050693014922,0.0,0.0
-0.022752252115075935,0.6521389416621574,0.9810486456552464,0.0,0.0
-0.022843140313169776,0.6535631555789089,0.9810920250703185,0.0,0.0
-0.02292854626723983,0.6549190303360088,0.9807104396771076,0.0,0.0
-0.023008449480267118,0.6562056919092014,0.9807544129673113,0.0,0.0
-0.02308283077586408,0.6574223150747919,0.9807981365353904,0.0,0.0
-0.02315167230287694,0.6585681232409741,0.980841512836992,0.0,0.0
-0.02321495753966957,0.659642388286766,0.9808846239312492,0.0,0.0
-0.02327267129808886,0.6606444304090254,0.9809275569069383,0.0,0.0
-0.02332479972710984,0.6615736179779609,0.9809702844217252,0.0,0.0
-0.023371330316159924,0.662429367401491,0.9810127617567229,0.0,0.0
-0.023412251898120906,0.6632111429987835,0.9810550623325232,0.0,0.0
-0.02344755465200968,0.6639184568832325,0.9810972320126431,0.0,0.0
-0.023477230105334777,0.6645508688551279,0.9811391789416118,0.0,0.0
-0.023501271136129702,0.6651079863042106,0.9811808378702914,0.0,0.0
-0.02351967197466267,0.6655894641222985,0.9812222776132568,0.0,0.0
-0.023532428204820505,0.6659950046261303,0.9808406240563554,0.0,0.0
-0.02353953676516952,0.6663243574905444,0.9799076843548038,0.0,0.0
-0.0235409959496891,0.6665773196921108,0.9799528997948966,0.0,0.0
-0.02353680540818206,0.6667537354632954,0.9799978675957535,0.0,0.0
-0.023526966146358217,0.6668534962572116,0.9800425675963371,0.0,0.0
-0.023511480525593285,0.6668765407230299,0.9800871577789507,0.0,0.0
-0.023490352262361767,0.6668228546920627,0.9801316603320248,0.0,0.0
-0.023463586427345483,0.6666924711745462,0.9797248093578089,0.0,0.0
-0.023431189444216433,0.6664854703671335,0.9797702138253943,0.0,0.0
-0.023393169088094943,0.6662019796710741,0.9798154166018357,0.0,0.0
-0.02334953448368399,0.6658421737210704,0.9798604984780986,0.0,0.0
-0.023300296103079217,0.6654062744247544,0.97944753490556,0.0,0.0
-0.02324546576325565,0.6648945510127456,0.9794932998030638,0.0,0.0
-0.023185056623231625,0.6643073200991974,0.9795389435518079,0.0,0.0
-0.023119083180910688,0.6636449457527667,0.9795844679931801,0.0,0.0
-0.023047561269602408,0.6629078395778607,0.979629829041232,0.0,0.0
-0.022970508054222155,0.662096460806055,0.979675105632663,0.0,0.0
-0.0228879420271718,0.661211316397509,0.9797203093061768,0.0,0.0
-0.02279988300390144,0.6602529611521947,0.9797653518366242,0.0,0.0
-0.02270635211815389,0.6592219978307169,0.9798102941627382,0.0,0.0
-0.022607371816893002,0.6581190772844757,0.9798551306468071,0.0,0.0
-0.022502965854915704,0.6569448985948816,0.9798998888770655,0.0,0.0
-0.02239315928915181,0.6557002092212852,0.9799445532811814,0.0,0.0
-0.022277978472650006,0.6543858051572401,0.979432080475502,0.0,0.0
-0.022157451048253386,0.6530025310946612,0.9789185623129611,0.0,0.0
-0.022031605941965182,0.6515512805953985,0.9789652882651314,0.0,0.0
-0.02190047335600686,0.6500329962696482,0.9780058790583769,0.0,0.0
-0.021764084761569675,0.6484486699605855,0.9780559957384972,0.0,0.0
-0.021622472891261513,0.6467993429344977,0.9781060257269127,0.0,0.0
-0.0214756717312514,0.6450861060756317,0.978156064124985,0.0,0.0
-0.02132371651311326,0.6433101000848511,0.9782059987751042,0.0,0.0
-0.021166643705369893,0.6414725156811109,0.978255872593323,0.0,0.0
-0.02100449100474125,0.6395745938046324,0.9783056745575905,0.0,0.0
-0.020837297327097104,0.6376176258205406,0.9783554307079559,0.0,0.0
-0.02066510279811747,0.635602953721581,0.9784051264745289,0.0,0.0
-0.020487948743662807,0.6335319703284044,0.9784547975743056,0.0,0.0
-0.020305877679855797,0.6314061194857072,0.9785044820677801,0.0,0.0
-0.02011893330287769,0.6292268962523988,0.9775450835965113,0.0,0.0
-0.01992716047848176,0.6269958470837087,0.9775984656060402,0.0,0.0
-0.019730605231225162,0.6247145700030119,0.977651793983398,0.0,0.0
-0.019529314733423887,0.622384714760875,0.9777051601477108,0.0,0.0
-0.019323337293831053,0.6200079829786309,0.9777585281606764,0.0,0.0
-0.019112722346043387,0.617586128273525,0.9778119297446886,0.0,0.0
-0.018897520436637547,0.6151209563621953,0.9778653332954687,0.0,0.0
-0.018677783213038646,0.6126143251390023,0.9784567562042163,0.0,0.0
-0.018453563411125574,0.6100681447253777,0.9785076267470363,0.0,0.0
-0.01822491484257461,0.607484377486081,0.978558452833237,0.0,0.0
-0.017991892381944482,0.6048650380079065,0.9791295570163892,0.0,0.0
-0.017754551953507273,0.6022121930360167,0.9791780678177208,0.0,0.0
-0.017512950517826538,0.5995279613627437,0.979717072386379,0.0,0.0
-0.017267146058087105,0.5968145136632957,0.9797635675848363,0.0,0.0
-0.017017197566179434,0.5940740722724217,0.9798100055642318,0.0,0.0
-0.016763165028541624,0.591308910895679,0.979856406473067,0.0,0.0
-0.016505109411763533,0.5885213542485513,0.9793518093328201,0.0,0.0
-0.016243092647954413,0.585713777616212,0.9793994725890003,0.0,0.0
-0.015977177619879667,0.5828886063263504,0.9794470723587193,0.0,0.0
-0.015707428145869756,0.5800483151270173,0.9794946560521782,0.0,0.0
-0.015433908964503555,0.5771954274610589,0.9800493900239368,0.0,0.0
-0.015156685719071665,0.5743325146282926,0.9800950494782675,0.0,0.0
-0.01487582494182228,0.5714621948261994,0.9801407675989169,0.0,0.0
-0.014591394037993735,0.5685871320595391,0.9796494405630383,0.0,0.0
-0.014303461269637567,0.5657100349089748,0.9796963428457857,0.0,0.0
-0.014012095739236138,0.5628336551485132,0.98025130790493,0.0,0.0
-0.01371736737311809,0.5599607862013001,0.9802963120424357,0.0,0.0
-0.013419346904676537,0.557094261423191,0.9807920203719047,0.0,0.0
-0.01311810585739334,0.5542369522033644,0.9812298900020241,0.0,0.0
-0.012813716527673883,0.5513917658712605,0.9816390713226203,0.0,0.0
-0.01250625196749611,0.5485616433992178,0.9816802303550802,0.0,0.0
-0.012195785966878618,0.5457495568903543,0.981721307876885,0.0,0.0
-0.011882393036171342,0.5429585068415912,0.9817623303168139,0.0,0.0
-0.011566148388173115,0.5401915191721648,0.9818031910659838,0.0,0.0
-0.01124712792008151,0.5374516420086057,0.9818439345768483,0.0,0.0
-0.010925408195277559,0.5347419422179556,0.9818846087875654,0.0,0.0
-0.01060106642495086,0.5320655016819681,0.9819252672578228,0.0,0.0
-0.010274180449569365,0.5294254133062036,0.9819659447192507,0.0,0.0
-0.009944828720198121,0.5268247767593373,0.9820065870344905,0.0,0.0
-0.009613090279671133,0.5242666939395413,0.9820472082010397,0.0,0.0
-0.009279044743621793,0.5217542641667033,0.9820876974921114,0.0,0.0
-0.008942772281375242,0.519290579101189,0.9825051380679977,0.0,0.0
-0.00860435359670824,0.5168787173922166,0.9828636193109396,0.0,0.0
-0.008263869908480619,0.5145217390613367,0.9829020799105284,0.0,0.0
-0.007921402931143249,0.512222679629256,0.9829404687586376,0.0,0.0
-0.007577034855126668,0.5099845439971085,0.9829787969685949,0.0,0.0
-0.0072308483271161725,0.507810300096369,0.9825719102680679,0.0,0.0
-0.006882926430216686,0.5057028723248098,0.982610996927394,0.0,0.0
-0.0065333526640134025,0.5036651347892533,0.9822052424828855,0.0,0.0
-0.006182210924532189,0.5016999043792366,0.9822452513108659,0.0,0.0
-0.005829585484104904,0.4998099336991938,0.9822851950084392,0.0,0.0
-0.0054755609711446464,0.49799790389010984,0.9823250517765499,0.0,0.0
-0.0051202223498351095,0.4962664173749568,0.9823647827318063,0.0,0.0
-0.0047636548997397705,0.49461799056537353,0.9824045020328842,0.0,0.0
-0.00440594419533498,0.4930550465700229,0.9824441084904522,0.0,0.0
-0.00404717608547278,0.49157990794770784,0.9824836000635748,0.0,0.0
-0.003687436672777359,0.49019478955068263,0.982523002209767,0.0,0.0
-0.0033268122929809288,0.4889017915054524,0.9825623692446889,0.0,0.0
-0.0029653894942036074,0.48770289237980524,0.9822423213607824,0.0,0.0
-0.002603255016182179,0.48659994258565387,0.9826247732423099,0.0,0.0
-0.002240495769453068,0.48559465806754853,0.9826652474681601,0.0,0.0
-0.0018771988144941462,0.4846886143263506,0.9822628811787276,0.0,0.0
-0.0015134513408307456,0.4838832408264875,0.9823042318983279,0.0,0.0
-0.0011493406461104759,0.4831798158334966,0.9823455859061472,0.0,0.0
-0.0007849541151522606,0.48257946172611654,0.9823867178503011,0.0,0.0
-0.000420379198974407,0.4820831408240633,0.9824276872528238,0.0,0.0
-5.570339380677236e-05,0.4816916517688695,0.9827685736777283,0.0,0.0
0.00030898577990791387,0.48140562649076735,0.9828082434470545,0.0,0.0
0.0006736007985185595,0.48122552778966093,0.9828478318631206,0.0,0.0
0.0010380541561708873,0.48115164755281725,0.9828873867765542,0.0,0.0
0.0014022583858085335,0.48118410562610436,0.9829267962294422,0.0,0.0
0.0017661260801646273,0.4813228493494835,0.9829661534474072,0.0,0.0
0.0021295699127391447,0.48156765376118543,0.9830053982163572,0.0,0.0
0.0024925026587568856,0.4819181224686311,0.9830444732472173,0.0,0.0
0.0028548372161009425,0.4823736891778006,0.9826565658510624,0.0,0.0
0.0032164866262168346,0.4829336198665859,0.9822701992154008,0.0,0.0
0.003577364094982111,0.4835970155817242,0.982310713157274,0.0,0.0
0.003937383013536564,0.48436281583330826,0.9823510079919552,0.0,0.0
0.0042964569790678985,0.4852298025557662,0.9826726051453286,0.0,0.0
0.004654499815548006,0.48619660459956915,0.982711374428626,0.0,0.0
0.005011425594414799,0.4872617027139213,0.9827499582717407,0.0,0.0
0.005367148655194667,0.4884234349773055,0.9827883150321632,0.0,0.0
0.005721583626060571,0.4896800026300598,0.9828266244485422,0.0,0.0
0.006074645444320851,0.4910294762611287,0.9828647913167445,0.0,0.0
0.0064262493768338985,0.4924698022998558,0.9829027982910733,0.0,0.0
0.006776311040343656,0.49399880976301147,0.982940658981887,0.0,0.0
0.0071247464217312675,0.4956142172072944,0.9832127336861541,0.0,0.0
0.007471471898177729,0.4973136398381724,0.9828395691944255,0.0,0.0
0.00781640425723306,0.4990945967271427,0.9828767634902428,0.0,0.0
0.008159460716786866,0.5009545180912031,0.9829138391257632,0.0,0.0
0.008500558944935519,0.5028907525904719,0.9829507724222669,0.0,0.0
0.008839617079741659,0.5049005746024812,0.9831688501330991,0.0,0.0
0.009176553748880446,0.506981191434467,0.9832044789305524,0.0,0.0
0.00951128808916866,0.5091297504381175,0.9828353751884458,0.0,0.0
0.0098437397659714,0.5113433459944939,0.9828714687978564,0.0,0.0
0.010173828992482115,0.5136190263402093,0.98290740961025,0.0,0.0
0.01050147654887089,0.5159538002093923,0.9829432339829433,0.0,0.0
0.010826603801296951,0.518344643269378,0.9831134604812358,0.0,0.0
0.011149132720780462,0.5207885043314271,0.98314843328091,0.0,0.0
0.011468985901928882,0.5232823113210552,0.9831832179672625,0.0,0.0
0.011786086581514107,0.5258229769956698,0.983217804292256,0.0,0.0
0.01210035865689518,0.5284074044001937,0.9832522511491005,0.0,0.0
0.012411726704282613,0.5310324920541323,0.9832864143682117,0.0,0.0
0.01272011599683959,0.5336951388660949,0.9833203304966114,0.0,0.0
0.01302545252261628,0.5363922487741801,0.9833540485725086,0.0,0.0
0.013327663002312157,0.5391207351127156,0.9833876839973117,0.0,0.0
0.01362667490686276,0.541877524707789,0.983421090376135,0.0,0.0
0.013922416474846327,0.5446595617056774,0.9834543307196476,0.0,0.0
0.014214816729706132,0.5474638111397326,0.983487497909956,0.0,0.0
0.014503805496784627,0.5502872622425564,0.9835204309430728,0.0,0.0
0.014789313420164854,0.5531269315113259,0.9831632164372894,0.0,0.0
0.015071271979315763,0.5559798655350154,0.9828087413017671,0.0,0.0
0.015349613505536534,0.5588431435929367,0.9828427663815302,0.0,0.0
0.015624271198197063,0.5617138800345362,0.9829913781597819,0.0,0.0
0.01589517914076948,0.5645892264507957,0.9830242494400244,0.0,0.0
0.016162272316647925,0.5674663736477916,0.9830568487411215,0.0,0.0
0.016425486624752312,0.570342553433128,0.9828776580296302,0.0,0.0
0.016684758894912284,0.5732150402259671,0.9829622305370744,0.0,0.0
0.016940026903027428,0.5760811525013078,0.9829955812210408,0.0,0.0
0.01719122938600117,0.5789382540790338,0.9830286791945693,0.0,0.0
0.01743830605644342,0.5817837552680293,0.9830615800929746,0.0,0.0
0.017681197617139335,0.5846151138753893,0.9830942293218923,0.0,0.0
0.017919845775280174,0.5874298360904564,0.9828181280730259,0.0,0.0
0.018154193256453705,0.5902254772530453,0.9824554751280946,0.0,0.0
0.018384183818389143,0.5929996425148581,0.9824923623547959,0.0,0.0
0.01860976226445576,0.5957499874026851,0.9825291093414016,0.0,0.0
0.018830874456909275,0.5984742182915784,0.98256553817164,0.0,0.0
0.019047467329884965,0.6011700927957734,0.9826017311123878,0.0,0.0
0.01925948890213292,0.6038354200847039,0.9826375609350054,0.0,0.0
0.01946688828949356,0.6064680611310317,0.9826731122043642,0.0,0.0
0.019669615717109495,0.6090659288972186,0.9827084009543885,0.0,0.0
0.01986762253137121,0.6116269884667203,0.9823424231501467,0.0,0.0
0.020060861211593763,0.6141492571255424,0.9823781999599827,0.0,0.0
0.02024928538142145,0.6166308043994412,0.9824137466114616,0.0,0.0
0.020432849819958,0.619069752051754,0.9820464759556141,0.0,0.0
0.020611510472619395,0.6214642740464265,0.9820826302833828,0.0,0.0
0.02078522446170652,0.6238125964805113,0.9821185722390159,0.0,0.0
0.020953950096695862,0.6261129974900467,0.9821543226835824,0.0,0.0
0.021117646884244955,0.6283638071329545,0.9822497877706142,0.0,0.0
0.021276275537910554,0.6305634072522801,0.9822842039399098,0.0,0.0
0.021429797987577215,0.6327102313228338,0.9819201075036494,0.0,0.0
0.02157817738859403,0.6348027642840435,0.9819783920906647,0.0,0.0
0.021721378130616854,0.6368395423615694,0.9820126003192837,0.0,0.0
0.02185936584615513,0.6388191528800234,0.982046618125481,0.0,0.0
0.02199210741881947,0.6407402340689232,0.9820840826078607,0.0,0.0
0.022119570991269606,0.6426014748638137,0.9821172422745342,0.0,0.0
0.022241725972859963,0.6444016147043067,0.9821501993567543,0.0,0.0
0.022358543046981406,0.6461394433306294,0.9817888181350081,0.0,0.0
0.022469994178096832,0.647813800580118,0.9818222392108784,0.0,0.0
0.022576052618469823,0.6494235761849361,0.9813426663201018,0.0,0.0
0.022676692914583622,0.6509677095721997,0.9807605119938616,0.0,0.0
0.02277189091325054,0.6524451896675338,0.9807995751063566,0.0,0.0
0.022861623767407597,0.6538550547029967,0.980838452850569,0.0,0.0
0.022945869941600708,0.6551963920302257,0.9808771280536951,0.0,0.0
0.02302460921715236,0.6564683379395115,0.9809312271699887,0.0,0.0
0.023097822697014492,0.6576700774854969,0.9809475503153444,0.0,0.0
0.02316549281030322,0.6588008443200701,0.9809849941479151,0.0,0.0
0.023227603316516292,0.6598599205329646,0.9810221947341192,0.0,0.0
0.023284139309430376,0.6608466365005375,0.9810336242246401,0.0,0.0
0.02333508722067852,0.6617603707431186,0.9810087662418192,0.0,0.0
0.023380434823006602,0.6626005497912825,0.9809480969388589,0.0,0.0
0.023420171233207707,0.6633666480613586,0.9809857560710249,0.0,0.0
0.023454286914734224,0.6640581877404367,0.9810232095157877,0.0,0.0
0.023482773679986153,0.6646747386811022,0.9806414998159704,0.0,0.0
0.023505624692276707,0.6652159183061083,0.9806794396420901,0.0,0.0
0.023522834467472723,0.665681391523145,0.9803017574627536,0.0,0.0
0.023534398875310624,0.666070870649853,0.9803401853382249,0.0,0.0
0.023540315140388103,0.666384115349203,0.9796163540059546,0.0,0.0
0.0235405818428298,0.6666209325753457,0.9796581254511588,0.0,0.0
0.023535198918628673,0.6667811765300006,0.9792585276530053,0.0,0.0
0.023524167659660523,0.6668647486294598,0.9793009800554526,0.0,0.0
0.023507490713374574,0.6668715974822431,0.9793432027848458,0.0,0.0
0.023485172082157786,0.6668017188774408,0.9793852240158901,0.0,0.0
0.02345721712237479,0.6666551557837614,0.9794270931371235,0.0,0.0
0.023423632543081437,0.6664319983592732,0.9794687935105633,0.0,0.0
0.02338442640441571,0.666132383971848,0.9795102156289466,0.0,0.0
0.023339608115662703,0.6657564972302581,0.9795514153144587,0.0,0.0
0.02328918843299652,0.6653045700258912,0.9795924492667228,0.0,0.0
0.02323317945689904,0.6647768815850308,0.9796332721701605,0.0,0.0
0.023171594629255637,0.6641737585316156,0.9796739706441088,0.0,0.0
0.023104448730129255,0.6634955749603758,0.9797145604319881,0.0,0.0
0.023031757874213566,0.6627427525202501,0.9797549316023977,0.0,0.0
0.022953539506964802,0.6619157605079253,0.9798819873749455,0.0,0.0
0.022869812400415843,0.6610151159713362,0.9799216898669749,0.0,0.0
0.022780596648670253,0.6600413838229414,0.9799611437711134,0.0,0.0
0.022685913663080357,0.6589951769625351,0.9800004257545838,0.0,0.0
0.02258578616710791,0.6578771564093502,0.9800394978184589,0.0,0.0
0.02248023819087162,0.6566880314431384,0.9800784181020993,0.0,0.0
0.022369295065378964,0.6554285597538919,0.98011713660574,0.0,0.0
0.02225298341644756,0.6540995475998125,0.9801557594056944,0.0,0.0
0.022131331158314737,0.6527018499730802,0.9803146233331544,0.0,0.0
0.02200436748693866,0.651236370772913,0.9803524335363124,0.0,0.0
0.02187212287299096,0.6497040629853535,0.9803901093150601,0.0,0.0
0.02173462905454407,0.648105928869117,0.9804276808361949,0.0,0.0
0.021591919029454548,0.6464430201467971,0.980465135167856,0.0,0.0
0.021444027047443335,0.6447164382005893,0.9806167151211058,0.0,0.0
0.021290988601876223,0.6429273342716313,0.9806535058896615,0.0,0.0
0.02113284042124557,0.6410769096619344,0.9806901539874321,0.0,0.0
0.020969620460355463,0.6391664159377619,0.9807266874034796,0.0,0.0
0.020801367891213108,0.6371971551331937,0.9807631140293885,0.0,0.0
0.020628123093627534,0.6351704799524615,0.9807994294628899,0.0,0.0
0.020449927645518416,0.6330877939695004,0.9808355900456902,0.0,0.0
0.020266824312937963,0.6309505518230012,0.9808716677499459,0.0,0.0
0.020078857039807135,0.62876025940504,0.980495079930023,0.0,0.0
0.019886070937369167,0.6265184740412206,0.9805323236079926,0.0,0.0
0.01968851227336312,0.6242268046600083,0.9805694915964356,0.0,0.0
0.01948622846092024,0.6218869119487511,0.9806065794877723,0.0,0.0
0.01927926804718439,0.619500508493614,0.9799508460332356,0.0,0.0
0.01906768070166151,0.6170693589004341,0.9799915232592934,0.0,0.0
0.018851517204298777,0.6145952798931913,0.9800321654384493,0.0,0.0
0.018630829433297882,0.6120801403865473,0.9800727815763915,0.0,0.0
0.018405670352664605,0.609525861528573,0.9801133648718252,0.0,0.0
0.018176093999497506,0.6069344167094489,0.9801538581839194,0.0,0.0
0.01794215547101935,0.6043078315316516,0.9801943396771818,0.0,0.0
0.01770391091135385,0.6016481837366923,0.9802347838506946,0.0,0.0
0.017461417498052027,0.5989576030831921,0.9802751512337894,0.0,0.0
0.017214733428368777,0.596238271170632,0.980315448530608,0.0,0.0
0.0169639179052968,0.5934924212027556,0.9803556832029916,0.0,0.0
0.016709031123357667,0.5907223376841925,0.9803958261302702,0.0,0.0
0.016450134254155577,0.5879303560434281,0.9804358808374232,0.0,0.0
0.016187289431696242,0.5851188621748783,0.9804759408742082,0.0,0.0
0.015920559737475515,0.5822902918923405,0.9805159447693447,0.0,0.0
0.015650009185339635,0.5794471302857321,0.9808593806789702,0.0,0.0
0.015375702706122313,0.5765919109725842,0.980897557264389,0.0,0.0
0.015097706132061897,0.5737272152353493,0.9809357235504931,0.0,0.0
0.014816086181001735,0.5708556710352437,0.9809739027983669,0.0,0.0
0.014530910440378266,0.567979951892939,0.9810120064043275,0.0,0.0
0.014242247351000313,0.5651027756261339,0.9810500946530594,0.0,0.0
0.013950166190623654,0.5622269029337517,0.9806764859497722,0.0,0.0
0.013654737057324805,0.5593551358162774,0.9807157308691896,0.0,0.0
0.013356030852677624,0.5564903158215984,0.9810570051630493,0.0,0.0
0.013054119264737337,0.5536353221056376,0.9805290136325131,0.0,0.0
0.01274907475083587,0.5507930692970496,0.9805697914748446,0.0,0.0
0.012440970520192317,0.5479665051553887,0.9806104871637135,0.0,0.0
0.012129880516343,0.545158608012359,0.9800361397274931,0.0,0.0
0.01181587939939557,0.5423723839861284,0.9800804616131386,0.0,0.0
0.011499042528110808,0.5396108639591618,0.9796954121129327,0.0,0.0
0.011179445941816971,0.5368771003107193,0.979308529484697,0.0,0.0
0.010857166342160647,0.5341741633959715,0.9793553971157548,0.0,0.0
0.010532281074698767,0.5315051377647085,0.978971323084499,0.0,0.0
0.010204868110336008,0.5288731181138319,0.9793769611611572,0.0,0.0
0.009875006026612163,0.5262812049692583,0.979719143592119,0.0,0.0
0.009542773988843872,0.5237325000944792,0.9797634539403467,0.0,0.0
0.009208251731125503,0.5212301016249207,0.9798076241286626,0.0,0.0
0.00887151953719307,0.5187770989293109,0.9798516595140391,0.0,0.0
0.008532658221156833,0.5163765672015885,0.9798955868242418,0.0,0.0
0.00819174910810595,0.5140315617894403,0.979534974231133,0.0,0.0
0.007848874014591127,0.5117451122682667,0.9791814166135518,0.0,0.0
0.007504115228989017,0.5095202162723323,0.9792278487008078,0.0,0.0
0.007157555491753185,0.5073598330979645,0.9792741144165806,0.0,0.0
0.006809277975557041,0.5052668770968892,0.9793202816847432,0.0,0.0
0.006459366265332676,0.5032442108811674,0.9793663694676287,0.0,0.0
0.006107904338210877,0.5012946383645912,0.9794124183751105,0.0,0.0
0.005754976543367127,0.4994208976688395,0.9797734522975244,0.0,0.0
0.005400667581778012,0.4976256539260844,0.9800672228036825,0.0,0.0
0.005045062485893536,0.49591149201302237,0.9797310975632014,0.0,0.0
0.0046882465992298455,0.4942809092544497,0.9797741205343825,0.0,0.0
0.004330305555886882,0.492736308137391,0.9798170280217595,0.0,0.0
0.003971325259996848,0.4912799890794058,0.9800725342049331,0.0,0.0
0.0036113918651075965,0.4899141432969197,0.9801135816704968,0.0,0.0
0.0032505917535061942,0.4886408458212406,0.9801545970385868,0.0,0.0
0.002889011515487485,0.4874620487112135,0.9801956245473255,0.0,0.0
0.002526737928572926,0.4863795745122067,0.9797795700118501,0.0,0.0
0.0021638579366844014,0.4853951100112764,0.9793088811206854,0.0,0.0
0.001800458629278076,0.4845102003378115,0.9793564366553223,0.0,0.0
0.0014366272204433485,0.48372624345779563,0.9795937277468828,0.0,0.0
0.0010724510279718764,0.48304448510791803,0.9796394400379131,0.0,0.0
0.0007080174524017216,0.48246601421320157,0.9798078721863914,0.0,0.0
0.0003434139560416769,0.48199175882853973,0.9798519630812959,0.0,0.0
-2.127195801928328e-05,0.4816224826406413,0.9799707470247411,0.0,0.0
-0.00038595276691236733,0.48135878206236515,0.9800135773806827,0.0,0.0
-0.0007505409489939612,0.4812010839463905,0.9800563076033824,0.0,0.0
-0.001114949004850471,0.4811496439396502,0.9800988345200664,0.0,0.0
-0.0014790894782977277,0.4812045454940861,0.9801412493648662,0.0,0.0
-0.0018428749773700226,0.48136569954312236,0.9801835315970711,0.0,0.0
-0.002206218195293836,0.48163284484694996,0.9802255793777179,0.0,0.0
-0.0025690319314409776,0.4820055490033179,0.9802674488255818,0.0,0.0
-0.0029312291122563653,0.48248321011423717,0.979943807728191,0.0,0.0
-0.0032927228121551783,0.48306505909284503,0.9799865058000098,0.0,0.0
-0.0036534262743847267,0.4837501625888062,0.9800289391089914,0.0,0.0
-0.004013252931845496,0.4845374265051421,0.9797097156963669,0.0,0.0
-0.0043721164278669325,0.4854256000743497,0.9797529008339814,0.0,0.0
-0.0047299306369326145,0.4864132804571694,0.9797958028561013,0.0,0.0
-0.00508660968534994,0.4874989178234953,0.9795404651749348,0.0,0.0
-0.00544206797185941,0.4886808208716705,0.9795843185032197,0.0,0.0
-0.005796220188178548,0.4899571627398542,0.9793360564674013,0.0,0.0
-0.0061489813394754265,0.49132598726128124,0.9790977448558613,0.0,0.0
-0.006500266764767047,0.4927852155140815,0.978635389477546,0.0,0.0
-0.006849992157237562,0.4943326526158056,0.9786848935838073,0.0,0.0
-0.0071980735844715815,0.49596599471298336,0.9787341187803857,0.0,0.0
-0.007544427508597389,0.497682836116789,0.9787831160520645,0.0,0.0
-0.007888970806335768,0.4994806765372135,0.9788319151131316,0.0,0.0
-0.008231620788949137,0.5013569283699476,0.9783327493210002,0.0,0.0
-0.008572295222086438,0.5033089239924515,0.9777737655412844,0.0,0.0
-0.00891091234551906,0.5053339230282701,0.9778297002488988,0.0,0.0
-0.00924739089276276,0.5074291195415918,0.9780082234958677,0.0,0.0
-0.009581650110581388,0.509591649127171,0.9780613716971952,0.0,0.0
-0.00991360977836719,0.511818595864033,0.9781142431836078,0.0,0.0
-0.010243190227393317,0.5141069991047778,0.9782575795335806,0.0,0.0
-0.010570312359934107,0.5164538600757318,0.9783081271311458,0.0,0.0
-0.010894897668247992,0.5188561482665958,0.9783583896754373,0.0,0.0
-0.011216868253419011,0.5213108075916059,0.9784083901971738,0.0,0.0
-0.011536146844052289,0.5238147623074465,0.9784580782789226,0.0,0.0
-0.011852656814818655,0.5263649226762664,0.9785074940289731,0.0,0.0
-0.012166322204844385,0.5289581903650761,0.9785567198355674,0.0,0.0
-0.012477067735941625,0.5315914635755353,0.9786055747417041,0.0,0.0
-0.012784818830674496,0.5342616419006764,0.9786541283265349,0.0,0.0
-0.013089501630257516,0.5369656309074169,0.9784865535585502,0.0,0.0
-0.013391043012281318,0.5397003464457981,0.9778812798265724,0.0,0.0
-0.013689370608261725,0.5424627186877493,0.9779346712245515,0.0,0.0
-0.01398441282100771,0.5452496958997962,0.9779877784671226,0.0,0.0
-0.014276098841804419,0.5480582479555872,0.9778156740043776,0.0,0.0
-0.014564358667407091,0.5508853695952756,0.9778700293730869,0.0,0.0
-0.014849123116841206,0.5537280834398386,0.9779240487274894,0.0,0.0
-0.015130323848005906,0.5565834427692258,0.9779778241869398,0.0,0.0
-0.015407893374075495,0.5594485340738906,0.9780312631470732,0.0,0.0
-0.015681765079696073,0.5623204793897258,0.9780842967321612,0.0,0.0
-0.015951873236972974,0.5651964384268252,0.9781370538533584,0.0,0.0
-0.016218153021245012,0.5680736105026525,0.9781895242593408,0.0,0.0
-0.016480540526642107,0.570949236290349,0.9782416799888312,0.0,0.0
-0.01673897278142256,0.5738205993928963,0.9782935354523843,0.0,0.0
-0.016993387763085687,0.5766850277537618,0.9783450621914175,0.0,0.0
-0.017243724413257097,0.5795398949145075,0.9783962925382151,0.0,0.0
-0.017489922652342546,0.5823826211296041,0.9784472514591072,0.0,0.0
-0.017731923393946344,0.5852106743484278,0.9784978750115944,0.0,0.0
-0.017969668559052156,0.5880215710740808,0.9787459295960784,0.0,0.0
-0.01820310108996167,0.5908128771083379,0.9787930142412308,0.0,0.0
-0.01843216496398786,0.5935822081916299,0.97865181817908,0.0,0.0
-0.018656805206900596,0.5963272305465738,0.9788710204815292,0.0,0.0
-0.018876967906119927,0.5990456613331544,0.9790394075893728,0.0,0.0
-0.01909260022365479,0.6017352690232385,0.9791574565085921,0.0,0.0
-0.01930365040878405,0.6043938737016747,0.9791981148305889,0.0,0.0
-0.019510067810476425,0.6070193473008262,0.9792385028338813,0.0,0.0
-0.0197118028895463,0.6096096137749577,0.9792786627454844,0.0,0.0
-0.019908807230543116,0.612162649220494,0.9793186053900587,0.0,0.0
-0.02010103355337065,0.6146764819477769,0.9793583323980791,0.0,0.0
-0.02028843572463411,0.6171491925095627,0.9793978096714672,0.0,0.0
-0.02047096876871205,0.6195789136911355,0.9794370995739753,0.0,0.0
-0.020648588878549992,0.6219638304665439,0.9793175179929525,0.0,0.0
-0.02082125342617436,0.6243021799251687,0.9793578042600962,0.0,0.0
-0.02098892097292234,0.6265922511724547,0.9793978737916762,0.0,0.0
-0.021151551279387656,0.6288323852083973,0.9794376755036232,0.0,0.0
-0.021309105315077338,0.6310209747870286,0.9794772240806391,0.0,0.0
-0.02146154526777925,0.6331564642599294,0.9795164684475309,0.0,0.0
-0.021608834552636354,0.635237349406496,0.9794094082214846,0.0,0.0
-0.021750937820927407,0.6372621772534951,0.9796015436999289,0.0,0.0
-0.021887820968550048,0.6392295458861865,0.9796394473539581,0.0,0.0
-0.022019451144205913,0.6411381042530978,0.9796770697688444,0.0,0.0
-0.02214579675728479,0.6429865519663586,0.9797144848458647,0.0,0.0
-0.022266827485445964,0.6447736390992969,0.9798903958608867,0.0,0.0
-0.022382514281895673,0.6464981659828634,0.979925444081407,0.0,0.0
-0.02249282938235803,0.6481589830022775,0.979960242589055,0.0,0.0
-0.022597746311738543,0.6497549903951647,0.9799948130621576,0.0,0.0
-0.02269723989047769,0.6512851380523206,0.9800291552828229,0.0,0.0
-0.022791286240594302,0.6527484253221133,0.9800633936927813,0.0,0.0
-0.022879862791415573,0.6541439008194517,0.9800975093873459,0.0,0.0
-0.022962948284994747,0.655470662240111,0.9801314273436348,0.0,0.0
-0.023040522781211978,0.6567278561811628,0.980165189033671,0.0,0.0
-0.023112567662560653,0.6579146779681442,0.9801987619465279,0.0,0.0
-0.023179065638615094,0.6590303714895339,0.9802320761427807,0.0,0.0
-0.023240000750180168,0.6600742290390406,0.9802652619763909,0.0,0.0
-0.023295358373121657,0.6610455911661655,0.9802983026410391,0.0,0.0
-0.023345125221875842,0.6619438465354017,0.9796863493279533,0.0,0.0
-0.023389289352637822,0.6627684317944339,0.9795832653524218,0.0,0.0
-0.023427840166228234,0.6635188314516288,0.9796193667689347,0.0,0.0
-0.023460768410636924,0.6641945777630797,0.9798585566602607,0.0,0.0
-0.023488066183243103,0.6647952506294226,0.9798923504119028,0.0,0.0
-0.02350972693271263,0.6653204775026257,0.9798033534170923,0.0,0.0
-0.023525745460569538,0.6657699333029075,0.9798379098657928,0.0,0.0
-0.023536117922443922,0.6661433403459338,0.979872294059908,0.0,0.0
-0.023540841828994827,0.6664404682803962,0.9799065743170458,0.0,0.0
-0.023539916046507393,0.6666611340360794,0.9799406954737476,0.0,0.0
-0.023533340797164817,0.66680520178249,0.9799746673043643,0.0,0.0
-0.02352111765899552,0.6668725828980991,0.9800084302630762,0.0,0.0
-0.023503249565493975,0.666863235950259,0.9793267303886996,0.0,0.0
-0.023479740804916813,0.6667771666857983,0.9793627651218924,0.0,0.0
-0.023450597019253675,0.6666144280323246,0.9793669762437458,0.0,0.0
-0.023415825202873324,0.6663751201102402,0.9785863133798506,0.0,0.0
-0.02337543370084483,0.6660593902554199,0.9786261282082734,0.0,0.0
-0.023329432206934658,0.6656674330525638,0.9789497199110635,0.0,0.0
-0.023277831761280565,0.6651994903791476,0.9789870439380101,0.0,0.0
-0.02322064474774185,0.6646558514599168,0.9790241845982627,0.0,0.0
-0.023157884890927256,0.6640368529318462,0.9790612581679217,0.0,0.0
-0.023089567252901108,0.6633428789194618,0.979098228637382,0.0,0.0
-0.02301570822956862,0.6625743611204022,0.9791945705589477,0.0,0.0
-0.022936325546740882,0.6617317789010745,0.9792324840725882,0.0,0.0
-0.022851438255880704,0.6608156594022351,0.979583463311468,0.0,0.0
-0.022761066729530474,0.6598265776543021,0.9798936958089608,0.0,0.0
-0.022665232656422632,0.6587651567021489,0.9799276248181706,0.0,0.0
-0.022563959036274787,0.6576320677391234,0.9800422132248202,0.0,0.0
-0.022457270174269524,0.6564280302499891,0.9800769956792269,0.0,0.0
-0.022345191675221657,0.6551538121624209,0.9801116892975477,0.0,0.0
-0.022227750437432962,0.6538102300066557,0.9801462807284302,0.0,0.0
-0.022104974646236807,0.6523981490828477,0.9801808349094561,0.0,0.0
-0.021976893767233732,0.6509184836355975,0.9802153595802955,0.0,0.0
-0.02184353853921978,0.6493721970350731,0.9794481348587938,0.0,0.0
-0.02170494096680965,0.6477603019640551,0.9794853034393117,0.0,0.0
-0.021561134312755456,0.6460838606101612,0.9795224146984217,0.0,0.0
-0.021412153089963724,0.644343984862422,0.9795595246610956,0.0,0.0
-0.02125803305321291,0.6425418365112483,0.9787283920187811,0.0,0.0
-0.021098811190572022,0.6406786274507733,0.9787684807450712,0.0,0.0
-0.02093452571452371,0.6387556198823757,0.9778602453460514,0.0,0.0
-0.020765216052793814,0.6367741265181087,0.9779036810183844,0.0,0.0
-0.0205909228388881,0.6347355107825847,0.9779471279512765,0.0,0.0
-0.020411687902341647,0.6326411870117262,0.9769766696389828,0.0,0.0
-0.02022755425867867,0.6304926206466209,0.9770239224584141,0.0,0.0
-0.02003856609908979,0.6282913284205488,0.977071219256751,0.0,0.0
-0.01984476877982601,0.6260388785370387,0.9771184760232623,0.0,0.0
-0.019646208811313882,0.623736890836609,0.9771657079036583,0.0,0.0
-0.019442933846992652,0.6213870369496308,0.9772129285773251,0.0,0.0
-0.019234992671877955,0.6189910404325003,0.9777829489061947,0.0,0.0
-0.019022435190853778,0.6165506768840426,0.9778276140242611,0.0,0.0
-0.018805312416695183,0.6140677740388256,0.9778722620387119,0.0,0.0
-0.018583676457825656,0.6115442118337344,0.9779169103615851,0.0,0.0
-0.01835758050581155,0.6089819224438753,0.9769925181494858,0.0,0.0
-0.018127078822595982,0.6063828902835441,0.977040906757041,0.0,0.0
-0.01789222672747655,0.6037491519676523,0.9770893104875227,0.0,0.0
-0.017653080583828615,0.6010827962286514,0.9771377010264017,0.0,0.0
-0.017409697785578878,0.5983859637836184,0.9771861077924191,0.0,0.0
-0.017162136743430492,0.5956608471457893,0.9772345269043632,0.0,0.0
-0.01691045687084527,0.5929096903744149,0.9773443335321256,0.0,0.0
-0.016654718569784534,0.590134788756421,0.977442383794028,0.0,0.0
-0.01639498321621296,0.5873384884129284,0.9774933105699929,0.0,0.0
-0.016131313145368614,0.5845231858232717,0.9775443030506821,0.0,0.0
-0.015863771636802755,0.5816913272587304,0.9775952569986004,0.0,0.0
-0.015592422899193398,0.5788454081177786,0.9776462564572816,0.0,0.0
-0.015317332054934841,0.5759879721542281,0.9776972895397591,0.0,0.0
-0.015038565124509302,0.5731216105892732,0.9777484016280031,0.0,0.0
-0.014756189010641881,0.5702489610980338,0.9783434654526684,0.0,0.0
-0.014470271482244597,0.5673727066608918,0.9790920867706268,0.0,0.0
-0.014180881158151623,0.564495574269544,0.9791399154761963,0.0,0.0
-0.01388808749065174,0.5616203334774991,0.9797081901954912,0.0,0.0
-0.013591960748819616,0.5587497947844698,0.9804190210369069,0.0,0.0
-0.013292572001651863,0.5558868078440206,0.9804637348747848,0.0,0.0
-0.01298999310101071,0.5530342594837289,0.9797324573125785,0.0,0.0
-0.012684296664379766,0.550195071527174,0.9797806669124923,0.0,0.0
-0.012375556057436541,0.5473721984071738,0.9798288480498306,0.0,0.0
-0.01206384537644464,0.5445686245599527,0.9805493972802652,0.0,0.0
-0.011749239430471172,0.5417873615903203,0.9805944440717879,0.0,0.0
-0.011431813723433137,0.5390314451984374,0.9806394226200691,0.0,0.0
-0.011111644435976382,0.5363039318594659,0.980684308224049,0.0,0.0
-0.010788808407193064,0.5336078952482756,0.9807291427118449,0.0,0.0
-0.010463383116180478,0.530946422402396,0.9807740237374505,0.0,0.0
-0.010135446663446315,0.528322609617712,0.9808189377498007,0.0,0.0
-0.009805077752165044,0.5257395580728427,0.9808638379966772,0.0,0.0
-0.009472355669289587,0.5232003691798345,0.9809086910365971,0.0,0.0
-0.009137360266522713,0.520708139660721,0.9803032213316482,0.0,0.0
-0.008800171941152993,0.5182659563516432,0.9803512545850888,0.0,0.0
-0.008460871616759966,0.5158768907385756,0.9803993341769784,0.0,0.0
-0.00811954072379284,0.5135439932312996,0.9804473896610594,0.0,0.0
-0.0077762611800273876,0.5112702871850394,0.981206252096171,0.0,0.0
-0.007431115370906391,0.5090587626821591,0.9812508336655511,0.0,0.0
-0.007084186129767136,0.5069123700894405,0.9812953740949598,0.0,0.0
-0.00673555671796232,0.5048340134097626,0.9813398354517456,0.0,0.0
-0.006385310804877199,0.5028265434503287,0.9813843111343594,0.0,0.0
-0.006033532447849712,0.5008927508330465,0.9820964384279305,0.0,0.0
-0.005680306071996882,0.4990353588760831,0.9821377428237907,0.0,0.0
-0.005325716449953456,0.4972570163789701,0.9821790193067327,0.0,0.0
-0.004969848681526535,0.4955602903469356,0.9822201903363547,0.0,0.0
-0.0046127881732723475,0.49394765869319934,0.9822613162873884,0.0,0.0
-0.004254620617998913,0.49242150296082304,0.9823024313309524,0.0,0.0
-0.0038954319742002487,0.49098410110824353,0.982915120910838,0.0,0.0
-0.0035353084454266444,0.48963762040475756,0.9834597043079428,0.0,0.0
-0.003174336459596366,0.4883841104839283,0.98391721175992,0.0,0.0
-0.002812602648253278,0.48722549660408493,0.9839580785680058,0.0,0.0
-0.0024501938257757046,0.4861635731656789,0.9847975228972532,0.0,0.0
-0.002087196968541444,0.48519999753528825,0.9848365141626156,0.0,0.0
-0.0017236991940537438,0.4843362842253927,0.9848754378559961,0.0,0.0
-0.0013597877400336005,0.48357379947769497,0.9845278984170293,0.0,0.0
-0.0009955499434831665,0.48291375629575445,0.984569227500362,0.0,0.0
-0.0006310732197252005,0.4823572099699484,0.9846103633377469,0.0,0.0
-0.00026644504142384886,0.4819050541343997,0.9846513432849567,0.0,0.0
9.824708240838542e-05,0.48155801739145204,0.9846921602553996,0.0,0.0
0.0004629156274123748,0.4813166605346628,0.9847328081603612,0.0,0.0
0.0008274730748878096,0.4811813743961222,0.984773308912349,0.0,0.0
0.0011918319327972238,0.4811523783383251,0.9848136610461873,0.0,0.0
0.0015559047567637197,0.481229719404864,0.984853936316584,0.0,0.0
0.0019196041710571666,0.4814132721380216,0.9848941494177398,0.0,0.0
0.0022828428895639553,0.48170273906500993,0.9856033429577984,0.0,0.0
0.0026455337367352625,0.4820976518482124,0.985639747768283,0.0,0.0
0.003007589668508759,0.4825973730885183,0.9856760201507919,0.0,0.0
0.0033689237931987456,0.48320109876472767,0.9857121165935837,0.0,0.0
0.0037294493923497713,0.48390786128621843,0.9857480442570333,0.0,0.0
0.004089079941548647,0.4847165331306582,0.9874440723778156,0.0,0.0
0.004447729131189843,0.4856258310336256,0.9874736578956319,0.0,0.0
0.004805310887189455,0.48663432069263435,0.9875029947143206,0.0,0.0
0.005161739391642471,0.4877404219443149,0.9880234712598102,0.0,0.0
0.005516929103418764,0.4889424143703836,0.9898683601347806,0.0,0.0
0.00587079477869249,0.4902384432856622,0.9898884661114234,0.0,0.0
0.006223251491400214,0.4916265260596405,0.9899082451065487,0.0,0.0
0.006574214653622714,0.49310455872209835,0.9899277399087051,0.0,0.0
0.006923600035885791,0.4946703228029189,0.9899469507456339,0.0,0.0
0.007271323787374792,0.4963214923565177,0.9899658455203241,0.0,0.0
0.0076173024560585055,0.49805564112221384,0.9899844453478616,0.0,0.0
0.007961453008717206,0.4998702497732656,0.9900027882733761,0.0,0.0
0.008303692850870271,0.501762713209239,0.9900208968803704,0.0,0.0
0.00864393984659837,0.5037303478486836,0.9908980966039276,0.0,0.0
0.00898211233825579,0.5057703988817935,0.9909133424426366,0.0,0.0
0.009318129166067803,0.5078800474456694,0.9909238436651366,0.0,0.0
0.00965190968760875,0.5100564176880108,0.9909388667479523,0.0,0.0
0.00998337379715558,0.5122965836883501,0.9909536284791104,0.0,0.0
0.010312441944913181,0.514597576209383,0.9909681452874379,0.0,0.0
0.010639035156105658,0.5169563892543454,0.9909824256340799,0.0,0.0
0.010963075049929945,0.5193699864098315,0.9909964944779189,0.0,0.0
0.011284483858367106,0.5218353069567289,0.991010298940293,0.0,0.0
0.011603184444845862,0.5243492717352027,0.9909752415747617,0.0,0.0
0.011919100322755337,0.5269087887527041,0.990989244812247,0.0,0.0
0.012232155673801228,0.5295107585268674,0.9910030847693766,0.0,0.0
0.012542275366202046,0.5321520791578725,0.9910167119133738,0.0,0.0
0.012849384972720253,0.5348296511273165,0.9910301235764472,0.0,0.0
0.013153410788524457,0.5375403818228988,0.991043328369506,0.0,0.0
0.01345427984887828,0.5402811897902838,0.9910563216803242,0.0,0.0
0.013751919946651394,0.5430490087152863,0.9910690983643384,0.0,0.0
0.014046259649649177,0.5458407911411369,0.9916031866597271,0.0,0.0
0.014337228317755697,0.5486535119269544,0.9916147914697158,0.0,0.0
0.014624756119887318,0.5514841714546966,0.991626163184064,0.0,0.0
0.014908774050751744,0.55432979859287,0.9916373737480066,0.0,0.0
0.015189213947408972,0.5571874534260322,0.9916484019088203,0.0,0.0
0.015466008505629897,0.5600542297597578,0.9916592516825847,0.0,0.0
0.015739091296049217,0.562927257411185,0.9916699076183986,0.0,0.0
0.016008396780108066,0.5658037042956011,0.9916804364314132,0.0,0.0
0.01627386032578309,0.568680778319704,0.9916907888974674,0.0,0.0
0.01653541822309746,0.5715557290922625,0.9918483155340608,0.0,0.0
0.016793007699411392,0.5744258494628818,0.9919506033549087,0.0,0.0
0.01704656693448716,0.5772884768994883,0.9919601517514482,0.0,0.0
0.017296035075325376,0.5801409947149477,0.9919695422329611,0.0,0.0
0.017541352250769672,0.5829808331530337,0.9919788056059843,0.0,0.0
0.01778245958587569,0.5858054703436271,0.9919879285645149,0.0,0.0
0.018019299216040254,0.5886124331367467,0.9919968899538208,0.0,0.0
0.018251814300888975,0.5913992978246059,0.9920057252102699,0.0,0.0
0.018479949037917675,0.5941636907605503,0.9920144478861791,0.0,0.0
0.018703648675884546,0.5969032888832742,0.9920230446454886,0.0,0.0
0.01892285952795025,0.5996158201543548,0.9920315023297053,0.0,0.0
0.019137528984562578,0.6022990639166755,0.9920397998225509,0.0,0.0
0.0193476055260824,0.6049508511809294,0.99204792520917,0.0,0.0
0.019553038735148118,0.6075690648469265,0.9920559244998631,0.0,0.0
0.019753779308775695,0.6101516398660733,0.9921168332835798,0.0,0.0
0.01994977907019112,0.612696563350938,0.9921248236743858,0.0,0.0
0.020140990980392365,0.6152018746374552,0.9921326546706829,0.0,0.0
0.020327369149438893,0.6176656653049253,0.9925235791640813,0.0,0.0
0.020508868847464827,0.6200860791586101,0.9928528305970786,0.0,0.0
0.020685446515413836,0.6224613121793804,0.9928592534207894,0.0,0.0
0.020857059775493222,0.6247896124445056,0.9928655488995468,0.0,0.0
0.021023667441344363,0.6270692800234164,0.992871766153576,0.0,0.0
0.02118522952792716,0.6292986668519098,0.9928778742378191,0.0,0.0
0.02134170726111641,0.6314761765880268,0.9930615459152476,0.0,0.0
0.02149306308700725,0.6336002644525411,0.993218074210965,0.0,0.0
0.02163926068092801,0.6356694370567756,0.9932237465856917,0.0,0.0
0.02178026495615795,0.6376822522201823,0.993071233907685,0.0,0.0
0.021916042072347812,0.6396373187799627,0.9930778654444956,0.0,0.0
0.022046559443641502,0.6415332963947553,0.993077869053649,0.0,0.0
0.022171785746496437,0.6433688953442513,0.9930847791544528,0.0,0.0
0.02229169092720098,0.6451428763264205,0.9930915490275102,0.0,0.0
0.02240624620908744,0.6468540502538738,0.9930982170043868,0.0,0.0
0.022515424099437884,0.648501278050717,0.9931047682120918,0.0,0.0
0.022619198396082816,0.6500834704511576,0.993111206190025,0.0,0.0
0.022717544193689213,0.6515995878009535,0.993117550781702,0.0,0.0
0.022810437889737595,0.6530486398627064,0.9931238435202987,0.0,0.0
0.022897857190186992,0.6544296856258962,0.9931300938795944,0.0,0.0
0.022979781114824786,0.6557418331224371,0.9931362415769779,0.0,0.0
0.023056190002302395,0.6569842392484826,0.9931422734173033,0.0,0.0
0.023127065514853593,0.6581561095930837,0.9931481965873125,0.0,0.0
0.023192390642695473,0.6592566982742811,0.9931540132553083,0.0,0.0
0.02325214970811111,0.6602853077831063,0.9931597581472988,0.0,0.0
0.02330632836921157,0.6612412888359275,0.9931653916676189,0.0,0.0
0.023354913623378222,0.6621240402355286,0.9931709691908288,0.0,0.0
0.02339789381038331,0.6629330087412443,0.9931764683983402,0.0,0.0
0.023435258615188387,0.6636676889484477,0.9931819161158033,0.0,0.0
0.023466999070419436,0.6643276231776383,0.9932849342553016,0.0,0.0
0.02349310755851973,0.6649124013733501,0.9932902701076783,0.0,0.0
0.02351357781357734,0.6654216610130608,0.9933693082038971,0.0,0.0
0.023528404922829503,0.6658550870262788,0.9933744961093702,0.0,0.0
0.02353758532784096,0.6662124117239112,0.993379634380564,0.0,0.0
0.023541116825358636,0.6664934147380557,0.9933847150695346,0.0,0.0
0.023538998567840173,0.6666979229722905,0.9933897380849466,0.0,0.0
0.02353123106365711,0.6668258105625362,0.9933947189721705,0.0,0.0
0.02351781617697322,0.6668769988485514,0.9933996513456229,0.0,0.0
0.02349875712729684,0.6668514563560991,0.9934045360750136,0.0,0.0
0.023474058488708482,0.6667491987898023,0.9934093842878485,0.0,0.0
0.023443726188762812,0.6665702890367113,0.9934142086125899,0.0,0.0
0.023407767507066267,0.6663148371805632,0.9934189898234438,0.0,0.0
0.023366191073529833,0.6659830005267267,0.993423729172459,0.0,0.0
0.02331900686629785,0.6655749836377878,0.9934283848563005,0.0,0.0
0.023266226209353758,0.665091038379736,0.9934329944290701,0.0,0.0
0.02320786176980185,0.664531463978674,0.9934405653550121,0.0,0.0
0.0231439275548273,0.6638966070879713,0.9934452649630919,0.0,0.0
0.023074438908334903,0.6631868618657594,0.9934499348280902,0.0,0.0
0.022999412507266222,0.6624026700626383,0.9934545607481595,0.0,0.0
0.022918866357597482,0.6615445211194384,0.9935181338253203,0.0,0.0
0.02283281979001786,0.6606129522748804,0.9935453120549652,0.0,0.0
0.022741293455290582,0.6596085486829,0.9935498918378206,0.0,0.0
0.022644309319296677,0.6585319435394161,0.9935388209112153,0.0,0.0
0.022541890657763113,0.6573838182182683,0.9935438904459675,0.0,0.0
0.022434062050677123,0.6561649024159801,0.9935488838826805,0.0,0.0
0.02232084937638679,0.6548759743050201,0.9935167992867711,0.0,0.0
0.022202279805390513,0.6535178606951211,0.993483857352962,0.0,0.0
0.022078381793816163,0.6520914372021873,0.9934501925209291,0.0,0.0
0.02194918507659185,0.6505976284242719,0.9934153213419215,0.0,0.0
0.021814720660309424,0.6490374081240052,0.9933787438269698,0.0,0.0
0.021675020815783427,0.6474117994167979,0.993384644838216,0.0,0.0
0.021530119070305928,0.645721874964055,0.9933905114452095,0.0,0.0
0.021380050199600258,0.6439687571705519,0.9933963166802948,0.0,0.0
0.021224850219475122,0.6421536183849914,0.9934020665380094,0.0,0.0
0.021064556377180646,0.6402776811026992,0.993407769090131,0.0,0.0
0.020899207142469598,0.6383422181692376,0.9934134126391485,0.0,0.0
0.020728842198364593,0.6363485529836341,0.9934190175383332,0.0,0.0
0.020553502431634424,0.6342980596997417,0.9934245798124697,0.0,0.0
0.02037322992298149,0.6321921634241097,0.9934301106628934,0.0,0.0
0.020188067936942444,0.6300323404085654,0.9934356259565743,0.0,0.0
0.01999806091150518,0.6278201182355333,0.9934411418877006,0.0,0.0
0.019803254447443738,0.6255570759939024,0.9934466209870633,0.0,0.0
0.019603695297374393,0.6232448444430655,0.9934561467684686,0.0,0.0
0.019399431354535195,0.6208851061624961,0.9934619722855659,0.0,0.0
0.019190511641292013,0.6184795956840141,0.9934677453461197,0.0,0.0
0.018976986297372964,0.616030099603606,0.9934293940122199,0.0,0.0
0.018758906567835885,0.6135384566694072,0.9933880218709042,0.0,0.0
0.018536324790768874,0.6110065578421383,0.9933421111733942,0.0,0.0
0.018309294384730012,0.6084363463240037,0.9933484660562549,0.0,0.0
0.018077869835926984,0.6058298175517125,0.993354761494326,0.0,0.0
0.01784210668514072,0.6031890191489295,0.9933610292254441,0.0,0.0
0.017602061514395483,0.6005160508331444,0.9931065353607682,0.0,0.0
0.017357791933380145,0.5978130642715163,0.993114458058667,0.0,0.0
0.01710935656562159,0.5950822628799165,0.9931223335095763,0.0,0.0
0.016856815034415575,0.5923259015589438,0.9931301546351254,0.0,0.0
0.016600227948517274,0.5895462863603207,0.9930676830263633,0.0,0.0
0.016339656887595692,0.5867457740766231,0.9930757110063779,0.0,0.0
0.016075164387454488,0.5839267717469084,0.9930837096315378,0.0,0.0
0.015806813925024314,0.5810917360703568,0.9930916383781149,0.0,0.0
0.015534669903127936,0.5782431727196408,0.9931362110061419,0.0,0.0
0.01525879763502425,0.5753836355453333,0.9930156936730913,0.0,0.0
0.014979263328733373,0.5725157256622522,0.9930241368347538,0.0,0.0
0.014696134071146965,0.5696420904082903,0.9930325378773863,0.0,0.0
0.014409477811927866,0.5667654221659277,0.993040875857343,0.0,0.0
0.014119363347202178,0.5638884570363272,0.9930491615098952,0.0,0.0
0.01382586030304886,0.561013973355643,0.9930574124987868,0.0,0.0
0.013529039118789601,0.5581447900430091,0.9930656008407103,0.0,0.0
0.013228971030083986,0.5552837647695028,0.9930737324612928,0.0,0.0
0.01292572805183273,0.5524337919373679,0.9930944928108055,0.0,0.0
0.012619382960895088,0.5495978004588182,0.993102886202844,0.0,0.0
0.012310009278622407,0.5467787513238798,0.9930707876806705,0.0,0.0
0.011997681253213236,0.5439796349470454,0.992954426503928,0.0,0.0
0.011682473841894586,0.5412034682828897,0.9929637883225475,0.0,0.0
0.01136446269293206,0.538453291701375,0.9929730575150116,0.0,0.0
0.011043724127474883,0.5357321656143191,0.9928937811124031,0.0,0.0
0.010720335121239145,0.5330431668453691,0.9929038711956094,0.0,0.0
0.01039437328603405,0.5303893847369675,0.9929138718452653,0.0,0.0
0.01006591685113537,0.5277739169890634,0.9929237920925921,0.0,0.0
0.009735044644510788,0.5251998652258587,0.9927954418776186,0.0,0.0
0.009401836073901713,0.5226703302886144,0.9928064534453321,0.0,0.0
0.009066371107765554,0.5201884072544849,0.992621663501043,0.0,0.0
0.0087287302560839,0.5177571801835755,0.9925005133493175,0.0,0.0
0.008388994551040453,0.5153797165987747,0.9923795801693803,0.0,0.0
0.008047245527573625,0.5130590617055838,0.9923928552415198,0.0,0.0
0.007703565203808553,0.5107982323619796,0.9924059758307693,0.0,0.0
0.0073580360613732234,0.5086002108113402,0.9924189518300828,0.0,0.0
0.007010741025603182,0.50646793819465,0.9924317849933758,0.0,0.0
0.006661763445640041,0.5044043078615011,0.9924444578815332,0.0,0.0
0.006311187074427707,0.5024121585027551,0.992324890018692,0.0,0.0
0.005959096048612499,0.5004942671312042,0.992337888103134,0.0,0.0
0.005605574868350496,0.4986533419399599,0.9921173519886105,0.0,0.0
0.005250708377027978,0.4968920150716524,0.9921317729211364,0.0,0.0
0.0048945817408994645,0.4952128353347901,0.992146009486242,0.0,0.0
0.004537280428648146,0.4936182609066252,0.9921600796422364,0.0,0.0
0.00417889019087381,0.49211065206469595,0.9921740559583742,0.0,0.0
0.003819497039513246,0.4906922639916487,0.9921878627068197,0.0,0.0
0.003459187227197536,0.489365239700011,0.9922015548343976,0.0,0.0
0.0030980472265521746,0.4881316031251898,0.9922151360761954,0.0,0.0
0.0027361637094437084,0.48699325243602637,0.9922286069210821,0.0,0.0
0.0023736235261791706,0.48595195361274474,0.992107167933331,0.0,0.0
0.002010513684662265,0.48500933434199295,0.9921209551355743,0.0,0.0
0.0016469213295119483,0.4841668782778704,0.9921346121638991,0.0,0.0
0.0012829337211481598,0.4834259197163571,0.9921481571683259,0.0,0.0
0.0009186382148497038,0.48278763872838076,0.9921615851093645,0.0,0.0
0.0005541222397893904,0.4822530567938894,0.9921748467829884,0.0,0.0
0.0001894732780514925,0.4818230329757479,0.9921879925309852,0.0,0.0
-0.0001752211563635584,0.48149826066813267,0.9922010299581838,0.0,0.0
-0.0005398735385421195,0.4812792649493245,0.9922139471188169,0.0,0.0
-0.0009043963536628359,0.4811664005635915,0.9922268052153727,0.0,0.0
-0.0012687021179999002,0.48115985055112515,0.992239538683458,0.0,0.0
-0.0016327033999185786,0.4812596255390358,0.9922521664636414,0.0,0.0
-0.001996312840858494,0.48146556370014326,0.99226471977716,0.0,0.0
-0.002359443176299221,0.48177733137996054,0.9922771689030372,0.0,0.0
-0.002722007256703348,0.48219442438590493,0.9922895333263774,0.0,0.0
-0.0030839180684319504,0.48271616992649496,0.9923017777087575,0.0,0.0
-0.003445088754627461,0.48334172918228757,0.9923139010680818,0.0,0.0
-0.003805432636058881,0.4840701004845491,0.992325920790084,0.0,0.0
-0.004164863231924383,0.48490012307236807,0.9923378191128931,0.0,0.0
-0.0045232942806063,0.4858304813941113,0.9922210456053991,0.0,0.0
-0.00488063976037349,0.48685970991486327,0.9922332492629788,0.0,0.0
-0.005236813910026111,0.48798619838789165,0.9922453401660131,0.0,0.0
-0.005591731249477981,0.48920819754522227,0.9922573600370221,0.0,0.0
-0.005945306600271293,0.49052382516013293,0.9921407830326576,0.0,0.0
-0.006297455106019083,0.49193107243281714,0.9920233474319776,0.0,0.0
-0.006648092252770357,0.4934278106495898,0.9919051373411004,0.0,0.0
-0.006997133889293006,0.49501179806576756,0.9919184711864792,0.0,0.0
-0.007344496247269761,0.4966806869628093,0.9919316793713893,0.0,0.0
-0.007690095961402081,0.4984320308312731,0.9919448047075754,0.0,0.0
-0.008033850089417541,0.5002632916327062,0.9918082917309816,0.0,0.0
-0.0083756761319755,0.502171847095572,0.9918217514592166,0.0,0.0
-0.008715492052466583,0.5041549980027434,0.9918350570077149,0.0,0.0
-0.009053216296701019,0.5062099754308321,0.9918482072388156,0.0,0.0
-0.009388767812481397,0.5083339479046418,0.991861209251683,0.0,0.0
-0.009722066069054557,0.5105240284332467,0.9916823894548373,0.0,0.0
-0.010053031076438899,0.5127772813975388,0.991257244091443,0.0,0.0
-0.010381583404621291,0.5150907292625015,0.991273340301996,0.0,0.0
-0.010707644202620109,0.5174613590909125,0.9912893016809463,0.0,0.0
-0.011031135217408993,0.5198861288385412,0.99130512946505,0.0,0.0
-0.011351978812697196,0.5223619734142451,0.9913207613237304,0.0,0.0
-0.011670097987561974,0.5248858104915317,0.9911855810518257,0.0,0.0
-0.011985416394928361,0.5274545460611896,0.9912015638879687,0.0,0.0
-0.012297858359892225,0.5300650797174572,0.9910665816400117,0.0,0.0
-0.012607348897881728,0.532714309672824,0.9910830182028282,0.0,0.0
-0.012913813732653403,0.5353991374990147,0.9905465807121141,0.0,0.0
-0.01321717931411794,0.5381164725939142,0.9899385829458741,0.0,0.0
-0.01351737283599204,0.5408632363761947,0.9899613420186016,0.0,0.0
-0.013814322253271434,0.5436363662111364,0.9899839137378974,0.0,0.0
-0.014107956299521345,0.5464328190727215,0.9897793908434023,0.0,0.0
-0.014398204503980253,0.5492495749483718,0.9898020543598003,0.0,0.0
-0.014684997208472307,0.5520836399938495,0.9898245067634405,0.0,0.0
-0.014968265584125041,0.5549320494467528,0.9898467630884512,0.0,0.0
-0.015247941647888109,0.557791870307805,0.9896716620583443,0.0,0.0
-0.015523958278848683,0.5606602037997052,0.9894918423442894,0.0,0.0
-0.01579624923434023,0.5635341876137538,0.989515184742889,0.0,0.0
-0.016064749165840546,0.5664109979547374,0.9895383089624274,0.0,0.0
-0.016329393634654868,0.5692878513947591,0.9893495324412277,0.0,0.0
-0.016590119127381012,0.5721620065467248,0.9893725654592305,0.0,0.0
-0.016846863071152327,0.5750307655681959,0.9891842758210502,0.0,0.0
-0.017099563848654697,0.5778914755061606,0.9892077300286172,0.0,0.0
-0.01734816081291454,0.5807415294931375,0.9890141684831412,0.0,0.0
-0.01759259430185371,0.583578367804718,0.9890381695345656,0.0,0.0
-0.017832805652608225,0.5863994787884129,0.988847307007309,0.0,0.0
-0.018068737215607047,0.5892023996732905,0.9886044994836081,0.0,0.0
-0.018300332368407345,0.5919847172695497,0.9886289037884162,0.0,0.0
-0.018527535529284368,0.5947440685667712,0.9886530827240536,0.0,0.0
-0.018750292170570018,0.5974781412391946,0.9884010396309415,0.0,0.0
-0.01896854883173969,0.6001846740659286,0.9884255794256119,0.0,0.0
-0.019182253132242425,0.6028614572736171,0.9884497248373348,0.0,0.0
-0.01939135378407179,0.60550633280863,0.9884735739277516,0.0,0.0
-0.019595800604075227,0.6081171945454421,0.9884972055305894,0.0,0.0
-0.01979554452599724,0.6106919884374649,0.9885206046559157,0.0,0.0
-0.019990537612255384,0.6132287126161626,0.9882853207875727,0.0,0.0
-0.020180733065444958,0.6157254174439353,0.9883090455985216,0.0,0.0
-0.020366085239570203,0.6181802055258345,0.9880845064053297,0.0,0.0
-0.0205465496509991,0.6205912316848478,0.988108699193355,0.0,0.0
-0.020722082989139006,0.6229567029051194,0.9881326669814436,0.0,0.0
-0.020892643126831423,0.6252748782471562,0.987807057428812,0.0,0.0
-0.02105818913046218,0.6275440687387575,0.987831487266935,0.0,0.0
-0.021218681269784906,0.629762637245091,0.9876270547096325,0.0,0.0
-0.021374081027456623,0.6319289983210886,0.9876517570553363,0.0,0.0
-0.021524351108281332,0.6340416180490431,0.9874286698296306,0.0,0.0
-0.02166945544816114,0.6360990138640651,0.9874539103026196,0.0,0.0
-0.02180935922275084,0.6380997543698039,0.9871124006746919,0.0,0.0
-0.021944028855816117,0.6400424591466523,0.9871382454512001,0.0,0.0
-0.02207343202729163,0.6419257985544244,0.9871638186018636,0.0,0.0
-0.022197537681037265,0.6437484935313362,0.9871891582975635,0.0,0.0
-0.02231631603229183,0.6455093153909235,0.9872142445729003,0.0,0.0
-0.022429738574821254,0.6472070856183996,0.9872391093615105,0.0,0.0
-0.022537778087759724,0.6488406756677839,0.9872637114382726,0.0,0.0
-0.022640408642142732,0.6504090067610172,0.9872880773767996,0.0,0.0
-0.022737605607130014,0.6519110496901406,0.9873121969447812,0.0,0.0
-0.022829345655916395,0.6533458246235252,0.987336184415366,0.0,0.0
-0.022915606771330574,0.6547124009170021,0.9873600268353098,0.0,0.0
-0.022996368251118924,0.6560098969306846,0.987383650202636,0.0,0.0
-0.023071610712914022,0.6572374798521701,0.9874070797911861,0.0,0.0
-0.023141316098886113,0.6583943655267237,0.9874302750670335,0.0,0.0
-0.0232054676800772,0.6594798182949984,0.9874532587732987,0.0,0.0
-0.02326405006041579,0.6604931508387627,0.9874018873205385,0.0,0.0
-0.023317049180411765,0.6614337240350668,0.9874247500292064,0.0,0.0
-0.023364452320530735,0.662300946819197,0.9874474285922028,0.0,0.0
-0.02340624810424666,0.6630942760567705,0.987469910425362,0.0,0.0
-0.023442426500772016,0.663813216425224,0.9874922469046081,0.0,0.0
-0.02347297882746536,0.6644573203049582,0.987514433004155,0.0,0.0
-0.023497897751914895,0.6650261876803448,0.9871753345217823,0.0,0.0
-0.023517177293698347,0.6655194660507718,0.9871980706332447,0.0,0.0
-0.02353081282581832,0.6659368503518854,0.9872113521813435,0.0,0.0
-0.02353880107581252,0.6662780828871526,0.9872338611317528,0.0,0.0
-0.023541140126539264,0.6665429532698645,0.9872562053336433,0.0,0.0
-0.0235378294166376,0.6667312983756455,0.9872783603587983,0.0,0.0
-0.023528869740662085,0.6668430023055639,0.9861845246272298,0.0,0.0
-0.023514263248891974,0.6668779963598677,0.9862105100466426,0.0,0.0
-0.023494013446814965,0.6668362590224146,0.9858377169596078,0.0,0.0
-0.023468125194286597,0.6667178159557822,0.9858644583570608,0.0,0.0
-0.023436604704363095,0.6665227400070937,0.9854901909451816,0.0,0.0
-0.023399459541810743,0.6662511512245379,0.9855966679932877,0.0,0.0
-0.02335669862129024,0.6659032168845598,0.9856238314601388,0.0,0.0
-0.02330833220521726,0.6654791515296911,0.9852407804140848,0.0,0.0
-0.023254371901299586,0.6649792170169605,0.9852685560776954,0.0,0.0
-0.023194830659750972,0.6644037225768196,0.9848841316338671,0.0,0.0
-0.023129722770183752,0.6637530248824852,0.9850309527989048,0.0,0.0
-0.023059063858178696,0.6630275281296028,0.9850591380896867,0.0,0.0
-0.02298287088153573,0.6622276841260883,0.9850871815164711,0.0,0.0
-0.022901162126203353,0.6613539923919961,0.9838765826840469,0.0,0.0
-0.02281395720189077,0.6604070002692342,0.9834734404589262,0.0,0.0
-0.02272127703736106,0.6593873030409051,0.9821511383444277,0.0,0.0
-0.022623143875408838,0.6582955440600352,0.9821894435352471,0.0,0.0
-0.02251958126752201,0.6571324148873984,0.9822276157780322,0.0,0.0
-0.022410614068229303,0.6558986554381108,0.982265655746765,0.0,0.0
-0.022296268429135558,0.6545950541366261,0.9823035625518398,0.0,0.0
-0.022176571792645147,0.6532224480796939,0.9823413234982893,0.0,0.0
-0.022051552885376382,0.6517817232068139,0.982378978300775,0.0,0.0
-0.021921241711266744,0.6502738144776207,0.9824165715584909,0.0,0.0
-0.02178566954437269,0.6486997060555939,0.9824541317561029,0.0,0.0
-0.021644868921363386,0.6470604314973826,0.9824916345275149,0.0,0.0
-0.02149887363371241,0.645357073946977,0.9820328009233351,0.0,0.0
-0.021347718719588155,0.6435907663338366,0.9820715574200983,0.0,0.0
-0.021191440455444435,0.6417626915739892,0.9816046305053229,0.0,0.0
-0.02103007634731439,0.6398740827730294,0.9811267811827586,0.0,0.0
-0.020863665121809403,0.6379262234297611,0.9811682901246022,0.0,0.0
-0.020692246716824823,0.6359204476391612,0.9812097823381005,0.0,0.0
-0.020515862271955038,0.6338581402931462,0.9807238144990605,0.0,0.0
-0.020334554118619987,0.631740737277478,0.9802366795714557,0.0,0.0
-0.02014836576990639,0.6295697256629871,0.9802813756726498,0.0,0.0
-0.01995734191012398,0.6273466438890856,0.9797815875413839,0.0,0.0
-0.019761528384082294,0.6250730819373409,0.9798278884820002,0.0,0.0
-0.01956097218608758,0.6227506814926913,0.9798741756135835,0.0,0.0
-0.01935572144866468,0.6203811360896174,0.9793748431878111,0.0,0.0
-0.01914582543100537,0.6179661912403572,0.9794227948553427,0.0,0.0
-0.018931334507146156,0.6155076445419905,0.9794707583592293,0.0,0.0
-0.018712300153879424,0.6130073457589258,0.9795187307396932,0.0,0.0
-0.01848877493839843,0.6104671968770233,0.979566640640362,0.0,0.0
-0.018260812505681876,0.6078891521252925,0.9796145377976392,0.0,0.0
-0.018028467565619464,0.6052752179607505,0.9796624673828177,0.0,0.0
-0.01779179587988144,0.6026274530116894,0.9797104406164248,0.0,0.0
-0.017550854248536293,0.599947967974236,0.9797584581172873,0.0,0.0
-0.017305700496419035,0.5972389254567009,0.9798065532456516,0.0,0.0
-0.017056393459253406,0.5945025397658519,0.97985462209788,0.0,0.0
-0.01680299296953149,0.591741076628802,0.9787140098088384,0.0,0.0
-0.016545559842154584,0.5889568528438167,0.9774929330682552,0.0,0.0
-0.01628415585983748,0.5861522358529329,0.9775512295512852,0.0,0.0
-0.016018843758281102,0.5833296432288393,0.9776095928960248,0.0,0.0
-0.015749687211116317,0.5804915420680556,0.9776680043945449,0.0,0.0
-0.015476750814622454,0.5776404482820462,0.9777264450826771,0.0,0.0
-0.015200100072224543,0.5747789257774748,0.9777849497856552,0.0,0.0
-0.014919801378772706,0.5719095855164354,0.9778435239286718,0.0,0.0
-0.014635922004607956,0.5690350844471269,0.977902120600839,0.0,0.0
-0.014348530079417316,0.5661581242951012,0.9779608293145177,0.0,0.0
-0.014057694575883479,0.5632814502049206,0.9780196610850345,0.0,0.0
-0.013763485293131044,0.5604078492218351,0.9780785262700615,0.0,0.0
-0.013465972839975693,0.5575401486028628,0.9781374785757222,0.0,0.0
-0.01316522861797807,0.5546812139466093,0.9791005257649874,0.0,0.0
-0.012861324804307824,0.5518339471310728,0.9791552293601351,0.0,0.0
-0.01255433433442143,0.5490012840487836,0.979209922081847,0.0,0.0
-0.012244330884558032,0.5461861921288113,0.979264660060798,0.0,0.0
-0.01193138885405755,0.5433916676354517,0.9793194403101808,0.0,0.0
-0.011615583347505136,0.540620732733872,0.978814123110095,0.0,0.0
-0.011296990156706344,0.5378764323135793,0.9788709005215336,0.0,0.0
-0.010975685742497812,0.5351618305613535,0.9789276936023175,0.0,0.0
-0.010651747216396501,0.5324800072762105,0.9789845197770484,0.0,0.0
-0.010325252322093722,0.5298340539201374,0.9790413936180536,0.0,0.0
-0.009996279416796948,0.5272270693996566,0.9790982560911832,0.0,0.0
-0.009664907452424218,0.5246621555748536,0.9791550892353645,0.0,0.0
-0.009331215956656428,0.5221424124942893,0.9801766142178236,0.0,0.0
-0.008995285013850664,0.5196709333562135,0.9802286474190783,1.3970336021084948e-06,0.00013975128697664457
-0.008657195245820787,0.517250799198751,0.980280723115522,5.583034321592962e-06,0.0002794551457513842
-0.008317027792488196,0.5148850733241672,0.9803328476038252,1.2551479079350025e-05,0.00041911126044743386
-0.007974864292408755,0.5125767954650032,0.9803850128322148,2.2295851222070894e-05,0.000558719290688126
-0.007630786863180103,0.510328975702739,0.9804371632050654,3.4809640381583046e-05,0.0006982789034814212
-0.007284878081733628,0.508144588152672,0.9797865034356408,5.008625353539454e-05,0.0008377718307287514
-0.006937220964516346,0.5060265644319237,0.9798421158643322,6.811856220574782e-05,0.0009771885496978464
-0.006587898947567671,0.5039777869307706,0.9798976828542524,8.88998970262927e-05,0.00111655593507366
-0.006236995866494842,0.5020010819109251,0.9799532597617633,0.00011242377631893801,0.001255873675391784
-0.0058845959363529035,0.5000992124577948,0.9800088538571131,0.0001386837268831162,0.0013951415472969557
-0.005530783731433496,0.4982748713171814,0.9794054951587037,0.00016767320006985428,0.0015343427576705118
-0.005175644164967412,0.4965306736501978,0.9794646998290373,0.00019938515749215558,0.001673468550314894
-0.004819262468745908,0.4948691497434028,0.9795238178951039,0.00023381298081069567,0.001812543467358444
-0.004461724172665364,0.4932927377141211,0.9795829042454064,0.0002709502256997218,0.0019515673448647938
-0.004103115084200552,0.4918037762536639,0.9796416109284555,0.0003107904597589111,0.0020905406827849936
-0.00374352126781137,0.4904044974535203,0.9797007451310107,0.0003533272821825433,0.0022294636048739054
-0.0033830290242875707,0.4890970197615788,0.979759876932496,0.00039855427843247523,0.002368334595101615
-0.0030217248700372527,0.4878833411169015,0.9798189645996046,0.0004464650327934325,0.0025071532804479086
-0.0026596955163230114,0.48676533231257096,0.979877462413776,0.0004970531384046186,0.0026459202781738676
-0.002297027848451988,0.4857447306364418,0.9799364349811432,0.0005503122255696911,0.002784635747962197
-0.0019338089049235686,0.48482313383939757,0.9799953780540831,0.0006062359032447593,0.0029232977044473026
-0.0015701258565407013,0.48400199447974906,0.9800542321445946,0.0006648177744741969,0.003061905810697598
-0.0012060659854892363,0.48328261469078504,0.9801129381124765,0.0007260514489679135,0.0032004597041343005
-0.0008417166643906803,0.48266614141616854,0.9801707622054073,0.0007899305476173946,0.0033389602254386332
-0.00047716533533313153,0.48215356215484434,0.9802283822377212,0.0008564487383619936,0.003477408768434316
-0.0001124994888856612,0.48174570125345917,0.9802858827275076,0.0009255997038557198,0.003615804641009041
0.0002521933568990482,0.48144321678000085,0.9803439177106925,0.0009973771199267797,0.003754146273693236
0.0006168256774886057,0.4812465980075067,0.981445647652106,0.0010717747686642288,0.003892459013676233
0.000981309962876384,0.4811561635313374,0.9824712556254496,0.0011487873675935585,0.00403078167092451
0.0013455587385834843,0.4811720600377737,0.9834212164620821,0.0012284098495240678,0.004169110232631389
0.0017094845866521804,0.4812942617356059,0.9834632319049258,0.0013106369607127535,0.0043074173021801
0.002073000166625875,0.4815225704561423,0.9835051606033733,0.001395462565704567,0.0044456649795105874
0.0024360182365103064,0.48185661642067656,0.983546220571475,0.001482880291177555,0.004583854685661114
0.002798451673711263,0.4822958596681098,0.9844321797117117,0.0015728839429878917,0.004722010854784351
0.0031602134959435586,0.4828395921292118,0.9844690948892424,0.00166546800319654,0.004860142800371888
0.003521216882106393,0.4834869403280042,0.9852825178899093,0.0017606264736103794,0.00499823717883476
0.003881375193119967,0.48423686868513777,0.985315315669423,0.0018583537795415644,0.005136303705974213
0.004240601992718474,0.4850881833928848,0.9853476963736613,0.0019586437762654047,0.0052743084892435356
0.004598811068194359,0.48603953682671586,0.9850172633493777,0.002061494662593466,0.005413155945671613
0.0049559164510889885,0.48708943245428105,0.985049996070813,0.0021669314745582434,0.00555328014623876
0.005311832437824643,0.4882362301991661,0.9850834925809773,0.002274956608645337,0.005693333381626943
0.005666473610272951,0.489478152213954,0.9851165996886522,0.0023855634304474223,0.005833312656817994
0.006019754856254921,0.4908132890150293,0.9858655214313511,0.002498745423967928,0.005973240045899672
0.006371591389967269,0.4922396059301292,0.985894566276613,0.0026144967158965604,0.006113125325404624
0.006721898772330826,0.49375494980890094,0.985582490356331,0.0027328153402575604,0.006253818897306729
0.007070592931255361,0.49535705594665624,0.9856127331262968,0.0028537252921583146,0.00639574085127687
0.007417590181816537,0.4970435551720545,0.9856424137761158,0.0029772283930193677,0.006537575739686662
0.007762807246339856,0.4988119810505649,0.985328498924144,0.003103322066246175,0.0066801848006620805
0.008106161274386974,0.5006597771571986,0.9853590288348315,0.003232029222612345,0.006823976007473359
0.008447569862639283,0.5025843043741068,0.9860474931835094,0.0033633512928337474,0.006967689246069425
0.008786951074674459,0.5045828481711196,0.9860735425566093,0.0034972817936164504,0.007111335080275401
0.009124223460630678,0.5066526258301086,0.9860999732573423,0.003633813778858801,0.007254883421784824
0.009459306076754322,0.5087907935771379,0.9861260959320352,0.0037729400730106702,0.007398332169785343
0.009792118504825972,0.5109944535895841,0.9861521382354868,0.003914653506215519,0.007541681331391057
0.010122580871460455,0.5132606608488037,0.9861775344411751,0.004058946917495222,0.007684931520935742
0.010450613867276052,0.5155864298123202,0.9867841540727754,0.004205813284692951,0.00782810131336065
0.01077613876592837,0.5179687408829521,0.9868061911830531,0.004355246099108642,0.007971197982308569
0.011099077443004335,0.5204045466556649,0.9868280550559183,0.004507238434372054,0.008114196029035342
0.011419352394771662,0.522890777926221,0.986850097946157,0.004661783194670041,0.008257093822223952
0.011736886756779235,0.5254243494488584,0.9868715702024039,0.0048188732581913385,0.008399890600192155
0.012051604322304458,0.5280021654332172,0.9868929277916084,0.004978501539193068,0.008542587707930847
0.012363429560642238,0.5306211247735512,0.986914501625911,0.0051406609744677045,0.008685184240949013
0.012672287635232272,0.5332781260058633,0.9869355626675954,0.005305344467293514,0.00882767848450689
0.012978104421619206,0.5359700719909968,0.9869568019365693,0.005472544942869554,0.008970070493225063
0.013280806525242246,0.5386938743238787,0.9869775245146646,0.005642255308130086,0.009112359326101056
0.013580321299049649,0.5414464574710596,0.9867004751570316,0.005814472545938145,0.009255347696270446
0.013876576860933338,0.5442247626404053,0.9867217494557037,0.005989217326765344,0.009399411601031771
0.014169502110980574,0.5470257513882977,0.9867429346400814,0.006166490216153153,0.009543360473880136
0.014459026748537482,0.549846408970983,0.9867639110927938,0.006346283854037642,0.009687193149395248
0.014745081289080749,0.552683747447786,0.9867847227543574,0.006528590879258496,0.009830909551404365
0.01502759708089383,0.5555348085448096,0.986805675565155,0.006713403937561771,0.00997450809530559
0.015306506321542778,0.5583966662884465,0.9868261428162262,0.006900715652104942,0.01011798851129556
0.015581742074148685,0.5612664294185692,0.9865495565863069,0.00709052249831646,0.010262106617723686
0.01585323828345211,0.5641412435916978,0.9865707069974212,0.0072828432064571515,0.010407212668832324
0.016120929791665996,0.5670182933846661,0.986591425309385,0.00747767755698555,0.010552186500369175
0.016384752354113446,0.5698948041094972,0.9866120273692371,0.007675017879748491,0.01069702784847618
0.016644642654645755,0.5727680434501924,0.9866324901425073,0.007874856526593558,0.010841736870464034
0.016900538320838467,0.575635322932136,0.9866527774011614,0.008077185855035621,0.010986312891915758
0.017152377938959837,0.5784939992346344,0.9866727973826768,0.008281998222558592,0.011130755251932568
0.017400101068710608,0.5813414753569306,0.9866927246651646,0.008489285996465989,0.011275063605685743
0.017643648257728618,0.5841752016477822,0.9864169593117988,0.00869904507254555,0.011419934923901816
0.017882961055857634,0.5869926767083647,0.9864385462797476,0.008911291844958523,0.01156568690645202
0.018117982029174876,0.589791448177931,0.9864586267100782,0.009126025133228506,0.011711286002308348
0.018348654773774817,0.5925691134112852,0.9864783683675956,0.009343236965166157,0.011856736168103385
0.018574923929306087,0.595323320056728,0.9862016206293371,0.009562922675732149,0.012002681620412046
0.01879673519225752,0.5980517665427347,0.9862218708579553,0.00978509650172086,0.012149414523562118
0.019014035328990656,0.6007522024811875,0.9862417966575237,0.010009756497364932,0.012295982534978139
0.019226772188515866,0.6034224289945916,0.986261626314656,0.010236894403940494,0.012442385140698103
0.019434894715008012,0.6060602989742556,0.9862810865580071,0.010466501945127549,0.012588620886959485
0.019638352960059644,0.6086637172760188,0.9860037765667593,0.010698573813448287,0.012735272597730322
0.019837098094668684,0.6112306408596906,0.9860235824774459,0.01093312173326625,0.012882600741446114
0.020031082420956935,0.6137590788779704,0.9860431891088257,0.011170142835036223,0.013029747865777791
0.020220259383617118,0.6162470927202307,0.9860625869332137,0.01140962855596592,0.013176713626034965
0.0204045835810863,0.6186927960161573,0.9860817350797161,0.01165157034229623,0.013323497104184144
0.020584010776441935,0.6210943546039162,0.9861007055796523,0.011895959631076826,0.013470097192783283
0.020758497908018394,0.6234499864671379,0.9861194475361521,0.012142787864916502,0.013616513766977935
0.02092800309974165,0.6257579616446957,0.9861379985524074,0.01239204650387455,0.01376274638903943
0.021092485671179412,0.6280166021169559,0.9865063229281905,0.012643727057202004,0.013908803723211493
0.021251906147304007,0.6302242816718728,0.9865221644591846,0.012897821301086786,0.014054688926246867
0.021406226267966476,0.6323794257540246,0.9865377791781934,0.013154320804858483,0.014200389175691051
0.021555408997078543,0.6344805112994395,0.9865532360145751,0.013413217052890645,0.014345903174864868
0.02169941853150141,0.6365260665587981,0.986568553112357,0.01367450153896807,0.01449123131550177
0.02183822030963809,0.6385146709113946,0.9865837755379945,0.013938165771128953,0.014636372762462243
0.021971781019728027,0.6404449546720168,0.9865988249670241,0.014204201258991848,0.01478132715548842
0.022100068607842045,0.642315598892695,0.9866136613967832,0.01447259952169744,0.014926093696235843
0.02222305228557474,0.6441253351611149,0.9866298177074273,0.014743352062364896,0.015070668970355333
0.02234070253743366,0.6458729453973027,0.9863222676032297,0.015016452677517972,0.015215513984891469
0.022452991127923334,0.6475572616500329,0.9860164192208065,0.015291910628861443,0.015361222794083779
0.022559891108320917,0.6491771658942856,0.9860316557891147,0.015569734898910741,0.015507282406290466
0.022661376823144348,0.650731589830916,0.9860473615205847,0.015849920153728315,0.01565312223044399
0.02275742391630918,0.6522195146896173,0.9860628927140502,0.016132457265702938,0.01579874046545191
0.02284800933697395,0.6536399710361093,0.9860776521234038,0.016417337112136155,0.01594413811400598
0.022933111345072685,0.6549920385844133,0.9860921160013437,0.016704550608667733,0.01608931496041038
0.02301270951653207,0.656274846014964,0.9861083424646304,0.016994088668194154,0.01623426875701205
0.02308678474817274,0.6574875707992358,0.9861223898399709,0.017285942151738735,0.01637899755656552
0.02315531926229492,0.6586294390314744,0.9861367149739121,0.017580101965301038,0.01652350336374566
0.023218296610944118,0.6596997252680721,0.9861508477101609,0.017876559043120313,0.016667785931097013
0.023275701679858905,0.6606977523750388,0.9861648542411063,0.018175304327628556,0.016811844297228314
0.023327520692098393,0.661622891383997,0.9863438063384429,0.018476328772288685,0.01695568034773455
0.02337374121134831,0.6624745613570391,0.9864837731953291,0.0187796234180589,0.017099296190408366
0.02341435214490599,0.663252229260781,0.9864950047207978,0.019085179304367025,0.017242688843898093
0.023449343746342236,0.6639554098498744,0.9865061506653708,0.019392987415037775,0.017385855243706554
0.02347870761784071,0.6645836655602124,0.986517184658595,0.019703038724663415,0.01752879497950157
0.023502436712213203,0.6651366064120409,0.9865281109378883,0.02001532421587231,0.017671507170989652
0.023520525334590953,0.6656138899231456,0.9865382344145955,0.02032983487688958,0.01781399201872438
0.023532969143791466,0.6660152210322638,0.9865489375214641,0.020646561716198632,0.01795624889261367
0.02353976515336016,0.6663403520328388,0.9865595818780395,0.020965495744944183,0.01809827719491546
0.02354091173228757,0.666589082517237,0.9865694054739308,0.021286627980863497,0.01824007662668843
0.02353640860540004,0.6667612593314893,0.9865799137385052,0.02160994945919342,0.018381646944039397
0.023526256853426554,0.6668567765406362,0.986280809577586,0.021935452409527014,0.018523213747954966
0.023510458912738706,0.6668755754047268,0.9862910040836856,0.02226313531293581,0.01866485313735504
0.02348901857476654,0.6668176443654931,0.9863019752268515,0.022592990997658536,0.018806245908413864
0.023461940985088282,0.6666830190437263,0.9863143404497504,0.022925010180804138,0.018947390108919816
0.02342923264219535,0.666471782247359,0.9860136110881905,0.023259184271442187,0.019088415947766738
0.023390901395933254,0.6661840639902437,0.9860249426900045,0.02359550807901073,0.019229352259374926
0.023346956445616893,0.6658200415215869,0.9857221065035229,0.02393397344904197,0.019370064913215912
0.023297408337823414,0.6653799393660219,0.9857328861491134,0.024274571723579517,0.019510535655410072
0.023242268963860894,0.6648640293742439,0.9857445526760803,0.02461729330772777,0.019650727837062742
0.023181551556914485,0.6642726307841414,0.9857561552717479,0.02496212837684146,0.01979064011968616
0.023115270688870305,0.6636061102923284,0.9857677356792478,0.025309067114695567,0.019930272374769777
0.02304344226681852,0.6628648821359675,0.9857792441473093,0.025658099719693222,0.020069624088696832
0.02296608352923565,0.6620494081847413,0.9857906991691769,0.026009216395398674,0.020208694828496687
0.022883213041847476,0.661160198042814,0.9858021249486671,0.02636240736667759,0.020347484528734618
0.02279485069317304,0.660197809160599,0.9858150296638302,0.026717662866642098,0.02048599264098109
0.022701017689751874,0.6591628469561028,0.9858279213658895,0.02707497314033348,0.02062421877937514
0.022601736551054425,0.6580559649455989,0.9858392865692704,0.027434328447515227,0.02076216261603372
0.022497031104077476,0.6568778648833291,0.9858506351589672,0.027795719048883706,0.020899822912078977
0.02238692647762562,0.6556292969099075,0.9858619507703106,0.028159135199190076,0.021037198460639457
0.02227144909628073,0.6543110597090319,0.9855609132820612,0.02852456661623322,0.021174166753172092
0.022150626674059905,0.6529240006720693,0.985262983696999,0.028891997759292777,0.021310410921641376
0.022024488207764648,0.6514690160700143,0.9852740870980354,0.02926140916616654,0.02144599174963798
0.02189306397002131,0.6499470512322727,0.9851383100714176,0.029632788221470738,0.021581254610818477
0.02175638550201611,0.6483591007316076,0.9848434875802585,0.03000612303390412,0.02171586601633625
0.02161448560592528,0.6467062085745647,0.9846528388662458,0.03038139115234578,0.021849619190902624
0.021467398337042712,0.6449894683965454,0.9846685880995857,0.03075857856694367,0.021983043474329785
0.021315158995606973,0.6432100236606545,0.9846843280852663,0.031137674944302113,0.022116144224024664
0.02115780411832905,0.6413690678592971,0.9843863583506058,0.03151866777144149,0.022248459762279935
0.02099537146962441,0.6394678447174094,0.9843998353268512,0.03190153008085288,0.02237971437522862
0.020827900032548828,0.6375076483960856,0.9844148731906708,0.03228624642705263,0.02251062246186756
0.020655429999443434,0.635489823695203,0.9844299938019493,0.03267280620990278,0.022641185841981746
0.020478002762288245,0.6334157662535179,0.9844450597249746,0.0330611988532638,0.022771404145881052
0.020295660902768468,0.6312869227445317,0.9844601797463353,0.033451413806475844,0.02290127787341711
0.020108448182055164,0.6291047910662636,0.9841640924187838,0.03384343759015083,0.02303020214315349
0.0199164095303025,0.6268709205228491,0.9841801802352055,0.034237238005096704,0.023157833096630876
0.01971959103586527,0.6245869119957297,0.9838845353737067,0.034632794517375685,0.023284377906776746
0.01951803993423734,0.6222544181019113,0.9839012956613529,0.03503007049838427,0.023409434832365187
0.019311804596715457,0.619875143336601,0.9836106015721341,0.03542904354485691,0.0235332848300049
0.01910093451879085,0.6174508441972408,0.9836264669569815,0.03582967307784653,0.023655468134383895
0.01888548030826993,0.6149833292856924,0.9836442481535405,0.03623193948213303,0.023777263185476717
0.018665493673129013,0.6124744593850623,0.9836620838581049,0.036635831771694695,0.02389867277039735
0.018441027409104437,0.6099261475073309,0.9836798555346096,0.0370413390047019,0.024019697988306
0.018212135387022304,0.6073403589076548,0.9836988320318979,0.03744845030899157,0.024140345066983444
0.017978872539869007,0.6047191110608542,0.9837178124778501,0.03785715504679502,0.024260623566263788
0.017741294849608236,0.6020644735952576,0.9837355717307374,0.038267442657366466,0.024380528463034568
0.017499459333745238,0.5993785681787118,0.983754578534913,0.03867930240430919,0.02450005545504499
0.017253424031642973,0.596663568351184,0.9834643080991076,0.03909271863017267,0.024618181592809468
0.017003247990592878,0.5939216992979739,0.9834841488025204,0.039507644270138045,0.024734355756695872
0.016748991251643964,0.591155237557173,0.9830785345340987,0.039924058267892686,0.024850150039249837
0.016490714835193085,0.5883665106545813,0.9830990948853349,0.04034194997878028,0.024965555826139223
0.016228480726340387,0.5855578966588654,0.9831174529193347,0.04076130857126414,0.02508056086714777
0.015962351860013206,0.5827318236493392,0.9831381550409131,0.04118212302622601,0.025195162107028535
0.015692392105862082,0.579890769088316,0.9831565085235944,0.041604382445049985,0.02530936268334556
0.015418666252932077,0.5770372590895656,0.9831782573666132,0.04202807589662548,0.025423167017877932
0.015141239994113995,0.5741738675740086,0.9831990374628042,0.04245319280521759,0.02553658586850239
0.014860179910378185,0.5713032153034133,0.9832194426012211,0.04287972248151247,0.02564960948646076
0.014575553454795718,0.5684279687824733,0.9832398199352442,0.04330765423590661,0.025762240140696287
0.014287428936349584,0.565550839019335,0.9832581843038181,0.043736977364473704,0.02587446889209896
0.013995875503541234,0.5626745801343631,0.9836978092123407,0.044167680995837455,0.025986300842596465
0.013700963127794879,0.559801987806695,0.9837175939963668,0.04459975469642802,0.026097750125673797
0.013402762586665224,0.5569358975479602,0.9840772943723218,0.04503318796280654,0.026208811449749576
0.013101345446850637,0.5540791827924636,0.9840972738114876,0.04546797040785112,0.026319485850320297
0.012796784047017878,0.5512347527930914,0.984114917066463,0.045904091416973984,0.0264297554306379
0.0124891514804409,0.5484055503123412,0.9841324773270735,0.046341540099541494,0.02653961037729235
0.012178521577458997,0.5455945490980182,0.983647654471379,0.04678030558297652,0.026649064015769268
0.011864968887757765,0.5428047511335305,0.9836673661559464,0.04722037742430363,0.02675812368994403
0.011548568662477712,0.5400391836531586,0.9836870192443233,0.0476617448807041,0.026866768951017667
0.011229396836154064,0.537300895913308,0.9837065972704223,0.04810439704029019,0.026974996510417158
0.010907530008493047,0.5345929557115762,0.9837261037509919,0.048548323005919526,0.027082807700246486
0.010583045425988289,0.5319184456464324,0.9831760702543477,0.04899351198495579,0.027190216922412476
0.010256020963382026,0.5292804591114939,0.983198045227084,0.04943995365734748,0.02729723299174282
0.009926535104975443,0.5266820960197934,0.9832225779734243,0.04988763737992081,0.02740383821607218
0.009594666925793064,0.5241264582550204,0.9832470177767056,0.05033655261029653,0.027510043924779456
0.009260496072604749,0.521616644848553,0.9832686716829727,0.050786688854995946,0.027615841044071325
0.00892410274481123,0.5191557468831707,0.9832903017330129,0.05123803534989237,0.02772121733067113
0.008585567675196443,0.5167468421265998,0.983314688641465,0.051690581305863494,0.027826180929183226
0.008244972110552064,0.5143929894005512,0.9833390103511574,0.05214431624331263,0.027930743515700365
0.007902397792178668,0.5120972226936416,0.9833631955946497,0.05259922975989674,0.028034904056698853
0.007557926936268231,0.5098625450294606,0.983387382332083,0.05305531147458016,0.028138662946965633
0.0072116422141726404,0.507691922104163,0.9834120031709465,0.053512551066291075,0.028242029360317424
0.006863626732562998,0.5055882757111654,0.9834358900464161,0.05397093853837449,0.028345008970653666
0.006513964013484326,0.5035544769738711,0.9834569962551175,0.05443046362798631,0.028447578090653656
0.006162737974310789,0.501593339410766,0.9834807242866458,0.054891115718999565,0.02854973185275677
0.005810032907605782,0.4997076118606353,0.9835043763815032,0.055352884451336126,0.028651484557253755
0.00545593346089227,0.49789997129908065,0.9835280578121794,0.055815759579163,0.028752835825046886
0.005100524616337772,0.49617301558079824,0.983551637084371,0.05627973085333325,0.028853783708193165
0.004743891670358946,0.4945292561452756,0.9835756668549509,0.056744788057715795,0.02895433741518302
0.004386120213150832,0.4929711107264698,0.9835989585549894,0.05721092132473637,0.029054504588106992
0.004027296108145905,0.4915008961097115,0.983622194749071,0.05767812059049796,0.02915427058187049
0.003667505471406867,0.49012082098137094,0.9830111244268233,0.05814637575064045,0.02925364552674382
0.0033068346509594446,0.4888329789186776,0.9830370111505015,0.058615677073018776,0.029352636934741366
0.0029453702060693635,0.4876393415684976,0.9830628590431593,0.05908601455139748,0.029451225149306953
0.0025831988864682184,0.4865417520646799,0.9830884859564301,0.059557378064942726,0.029549410758603657
0.0022204076115342262,0.4855419187338297,0.9831146600874543,0.06002975756970203,0.02964720423631058
0.00185708344943196,0.48464140913894843,0.9831401452757702,0.06050314336294686,0.029744611197113
0.0014933135962162075,0.48384164450929823,0.983165414246553,0.06097752550748206,0.029841616562988414
0.0011291853549056442,0.48314389460307244,0.9828767091947374,0.06145288665369429,0.029936740537567376
0.0007647861145302872,0.4825492730469736,0.9827711478423214,0.061929164688985225,0.030029221114433163
0.00040020332915862046,0.48205873319365505,0.9827986589946582,0.0624063349697343,0.030121305752000567
3.552449690908665e-05,0.4816730645341659,0.9828255019022,0.06288438763162885,0.030212982697539914
-0.00032916286104911794,0.48139288969812694,0.982852603568211,0.0633633127843759,0.03030425259719946
-0.0006937712215006366,0.4812186620693907,0.9826386700758134,0.06384310060760391,0.030395125451756596
-0.001058213080189162,0.4811506640395165,0.9826668188256558,0.06432374155441287,0.030485603890623346
-0.0014224009728179955,0.481189005915529,0.9826953396822273,0.06480522587528476,0.03057567525351927
-0.0017862474960410849,0.48133362549235864,0.982720532894338,0.06528754365136703,0.030665322890345202
-0.002149665328439385,0.48158428829401906,0.982083626116118,0.06577068463736661,0.03075455770494918
-0.0025125672514775977,0.4819405884812297,0.9821143689648505,0.06625463946420317,0.030843408217623956
-0.002874866170436196,0.48240195041685224,0.9821448222038203,0.0667393984858859,0.03093184898182254
-0.003236475135313713,0.48296763087433836,0.9821749285131547,0.06722495197486784,0.031019892614278753
-0.003597307361694408,0.4836367218684477,0.9818723621436942,0.06771128226480351,0.03110586739229176
-0.003957276251575977,0.48440815408196514,0.9818999195797617,0.06819832058942984,0.031188871648041547
-0.00431629541415279,0.4852807008570167,0.9815977575408145,0.06868603083876999,0.03126963882511429
-0.004674278686549182,0.4862529827150171,0.9816293063043514,0.06917433999335086,0.03134727150649055
-0.005031140154498166,0.48732347236529555,0.9816571441455512,0.06966322037477493,0.03142447195585345
-0.0053867941729604605,0.48849050015910617,0.981684760183546,0.07015266185519275,0.03150121352286584
-0.005741155386678808,0.48975225994306215,0.9817122283211109,0.07064265413013478,0.031577495049247686
-0.006094138750662938,0.49110681526406363,0.9810563806530571,0.07113318713438309,0.03165336014020598
-0.006445659550599859,0.4925521058765158,0.9807332917647763,0.07162424251316853,0.03172690668072299
-0.006795633423184989,0.49408595450202003,0.9807674592914091,0.07211574309826202,0.03179711270151882
-0.007143976376368825,0.4957060737918016,0.9808007335595955,0.0726076603321023,0.03186692092307618
-0.007490604809514724,0.4974100734427939,0.9808341372476012,0.07309998565575783,0.031936338570602
-0.007835435533462623,0.49919546741952336,0.9808672940358527,0.07359271014291209,0.03200534257712006
-0.008178385790494014,0.5010596812357156,0.9809001819340617,0.07408582473789002,0.032073933716505035
-0.008519373274193474,0.5030000592516902,0.9805824580776131,0.07457931013561538,0.032140046980724216
-0.00885831614920162,0.5050138719461981,0.9802625629270311,0.07507307405662236,0.032200465495822846
-0.009195133070855559,0.5070983231242185,0.9802934821540494,0.0755670109656755,0.03225719337678564
-0.009529743204710834,0.5092505570253365,0.980324057491918,0.07606108980176075,0.03231345996717502
-0.009862066245941492,0.5114676653006046,0.9803579315468561,0.07655530119146785,0.03236928913929779
-0.01019202243861287,0.5137466938291624,0.9803914620090176,0.07704963658164839,0.0324247148529232
-0.01051953259482259,0.5160846493493326,0.9804248162457422,0.07754408763481709,0.03247973400688694
-0.010844518113705287,0.518478505882324,0.9804543374318785,0.0780386459068099,0.03253432694158902
-0.011166901000296383,0.5209252109300196,0.9798216973847081,0.07853330248888031,0.03258851354004721
-0.011486603884250607,0.523421691431621,0.9798527846368772,0.07902804988165137,0.03264232177465558
-0.011803550038410453,0.5259648594670036,0.9798835148792053,0.07952287926348534,0.03269567017351451
-0.012117663397220335,0.5285516176976273,0.9799140598777519,0.08001778127620965,0.032748558350334064
-0.012428868574981938,0.5311788645386055,0.97994435514629,0.08051274658671102,0.032800986819837286
-0.012737090883946436,0.5338434990580809,0.9799783582251717,0.08100776601581737,0.032852980537261045
-0.013042256352239184,0.5365424256024345,0.9800082836945468,0.08150283109856328,0.03290454855071652
-0.013344291741612719,0.5392725581479418,0.9793869510746055,0.0819979330236279,0.03295570973455151
-0.013643124565023335,0.542030824381405,0.9794214883888583,0.08249306465178992,0.03300653526904239
-0.013938683104027925,0.5448141695139487,0.979456807716315,0.08298821888078776,0.03305699085145609
-0.014230896425995829,0.5476195598336276,0.9794916399214773,0.08348338793206021,0.03310704956016339
-0.014519694401132488,0.550443986003722,0.9788597278140327,0.0839785639972619,0.03315674282403931
-0.01480500771931013,0.5532844661146651,0.9788968789113345,0.08447374023853867,0.03320608666090149
-0.015086767906701984,0.556138048498349,0.9789334609415686,0.08496890903687276,0.033255033177652285
-0.01536490734221551,0.559001814314301,0.978661501094727,0.0854640509436882,0.033301273066193064
-0.015639359273721388,0.561872879917681,0.9780142291629722,0.0859590774059194,0.03334368297050407
-0.01591005783407347,0.5647483990194511,0.9780541142886833,0.08645395900345895,0.03338575991110361
-0.01617693805691664,0.5676255646493064,0.9773820153530595,0.08694868884177245,0.03342748623275541
-0.016439935892278483,0.5705016109320659,0.9774242480234123,0.08744326075726506,0.03346888026368471
-0.016698988221940964,0.5733738146882514,0.9774646585207976,0.0879376678160773,0.03350990765994586
-0.016954032874588517,0.5762394968695084,0.97715874805956,0.08843189138395047,0.03354819514220274
-0.017205008640728738,0.5790960238393648,0.9772011559244759,0.08892584104647397,0.03358252884965329
-0.01745185528738245,0.5819408085096233,0.977241798111624,0.08941948615342209,0.03361650815514224
-0.017694513572539466,0.5847713113423969,0.9772834806339954,0.08991282050380418,0.033650142370889334
-0.01793292525937595,0.5875850412274941,0.9773246539062802,0.09040583746947334,0.033683405308949005
-0.018167033130231772,0.5903795562445014,0.9767021384213239,0.09089853046414613,0.03371633448592917
-0.01839678100034146,0.5931524643185472,0.9760354805548528,0.09139089420267618,0.033748985838778306
-0.018622113731319126,0.5959014237783047,0.9760814324358814,0.09188292362438116,0.033781323707802895
-0.01884297724439094,0.5986241438244219,0.9761272132442569,0.09237461239794527,0.03381329286286643
-0.019059318533373965,0.6013183849161072,0.9761722429717666,0.0928659538645025,0.03384489754753499
-0.019271085677397406,0.6039819590832048,0.9749885540744355,0.09335694163165043,0.033876176121128934
-0.01947822785336307,0.6066127301706596,0.9737208726161388,0.09384757077121593,0.03390719771417994
-0.019680695348143096,0.6092086140218671,0.972370200691978,0.09433783693546223,0.03393796988973717
-0.019878439570510657,0.6117675786069773,0.9724269115544696,0.09482773566343544,0.03396844660123845
-0.020071413062801628,0.6142876441018587,0.9724829274439646,0.09531726084281178,0.03399855763219166
-0.02025956951230404,0.616766882922998,0.9725336307986362,0.09580640575936432,0.034028271721196005
-0.02044286376237338,0.6192034197232843,0.972588412310741,0.09629516278093651,0.03405757477281647
-0.020621251823269363,0.6215954313532422,0.9723535855769546,0.09678351290970832,0.03408407766122844
-0.020794690882713674,0.6239411467919549,0.9721189037901573,0.09727135256318671,0.03410416575338132
-0.020963139316164624,0.6262388470515798,0.9721758074107045,0.0977585674648192,0.03412031266396203
-0.021126556696806745,0.6284868650590787,0.9722326674341621,0.09824512823116,0.03413612979869726
-0.021284903805253146,0.630683585518454,0.9722889375597386,0.09873102958215517,0.03415161761348762
-0.02143814263895785,0.6328274447565649,0.9720462711077799,0.09921625401585529,0.03416433637248834
-0.021586236421336474,0.6349169305552869,0.972103400014433,0.09970071133143493,0.034173092897908236
-0.021729149610591858,0.636950581972577,0.9721573217756769,0.1001843726779426,0.034181559985595245
-0.02186684790824487,0.6389269891547662,0.9717489989796289,0.10066723425165036,0.034189775673319184
-0.021999298267364922,0.6408447931421976,0.9718067874753359,0.10114929283667702,0.034197737180807625
-0.022126468900501677,0.6427026856701298,0.9718640297168909,0.101630544252631,0.03420538912163376
-0.02224832928731351,0.6444994089666584,0.9717089858162186,0.1021109718394913,0.03421032529248429
-0.022364850181892652,0.6462337555492232,0.9717643253887543,0.10259048740689294,0.03421139190512736
-0.022476003619783747,0.6479045680211347,0.9718212810658173,0.10306906373461942,0.03421220231265061
-0.022581762924695097,0.6495107388694031,0.971878709945772,0.10354669725201089,0.03421273217419427
-0.0226821027149014,0.6510512102650186,0.9715505144729062,0.10402338442661554,0.034213016143850535
-0.022776998909334562,0.6525249738667335,0.9716087044422348,0.10449912270593831,0.03421306932856505
-0.022866428733363284,0.6539310706292505,0.9716664255555543,0.10497390877781672,0.03421284874290602
-0.022950370724259365,0.6552685906166769,0.9713859384090575,0.10544773922505717,0.03421238280414423
-0.023028804736347715,0.656536672821952,0.971444339956264,0.10592061148828946,0.03421168586384489
-0.023101711945842048,0.6577345049929303,0.9715023081842018,0.1063925222787085,0.03421071367898004
-0.02316907485536207,0.6588613234656817,0.9715120072201371,0.10686345627046268,0.0342071344259027
-0.02323087729813276,0.6599164130055393,0.9715706733178517,0.10733332896490727,0.034199825474623725
-0.023287104441864517,0.6608991066563386,0.9715627073891473,0.10780210321729346,0.03419006401715709
-0.023337742792312814,0.6618087855982534,0.9697489051521722,0.10826970027399865,0.03417687882488082
-0.023382780196516663,0.6626448790145688,0.9678409193330006,0.10873609947306684,0.034163679633779115
-0.023422205845715104,0.6634068639677134,0.9679122173604895,0.10920130258440826,0.03415038776368544
-0.02345601027794164,0.6640942652847923,0.9679788822743775,0.10966530829681435,0.03413684504862737
-0.023484185380294814,0.6647066554528727,0.9678821599274037,0.11012811365987088,0.03412306109511588
-0.023506724390885334,0.6652436545242084,0.9677500855176737,0.11058971733868052,0.0341091183081146
-0.023523621900458837,0.6657049300315719,0.9678171302780283,0.11105011832450255,0.03409496496391837
-0.023534873853694054,0.6660901969138389,0.9678836989232042,0.1115093137436837,0.03408052174518496
-0.023540477550176405,0.6663992174519434,0.9679550329276827,0.11196730038621751,0.03406582076619431
-0.02354043164504545,0.666631801215311,0.9680206301539018,0.11242407598302198,0.03405087865820652
-0.023534736149318274,0.6667878050188334,0.9683241170701035,0.11287962717302796,0.03403360174085743
-0.023523392429886603,0.6668671328904577,0.9683947490456778,0.11333388001222422,0.034013054073030145
-0.02350640320918851,0.666869736049437,0.9684196660546147,0.11378681299724107,0.033992343068671736
-0.023483772564555395,0.666795612895261,0.9684870952595975,0.11423842581104107,0.03397148990275528
-0.02345550592723346,0.6666448090072956,0.9685529080688883,0.11468871793238865,0.03395044289301511
-0.023421610081079958,0.6664174171551212,0.9686196871078161,0.11513768757777418,0.033929189976626126
-0.023382093160935206,0.6661135773195614,0.9686892074407403,0.11558533404940405,0.033907781218396736
-0.023336964650670373,0.6657334767243726,0.9687583634860236,0.11603165663792868,0.033886198489911305
-0.023286235380911305,0.6652773498785445,0.9688239387096541,0.11647665460671575,0.03386445804402806
-0.023229917526439166,0.6647454786291621,0.9688934519170995,0.11692032764011881,0.033842565614371774
-0.023168024603268843,0.6641381922247397,0.968962668708595,0.11736267510757538,0.03382050371726903
-0.023100571465404677,0.6634558673889331,0.969027575583203,0.11780369614428357,0.0337982447339056
-0.023027574301276058,0.6626989284045186,0.9690951552272234,0.11824338903273593,0.03377577503591651
-0.022949050629851808,0.6618678472074894,0.9691596204979299,0.1186817526753163,0.033753111575509066
-0.022865019296436303,0.6609631434910997,0.9692241089844931,0.1191187852887471,0.03373021171380923
-0.022775500468146217,0.6599853848196757,0.9692911396929894,0.11955448497634091,0.03370710711307333
-0.02268051562907051,0.6589351867519488,0.969355415849993,0.11998885075690251,0.0336838125265471
-0.022580087575114753,0.6578132129736639,0.9696985542928553,0.120421881067989,0.03366031576835014
-0.02247424040852961,0.6566201754391444,0.9697656577168654,0.12085357516910637,0.0336366629659783
-0.02236299953212717,0.6553568345214861,0.9698281288958409,0.12128393263870767,0.03361286394121604
-0.02224639164318376,0.6540239991709643,0.9698913990414452,0.12171295327469997,0.033588896783345916
-0.022124444727032906,0.6526225270812234,0.9699543731376468,0.12214063558179769,0.03356470153675006
-0.021997188050349243,0.6511533248627243,0.9700172628657027,0.12256697769708756,0.03354028020583535
-0.021864652154124177,0.6496173482228818,0.9700793192212036,0.1229919779996291,0.03351567538910823
-0.021726868846336754,0.648015602152231,0.9705388670405338,0.12341563626265345,0.03349093404735075
-0.021583871194319346,0.6463491411159041,0.9706010194405634,0.12383795199989299,0.03346600761862288
-0.021435693516821983,0.6446190692495791,0.9710626525972318,0.12425892383110908,0.03344088502110161
-0.021282371375776127,0.6428265405589921,0.9711268635566161,0.12467855106519879,0.03341560998220574
-0.021123941567759583,0.6409727591219794,0.9693260958473722,0.12509683386599077,0.03339027605870266
-0.020960442115165744,0.6390589792918984,0.9693930592167707,0.12551377490327778,0.03336489801611781
-0.02079191225707851,0.6370865059011651,0.969460196720908,0.12592937368010798,0.03333930395182349
-0.020618392439854714,0.6350566944634768,0.9695306856521753,0.1263436287166172,0.03331352455370024
-0.020439924307417652,0.6329709513731611,0.9696012086607898,0.1267565396185607,0.03328760730367729
-0.020256550691262414,0.6308307340999224,0.9696717700711094,0.12716810633572426,0.0332615538732225
-0.020068315600176606,0.6286375513770619,0.9678615468010595,0.12757832927939247,0.033235452947759876
-0.019875264209678556,0.6263929633810812,0.9679337833101226,0.12798721155667367,0.03320935878008594
-0.019677442851175377,0.6240985819003505,0.9680080149474258,0.1283947542567129,0.03318311804901546
-0.019474899000843385,0.6217560704903078,0.968605096275905,0.12880094800716874,0.03315504076990515
-0.019267681268234523,0.6193671446124285,0.9692993871040649,0.12920573552558182,0.033124398862820655
-0.019055839384609936,0.616933571753919,0.9693731725592218,0.12960910056819364,0.03309360445622182
-0.018839424191004657,0.6144571715248598,0.9694469093680883,0.13001104279464848,0.03306264797294617
-0.018618487626026508,0.6119398157291903,0.9695206249226048,0.13041156180772054,0.03303152945971608
-0.018393082713390393,0.6093834284056673,0.9700265743938932,0.1308106503229947,0.03299890459984917
-0.01816326354919356,0.6067899858345638,0.970102052888889,0.1312082620692557,0.03296418203157478
-0.01792908528893201,0.6041615165055727,0.970174961221146,0.13160438464163965,0.032929375759246385
-0.01769060413426432,0.6015001010419992,0.9702530734133921,0.1319990199008528,0.03289452224789601
-0.017447877319522614,0.5988078720759799,0.9703312955868094,0.13239216971646692,0.03285960974259054
-0.0172009630979775,0.5960870140690516,0.9704096545848602,0.1327838358915252,0.032824640235849904
-0.016949920727856883,0.5933397630720395,0.9704879371651227,0.13317402026339914,0.03278961409038021
-0.016694810458124446,0.5905684064177784,0.9717283528577003,0.1335627188558515,0.03275341250335525
-0.016435693514020456,0.5877752823398075,0.9726137211747248,0.13394989549058567,0.03271553121431134
-0.016172632082367553,0.584962779509744,0.9726869883518351,0.13433554075786905,0.03267756542813057
-0.01590568929664676,0.5821333364855982,0.9727604142476057,0.13471965635647545,0.032639540543721944
-0.01563492922184514,0.5792894410629176,0.9728355399956415,0.13510224426040354,0.032601474191636934
-0.015360416839080973,0.5764336295201936,0.9748115652330974,0.13548330269874131,0.032562571955333276
-0.015082218030008492,0.5735684857495954,0.9733922139720133,0.13586280742220241,0.0325225826576222
-0.014800399561006341,0.5706966402636892,0.9761615851230782,0.13624075346305908,0.032482160451250484
-0.014515029067154397,0.5678207690684794,0.9762327149673433,0.13661712692186556,0.03244101131193739
-0.014226175036001322,0.5649435923927667,0.9763037257814765,0.13699192668630225,0.032399908134854986
-0.013933906791127998,0.5620678732635515,0.9763746755261077,0.13736515685082573,0.032358854592391434
-0.013638294475510303,0.559196415916994,0.9802233684161067,0.13773681981756383,0.03231754903920622
-0.013339409034684984,0.5563320640342947,0.9802801619067802,0.1381069103876966,0.032275919799651824
-0.013037322199723112,0.5534776987917548,0.9840518996458046,0.13847542959614503,0.03223421480687498
-0.012732106470015032,0.5506362367143306,0.984593227673062,0.138842377546117,0.032192388837985364
-0.012423835095870766,0.5478106273220621,0.9857037715915337,0.13920775735017177,0.032150700385361095
-0.012112582060940298,0.5450038505590303,0.9857647398467321,0.1395715773751875,0.032109277015414044
-0.011798422064458053,0.5422189139948211,0.9858240406155258,0.13993384398644299,0.032067965119558894
-0.011481430503315033,0.5394588497890196,0.9873924040802845,0.14029456205176577,0.03202669122831518
-0.011161683453964327,0.5367267114098829,0.9874422282808906,0.14065373462655564,0.03198543479977174
-0.01083925765416302,0.5340255700992248,0.9874910334933478,0.14101136636795192,0.031944288404915394
-0.010514230484555255,0.5313585110765281,0.9877715627490841,0.141367462508035,0.031903242021882564
-0.010186679950101613,0.5287286294765741,0.9878187412879594,0.14172202797743916,0.031862292814106324
-0.009856684661358013,0.5261390260162686,0.9875866687597533,0.14207506803314662,0.031821465842627676
-0.009524323815609723,0.5235928023880415,0.9876317813620241,0.14242658832520416,0.03178076780625676
-0.00918967717786436,0.5210930563790469,0.9876760235419315,0.14277659429719933,0.03174018642600787
-0.00885282506170855,0.5186428767175034,0.9877194056690124,0.14312509130160414,0.03169972083828485
-0.008513848310033245,0.5162453376498537,0.9877630387149522,0.14347208471726985,0.03165938088647157
-0.008172828275631745,0.5139034932549534,0.9878048815666974,0.1438175802167668,0.03161917397365102
-0.007829846801675332,0.511620371504271,0.9878459258726998,0.1441615832807793,0.031579087175677784
-0.007484986202071253,0.509398968080007,0.9881040630648006,0.14450409925460647,0.03153911143388982
-0.007138329241708185,0.5072422399661773,0.9889452199664489,0.14484513300279092,0.0314992096631174
-0.0067899591165924995,0.5051530988309306,0.9887037847876006,0.14518468880429822,0.03145939533218285
-0.006439959433882029,0.5031344042217585,0.9887422312404569,0.1455227721674301,0.031419730237184224
-0.006088414191820524,0.5011889565986339,0.9887799823520105,0.145859389070917,0.03138021956737583
-0.005735407759578592,0.49931949023358263,0.9888158952201305,0.1461945454868806,0.03134085320880314
-0.00538102485700551,0.4975286660085473,0.9888511339860617,0.14652824701359687,0.03130161650848405
-0.005025350534296732,0.495819064146712,0.9888857135003872,0.14686049916491284,0.03126251052235833
-0.0046684701515824845,0.4941931769155633,0.9889169117822779,0.14719130741548972,0.031223531285378168
-0.004310469358441466,0.49265340134285557,0.9889502012422199,0.1475206771771663,0.03118468097872824
-0.003951434073345547,0.4912020319892337,0.98898289201559,0.14784861395713625,0.031145963332518834
-0.0035914504630397658,0.48984125382347526,0.9890149276914424,0.1481751232768175,0.031107379760861337
-0.0032306049218625353,0.48857313524810075,0.9895893650559555,0.14850021061900828,0.031068918215176815
-0.0028689840510116855,0.4873996213243521,0.9896196740934942,0.1488238810595271,0.03103057206154682
-0.0025066746377603345,0.4863225272462687,0.9898167544685865,0.14914613999825246,0.03099235700213593
-0.0021437636346284972,0.4853435321136841,0.9898466171976573,0.14946699276025704,0.030954269417584016
-0.0017803381385149012,0.48446417305340805,0.9898774926483557,0.14978644493482934,0.030916335649531005
-0.001416485369794106,0.4836858397366363,0.9899062552408848,0.15010450263291714,0.030878565661583087
-0.0010522926513840214,0.48300976933870415,0.98993450768681,0.15042117163077035,0.03084093831153128
-0.0006878473877888751,0.48243704198467474,0.989962205759689,0.15073645757047144,0.03080345534886627
-0.00032323704412255027,0.48196857672097226,0.9899894314674312,0.15105036611423078,0.030766117197207704
4.145087488272514e-05,0.4816051280493113,0.9900179134499058,0.1513629029461921,0.0307289370985192
0.0004061288458769119,0.48134728305464486,0.9900441230321918,0.15167407425979662,0.03069192818267986
0.0007707093478975052,0.4811954591537802,0.9900698970918274,0.1519838859031045,0.030655068632921348
0.001135104883374106,0.4811499024857742,0.9900951901508489,0.15229234358174848,0.030618358280889418
0.0014992279991273374,0.4812106869593377,0.9901200250460687,0.15259945299163075,0.030581798404995326
0.0018629913073572846,0.48137771396629375,0.9901444931035817,0.15290521983958716,0.03054538911848275
0.0022263075066161157,0.4816507127638237,0.9901685635777543,0.1532096498011869,0.030509129837132852
0.0025890894027600004,0.4820292415218649,0.9901922181968354,0.1535127485738133,0.03047302280755022
0.0029512499298752657,0.4825126890256977,0.9902154381218427,0.15381452186843683,0.03043706927213955
0.003312702171173873,0.4831002770176543,0.9902382213772963,0.15411497541377434,0.03040127047203374
0.0036733593798529284,0.48379106315599935,0.9902605965071742,0.15441411494568263,0.030365627022591837
0.004033134999913587,0.48458394456358944,0.9902825857998709,0.15471194619889586,0.03033013965139853
0.004391942686934018,0.4854776619339047,0.990304170374902,0.15500847491632833,0.030294809218454608
0.004749696328791683,0.4864708041575871,0.9904839919821451,0.15530370679154543,0.03025962733729507
0.005106310066329818,0.48756181342877714,0.990505355907879,0.1555976472781284,0.030224591575158142
0.0054616983139632175,0.488748990787333,0.9905263338947741,0.15589030204272805,0.030189714569176178
0.00581577578021843,0.49003050205049586,0.9905469958742033,0.15618167683897452,0.03015499746023267
0.006168457488203155,0.4914043840857479,0.9909595526256212,0.15647177752277816,0.030120461033656093
0.0065196587960004125,0.4928685513754747,0.9913397981690805,0.15676061071233707,0.030086144085649833
0.006869295416982173,0.4944208028235746,0.9913589991055709,0.15704818334510207,0.030052032895179135
0.0072172834400377524,0.49605882875437135,0.9914678624263233,0.15733450149872716,0.030018082633012786
0.007563539349711981,0.49778021805496114,0.9917724633368972,0.15761957099568127,0.029984325627669662
0.007907980046248651,0.4995824654134739,0.9918122984232556,0.1579033988417627,0.029950789032552192
0.008250522865534005,0.5014629786075859,0.9917875077992926,0.15818599120431912,0.0299174205627495
0.008591085598935632,0.5034190857998739,0.991809043190101,0.1584673539641737,0.029884223385067094
0.008929586513032313,0.5054480427992343,0.9917288974751022,0.1587474929954519,0.02985119949726311
0.009265944369229536,0.5075470402505383,0.9917539071405602,0.15902641438667028,0.029818375387379546
0.009600078443256409,0.5097132107178072,0.9917745017741896,0.15930412483187745,0.029785753235467418
0.009931908544539023,0.5119436356295303,0.9915205556898983,0.15958063026487845,0.029753302342711674
0.010261355035445953,0.514235352058116,0.9915435861204237,0.15985593675671633,0.029721036367693566
0.010588338850400818,0.5165853593089218,0.9914071064624518,0.1601300502764634,0.029688949737099565
0.01091278151485757,0.5189906252977035,0.9914337732395117,0.1604029770113845,0.029657071871101805
0.011234605164134116,0.5214480926986684,0.991245645003051,0.16067472383043338,0.029625416344911757
0.011553732562099512,0.5239546848485671,0.9914469216300016,0.16094529743072428,0.029594007636674708
0.011870087119710044,0.5265073113953205,0.9914729570853514,0.16121470585836337,0.0295628673249366
0.012183592913390481,0.5291028736826356,0.9914985839120509,0.16148295564366832,0.029531910032559654
0.012494174703255256,0.5317382698647479,0.9915237601665978,0.1617500527558608,0.029501133731447
0.012801757951165615,0.5344103997479879,0.9915484508324146,0.1620160030953339,0.029470537193547842
0.013106268838618526,0.5371161693581263,0.9915749293304875,0.16228081269372507,0.029440149806009033
0.013407634284462693,0.5398524952345591,0.9916009443292627,0.16254448860003667,0.029410016730914035
0.013705781962437841,0.5426163084542217,0.9916242699448712,0.1628070380458022,0.029380111479526655
0.014000640318532223,0.5454045583897372,0.9916471230259145,0.16306846724409688,0.029350389820517016
0.014292138588155933,0.5482142162077386,0.9916718025568282,0.1633287822658897,0.02932088304161899
0.014580206813123386,0.551042278114474,0.9916961475022155,0.16358799024611928,0.029291638034877117
0.014864775858443445,0.5538857683568204,0.9917164420821785,0.16384609846673007,0.02926262022692717
0.015145777428911223,0.5567417419876357,0.9917376379231319,0.16410311295718585,0.029233780347526966
0.015423144085498653,0.5596072874050396,0.9917583998153389,0.16435903959979392,0.02920512952751241
0.01569680926153954,0.5624795286756722,0.9917787361443732,0.1646138843545014,0.0291766686718578
0.015966707278705333,0.5653556276523485,0.9917986737146943,0.164867653196961,0.029148399442139247
0.01623277336276738,0.5682327858967201,0.9918981876464177,0.165120352531582,0.02912041120690438
0.01649494365914276,0.5711082464176712,0.9919178038998022,0.16537199159813618,0.02909275937366415
0.016753155248218812,0.5739792952361524,0.9919370094537717,0.1656225773370926,0.029065301295382137
0.017007346160453626,0.5768432627870866,0.9919558845815862,0.1658721157577761,0.029038039450613548
0.017257455391248375,0.5796975251688177,0.9919731798575525,0.16612061282197002,0.029010965579830964
0.017503422915588304,0.5825395052503108,0.9919913838326463,0.16636807426539854,0.028984076595443248
0.01774518970244819,0.5853666736460883,0.9920449895290826,0.16661450655883034,0.028957495586973483
0.01798269772895982,0.5881765495685094,0.9920656293761899,0.16685991980245155,0.028931317861349923
0.018215889994336792,0.5909667015666784,0.9920859710666471,0.16710432256865007,0.028905429669018178
0.018444710533554867,0.5937347481608756,0.9921034517202594,0.16734772251129978,0.02887979750030059
0.01866910443078302,0.5964783583809881,0.9921206675601313,0.16759012602169898,0.02885436656688899
0.018889017832563044,0.5991952522170327,0.9921402347546298,0.16783153930166197,0.02882917446878698
0.01910439796073412,0.6018832009894226,0.9921568209182514,0.1680719696698421,0.02880424117535587
0.019315193125099314,0.6045400276462076,0.9920601782146654,0.16831142354008505,0.028779513615330755
0.019521352735831055,0.6071636069941172,0.992077716678057,0.1685499069811708,0.02875499099859893
0.019722827315612437,0.6097518658697957,0.9920949112768429,0.1687874260061266,0.02873067217753589
0.019919568511511436,0.6123027832572363,0.992111757759912,0.16902398662230958,0.028706557957700076
0.02011152910658532,0.6148143903570098,0.9921271327463186,0.16925959480231917,0.028682641442711678
0.020298663031212815,0.6172847706125166,0.9921434010969831,0.16949425628959947,0.02865891944157332
0.02048092537415021,0.6197120596981066,0.9921593672676706,0.16972797702229048,0.028635404016764867
0.020658272393310265,0.6220944454735695,0.9921779148615713,0.16996076321219603,0.028612135585144534
0.02083066152625947,0.624430167909176,0.9921933957135957,0.17019262227697146,0.0285891359948063
0.02099805140043359,0.6267175189850892,0.9922086357887803,0.1704235606437847,0.02856634562231529
0.021160401843066213,0.6289548425687145,0.9922236652708224,0.17065358435271716,0.02854376617994068
0.021317673890830408,0.631140534273226,0.9922384354119291,0.17088269944541787,0.02852139779290746
0.021469829799189745,0.6332730413002776,0.9922529448716717,0.17111091195737316,0.028499240508174366
0.021616833051456574,0.6353508622696126,0.9922986480726905,0.17133822870652873,0.028477454258282985
0.02175864836755597,0.6373725470380951,0.9923371154636729,0.17156466215340013,0.028456286712449354
0.021895241712492772,0.6393366965104262,0.9923672022099491,0.17179022653530732,0.028435749213987064
0.022026580304519965,0.6412419624436295,0.992382075706044,0.1720149354455743,0.028415682800208866
0.022152632623005767,0.6430870472471834,0.9923967296248897,0.17223879667818084,0.028395839303917373
0.022273368415999046,0.6448707037805239,0.992411154567829,0.17246181636686736,0.028376215301671014
0.02238875870748879,0.6465917351494345,0.9924253813213282,0.17268400056453034,0.028356810487912783
0.022498775804359144,0.6482489945027505,0.9924394201520302,0.17290535532391235,0.02833762524551876
0.022603393303034888,0.6498413848306124,0.9924221541310227,0.1731258866694858,0.028318655150207015
0.02270258609581842,0.6513678587654028,0.9924397149923728,0.17334560070999605,0.028299944718843378
0.022796330376915728,0.6528274183863788,0.9924540160480979,0.17356450507077506,0.028281525717098608
0.022884603648149416,0.6542191150289189,0.9924712796838068,0.17378260650764057,0.028263376093264698
0.02296738472435792,0.6555420490991667,0.9924884183415984,0.17399991295825318,0.02824556803557747
0.023044653738480424,0.6567953698948197,0.9924741287905392,0.1742164336547295,0.02822826371430841
0.023116392146324515,0.6579782754326803,0.9924883148338726,0.1744321824495453,0.028211499977087703
0.023182582731016498,0.6590900122835617,0.9925022300496814,0.17464716749377135,0.02819496191684172
0.02324320960713395,0.6601298754150209,0.992516062209856,0.17486139482734953,0.0281786499659978
0.023298258224517417,0.6610972080423837,0.9925295629227965,0.17507487048148745,0.02816256412002365
0.02334771537176325,0.6619914014884384,0.9919476974348206,0.1752876005773365,0.028146724446142107
0.023391569179393383,0.6628118950521419,0.9912544471843158,0.17549959193393078,0.02813116421614142
0.023429809122704332,0.6635581758866297,0.991273900068986,0.1757108515803487,0.028115866339734473
0.023462426024293517,0.6642297788867989,0.9913041639150695,0.17592138570734908,0.028100787405849856
0.023489412056260997,0.6648262865866694,0.9913064867714051,0.17613119998034804,0.028085916133175504
0.023510760742088677,0.6653473290667284,0.9912721309305285,0.1763403000167944,0.028071255908831975
0.02352646695819427,0.6657925838714193,0.9912128691258063,0.1765486927379965,0.028057057664211887
0.02353652693516167,0.666161775936901,0.9912340463496281,0.17675639258033451,0.028043455371678305
0.023540938258644364,0.6664546775292158,0.9912549605152654,0.17696340795698753,0.028030082541313922
0.023539699869945918,0.6666711081929294,0.9912784233727685,0.17716974509427247,0.028016993209608234
0.023532812066273962,0.6668109347103508,0.9912988296261066,0.1773754118259628,0.028004215551791528
0.02352027650066796,0.6668740710713633,0.9913189711302571,0.17758041465387947,0.02799166958404769
0.02350209618160373,0.6668604784539325,0.9913388864781365,0.1777847595317073,0.027979355112763667
0.023478275472270486,0.6667701652152893,0.9913586314204605,0.17798845240587183,0.027967278657388173
0.023448820089524047,0.6666031868938336,0.9913810293838027,0.17819149995982073,0.02795551874395172
0.023413737102515052,0.6663596462217312,0.991416033685019,0.1783939102492807,0.0279440654235609
0.023373034930991854,0.6660396931481907,0.9914359372843946,0.17859568942894358,0.02793283145566259
0.023326723343280297,0.6656435248734003,0.9914555993479028,0.17879684333665466,0.027921831335172613
0.02327481345393912,0.6651713858930633,0.9914747506115557,0.17899737785677036,0.027911056356636477
0.02321731772109255,0.6646235680534749,0.9914941188421488,0.17919729856627878,0.027900500683087956
0.02315424994344055,0.6640004106170596,0.9915163084197143,0.1793966115662614,0.02789023703765306
0.023085625256946945,0.6633023003382569,0.9915383549031952,0.17959532505730746,0.027880352409138675
0.023011460131207206,0.6625296715496508,0.9915572665621928,0.17979344753359774,0.027870790245926882
0.022931772365495238,0.6616830062581782,0.9914988574203316,0.17999098697476204,0.027861765240097074
0.022846581084492657,0.6607628342512551,0.9915181360411823,0.18018795982803043,0.027853431906033867
0.02275590673369775,0.6597697332126162,0.9915401732853589,0.18038437531151122,0.02784539635622003
0.022659771074519407,0.6587043288476272,0.9914030596345337,0.18058024299893427,0.02783801290215286
0.02255819717905451,0.6575672950178116,0.9914226325084522,0.18077558073237912,0.02783135885418411
0.022451209424550433,0.6563593538842667,0.991444985997722,0.18097039793797495,0.027825005781385158
0.022338833487554468,0.6550812760596273,0.9914672302839551,0.18116470290155923,0.02781904691184973
0.022221096337752193,0.6537338807681526,0.9913293472156003,0.18135850596454064,0.027813769131280676
0.022098026231494466,0.6523180360134936,0.991348939695932,0.18155182575253045,0.02780925752779846
0.021969652705016007,0.6508346587536046,0.9915102348147078,0.1817446714834494,0.027804971303704268
0.021836006567346817,0.6492847150822051,0.9915297567599629,0.18193704835721977,0.027800902554271437
0.021697119892918594,0.6476692204161351,0.9916675616155778,0.18212896192062641,0.02779706096143395
0.021553026013866394,0.6459892396878476,0.9917725618823112,0.18232041731483903,0.027793423003313215
0.021403759512029632,0.6442458875421876,0.9918363501624816,0.18251141956773947,0.027789993414743492
0.02124935621065205,0.6424403285365258,0.9918564988930053,0.18270197384051037,0.027786786899859767
0.02108985316578501,0.6405737773431979,0.9918764545560833,0.18289208575309723,0.027783823978104832
0.020925288657393556,0.6386474989530557,0.9918961641201952,0.18308176106391746,0.027781105217042405
0.02075570218016972,0.6366628088788497,0.9917725532750153,0.1832710074262435,0.027779011756491844
0.020581134434054068,0.6346210733569837,0.9910528381677669,0.18345984405191532,0.027777758929841717
0.020401627314467655,0.6325237095460426,0.9910767888839815,0.1836482812115759,0.027776781890150874
0.02021722390225756,0.630372185720323,0.9909301475843669,0.18383632679732897,0.027776449619242787
0.020027968453357498,0.62816802145642,0.9907823229249295,0.1840240025366442,0.02777737112042683
0.01983390638816669,0.6259127878107198,0.9908077190365578,0.18421133229901276,0.02777914910495212
0.019635084280649452,0.623608107485449,0.9908329345449981,0.18439832577473572,0.027781175031969092
0.019431549847156972,0.6212556549806799,0.9908576459555186,0.18458498852488597,0.027783435641156696
0.01922335193497642,0.6188571567294954,0.9908863829374295,0.18477132605748786,0.027785993693115695
0.019010540510607257,0.6164143912132121,0.9907345444006033,0.18495734844656359,0.027789342393823496
0.018793166647769928,0.6139291890533012,0.9907598008035914,0.18514307730563126,0.02779358890886681
0.018571282515147863,0.6114034330763773,0.990785185911438,0.18532852215371676,0.027798064952387878
0.018344941363867995,0.6088390583482882,0.990991138090926,0.1855136882893802,0.027802768195942542
0.018114197514720043,0.6062380521730086,0.9910158913861848,0.1856985804968929,0.027807688045135167
0.017879106345120254,0.6036024540517471,0.9910405364635088,0.1858832040704167,0.027812856370553293
0.017639724275820855,0.600934355597248,0.9908927146723577,0.1860675668412831,0.02781873954441793
0.017396108757369362,0.5982359003979614,0.9907391511817051,0.18625169306565764,0.02782605789505117
0.017148318256320766,0.5955092838263262,0.990582422075699,0.18643561224424127,0.027834841476865664
0.01689641224120595,0.5927567527850233,0.9906093907872037,0.1866193517396166,0.027844610105206048
0.016640451168259244,0.5899806053846711,0.9906406919317506,0.1868029221548441,0.027854701545748265
0.016380496466909658,0.5871831905459699,0.9906718577776139,0.18698633177731738,0.027865228615731808
0.016116610525037593,0.5843669075189338,0.9908992334826243,0.1871695891413854,0.02787609395265483
0.01584885667400232,0.5815342053113968,0.9909301361905194,0.18735269987558228,0.027887250949524107
0.015577299173442957,0.5786875820185541,0.9902068030333726,0.18753567174628585,0.027898785550947203
0.015302003195856013,0.575829584044931,0.9894016720987951,0.18771851136752576,0.02791060849803461
0.015023034810954685,0.5729628052097264,0.9894410697141237,0.18790122513016352,0.027922783422724338
0.014740460969812234,0.570089885726134,0.9894758631757598,0.18808382108058455,0.027935320163487414
0.014454349488794089,0.5672135110449045,0.9892810070525041,0.18826630788111742,0.027948648299634185
0.014164769033282424,0.5643364105520638,0.9893167021055352,0.18844870973951233,0.02796304200501256
0.01387178910119638,0.5614613561104947,0.9893566279618463,0.1886310376015713,0.02797776029539221
0.013575480006313364,0.5585911604348311,0.9893963814259885,0.18881329965781712,0.027992920245799757
0.013275912861393785,0.5557286752890089,0.989435940977294,0.18899550486923714,0.02800852247719882
0.012973159561114464,0.5528767894957491,0.9894753431723345,0.189177662196573,0.028024568043962604
0.012667292764814214,0.5500384267472611,0.9895103035436145,0.1893597802073057,0.028040978803105483
0.012358385879055927,0.5472165432066286,0.9893138449739448,0.18954186761887457,0.028058220480439388
0.012046513040009282,0.5444141248895676,0.9893499331322617,0.18972394987355454,0.028076586956855384
0.011731749095658722,0.541634184816647,0.9893901261437521,0.1899060381449603,0.028095279166215622
0.011414169587839858,0.5388797599266042,0.9894260102472896,0.19008814013166694,0.028114337157407236
0.011093850734110263,0.5361539077420888,0.989461590862413,0.1902702615128056,0.028133640994232652
0.01077086940945708,0.5334597027800451,0.9894970170239523,0.19045240716492667,0.028153190778490534
0.010445303127847921,0.5308002327000148,0.9895322718411105,0.19063458195234603,0.028172986578022616
0.010117230023627658,0.5281785941849123,0.9895677651075174,0.19081679074186553,0.028193029010723722
0.009786728832766422,0.5255978885503013,0.9892760053852199,0.1909990415234845,0.0282139459279603
0.009453878873963532,0.5230612170799139,0.989312729340729,0.19118136113649495,0.028236053732287023
0.009118760029611433,0.520571676087075,0.9893534198396866,0.1913637610340973,0.0282584871021985
0.008781452726624072,0.5181323517038388,0.9893940367467925,0.1915462491993766,0.02828136922516085
0.008442037917135036,0.5157463144020374,0.989430570293888,0.19172883402330626,0.028304618869726635
0.00810059705906937,0.5134166132530181,0.9894670450218505,0.19191152100095232,0.02832811149626098
0.00775721209659401,0.5111462699356513,0.9895074978057159,0.19209431518959405,0.028351929461002668
0.007411965440451628,0.5089382725051742,0.988850637766148,0.1922772241547858,0.028376121201796105
0.007064939948182469,0.5067955689385732,0.9888953983174164,0.19246025398903643,0.02840064824658212
0.006716218904238894,0.5047210604754989,0.9889400342479404,0.19264341268238705,0.028425625814012145
0.006365885999997492,0.5027175947770598,0.9894811622807853,0.1928267083944918,0.02845093701485875
0.006014025313673623,0.5007879589282899,0.989518949393538,0.1930101453045206,0.028476434243304573
0.005660721290143028,0.49893487231348144,0.9892288761100202,0.19319373093379355,0.028502852034966695
0.005306058720675415,0.4971609793969723,0.9889297562131277,0.19337749711064167,0.028531233429813466
0.004950122722585016,0.4954688424452156,0.988969569352105,0.19356147958659464,0.028560905065053467
0.004592998718802811,0.49386093422904753,0.989009310355265,0.19374568967024847,0.028590813576205645
0.004234772417375438,0.4923396307478856,0.9890489049869732,0.1939301316449113,0.028620959307802372
0.0038755297908956753,0.49090720402011534,0.9890894020151875,0.1941148097095497,0.02865132701478876
0.003515357055869445,0.4895658149860506,0.9891298466560355,0.19429972753605337,0.028681895178419632
0.003154340652024255,0.48831750657150536,0.9888309696468518,0.1944848923589849,0.028713403812827047
0.002792567221564134,0.48716419696119573,0.9888718050112998,0.19467033358366895,0.02874623290669001
0.0024301235883757346,0.48610767313177067,0.9889125486902319,0.19485606255638696,0.028779295478182268
0.002067096737191238,0.48514958469422825,0.988953179125374,0.19504208337082446,0.02881259198118473
0.0017035737927123672,0.4842914380947787,0.9889937938214035,0.19522840011154913,0.02884612171557409
0.001339641998700805,0.4835345912218586,0.9890390888795664,0.1954150172828019,0.02887997158497328
0.00097538869704014,0.4828802484649086,0.9890794227268881,0.19560194197603628,0.02891418464707876
0.0006109013067743148,0.4823294562677642,0.9891244514089583,0.19578917953288788,0.02894871739731332
0.00024626730312738256,0.4818830992160991,0.9886443316781427,0.19597673700311036,0.02898360535846972
-0.00011842580349009491,0.48154189669425024,0.9886884152952248,0.1961646187427819,0.02901869456312133
-0.00048309048848313565,0.48130640014213194,0.9887322532330098,0.19635282835579862,0.029053998510719225
-0.0008476392340778012,0.4811769909377439,0.9887809967856693,0.1965413699873227,0.029089618231837016
-0.0012119845503250383,0.4811538789251752,0.9888296208169384,0.19673025107897893,0.029125686529556088
-0.0015760389960979035,0.48123710160204575,0.9888780216888804,0.19691947991431552,0.029162203502952268
-0.0019397152000769067,0.48142652397411245,0.9889263537469914,0.19710906476137594,0.029199168787738757
-0.002302925881718835,0.4817218390784212,0.9889746622229282,0.1972990138582576,0.02923658139626347
-0.0026655838722035694,0.48212256917003177,0.9886748410571595,0.19748933890223724,0.029275140406562702
-0.0030276021353542156,0.4826280675610429,0.9887194040005509,0.19768007208658897,0.029315106626027584
-0.003388893788525383,0.4832375210945791,0.9887652325831909,0.19787122487341705,0.029355281426625406
-0.003749372123454573,0.4839499532306134,0.9888145760475165,0.1980628007913021,0.029395743835915405
-0.00410895062707177,0.48476422771512523,0.9888600095363808,0.19825480628097217,0.029436545185345983
-0.004467543002262159,0.4856790527992,0.9885584396938912,0.19844724933515842,0.029478356072565
-0.004825063188576999,0.48669298597034566,0.9892287794159139,0.1986401613968777,0.029521558687261463
-0.005181425382887733,0.487804439154579,0.9889399020076138,0.19883355681488762,0.029565753713751523
-0.005536544059978351,0.4890116843447813,0.9889870381689054,0.19902746798071994,0.02961149338312065
-0.005890333993070975,0.4903128596084469,0.9890340036518281,0.19922190992807198,0.02965766715589433
-0.006242710274279936,0.4917059754262663,0.9890755122478869,0.1994168898281703,0.029704186367455025
-0.006593588334989202,0.4931889213120077,0.9891222293840399,0.1996124121577944,0.029751003984391428
-0.006942883966148496,0.4947594726638348,0.9891687461314501,0.19980848356240613,0.029798253351075974
-0.007290513338483024,0.49641529779752247,0.9892149205979954,0.20000511157061535,0.02984593420493372
-0.007636393022612103,0.49815396511294757,0.9892609173634126,0.20020230368986752,0.029894046234589296
-0.007980440009071848,0.4999729503466925,0.9893031356917391,0.20040006688122228,0.029942484660331146
-0.008322571728237017,0.5018696438655316,0.9893436739263511,0.20059840451064814,0.02999110775004204
-0.008662706070137242,0.503841357957918,0.9893840396072433,0.2007973194221613,0.030039937756850085
-0.00900076140416325,0.5058853340833104,0.989429126054505,0.20099681503050054,0.030089063147139387
-0.009336656598657577,0.5079987500421296,0.9894689299464298,0.201196897412929,0.030138526195053826
-0.009670311040385876,0.5101787270323399,0.9895084453326904,0.2013975702189808,0.03018818229571945
-0.01000164465388382,0.5124223365619702,0.989547913533956,0.2015988362407784,0.030238042122772348
-0.010330577920674554,0.5147266071903075,0.9901726924381019,0.20180069820625726,0.03028807224161858
-0.010657031898353018,0.517088531073916,0.9902072449859867,0.2020031578064397,0.03033825467687155
-0.01098092823953163,0.5195050702970382,0.9899444095513904,0.20220622196388233,0.030389518195750163
-0.01130218921064324,0.5219731629692679,0.9899798532931596,0.20240992415781495,0.03044229544010791
-0.011620737710596888,0.5244897290765745,0.9900149551078962,0.20261427580999436,0.03049526926184333
-0.011936497289281735,0.5270516760748258,0.9900495753450883,0.20281927954140921,0.030548438942576684
-0.012249392165914577,0.5296559042178403,0.990089373917534,0.20302493841593594,0.03060189420988459
-0.012559347247226967,0.5322993116146681,0.9901235194896043,0.20323125814875204,0.03065567776943911
-0.012866288145487228,0.5349787990132926,0.9898594384638918,0.2034382466722873,0.030710551511122362
-0.013170141196353222,0.5376912743101652,0.9898943654849113,0.20364593780249785,0.030766957231804257
-0.01347083347655116,0.5404336567870497,0.9896236354031972,0.20385434737342167,0.030824459222096312
-0.013768292821377284,0.5432028810784106,0.9902021980530884,0.2040635092406834,0.03088347365376575
-0.014062447842016702,0.5459959008741941,0.9907133129226978,0.20427343334810813,0.030942591851516228
-0.014353227942676388,0.5488096923641689,0.9907400694756663,0.2044841203964885,0.031001843999074005
-0.014640563337528043,0.5516412574312114,0.9907666184064032,0.20469557213967626,0.031061275052894435
-0.014924385067456115,0.5544876266018022,0.9907930685102805,0.20490779061314995,0.03112088402262321
-0.015204625016607898,0.557345861762852,0.9908192400931541,0.20512077783890337,0.031180670794590592
-0.015481215928740768,0.560213058654533,0.9905745783729119,0.20533454043449761,0.031241554179347212
-0.01575409142336351,0.5630863491492678,0.9910241346722064,0.20554911228150458,0.031303955134851166
-0.016023186011667183,0.5659629033273379,0.9907884761729254,0.20576450798480583,0.03136741225026039
-0.01628843511224243,0.5688399313597589,0.9908120596602495,0.20598076122011708,0.03143240930397214
-0.016549775066578294,0.5717146852091518,0.9908352729411214,0.2061978825845418,0.03149756343268702
-0.01680714315434019,0.5745844601593111,0.9908583202119872,0.20641587355032504,0.0315628813568864
-0.01706047760842256,0.5774465961840684,0.9908811426062519,0.20663473562371693,0.03162835844304822
-0.017309717629772445,0.5802984791658672,0.9909036920618126,0.20685447022029899,0.031693993449108816
-0.017554803401981043,0.5831375419742357,0.9909260631490596,0.20707507875095627,0.031759786025857877
-0.017795676105639556,0.5859612654140387,0.9909481140853238,0.20729656261024854,0.03182573557919831
-0.01803227793245537,0.5887671790530732,0.9913309618671861,0.20751892304903927,0.03189181496491354
-0.01826455209912572,0.5915528619381958,0.9913558462024873,0.2077421609360992,0.03195809663285866
-0.018492442860965606,0.5943159432087949,0.9913741839870596,0.20796628037283607,0.03202466228609535
-0.018715895525286082,0.5970541026160155,0.9913924148407766,0.20819128353536884,0.032091381305841514
-0.018934856464520387,0.5997650709557126,0.991410383240645,0.20841717170774965,0.03215825261016257
-0.01914927312909398,0.6024466304227201,0.9914282316592193,0.20864394618205906,0.03222527959273751
-0.0193590940600368,0.6050966148935653,0.9914460565523193,0.208871608398358,0.03229246823349911
-0.019564268901332574,0.6077129101443687,0.9914647916897404,0.2091001596041485,0.032359793018134395
-0.019764748412004252,0.6102934540102349,0.9914823035330731,0.20932960055921612,0.03242724924735481
-0.019960484477931546,0.612836236492065,0.9912582631572571,0.20955993708887663,0.03249579757529344
-0.02015143012339826,0.6153392998162875,0.9910334839118279,0.20979120784166713,0.03256682254824349
-0.0203375395223661,0.6178007384526697,0.991051633183465,0.2100234553732638,0.03263936423806802
-0.020518768009472606,0.6202186990949766,0.9911140770997727,0.21025668943848846,0.032712012079359046
-0.020695072090750784,0.6225913806089144,0.9911392215383134,0.2104909102379565,0.03278483629044039
-0.0208664094540675,0.6249170339514464,0.9911573953468984,0.21072612101302807,0.03285791097709395
-0.021032738979278008,0.6271939620652653,0.9914513317476694,0.2109623230175299,0.03293108925885208
-0.021194020748094636,0.6294205197519082,0.9914665073600585,0.21119951599328984,0.033004358836398885
-0.02135021605366699,0.6315951135267037,0.9914812128521895,0.21143770023756608,0.033077754302784784
-0.021501287409871696,0.6337162014584996,0.9914960202566835,0.2116768762800546,0.03315127392934267
-0.02164719856030828,0.6357822929968394,0.9915173862791071,0.21191704501672456,0.033224999868570276
-0.021787914487000952,0.6377919487890519,0.9915319322346291,0.21215820980933567,0.033298971106002745
-0.02192340141880302,0.6397437804894931,0.9915470274861848,0.21240037182837132,0.03337304794500775
-0.02205362683950102,0.6416364505629563,0.9915609438472932,0.21264353097521319,0.033447226898781775
-0.02217855949561916,0.6434686720841153,0.9915815210873337,0.2128876882075872,0.03352162543232276
-0.022298169403919682,0.645239208534668,0.991595380944514,0.21313284690866424,0.03359626402646229
-0.02241242785859875,0.6469468735996826,0.9916086265893138,0.2133790082315713,0.033671020075350146
-0.022521307438175674,0.6485905309645277,0.9916217041934445,0.21362617252893767,0.033745893997554885
-0.022624782012073973,0.6501690941136019,0.9916346036117731,0.21387434014569248,0.03382088524286771
-0.022722826746892733,0.651681526131971,0.9916473422728641,0.21412351141842148,0.033895993374641206
-0.022815418112366148,0.6531268395109026,0.9916599333344308,0.2143736866661404,0.033971217725405976
-0.022902533887010863,0.6545040959581859,0.9916723840368471,0.2146248662193954,0.034046558965596635
-0.022984153163459344,0.6558124062140166,0.9916846667836181,0.2148770503777234,0.03412201463083012
-0.023060256353476926,0.6570509298731626,0.9917035196234725,0.21513023981035434,0.034197663468942915
-0.02313082519266323,0.6582188752140231,0.9917221693438012,0.21538443793999668,0.03427362293270139
-0.02319584274483574,0.6593154990351434,0.9917339105768026,0.21563964854736664,0.03434981208215409
-0.02325529340609393,0.6603401064996682,0.9919455388954449,0.2158958724951863,0.034426090418727504
-0.023309162908564607,0.6612920509881602,0.991954923779471,0.216153109235769,0.03450244735828513
-0.023357438323825645,0.6621707339601736,0.9919641727601249,0.2164113586926856,0.0345789102877163
-0.023400108066009066,0.6629756048248997,0.9919797623435207,0.21667062135533563,0.03465555895865638
-0.02343716189458166,0.6637061608211764,0.9919886542726117,0.21693090008222274,0.03473243104604177
-0.02346859091680251,0.664361946907115,0.9919986541028336,0.21719219564069683,0.03480939211928223
-0.02349438758985703,0.6649425556595607,0.9920073319332098,0.21745450755335227,0.03488643475939117
-0.023514545722667556,0.6654476271835593,0.9920158907634997,0.2177178357082643,0.034963580189105746
-0.02352906047737899,0.6658768490320051,0.9918085858682729,0.21798218474875264,0.03504174971060078
-0.023537928370519805,0.666229956135589,0.9915968843913328,0.21824759130010948,0.035122300635655315
-0.023541147273838336,0.6665067307431676,0.9916060259371693,0.2185140959277952,0.03520429254971592
-0.023538716414813053,0.6667070023726336,0.9916214958601177,0.21878170741442876,0.03528643491062305
-0.023530636376838686,0.6668306477723668,0.9916304474173161,0.21905042764084925,0.03536876290787432
-0.023516909099085406,0.6668775908933214,0.9916393001276778,0.2193202566285332,0.035451165736018454
-0.02349753787603405,0.6668478028717777,0.99173008418472,0.21959119351007028,0.03553361653706086
-0.02347252735668515,0.666741302022798,0.9917383844543209,0.21986323666509502,0.035616117153436905
-0.0234418835434432,0.6665581538443767,0.9917466018074312,0.22013638617950076,0.03569875792891022
-0.023405613790676467,0.6662984710322988,0.9917547144718871,0.220410641814505,0.0357814701219015
-0.023363726802951415,0.6659624135056715,0.9917698087440515,0.22068600315447162,0.0358643256861627
-0.023316232632944005,0.6655501884430994,0.9915611307194184,0.22096247632619362,0.035948238140964046
-0.023263142679027092,0.6650620503294526,0.9915765884909169,0.22124009207735174,0.03603358788287038
-0.023204469682534742,0.6644983010131587,0.9915847007015632,0.22151886034878512,0.036119093913511174
-0.02314022772470457,0.6638592897739296,0.9915928373937375,0.2217987805721899,0.03620465182113236
-0.023070432223297917,0.6631454134008294,0.9916007885676245,0.2220798514745706,0.03629026100807829
-0.022995099928900288,0.6623571162805337,0.9917380074657822,0.2223620716995117,0.036375906371001784
-0.022914248920900653,0.6614948904956542,0.9917446185980021,0.22264543946679238,0.0364615806435255
-0.02282789860315277,0.6605592759329296,0.9918395551962846,0.22292995325084616,0.036547289684712506
-0.022736069699318438,0.6595508604010852,0.9918451009128089,0.2232156112540338,0.03663302645148913
-0.022638784247893753,0.6584702797581151,0.9918505626820903,0.22350241199818532,0.03671880967270998
-0.022536065596920143,0.6573182180477125,0.9918570719269346,0.223790354055153,0.036804625340963334
-0.022427938398380767,0.6560954076445207,0.9919067557777816,0.2240794355130216,0.03689045207994521
-0.022314428602284164,0.6548026294078446,0.9919165156843557,0.22436965432296796,0.0369762909130898
-0.022195563450436537,0.6534407128434052,0.9919212880213564,0.22466100851584808,0.037062154054996486
-0.02207137146990389,0.6520105362726544,0.9919260123645188,0.22495349655447677,0.03714805966498462
-0.02194188246616527,0.6505130270091225,0.9919307570990654,0.22524711701010297,0.03723400591229209
-0.021807127515960048,0.6489491615411872,0.9919411823099187,0.2255418687181842,0.03732005576199023
-0.0216671389598294,0.6473199657205704,0.9919515029884405,0.22583775281310972,0.03740630769114029
-0.02152195039435484,0.6456265149558142,0.9919618424760932,0.22613477104303661,0.037492759220357746
-0.02137159666409513,0.6438699344098501,0.9919720444188959,0.22643292511719681,0.03757940953769214
-0.021216113853223847,0.6420513992007084,0.9919822825743276,0.22673221669597218,0.037666253114376456
-0.021055539276869293,0.6401721346042961,0.9919868256323925,0.22703264700210019,0.0377532227133135
-0.0208899114721589,0.6382334162580222,0.9919969796688685,0.22733421532229414,0.03784028561103092
-0.020719270188970913,0.6362365703639681,0.9920070235857866,0.2276369224691063,0.0379275326799003
-0.020543656380393936,0.6341829738900955,0.9920624043561423,0.2279407694052065,0.03801487804506295
-0.020363112192899307,0.6320740547678709,0.9920295898588578,0.22824575419891477,0.03810220720788077
-0.02017768095622521,0.6299112920845055,0.9920343764536244,0.2285518745140772,0.03818954562305714
-0.019987407172978384,0.6276962162678041,0.9918422820501211,0.22885913241183586,0.03827769180425902
-0.019792336507953506,0.6254304092614454,0.9918474131459697,0.22916755318422868,0.03836701157564821
-0.019592515777173712,0.62311550468829,0.9918524984118822,0.2294771424553294,0.03845634206841268
-0.01938799293665532,0.6207531879990793,0.9918632744890765,0.2297878983458996,0.03854573693875218
-0.019178817070898215,0.6183451966036504,0.9918683616219083,0.2300998206511696,0.03863522217733721
-0.018965038381106213,0.615893319981533,0.9918345171438996,0.2304129075819351,0.038724690719277595
-0.01874670817313858,0.6133993997685033,0.9918398667449917,0.230727156177345,0.03881413218403408
-0.018523878845197256,0.6108653298153834,0.9918515627249352,0.2310425642536748,0.03890363265277094
-0.018296603875251262,0.6082930562150772,0.9918568230323075,0.23135913148907972,0.03899321729775431
-0.018064937808202522,0.60568457729346,0.9918620471892182,0.23167685611128513,0.039082800531747446
-0.017828936242794923,0.6030419435594552,0.9918672495632448,0.23199573577486163,0.03917238198713379
-0.01758865581827151,0.6003672576092147,0.9918787000543963,0.2323157684055491,0.039262016065062036
-0.017344154200780663,0.597662673978988,0.9918900326453107,0.2326369538216897,0.03935178192514954
-0.01709549006953689,0.5949303989408278,0.9919013246739754,0.2329592923238147,0.03944167665206923
-0.01684272310273816,0.5921726902349435,0.9919072242804959,0.2332827838154481,0.039531631171273375
-0.01658591396324308,0.5893918567320359,0.9919184231023997,0.2336074262039412,0.03962161184769282
-0.016325124284012543,0.5865902580185759,0.9919235321376257,0.23393321870410103,0.03971165892459827
-0.016060416653317495,0.5837703038975477,0.9919294375356891,0.23426015920598917,0.039801680410813785
-0.015791854599718887,0.5809344537967683,0.9918823414196394,0.2345882447297044,0.039891665507603515
-0.015519502576820306,0.5780852160764548,0.991888055152112,0.2349174723526442,0.03998162505581473
-0.015243425947799904,0.5752251472273409,0.991893791209648,0.23524783940261423,0.040071568115226296
-0.014963690969723506,0.5723568509502209,0.9918994480108191,0.23557934329524496,0.04016149615891243
-0.01468036477764295,0.569482977107436,0.9919104181117113,0.2359119816816274,0.04025145713784368
-0.014393515368484442,0.5666062205365004,0.9919169196410431,0.23624575363263053,0.04034146244556208
-0.014103211584729125,0.563729319715734,0.9919276557889586,0.23658065682183235,0.04043147931504815
-0.013809523097891697,0.5608550552715426,0.9919331738984519,0.23691669018117215,0.04052154788688793
-0.013512520391799199,0.5579862483167743,0.9917458748434644,0.23725385473197666,0.04061223543471692
-0.013212274745675424,0.555125758609467,0.9915561074323045,0.23759217286964468,0.040704430147631775
-0.012908858217034169,0.5522764825212623,0.9915626616842206,0.23793166826857778,0.04079744750786299
-0.012602343624385903,0.5494413508048066,0.9915743930391419,0.23827234345314263,0.04089044606706598
-0.01229280452976153,0.5466233261496234,0.991580882567038,0.23861419627305164,0.040983443452522444
-0.011980315221057854,0.5438254005162304,0.9915881175644161,0.23895722348692963,0.041076369570944724
-0.011664950694209057,0.5410505922387019,0.9915944789038112,0.2393014212046576,0.04116922038389188
-0.011346786635187655,0.5383019428864184,0.9916016721809957,0.23964678569413556,0.04126199914682382
-0.01102589940184062,0.535582513876531,0.9914123664736267,0.2399933156696774,0.04135521402659659
-0.010702366005563674,0.5328953828295475,0.9912246285195361,0.24034102722763376,0.04144954687481005
-0.010376264092818832,0.5302436396615751,0.9912318762485898,0.24068993657000426,0.041544435995244856
-0.010047671926499887,0.5276303824080668,0.9912391103055552,0.24104004370219126,0.041639227021534296
-0.009716668367149352,0.5250587127754474,0.9912470647719019,0.24139134421722172,0.04173391233409939
-0.009383332854032646,0.5225317314187371,0.9912596716420274,0.24174383367215602,0.0418285165432078
-0.009047745386072848,0.5200525329452793,0.991266841034829,0.24209750855492923,0.041923057642162094
-0.008709986502651371,0.5176242006468592,0.9912792846727021,0.2424523648108171,0.042017520539609304
-0.00837013726427895,0.515249800964941,0.991089143073168,0.24280840070940798,0.042112267870432395
-0.00802827923314137,0.5129323776963826,0.991097479594259,0.24316562381460743,0.04220739355680085
-0.007684494453525245,0.5106749459498096,0.9909063462226586,0.24352403389509392,0.04230266309868999
-0.007338865432127367,0.508480485865881,0.9909145052683436,0.2438836351891903,0.042398183401598406
-0.006991475118253819,0.5063519361178234,0.9909226248839955,0.24424442506765154,0.042493560646031
-0.006642406883912369,0.5042921872119239,0.9909306659346667,0.2446063982827893,0.042588793553354355
-0.006291744503803664,0.5023040746110778,0.990938698424431,0.24496954958255032,0.04268387784066311
-0.0059395721352157056,0.500390371707865,0.9908260523703997,0.2453338733779961,0.04277879191089956
-0.0055859742978264584,0.4985537826771098,0.9906493122351004,0.24569936403995202,0.042873545656001766
-0.005231035853419524,0.49679693524118285,0.990409144259305,0.24606601601044417,0.042968136889847255
-0.004874841985517806,0.49512237338455445,0.9901062310777229,0.24643382368688882,0.0430625616170786
-0.004517478178939877,0.4935325500571217,0.9901274242824152,0.24680278151843707,0.04315683933745272
-0.00415903019928378,0.49202981990862005,0.990141788909778,0.24717288458136163,0.04325098449666266
-0.0037995840723440795,0.4906164320988426,0.9901560092003401,0.24754412767914702,0.04334497780450701
-0.0034392260634658134,0.4892945232304528,0.9901701514243256,0.24791650549453023,0.0434388173100607
-0.003078042656841334,0.48806611045271653,0.9901841887306005,0.2482900126446396,0.04353250126124333
-0.0027161205347544853,0.4869330847855535,0.9899854800078578,0.24866464448749648,0.043626154520960296
-0.002353546556777244,0.4858972047137348,0.9900001408119606,0.2490403994370934,0.043719795661767584
-0.001990407738923944,0.48496009010090585,0.9900146878205724,0.24941727285761925,0.04381326454135897
-0.0016267912327677042,0.484123216472265,0.9896632954137804,0.24979525903806551,0.043906555640939204
-0.0012627843045245853,0.4833879097132122,0.9896803637979829,0.2501743521366907,0.04399966627788752
-0.0008984743141100342,0.48275534122905983,0.9896973148211918,0.250554546402796,0.04409260154633357
-0.0005339486941730485,0.48222652360799156,0.9892945495861589,0.25093583610911124,0.04418535732335258
-0.0001692949291125909,0.4818023068258848,0.9893144189585047,0.2513182150409929,0.044277881563352016
0.00019539946591817193,0.4814833750274089,0.9893341553347206,0.2517016766052151,0.04437021575446477
0.0005600469660149841,0.4812702439130368,0.9893537945117817,0.25208621483103866,0.044462342234663395
0.0009245600575282107,0.4811632587563338,0.9888992776709467,0.25247182352770614,0.044554280808189156
0.0012888512590656313,0.4811625930701952,0.9889221943014708,0.2528584968200941,0.044646032481956976
0.0016528331424875554,0.4812682479346688,0.9889449744462884,0.2532462289332635,0.044737603719398535
0.0020164183538890984,0.48148005199276867,0.9889676301209893,0.2536350141443644,0.04482899380694352
0.002379519634564841,0.4817976621143127,0.98874777111323,0.2540248465378626,0.04492015426205641
0.002742049841950374,0.4822205647214713,0.9887709511754519,0.2544157182205509,0.045011022698760395
0.0031039219705361423,0.4827480777634555,0.9885507324778675,0.25480762182848316,0.045101543832252705
0.0034650491727483295,0.48337935332175624,0.9885745075057316,0.2552005456005833,0.0451916018388933
0.003825344779791882,0.4841133808216288,0.9883541363963377,0.25559448028111686,0.04528118718739344
0.004184722322450608,0.48494899082026666,0.9878585622947558,0.25598941007101644,0.04537013298723153
0.0045430955518393585,0.4858848593372825,0.9878866266530771,0.2563853255828929,0.0454588402691695
0.00490037846010332,0.4869195126889552,0.9876677020164809,0.2567822180492095,0.04554691942449181
0.005256485301059547,0.48805133278408097,0.9876964077916641,0.2571800670421923,0.0456341607405129
0.005611330610775582,0.489278562836378,0.9874769112350803,0.2575788592902247,0.04572065668461186
0.00596482922808044,0.490599313446144,0.9875064407053371,0.2579785701189686,0.04580612190700804
0.006316896315002799,0.492011569002364,0.9875355761274243,0.25837918725674863,0.045891323989293326
0.006667447377131824,0.49351319435558444,0.9869955699622741,0.25878070374420553,0.04597626903551182
0.007016398283895293,0.4951019417117286,0.9863975834199333,0.2591831125932583,0.046060952653336915
0.007363665288750616,0.4967754576974485,0.9857422398696563,0.2595864067895893,0.046145374035587126
0.007709165049283569,0.4985312905486586,0.9854706201560618,0.2599905762019098,0.0462288956407984
0.00805281464721012,0.5003668973754642,0.9855201273926282,0.2603955907885172,0.04631111238857974
0.00839453160827631,0.5022796514587038,0.985250746207167,0.2608014313551806,0.04639221200240918
0.008734233922051835,0.5042668495357927,0.9852953405846505,0.26120806280750236,0.046471838355356294
0.00907184006161198,0.5063257190362849,0.9850240531134467,0.26161546535237273,0.04655027122314526
0.00940726900310385,0.5084534252306232,0.9850696510224897,0.2620235996778762,0.04662702309143732
0.009740440245191634,0.5106470782587539,0.985115076731532,0.26243244882111166,0.046703452969550335
0.010071273828376462,0.5129037400086467,0.98516021570132,0.2628420050007855,0.046779567673543423
0.010399690354186487,0.5152204308181563,0.9852049945579041,0.26325226051864314,0.046855368091548895
0.010725611004231934,0.5175941359771253,0.9849389689040067,0.2636632025330039,0.046929808476032044
0.011048957559121293,0.5200218120099788,0.9846763586544681,0.2640747806786923,0.0470011841396106
0.011369652417233542,0.5225003927223915,0.9844170390848818,0.26448692983566285,0.047069235979292266
0.011687618613342091,0.5250267949987647,0.9841470946861941,0.26489957960648586,0.047133642350097135
0.012002779837086199,0.5275979243402895,0.9841974214072308,0.2653126596630408,0.04719555196083797
0.012315060451284974,0.5302106801362043,0.9845328293353831,0.26572614785528903,0.04725711437058413
0.012624385510090054,0.532861960663484,0.9845798262357156,0.26614003644804224,0.04731832714305267
0.012930680776972124,0.5355486678126538,0.984865623726625,0.26655431754981385,0.04737918480681164
0.01323387274253742,0.5382677115395803,0.984912438624241,0.266968982933016,0.04743960553728712
0.013533888642169561,0.5410160140451203,0.9849589180235685,0.2673840212990979,0.0474994532793943
0.013830656473492775,0.5437905136862053,0.9850024333596453,0.2677994208528388,0.047558811168447165
0.014124105013652145,0.5465881686235129,0.9850458132567105,0.2682151728090827,0.0476178091568297
0.014414163836406561,0.5494059602121797,0.9850916940913405,0.2686312688451077,0.04767636052380257
0.014700763329030949,0.5522408961431169,0.9848467043507793,0.26904769004227846,0.047732811484505845
0.014983834709022812,0.5550900133434076,0.984891031865939,0.26946437103426235,0.04778646232424916
0.015263310040609726,0.5579503806450308,0.9849351769540394,0.26988128780063614,0.04783974861391844
0.015539122251053682,0.5608191012317029,0.9842619520558589,0.2702984326594792,0.04789268639678057
0.015811205146748046,0.5636933148740552,0.9835128480476065,0.2707157985396219,0.0479453027329633
0.016079493429104027,0.5665701999636773,0.9835660838050185,0.2711333786289193,0.04799759794529166
0.01634392271022161,0.5694469753566836,0.9836184396427535,0.2715511656403536,0.04804952562106908
0.016604429528342624,0.5723209020375358,0.9828163883472087,0.27196915182166886,0.0481011016330228
0.016860951363081248,0.575189284613817,0.9828732284856009,0.2723873300808683,0.04815234339948209
0.017113426650428486,0.5780494726525132,0.9829297339016156,0.27280569251047637,0.048203123188838765
0.017361794797527287,0.5808988618681815,0.9829859949997278,0.27322422802704,0.04825339045847683
0.017605996197214615,0.5837348951731212,0.9830419145619544,0.273642927979913,0.04830329071494851
0.01784597224232673,0.5865550635993764,0.9830980437827833,0.27406178481393323,0.04835284488538535
0.01808166533976475,0.5893569071020532,0.9831538267843462,0.2744807917212984,0.04840208449664519
0.018313018924316637,0.5921380152530583,0.9832087683072932,0.27489994202881085,0.048450990893686166
0.018539977472232582,0.594896027833993,0.983263359578764,0.27531922786364127,0.04849943080007765
0.01876248651455064,0.5976286353365189,0.9833179961087445,0.2757386381154898,0.0485473521399633
0.018980492650168743,0.6003335793780874,0.9833722455461632,0.27615816417298295,0.04859490545317942
0.019193943558660716,0.6030086530405244,0.983426277058491,0.27657779846396724,0.04864209571138338
0.019402788012833176,0.605651701138519,0.983479999135859,0.27699753375229746,0.048688938189392766
0.019606975891019698,0.6082606204246608,0.9835334773777122,0.2774173626412691,0.048735412415443546
0.019806458189109522,0.6108333597372577,0.9835868061424338,0.2778372775896916,0.048781518549953926
0.020001187032308743,0.6133679200967581,0.983639851862204,0.2782572710574192,0.04882725543866955
0.020191115686629704,0.6158623547562235,0.9836926318446655,0.27867733551518775,0.048872623772704
0.020376198570107095,0.6183147692109112,0.9837446184283077,0.2790974629452572,0.04891752045037991
0.02055639126373729,0.6207233211716727,0.9837963263100108,0.2795176417202368,0.04896178873912802
0.02073165052213882,0.6230862205065177,0.9842190247578385,0.2799378597044486,0.049005535922389355
0.020901934283930747,0.6254017291543906,0.9845911414382305,0.2803581086025545,0.04904892719646736
0.02106720168182792,0.6276681610148502,0.9843374970974168,0.2807783716866212,0.049090041345272395
0.02122741305244801,0.6298838818170899,0.9843808006725224,0.281198573773232,0.04912778386995254
0.02138252994583115,0.6320473089714472,0.9841257858838347,0.2816186743961476,0.049162961387740366
0.02153251513466749,0.6341569114062542,0.9841732476277438,0.2820385940667076,0.0491947244847747
0.021677332623231682,0.6362112093926977,0.9845605253601701,0.2824583061846363,0.04922616105415722
0.021816947656021587,0.6382087743600678,0.9849002922777023,0.2828778042939298,0.04925724500196061
0.021951326726099694,0.640148228703609,0.9849397393550486,0.28329708174474494,0.04928796959951905
0.022080437583133987,0.6420282455869456,0.9849788232315837,0.2837161316750832,0.049318332686087644
0.022204249241138674,0.643847548740902,0.9850143827280906,0.2841349471481109,0.049348246149094485
0.022322731985910123,0.6456049122603637,0.9850534110265112,0.2845535175036706,0.04937761769616489
0.02243585738215834,0.6472991604006301,0.9853943653594116,0.28497183476394794,0.04940662964850021
0.02254359828033119,0.648929167374634,0.9854258719054895,0.28538989179388186,0.049435169570680663
0.02264592882313034,0.6504938571521911,0.9854615015885673,0.2858076777497099,0.04946316503454729
0.022742824451716773,0.6519922032623846,0.9854927271118333,0.28622518403873076,0.049490673787906385
0.022834261911604762,0.6534232286000394,0.9855238902437402,0.2866423991560892,0.04951752088526315
0.022920219258242665,0.6547860052371507,0.9858570813963309,0.2870593111376577,0.0495438368522902
0.02300067586228009,0.6560796542400427,0.9861473108059439,0.2874759125256515,0.049569813647101515
0.02307561241451821,0.6573033454929363,0.9861767495496387,0.28789219712793873,0.04959544123965577
0.023145010930544146,0.6584562975285416,0.9862010847871427,0.28830815777377383,0.049620583227829314
0.023208854755047307,0.659537777366206,0.9862253070522408,0.2887237830324382,0.049645061406082214
0.023267128565816163,0.6605471003581023,0.9862555794393356,0.289139061028111,0.049669019518186044
0.02331981837741593,0.6614836300438647,0.986279622453756,0.2895539842246865,0.04969252974360336
0.023366911544544608,0.6623467780140485,0.9860815496474744,0.28996853084101415,0.049713241779259676
0.02340839676506839,0.663136003782732,0.9858816057657226,0.2903826026621659,0.04972787717198546
0.023444264082733313,0.6638508146695385,0.9856800550751448,0.2907960774287997,0.04973626554023592
0.023474504889555315,0.664490765691315,0.9857124820072977,0.2912088424077822,0.04974072134812662
0.023499111927885938,0.665055459463698,0.9857389364445611,0.2916208676999304,0.04974471306511698
0.02351807929215413,0.6655445461127112,0.9857711342977128,0.2920321436388399,0.04974817951679035
0.02353140243028349,0.6659577231965781,0.9858031970161325,0.2924426637486454,0.04975131008403238
0.023539078144784786,0.6662947356378643,0.9858351748277524,0.2928524228356888,0.04975410515214759
0.023541104593523487,0.6665553756660538,0.9858674953300934,0.2932614157231161,0.0497565655728599
0.023537481290161564,0.6667394827706472,0.985900669724253,0.29366963739697105,0.049758718351949074
0.023528209104274448,0.6668469436648535,0.9859328434932783,0.2940770836405258,0.049760576699013584
0.023513290261142104,0.6668776922599267,0.9859587718454073,0.29448374898430374,0.04976197667835855
0.023492728341215543,0.6668317096501736,0.986360671374458,0.29488962398617213,0.04976286512637878
0.02346652827925669,0.666709024108668,0.986383204283632,0.295294703219222,0.049763455031524254
0.02343469636315461,0.6665097110936634,0.9864131614773783,0.29569897974450743,0.04976357842045113
0.02339724023241637,0.6662338932657035,0.986442111638505,0.2961024482192231,0.04976341161435181
0.023354168876333705,0.6658817405154026,0.9864719011451575,0.29650510408376024,0.04976294259613533
0.02330549263182515,0.6654534700018677,0.9868632871692435,0.2969069433572402,0.04976219659475015
0.023251223180955828,0.6649493462016873,0.98688273385704,0.2973079612397139,0.04976101979630658
0.023191373548133432,0.6643696809684366,0.9862826965007834,0.2977081487122702,0.04975934929416202
0.02312595809698255,0.6637148336025995,0.9863103981906817,0.29810750039415546,0.0497573847184998
0.02305499252689739,0.66298521093179,0.9861218852628638,0.2985059993529602,0.04975263444546518
0.022978493869274287,0.6621812674011613,0.9861515086154083,0.29890355490649456,0.049743881952691485
0.02289648048342362,0.6613035051738174,0.986181124616786,0.29930013820871065,0.04973482308625166
0.022808972052164582,0.6603524742410726,0.9862107270147027,0.2996957450788003,0.04972545807056763
0.02271598957710037,0.6593287725423139,0.9866285928299916,0.3000903714139623,0.04971579928692936
0.02261755537357885,0.6582330460942423,0.9866552755716587,0.30048401349553194,0.04970585327186794
0.022513693065336286,0.6570659891291928,0.9860128793797431,0.30087666741351404,0.04969562427069069
0.022404427578828143,0.655828344242203,0.9860423065689986,0.3012683298411744,0.0496851242779668
0.02228978513724659,0.6545209025464583,0.9864503185148862,0.30165899697022486,0.0496743354024022
0.02216979325422743,0.6531445038366838,0.9868158274328502,0.30204866534710667,0.0496632831781477
0.022044480727246518,0.6517000367599904,0.9868404815498324,0.30243733164389486,0.049651953171920185
0.02191387763070882,0.6501884389936315,0.9868649376509374,0.30282499194401574,0.04964031465274796
0.02177801530873061,0.6486106974290395,0.9868803904114911,0.3032116414915709,0.0496282463180123
0.021636926367616997,0.6469678483614433,0.9867129671872202,0.3035972593829284,0.04961320639263606
0.021490644668036483,0.6452609776842785,0.9867293203530257,0.30398175343266826,0.04959404900380077
0.021339205316894996,0.6434912210875062,0.9867549175017122,0.30436509128354716,0.04957443492435349
0.021182644658909767,0.6416597642588565,0.9865840103036698,0.3047472562663783,0.04955208938062191
0.021021000267887162,0.6397678430868822,0.986411683719666,0.3051281478118644,0.049523445548118446
0.02085431093770512,0.6378167438646076,0.9864298938381728,0.3055076559284748,0.049490908897609806
0.020682616673002738,0.6358078034924127,0.9865365979127849,0.3058857391598645,0.049455605193814284
0.020505958679579387,0.6337424096786266,0.9866303974260836,0.3062623013845476,0.049414342939881103
0.020324379354505605,0.6316220011361716,0.9866604715607659,0.3066372407758866,0.049369581012703334
0.02013792227594764,0.6294480677734146,0.986028033952327,0.30701053512118975,0.04932467763764862
0.019946632192709368,0.627222150877185,0.9860614807561784,0.30738218536117845,0.04927964839160035
0.0197505550134926,0.6249458432857412,0.9860948491516288,0.30775219161392475,0.04923444646544821
0.019549737795879037,0.6226207895492121,0.986116895292612,0.308120553308392,0.04918897668827252
0.019344228735037047,0.6202486860748633,0.9861512147830334,0.30848726689251676,0.04914320526814622
0.019134077152154674,0.6178312812542265,0.9861845755455798,0.3088523320264024,0.04909729934143009
0.018919333482603013,0.615370375568914,0.9862188970439695,0.30921574901328625,0.04905124885162626
0.01870004926383212,0.6128678216716388,0.986252239508547,0.3095775185603007,0.04900506537116242
0.018476277123001653,0.6103255244386523,0.9862856173147275,0.3099376410071447,0.04895872696535919
0.018248070764351476,0.6077454409895242,0.9863188878626363,0.31029611648728694,0.048912228592277764
0.018015484956312024,0.605129580669824,0.9863911898014893,0.3106529345606689,0.04886349034031158
0.017778575518361008,0.6024800049919405,0.9864258923542922,0.31100802350518736,0.04881153617181712
0.017537399307626135,0.5997988275289029,0.9864493781602099,0.31136136320456387,0.04875936153404522
0.017292014205240444,0.5970882137556741,0.986472882028332,0.31171295088197815,0.04870682727774512
0.017042479102450443,0.5943503808320272,0.9864963743512809,0.3120627829110646,0.04865393926106796
0.016788853886483143,0.59158759732068,0.9867041246447388,0.31241084665007024,0.048598908847264054
0.01653119942617281,0.5888021828339671,0.9867289124245735,0.31275707701589567,0.04854091998400363
0.016269577557353147,0.5859965076019165,0.9867649477282145,0.31310145451299226,0.048482723436788236
0.016004051068016955,0.5831729919541541,0.9868009514936931,0.3134439804296277,0.048424454990575086
0.015734683683246938,0.580334105707661,0.9868368868352837,0.3137846570093182,0.04836610776469612
0.015461540049922498,0.5774823674519863,0.9868727444220189,0.31412348633367343,0.04830767989697641
0.01518468572120454,0.5746203437231043,0.98690853281144,0.3144604704887094,0.048249176732921055
0.014904187140802907,0.5717506480567259,0.9869332803706945,0.3147956115492771,0.0481905389322349
0.014620111627030532,0.5688759399115234,0.9869690959396891,0.3151289090878977,0.04813170839255111
0.014332527356647059,0.5659989234523685,0.9870047941654144,0.31546036452831827,0.04807280368335468
0.014041503348496907,0.563122346183414,0.9870294170218703,0.31578997965035116,0.04801374529047617
0.01374710944694508,0.5602489974206013,0.9870540281479117,0.3161177535774526,0.047954423673279116
