x_mean,x_rms,order_parameter,residue_mean,mismatch_mean
-0.009763459981777058,0.49085534866202174,0.03441049717751197,0.0,0.0
-0.009570349650717878,0.4914648376676423,0.034616317711487404,0.0,0.0
-0.009374942481682037,0.4921583103615534,0.0348235216074452,0.0,0.0
-0.009177285371452166,0.4929347481301235,0.035030557777203215,0.0,0.0
-0.008977425756785954,0.49379301617379406,0.03523954535777494,0.0,0.0
-0.008775411603031455,0.4947318670197619,0.03556237476151655,0.0,0.0
-0.008571291392615973,0.49574994432636793,0.03577599852104466,0.0,0.0
-0.008365114113410146,0.4968457869521442,0.0359944041760832,0.0,0.0
-0.008156929246971307,0.498017833261347,0.03621455472207676,0.0,0.0
-0.007946786756667998,0.49926442563701146,0.036438096738706634,0.0,0.0
-0.007734737075689288,0.5005838151721188,0.0366683247137805,0.0,0.0
-0.007520831094940653,0.5019741665093559,0.036899904791347096,0.0,0.0
-0.007305120150830721,0.5034335628001507,0.037133770628966736,0.0,0.0
-0.007087656012950597,0.5049600107541709,0.052327219194541065,0.0,0.0
-0.006868490871649515,0.5065514457512469,0.052667977262032,0.0,0.0
-0.006647677325509359,0.5082057369886878,0.05301516717765491,0.0,0.0
-0.006425268368721284,0.5099206926382034,0.0533687076515605,0.0,0.0
-0.006201317378367213,0.5116940649880518,0.053725032391010286,0.0,0.0
-0.0059758781016099214,0.5135235555475876,0.06917206558618387,0.0,0.0
-0.005749004642793668,0.515406820093089,0.06962887277923865,0.0,0.0
-0.005520751450459487,0.5173414736354903,0.07008889416906182,0.0,0.0
-0.005291173304277931,0.5193250952924897,0.07055026225610174,0.0,0.0
-0.0050603253019020225,0.521355233049354,0.07101231233660771,0.0,0.0
-0.004828262845744248,0.5234294083946018,0.07147753044641708,0.0,0.0
-0.004595041629680113,0.5255451208185916,0.0867823446881209,0.0,0.0
-0.004360717625682007,0.5276998521648417,0.08734435824032209,0.0,0.0
-0.0041253470703860404,0.5298910708256535,0.10287307655388446,0.0,0.0
-0.0038889864515956937,0.5321162357752672,0.10352583233792352,0.0,0.0
-0.0036516924947248676,0.5343728004353795,0.10418166286205642,0.0,0.0
-0.0034135221491842205,0.5366582163693209,0.10484084666034087,0.0,0.0
-0.00317453257471335,0.538969936802582,0.1055059408620737,0.0,0.0
-0.0029347811276629527,0.5413054199686443,0.10617444885096586,0.0,0.0
-0.0026943253472294874,0.5436621322802425,0.10684494579424145,0.0,0.0
-0.0024532229416460057,0.5460375513272188,0.12189039226637616,0.0,0.0
-0.0022115317743325352,0.5484291687030798,0.12264469120089805,0.0,0.0
-0.0019693098500090257,0.5508344926631775,0.12340613830518807,0.0,0.0
-0.0017266153007746412,0.5532510506181805,0.12417256325770043,0.0,0.0
-0.0014835063721561977,0.5556763914670861,0.12494498830618522,0.0,0.0
-0.001240041409129589,0.5581080877745754,0.1257235003515557,0.0,0.0
-0.0009962788421172832,0.5605437377979291,0.12650764641578913,0.0,0.0
-0.0007522771729652358,0.5629809673690568,0.12729655550492544,0.0,0.0
-0.0005080949609028207,0.5654174316374904,0.12809179412706234,0.0,0.0
-0.0002637908084887673,0.5678508166803521,0.12889034822112064,0.0,0.0
-1.9423347546990987e-05,0.5702788409854606,0.12969365132428906,0.0,0.0
0.0002249487749049312,0.5726992568138012,0.13035057523802895,0.0,0.0
0.00046926691073061953,0.5751098514476143,0.13116183420098443,0.0,0.0
0.0007134724247502517,0.5775084483303122,0.13181871407419501,0.0,0.0
0.0009575067088127242,0.5798929081043961,0.13260227250138595,0.0,0.0
0.0012013111958612396,0.582261129553409,0.13342378887519005,0.0,0.0
0.0014448273739892047,0.5846110504538641,0.13424985105958978,0.0,0.0
0.0016879968004828406,0.58694064834292,0.13508072663987844,0.0,0.0
0.0019307611158470106,0.5892479412073766,0.14992484891148933,0.0,0.0
0.0021730620578113637,0.5915309880994262,0.16461912619761337,0.0,0.0
0.0024148414753128998,0.5937878896843342,0.16560398654458544,0.0,0.0
0.002656041342452039,0.5960167887250514,0.16659541251832558,0.0,0.0
0.0028966037724184207,0.5982158705085188,0.167593954747725,0.0,0.0
0.0031364710313836488,0.6003833632182164,0.16859823545643113,0.0,0.0
0.0033755855523569583,0.6025175382572702,0.1696083077583769,0.0,0.0
0.0036138899490011163,0.6046167105262125,0.17062424384712707,0.0,0.0
0.0038513270294048426,0.6066792386592808,0.17146656045599926,0.0,0.0
0.0040878398098085494,0.6087035252228915,0.17250444091477368,0.0,0.0
0.004323371528280279,0.6106880168797455,0.17354147116087731,0.0,0.0
0.004557865658338204,0.6126312045217921,0.18786883448021327,0.0,0.0
0.004791265922516723,0.614531623375081,0.18897706840133666,0.0,0.0
0.005023516305872768,0.6163878530793343,0.20298943915401865,0.0,0.0
0.005254561069429203,0.6181985177448969,0.2041626689585718,0.0,0.0
0.005484344763551828,0.6199622859895269,0.21789744351569307,0.0,0.0
0.005712812241257084,0.6216778709573155,0.21912798718413914,0.0,0.0
0.005939908671446976,0.6233440303218944,0.22036287479693237,0.0,0.0
0.006165579552068388,0.6249595662758759,0.22160512852625397,0.0,0.0
0.006389770723193224,0.6265233255083937,0.22285563279001155,0.0,0.0
0.006612428380016564,0.6280341991724068,0.2241119312547236,0.0,0.0
0.006833499085769609,0.6294911228433493,0.225376237494686,0.0,0.0
0.007052929784544098,0.6308930764705655,0.22664804832297664,0.0,0.0
0.007270667814025688,0.6322390843228349,0.22793053604219898,0.0,0.0
0.007486660918132485,0.633528214929237,0.2292228282324832,0.0,0.0
0.007700857259556283,0.6347595810164378,0.23052043583783596,0.0,0.0
0.007913205432203361,0.6359323394434432,0.23182433569560673,0.0,0.0
0.008123654473531569,0.6370456911347451,0.2331331251356351,0.0,0.0
0.008332153876781172,0.6380988810126944,0.23444838167047707,0.0,0.0
0.008538653603096254,0.6390911979299141,0.23576715123365427,0.0,0.0
0.008743104093533708,0.6400219746024098,0.23709150594713252,0.0,0.0
0.008945456280957305,0.6408905875440501,0.23842556552319263,0.0,0.0
0.0091456616018133,0.6416964570029738,0.23976704675010765,0.0,0.0
0.00934367200778576,0.6424390469004538,0.2532975390845614,0.0,0.0
0.009539439977327728,0.6431178647726757,0.25469302925283155,0.0,0.0
0.009732918527066266,0.6437324617158465,0.25609116034407725,0.0,0.0
0.009924061223078125,0.6442824323350241,0.2574934336689372,0.0,0.0
0.010112822192033818,0.644767414696962,0.2704837382311547,0.0,0.0
0.010299156132206866,0.6451870902872914,0.2719314343861039,0.0,0.0
0.010483018324346094,0.6455411839722707,0.2733848627864111,0.0,0.0
0.010664364642407935,0.6458294639653276,0.27484196975474445,0.0,0.0
0.01084315156414655,0.6460517417985692,0.2761814550841897,0.0,0.0
0.011019336181558956,0.6462078722994259,0.2777418899025597,0.0,0.0
0.011192876211182682,0.6462977535725305,0.2792151476699683,0.0,0.0
0.011363730004243636,0.6463213269869426,0.2806958912701936,0.0,0.0
0.011531856556651635,0.6462785771687714,0.28218439823418257,0.0,0.0
0.011697215518841132,0.6461695319992435,0.28367775314339405,0.0,0.0
0.011859767205454955,0.6459942626182049,0.28526558086956205,0.0,0.0
0.012019472604868596,0.6457528834330748,0.2867691801696318,0.0,0.0
0.012176293388552807,0.6454455521331672,0.28827922287304936,0.0,0.0
0.012330191920272297,0.6450724697093387,0.2897965477602402,0.0,0.0
0.01248113126511818,0.6446338804788428,0.2913234790940391,0.0,0.0
0.012629075198372237,0.6441300721152735,0.29285858949402255,0.0,0.0
0.012773988214200617,0.6435613756834281,0.2944031440875201,0.0,0.0
0.012915835534175147,0.6429281656789013,0.30673496797777927,0.0,0.0
0.013054583115619967,0.6422308600721903,0.31884547188475704,0.0,0.0
0.013190197659781527,0.6414699203570341,0.32045807797912357,0.0,0.0
0.013322646619820149,0.6406458516027006,0.33221788822125614,0.0,0.0
0.013451898208621289,0.6397592025098822,0.3338590391166583,0.0,0.0
0.013577921406424021,0.6388105654697993,0.3355057373982899,0.0,0.0
0.013700685968265808,0.6378005766261029,0.33715692878968995,0.0,0.0
0.01382016243124113,0.6367299159390759,0.3389120622328635,0.0,0.0
0.013936322121572347,0.6355993072516152,0.3491568673827368,0.0,0.0
0.0140491371614914,0.6344095183563834,0.3508392417226628,0.0,0.0
0.014158580475930205,0.6331613610634927,0.35252915826041065,0.0,0.0
0.01426462579901871,0.6318556912679817,0.3542253877028772,0.0,0.0
0.014367247680388348,0.630493409016305,0.3559280957906754,0.0,0.0
0.014466421491280204,0.6290754585709374,0.35763705686982,0.0,0.0
0.014562123430455738,0.6276028284721675,0.3593543224558932,0.0,0.0
0.014654330529908973,0.6260765515960038,0.36116636222783643,0.0,0.0
0.014743020660378574,0.6244977052070702,0.36297452435291383,0.0,0.0
0.014828172536659015,0.6228674110052228,0.36471383844428246,0.0,0.0
0.014909765722708695,0.6211868351645593,0.37414839186513593,0.0,0.0
0.014987780636554666,0.619457188363307,0.37591382966832104,0.0,0.0
0.015062198554992074,0.6176797258030404,0.37768348935885543,0.0,0.0
0.015133001618077704,0.6158557472154357,0.3794609900703275,0.0,0.0
0.01520017283341632,0.6139865968547451,0.3812463495181762,0.0,0.0
0.015263696080238632,0.6120736634739274,0.3830357989322813,0.0,0.0
0.015323556113270314,0.610118380282273,0.38483041572125676,0.0,0.0
0.015379738566390848,0.6081222248821808,0.38663115937683834,0.0,0.0
0.015432229956081147,0.6060867191825465,0.3884395429461285,0.0,0.0
0.015481017684659626,0.6040134292860871,0.3902129150415857,0.0,0.0
0.015526090043305619,0.6019039653476946,0.3985877657863538,0.0,0.0
0.015567436214869465,0.5997599814007312,0.4004215372713022,0.0,0.0
0.015605046276468375,0.5975831751479804,0.40835777955549474,0.0,0.0
0.015638911201868187,0.5953752877137494,0.4162999555393645,0.0,0.0
0.015669022863649292,0.5931381033533997,0.4181558088802442,0.0,0.0
0.015695374035157427,0.5908734491163761,0.42001697819979433,0.0,0.0
0.015717958392237916,0.58858319445857,0.42188681020083457,0.0,0.0
0.015736770514753497,0.5862692507996331,0.423760901827301,0.0,0.0
0.015751805887885044,0.5839335710206224,0.425639174772932,0.0,0.0
0.01576306090321521,0.5815781488971665,0.42752314442483175,0.0,0.0
0.015770532859594316,0.5792050184630754,0.4294122190942582,0.0,0.0
0.015774219963788687,0.5768162532991579,0.4313054151679843,0.0,0.0
0.015774121330911047,0.5744139657417705,0.43320545291625356,0.0,0.0
0.015770236984632827,0.572000306005458,0.435111695679845,0.0,0.0
0.015762567857178406,0.5695774612138635,0.4370218700791085,0.0,0.0
0.015751115789101655,0.5671476543329534,0.4388513970817003,0.0,0.0
0.01573588352884385,0.5647131430004505,0.440772066390264,0.0,0.0
0.01571687473207444,0.5622762182453199,0.44275797463084554,0.0,0.0
0.015694093960813348,0.559839203091057,0.4446865482831316,0.0,0.0
0.01566754668233632,0.5574044510365344,0.4466210358158135,0.0,0.0
0.015637239267862778,0.554974344408203,0.44855949814158513,0.0,0.0
0.015603178991026688,0.5525512925775053,0.45050395594203585,0.0,0.0
0.015565374026131031,0.5501377300375389,0.4524541807990287,0.0,0.0
0.015523833446185884,0.5477361143332046,0.4544086535479349,0.0,0.0
0.015478567220731005,0.5453489238393592,0.4563660085674376,0.0,0.0
0.015429586213443333,0.5429786553818761,0.4623761951213821,0.0,0.0
0.015376902179529377,0.5406278216969663,0.4643414465667994,0.0,0.0
0.015320527762904393,0.5382989487246509,0.47018550791368713,0.0,0.0
0.015260476493157855,0.5359945727329454,0.47215818214060373,0.0,0.0
0.01519676278230615,0.533717237270037,0.4741350636659542,0.0,0.0
0.015129401921334088,0.5314694899426272,0.47611539638596656,0.0,0.0
0.015058410076524973,0.5292538790195461,0.4781545695620325,0.0,0.0
0.014983804285580762,0.5270729498608567,0.4801385727824545,0.0,0.0
0.01490560245353317,0.5249292411738345,0.4821245455185064,0.0,0.0
0.01482382334844648,0.5228252810985403,0.4841512885102631,0.0,0.0
0.014738486596913366,0.5207635831270764,0.4861576403880374,0.0,0.0
0.014649612679344568,0.5187466418621877,0.4881455994904048,0.0,0.0
0.014557222925053754,0.5167769286224085,0.4901347745177045,0.0,0.0
0.014461339507138363,0.5148568869027136,0.49212556797133916,0.0,0.0
0.014361985437158485,0.5129889277013427,0.494117155065666,0.0,0.0
0.014259184559614013,0.5111754247253131,0.49610988442044035,0.0,0.0
0.014152961546222064,0.5094187094889643,0.5012207193919814,0.0,0.0
0.014043341889995968,0.507721066321766,0.5064310880192743,0.0,0.0
0.013930351899127042,0.506084727303438,0.5084166590952337,0.0,0.0
0.01381401869067071,0.5045118671462826,0.5104037830283596,0.0,0.0
0.013694370184038577,0.5030045980463517,0.5123933242913644,0.0,0.0
0.013571435094297944,0.5015649645267267,0.5143846178676005,0.0,0.0
0.013445242925280156,0.5001949382977321,0.5163769635548321,0.0,0.0
0.013315823962500067,0.49889641316023003,0.5203864570939151,0.0,0.0
0.013183209265887534,0.4976711999793658,0.522377345053249,0.0,0.0
0.013047430662333118,0.4965210217570265,0.5243675712080846,0.0,0.0
0.012908520738049977,0.49544750883201993,0.5263611067490392,0.0,0.0
0.012766512830753078,0.4944521942373762,0.5283566423439079,0.0,0.0
0.01262144102165856,0.4935365092442877,0.5303538771069997,0.0,0.0
0.012473340127304234,0.4927017791220066,0.5323512794554495,0.0,0.0
0.012322245691193777,0.4919492191424717,0.5343492118920302,0.0,0.0
0.012168193975266608,0.4912799308575476,0.5363476578497653,0.0,0.0
0.012011221951195087,0.49069489867552324,0.5383456038889721,0.0,0.0
0.01185136729151147,0.4901949867619262,0.5403440636925749,0.0,0.0
0.011688668360566755,0.48978093628781133,0.5423424796387533,0.0,0.0
0.011523164205323396,0.48945336304642584,0.5443409147490812,0.0,0.0
0.011354894545984212,0.4892127554566409,0.5463390548402179,0.0,0.0
0.011183899766459676,0.48905947296874414,0.548336126155042,0.0,0.0
0.011010220904676073,0.48899374488516795,0.5503319340350186,0.0,0.0
0.010833899642726538,0.48901566960553355,0.5523277409973881,0.0,0.0
0.010654978296867632,0.4891252143020377,0.5543211184525311,0.0,0.0
0.010473499807363453,0.48932221502779655,0.556311617575179,0.0,0.0
0.010289507728180347,0.48960637725725686,0.5590420764286054,0.0,0.0
0.010103046216534104,0.4899772768543724,0.561035251838199,0.0,0.0
0.009914160022292503,0.49043436146080693,0.563025748150789,0.0,0.0
0.009722894477235457,0.49097695229317634,0.5659433246657404,0.0,0.0
0.00952929548417563,0.4916042463352099,0.5679374173099239,0.0,0.0
0.009333409505942154,0.4923153189078211,0.5699661875358701,0.0,0.0
0.009135283554229412,0.4931091265973872,0.5719567734020091,0.0,0.0
0.008934965178314817,0.49398451052018544,0.5739435801853987,0.0,0.0
0.00873250245364701,0.49494019989883015,0.5759291351778649,0.0,0.0
0.00852794397030805,0.4959748159248131,0.5779090048085218,0.0,0.0
0.008321338821352026,0.4970868758798434,0.5797280225654469,0.0,0.0
0.008112736591022964,0.49827479748761455,0.5817151373205001,0.0,0.0
0.007902187342854772,0.4995369034669083,0.5837002713287232,0.0,0.0
0.007689741607656352,0.5008714262565804,0.5856816250606984,0.0,0.0
0.007475450371384357,0.5022765128829225,0.5876762125057488,0.0,0.0
0.007259365062906899,0.5037502299401718,0.5896514183394136,0.0,0.0
0.007041537541660716,0.5052905686554845,0.5916204663185789,0.0,0.0
0.0068220200852052775,0.5068954500105449,0.5935859017452695,0.0,0.0
0.006600865376676503,0.5085627298930067,0.5955488450943744,0.0,0.0
0.006378126492142719,0.5102902042522829,0.5975064436170037,0.0,0.0
0.006153856887867147,0.5120756142355959,0.5994584381155856,0.0,0.0
0.005928110387478196,0.5139166512818352,0.601406070349295,0.0,0.0
0.0057009411690523756,0.5158109621524519,0.6033476974777776,0.0,0.0
0.005472403752111627,0.5177561538804094,0.6052855465347643,0.0,0.0
0.005242552984539009,0.5197497986200357,0.6072172003606419,0.0,0.0
0.005011444029415405,0.5217894383825126,0.6091426441501544,0.0,0.0
0.004779132351780693,0.5238725896435544,0.6110626189214153,0.0,0.0
0.004545673705322343,0.5259967478117027,0.6129780438759547,0.0,0.0
0.004311124118994863,0.5281593915474293,0.6148872277541153,0.0,0.0
0.0040755398835731,0.5303579869249725,0.6167944298629785,0.0,0.0
0.00383897753814269,0.5325899914304949,0.6185786701911444,0.0,0.0
0.0036014938565310114,0.5348528577916937,0.6204757052849796,0.0,0.0
0.0033631458336816507,0.5371440376354745,0.6222110104066203,0.0,0.0
0.003123990671976032,0.5394609849716513,0.6240990036607462,0.0,0.0
0.0028840857675049075,0.5418011595018882,0.6260521720456698,0.0,0.0
0.0026434886962938085,0.5441620297542268,0.6279461119997201,0.0,0.0
0.0024022572004848935,0.546541076044579,0.629840034909282,0.0,0.0
0.0021604491744792106,0.5489357932674828,0.6317209070266675,0.0,0.0
0.0019181226510422626,0.5513436935191858,0.6335748360431339,0.0,0.0
0.001675335787376483,0.553762308556878,0.6354433819987071,0.0,0.0
0.0014321468511636864,0.5561891920984342,0.6373039196526256,0.0,0.0
0.0011886142065812512,0.5586219219675705,0.6391574557767135,0.0,0.0
0.000944796300294866,0.5610581020897021,0.6410057698359769,0.0,0.0
0.000700751647431653,0.563495364344141,0.642847553387961,0.0,0.0
0.00045653881753685233,0.5659313702784974,0.6443434502365158,0.0,0.0
0.00021221642051736056,0.5683638126913597,0.6460339558659229,0.0,0.0
-3.215690742433641e-05,0.5707904170894185,0.6478967474612997,0.0,0.0
-0.0002765225178625541,0.5732089430252747,0.6497211096273765,0.0,0.0
-0.0005208217642237903,0.5756171853221772,0.6515699939015752,0.0,0.0
-0.0007649960158616389,0.5780129751919081,0.653352922027618,0.0,0.0
-0.001008986672127738,0.5803941812519344,0.6551869472468922,0.0,0.0
-0.0012527351764358237,0.5827587104478825,0.6563677962673576,0.0,0.0
-0.0014961830303148694,0.5851045088872019,0.6582109975956162,0.0,0.0
-0.0017392718074485814,0.5874295625897755,0.6591871460544158,0.0,0.0
-0.0019819431676972817,0.5897318981610142,0.6609656734511137,0.0,0.0
-0.0022241388710993936,0.5920095833928144,0.6628082035030918,0.0,0.0
-0.002465800791848699,0.5942607277975159,0.664644382076764,0.0,0.0
-0.002706870932244227,0.5964834830798247,0.6662209945257767,0.0,0.0
-0.002947291436609468,0.5986760435513931,0.6677403527002986,0.0,0.0
-0.0031870046051774505,0.6008366464925866,0.6695509645152468,0.0,0.0
-0.0034259529079383624,0.6029635724656843,0.6713532916587012,0.0,0.0
-0.0036640789984465683,0.6050551455835712,0.6731455078953694,0.0,0.0
-0.0039013257275833757,0.6071097337377593,0.6749300266266025,0.0,0.0
-0.004137636157272631,0.6091257487893278,0.6758992121270126,0.0,0.0
-0.004372953574145557,0.6111016467261913,0.6776891825872626,0.0,0.0
-0.004607221503151633,0.6130359277898856,0.6794707058463397,0.0,0.0
-0.004840383721112478,0.6149271365748551,0.6800464020173776,0.0,0.0
-0.0050723842702149885,0.6167738621030358,0.680803667172725,0.0,0.0
-0.005303167471440989,0.6185747378763486,0.6826033530027965,0.0,0.0
-0.005532677937930052,0.6203284419095355,0.6843972456726548,0.0,0.0
-0.005760860588271878,0.6220336967455904,0.6861850274848178,0.0,0.0
-0.005987660659725698,0.6236892694558956,0.6879649783267968,0.0,0.0
-0.006213023721363062,0.6252939716270121,0.6897372869250313,0.0,0.0
-0.006436895687130987,0.6268466593359141,0.6914649383817129,0.0,0.0
-0.006659222828832266,0.6283462331153468,0.6932215403057824,0.0,0.0
-0.006879951789020137,0.6297916379108335,0.694969470567282,0.0,0.0
-0.007099029593803697,0.6311818630307572,0.6967076682141993,0.0,0.0
-0.007316403665561423,0.6325159420908083,0.6984367188203343,0.0,0.0
-0.007532021835559484,0.6337929529539991,0.7001567785797576,0.0,0.0
-0.007745832356472123,0.6350120176673366,0.7018689160920472,0.0,0.0
-0.007957783914800665,0.6361723023961635,0.7035727151170896,0.0,0.0
-0.0081678256431885,0.6372730173570647,0.7031906029074376,0.0,0.0
-0.00837590713262907,0.6383134167502003,0.7049005955583988,0.0,0.0
-0.008581978444563718,0.6392927986917968,0.7066014684155795,0.0,0.0
-0.008785990122866787,0.6402105051475027,0.7082938106170391,0.0,0.0
-0.008987893205714744,0.6410659218672287,0.7099778941523377,0.0,0.0
-0.009187639237336917,0.6418584783220312,0.7116529882805852,0.0,0.0
-0.009385180279644537,0.6425876476435524,0.7133200440421318,0.0,0.0
-0.009580468923735663,0.6432529465664738,0.7149786510061695,0.0,0.0
-0.009773458301273144,0.6438539353743762,0.7144380578882343,0.0,0.0
-0.009964102095732766,0.6443902178493921,0.7161021042670909,0.0,0.0
-0.01015235455351895,0.6448614412259437,0.7177575921165834,0.0,0.0
-0.010338170494945521,0.645267296148868,0.7194037327432755,0.0,0.0
-0.01052150532507846,0.6456075166361648,0.7210408237248251,0.0,0.0
-0.010702315044438634,0.6458818800465652,0.7206823189365622,0.0,0.0
-0.010880556259561242,0.6460902070521245,0.7223260911333882,0.0,0.0
-0.011056186193410266,0.6462323616159522,0.7239938331219252,0.0,0.0
-0.01122916269564468,0.6463082509752189,0.7256305522247052,0.0,0.0
-0.011399444252734243,0.6463178256295123,0.727235776754914,0.0,0.0
-0.011566989997922644,0.6462610793346106,0.7288537149999534,0.0,0.0
-0.011731759721035247,0.6461380491016898,0.7304654053906939,0.0,0.0
-0.011893713878129505,0.6459488152019914,0.7320683118286773,0.0,0.0
-0.012052813600985089,0.6456935011768994,0.7336640961579529,0.0,0.0
-0.012209020706432212,0.6453722738534056,0.7326265506766877,0.0,0.0
-0.0123622977055154,0.6449853433648559,0.7317441667776607,0.0,0.0
-0.012512607812490655,0.6445329631768982,0.7333608914365265,0.0,0.0
-0.012659914953653801,0.6440154301184718,0.7349685960469338,0.0,0.0
-0.012804183775998033,0.6434330844176948,0.7365626828923554,0.0,0.0
-0.01294537965569857,0.6427863097424195,0.7381538291891262,0.0,0.0
-0.01308346870642204,0.6420755332452612,0.7397353072055182,0.0,0.0
-0.013218417787459058,0.6413012256127977,0.7413084797993124,0.0,0.0
-0.01335019451167803,0.6404639011186432,0.7428728348854605,0.0,0.0
-0.013478767253297661,0.6395641176800575,0.7444296537997431,0.0,0.0
-0.013604105155477155,0.6386024769176788,0.7459781938923016,0.0,0.0
-0.01372617813772161,0.6375796242179481,0.7475195894823201,0.0,0.0
-0.0138449569031013,0.6364962487977412,0.7490542367811638,0.0,0.0
-0.013960412945282647,0.6353530837706388,0.750579795697599,0.0,0.0
-0.014072518555369793,0.634150906214256,0.7520968478825444,0.0,0.0
-0.014181246828554398,0.6328905372379433,0.7536203725574325,0.0,0.0
-0.014286571670572876,0.6315728420501195,0.7551213895527965,0.0,0.0
-0.014388467803968658,0.6301987300244414,0.7566157064915475,0.0,0.0
-0.014486910774158828,0.6287691547639008,0.7580999471141421,0.0,0.0
-0.014581876955303217,0.6272851141618823,0.7595734947270507,0.0,0.0
-0.014673343555974093,0.6257476504591151,0.7610394499333559,0.0,0.0
-0.014761288624626388,0.6241578502953464,0.7624980253337376,0.0,0.0
-0.014845691054865745,0.6225168447544744,0.76395319382953,0.0,0.0
-0.014926530590514119,0.6208258094017536,0.7654192364029325,0.0,0.0
-0.015003787830470941,0.6190859643115745,0.7668606578285104,0.0,0.0
-0.015077444233369505,0.6172985740841928,0.768290404811097,0.0,0.0
-0.015147482122026686,0.6154649478496369,0.7696869519878917,0.0,0.0
-0.015213884687685374,0.6135864392569038,0.7710446103048197,0.0,0.0
-0.01527663599404858,0.6116644464463691,0.7724501278743167,0.0,0.0
-0.015335720981104,0.6097004120032151,0.7738515882664544,0.0,0.0
-0.015391125468738318,0.6076958228894835,0.7752451475531836,0.0,0.0
-0.015442836160140501,0.6056522103521983,0.7766304436984975,0.0,0.0
-0.01549084064499281,0.6035711498048234,0.778007744915741,0.0,0.0
-0.015535127402449358,0.6014542606791048,0.7793766849007047,0.0,0.0
-0.01557568580390088,0.5993032062441974,0.7807376015738443,0.0,0.0
-0.015612506115525714,0.5971196933897104,0.7794191429434748,0.0,0.0
-0.01564557950062587,0.594905472369139,0.7782262532306596,0.0,0.0
-0.015674898021747645,0.5926623364999204,0.7796126080609156,0.0,0.0
-0.01570045464258674,0.5903921218161211,0.7809913765903156,0.0,0.0
-0.01572224322967676,0.5880967066695503,0.7823625152748991,0.0,0.0
-0.015740258553861495,0.5857780112748748,0.7837255882809605,0.0,0.0
-0.01575449629154954,0.5834379971940673,0.7850802567782698,0.0,0.0
-0.015764953025752197,0.5810786667553085,0.7864272097964835,0.0,0.0
-0.015771626246903477,0.5787020624012679,0.7877664218305542,0.0,0.0
-0.015774514353462357,0.5763102659614321,0.7890975955560064,0.0,0.0
-0.015773616652297064,0.573905397843002,0.7904217962252508,0.0,0.0
-0.01576893335885164,0.5714896161346593,0.7917075374227054,0.0,0.0
-0.015760465597093983,0.5690651156173623,0.7929505289852904,0.0,0.0
-0.015748215399246326,0.56663412667617,0.7942515481129858,0.0,0.0
-0.015732185705297285,0.5641989141069913,0.7954456894978817,0.0,0.0
-0.015712380362296448,0.5617617758120611,0.796732145775976,0.0,0.0
-0.015688804123431144,0.5593250413779076,0.7977244998983548,0.0,0.0
-0.01566146264688548,0.5568910705295607,0.7989982321119513,0.0,0.0
-0.015630362494482623,0.5544622514548088,0.8002638555627803,0.0,0.0
-0.015595511130109829,0.5520409989923991,0.8015209913558401,0.0,0.0
-0.015556916917927243,0.5496297526782459,0.8027699006007394,0.0,0.0
-0.015514589120360566,0.54723097464394,0.8040115098832029,0.0,0.0
-0.015468537895877989,0.544847147362159,0.8052462830345949,0.0,0.0
-0.015418774296552407,0.5424807712339604,0.806473361199497,0.0,0.0
-0.015365310265408723,0.5401343620134156,0.8076920299791684,0.0,0.0
-0.015308158633557821,0.5378104480656182,0.8089012071374057,0.0,0.0
-0.015247333117116907,0.5355115674547573,0.8101030610881889,0.0,0.0
-0.015182848313918055,0.5332402648597343,0.811297174892519,0.0,0.0
-0.01511471970000445,0.5309990883156582,0.8124196104867814,0.0,0.0
-0.015042963625916438,0.5287905857805713,0.8134946903620374,0.0,0.0
-0.01496759731276731,0.526617301527858,0.8146656463844807,0.0,0.0
-0.014888638848110482,0.5244817723659847,0.815828555625771,0.0,0.0
-0.014806107181598478,0.5223865236885756,0.816983902159512,0.0,0.0
-0.014720022120435022,0.5203340653592422,0.818130137594901,0.0,0.0
-0.014630404324621626,0.518326887437131,0.819268154769151,0.0,0.0
-0.014537275301999076,0.5163674557507771,0.8203976722329613,0.0,0.0
-0.014440657403085819,0.5144582073295572,0.8215188896165684,0.0,0.0
-0.014340573815713749,0.5126015457038015,0.822524755675255,0.0,0.0
-0.014237048559463391,0.5107998360864782,0.8234808614121019,0.0,0.0
-0.014130106479899388,0.5090554004511698,0.8221033315850633,0.0,0.0
-0.01401977324260742,0.5073705125229747,0.8232164507938794,0.0,0.0
-0.013906075327034877,0.5057473927007697,0.8243216034213431,0.0,0.0
-0.013789040020135705,0.5041882029311046,0.8254185044894247,0.0,0.0
-0.013668695409821748,0.5026950415557168,0.8265057701613981,0.0,0.0
-0.01354507037822181,0.5012699381562675,0.8275863433564518,0.0,0.0
-0.013418194594750077,0.4999148484214294,0.8286593879879879,0.0,0.0
-0.013288098508985552,0.4986316490627377,0.8297250191994543,0.0,0.0
-0.013154813343364312,0.49742213280678876,0.8282597967509618,0.0,0.0
-0.013018371085686306,0.49628800349222335,0.8293284856556679,0.0,0.0
-0.012878804481438447,0.4952308713006145,0.8303896141354272,0.0,0.0
-0.012736147025935857,0.4942522481507009,0.8314433627638597,0.0,0.0
-0.012590432956282918,0.4933535432854862,0.8324887697489242,0.0,0.0
-0.012441697243157048,0.4925360590814164,0.8335266648310007,0.0,0.0
-0.012289975582415413,0.49180098710826176,0.8317301534337984,0.0,0.0
-0.01213530438652824,0.49114940446734995,0.8327704243541433,0.0,0.0
-0.01197772077584011,0.49058227043448777,0.8338028666237501,0.0,0.0
-0.011817262569661183,0.49010042343225874,0.8320914389435023,0.0,0.0
-0.011653968277190667,0.4897045783544049,0.8327283129937636,0.0,0.0
-0.011487877088274985,0.4893953242626833,0.8337549487941609,0.0,0.0
-0.01131902886400218,0.489173122474022,0.8319027419359366,0.0,0.0
-0.011147464127135484,0.4890383050529497,0.830104525655165,0.0,0.0
-0.010973224052388314,0.48899107372121353,0.8311391378172218,0.0,0.0
-0.0107963504565422,0.48903149919326344,0.8321667512624294,0.0,0.0
-0.010616885788411117,0.48915952094292653,0.8331866446147248,0.0,0.0
-0.010434873118653893,0.4893749474031254,0.8341985152009908,0.0,0.0
-0.01025035612943768,0.48967745659706263,0.8323166276803889,0.0,0.0
-0.01006337910395408,0.49006659719579754,0.8332395947653565,0.0,0.0
-0.009873986915791716,0.4905417899938104,0.8342440123012821,0.0,0.0
-0.00968222501816661,0.4911023297908727,0.8352409869000053,0.0,0.0
-0.009488139433013777,0.4917473876654863,0.8362305201906318,0.0,0.0
-0.009291776739941878,0.49247601362227683,0.8372130048312575,0.0,0.0
-0.009093184065054792,0.49328713959314485,0.8381874948333791,0.0,0.0
-0.008892409069641173,0.49417958276962237,0.8391561458305073,0.0,0.0
-0.008689499938736104,0.49515204924190814,0.8401181591499869,0.0,0.0
-0.00848450536955709,0.49620313791834814,0.8410729712156125,0.0,0.0
-0.008277474559816655,0.4973313446977985,0.8391128321496601,0.0,0.0
-0.008068457195915377,0.4985350668663311,0.8395659042761529,0.0,0.0
-0.007857503441017252,0.4998126076890699,0.840515685835745,0.0,0.0
-0.007644663923010862,0.5011621811676855,0.8414578220894589,0.0,0.0
-0.007429989722358843,0.5025819169340535,0.8423924987011172,0.0,0.0
-0.007213532359838845,0.5040698652509568,0.8433198029982815,0.0,0.0
-0.006995343784178906,0.5056240020912978,0.8442401773326232,0.0,0.0
-0.006775476359589769,0.5072422342681949,0.8451535534506941,0.0,0.0
-0.006553982853197993,0.5089224045894204,0.8460610795947429,0.0,0.0
-0.006330916422381846,0.5106622970109723,0.8469631408633013,0.0,0.0
-0.006106330602013992,0.5124596417660372,0.8473063939160012,0.0,0.0
-0.0058802792916132435,0.5143121204472266,0.8475937714209694,0.0,0.0
-0.005652816742409053,0.5162173710216998,0.8484793006270973,0.0,0.0
-0.005423997544321308,0.5181729927605545,0.8493580895353953,0.0,0.0
-0.005193876612859207,0.5201765510657596,0.8502282164821366,0.0,0.0
-0.004962509175941657,0.5222255821797188,0.8510919192028347,0.0,0.0
-0.004729950760642925,0.5243175977644355,0.8519491637179126,0.0,0.0
-0.004496257179866357,0.5264500893390752,0.8527999206596129,0.0,0.0
-0.004261484518949577,0.5286205325664871,0.8509390822038296,0.0,0.0
-0.004025689122204237,0.530826391380982,0.8517907709352586,0.0,0.0
-0.0037889275793936833,0.5330651219512577,0.8526352947208249,0.0,0.0
-0.003551256712151683,0.5353341764739661,0.8534730314609669,0.0,0.0
-0.003312733560345568,0.5376310067947858,0.8543046135877129,0.0,0.0
-0.0030734153683867377,0.539953067855265,0.855129199635105,0.0,0.0
-0.0028333595714925557,0.5422978209648818,0.855948082842851,0.0,0.0
-0.002592623781901909,0.5446627368989065,0.8567609067049008,0.0,0.0
-0.002351265775048751,0.5470452988236394,0.8575673000311915,0.0,0.0
-0.002109343475696158,0.5494430050514887,0.8583667894584859,0.0,0.0
-0.001866914944034691,0.5518533716291387,0.8591601992723659,0.0,0.0
-0.00162403836174825,0.5542739347627353,0.8599473184221151,0.0,0.0
-0.00138077201805072,0.5567022530845763,0.8607281637886147,0.0,0.0
-0.0011371742956968957,0.5591359097663033,0.8615025836877533,0.0,0.0
-0.0008933036569708131,0.5615725144839637,0.8622710643555928,0.0,0.0
-0.0006492186296551208,0.5640097052406202,0.8603933998905755,0.0,0.0
-0.00040497779298471803,0.5664451500524478,0.8611610509760071,0.0,0.0
-0.00016063976358803784,0.5688765485043931,0.8619232262805343,0.0,0.0
8.373681858075883e-05,0.5713016331815938,0.8628150438269078,0.0,0.0
0.0003280933043149996,0.5737181709828035,0.8635646912161875,0.0,0.0
0.0005723710492310792,0.5761239643220619,0.8643091612371134,0.0,0.0
0.0008165114278427854,0.5785168522248066,0.8650476632064169,0.0,0.0
0.0010604558476311572,0.5808947113245515,0.8657804265246378,0.0,0.0
0.0013041457631064609,0.5832554567661205,0.866508172345882,0.0,0.0
0.0015475226898587166,0.5855970430213203,0.8672308868812685,0.0,0.0
0.0017905282185937549,0.5879174646227244,0.8679483142655336,0.0,0.0
0.0020331040291511927,0.590214756821108,0.8686609179654882,0.0,0.0
0.002275191904500856,0.5924869961718402,0.8693684360888098,0.0,0.0
0.002516733744714747,0.5947323010553456,0.8700705430101782,0.0,0.0
0.0027576715809106587,0.5969488321365339,0.8707673320866209,0.0,0.0
0.0029979475891644654,0.5991347927678735,0.8714591933693718,0.0,0.0
0.003237504104387578,0.601288429340553,0.8721461362555889,0.0,0.0
0.0034762836341662127,0.6034080315879585,0.8728286322765672,0.0,0.0
0.003714228872559423,0.6054919328454771,0.8707245822325274,0.0,0.0
0.003951282713852192,0.607538510270387,0.8715994756842774,0.0,0.0
0.004187388266260506,0.6095461850254248,0.8722702492841842,0.0,0.0
0.00442248886558513,0.611513422429357,0.8702438986902061,0.0,0.0
0.004656528088810766,0.6134387320777188,0.8682539933059509,0.0,0.0
0.004889449767647292,0.6153206679366631,0.8689232190993714,0.0,0.0
0.005121198002009826,0.6171578284126696,0.869588073935992,0.0,0.0
0.005351717173434567,0.61894885640069,0.8674672157616131,0.0,0.0
0.005580951958426905,0.6206924393131303,0.8681290113728074,0.0,0.0
0.00580884734173881,0.6223873090918841,0.8687864347101018,0.0,0.0
0.006035348629572248,0.6240322422054944,0.8688761485341311,0.0,0.0
0.006260401462705365,0.6256260596333566,0.8695265514377489,0.0,0.0
0.006483951829538532,0.6271676268387402,0.8701718611491764,0.0,0.0
0.006705946079056765,0.6286558537322536,0.8708126856039048,0.0,0.0
0.006926330933705831,0.6300896946272815,0.8714497328770985,0.0,0.0
0.007145053502178471,0.6314681481887688,0.8720824599806899,0.0,0.0
0.0073620612921081905,0.6327902573766386,0.872710738638754,0.0,0.0
0.00757730222266705,0.6340551093850121,0.8733351766194037,0.0,0.0
0.007790724637064949,0.6352618355783097,0.8739563283758337,0.0,0.0
0.008002277314946868,0.6364096114252139,0.8745734573900646,0.0,0.0
0.008211909484685634,0.6374976564313929,0.8751866895554393,0.0,0.0
0.008419570835566772,0.6385252340718016,0.8757960742479252,0.0,0.0
0.008625211529862906,0.6394916517232996,0.8764014493226505,0.0,0.0
0.008828782214794516,0.640396260598275,0.8770032165588635,0.0,0.0
0.009030234034374345,0.6412384556798645,0.8776016099650467,0.0,0.0
0.009229518641132774,0.6420176756593442,0.8781980944301406,0.0,0.0
0.00942658820772072,0.6427334028761611,0.8761926653759783,0.0,0.0
0.00962139543838824,0.6433851632610793,0.8767881110588244,0.0,0.0
0.009813893580335065,0.643972526282807,0.8773803035837695,0.0,0.0
0.010004036434931122,0.6444951048984922,0.8753525467720286,0.0,0.0
0.01019177836880405,0.6449525555083574,0.8759420440482666,0.0,0.0
0.010377074324790944,0.6453445779147879,0.8768481625021882,0.0,0.0
0.010559879832751798,0.6456709152860747,0.8774285222446205,0.0,0.0
0.010740151020242191,0.6459313541250371,0.878005482747195,0.0,0.0
0.010917844623042506,0.6461257242426804,0.8785795088805385,0.0,0.0
0.011092917995540973,0.6462538987370395,0.879150156578687,0.0,0.0
0.011265329120968613,0.6463157939773019,0.8797176491415272,0.0,0.0
0.01143503662148296,0.6463113695933072,0.880282313683854,0.0,0.0
0.011601999768098479,0.6462406284704648,0.8811642695312909,0.0,0.0
0.011766178490461444,0.6461036167501127,0.8792268820243615,0.0,0.0
0.011927533386466552,0.645900423835332,0.8773259588597778,0.0,0.0
0.012086025731713392,0.645631182402165,0.8778857446197069,0.0,0.0
0.012241617488799764,0.645296068416201,0.8784424934896203,0.0,0.0
0.012394271316450947,0.6448953011544374,0.8785391253943463,0.0,0.0
0.012543950578481055,0.644429143232293,0.8764993452712141,0.0,0.0
0.012690619352585636,0.6438979006356571,0.8770524563975713,0.0,0.0
0.012834242438962999,0.6433019227577688,0.8779276125782807,0.0,0.0
0.012974785368761786,0.6426416024407499,0.8784727165682739,0.0,0.0
0.013112214412353558,0.6419173760215259,0.8790160507215764,0.0,0.0
0.013246496587427416,0.6411297233818783,0.8798653556292494,0.0,0.0
0.013377599666906029,0.6402791680022913,0.8804012357294068,0.0,0.0
0.013505492186679588,0.6393662770192567,0.8809345394979179,0.0,0.0
0.013630143453157283,0.638391661285608,0.8814650998824528,0.0,0.0
0.013751523550633532,0.637355975433463,0.8819927391264258,0.0,0.0
0.013869603348467529,0.6362599179392395,0.8825174117901652,0.0,0.0
0.013984354508074623,0.6351042311902085,0.883039507633788,0.0,0.0
0.014095749489727347,0.6338897015519557,0.8835590289753892,0.0,0.0
0.014203761559164842,0.6326171594360701,0.8840760968808734,0.0,0.0
0.014308364794008883,0.6312874793673018,0.8821555637050377,0.0,0.0
0.014409534089985257,0.6299015800493706,0.8826708958981471,0.0,0.0
0.014507245166948509,0.6284604244285078,0.8807564939667402,0.0,0.0
0.014601474574709257,0.6269650197537361,0.881269843487072,0.0,0.0
0.014692199698661932,0.6254164176328103,0.881780519277786,0.0,0.0
0.014779398765212297,0.623815714082618,0.882288242359716,0.0,0.0
0.014863050847002951,0.6221640495727613,0.882793609454717,0.0,0.0
0.014943135867935803,0.6204626090608965,0.8832967590280592,0.0,0.0
0.015019634607990247,0.6187126220183254,0.883797457965901,0.0,0.0
0.015092528707835869,0.6169153624441698,0.884296022688568,0.0,0.0
0.015161800673238668,0.6150721488663354,0.8847920513792062,0.0,0.0
0.01522743387925943,0.6131843443273406,0.8852850587478995,0.0,0.0
0.015289412574243781,0.6112533563529124,0.885775904740795,0.0,0.0
0.015347721883602361,0.6092806369011063,0.8862646150721092,0.0,0.0
0.015402347813380946,0.6072676822895255,0.8867509399820691,0.0,0.0
0.015453277253618468,0.6052160330980536,0.8872349313580574,0.0,0.0
0.015500497981493838,0.6031272740443048,0.8877162787680377,0.0,0.0
0.015543998664258991,0.6010030338288409,0.8881946906910154,0.0,0.0
0.015583768861958905,0.5988449849469529,0.8886706710049871,0.0,0.0
0.01561979902993702,0.5966548434636597,0.8891442780799689,0.0,0.0
0.01565208052112599,0.5944343687482968,0.8896153098572217,0.0,0.0
0.01568060558812287,0.592185363164922,0.8900836914503298,0.0,0.0
0.015705367385048484,0.5899096717144652,0.8883280002624654,0.0,0.0
0.015726359969190497,0.5876091816244076,0.8887960563615814,0.0,0.0
0.01574357830242945,0.5852858218814836,0.8896402463344106,0.0,0.0
0.015757018252448022,0.5829415627027048,0.8901015760392794,0.0,0.0
0.015766676593722658,0.5805784149397968,0.8905604934985415,0.0,0.0
0.015772551008297945,0.5781984294118884,0.8913614190420565,0.0,0.0
0.015774640086342454,0.5758036961611187,0.8896705587814441,0.0,0.0
0.015772943326487578,0.5733963436256292,0.8879869568561211,0.0,0.0
0.015767461135947472,0.5709785377241919,0.8884415970310533,0.0,0.0
0.015758194830421624,0.5685524808466232,0.8888937358827763,0.0,0.0
0.015745146633778802,0.5661204107439403,0.8893432991041206,0.0,0.0
0.015728319677523615,0.563684599312144,0.8897906355482722,0.0,0.0
0.015707718000044762,0.5612473512634126,0.8902353812566668,0.0,0.0
0.015683346545646012,0.5588110026784651,0.8909887296528932,0.0,0.0
0.01565521116335932,0.5563779194338563,0.8916968162660016,0.0,0.0
0.015623318605541501,0.5539504954980223,0.8921306264760847,0.0,0.0
0.015587676526253248,0.5515311510899951,0.8925620524326405,0.0,0.0
0.015548293479422595,0.5491223306949035,0.8929913538357626,0.0,0.0
0.015505178916791615,0.5467265009306094,0.8934179996684624,0.0,0.0
0.015458343185648468,0.5443461482601435,0.8938422109457002,0.0,0.0
0.015407797526343813,0.54198377654503,0.8942649954117623,0.0,0.0
0.015353554069593222,0.5396419044350619,0.8946856018670334,0.0,0.0
0.015295625833565982,0.5373230625906893,0.8931850697442303,0.0,0.0
0.01523402672076055,0.5350297907348783,0.8936060141881051,0.0,0.0
0.015168771514668496,0.5327646345320811,0.8940247457987187,0.0,0.0
0.015099875876225874,0.530530142292863,0.8946726546547706,0.0,0.0
0.015027356340055302,0.5283288615037611,0.8950850892843691,0.0,0.0
0.014951230310497346,0.5261633351830641,0.8954950899887227,0.0,0.0
0.014871516057433629,0.5240360980644473,0.8959026229378939,0.0,0.0
0.014788232711902275,0.5219496726117524,0.8963075032825218,0.0,0.0
0.014701400261506466,0.519906564869649,0.8967099360257701,0.0,0.0
0.014611039545617436,0.5179092601564745,0.895295516769063,0.0,0.0
0.014517172250373295,0.515960218607202,0.8956988280912502,0.0,0.0
0.014419820903474248,0.5140618705761861,0.8960996460083009,0.0,0.0
0.014319008868776342,0.5122166119111483,0.8964983152755099,0.0,0.0
0.014214760340683927,0.5104267991116763,0.8968946263414438,0.0,0.0
0.014107100338343328,0.5086947443873812,0.8972885891951579,0.0,0.0
0.01399605469963837,0.5070227106327098,0.8976803302194379,0.0,0.0
0.013881650074989257,0.5054129063372543,0.8980708194386213,0.0,0.0
0.013763913920956744,0.503867480452194,0.8984592460330074,0.0,0.0
0.013642874493652639,0.5023885172351987,0.8988453473833905,0.0,0.0
0.01351856084195858,0.5009780310977506,0.8994067071167375,0.0,0.0
0.013391002800554047,0.4996379614802787,0.8997880232066078,0.0,0.0
0.013260230982756825,0.4983701677818003,0.9001670525757818,0.0,0.0
0.013126276773175446,0.49717642437183357,0.9005438243493505,0.0,0.0
0.012989172320177197,0.4960584157132112,0.9009183162193262,0.0,0.0
0.012848950528172618,0.4950177316249822,0.9012895790345925,0.0,0.0
0.012705645049718774,0.4940558627149024,0.8999507619278128,0.0,0.0
0.012559290277442507,0.4931741960109879,0.9003219615682085,0.0,0.0
0.012409921335786727,0.49237401082125215,0.8991380484483824,0.0,0.0
0.012257574072580364,0.49165647485007674,0.8995108541924044,0.0,0.0
0.01210228505043533,0.4910226405986083,0.899881483337298,0.0,0.0
0.0119440915379715,0.4904734420752113,0.9003626965342121,0.0,0.0
0.011783031500872546,0.4900096918402575,0.8993011602464812,0.0,0.0
0.01161914359277422,0.48963207840750944,0.8982050915621601,0.0,0.0
0.011452467145987752,0.489341164021966,0.8985783733758241,0.0,0.0
0.011283042162060327,0.48913738283140845,0.8989494503125752,0.0,0.0
0.011110909302174874,0.4890210394660014,0.8993183067548622,0.0,0.0
0.010936109877391362,0.4889923080371839,0.8996849289662197,0.0,0.0
0.010758685838732771,0.48905123156383445,0.9000496485535909,0.0,0.0
0.01057867976711664,0.48919772183031074,0.9004123584473648,0.0,0.0
0.010396134863136178,0.48943155967748236,0.8994868359343047,0.0,0.0
0.010211094936691974,0.4897523957244482,0.8998530848701634,0.0,0.0
0.010023604396478267,0.49015975151515095,0.8989953806140881,0.0,0.0
0.009833708239324702,0.4906530210807746,0.899365032600802,0.0,0.0
0.009641452039397341,0.491231472905589,0.8985613851258607,0.0,0.0
0.009446881937261413,0.4918942522808759,0.8978255657628667,0.0,0.0
0.009250044628807413,0.4926403840287549,0.8982361021634813,0.0,0.0
0.009050987354044545,0.4934687755751875,0.8985958914110882,0.0,0.0
0.008849757885763228,0.4943782203491691,0.8989693846850889,0.0,0.0
0.00864640451806991,0.49536740148319114,0.8993406681280345,0.0,0.0
0.008440976054796668,0.4964348957884262,0.8997096702050348,0.0,0.0
0.00823352179778862,0.4975791779768527,0.9000762520736136,0.0,0.0
0.008024091535071658,0.49879862510158357,0.9003707789794615,0.0,0.0
0.007812735528903474,0.5000915211861341,0.9006156943215589,0.0,0.0
0.007599504503711058,0.501456062013099,0.9008116970549539,0.0,0.0
0.007384449633916835,0.5028903600428142,0.9009591744052733,0.0,0.0
0.007167622531657313,0.5043924494329806,0.9010584977268821,0.0,0.0
0.006949075234396185,0.5059602911308809,0.9014147365583424,0.0,0.0
0.00672886019243572,0.5075917780107821,0.9017688693540903,0.0,0.0
0.006507030256328974,0.5092847400302445,0.9021208970872461,0.0,0.0
0.006283638664195735,0.5110369493804194,0.9024706026974997,0.0,0.0
0.006058739028945797,0.5128461256069385,0.9028181663715296,0.0,0.0
0.005832385325412079,0.5147099406796213,0.9031298585073093,0.0,0.0
0.005604631877396849,0.5166260239909888,0.9033846577949393,0.0,0.0
0.005375533344634408,0.5185919672653644,0.9037250590330483,0.0,0.0
0.0051451447096729,0.5206053293622097,0.9040629524046137,0.0,0.0
0.004913521264678782,0.5226636409591853,0.9033525682254496,0.0,0.0
0.00468071859816704,0.5247644091023062,0.903692250308899,0.0,0.0
0.004446792581660129,0.526905121612347,0.9040297489897872,0.0,0.0
0.004211799356279133,0.5290832513384494,0.9043651270433251,0.0,0.0
0.00397579531927011,0.5312962602515501,0.9046981017930467,0.0,0.0
0.003738837110469086,0.5335416033718976,0.9050289450634761,0.0,0.0
0.0035009815987087404,0.5358167325264168,0.905357613248614,0.0,0.0
0.00326228586817012,0.5381190999331146,0.9053873020271875,0.0,0.0
0.003022807204682804,0.5404461616110371,0.9053729778605899,0.0,0.0
0.002782603081976439,0.5427953806154778,0.9053156238092789,0.0,0.0
0.0025417311478874893,0.5451642300992456,0.9052155261379811,0.0,0.0
0.0023002492105238977,0.5475501962017489,0.9055424637772297,0.0,0.0
0.0020582152243914455,0.5499507807685553,0.9058674131823924,0.0,0.0
0.0018156872764850318,0.5523635039048086,0.9061900985523161,0.0,0.0
0.0015727235723479577,0.5547859063665702,0.906510407037691,0.0,0.0
0.0013293824221029234,0.557215551794682,0.9068283590142671,0.0,0.0
0.0010857222264579356,0.559650028796235,0.9071440724100766,0.0,0.0
0.0008418014626903143,0.5620869528790801,0.9074580019829565,0.0,0.0
0.0005976786706124973,0.564523968245124,0.907769933953579,0.0,0.0
0.0003534124385227581,0.5669587494483881,0.9080796855196688,0.0,0.0
0.00010906138914427733,0.5693890029239216,0.908387288613866,0.0,0.0
-0.00013531583444404438,0.5718124683938,0.9086927210288617,0.0,0.0
-0.0003796605828815888,0.5742269201564413,0.9085889648501005,0.0,0.0
-0.0006239142146016421,0.5766301682654824,0.9088924501061172,0.0,0.0
-0.0008680181099050467,0.5790200596044,0.9091934178590018,0.0,0.0
-0.0011119136850287123,0.5813944788629667,0.9094918167662028,0.0,0.0
-0.0013555424062052818,0.5837513494215256,0.9097882146261199,0.0,0.0
-0.0015988458037111903,0.5860886341489069,0.910082695471257,0.0,0.0
-0.001841765485898943,0.588404336119647,0.910375115867162,0.0,0.0
-0.002084243153210849,0.590696499255989,0.9106660132666459,0.0,0.0
-0.0023262206121707012,0.5929632088999433,0.9109551553450373,0.0,0.0
-0.0025676397893499023,0.5952025923204691,0.9108530533898833,0.0,0.0
-0.0028084427453047827,0.5974128191606233,0.9107148477421515,0.0,0.0
-0.003048571688481794,0.599592101829315,0.9100902745092565,0.0,0.0
-0.0032879689890872527,0.6017386958420634,0.9099345822718977,0.0,0.0
-0.003526577192918182,0.6038509001149249,0.9097509079297289,0.0,0.0
-0.003764339035150994,0.6059270572155656,0.9100490848722584,0.0,0.0
-0.004001197454084883,0.6079655535752021,0.9095778747993896,0.0,0.0
-0.004237095604836258,0.609964819664921,0.9092891141987302,0.0,0.0
-0.004471976872981297,0.6119233301397105,0.9095905056454525,0.0,0.0
-0.004705784888143136,0.6138396039532767,0.909889976607275,0.0,0.0
-0.004938463537520447,0.6157122044465769,0.9101875003892531,0.0,0.0
-0.005169956979354265,0.61753973941277,0.9104832378459152,0.0,0.0
-0.005400209656329788,0.6193208611411226,0.9107771722056387,0.0,0.0
-0.005629166308909785,0.6210542664422337,0.9110697982588754,0.0,0.0
-0.005856771988596712,0.6227386966567645,0.9113604542783459,0.0,0.0
-0.006082972071119923,0.6243729376497046,0.9116490340396083,0.0,0.0
-0.006307712269545466,0.6259558197920801,0.9115148589357907,0.0,0.0
-0.006530938647304504,0.6274862179318202,0.9113582205132339,0.0,0.0
-0.0067525976311379275,0.6289630513554079,0.9116484419367172,0.0,0.0
-0.006972636023953574,0.6303852837418037,0.9111550557162399,0.0,0.0
-0.0071910010175934075,0.6317519231099887,0.9107527221726348,0.0,0.0
-0.007407640205507196,0.6330620217614066,0.9103966280710343,0.0,0.0
-0.007622501595329703,0.6343146762184374,0.9103970251627435,0.0,0.0
-0.007835533621358762,0.6355090271599698,0.9105439430044553,0.0,0.0
-0.008046685156930727,0.6366442593550296,0.9106231439822136,0.0,0.0
-0.008255905526690609,0.6377196015953459,0.9109339330690068,0.0,0.0
-0.008463144518753985,0.6387343266276639,0.9112424608163654,0.0,0.0
-0.008668352396757542,0.6396877510865201,0.9115488722737136,0.0,0.0
-0.00887147991179558,0.6405792354281505,0.9118535206264553,0.0,0.0
-0.009072478314239558,0.6414081838661321,0.9121564273572488,0.0,0.0
-0.009271299365437741,0.6421740443092833,0.9124574839210827,0.0,0.0
-0.009467895349292167,0.6428763083023227,0.912757054228019,0.0,0.0
-0.00966221908371045,0.6435145109697163,0.9130549167132925,0.0,0.0
-0.00985422393192911,0.6440882309630988,0.9133505696450575,0.0,0.0
-0.010043863813706248,0.6445970904126065,0.9136442322563515,0.0,0.0
-0.010231093216380516,0.6450407548824416,0.913935905341638,0.0,0.0
-0.01041586720579404,0.6454189333309189,0.9142255516027831,0.0,0.0
-0.01059814143707631,0.6457313780752266,0.9146925112974537,0.0,0.0
-0.010777872165286759,0.6459778847610924,0.9149820323698172,0.0,0.0
-0.01095501625591334,0.6461582923375344,0.9154553450700631,0.0,0.0
-0.011129531195224663,0.6462724830368013,0.9157440594633731,0.0,0.0
-0.011301375100472981,0.6463203823596331,0.9149422856376175,0.0,0.0
-0.011470506729945932,0.6463019590658916,0.9157443040358616,0.0,0.0
-0.011636885492864263,0.646217225170634,0.9160305065907913,0.0,0.0
-0.011800471459123604,0.6460662359456202,0.9161559984335068,0.0,0.0
-0.01196122536887724,0.64584908992627,0.9164419263554894,0.0,0.0
-0.012119108641958502,0.645565928924024,0.9165660399563845,0.0,0.0
-0.012274083387139693,0.6452169380440452,0.9168517606816134,0.0,0.0
-0.01242611241122589,0.6448023457081823,0.9171354671717953,0.0,0.0
-0.012575159227981093,0.6443224236830559,0.9174173768577181,0.0,0.0
-0.012721188066884773,0.6437774871131465,0.9175666636292407,0.0,0.0
-0.012864163881716474,0.6431678945586699,0.9178474355092338,0.0,0.0
-0.013004052358966983,0.6424940480380593,0.9181264672908738,0.0,0.0
-0.01314081992607331,0.6417563930747858,0.9184038114090641,0.0,0.0
-0.013274433759475778,0.640955418748232,0.9185783180672281,0.0,0.0
-0.013404861792495773,0.6400916577483053,0.9188550307583986,0.0,0.0
-0.013532072723031448,0.639165686433419,0.9191297024861291,0.0,0.0
-0.013656036021070142,0.6381781248914121,0.9194024615030623,0.0,0.0
-0.013776721936015346,0.6371296370029725,0.9196735898503072,0.0,0.0
-0.013894101503826794,0.6360209305070309,0.9199428592668996,0.0,0.0
-0.014008146553971652,0.6348527570675534,0.9190139080212306,0.0,0.0
-0.014118829716185324,0.6336259123411148,0.9180089811281882,0.0,0.0
-0.014226124427040174,0.6323412360445393,0.9169286623015691,0.0,0.0
-0.014330004936320674,0.6309996120218408,0.9172058874688126,0.0,0.0
-0.014430446313203171,0.6296019683096387,0.9174814139762747,0.0,0.0
-0.014527424452239418,0.6281492772000912,0.918327852165133,0.0,0.0
-0.014620916079141528,0.6266425553003562,0.9185988042622272,0.0,0.0
-0.014710898756367835,0.6250828635874642,0.9193600560260076,0.0,0.0
-0.014797350888507768,0.6234713074573907,0.920025831704686,0.0,0.0
-0.01488025172746451,0.6218090367670167,0.9202889403837866,0.0,0.0
-0.014959581377434718,0.6200972458675514,0.9219707859321192,0.0,0.0
-0.015035320799683227,0.618337173627845,0.9233775072746526,0.0,0.0
-0.015107451817112202,0.6165301034459335,0.9244152856456218,0.0,0.0
-0.015175957118623736,0.6146773632469764,0.9250748696895056,0.0,0.0
-0.015240820263274264,0.6127803254656218,0.9253078996035209,0.0,0.0
-0.015302025684220469,0.6108404070106923,0.9255397056686091,0.0,0.0
-0.015359558692455096,0.6088590692098815,0.9260290520607413,0.0,0.0
-0.015413405480332407,0.6068378177320329,0.926482166704082,0.0,0.0
-0.015463553124881698,0.6047782024843473,0.9268992378633987,0.0,0.0
-0.01550998959090904,0.6026818174817117,0.9273420120225183,0.0,0.0
-0.015552703733885462,0.6005503006851238,0.9277633680345385,0.0,0.0
-0.015591685302621746,0.5983853338060059,0.9279957299735883,0.0,0.0
-0.01562692494172845,0.5961886420729713,0.928410091904939,0.0,0.0
-0.01565841419386138,0.5939619939574226,0.9286419354345824,0.0,0.0
-0.01568614550175119,0.5917072008541062,0.9288725437050236,0.0,0.0
-0.015710112210017026,0.5894261167125563,0.9291019123626344,0.0,0.0
-0.0157303085667641,0.5871206376151238,0.9293300336678005,0.0,0.0
-0.015746729724963576,0.5847927012970612,0.9295568363295799,0.0,0.0
-0.015759371743616385,0.5824442866039105,0.9297822354730961,0.0,0.0
-0.015768231588698757,0.5800774128812273,0.9300064716418833,0.0,0.0
-0.01577330713389036,0.5776941392914601,0.930229195915942,0.0,0.0
-0.015774597161084723,0.5752965640525803,0.9304507282713597,0.0,0.0
-0.015772101360681554,0.572886823592909,0.9306712373971278,0.0,0.0
-0.01576582033166093,0.5704670916163556,0.9308907574607502,0.0,0.0
-0.015755755581439667,0.5680395780721728,0.9311091011943963,0.0,0.0
-0.015741909525509513,0.5656065280231782,0.9313261915765966,0.0,0.0
-0.01572428548685742,0.56317022040629,0.9315423600649237,0.0,0.0
-0.015702887695168078,0.5607329666791584,0.9317571961686744,0.0,0.0
-0.015677721285808802,0.5582971093466554,0.9319712653834777,0.0,0.0
-0.015648792298596944,0.5558650203609756,0.9321843299741404,0.0,0.0
-0.015616107676350705,0.5534390993891921,0.9323962831661013,0.0,0.0
-0.015579675263222426,0.5510217719422354,0.9330262178094169,0.0,0.0
-0.015539503802816412,0.5486154873594309,0.9336112323441055,0.0,0.0
-0.015495602936090348,0.5462227166430179,0.9338209547686549,0.0,0.0
-0.015447983199041478,0.5438459501374008,0.9340296834467965,0.0,0.0
-0.015396656020178156,0.5414876950483026,0.9332052819835677,0.0,0.0
-0.015341633717776887,0.5391504727975063,0.9334183976320226,0.0,0.0
-0.015282929496926143,0.5368368162094933,0.9387332019124053,0.0,0.0
-0.015220557446357164,0.5345492665269727,0.9389168087999565,0.0,0.0
-0.015154532535062682,0.5322903702531426,0.9427555917138349,0.0,0.0
-0.015084870608704438,0.5300626758194333,0.942921939654805,0.0,0.0
-0.015011588385810423,0.5278687300785223,0.9434677082320302,0.0,0.0
-0.014934703453762303,0.5257110746235766,0.943632173509812,0.0,0.0
-0.014854234264574735,0.5235922419359265,0.9441276529165511,0.0,0.0
-0.01477020013046686,0.5215147513647618,0.9442904487704936,0.0,0.0
-0.014682621219227502,0.5194811049438998,0.9444520165889597,0.0,0.0
-0.014591518549374946,0.5174937830522813,0.9446126154413212,0.0,0.0
-0.014496913985112662,0.5155552399264719,0.947605256398476,0.0,0.0
-0.01439883023108189,0.5136678990352217,0.9477529675206984,0.0,0.0
-0.014297290826912905,0.5118341483279029,0.947899959339368,0.0,0.0
-0.01419232014157517,0.5100563353705106,0.9480460818666488,0.0,0.0
-0.014083943367529345,0.5083367623847497,0.9481912794454052,0.0,0.0
-0.013972186514680952,0.5066776812076033,0.9483354739190492,0.0,0.0
-0.013857076404138266,0.5050812881906066,0.9484790519552228,0.0,0.0
-0.013738640661775237,0.5035497190598252,0.94862181059971,0.0,0.0
-0.013616907711601473,0.5020850437592284,0.9491398577454003,0.0,0.0
-0.013491906768940765,0.5006892613017165,0.9492807638383284,0.0,0.0
-0.013363667833419262,0.4993642946534994,0.9515967487464921,0.0,0.0
-0.013232221681765917,0.49811198567875675,0.9536679839409726,0.0,0.0
-0.013097599860426213,0.49693409017255435,0.9554316903231836,0.0,0.0
-0.012959834677990988,0.49583227301077926,0.9555512210654566,0.0,0.0
-0.012818959197442786,0.49480810344637455,0.9556699948231445,0.0,0.0
-0.012675007228220696,0.4938630505813993,0.9557880574313427,0.0,0.0
-0.012528013318106315,0.4929984790443373,0.9571864973806539,0.0,0.0
-0.012378012744932509,0.4922156449016615,0.9572998720676176,0.0,0.0
-0.012225041508116768,0.4915156918319116,0.9585950745954368,0.0,0.0
-0.01206913632002165,0.4908996475894256,0.9597458705294968,0.0,0.0
-0.011910334597143947,0.4903684207833904,0.9592742626412523,0.0,0.0
-0.01174867445113484,0.48992279799613225,0.959384688721875,0.0,0.0
-0.011584194679653366,0.48956344126237783,0.9594945393134923,0.0,0.0
-0.0114169347570552,0.48929088592886133,0.9599625808736056,0.0,0.0
-0.011246934824918823,0.4891055389109001,0.9600690642441471,0.0,0.0
-0.011074235682411981,0.4890076773596688,0.9604877089607053,0.0,0.0
-0.010898878776499818,0.48899744775071696,0.9605913381639005,0.0,0.0
-0.010720906191998043,0.4890748654010245,0.9609607493439226,0.0,0.0
-0.010540360641472634,0.48923981441845227,0.961269154849896,0.0,0.0
-0.010357285454989068,0.489492048083989,0.9613684258740129,0.0,0.0
-0.010171724569713292,0.4898311896637437,0.9614669264678303,0.0,0.0
-0.00998372251936705,0.49025673364418926,0.9623650124604826,0.0,0.0
-0.009793324423539987,0.4907680473808441,0.9632126143871457,0.0,0.0
-0.009600575976861113,0.49136437314740505,0.9633079073033546,0.0,0.0
-0.009405523438032512,0.4920448305693517,0.9634025058896069,0.0,0.0
-0.009208213618727085,0.4928084194232783,0.9634965003738246,0.0,0.0
-0.00900869387235439,0.49365402278072523,0.9635899846241526,0.0,0.0
-0.008807012082695876,0.49458041047309814,0.9636829951875526,0.0,0.0
-0.008603216652412858,0.495586242852368,0.9637755428817755,0.0,0.0
-0.008397356491430412,0.4966700748207313,0.9638676716292128,0.0,0.0
-0.00818948100519898,0.49783036010119935,0.9639592705417441,0.0,0.0
-0.007979640082837417,0.4990654557202635,0.9640502437632061,0.0,0.0
-0.007767884085159818,0.5003736266732642,0.9641406243533545,0.0,0.0
-0.007554263832589149,0.501753050742943,0.9648434677763393,0.0,0.0
-0.007338830592960656,0.5032018234418176,0.9649330552838896,0.0,0.0
-0.007121636069217645,0.5047179630494555,0.9655309064850699,0.0,0.0
-0.006902732387003314,0.5062994157164793,0.9656203176277842,0.0,0.0
-0.006682172082150567,0.507944060608101,0.965709195820989,0.0,0.0
-0.006460008088073856,0.5096497150611917,0.9657974602117051,0.0,0.0
-0.00623629372306533,0.511414139730263,0.9658852499140596,0.0,0.0
-0.006011082677498712,0.5132350436993135,0.9659724324058668,0.0,0.0
-0.005784429000943918,0.5151100895381117,0.9660590374951851,0.0,0.0
-0.005556387089195278,0.5170368982832964,0.9661450997278126,0.0,0.0
-0.0053270116712170025,0.51901305432645,0.9664768631670807,0.0,0.0
-0.005096357796008383,0.5210361101931951,0.9667478565128664,0.0,0.0
-0.004864480819392236,0.5231035911991944,0.9668283218912285,0.0,0.0
-0.004631436390729929,0.525212999970806,0.9669084076833103,0.0,0.0
-0.004397280439565679,0.5273618208199352,0.9669880412899625,0.0,0.0
-0.00416206916220376,0.52954752396439,0.9670671334830452,0.0,0.0
-0.003925859008221703,0.5317675695867189,0.9671457516943099,0.0,0.0
-0.0036887066669225774,0.5340194117261149,0.9672239732708798,0.0,0.0
-0.003450669053729955,0.5363005019994636,0.9673018195450152,0.0,0.0
-0.003211803296528366,0.5386082931490103,0.9673793410885605,0.0,0.0
-0.0029721667219528903,0.5409402424154214,0.9678119160826721,0.0,0.0
-0.002731816841631189,0.5432938147361773,0.9678903303954823,0.0,0.0
-0.0024908113383807777,0.5456664857703177,0.9681492454897813,0.0,0.0
-0.002249208052365578,0.5480557447515042,0.9683510870269669,0.0,0.0
-0.002007064967214473,0.5504590971721988,0.9684245222737938,0.0,0.0
-0.001764440196105607,0.5528740673025208,0.9684976022027696,0.0,0.0
-0.001521391967819362,0.5552982005479447,0.9685703842625568,0.0,0.0
-0.0012779786127638535,0.5577290656505667,0.9686427268385286,0.0,0.0
-0.0010342585489758972,0.5601642567390854,0.9687147701410455,0.0,0.0
-0.0007902902681008491,0.5626013952330217,0.96878650281243,0.0,0.0
-0.0005461323213550444,0.5650381316069731,0.96885793175128,0.0,0.0
-0.00030184330547370557,0.5674721470208933,0.9689291133034412,0.0,0.0
-5.748184864801636e-05,0.5699011548225483,0.9689999936038752,0.0,0.0
0.00018689340354538836,0.5723229019283682,0.9690705862607173,0.0,0.0
0.0004312238022190155,0.5747351700889308,0.9691409050631823,0.0,0.0
0.0006754507092500182,0.5771357770453199,0.9692109984256057,0.0,0.0
0.000919515511353038,0.5795225775825318,0.969280698636544,0.0,0.0
0.001163359634147157,0.5818934644859709,0.9693501037742422,0.0,0.0
0.0014069245562133724,0.5842463694070262,0.9694192560639978,0.0,0.0
0.0016501518231395679,0.5865792636434818,0.9694881174608374,0.0,0.0
0.0018929830615491876,0.5888901588404178,0.9695566795807594,0.0,0.0
0.002135359993110683,0.5911771076170136,0.9696249637950066,0.0,0.0
0.002377224448523925,0.5934382041244987,0.9698388380620108,0.0,0.0
0.002618518381480604,0.5956715845402686,0.970002887449244,0.0,0.0
0.002859183882595084,0.5978754275029634,0.9700664524023569,0.0,0.0
0.00309916319330232,0.6000479544931033,0.9701298228070672,0.0,0.0
0.0033383987197196886,0.6021874301636132,0.9705747498829908,0.0,0.0
0.003576833046469247,0.6042921626243921,0.970711623139436,0.0,0.0
0.0038144089504570755,0.6063605036848178,0.9708013146492024,0.0,0.0
0.004051069414606659,0.6083908490578832,0.9708627677381261,0.0,0.0
0.004286757641542603,0.6103816385294362,0.9709240259811547,0.0,0.0
0.004521417067221771,0.6123313560957869,0.9709850315016374,0.0,0.0
0.004754991374508453,0.6142385300727482,0.9710458170133732,0.0,0.0
0.004987424506690066,0.6161017331789662,0.9711064225232888,0.0,0.0
0.005218660680930637,0.6179195825962264,0.9711668572573382,0.0,0.0
0.005448644401658304,0.6196907400092273,0.9712270973196026,0.0,0.0
0.005677320473884068,0.6214139116271425,0.9712871715973048,0.0,0.0
0.0059046340164482765,0.6230878481891347,0.9713470884168425,0.0,0.0
0.006130530475191875,0.6247113449558249,0.9714067961746868,0.0,0.0
0.006354955636049125,0.6262832416885633,0.9714663579145724,0.0,0.0
0.00657785563805867,0.6278024226182256,0.9715257625059244,0.0,0.0
0.006799176986290019,0.6292678164051132,0.9715850451543256,0.0,0.0
0.007018866564681957,0.6306783960914183,0.9716441266714966,0.0,0.0
0.007236871648790231,0.6320331790475908,0.9717030389365159,0.0,0.0
0.007453139918441151,0.6333312269138522,0.9717617613777659,0.0,0.0
0.0076676194702880954,0.6345716455379666,0.971874103609364,0.0,0.0
0.007880258830268166,0.6357535849103315,0.9719313501996117,0.0,0.0
0.0080910069659557,0.6368762390973075,0.9719885170953342,0.0,0.0
0.008299813298809734,0.6379388461736668,0.9720455367252203,0.0,0.0
0.008506627716312738,0.63894068815495,0.9724328282570343,0.0,0.0
0.008711400583997211,0.6398810909304209,0.9724912851362557,0.0,0.0
0.008914082757357894,0.6407594241972994,0.9725496178289073,0.0,0.0
0.009114625593646048,0.6415751013968276,0.9726078189988074,0.0,0.0
0.009312980963543693,0.6423275796527261,0.9726659446919437,0.0,0.0
0.009509101262714143,0.6430163597124812,0.9730125219236491,0.0,0.0
0.009702939423226968,0.6436409858919208,0.9731288463217046,0.0,0.0
0.00989444892485419,0.6442010460234278,0.9731867723925215,0.0,0.0
0.010083583806234649,0.6446961714081532,0.973244490644926,0.0,0.0
0.010270298675904727,0.6451260367724966,0.9733021915485179,0.0,0.0
0.01045454872319194,0.6454903602291328,0.9733943654646188,0.0,0.0
0.010636289728969421,0.6457889032427918,0.9734509328965345,0.0,0.0
0.010815478076268108,0.6460214706009901,0.9735073654533659,0.0,0.0
0.010992070760744845,0.646187910389859,0.9735637133165453,0.0,0.0
0.011166025401003034,0.6462881139752084,0.973620043260815,0.0,0.0
0.011337300248763988,0.6463220159889088,0.9736764326037126,0.0,0.0
0.011505854198886424,0.6462895943206726,0.9737328048787536,0.0,0.0
0.011671646799231446,0.6461908701152723,0.9733848323257708,0.0,0.0
0.01183463826037071,0.6460259077751979,0.973442983171972,0.0,0.0
0.01199478946513603,0.6457948149687607,0.9735011525939967,0.0,0.0
0.012152061978006964,0.6454977426435864,0.973597901786438,0.0,0.0
0.012306418054335388,0.6451348850454356,0.9736550840357479,0.0,0.0
0.012457820649403905,0.6447064797422597,0.9737121822913749,0.0,0.0
0.012606233427316456,0.6442128076533581,0.973769211383039,0.0,0.0
0.012751620769718778,0.6436541930834884,0.9738261139062018,0.0,0.0
0.012893947784346571,0.6430310037617362,0.9738829911131347,0.0,0.0
0.013033180313399492,0.6423436508849364,0.9739398772333129,0.0,0.0
0.013169284941738984,0.6415925891653663,0.9739967408916443,0.0,0.0
0.01330222900490748,0.6407783168824499,0.9740536109782856,0.0,0.0
0.01343198059696805,0.6399013759381027,0.9741104324995015,0.0,0.0
0.013558508578161392,0.6389623519153713,0.9741672806661433,0.0,0.0
0.013681782582379426,0.637961874139929,0.973745032876374,0.0,0.0
0.013801773024452839,0.6369006157439493,0.9738038968284024,0.0,0.0
0.013918451107251498,0.6357792937318519,0.9738627702967554,0.0,0.0
0.014031788828595656,0.6345986690473144,0.9739216850628232,0.0,0.0
0.014141758987976176,0.6333595466409149,0.9739804892707393,0.0,0.0
0.014248335193082771,0.6320627755376943,0.9740392565461495,0.0,0.0
0.014351491866137708,0.6307092489038537,0.9744089677641518,0.0,0.0
0.014451204250034698,0.6292999041117161,0.9744686372837833,0.0,0.0
0.014547448414280179,0.6278357228020197,0.9745283252436261,0.0,0.0
0.014640201260736774,0.6263177309425078,0.9748954961983644,0.0,0.0
0.014729440529166572,0.6247469988816754,0.975209716698612,0.0,0.0
0.014815144802573505,0.6231246413964602,0.9752705928340971,0.0,0.0
0.014897293512343295,0.6214518177325208,0.9753313705988556,0.0,0.0
0.014975866943179995,0.6197297316356584,0.9753921488833066,0.0,0.0
0.015050846237837376,0.6179596313727937,0.975452844427053,0.0,0.0
0.015122213401644581,0.6161428097407948,0.975513535656761,0.0,0.0
0.015189951306824918,0.6142806040612921,0.9757035144381443,0.0,0.0
0.015254043696606302,0.6123743961595037,0.9758980269803872,0.0,0.0
0.015314475189122791,0.6104256123248893,0.9759598192777518,0.0,0.0
0.015371231281106318,0.6084357232513288,0.9754704806762574,0.0,0.0
0.015424298351367247,0.6064062439543355,0.9757409606215816,0.0,0.0
0.01547366366406345,0.6043387336626189,0.9759382256157592,0.0,0.0
0.015519315371756767,0.6022347956811505,0.976000116988496,0.0,0.0
0.015561242518256588,0.6000960772226599,0.9760618609898161,0.0,0.0
0.015599435041248945,0.5979242692043187,0.9761234803467641,0.0,0.0
0.015633883774711685,0.5957211060061314,0.9763804848353277,0.0,0.0
0.015664580451114136,0.5934883651873455,0.9764400915148634,0.0,0.0
0.015691517703401284,0.5912278671569958,0.9766609687405589,0.0,0.0
0.015714689066761975,0.5889414747944368,0.9768337879770429,0.0,0.0
0.01573408898018013,0.5866310930155266,0.9768909219794712,0.0,0.0
0.01574971278776963,0.584298668279881,0.9769478427346803,0.0,0.0
0.015761556739891762,0.5819461880344015,0.9770046234124001,0.0,0.0
0.01576961799405484,0.5795756800880655,0.9770611545158301,0.0,0.0
0.015773894615596504,0.5771892119127375,0.977212600250869,0.0,0.0
0.015774385578148132,0.5747888898645923,0.9772827529580439,0.0,0.0
0.015771090763881095,0.57237685832051,0.9773387330528205,0.0,0.0
0.01576401096353502,0.5699552987236597,0.9773945930030504,0.0,0.0
0.015753147876227915,0.5675264285323364,0.9769471497056175,0.0,0.0
0.015738504109048687,0.5650925000659605,0.977004880952668,0.0,0.0
0.015720083176431157,0.5626557992420997,0.9770623426088036,0.0,0.0
0.015697889499310703,0.5602186441982568,0.9771195298138012,0.0,0.0
0.015671928404063236,0.5577833837922035,0.9771765294612013,0.0,0.0
0.015642206121227135,0.5553523959746144,0.9772332392024795,0.0,0.0
0.015608729784007513,0.5529280860278722,0.9772896803269537,0.0,0.0
0.015571507426564626,0.5505128846650383,0.9773459391536214,0.0,0.0
0.01553054798208561,0.5481092459831814,0.97740208016114,0.0,0.0
0.015485861280640504,0.5457196452655516,0.9774579028638495,0.0,0.0
0.015437458046823145,0.5433465766274227,0.9775134894636355,0.0,0.0
0.015385349897177342,0.5409925505008837,0.9775029023801814,0.0,0.0
0.015329549337408876,0.5386600909543899,0.9775583413809232,0.0,0.0
0.015270069759384186,0.5363517328435039,0.9776134355910271,0.0,0.0
0.015206925437916555,0.5340700187900087,0.9776683039060491,0.0,0.0
0.01514013152733996,0.5318174959874041,0.9777228467147409,0.0,0.0
0.0150697040578724,0.529596712831746,0.977777187219814,0.0,0.0
0.014995659931768417,0.5274102153778722,0.9778313675822374,0.0,0.0
0.014918016919262863,0.5252605436221982,0.9778853092127898,0.0,0.0
0.014836793654306025,0.5231502276145924,0.9779389107154001,0.0,0.0
0.014752009630091672,0.521081783403207,0.9779922071298203,0.0,0.0
0.01466368519437858,0.5190577088176623,0.9780452073258709,0.0,0.0
0.01457184154460733,0.5170804790975516,0.9780979772380112,0.0,0.0
0.014476500722813049,0.5151525423749336,0.978150540662914,0.0,0.0
0.014377685610335304,0.5132763150212264,0.9782028188919875,0.0,0.0
0.01427541992232674,0.5114541768707139,0.9782547668096806,0.0,0.0
0.014169728202061605,0.5096884663347343,0.97830650202447,0.0,0.0
0.01406063581504536,0.5079814754224703,0.9783579725453091,0.0,0.0
0.013948168942927316,0.506335444686136,0.9781835184470942,0.0,0.0
0.013832354577216887,0.5047525581101461,0.9780178286424053,0.0,0.0
0.013713220512805905,0.5032349379656466,0.9780712869770133,0.0,0.0
0.013590795341297965,0.5017846396534321,0.9781244671269949,0.0,0.0
0.013465108444146558,0.5004036465598306,0.9781772282757407,0.0,0.0
0.013336189985603673,0.49909386495152236,0.9778122966586817,0.0,0.0
0.013204070905480534,0.49785711893647133,0.9778664773991824,0.0,0.0
0.013068782911722223,0.49669514551912075,0.9779203720906501,0.0,0.0
0.012930358472797781,0.49560958977875946,0.9779740641419417,0.0,0.0
0.012788830809908055,0.49460200020040623,0.9783217012036497,0.0,0.0
0.012644233889012873,0.4936738241877483,0.9781767905338221,0.0,0.0
0.012496602412679088,0.4928264037875018,0.9782291887799104,0.0,0.0
0.012345971811752338,0.4920609716540606,0.9780962447059909,0.0,0.0
0.012192378236853894,0.4913786472824984,0.9781495096825461,0.0,0.0
0.012035858549704388,0.4907804335367639,0.9784661884545944,0.0,0.0
0.011876450314277351,0.4902672134984188,0.9783517792469585,0.0,0.0
0.01171419178778421,0.48983974765937416,0.9784036244542063,0.0,0.0
0.011549121911492382,0.4894986714799114,0.9784552028697886,0.0,0.0
0.011381280301379856,0.4892444933307832,0.9785066026237657,0.0,0.0
0.01121070723862734,0.4890775928354345,0.978557542009648,0.0,0.0
0.011037443659951117,0.48899821962541734,0.9786081736003903,0.0,0.0
0.01086153114777842,0.48900649251886397,0.9785074645737484,0.0,0.0
0.010683011920267714,0.4891023991286033,0.9785588486780871,0.0,0.0
0.010501928821176669,0.48928579590303783,0.9788534597946654,0.0,0.0
0.010318325309579887,0.489556408599473,0.9790823218931046,0.0,0.0
0.010132245449438757,0.4899138331860912,0.9791299276571033,0.0,0.0
0.009943733899026549,0.49035753716538666,0.9791771708980838,0.0,0.0
0.009752835900210404,0.4908868613085569,0.979224071029326,0.0,0.0
0.009559597267593754,0.4915010217872076,0.9792706370332903,0.0,0.0
0.009364064377520818,0.4921991126857993,0.979316888098315,0.0,0.0
0.009166284156946617,0.4929801088755352,0.9793628600346399,0.0,0.0
0.00896630407217471,0.493842869227986,0.9794084945799074,0.0,0.0
0.008764172117465501,0.4947861401445966,0.9794538708404172,0.0,0.0
0.00855993680351785,0.49580855937643536,0.97949894793806,0.0,0.0
0.008353647145826733,0.49690866010707224,0.9794318433759818,0.0,0.0
0.008145352652919761,0.4980848752703573,0.9794776068453619,0.0,0.0
0.007935103314475405,0.49933554207409897,0.9795230368449331,0.0,0.0
0.007722949589325607,0.5006589067002298,0.9792566966876389,0.0,0.0
0.00750894239334607,0.5020531291519189,0.979193535905557,0.0,0.0
0.007293133087236526,0.5035162882183694,0.9791380122794663,0.0,0.0
0.007075573464194515,0.505046386528491,0.9791862868654752,0.0,0.0
0.006856315737485287,0.5066413556654763,0.9788730837415692,0.0,0.0
0.006635412527910713,0.5082990613153128,0.9789228472513894,0.0,0.0
0.006412916851180756,0.5100173084235099,0.9789721995636779,0.0,0.0
0.006188882105189774,0.511793846335745,0.9790212581129839,0.0,0.0
0.005963362057201419,0.513626373899703,0.9790699510546113,0.0,0.0
0.0057364108309446386,0.5155125445070698,0.9791181649488477,0.0,0.0
0.005508082893624381,0.5174499710564151,0.9791660428799008,0.0,0.0
0.005278433042849537,0.5194362308195334,0.9792135848195317,0.0,0.0
0.005047516393481931,0.5214688701956719,0.9792608168599307,0.0,0.0
0.004815388364408998,0.5235454093399237,0.979307697703375,0.0,0.0
0.004582104665243451,0.525663346653915,0.9793542557708916,0.0,0.0
0.004347721282953255,0.5278201631287185,0.9794005045900205,0.0,0.0
0.004112294468425104,0.5300133265316449,0.9796601684501206,0.0,0.0
0.003875880722964369,0.5322402954302474,0.9797040932944081,0.0,0.0
0.0036385367847351496,0.5344985230484421,0.9797476837371383,0.0,0.0
0.0034003196151433045,0.5367854609511241,0.979790951386419,0.0,0.0
0.003161286385166065,0.5390985625550436,0.9799951388300195,0.0,0.0
0.0029214944616312026,0.5414352864649676,0.9800364837509862,0.0,0.0
0.0026810013934493375,0.5437930996353059,0.9800775807136133,0.0,0.0
0.002439864897802407,0.5461694803584211,0.980118418716969,0.0,0.0
0.0021981428462918796,0.54856192108179,0.9801590310072078,0.0,0.0
0.0019558932510497836,0.5509679310569682,0.9803297476270343,0.0,0.0
0.0017131742508161585,0.5533850388240668,0.9803689882494204,0.0,0.0
0.0014700440969859334,0.55581079453602,0.9804080219014166,0.0,0.0
0.0012265611396289784,0.5582427721274802,0.98044680128185,0.0,0.0
0.0009827838134862947,0.5606785713335634,0.9804853859976959,0.0,0.0
0.0007387706239459739,0.563115819564039,0.9806178432760072,0.0,0.0
0.0004945801330021801,0.5655521736387966,0.9806553741240697,0.0,0.0
0.00025027094520060916,0.5679853213906357,0.9806927284148057,0.0,0.0
5.9016935735778375e-06,0.5704129831415325,0.9807297961272365,0.0,0.0
-0.00023846897443153815,0.572832913058623,0.9807667043302747,0.0,0.0
-0.0004827824110274462,0.575242900396137,0.9808034934811839,0.0,0.0
-0.0007269799821621059,0.5776407706295162,0.9808401178756685,0.0,0.0
-0.0009710030815906297,0.5800243864878616,0.9808764852133637,0.0,0.0
-0.0012147931449405305,0.5823916488907531,0.9809126229097617,0.0,0.0
-0.0014582916637668486,0.5847404977953673,0.9809485306765614,0.0,0.0
-0.0017014401995938835,0.5870689129596514,0.9809841952923738,0.0,0.0
-0.0019441803979402263,0.5893749146271338,0.9806637627424771,0.0,0.0
-0.0021864540023234283,0.5916565641387661,0.9807005104885674,0.0,0.0
-0.0024282028682414435,0.5939119644769931,0.9807370187460221,0.0,0.0
-0.0026693689771268864,0.596139260747014,0.9807733220030093,0.0,0.0
-0.0029098944502712405,0.5983366405999938,0.9808094583556874,0.0,0.0
-0.0031497215627155437,0.6005023346027694,0.9808454413108714,0.0,0.0
-0.0033887927571040074,0.6026346165583393,0.9809742724711161,0.0,0.0
-0.003627050657497592,0.6047318037812344,0.9810092750194059,0.0,0.0
-0.0038644380831438442,0.6067922573316241,0.9810440529522472,0.0,0.0
-0.004100898062200162,0.6088143822118083,0.9810786933917072,0.0,0.0
-0.004336373845406595,0.6107966275285129,0.9811131504057113,0.0,0.0
-0.00457080891970551,0.612737486624219,0.9811473935784512,0.0,0.0
-0.004804147021804434,0.6146354971805482,0.9811813908709485,0.0,0.0
-0.005036332151678883,0.6164892412965134,0.9812152337399428,0.0,0.0
-0.005267308586012253,0.6182973455442912,0.9810100524687997,0.0,0.0
-0.005497020891569025,0.6200584810049633,0.9808137921604119,0.0,0.0
-0.005725413938498555,0.6217713632865167,0.9808487774487817,0.0,0.0
-0.005952432913565854,0.6234347525262327,0.9808835847120018,0.0,0.0
-0.006178023333306686,0.6250474533794284,0.9804967583227822,0.0,0.0
-0.0064021310571031765,0.6266083149963856,0.980533131409786,0.0,0.0
-0.0066247023001773965,0.628116230989134,0.9805693188149928,0.0,0.0
-0.0068456836464993445,0.6295701393896722,0.9803697624234122,0.0,0.0
-0.0070650220616067065,0.6309690226010288,0.9804066372553134,0.0,0.0
-0.0072826649053326885,0.6323119073425155,0.9804433044812839,0.0,0.0
-0.007498559944439555,0.6335978645903516,0.9804797679952127,0.0,0.0
-0.007712655365154244,0.6348260095147948,0.9805160871065318,0.0,0.0
-0.007924899785603482,0.6359955014147745,0.9805522455084865,0.0,0.0
-0.008135242268145172,0.6371055436509754,0.9805882942599495,0.0,0.0
-0.008343632331593165,0.6381553835781992,0.9806241744891853,0.0,0.0
-0.008550019963332609,0.6391443124777896,0.9803309975603854,0.0,0.0
-0.00875435563132252,0.6400716654908082,0.9800464455473843,0.0,0.0
-0.008956590295983495,0.6409368215526041,0.9800835833571685,0.0,0.0
-0.009156675421966727,0.6417392033293485,0.9801205533496059,0.0,0.0
-0.009354562989802457,0.6424782771570414,0.9801574062101257,0.0,0.0
-0.009550205507424296,0.6431535529834673,0.980194094129265,0.0,0.0
-0.009743556021567124,0.643764584313507,0.9802306098836617,0.0,0.0
-0.009934568129035669,0.6443109681581657,0.9802669203219859,0.0,0.0
-0.010123195987841064,0.6447923449876678,0.980303017238077,0.0,0.0
-0.010309394328202609,0.6452083986888699,0.9803389856277825,0.0,0.0
-0.010493118463412443,0.6455588565272861,0.9803747845584507,0.0,0.0
-0.010674324300560005,0.6458434891138826,0.98041042944508,0.0,0.0
-0.010852968351114173,0.6460621103768849,0.9804458698633577,0.0,0.0
-0.011029007741360418,0.6462145775386959,0.980481172921775,0.0,0.0
-0.011202400222690026,0.6463007910980784,0.9805163984397547,0.0,0.0
-0.01137310418173983,0.6463206948176686,0.9805515583107527,0.0,0.0
-0.011541078650379075,0.6462742757169064,0.980586567017104,0.0,0.0
-0.011706283315541592,0.6461615640703952,0.9806214719336459,0.0,0.0
-0.011868678528900735,0.6459826334117179,0.9806562977099774,0.0,0.0
-0.012028225316384858,0.6457376005426775,0.9806910773190978,0.0,0.0
-0.01218488538753081,0.645426625547925,0.9807257599576359,0.0,0.0
-0.012338621144673528,0.6450499118148894,0.9807603189500339,0.0,0.0
-0.012489395691969225,0.6446077060589269,0.9807947864940254,0.0,0.0
-0.012637172844250305,0.6441002983535329,0.9808291227616214,0.0,0.0
-0.012781917135709621,0.6435280221654753,0.9808633086361054,0.0,0.0
-0.012923593828411989,0.6428912543946466,0.9808974402711478,0.0,0.0
-0.013062168920631246,0.6421904154184052,0.9809315431604573,0.0,0.0
-0.013197609155010436,0.6414259691401444,0.9806085661336376,0.0,0.0
-0.01332988202654344,0.6405984230417913,0.9801825704019342,0.0,0.0
-0.013458955790376061,0.6397083282398861,0.9802199986396061,0.0,0.0
-0.013584799469424542,0.6387562795448506,0.9802573600988477,0.0,0.0
-0.013707382861809963,0.6377429155230369,0.9802946506467469,0.0,0.0
-0.013826676548106612,0.6366689185610382,0.9803318736494407,0.0,0.0
-0.013942651898402417,0.635535014931751,0.9803690361466981,0.0,0.0
-0.014055281079169951,0.6343419748615751,0.9804061547066901,0.0,0.0
-0.014164537059946523,0.6330906125981097,0.980443118319613,0.0,0.0
-0.014270393619821183,0.6317817864775866,0.9804799790772214,0.0,0.0
-0.014372825353727702,0.6304163989912893,0.9805166760810079,0.0,0.0
-0.014471807678541613,0.6289953968500237,0.9805532313574612,0.0,0.0
-0.014567316838980127,0.6275197710457228,0.980589739329588,0.0,0.0
-0.014659329913303173,0.6259905569091121,0.980317591340083,0.0,0.0
-0.0147478248188146,0.6244088341622827,0.980355027117541,0.0,0.0
-0.0148327803171619,0.6227757269649331,0.9803924090040078,0.0,0.0
-0.014914176019433257,0.6210924039529049,0.9804297506338359,0.0,0.0
-0.014991992391050857,0.6193600782675324,0.9801650231368574,0.0,0.0
-0.015066210756458982,0.6175800075742071,0.9797601574322975,0.0,0.0
-0.015136813303606299,0.6157534940684007,0.9792599329757222,0.0,0.0
-0.015203783088220311,0.613881884467287,0.9793028101066091,0.0,0.0
-0.015267104037874213,0.6119665699849033,0.9793457001628817,0.0,0.0
-0.015326760955844083,0.6100089862886912,0.9793885266839645,0.0,0.0
-0.01538273952475591,0.6080106134350396,0.979431352374945,0.0,0.0
-0.015435026310021888,0.6059729757813098,0.9794740526118807,0.0,0.0
-0.015483608763064552,0.6038976418716326,0.9795166742893928,0.0,0.0
-0.015528475224328354,0.6017862242935654,0.9792409165242935,0.0,0.0
-0.015569614926077975,0.5996403795025275,0.9792848670231974,0.0,0.0
-0.015607017994982493,0.5974618076106917,0.9797551403045464,0.0,0.0
-0.015640675454484828,0.595252252136827,0.9797964475410081,0.0,0.0
-0.015670579226956357,0.5930134997133693,0.9795384682225422,0.0,0.0
-0.015696722135635225,0.5907473797467492,0.9795810202025257,0.0,0.0
-0.015719097906348838,0.5884557640268336,0.9793332058438947,0.0,0.0
-0.015737701169019545,0.5861405662810517,0.9797880723528091,0.0,0.0
-0.01575252745895369,0.5838037416686119,0.9798295038494801,0.0,0.0
-0.01576357321791286,0.5814472862099426,0.9798709007991814,0.0,0.0
-0.0157708357949679,0.5790732361463091,0.9802878388122065,0.0,0.0
-0.015774313447135164,0.5766836672243325,0.9798971515541115,0.0,0.0
-0.01577400533979481,0.574280693899937,0.9799387325752809,0.0,0.0
-0.01576991154689124,0.5718664684560625,0.9796141268080907,0.0,0.0
-0.015762033050915027,0.5694431800283357,0.9796566778513207,0.0,0.0
-0.015750371742667347,0.5670130535327017,0.979699104993106,0.0,0.0
-0.01573493042080623,0.5645783484889441,0.9797414174379423,0.0,0.0
-0.015715712791174823,0.5621413577339034,0.9797836240515365,0.0,0.0
-0.015692723465911936,0.5597044060181497,0.9798257488627853,0.0,0.0
-0.015665967962345366,0.5572698484798773,0.9798678853351297,0.0,0.0
-0.01563545270166744,0.5548400689898038,0.979909892159092,0.0,0.0
-0.015601185007394368,0.5524174783609533,0.979951849179261,0.0,0.0
-0.01556317310360819,0.5500045124173611,0.9799938150329353,0.0,0.0
-0.015521426112983364,0.5476036299159467,0.9796804359147506,0.0,0.0
-0.015475954054597252,0.5452173103161126,0.9801267354752083,0.0,0.0
-0.015426767841525581,0.542848051391965,0.9801673668932924,0.0,0.0
-0.015373879278223423,0.5404983666825651,0.9802079492314247,0.0,0.0
-0.015317301057692074,0.5381707827761156,0.9802483183011832,0.0,0.0
-0.015257046758432856,0.5358678364246913,0.9802885442602333,0.0,0.0
-0.01519313084118838,0.5335920714868414,0.9803286225291364,0.0,0.0
-0.015125568645472019,0.5313460356962728,0.9807342001189274,0.0,0.0
-0.015054376385886343,0.5291322772557953,0.9807721487443751,0.0,0.0
-0.014979571148231955,0.5269533412567985,0.9808100345768793,0.0,0.0
-0.01490117088540687,0.5248117659257213,0.9808477588639727,0.0,0.0
-0.01481919441309775,0.5227100787002965,0.9808853279312091,0.0,0.0
-0.014733661405264515,0.5206507921397643,0.9809228181678991,0.0,0.0
-0.014644592389418395,0.5186363996747668,0.9809602474782029,0.0,0.0
-0.01455200874169571,0.5166693712042648,0.9809977076870906,0.0,0.0
-0.014455932681727466,0.5147521485484752,0.9807795182431174,0.0,0.0
-0.014356387267306878,0.5128871407686487,0.9804875489565547,0.0,0.0
-0.014253396388855595,0.5110767193662655,0.9805275401815442,0.0,0.0
-0.014146984763690038,0.5093232133761241,0.9805673942215621,0.0,0.0
-0.014037177930089436,0.5076289043696326,0.9806070193265761,0.0,0.0
-0.013924002241166794,0.5059960213864757,0.9806465028839407,0.0,0.0
-0.013807484858544163,0.504426735814642,0.9806858584318676,0.0,0.0
-0.013687653745834097,0.5029231562405267,0.9807251269650044,0.0,0.0
-0.01356453766192842,0.5014873232924949,0.9807642389967256,0.0,0.0
-0.01343816615409631,0.5001212045027742,0.9808031364801509,0.0,0.0
-0.013308569550892959,0.4988266892139304,0.9808419362509477,0.0,0.0
-0.01317577895488115,0.49760558355732454,0.980880585177993,0.0,0.0
-0.013039826235166451,0.496459605531874,0.9809191666952877,0.0,0.0
-0.012900744019749031,0.49539038021216025,0.9809577076062719,0.0,0.0
-0.012758565687692937,0.4943994351152788,0.9809961034597708,0.0,0.0
-0.012613325361115363,0.49348819575596947,0.9810344271897995,0.0,0.0
-0.012465057896997539,0.4926579814193096,0.9810726440270958,0.0,0.0
-0.012313798878819162,0.4919100011797039,0.9811107283072041,0.0,0.0
-0.012159584608018484,0.49124535019400234,0.981514507381003,0.0,0.0
-0.012002452095280253,0.49066500629529974,0.9815498951201692,0.0,0.0
-0.011842439051653234,0.4901698269123922,0.9815850400221308,0.0,0.0
-0.011679583879499873,0.48976054633792376,0.9816201333952854,0.0,0.0
-0.011513925663279677,0.4894377733659964,0.981655101617269,0.0,0.0
-0.011345504160169403,0.48920198931748154,0.9819943373620529,0.0,0.0
-0.01117435979052129,0.4890535464684733,0.9820269326422097,0.0,0.0
-0.011000533628162583,0.48899266689427767,0.9820594039962386,0.0,0.0
-0.010824067390537803,0.48901944173814316,0.9820918858807792,0.0,0.0
-0.010645003428696937,0.48913383091056656,0.9820203876811223,0.0,0.0
-0.010463384717131286,0.48933566322159444,0.9818888688480771,0.0,0.0
-0.010279254843459824,0.4896246369450544,0.98192416269777,0.0,0.0
-0.010092657997968348,0.4900003208101979,0.9817505642129319,0.0,0.0
-0.009903638963004056,0.4904621554128563,0.9815180903709916,0.0,0.0
-0.009712243102228107,0.4910094550349281,0.9815576418112484,0.0,0.0
-0.009518516349728258,0.4916414098579228,0.9812766568359389,0.0,0.0
-0.00932250519899526,0.4923570885533872,0.9810031776686422,0.0,0.0
-0.009124256691764296,0.493155441230385,0.9810442134332764,0.0,0.0
-0.008923818406725577,0.49403530271784085,0.9810851126258764,0.0,0.0
-0.008721238448105293,0.49499539615750116,0.9808140876232776,0.0,0.0
-0.008516565434121116,0.49603433688151993,0.9808558222188278,0.0,0.0
-0.008309848485313973,0.4971506365472973,0.9808974824972815,0.0,0.0
-0.008101137212759237,0.498342707501149,0.9809390509554659,0.0,0.0
-0.0078904817061605,0.49960886734169585,0.9809804089786018,0.0,0.0
-0.007677932521828159,0.500947343653496,0.9810216166691358,0.0,0.0
-0.007463540670546166,0.5023562788814284,0.9810626279902819,0.0,0.0
-0.007247357605329714,0.5038337353166148,0.9813848782243053,0.0,0.0
-0.007029435209076707,0.5053777001652513,0.9814233027861206,0.0,0.0
-0.006809825782116238,0.5069860906725536,0.9814615299332243,0.0,0.0
-0.0065885820296565575,0.5086567592750959,0.9814995328469974,0.0,0.0
-0.006365757049136273,0.5103874987561177,0.9815372520583184,0.0,0.0
-0.006141404317481086,0.5121760473798181,0.9815747597639365,0.0,0.0
-0.005915577678269658,0.5140200939822526,0.9816120232608592,0.0,0.0
-0.0056883313288114004,0.5159172829981757,0.9816490711110436,0.0,0.0
-0.005459719807139369,0.517865219404933,0.981685899864543,0.0,0.0
-0.005229797978921352,0.5198614735663781,0.981722536347235,0.0,0.0
-0.004998621024292462,0.5219035859616141,0.9817589711369966,0.0,0.0
-0.004766244424612154,0.5239890717852529,0.9817952345475375,0.0,0.0
-0.004532723949148867,0.5261154254076923,0.9818313256680378,0.0,0.0
-0.00429811564169577,0.5282801246857121,0.9818671780913614,0.0,0.0
-0.004062475807120499,0.5304806351154103,0.9819027689207872,0.0,0.0
-0.0038258609978522166,0.5327144138211425,0.9815938112854921,0.0,0.0
-0.003588328000309372,0.5349789133757008,0.9814581650875105,0.0,0.0
-0.003349933821271151,0.5372715854483988,0.9814958284549696,0.0,0.0
-0.0031107356741961957,0.5395898842791148,0.9815332377344963,0.0,0.0
-0.002870790965491622,0.5419312699775584,0.9815704431729252,0.0,0.0
-0.0026301572807357074,0.5442932116481851,0.9812609713764306,0.0,0.0
-0.0023888923708577396,0.5466731903421729,0.9815364461036109,0.0,0.0
-0.0021470541382779475,0.5490687018388092,0.9815717964148867,0.0,0.0
-0.001904700623011293,0.5514772592594105,0.981607055026382,0.0,0.0
-0.0016618899887380753,0.5538963955176016,0.9818282913900644,0.0,0.0
-0.001418680508845017,0.556323665610382,0.981861140214103,0.0,0.0
-0.0011751305524398158,0.5587566487548742,0.9818938295307192,0.0,0.0
-0.0009312985703429084,0.5611929503760844,0.9819263943139392,0.0,0.0
-0.0006872430810596,0.5636302039513202,0.9819588100671927,0.0,0.0
-0.0004430226567357756,0.566066072717145,0.9816219159150911,0.0,0.0
-0.00019869590910096685,0.568498251244946,0.981654789055042,0.0,0.0
4.567852459818528e-05,0.570924466891298,0.9816875170997661,0.0,0.0
0.0002900419956706662,0.5733424811293468,0.981720123111844,0.0,0.0
0.0005343358580563898,0.5757500907674761,0.9817526507283658,0.0,0.0
0.0007785014824010434,0.5781451290614575,0.9817850529375034,0.0,0.0
0.001022480270126843,0.5805254667262105,0.9818173097351992,0.0,0.0
0.0012662136674958513,0.5828890128532067,0.981849420429735,0.0,0.0
0.0015096431796626844,0.5852337157393923,0.9818813765905043,0.0,0.0
0.0017527103847129362,0.5875575636333641,0.981913093490633,0.0,0.0
0.0019953569476841653,0.5898585854043356,0.9819444951698043,0.0,0.0
0.002237524634565978,0.592134851139255,0.9815791268139468,0.0,0.0
0.0024791553262760177,0.594384472673202,0.9812118321290497,0.0,0.0
0.002720191032608111,0.5966056040580164,0.9812439932396235,0.0,0.0
0.002960573906149769,0.5987964419738449,0.9812760450489415,0.0,0.0
0.0032002462561652343,0.6009552260881038,0.9813079937413386,0.0,0.0
0.0034391505624409764,0.6030802393661185,0.981339823787479,0.0,0.0
0.0036772294890902754,0.6051698083374676,0.9813714613131462,0.0,0.0
0.003914425898313533,0.6072223033218546,0.9815671213123638,0.0,0.0
0.004150682864111177,0.6092361386181032,0.9815964920839138,0.0,0.0
0.004385943685945425,0.6112097726596577,0.981625671013803,0.0,0.0
0.004620151902348396,0.6131417081397689,0.9816546472710962,0.0,0.0
0.004853251304472373,0.6150304921093394,0.9816834229411717,0.0,0.0
0.005085185949579767,0.6168747160502278,0.9817120425167676,0.0,0.0
0.005315900174469091,0.6186730159265846,0.9817404791368982,0.0,0.0
0.00554533860883383,0.6204240722166693,0.9813845763719848,0.0,0.0
0.005773446188551088,0.6221266099273809,0.9814132066632543,0.0,0.0
0.00600016816889672,0.6237793985936114,0.9814416698168309,0.0,0.0
0.006225450137683722,0.625381252264344,0.9814700104760041,0.0,0.0
0.006449238028321002,0.6269310294773011,0.9814981967326225,0.0,0.0
0.006671478132789015,0.628427633223805,0.9815262328801909,0.0,0.0
0.006892117114529492,0.6298700109053618,0.9815542157881327,0.0,0.0
0.007111102021245917,0.6312571542833976,0.9815821247570583,0.0,0.0
0.007328380297611855,0.6325880994234334,0.9816098951524004,0.0,0.0
0.0075438997978839835,0.6338619266348866,0.9816375244694602,0.0,0.0
0.007757608798416727,0.6350777604075871,0.9816650330202725,0.0,0.0
0.007969456010075827,0.6362347693460176,0.9816924466727206,0.0,0.0
0.008179390590547378,0.6373321661021686,0.9817197733760743,0.0,0.0
0.008387362156539806,0.6383692073078585,0.9817470149766357,0.0,0.0
0.008593320795875565,0.6393451935072544,0.9817741584712784,0.0,0.0
0.008797217079469883,0.6402594690902986,0.9818010989533001,0.0,0.0
0.0089990020731934,0.6411114222276427,0.9818278887971534,0.0,0.0
0.009198627349616288,0.6419004848076644,0.9818545884505799,0.0,0.0
0.009396044999630372,0.6426261323760591,0.9818811667878348,0.0,0.0
0.009591207643947304,0.6432878840784721,0.9819075916069234,0.0,0.0
0.00978406844446934,0.6438853026065621,0.9819338862195631,0.0,0.0
0.00997458111553006,0.6444179941478682,0.981960043547469,0.0,0.0
0.010162699935002906,0.6448856083397879,0.9816144886443555,0.0,0.0
0.01034837975527423,0.6452878382279484,0.9816409218643888,0.0,0.0
0.010531576014078461,0.6456244202292138,0.9816672574946451,0.0,0.0
0.010712244745192894,0.6458951340995372,0.9816934536858102,0.0,0.0
0.010890342588989233,0.6460998029068221,0.9813491992200041,0.0,0.0
0.011065826802839938,0.6462382930089504,0.9813755874346642,0.0,0.0
0.011238655271376023,0.6463105140370787,0.9814019157832538,0.0,0.0
0.011408786516594644,0.6463164188842969,0.9815449518029195,0.0,0.0
0.01157617970781362,0.6462560036996949,0.9812048615872869,0.0,0.0
0.011740794671470567,0.646129307887881,0.981229742451252,0.0,0.0
0.011902591900764387,0.6459364141139411,0.9812545306151934,0.0,0.0
0.012061532565136725,0.6456774483138223,0.9812793073725087,0.0,0.0
0.012217578519591111,0.6453525797100885,0.9813040120718739,0.0,0.0
0.012370692313847428,0.6449620208329602,0.9813286313976125,0.0,0.0
0.012520837201330121,0.6445060275465415,0.9813532121737157,0.0,0.0
0.012667977147986871,0.6439848990800916,0.981377728518004,0.0,0.0
0.012812076840936808,0.6433989780641655,0.9814021363894565,0.0,0.0
0.012953101696945357,0.6427486505714367,0.9814961196391819,0.0,0.0
0.01309101787072393,0.6420343461619537,0.9815193698409832,0.0,0.0
0.013225792263052915,0.6412565379325652,0.9815426126862661,0.0,0.0
0.013357392528725118,0.6404157425702033,0.981565762038809,0.0,0.0
0.01348578708430842,0.6395125204086695,0.9812321111629982,0.0,0.0
0.01361094511572585,0.638547475488531,0.9812556993334509,0.0,0.0
0.01373283658565061,0.6375212556196843,0.9812792802424656,0.0,0.0
0.013851432240715073,0.6364345524460873,0.9813262377233624,0.0,0.0
0.013966703618531244,0.6352881015121077,0.9813336230632622,0.0,0.0
0.014078623054521821,0.6340826823298913,0.9813561716513715,0.0,0.0
0.014187163688559361,0.6328191184470585,0.9813786532259203,0.0,0.0
0.014292299471412768,0.6314982775140001,0.9814010699337608,0.0,0.0
0.014394005170998798,0.6301210713499517,0.9814233729313167,0.0,0.0
0.01449225637843773,0.6286884560069533,0.9813860021056814,0.0,0.0
0.01458702951391145,0.6272014318307068,0.981308961391307,0.0,0.0
0.014678301832322344,0.6256610435172651,0.9813317798205107,0.0,0.0
0.014766051428752144,0.62406838016438,0.9813545221887657,0.0,0.0
0.014850257243718858,0.6224245753162333,0.9813772959101215,0.0,0.0
0.0149308990682312,0.6207308070001617,0.9812570123077924,0.0,0.0
0.015007957548638352,0.6189882977538673,0.9810969671799891,0.0,0.0
0.015081414191274848,0.6171983146414858,0.9807444603778495,0.0,0.0
0.015151251366899137,0.6153621692567309,0.9807700068042425,0.0,0.0
0.015217452314924253,0.6134812177112138,0.9808283039929697,0.0,0.0
0.01528000114744048,0.6115568606058682,0.9807873256278385,0.0,0.0
0.01533888285302824,0.6095905429832542,0.9808136662841577,0.0,0.0
0.015394083300360859,0.6075837542583599,0.980638633424757,0.0,0.0
0.015445589241595907,0.6055380281253183,0.980666458150458,0.0,0.0
0.015493388315554777,0.6034549424373024,0.9803177506674343,0.0,0.0
0.01553746905068917,0.6013361190566521,0.9803459269574395,0.0,0.0
0.015577820867834156,0.5991832236720805,0.9803740525810406,0.0,0.0
0.015614434082747443,0.5969979655796293,0.9804021075686653,0.0,0.0
0.015647299908433113,0.5947820974238018,0.9804300347112769,0.0,0.0
0.015676410457250822,0.5925374148950995,0.980457851881025,0.0,0.0
0.01570175874280855,0.5902657563799698,0.9804856056408637,0.0,0.0
0.015723338681639464,0.5879690025589415,0.9805133451265045,0.0,0.0
0.0157411450946618,0.585649075948503,0.980353375668837,0.0,0.0
0.015755173708421964,0.5833079403820534,0.9803822489267078,0.0,0.0
0.015765421156119966,0.5809476004250375,0.9804111065132962,0.0,0.0
0.0157718849784175,0.5785701007191575,0.9800679804420449,0.0,0.0
0.015774563624028296,0.5761775252503459,0.9800973694795524,0.0,0.0
0.015773456450090328,0.5737719965349899,0.9801266232055742,0.0,0.0
0.01576856372231989,0.5713556747187102,0.9801558335374833,0.0,0.0
0.015759886614948232,0.568930756581834,0.9801849881705246,0.0,0.0
0.015747427210439497,0.5664994744455719,0.9802139955206421,0.0,0.0
0.01573118849899094,0.5640640949727682,0.9802428917824301,0.0,0.0
0.0157111743778153,0.5616269178570392,0.9802716851573006,0.0,0.0
0.015687389650205715,0.5591902743940581,0.9803003866022063,0.0,0.0
0.015659840024382535,0.5567565259287323,0.9801512981881407,0.0,0.0
0.015628532112123752,0.5543280621720912,0.9799525092823645,0.0,0.0
0.015593473427177977,0.5519072993817832,0.9799843204195561,0.0,0.0
0.015554672383461405,0.5494966784002576,0.9800161215110548,0.0,0.0
0.015512138293038219,0.5470986625449438,0.9800478003024586,0.0,0.0
0.015465881363885917,0.5447157353450363,0.9800793379172645,0.0,0.0
0.015415912697445511,0.5423503981199033,0.9801108085369996,0.0,0.0
0.015362244285957073,0.5400051673945991,0.9801420983080841,0.0,0.0
0.015304889009581726,0.5376825721485528,0.9801732330810967,0.0,0.0
0.015243860633310524,0.535385150894152,0.9798253518314735,0.0,0.0
0.01517917380366078,0.5331154485827636,0.9798567317574784,0.0,0.0
0.015110844045161092,0.5308760133365646,0.9798879013304477,0.0,0.0
0.015038887756625565,0.5286693930056049,0.9799189824826476,0.0,0.0
0.014963322207218006,0.5264981315506007,0.9799499964377342,0.0,0.0
0.014884165532307569,0.5243647652532011,0.9797452966810729,0.0,0.0
0.014801436729116208,0.5222718187567871,0.979777656637513,0.0,0.0
0.014715155652159627,0.5202218009423214,0.9798099219503649,0.0,0.0
0.014625343008482134,0.5182172006452872,0.9798420978423555,0.0,0.0
0.014532020352687023,0.5162604822214053,0.9795982607483138,0.0,0.0
0.014435210081763813,0.5143540809705088,0.9793024545775902,0.0,0.0
0.014334935429712769,0.5125003984297579,0.9789299729307048,0.0,0.0
0.014231220461969077,0.5107017975491746,0.9785587153189141,0.0,0.0
0.014124090069627098,0.5089605977643551,0.9785960316880393,0.0,0.0
0.014013569963466803,0.5072790699830722,0.9786330127614241,0.0,0.0
0.013899686667783118,0.5056594315043175,0.9786697508720118,0.0,0.0
0.013782467514020309,0.504103840890146,0.9787062905500302,0.0,0.0
0.013661940634212673,0.5026143928124017,0.9787426363413516,0.0,0.0
0.013538134954232797,0.5011931128980284,0.9784094336507847,0.0,0.0
0.013411080186849566,0.4998419525981457,0.9784476950409798,0.0,0.0
0.013280806824597296,0.49856278410740196,0.9784857348780057,0.0,0.0
0.013147346132457537,0.49735739536121304,0.9785234999028632,0.0,0.0
0.013010730140355788,0.4962274851393955,0.9785610989708045,0.0,0.0
0.01287099163547442,0.4951746583053148,0.9785985738361331,0.0,0.0
0.012728164154383794,0.49420042121002655,0.9786357933016363,0.0,0.0
0.012582281974993755,0.4933061772908981,0.9786728719004034,0.0,0.0
0.012433380108327115,0.49249322289391995,0.9787097288523071,0.0,0.0
0.012281494290117129,0.4917627433482762,0.9787463591846163,0.0,0.0
0.012126660972231097,0.49111580932076154,0.9783691903183751,0.0,0.0
0.011968917313922012,0.4905533734762991,0.9784076613439585,0.0,0.0
0.011808301172910766,0.4900762674691458,0.9780871938479178,0.0,0.0
0.01164485109630011,0.48968519928737253,0.9781274354649939,0.0,0.0
0.011478606311323924,0.4893807509708752,0.9781673412031728,0.0,0.0
0.011309606715932606,0.4891633767205911,0.9777755550460662,0.0,0.0
0.011137892869217705,0.48903340141372853,0.9773911355864451,0.0,0.0
0.010963505981678282,0.4889910195367542,0.9774319001119868,0.0,0.0
0.010786487905330266,0.48903629454462405,0.97747245415951,0.0,0.0
0.010606881123662155,0.48916915865140326,0.9771776946216885,0.0,0.0
0.010424728741439482,0.4893894130539339,0.977218810984066,0.0,0.0
0.01024007447435962,0.48969672858676955,0.97725967702043,0.0,0.0
0.010052962638560233,0.490090646803137,0.9773002234146397,0.0,0.0
0.009863438139983798,0.4905705814733103,0.9773404367254552,0.0,0.0
0.00967154646360022,0.4911358204885618,0.9770190582041928,0.0,0.0
0.009477333662490652,0.4917855281557768,0.9768235882718032,0.0,0.0
0.009280846346795175,0.492518747864973,0.9764521127986047,0.0,0.0
0.00908213167252636,0.49333440510938514,0.9764970921996305,0.0,0.0
0.00888123733025214,0.4942313108354476,0.976541698183037,0.0,0.0
0.008678211533650323,0.4952081650980475,0.9763398046591765,0.0,0.0
0.008473103007937587,0.49626356099472785,0.9763850586939306,0.0,0.0
0.008265960978175465,0.49739598885121905,0.9764300380054889,0.0,0.0
0.008056835157456825,0.49860384062970164,0.9764747063065943,0.0,0.0
0.00784577573497483,0.4998854145305904,0.9765189369836089,0.0,0.0
0.007632833363977681,0.5012389197583245,0.9765628134860014,0.0,0.0
0.007418059149612286,0.502662481421707,0.9766063602106443,0.0,0.0
0.007201504636659128,0.5041541455396907,0.9759597480769998,0.0,0.0
0.00698322179716186,0.5057118841241198,0.9760061247507764,0.0,0.0
0.006763263017954062,0.5073336003118522,0.9760521922657458,0.0,0.0
0.006541681088086983,0.5090171335197978,0.9760978094639331,0.0,0.0
0.006318529186160135,0.5107602645977352,0.9761429917488962,0.0,0.0
0.0060938608675588,0.5125607209552491,0.9754075566150157,0.0,0.0
0.005867730051601012,0.5144161816407748,0.9754559134768972,0.0,0.0
0.005640191008597085,0.5163242823524385,0.9755038411638887,0.0,0.0
0.005411298346825154,0.5182826203622108,0.9755514122016042,0.0,0.0
0.005181106999425324,0.5202887593367083,0.9755986541750191,0.0,0.0
0.004949672211215942,0.522340234039869,0.9756455593624941,0.0,0.0
0.00471704952543529,0.5244345549045576,0.9756920213765705,0.0,0.0
0.0044832947704113646,0.5265692124620045,0.9757380563740528,0.0,0.0
0.004248464046163236,0.5287416816197279,0.9757836843953432,0.0,0.0
0.0040126137109375215,0.5309494257803309,0.9755616370314993,0.0,0.0
0.0037758003676825144,0.533189900795172,0.9756076744245779,0.0,0.0
0.0035380808504639006,0.5354605587484407,0.9756533747753829,0.0,0.0
0.003299512210824692,0.5377588515686392,0.9756986427519188,0.0,0.0
0.0030601517040932382,0.540082234465748,0.9757434514279165,0.0,0.0
0.002820056775642125,0.5424281691936276,0.9757878946847239,0.0,0.0
0.0025792850471017463,0.5447941271382786,0.9755756996388664,0.0,0.0
0.0023378943025311534,0.5471775922335917,0.975371394333489,0.0,0.0
0.002095942474550348,0.5495760637070962,0.9754175502670723,0.0,0.0
0.0018534876304366259,0.5519870586590101,0.9754634112259272,0.0,0.0
0.001610587958188756,0.5544081144785229,0.975509060650997,0.0,0.0
0.0013673017525620767,0.5568367911018678,0.9755544303626337,0.0,0.0
0.0011236874010781541,0.5592706731171695,0.9755995655046078,0.0,0.0
0.000879803370011937,0.561707371721472,0.975644432702926,0.0,0.0
0.0006357081903601765,0.5641445265356411,0.975689045070533,0.0,0.0
0.0003914604437942944,0.5665798072830812,0.9754921997366685,0.0,0.0
0.00014711874860103919,0.5690109153383617,0.9755375077794585,0.0,0.0
-9.725825438562869e-05,0.5714355851519387,0.9755825907931355,0.0,0.0
-0.0003416119158580751,0.5738515855572399,0.9753903167272172,0.0,0.0
-0.0005858835921104373,0.5762567209663264,0.9754361647641795,0.0,0.0
-0.0008300146591130149,0.5786488324603491,0.9754817818141619,0.0,0.0
-0.001073946526581595,0.5810257987808972,0.9752929014884214,0.0,0.0
-0.001317620652038884,0.5833855372282406,0.9753390672469852,0.0,0.0
-0.0015609785548644877,0.5857260044723142,0.9753849279451197,0.0,0.0
-0.0018039618303298587,0.588045197282149,0.9754304423851891,0.0,0.0
-0.002046512163615277,0.5903411531792282,0.9754756246238174,0.0,0.0
-0.002288571343805024,0.5926119510201028,0.9755206468393588,0.0,0.0
-0.0025300812778578075,0.594855711513352,0.9755655290353784,0.0,0.0
-0.002770984004548718,0.5970705976757742,0.9756102666610927,0.0,0.0
-0.003011221708379766,0.5992548152324699,0.9756548965843754,0.0,0.0
-0.0032507367334551744,0.6014066129652633,0.975473498358176,0.0,0.0
-0.0034894715973186894,0.6035242830136562,0.9755188056182795,0.0,0.0
-0.0037273690047489164,0.6056061611323256,0.9755639316307146,0.0,0.0
-0.003964371861510057,0.607650626908917,0.9756089344286023,0.0,0.0
-0.004200423288054144,0.609656103945693,0.9756538241842789,0.0,0.0
-0.00443546663317188,0.6116210600083832,0.9756985474912966,0.0,0.0
-0.0046694454875887,0.6135440071453553,0.9757430529090158,0.0,0.0
-0.004902303697502686,0.6154235017800535,0.9757874194054122,0.0,0.0
-0.005133985378061222,0.6172581447794561,0.9748528978911701,0.0,0.0
-0.005364434926773115,0.6190465815010991,0.9749007785670063,0.0,0.0
-0.0055935970368528294,0.6207875018210596,0.9749485136155376,0.0,0.0
-0.0058214167104940154,0.6224796401451136,0.9749961104338932,0.0,0.0
-0.006047839272068558,0.6241217754051364,0.9750435906734181,0.0,0.0
-0.006272810381248542,0.6257127310426406,0.975090978073801,0.0,0.0
-0.006496276046047682,0.627251374981224,0.9751382653471897,0.0,0.0
-0.006718182635779092,0.6287366195895574,0.975185464725566,0.0,0.0
-0.006938476893926446,0.6301674216364124,0.9754262172194782,0.0,0.0
-0.007157105950925219,0.6315427822391203,0.9754712735179619,0.0,0.0
-0.00737401733685122,0.6328617468067286,0.9755162029580187,0.0,0.0
-0.0075891589940130615,0.6341234049790164,0.9755610782146281,0.0,0.0
-0.007802479289445692,0.6353268905624584,0.9756058775626537,0.0,0.0
-0.008013927027302224,0.6364713814640913,0.9756505994031102,0.0,0.0
-0.008223451461140542,0.6375560996241989,0.9756952611593865,0.0,0.0
-0.008431002306102291,0.6385803109486015,0.9757398239816175,0.0,0.0
-0.00863652975098096,0.6395433252413282,0.9757842705936709,0.0,0.0
-0.008839984470176379,0.6404444961382978,0.9758285399611217,0.0,0.0
-0.009041317635532512,0.6412832210426574,0.975872707224534,0.0,0.0
-0.00924048092805616,0.6420589410622985,0.9759168753488672,0.0,0.0
-0.009437426549513113,0.6427711409500548,0.9762515748996047,0.0,0.0
-0.009632107233899588,0.6434193490470266,0.9762933675032893,0.0,0.0
-0.00982447625878587,0.644003137229419,0.9763350943589663,0.0,0.0
-0.010014487456529388,0.6445221208592523,0.9763768036347662,0.0,0.0
-0.010202095225354754,0.6449759587392434,0.9764184610111477,0.0,0.0
-0.010387254540298008,0.6453643530721357,0.9764600734367863,0.0,0.0
-0.010569920964012375,0.6456870494247187,0.9765016864418213,0.0,0.0
-0.010750050657432982,0.6459438366967164,0.9763314753552627,0.0,0.0
-0.010927600390298102,0.6461345470947347,0.9763738161903706,0.0,0.0
-0.011102527551524088,0.6462590561113875,0.976416126840065,0.0,0.0
-0.011274790159431926,0.6463172825097228,0.9764584943609858,0.0,0.0
-0.011444346871822641,0.6463091883130165,0.9765008856972158,0.0,0.0
-0.011611156995899144,0.6462347787999898,0.9765432654980801,0.0,0.0
-0.011775180498032375,0.6460941025054752,0.9765856651114776,0.0,0.0
-0.011936378013369182,0.645887251226525,0.9766281062215635,0.0,0.0
-0.012094710855279646,0.6456143600339334,0.9766706041116623,0.0,0.0
-0.012250141024641767,0.6452756072891147,0.9767131720739293,0.0,0.0
-0.012402631218960963,0.6448712146662464,0.9767557312597439,0.0,0.0
-0.012552144841322591,0.6444014471795791,0.9767983139783931,0.0,0.0
-0.012698646009174959,0.6438666132157427,0.9768408404552932,0.0,0.0
-0.012842099562941049,0.6432670645709005,0.9773108476681236,0.0,0.0
-0.012982471074456544,0.6426031964925247,0.9777398555657416,0.0,0.0
-0.013119726855232522,0.6418754477255569,0.9777774818583306,0.0,0.0
-0.013253833964540374,0.6410843005626744,0.9777135146615272,0.0,0.0
-0.013384760217317717,0.6402302808983449,0.9769529069650941,0.0,0.0
-0.013512474191892283,0.6393139582863033,0.9769939288766982,0.0,0.0
-0.01363694523752321,0.6383359460000504,0.9768296190398144,0.0,0.0
-0.013758143481757098,0.6372969010959147,0.9768715967797064,0.0,0.0
-0.01387603983759705,0.636197524478173,0.9769136789607433,0.0,0.0
-0.013990606010483598,0.6350385609656711,0.9769558604401475,0.0,0.0
-0.014101814505085226,0.6338207993593155,0.9769980631108158,0.0,0.0
-0.014209638631897024,0.6325450725097518,0.9770402957301156,0.0,0.0
-0.014314052513646145,0.6312122573844738,0.9770825452546271,0.0,0.0
-0.014415031091502144,0.6298232751335261,0.9769795406200839,0.0,0.0
-0.014512550131091147,0.6283790911528958,0.9770223575936844,0.0,0.0
-0.01460658622831161,0.6268807151445812,0.9775724049107629,0.0,0.0
-0.014697116814951748,0.6253292011722564,0.9776126511334707,0.0,0.0
-0.014784120164105234,0.6237256477113324,0.9776528997175534,0.0,0.0
-0.014867575395385956,0.6220711976921146,0.9776932281850248,0.0,0.0
-0.014947462479938951,0.6203670385346524,0.9777336758129815,0.0,0.0
-0.015023762245247435,0.6186144021737382,0.9777742115700196,0.0,0.0
-0.015096456379733994,0.616814565072399,0.9778148561487431,0.0,0.0
-0.015165527437155305,0.6149688482220759,0.9778556006220255,0.0,0.0
-0.015230958840789123,0.6130786171275557,0.978419542006124,0.0,0.0
-0.015292734887412632,0.6111452817745494,0.978457839379846,0.0,0.0
-0.015350840751071286,0.6091702965776632,0.977833264288359,0.0,0.0
-0.015405262486636621,0.6071551603063379,0.9778742036301749,0.0,0.0
-0.015455987033153354,0.6051014159861372,0.9779151875407673,0.0,0.0
-0.015503002216973845,0.603010650772615,0.9772360578654472,0.0,0.0
-0.015546296754679624,0.600884495794757,0.9772799623606875,0.0,0.0
-0.01558586025578946,0.5987246259648276,0.9773239319395125,0.0,0.0
-0.01562168322525308,0.5965327597512179,0.977367917474577,0.0,0.0
-0.015653757065729697,0.5943106589107041,0.977411947909949,0.0,0.0
-0.01568207407965154,0.5920601281762756,0.9774560322482961,0.0,0.0
-0.015706627471071235,0.5897830148965076,0.9780848428444945,0.0,0.0
-0.015727411347292716,0.5874812086222015,0.978126460083077,0.0,0.0
-0.015744420720285424,0.5851566406357969,0.9781681754718139,0.0,0.0
-0.01575765150788148,0.5828112834188467,0.9782100332649158,0.0,0.0
-0.01576710053475546,0.580447150052618,0.9782520086118608,0.0,0.0
-0.01577276553318612,0.5780662935466566,0.9788646451586379,0.0,0.0
-0.01577464514360119,0.5756708060899745,0.9789044096954497,0.0,0.0
-0.015772738914903096,0.5732628182192954,0.978944260371465,0.0,0.0
-0.015767047304577595,0.5708444978986346,0.9789841914316105,0.0,0.0
-0.01575757167858384,0.5684180495043165,0.9790241505445698,0.0,0.0
-0.015744314311026623,0.56598571270941,0.9789842083636892,0.0,0.0
-0.015727278383610484,0.5635497612614447,0.9790245553668476,0.0,0.0
-0.015706467984876217,0.5611125016471914,0.9790649161775115,0.0,0.0
-0.015681888109219673,0.558676271638269,0.9791053478746891,0.0,0.0
-0.015653544655692977,0.5562434387113396,0.9791458701521948,0.0,0.0
-0.015621444426588959,0.553816398336708,0.9786692030904992,0.0,0.0
-0.01558559512580847,0.5513975721292703,0.9787122861324334,0.0,0.0
-0.01554600535701168,0.5489894058559188,0.9787555279800406,0.0,0.0
-0.015502684621553015,0.5465943672937866,0.9787988324433586,0.0,0.0
-0.015455643316201008,0.5442149439339975,0.9788421644466759,0.0,0.0
-0.015404892730643202,0.5418536405260599,0.978885580695189,0.0,0.0
-0.015350445044776518,0.5395129764584665,0.9789289833658409,0.0,0.0
-0.015292313325784151,0.5371954829717311,0.978972361457394,0.0,0.0
-0.01523051152499969,0.5349037002007309,0.9790157452723756,0.0,0.0
-0.015165054474558598,0.5326401740440563,0.9790590643175229,0.0,0.0
-0.015095957883838749,0.5304074528589755,0.9791023266391371,0.0,0.0
-0.015023238335690331,0.528208083981629,0.9797876658538269,0.0,0.0
-0.014946913282455803,0.5260446100732207,0.9798281263554439,0.0,0.0
-0.014867001041781508,0.523919565294216,0.9798684666925057,0.0,0.0
-0.01478352079222169,0.5218354713098958,0.9800285063699143,0.0,0.0
-0.014696492568635484,0.519794833132113,0.9800686728606166,0.0,0.0
-0.014605937257378823,0.5178001348036162,0.9801088323272164,0.0,0.0
-0.014511876591291726,0.5158538349329844,0.9807493680200752,0.0,0.0
-0.014414333144482485,0.5139583620899391,0.9807868176539811,0.0,0.0
-0.014313330326910187,0.5121161100725733,0.981364570805243,0.0,0.0
-0.014208892378766165,0.5103294330598853,0.9813996817444868,0.0,0.0
-0.014101044364656671,0.5086006406648639,0.9819273378307241,0.0,0.0
-0.013989812167587429,0.5069319929052203,0.9819603083932983,0.0,0.0
-0.013875222482751724,0.5053256951107223,0.98199320367082,0.0,0.0
-0.013757302811123969,0.5037838927878352,0.9824645639205828,0.0,0.0
-0.01363608145285924,0.5023086664641256,0.9824957048991364,0.0,0.0
-0.013511587500501635,0.5009020265364452,0.982526710252371,0.0,0.0
-0.013383850832002164,0.4995659081483716,0.9825575963950093,0.0,0.0
-0.013252902103548106,0.4983021661236642,0.9825884645765381,0.0,0.0
-0.013118772742205667,0.4971125699835663,0.982619270287565,0.0,0.0
-0.01298149493837777,0.4959987990765935,0.9833351562954689,0.0,0.0
-0.012841101638078362,0.49496243785005395,0.9833651342048745,0.0,0.0
-0.012697626535025557,0.49400497129278154,0.9833949685950183,0.0,0.0
-0.012551104062555439,0.49312778057855805,0.9851262190180223,0.0,0.0
-0.012401569385358075,0.49233213893931577,0.9851534162255344,0.0,0.0
-0.012249058391038114,0.49161920779651835,0.9853625994331799,0.0,0.0
-0.012093607681502212,0.4909900331780474,0.9853890066119015,0.0,0.0
-0.011935254564174403,0.49044554244653527,0.9854150667829142,0.0,0.0
-0.011774037043042725,0.4899865413633289,0.98544084855352,0.0,0.0
-0.011609993809538413,0.4896137115102006,0.9855839298034793,0.0,0.0
-0.011443164233250038,0.4893276080885568,0.9856094434240484,0.0,0.0
-0.011273588352475066,0.4891286581132136,0.9856346086061134,0.0,0.0
-0.011101306864610963,0.4890171590149299,0.9856594518980311,0.0,0.0
-0.010926361116387763,0.48899327766276723,0.9867811245085969,0.0,0.0
-0.010748793093945302,0.4890570498140581,0.9868038117384932,0.0,0.0
-0.01056864541275659,0.489208379996405,0.9868262950285026,0.0,0.0
-0.01038596130740041,0.4894470418226401,0.9868485223752487,0.0,0.0
-0.010200784621185056,0.48977267873623176,0.9868704484853066,0.0,0.0
-0.010013159795626407,0.49018480518117236,0.9868921397739882,0.0,0.0
-0.009823131859781944,0.4906828081870513,0.9869135494544883,0.0,0.0
-0.009630746419444038,0.4912659493568015,0.9869347924078318,0.0,0.0
-0.009436049646194976,0.49193336724159,0.986955820056014,0.0,0.0
-0.00923908826632573,0.49268408008452896,0.9869766869464057,0.0,0.0
-0.009039909549621925,0.4935169889123483,0.9869974069152764,0.0,0.0
-0.008838561298019628,0.4944308809519241,0.9870179725671937,0.0,0.0
-0.008635091834132589,0.4954244333466468,0.9870384004128467,0.0,0.0
-0.008429549989655527,0.49649621714600983,0.9870586852159884,0.0,0.0
-0.00822198509364443,0.4976447015405605,0.9870788218334419,0.0,0.0
-0.008012446960677995,0.4988682583134559,0.9870987817902367,0.0,0.0
-0.007800985878902347,0.500165166479318,0.9871185116747195,0.0,0.0
-0.0075876525979620205,0.5015336170808744,0.9871380745879829,0.0,0.0
-0.00737249831682042,0.5029717181139586,0.9871574770531202,0.0,0.0
-0.007155574671472228,0.5044774995518815,0.9871766996804874,0.0,0.0
-0.006936933722551051,0.5060489184408582,0.9872437459384105,0.0,0.0
-0.00671662794283511,0.5076838640391312,0.9872631735366888,0.0,0.0
-0.006494710204654028,0.5093801629735824,0.9872789178936289,0.0,0.0
-0.00627123376719977,0.5111355843890057,0.9872984341080574,0.0,0.0
-0.006046252263744502,0.5129478450667108,0.9873176883769552,0.0,0.0
-0.0058198196887692,0.5148146144908045,0.9873367048529614,0.0,0.0
-0.005591990385004842,0.516733519842212,0.9873555610506288,0.0,0.0
-0.005362819030390807,0.5187021509023397,0.9873743162189405,0.0,0.0
-0.005132360624952041,0.5207180648501122,0.9873928239088684,0.0,0.0
-0.004900670477599667,0.5227787909380027,0.9881669463078648,0.0,0.0
-0.004667804192856854,0.5248818350344898,0.9881842941817484,0.0,0.0
-0.004433817657514167,0.5270246840222391,0.9882014477389893,0.0,0.0
-0.0041987670272169006,0.5292048100430155,0.9882183881806091,0.0,0.0
-0.003962708712988039,0.5314196745820771,0.988235145382276,0.0,0.0
-0.0037256993676898532,0.5336667323863666,0.988251681080449,0.0,0.0
-0.003487795872427549,0.5359434352123713,0.9882017690514069,0.0,0.0
-0.0032490553228980007,0.5382472354009015,0.988218534044852,0.0,0.0
-0.003009535015687091,0.5405755892773756,0.9882350760297179,0.0,0.0
-0.002769292434518779,0.5429259603773776,0.9882514258304498,0.0,0.0
-0.0025283852364594074,0.5452958224983377,0.9882676208148778,0.0,0.0
-0.0022868712380800346,0.5476826625791643,0.9882836979863803,0.0,0.0
-0.0020448084015810115,0.5500839834105142,0.9881812919430694,0.0,0.0
-0.0018022548208811175,0.5524973061791303,0.9881981449695122,0.0,0.0
-0.001559268707675443,0.5549201728503439,0.9888621480999152,0.0,0.0
-0.0013159083774647517,0.5573501483933716,0.9894819273144108,0.0,0.0
-0.0010722322355601244,0.5597848228545046,0.9900372296591915,0.0,0.0
-0.0008282987630659266,0.5622218132836516,0.9900522346298802,0.0,0.0
-0.0005841665028446347,0.564658765520004,0.9905577560334269,0.0,0.0
-0.00033989404546682576,0.567093355842775,0.9905721229756872,0.0,0.0
-9.554001514969607e-05,0.5695232924931599,0.9910259981891316,0.0,0.0
0.00014883694431239673,0.5719463170737076,0.9910397584435753,0.0,0.0
0.0003931781836222626,0.5743602058313677,0.9910534312257614,0.0,0.0
0.0006374250620553471,0.5767627708304378,0.9910670051546371,0.0,0.0
0.0008815189615332473,0.5791518610215893,0.991080441883705,0.0,0.0
0.0011254013006917714,0.5815253632130761,0.9910937770470684,0.0,0.0
0.0013690135489402536,0.5838812029500738,0.9911070055118265,0.0,0.0
0.001612297240508489,0.5862173453079851,0.9911200897728474,0.0,0.0
0.001855193988478257,0.5885317956053593,0.9911329459683476,0.0,0.0
0.0020976454987960366,0.5908226000418868,0.9911456132850495,0.0,0.0
0.0023395935842631514,0.5930878462667357,0.9911581788349653,0.0,0.0
0.002580980178500515,0.5953256638822881,0.9911706426816567,0.0,0.0
0.0028217473498841827,0.5975342248881098,0.9911830288256188,0.0,0.0
0.0030618373154487804,0.5997117440697646,0.9911953219511203,0.0,0.0
0.0033011924547550007,0.6018564793368739,0.9912075203978175,0.0,0.0
0.003539755323718413,0.6039667320145761,0.9912195887121015,0.0,0.0
0.00377746866839558,0.6060408470923349,0.9912315361567018,0.0,0.0
0.004014275438724859,0.6080772134338179,0.9915997766810748,0.0,0.0
0.0042501188022180955,0.6100742639513489,0.9916114564920604,0.0,0.0
0.004484942157600141,0.6120304757482405,0.9916229558782901,0.0,0.0
0.004718689148392908,0.6139443702320839,0.9916342765573752,0.0,0.0
0.0049513036764406194,0.6158145132019067,0.9916455550512068,0.0,0.0
0.005182729915373167,0.6176395149118948,0.9916567259180309,0.0,0.0
0.005412912324004076,0.6194180301142066,0.9916678168758932,0.0,0.0
0.005641795659660171,0.6211487580832249,0.9916787498574353,0.0,0.0
0.0058693249914396235,0.6228304426234379,0.9916896053718912,0.0,0.0
0.006095445713394982,0.6244618720629663,0.9917004180260094,0.0,0.0
0.006320103557638378,0.6260418792346162,0.9917111764876522,0.0,0.0
0.006543244607365625,0.6275693414462062,0.9917219132890807,0.0,0.0
0.006764815309795881,0.629043180441748,0.9916211220090272,0.0,0.0
0.006984762489024153,0.6304623623549795,0.9916324014124135,0.0,0.0
0.007203033358783218,0.6318258976566012,0.9916436087104947,0.0,0.0
0.0074195755351120765,0.6331328410964616,0.9916547489193299,0.0,0.0
0.0076343370489278485,0.6343822916418518,0.9919797129097547,0.0,0.0
0.007847266358498133,0.6355733924129368,0.9922843412312072,0.0,0.0
0.008058312361810717,0.6367053306163108,0.9922950194309136,0.0,0.0
0.008267424408837876,0.6377773374775244,0.9923056442413107,0.0,0.0
0.00847455231369208,0.6387886881734056,0.9925869363581314,0.0,0.0
0.00867964636667046,0.6397387017648835,0.9925972813923545,0.0,0.0
0.008882657346184757,0.6406267411309733,0.9924810240103803,0.0,0.0
0.009083536530574391,0.6414522129045326,0.9924919655565647,0.0,0.0
0.009282235709799386,0.6422145674103001,0.9925027866413749,0.0,0.0
0.009478707197010473,0.6429132986057209,0.9925135172908555,0.0,0.0
0.009672903839993861,0.6435479440249834,0.9925241331879805,0.0,0.0
0.009864779032487413,0.6441180847266404,0.9925346599075449,0.0,0.0
0.010054286725365989,0.6446233452451814,0.9922485720609275,0.0,0.0
0.010241381437692917,0.6450633935468308,0.9918547559977144,0.0,0.0
0.010426018267635371,0.6454379409898469,0.9918690284392012,0.0,0.0
0.010608152903240442,0.6457467422895556,0.9920692524775208,0.0,0.0
0.010787741633069886,0.6459895954882917,0.9920836405321473,0.0,0.0
0.010964741356690576,0.6461663419304322,0.9920979405755346,0.0,0.0
0.011139109595018501,0.646276866242629,0.992112154210607,0.0,0.0
0.011310804500513439,0.6463210963193682,0.9921263066448978,0.0,0.0
0.01147978486722227,0.6462990033138968,0.9921403972740332,0.0,0.0
0.01164601014066809,0.6462106016345976,0.9921544438145735,0.0,0.0
0.011809440427583194,0.6460559489467999,0.9923042376832076,0.0,0.0
0.011970036505483268,0.6458351461800358,0.9923183386567201,0.0,0.0
0.012127759832080434,0.6455483375406982,0.992452053913755,0.0,0.0
0.012282572554533454,0.645195710530038,0.9924662741979682,0.0,0.0
0.012434437518532071,0.6447774959674095,0.9919340602120741,0.0,0.0
0.012583318277213868,0.6442939680186468,0.9919509385062609,0.0,0.0
0.012729179099911486,0.6437454442294088,0.9919677590552477,0.0,0.0
0.012871984980727568,0.643132285563328,0.9920406931306776,0.0,0.0
0.013011701646936269,0.6424548964447321,0.9920577270149358,0.0,0.0
0.013148295567208361,0.6417137248056954,0.9920747282562762,0.0,0.0
0.013281733959658606,0.6409092621371342,0.9920634799645577,0.0,0.0
0.01341198479971339,0.6400420435436168,0.9920133249155322,0.0,0.0
0.01353901682779633,0.6391126478015057,0.9920306792642137,0.0,0.0
0.013662799556830484,0.6381216974200444,0.9920929272326222,0.0,0.0
0.013783303279554977,0.6370698587048971,0.9921103334907281,0.0,0.0
0.01390049907565486,0.6359578418236308,0.9921276818178337,0.0,0.0
0.014014358818701689,0.6347864008725794,0.9921449520046698,0.0,0.0
0.014124855182903554,0.6335563339444272,0.992106079208213,0.0,0.0
0.01423196164966356,0.6322684831958382,0.9920345221920503,0.0,0.0
0.014335652513943758,0.6309237349143374,0.992052788225621,0.0,0.0
0.01443590289043446,0.6295230195836065,0.9920709105987642,0.0,0.0
0.014532688719526591,0.6280673119462598,0.9920888926540576,0.0,0.0
0.01462598677308565,0.6265576310630772,0.9921067691255369,0.0,0.0
0.01471577466002673,0.6249950403675876,0.9921245034285864,0.0,0.0
0.014802030831687941,0.6233806477147883,0.992173636715904,0.0,0.0
0.014884734587002074,0.621715605422667,0.9921915177154883,0.0,0.0
0.014963866077464978,0.6200011103051065,0.9922092738732723,0.0,0.0
0.015039406311898616,0.6182384036945957,0.9921873523971247,0.0,0.0
0.015111337161009484,0.6164287714530678,0.9922054096975645,0.0,0.0
0.01517964136173899,0.6145735439690273,0.9922234065035132,0.0,0.0
0.015244302521406858,0.6126740961390005,0.9921915411076845,0.0,0.0
0.015305305121645152,0.6107318473311663,0.9921471596084497,0.0,0.0
0.015362634522122656,0.6087482613288883,0.9921659543472743,0.0,0.0
0.015416276964058397,0.6067248462516699,0.9921846523504727,0.0,0.0
0.01546621957352385,0.6046631544508996,0.9922032339054223,0.0,0.0
0.015512450364532523,0.6025647823775455,0.9922217121180147,0.0,0.0
0.015554958241916404,0.6004313704187837,0.9922400462312715,0.0,0.0
0.015593733003989007,0.5982646027003218,0.9922583016177016,0.0,0.0
0.015628765344993547,0.5960662068509869,0.9922764916617004,0.0,0.0
0.01566004685733637,0.5938379537259333,0.9923120893279094,0.0,0.0
0.01568757003360466,0.5915816570845904,0.9922998507384873,0.0,0.0
0.015711328268368234,0.589299173219262,0.9921977880513428,0.0,0.0
0.015731315859764755,0.5869924005300731,0.9922167836968078,0.0,0.0
0.015747528010868286,0.58466327904171,0.9916316791020603,0.0,0.0
0.01575996083084037,0.582313789857196,0.9916538314402227,0.0,0.0
0.015768611335863852,0.5799459545437246,0.991470439952285,0.0,0.0
0.015773477449859147,0.5775618344453498,0.9914930681033967,0.0,0.0
0.01577455800498215,0.5751635299171272,0.9915155667661536,0.0,0.0
0.015771852741904874,0.572753179475135,0.9913307731515244,0.0,0.0
0.01576536230987748,0.5703329588565877,0.9913538335113355,0.0,0.0
0.015755088266572438,0.5679050799841311,0.9913767817848838,0.0,0.0
0.015741033077710916,0.5654717898282663,0.9911910767786553,0.0,0.0
0.015723200116470704,0.5630353691617457,0.9912145902476307,0.0,0.0
0.015701593662676944,0.5605981311997229,0.9912379658449996,0.0,0.0
0.015676218901774806,0.5581624201194083,0.9912612581606718,0.0,0.0
0.01564708192358509,0.5557306094529981,0.9912844616905943,0.0,0.0
0.01561418972084269,0.553305100347722,0.9913075940537823,0.0,0.0
0.015577550187518458,0.5508883196869736,0.9913307089529071,0.0,0.0
0.015537172116924432,0.5484827180666975,0.9913538346985689,0.0,0.0
0.015493065199603756,0.5460907676214476,0.9914708974028789,0.0,0.0
0.0154452400210049,0.5437149596949029,0.9914933427636173,0.0,0.0
0.01539370805894109,0.5413578023500313,0.9915157473689236,0.0,0.0
0.01533848168083591,0.5390218177146183,0.9908917416304911,0.0,0.0
0.01527957414075503,0.5367095391585133,0.9909176138116405,0.0,0.0
0.015216999576225222,0.5344235082996182,0.9909433775087827,0.0,0.0
0.015150773004841682,0.5321662718365143,0.9909689772642167,0.0,0.0
0.015080910320663611,0.5299403782065367,0.9909944192473079,0.0,0.0
0.015007428290399843,0.5277483740691354,0.9911334359158868,0.0,0.0
0.014930344549384992,0.5255928006155555,0.9911581547302157,0.0,0.0
0.01484967759734673,0.5234761897071115,0.9911826674750344,0.0,0.0
0.014765446793966469,0.5214010598457204,0.9912070903833679,0.0,0.0
0.01467767235423269,0.5193699119818355,0.991231422534604,0.0,0.0
0.0145863753435895,0.5173852251665212,0.9912555954576461,0.0,0.0
0.014491577672881291,0.5154494520560433,0.991376166673953,0.0,0.0
0.014393302093093948,0.5135650142791227,0.9914336760351465,0.0,0.0
0.014291572189894916,0.5117342976787819,0.9914568094576445,0.0,0.0
0.0141864123779726,0.5099596474425551,0.9912834125343504,0.0,0.0
0.014077847895177074,0.5082433631367073,0.9913070701100379,0.0,0.0
0.013965904796463145,0.5065876936619457,0.9913305854059133,0.0,0.0
0.013850609947637111,0.5049948321499556,0.9913539544842553,0.0,0.0
0.013731991018909234,0.5034669108218521,0.9913771932926212,0.0,0.0
0.013610076478253018,0.5020059958313282,0.9912045152620268,0.0,0.0
0.013484895584573024,0.5006140821168433,0.9906058634811091,0.0,0.0
0.013356478380682876,0.4992930882886235,0.9899456455680412,0.0,0.0
0.01322485568609504,0.49804485157746575,0.989977179606697,0.0,0.0
0.013090059089624429,0.49687112287337265,0.9900085172438243,0.0,0.0
0.012952120941807106,0.495773561882808,0.9901226439268744,0.0,0.0
0.01281107434713644,0.494753732433895,0.9901530308426869,0.0,0.0
0.012666953156118092,0.4938130979590622,0.9901832482830167,0.0,0.0
0.012519791957146148,0.4929530171845599,0.9902132917786172,0.0,0.0
0.012369626068201914,0.4921747400558234,0.9902431809311828,0.0,0.0
0.012216491528377903,0.49147940392687883,0.9902729120926934,0.0,0.0
0.012060425089228615,0.490868030040861,0.9903024636622982,0.0,0.0
0.011901464205950295,0.49034152032723594,0.9904122235861973,0.0,0.0
0.01173964702839193,0.4899006545395076,0.9904407427155736,0.0,0.0
0.011575012391899299,0.48954608775504904,0.9904979227227984,0.0,0.0
0.011407599807994936,0.489278348256261,0.990525698337286,0.0,0.0
0.01123744945489537,0.48909783580954236,0.9905532172299294,0.0,0.0
0.011064602167868556,0.48900482035562337,0.9905806448029421,0.0,0.0
0.010889099429433696,0.48899944112164034,0.9905923975259526,0.0,0.0
0.010710983359405627,0.48908170616204255,0.9906192492308062,0.0,0.0
0.010530296704786078,0.48925149233200954,0.9906458540327568,0.0,0.0
0.010347082829504828,0.48950854569359364,0.9906722194076151,0.0,0.0
0.010161385704012562,0.4898524823513257,0.9900254471824558,0.0,0.0
0.009973249894727946,0.49028278971062356,0.9900555030909688,0.0,0.0
0.009782720553342159,0.49079882814899833,0.9900853524166523,0.0,0.0
0.00958984340598255,0.49139983308690666,0.9898883745907883,0.0,0.0
0.00939466474223864,0.4920849174421015,0.9899189009943575,0.0,0.0
0.009197231404052797,0.49285307444860166,0.9899492251831724,0.0,0.0
0.008997590774478476,0.493703180818924,0.9899792981063529,0.0,0.0
0.008795790766308514,0.4946340002260404,0.9900091808423996,0.0,0.0
0.008591879810576162,0.49564418707967645,0.9898131783324963,0.0,0.0
0.008385906844932007,0.49673229057004076,0.9896186130379971,0.0,0.0
0.008177921301899014,0.49789675895091307,0.9894182967231351,0.0,0.0
0.007967973097009232,0.49913594403318584,0.9894504002894408,0.0,0.0
0.0077561126168240015,0.5004481058594816,0.9894822615978012,0.0,0.0
0.007542390706841605,0.5018314175303212,0.9895139592002313,0.0,0.0
0.007326858659294549,0.5032839701524969,0.9895454699723624,0.0,0.0
0.007109568200839586,0.5048037778807726,0.9895767928679287,0.0,0.0
0.006890571480143782,0.5063887830247706,0.9893790802463664,0.0,0.0
0.006669921055368865,0.5080368611939262,0.9891827840581812,0.0,0.0
0.0064476698815575904,0.5097458264545712,0.9889805627112478,0.0,0.0
0.0062238712979248425,0.5115134364746181,0.9890143326083254,0.0,0.0
0.005998579015056403,0.5133373976328712,0.9883157300486076,0.0,0.0
0.005771847102018741,0.5152153700716512,0.988353421372998,0.0,0.0
0.005543729973382606,0.5171449726731919,0.988516856073696,0.0,0.0
0.005314282376163843,0.5191237879420896,0.9885524080843322,0.0,0.0
0.005083559376684442,0.521149366777936,0.9885877661200049,0.0,0.0
0.0048516163473567514,0.5232192331241347,0.9886229642306686,0.0,0.0
0.0046185089533944184,0.5253308884807463,0.9886579439893456,0.0,0.0
0.00438429313945307,0.5274818162710031,0.9886927530384736,0.0,0.0
0.004149025116203712,0.529669486052892,0.9887273815658316,0.0,0.0
0.003912761346842645,0.5318913575688914,0.9887617617963688,0.0,0.0
0.003675558533540389,0.5341448846285036,0.9887959420141136,0.0,0.0
0.003437473603833521,0.5364275188197684,0.9888299195077591,0.0,0.0
0.003198563696962268,0.5387367130472834,0.9888637316140587,0.0,0.0
0.002958886150157547,0.5410699248955995,0.988897350380852,0.0,0.0
0.0027184984848800504,0.5434246198179642,0.9886922118221982,0.0,0.0
0.002477458393015546,0.5457982741515132,0.9887267244165925,0.0,0.0
0.002235823723029043,0.5481883779609015,0.988761112552458,0.0,0.0
0.001993652466081446,0.550592437713243,0.9887953152119269,0.0,0.0
0.0017510027421119279,0.5530079787879293,0.9888293725095249,0.0,0.0
0.001507932785889523,0.5554325478255491,0.9886256524507526,0.0,0.0
0.0012645009330369064,0.5578637149206411,0.9884229986456716,0.0,0.0
0.0010207656060302597,0.5602990756634677,0.9884589588725378,0.0,0.0
0.0007767853001780882,0.5627362530363331,0.9884947693395106,0.0,0.0
0.0005326185695826374,0.5651728991702676,0.9885303736726595,0.0,0.0
0.0002883240130871994,0.5676066969680744,0.9885658366534191,0.0,0.0
4.396026021267035e-05,0.5700353615998924,0.9878970463956481,0.0,0.0
-0.00020041404291324576,0.5724566418775,0.9871547018973039,0.0,0.0
-0.0004447402476308242,0.5748683215136019,0.9863338559801192,0.0,0.0
-0.0006889597168237787,0.577268220272331,0.9863809295363414,0.0,0.0
-0.0009330138389917684,0.5796541950171276,0.9854845337473775,0.0,0.0
-0.001176844042317013,0.5820241406620615,0.985536153694275,0.0,0.0
-0.001420391808721138,0.5843759910325333,0.9855875815435826,0.0,0.0
-0.00166359868790927,0.5867077196411568,0.9856387799035667,0.0,0.0
-0.00190640631139785,0.589017340384402,0.985689724477427,0.0,0.0
-0.0021487564065227572,0.5913029081654662,0.9857404300824021,0.0,0.0
-0.002390590810424493,0.5935625194485602,0.9857909879079735,0.0,0.0
-0.0026318514840070035,0.5957943127496307,0.9858414269579471,0.0,0.0
-0.002872480525866665,0.5979964690683153,0.985891751933551,0.0,0.0
-0.003112420186188557,0.600167212265687,0.9856202177243893,0.0,0.0
-0.0033516128806059206,0.6023048093921347,0.9859963400505805,0.0,0.0
-0.003590001204020277,0.6044075709695043,0.9860441454712041,0.0,0.0
-0.0038275279443783124,0.6064738512313843,0.9860918021235835,0.0,0.0
-0.004064136096402536,0.6085020483252231,0.9861393557243361,0.0,0.0
-0.004299768875272199,0.6104906044797366,0.9861867422587203,0.0,0.0
-0.004534369730251465,0.6124380061408562,0.9862339535830177,0.0,0.0
-0.004767882358261288,0.6143427840792708,0.986281022639891,0.0,0.0
-0.005000250717391807,0.6162035134724191,0.9863280450714424,0.0,0.0
-0.00523141904035229,0.6180188139635957,0.9863749177687199,0.0,0.0
-0.0054613318478548365,0.6197873497006531,0.9864216237319101,0.0,0.0
-0.005689933961929326,0.6215078293566263,0.9864682182205828,0.0,0.0
-0.005917170519165678,0.6231790061344178,0.9865147136733685,0.0,0.0
-0.006142986983880932,0.6247996777575414,0.9856976175804827,0.0,0.0
-0.006367329161207532,0.6263686864487749,0.9847848483543747,0.0,0.0
-0.0065901432100997975,0.6278849188984189,0.9837774764452963,0.0,0.0
-0.006811375656255534,0.6293473062237529,0.9838363748509221,0.0,0.0
-0.007030973404949666,0.6307548239211243,0.983895102142859,0.0,0.0
-0.007248883753776591,0.6321064918120242,0.9835736733931201,0.0,0.0
-0.007465054405298591,0.6334013739843518,0.983251350496828,0.0,0.0
-0.007679433479596965,0.6346385787300257,0.9837410490745722,0.0,0.0
-0.007891969526722952,0.6358172584799425,0.9837987221511709,0.0,0.0
-0.008102611539045472,0.6369366097372403,0.9838562639347191,0.0,0.0
-0.008311308963492659,0.6379958730097247,0.9839136269027989,0.0,0.0
-0.008518011713684452,0.6389943327422319,0.9839708300057209,0.0,0.0
-0.008722670181952998,0.6399313172496512,0.9840278889700503,0.0,0.0
-0.008925235251248349,0.6408061986512282,0.9837132731018272,0.0,0.0
-0.009125658306926174,0.6416183928067689,0.9837719962803508,0.0,0.0
-0.009323891248415239,0.6423673592552225,0.9838306487612715,0.0,0.0
-0.009519886500761096,0.6430526011561521,0.9838891818794562,0.0,0.0
-0.009713597026044032,0.6436736652344961,0.9839475025993568,0.0,0.0
-0.009904976334667796,0.644230141729,0.9840056588849659,0.0,0.0
-0.010093978496516982,0.6447216643446515,0.9840636754010924,0.0,0.0
-0.010280558151980012,0.6451479102094114,0.9841216249764553,0.0,0.0
-0.010464670522835213,0.6455085998354965,0.9838122804991994,0.0,0.0
-0.010646271422997292,0.6458034970854265,0.9844235787099012,0.0,0.0
-0.010825317269121983,0.6460324091430393,0.9844782967417371,0.0,0.0
-0.011001765091065641,0.646195186489597,0.9845328808023022,0.0,0.0
-0.011175572542197965,0.6462917228851505,0.984587355069463,0.0,0.0
-0.011346697909565074,0.6463219553552145,0.9846417573938762,0.0,0.0
-0.011515100123900154,0.6462858641828505,0.984696055814604,0.0,0.0
-0.011680738769480163,0.6461834729061801,0.9847502461485464,0.0,0.0
-0.011843574093825257,0.6460148483213546,0.984804358101281,0.0,0.0
-0.012003567017239227,0.6457801004909497,0.9845142841309107,0.0,0.0
-0.01216067914218847,0.6454793827577583,0.9845701485759508,0.0,0.0
-0.012314872762517134,0.6451128917639053,0.9841706651787203,0.0,0.0
-0.012466110872496508,0.6446808674751852,0.9842281224020512,0.0,0.0
-0.0126143571757062,0.6441835932105016,0.9842853906416327,0.0,0.0
-0.012759576093745027,0.643621395676244,0.9843424801891496,0.0,0.0
-0.012901732774769739,0.6429946450054174,0.9843994394993493,0.0,0.0
-0.013040793101859287,0.6423037548013011,0.9844563050136788,0.0,0.0
-0.013176723701202635,0.6415491821853821,0.9845130043637834,0.0,0.0
-0.013309491950108528,0.6407314278492577,0.9845695672904718,0.0,0.0
-0.013439065984834422,0.6398510361101847,0.985293488647095,0.0,0.0
-0.013565414708234056,0.6389085949698801,0.9853446134800466,0.0,0.0
-0.013688507797220303,0.6379047361761628,0.9853955977485525,0.0,0.0
-0.013808315710042637,0.636840135286952,0.9854464579572085,0.0,0.0
-0.01392480969337713,0.6357155117360853,0.9854971835336542,0.0,0.0
-0.014037961789226935,0.6345316289003954,0.9855477587292426,0.0,0.0
-0.014147744841632205,0.6332892941673621,0.9851761860466977,0.0,0.0
-0.01425413250318737,0.6319893590026509,0.9848033712527732,0.0,0.0
-0.014357099241364281,0.6306327190167293,0.9848567739285856,0.0,0.0
-0.01445662034464016,0.6292203140297163,0.9849099547509818,0.0,0.0
-0.0145526719284278,0.6277531281334973,0.984962948195847,0.0,0.0
-0.01464523094080821,0.626232189750067,0.9857212578278355,0.0,0.0
-0.014734275168062758,0.6246585716849874,0.9864310276446032,0.0,0.0
-0.014819783240004273,0.6230333911746953,0.9864737100147782,0.0,0.0
-0.014901734635106016,0.6213578099263317,0.9865163124083934,0.0,0.0
-0.01498010968542649,0.6196330341486311,0.986558732290088,0.0,0.0
-0.015054889581329826,0.617860314572268,0.9866010137574723,0.0,0.0
-0.015126056376000011,0.616040946457961,0.9862594400062318,0.0,0.0
-0.015193592989747913,0.6141762695904605,0.9863028478713758,0.0,0.0
-0.015257483214110416,0.6122676682564175,0.9859565625575699,0.0,0.0
-0.015317711715740394,0.6103165712039736,0.986001122858029,0.0,0.0
-0.015374264040086495,0.6083244515817379,0.9860455381927772,0.0,0.0
-0.015427126614862435,0.6062928268546421,0.9860897105242092,0.0,0.0
-0.01547628675330393,0.6042232586940154,0.9861337302216185,0.0,0.0
-0.015521732657213797,0.6021173528389748,0.9861775099982046,0.0,0.0
-0.015563453419793202,0.5999767589260914,0.9862210402328149,0.0,0.0
-0.015601439028259431,0.5978031702840398,0.9862643888189413,0.0,0.0
-0.01563568036624877,0.5955983236897697,0.9863075462487838,0.0,0.0
-0.01566616921600446,0.593363999082481,0.986350450163968,0.0,0.0
-0.015692898260348944,0.59110201923151,0.9863931333801073,0.0,0.0
-0.015715861084439803,0.588814249353971,0.9864356307988792,0.0,0.0
-0.015735052177309607,0.5865025966778009,0.9864779340596114,0.0,0.0
-0.01575046693318812,0.5841690099456159,0.9872138485689183,0.0,0.0
-0.015762101652607885,0.5818154788545685,0.9872512568822296,0.0,0.0
-0.015769953543292196,0.5794440334271813,0.987288483258207,0.0,0.0
-0.015774020720824882,0.5770567433079119,0.9873255399727848,0.0,0.0
-0.015774302209102902,0.5746557169800189,0.9873624135412885,0.0,0.0
-0.015770797940570385,0.5722431008970854,0.9873991173702025,0.0,0.0
-0.015763508756235067,0.5698210785234058,0.9880813778403662,0.0,0.0
-0.015752436405466082,0.5673918692772908,0.9881135810693205,0.0,0.0
-0.01573758354557444,0.5649577273712055,0.9878145590771366,0.0,0.0
-0.015718953741175382,0.5625209405425681,0.9884493486711773,0.0,0.0
-0.015696551463332452,0.5600838286689899,0.9884783524119145,0.0,0.0
-0.0156703820884847,0.5576487422617018,0.9890546641902676,0.0,0.0
-0.015640451897156623,0.555218060830941,0.9890801308372781,0.0,0.0
-0.01560676807245035,0.552794191117181,0.9891054641691913,0.0,0.0
-0.015569338698322265,0.5503795651821852,0.9888334333540604,0.0,0.0
-0.015528172757642312,0.547976638354119,0.9888593917794432,0.0,0.0
-0.015483280130038794,0.5455878870212032,0.9893795686733178,0.0,0.0
-0.015434671589526763,0.5432158062687639,0.9894023896951706,0.0,0.0
-0.015382358801922706,0.540862907354987,0.9894250894609905,0.0,0.0
-0.015326354322044393,0.5385317150212149,0.9894476368643443,0.0,0.0
-0.015266671590698305,0.5362247646332567,0.989470044351319,0.0,0.0
-0.01520332493145337,0.5339445991509411,0.9894922967461629,0.0,0.0
-0.015136329547203845,0.5316937659239627,0.9895143438397983,0.0,0.0
-0.015065701516520221,0.5294748133130566,0.9892539893375856,0.0,0.0
-0.014991457789790955,0.5272902871365739,0.9889883698807445,0.0,0.0
-0.01491361618515397,0.5251427269437543,0.9887184348327328,0.0,0.0
-0.014832195384220835,0.5230346621172348,0.9887418989416031,0.0,0.0
-0.014747214927592879,0.5209686078087895,0.9884723019769943,0.0,0.0
-0.014658695210171753,0.5189470607137507,0.9882031638702992,0.0,0.0
-0.014566657476264759,0.5169724946911969,0.9882276254368835,0.0,0.0
-0.014471123814486266,0.5150473562386528,0.9882519514301571,0.0,0.0
-0.014372117152456442,0.5131740598318195,0.9882760809395255,0.0,0.0
-0.014269661251299005,0.5113549831416503,0.9887290804878265,0.0,0.0
-0.014163780699938395,0.5095924621429342,0.9884623152014542,0.0,0.0
-0.014054500909198667,0.5078887861304249,0.9884843019863329,2.237101025324725e-06,0.00022378415629839646
-0.01394184810570506,0.5062461926603964,0.9885060762380125,8.927116038864943e-06,0.00044618516880746815
-0.013825849325589659,0.5046668624373226,0.9885277247063632,2.003356871320038e-05,0.0006672084402386474
-0.013706532408002839,0.5031529141671492,0.9889035299657754,3.55198686502509e-05,0.0008868024141651535
-0.01358392598843212,0.5017063994002734,0.9889232575393561,5.534793008986487e-05,0.0011049446273952638
-0.013458059491829688,0.5003292973888882,0.9889429526727707,7.948123529887823e-05,0.0013217236009784642
-0.013328963125550456,0.4990235099847449,0.9891933584254363,0.00010788395961929461,0.0015371395275118715
-0.013196667872102772,0.497790856604552,0.9892115833017526,0.00014052036551307544,0.001751199703639118
-0.013061205481712315,0.49663306929122714,0.9892298518410279,0.00017735507572336047,0.00196391732678974
-0.012922608464702556,0.4955517878999299,0.9892482256354432,0.00021835290147922864,0.0021752946666949253
-0.012780910083692313,0.49454855543825077,0.9892665174081499,0.0002634787660276088,0.0023853344808088713
-0.012636144345612811,0.49362481359008276,0.9895574884180892,0.0003126975074084152,0.0025939945200017306
-0.012488345993546285,0.4927818984525247,0.9895746661203818,0.00036597273677067366,0.002801256370704241
-0.01233755049838783,0.4920210365146604,0.9895916875520355,0.00042326938613282525,0.0030071947656965573
-0.01218379405033242,0.49134334090619863,0.9893481122733828,0.0004845320193347253,0.003207642010872738
-0.012027113550189457,0.4907498079427608,0.9893653488061718,0.0005495819375791911,0.0034006320088551534
-0.011867546600526984,0.4902413139930598,0.989382599343507,0.0006183453648259008,0.0035923746602834375
-0.011705131496646905,0.4898186126913092,0.9893997188042422,0.0006907899941114653,0.0037828739132840065
-0.011539907217394521,0.48948233251603107,0.9891537978798057,0.00076686344798249,0.003968120998033167
-0.011371913415803785,0.4892329747539012,0.9891712588139664,0.0008463949630667942,0.00414623704764565
-0.01120119040958065,0.4890709118645218,0.9893692213349944,0.000929314520201993,0.0043231535852121
-0.01102777917142712,0.4889963862590123,0.9893858292825776,0.001015590914496846,0.00449885884270766
-0.010851721319207901,0.48900950950212024,0.9894012890573037,0.0011051940390548634,0.004673418510705818
-0.010673059105962506,0.48911026194422463,0.9894176931436234,0.0011980945049297398,0.004846841017049748
-0.010491835409764408,0.4892984927861886,0.9894339833503647,0.0012942629354044336,0.005019122640721024
-0.010308093723430868,0.48957392057653126,0.9894500679629721,0.0013936700600819633,0.005190269072735967
-0.010121878144084535,0.4899361341369442,0.9894663888181376,0.0014962867868772536,0.005360285017613066
-0.009933233362570612,0.49038459390876626,0.9894811768030851,0.0016020841704057365,0.005529181057789862
-0.009742204652731132,0.49091863370974426,0.9894968545776511,0.0017110336700385228,0.0056969692453791585
-0.009548837860539505,0.49153746288726236,0.9895124291223134,0.0018231067953557159,0.005863646723143179
-0.009353179393097646,0.4922401688513178,0.9896107771225562,0.0019382750405966946,0.0060291944694178
-0.009155276207498548,0.4930257199677938,0.9896263704575814,0.002056509362245198,0.006193607161897964
-0.00895517579955673,0.4938929687902021,0.9896413853848441,0.002177781504324677,0.006356929475031758
-0.008752926192409636,0.49484065560593565,0.9896603656318946,0.0023020636343476456,0.0065191541225397874
-0.008548575924992122,0.4958674122712978,0.9896753525036165,0.002429327648960347,0.006680283102813632
-0.008342174040387462,0.496971766308122,0.9896235047290053,0.0025595460871779656,0.006840340555937862
-0.00813377007405721,0.498152145233709,0.9896404369241806,0.002692691525761033,0.006999322092337952
-0.007923414041952851,0.49940688109503995,0.9896579482040739,0.0028287367275242874,0.0071572348353772085
-0.00771115642851239,0.5007342151778392,0.9895338745398101,0.002967654570380252,0.007314088411809351
-0.007497048174544151,0.5021323028609709,0.9895528466927849,0.0031094181845771306,0.007469870912200705
-0.007281140665001326,0.5035992185868905,0.9893091005094704,0.0032539824102987046,0.007621026650939355
-0.0070634857166498545,0.5051329609194138,0.9893284010977628,0.003401197686210615,0.007765921922561905
-0.006844135565632454,0.506731457660865,0.9893477431379657,0.003551004040443477,0.00790983670623665
-0.006623142854932545,0.5083925710017031,0.98936593620521,0.003703376758849234,0.008052779913277172
-0.006400560621739857,0.5101141026769794,0.989385085100128,0.003858291454091944,0.008194761205127275
-0.006176442284721903,0.5118937991054171,0.9894041464904707,0.004015723547684827,0.008335749173741702
-0.0059508416312037595,0.5137293564884718,0.9894230463432921,0.004175648333061612,0.00847577273995659
-0.005723812804259353,0.515618425848434,0.9894419605223297,0.00433804173745324,0.008614843380578751
-0.005495410289717386,0.5175586179864111,0.9891982021246153,0.004502863421807598,0.008749724725498235
-0.005265688903084926,0.5195475083428538,0.9892174009195633,0.004669978173759612,0.008878948714920508
-0.005034703776392121,0.5215826417451621,0.9889750808069389,0.004839317399105582,0.009004375397844466
-0.004802510344960552,0.5236615370287534,0.9887257022835003,0.005010745054977806,0.00912198229338235
-0.004569164334099222,0.5257816915198191,0.9887459286869061,0.005184119568551625,0.009234880885243943
-0.0043347217457306,0.5279405853698069,0.9887649941594667,0.005359396301617449,0.00934707213460222
-0.004099238844950566,0.530135685733356,0.9887836004843491,0.005536557465946455,0.00945856880501372
-0.0038627721465249103,0.5323644507831407,0.9888020366638252,0.005715585489558853,0.009569377658399257
-0.0036253784013261974,0.5346243335565757,0.9888203335294694,0.005896462964042648,0.009679504952840888
-0.0033871145827136916,0.5369127856308703,0.9888399237476513,0.006079172606264747,0.009788951164341348
-0.003148037872860199,0.5392272606242482,0.988859372405208,0.006263697105731597,0.009897714550068165
-0.0029082056490284556,0.5415652175224408,0.9886111548624517,0.00645000752552545,0.01000350666959471
-0.00266767546980092,0.5439241238306782,0.9883599718726257,0.006637998589093039,0.010103371244045856
-0.002426505061266079,0.5463014585524703,0.9881069062743367,0.006827557302762437,0.01019820362588688
-0.002184752303164193,0.5486947149973721,0.9881269713768607,0.00701859616789546,0.010290241082075633
-0.0019424752149969013,0.551101403420749,0.9878668496507013,0.0072110881226620195,0.01038188733364325
-0.0016997319421022767,0.553519053499267,0.9878890165536756,0.007405023138724487,0.010473168579131227
-0.00145658074170063,0.5559452166464361,0.9879119414719398,0.007600390226298168,0.0105640241651562
-0.001213079968912904,0.5583774681730598,0.9879347035900733,0.007797178038689376,0.010654456917502003
-0.0009692880627556867,0.5608134092978277,0.9879566028691329,0.007995375351122786,0.01074447369934228
-0.0007252635321162282,0.5632506690136759,0.9879783258842831,0.008194971120797426,0.010834082226221252
-0.0004810649417105123,0.5656869058157594,0.9879999691924976,0.008395954439973964,0.010923286957551232
-0.00023675089802803823,0.5681198092970717,0.9880221958252278,0.008598314521019064,0.011012092403680005
7.619964733464269e-06,0.5705471016179012,0.9880442305604921,0.008802040855781967,0.011100526198537708
0.0002519889987399543,0.5729665388553292,0.9880655674001944,0.009007123263096353,0.011188576723436401
0.0004962975565963008,0.5753759122390476,0.9880855258949024,0.009213551376714053,0.011276249457425707
0.000740487005421344,0.5777730492796878,0.9881072391239597,0.00942131503023832,0.011363548399667361
0.0009844987409195333,0.5801558147958156,0.9881287925470675,0.009630404082405206,0.011450475116456785
0.0012282742014456153,0.5825221118456397,0.9881483179565391,0.009840808521442961,0.01153703826243546
0.0014717548820592605,0.5848698825693361,0.9878314399463023,0.010052518815721978,0.011623298694482613
0.0017148823485658743,0.587197108947736,0.9878552130965653,0.010265527143382533,0.011709285738248802
0.0019575982515405437,0.589501813482965,0.9874907120575118,0.01047982469303349,0.011794983840907484
0.002199844340331647,0.5917820598064027,0.9875167079744979,0.010695404135950198,0.011880430932624718
0.0024415624770407025,0.5940359532191435,0.9875428689185582,0.010912256670828206,0.0119655362617446
0.002682694650475188,0.5962616411699289,0.9875689012261938,0.011130372971164912,0.0120503047542117
0.0029231829900709765,0.5984573136752803,0.9875946455180997,0.011349743839742858,0.012134742161374416
0.0031629697797809146,0.6006212036863703,0.987620360206911,0.011570360209756174,0.01221885379952294
0.003401997471926543,0.6027515874069128,0.9876459108721078,0.011792213245045789,0.01230265877159375
0.003640208701009097,0.6048467845661504,0.9876712571667244,0.01201529434740914,0.012386151399874661
0.0038775462974770547,0.6069051586507893,0.9876964692106049,0.012239594825882683,0.012469335093172811
0.004113953301446555,0.6089251170995074,0.9877215401225349,0.01246510611029768,0.01255221272689565
0.0043493729763714245,0.6109051114634537,0.9876543252793795,0.01269181978057895,0.01263480408868678
0.0045837488226597375,0.6128436375359612,0.987680070261835,0.012919727971381455,0.012717119990843156
0.004817024591233441,0.6147392354544617,0.9877055064603546,0.013148822670566685,0.012799157724441207
0.005049144297027851,0.6165904897774278,0.9873053125040284,0.013379096319267285,0.01288098566771166
0.005280052232427796,0.6183960295389759,0.987333713474639,0.013610543459937481,0.012962643305685003
0.0055096929806371766,0.6201545282835672,0.9868950415622614,0.013843157344167736,0.013044105764911777
0.005738011428978751,0.6218647040830897,0.9869260935389185,0.01407693298392986,0.013125418608273194
0.005964952782120874,0.6235253195384409,0.9869572941930161,0.014311863539247321,0.013206467799363856
0.0061904625752281575,0.6251351817675735,0.9869878504509401,0.014547941479736164,0.013287258406359892
0.0064144866870327584,0.6266931423818116,0.9870181837688516,0.014785159406446804,0.013367796485954549
0.006636971352823206,0.6281980974521308,0.9870482095055366,0.015023510060816047,0.013448088102327343
0.006857863177347655,0.6296489874669373,0.987077963269919,0.015262986299017024,0.013528137814412236
0.007077109147628544,0.6310447972827855,0.987108092419493,0.015503581089868773,0.013607950475640342
0.007294656645685485,0.6323845560693301,0.9871373280656238,0.015745287511165638,0.013687531519675236
0.007510453461163145,0.6336673372497413,0.9871662253346687,0.015988098778459903,0.013766888017007433
0.007724447803861697,0.6348922584376658,0.9871948813631332,0.016232008306676465,0.013846028968702004
0.007936588316166114,0.6360584813717524,0.9872232444367868,0.016477009591421742,0.013924955077550653
0.008146824085371774,0.6371652118486735,0.9872514120189378,0.016723096217406547,0.014003672066460358
0.008355104655903218,0.6382116996554712,0.9872793711534885,0.016970261886884656,0.01408218547914013
0.008561380041423311,0.6391972385020064,0.9873078404761965,0.01721850046524642,0.014160502942231902
0.008765600736829691,0.6401211659541954,0.9869012437511594,0.01746780627887564,0.01423870108168659
0.008967717730135771,0.6409828633686758,0.9869326867185052,0.017718176017350616,0.014316826416661417
0.009167682514233336,0.6417817558294612,0.9869638574458351,0.01796960463487303,0.014394768121156112
0.00936544709853406,0.6425173120871029,0.9869934956705044,0.018222086386966103,0.014472531293422342
0.00956096402048708,0.643189044500818,0.9870228745190215,0.01847561566143762,0.014550121663307922
0.009754186356969584,0.643796508984001,0.9870519774756411,0.0187301869652532,0.014627544498680723
0.009945067735548358,0.6443393049534653,0.9870807853855988,0.018985794920003674,0.014704804899433457
0.010133562345608813,0.6448170752827703,0.9871107087097423,0.019242434278705298,0.014781911053303348
0.010319624949349302,0.6452295062598888,0.9871404255713147,0.019500099998910985,0.014858870512017168
0.010503210892638072,0.6455763275494807,0.9871685365289675,0.019758787090412244,0.014935683986004769
0.010684276115730045,0.6458573121599714,0.9871978016699015,0.020018490672383413,0.015012360292569313
0.010862777163840778,0.6460722764156304,0.9872253702657582,0.0202792061116307,0.015088910117453756
0.01103867119757556,0.6462210799337813,0.9872526594891166,0.020540928811833812,0.015165330444092861
0.011211916003210629,0.6463036256072745,0.9872797743943623,0.020803654226233582,0.015241626518895815
0.01138247000282426,0.6463198595923061,0.9869194890804057,0.021067378246899016,0.015317869367075852
0.011550292264275208,0.6462697713016361,0.986948974144861,0.021332098854005152,0.015394096356286751
0.011715342511026332,0.6461533934032613,0.9869782511608938,0.021597812463326878,0.01547021324512059
0.011877581131810668,0.6459708018245258,0.9866804599909051,0.02186451726274029,0.015546754602424015
0.012036969190138015,0.6457221157616657,0.9867101656011912,0.022132230328090072,0.015624184717524957
0.012193468433639427,0.6454074976947244,0.9867396683752708,0.02240095533731283,0.01570159453688488
0.012347041303247751,0.6450271534077867,0.9863844307697696,0.022670690308785116,0.01577905709259196
0.012497650942211436,0.6445813320143996,0.9860013815990444,0.022941435511177048,0.015856668007445656
0.012645261204940089,0.6440703259880681,0.9860362147886628,0.02321319168858808,0.015934370253762983
0.012789836665679196,0.6434944711976547,0.9856214610641469,0.023485957691884825,0.01601214013059822
0.012931342627012182,0.6428541469474826,0.9851918260817233,0.023759734382306587,0.01609009451917274
0.0130697451281876,0.6421497760219224,0.9852358736362636,0.02403452316132473,0.01616816764290741
0.013205010953269489,0.6413818247341841,0.9852794565954012,0.024310322919725347,0.016246251433590514
0.013337107639109183,0.6405508029790229,0.9853225773321468,0.024587131896708046,0.01632435036566161
0.01346600348313612,0.6396572642890059,0.985365327291959,0.02486494842771443,0.016402469504552757
0.013591667550966488,0.6387018058939524,0.9848128394966583,0.025143771434653687,0.01648071118921535
0.013714069683827209,0.6376850687831092,0.9848551132543178,0.025423602849571337,0.016559126124812643
0.013833180505793977,0.6366077377695817,0.9844595758082935,0.02570444257800975,0.016637644481233792
0.01394897143084125,0.635470541556473,0.9840302476724537,0.025986292127196883,0.016716380556718348
0.01406141466970282,0.634274252804131,0.9840815983812191,0.026269153600078667,0.01679526960433204
0.01417048323654114,0.6330196881978395,0.9841323814503871,0.02655302657199278,0.016874204057929085
0.014276150955423714,0.6317077085152365,0.9841761316779254,0.026837909948407467,0.016953182094429742
0.014378392466605222,0.6303392186926262,0.9842256582817751,0.02712380251463513,0.017032204567316193
0.014477183232613782,0.6289151678893369,0.9842754045478347,0.027410703303743806,0.017111283183849833
0.01457249954413978,0.6274365495491231,0.9843238820965265,0.027698611527739076,0.017190429784433626
0.014664318525725892,0.6259044014575864,0.9843718850962156,0.02798752658394226,0.017269648888050458
0.0147526181412574,0.6243198057944294,0.9844165204312929,0.028277447953262796,0.017348944283940758
0.014837377199250382,0.6226838891793095,0.9844606801229016,0.028568375195187023,0.017428320681727866
0.014918575357937792,0.6209978227099043,0.9845072475068597,0.028860307936635663,0.017507781163783848
0.014996193130151296,0.6192628219907105,0.9845469869447768,0.029153245900406806,0.017587325571145496
0.015070211887998168,0.6174801471509563,0.9841821652129881,0.029447197553663075,0.01766880143336235
0.0151406138673318,0.6156511028498858,0.984225755604233,0.029742230023211365,0.017753344547324457
0.015207382172015105,0.6137770382675151,0.9842688964571977,0.030038363853620825,0.01783805474097062
0.015270500777975496,0.6118593470788303,0.9843116315869849,0.03033560026357274,0.017922939549357465
0.015329954537050503,0.6098994674092261,0.9843539477229529,0.030633940591398196,0.01800800435098349
0.015385729180623328,0.6078988817688137,0.9843958280626662,0.03093338625601243,0.01809325138858911
0.015437811323047217,0.6058591169630719,0.9844372531365283,0.03123393871973155,0.018178684047837637
0.015486188464858025,0.6037817439771024,0.9844749664482625,0.03153559950997314,0.018264299996761452
0.015530848995773963,0.6016683778305976,0.9845154764031401,0.031838369920264904,0.018350095084000047
0.015571782197481928,0.5995206774003847,0.9845555564572777,0.03214225161496131,0.018436093835490146
0.015608978246210095,0.5973403452072616,0.9845953001287243,0.03244724649326139,0.0185223009684207
0.015642428215085227,0.5951291271635665,0.9846345595046664,0.03275335654262149,0.018608721667551557
0.01567212407627537,0.5928888122777661,0.9846782782671165,0.03306058390000041,0.018695369878589024
0.015698058702916413,0.5906212323120863,0.984721790124191,0.0333689311077439,0.01878226439543113
0.01572022587082242,0.5883282613890013,0.9845182939290619,0.03367840098577989,0.018869427328127575
0.01573862025997957,0.5860118155421751,0.9842704241201077,0.033988997059495984,0.01895689351392161
0.015753237455822692,0.5836738522072183,0.9843132296948097,0.03430072312665088,0.01904464171097896
0.01576407395029502,0.5813163696474011,0.984049789601402,0.03461358211132131,0.019132662028458557
0.015771127142689825,0.5789414063092567,0.9840946449908153,0.03492757776847027,0.019220976656371232
0.015774395340274826,0.5765510401027816,0.9841444981278125,0.03524271313529733,0.01930955134355624
0.015773877758698283,0.5741473876007664,0.9841940248060644,0.03555899133445491,0.019398400240850797
0.01576957452217731,0.5717326031515694,0.9838232878234142,0.03587643050348412,0.019490577563449938
0.015761486663467977,0.5693088778995131,0.9838734778145682,0.03619514318631961,0.019587807983707302
0.015749616123617614,0.5668784387069261,0.9839170300446889,0.036515165305265954,0.01968538759277827
0.01573396575149874,0.5644435469717142,0.9835423459556978,0.0368365191069426,0.019786996338142203
0.01571453930312555,0.5620064973342979,0.9835927957363236,0.037159340604076024,0.019894695940735205
0.015691341440752463,0.5595696162676502,0.9836428073582477,0.03748367337092543,0.02000283874723465
0.015664377731755018,0.5571352605442224,0.9836828374668438,0.03780952309655795,0.020111390706585932
0.015633654647293986,0.5547058155735207,0.9837257877675228,0.038136894292281134,0.020220317991764422
0.01559917956076213,0.5522836936042406,0.9837683948684752,0.03846579185477377,0.02032965396767782
0.01556096074601478,0.5498713317849908,0.9838105399612735,0.038796220953683694,0.020439404647278864
0.01551900737538398,0.547471190077886,0.9838523846726076,0.039128186868870644,0.020549574828999214
0.01547332951747733,0.5450857490195629,0.9838939141513117,0.03946169494101926,0.020660167652276
0.015423938134761455,0.5427175073245567,0.9839357428687454,0.039796750562681206,0.02077118493243122
0.015370845080931082,0.5403689793264644,0.9839762724975684,0.04013335913976775,0.020882631096327185
0.015314063098064322,0.5380426922528387,0.984016380301844,0.040471526240561176,0.020994514840879348
0.015253605813564478,0.5357411833304557,0.9840562137448553,0.04081125755157975,0.021106842173495212
0.015189487736889632,0.5334669967183318,0.9840957228502699,0.04115255884119485,0.02121961540223531
0.015121724256070347,0.5312226802667516,0.9841347892666479,0.041495435913140886,0.02133283811886946
0.015050331634016874,0.5290107821015432,0.9841732965609779,0.041839894639150776,0.02144651322278092
0.014975327004615688,0.5268338470339327,0.984208987222517,0.04218594068900948,0.021560608524925508
0.014896728368617876,0.5246944127975061,0.9838451543036242,0.04253360291608524,0.021679969839815676
0.01481455458931875,0.522595006115148,0.983881393996021,0.04288305884910819,0.02180721538929067
0.014728825388030902,0.5205381386002198,0.9838348948740347,0.043234363424601366,0.021934910448663976
0.014639561339351164,0.5185263024977846,0.9838740537432434,0.04358752209867022,0.022063085598434354
0.014546783866222688,0.5165619662732999,0.9839104022532319,0.04394254123613255,0.022191759764298394
0.014450515234793697,0.5146475700578967,0.9839489952298835,0.04429942668701502,0.022320921969325752
0.014350778549073642,0.5127855209611345,0.983984760242156,0.04465818493939776,0.022450588986040177
0.014247597745388271,0.5109781882639309,0.9839302584966292,0.04501882176459596,0.02258071907339842
0.014140997586635251,0.5092278985062404,0.9839689701900038,0.04538134284936035,0.0227113451725153
0.014031003656340961,0.5075369304858875,0.9840072729275184,0.04574575497856276,0.02284251698356268
0.013917642352520684,0.505907510186844,0.9840452888560809,0.04611206532634792,0.02297423874486282
0.013800940881343184,0.5043418056570095,0.9840914839135884,0.0464802812693003,0.02310654512231811
0.013680927250601362,0.502841921857333,0.984137417583967,0.04685041136655185,0.023239488566751378
0.01355763026299044,0.5014098955057231,0.9840826739415826,0.04722246421341955,0.023373005298113553
0.013431079509195733,0.5000476899407126,0.9841291640778461,0.04759644647804743,0.023507067670270845
0.013301305360790555,0.49875719003119023,0.9841661129663759,0.047972366464201145,0.023641766671829927
0.013168338962947624,0.4975401971596569,0.9842028995689017,0.048350233327984125,0.023777118226140644
0.01303221222696422,0.49639842430738634,0.9842393062554128,0.0487300554159677,0.023913060423709692
0.012892957822603412,0.4953334912705378,0.983981638562429,0.049111870354568044,0.02405560523362594
0.012750609170253937,0.4943469200366588,0.9840166868808718,0.04949589849520745,0.02420789706371661
0.012605200432908996,0.4934401303510883,0.9840531105274666,0.049882207710832405,0.024360765045272955
0.012456766507967579,0.4926144355025325,0.9840033238728407,0.05027080549790169,0.02451422172762441
0.01230534301885912,0.4918710383565094,0.9840398951434203,0.050661698365684626,0.02466824483714609
0.012150966306494192,0.4912110276644175,0.9840860361242071,0.05105489421722007,0.024822949314654664
0.011993673420542686,0.4906353746747198,0.9840121388069364,0.051450402486588644,0.02497831410831861
0.011833502110542248,0.4901449300711144,0.98387507420141,0.05184823008977239,0.025134219219778174
0.011670490816838354,0.4897404212605973,0.9839123101276158,0.05224838350986915,0.02529071309757924
0.011504678661359038,0.48942245003207446,0.9839596111725429,0.0526508709131491,0.0254479041203408
0.011336105438225746,0.48919149060360495,0.9839960784499766,0.05305570231828811,0.025605824838729186
0.01116481160420274,0.4890478880735461,0.9840427917338421,0.05346288702586758,0.0257644537290081
0.010990838268988022,0.48899185728783945,0.9840891916156946,0.05387243532053587,0.025923858742838358
0.010814227185346926,0.4890234821324378,0.9841353213950065,0.05428435806913065,0.026084046859070547
0.010635020739091705,0.48914271525654285,0.9841811247111848,0.054698666242073285,0.026245024329476604
0.010453261938909327,0.48934937822886226,0.9842266700267205,0.05511537090219238,0.026406796225547986
0.010268994406039261,0.48964316212564046,0.9841251872322496,0.055534482632390005,0.026569265267279006
0.01008226236380499,0.4900236285457508,0.9841600460387289,0.05595600894548175,0.02673234274193308
0.00989311062700021,0.49049021104476503,0.9841946394561769,0.056379958195960075,0.026896106343441327
0.009701584591133806,0.4910422169766471,0.9833917571303317,0.05680633965416849,0.0270606339685531
0.009507730221535043,0.49167882972862054,0.9834290321469541,0.05723516462036777,0.027225916340913172
0.009311594042322084,0.49239911133189684,0.9834674923189041,0.05766644111616983,0.027391820241700796
0.009113223125236427,0.49320200542827763,0.9835052843808955,0.05810017763757347,0.02755842044079478
0.008912665078345988,0.49408634057034434,0.9834142520616288,0.05853638294439236,0.027725665402204114
0.008709968034619273,0.495050833830853,0.9834509600954602,0.058975063936491955,0.02789348076837914
0.008505180640373835,0.4960940946952856,0.9834889340182517,0.05941622748524528,0.028061928642618035
0.008298352043601215,0.49721462921009807,0.9835259372534407,0.05985988223797892,0.02823108415795892
0.008089531882171862,0.49841084435820887,0.9835625839063455,0.060306037446228346,0.02840095391013519
0.007878770271922129,0.49968105263257756,0.983460772473787,0.06075470203927221,0.028571476687944814
0.007666117794626771,0.5010234767783933,0.983509852768907,0.06120588356948014,0.028742689118002544
0.007451625485859621,0.5024362546743933,0.9835470807294777,0.0616595911378178,0.02891449746239162
0.0072353448227451276,0.5039174443241116,0.9835821557635844,0.0621158310229805,0.029086932984131154
0.00701732771160425,0.5054650289284766,0.9827036513729971,0.06257461119425678,0.029260088990387453
0.006797626475497156,0.5070769220120153,0.982743786849184,0.0630359430687636,0.02943407792750199
0.0065762938416658945,0.5087509725760099,0.9827835956533256,0.06349983676584657,0.029608794803733875
0.006353382928880166,0.510484970253253,0.9828361046742701,0.06396630211095533,0.02978430864576659
0.00612894723468897,0.5122766504405104,0.9828749697829091,0.0644353491969599,0.029960448970140826
0.005903040622581647,0.5141236993863982,0.98291347044224,0.06490698503774336,0.030137293580759304
0.005675717309060677,0.516023759214112,0.9829532789898624,0.06538121935890115,0.03031488061020569
0.005447031850630108,0.517974432860217,0.9829914092766178,0.06585806174052589,0.0304932100709551
0.0052170391307022005,0.5199732889125683,0.9830293043865598,0.06633752194531636,0.03067229246210658
0.0049857943464257735,0.5220178663322804,0.9830803187907096,0.06681961011468271,0.030852194201144382
0.004753352995439004,0.5241056790465184,0.9831311265803137,0.06730434015609421,0.0310331951791245
0.004519770862550419,0.526234220400735,0.9828208056540988,0.06779176753794933,0.031223121227910305
0.004285104006350616,0.5284009674607342,0.9828304581365294,0.06828218531124201,0.03142591960010837
0.004049408745758659,0.5306033851566853,0.982867188742248,0.06877568131571109,0.03162937941738479
0.0038127416465057063,0.5328389302628368,0.9829035030573636,0.06927226439830164,0.031833635925156895
0.003575159507559497,0.5351050552082414,0.9829396572944213,0.06977194437556944,0.03203869467145328
0.0033367193474930197,0.5373992117152592,0.9819852060515576,0.07027473131340377,0.03224460073646018
0.00309747839080007,0.5397188542639291,0.9816425162219324,0.0707806801365619,0.032460141161346344
0.002857494054161853,0.5420614433815771,0.9816851350444089,0.071290109098615,0.03268969827618656
0.002616823932667202,0.5444244487581074,0.9817068117300344,0.07180311312755033,0.03291987578223515
0.0023755257859900095,0.5468053521884781,0.9817614409072718,0.07231969776450234,0.03315080591728414
0.00213365752452723,0.5492016503447287,0.9818155882368604,0.07283987449153638,0.033382763982896836
0.0018912771955005593,0.5516108573807427,0.9818694613400035,0.07336365683749677,0.033615763839536676
0.0016484429690254892,0.5540305073735952,0.9819232761626463,0.07389105844871466,0.03384980819901885
0.0014052131241507819,0.5564581566059494,0.981962919882518,0.07442209254089681,0.034084812530899275
0.0011616460348715977,0.5588913856944174,0.9820162692809324,0.07495676979415127,0.03432074030978102
0.0009178001561202175,0.5613278015692431,0.9809817017527981,0.0754951028833594,0.03455766501517727
0.0006737340097370353,0.5637650393109518,0.9810253276171186,0.07603710300803701,0.034795464286266266
0.0004295061704256169,0.5662007638498839,0.9810694708210954,0.07658277984446767,0.03503410255180222
0.00018517525169505105,0.5686326715346649,0.9799705652604245,0.07713214290775368,0.0352736173845502
-5.920010820702404e-05,0.5710584915758251,0.9800342556941376,0.07768520398853157,0.03551416734833134
-0.0003035612603672022,0.5734759873707862,0.9800820321259746,0.07824197658423898,0.0357557072286975
-0.0005478495592820267,0.5758829577164699,0.9801318688007092,0.07880247090540993,0.03599802795394907
-0.0007920063769323604,0.5782772379157342,0.9801807765599954,0.07936669390757695,0.036241081638821344
-0.0010359731168539607,0.5806567007837573,0.9797850295975806,0.07993470286077006,0.03649474978034476
-0.0012796912282003387,0.5830192575603924,0.9798350361103417,0.08050685016696824,0.03676401409709937
-0.0015231022197946806,0.5853628587343649,0.979444071340206,0.08108329309443497,0.03704424492942028
-0.0017661476741673886,0.5876854947850318,0.9794951750718981,0.0816643950157431,0.03734057805434146
-0.0020087692615761007,0.5899851968472389,0.9795435442706122,0.08225026505931596,0.03763775961429928
-0.002250908754004472,0.5922600373046043,0.9791470124448214,0.08284096479850533,0.037946621473945306
-0.0024925080391366167,0.5945081303163843,0.9793702483397606,0.08343688025782368,0.038272491713431486
-0.0027335091343038648,0.5967276322828114,0.97941722348307,0.08403812175400657,0.038599009922761766
-0.0029738542004001836,0.598916742253622,0.979464026959576,0.08464469437494763,0.03892638542970067
-0.0032134855557634312,0.6010737022842348,0.9796773132446013,0.08525660389860104,0.039254479170895286
-0.0034523456900185964,0.6031967977438366,0.9797369852247934,0.08587385275660368,0.03958336547912668
-0.003690377277880048,0.6052843575793873,0.9797867447617534,0.08649644996631287,0.039913189027275225
-0.003927523192909262,0.6073347545393636,0.9798468360503217,0.08712440032988626,0.040243835750279955
-0.0041637265212250115,0.6093464053608074,0.9799069559002653,0.08775771357952225,0.04057560413848022
-0.0043989305751623055,0.6113177709230748,0.9799663048762188,0.08839640142607973,0.0409084979926972
-0.004633078906877227,0.6132473563714272,0.9800265624216693,0.08904047579514121,0.04124252883247469
-0.004866115321894111,0.6151337112134564,0.9796448366284283,0.08969000516778942,0.04158903033315441
-0.0050979838925920016,0.6169754293910964,0.9796895068602326,0.09034539748799333,0.04195357545282968
-0.00532862897162692,0.6187711493308224,0.9797490396076269,0.09100677294042958,0.04231908073988394
-0.005557995205287038,0.6205195539744568,0.9798087087773656,0.09167414116014448,0.04268572686442648
-0.005786027546777303,0.6222193707928011,0.979427197019357,0.09234757146258772,0.04306521229801993
-0.006012671269430338,0.623869371784215,0.9790498407734624,0.09302754225967551,0.04347511377186634
-0.006237871979840623,0.6254683734600237,0.9786765231001298,0.09371464818085884,0.04391539243637696
-0.006461575630918698,0.6270152368185936,0.9787336804347149,0.09440942066858805,0.04437398565512925
-0.006683728534862118,0.6285088673096875,0.9787841104342094,0.09511197222449373,0.04483307971600945
-0.006904277376040307,0.6299482147906408,0.97918320301414,0.09582229857495886,0.04529268744390938
-0.00712316922379006,0.631332273475751,0.9792278238830808,0.09654039256517016,0.04575275951128383
-0.007340351545118642,0.6326600818801865,0.9792722920780954,0.09726625088628954,0.046213516147321915
-0.007555772217311452,0.6339307227595744,0.979331384240793,0.09799987233164825,0.046675079704556394
-0.007769379540441221,0.6351433230463657,0.9793906052290839,0.0987412598379978,0.04713762049618003
-0.007981122249775752,0.6362970537839787,0.9798081591166083,0.09949041599817368,0.04760086852666496
-0.008190949528081222,0.6373911300596009,0.979449388439231,0.10024739688642229,0.04807693467159573
-0.008398811017818041,0.6384248109365006,0.9794954809038499,0.1010126296685458,0.048572095983591496
-0.008604656833226455,0.6393973993865851,0.9791349107497721,0.10178629438904128,0.04908015810890886
-0.008808437572298851,0.6403082422238897,0.9791824240251524,0.10256881511971794,0.049607153258117195
-0.009010104328636047,0.6411567300396139,0.9788211667853911,0.10336036759027435,0.05014680227028339
-0.009209608703184569,0.641942297139271,0.9788656285028413,0.1041613673444509,0.050705066210823026
-0.009406902815852162,0.6426644214824341,0.9793515599058458,0.10497192426127593,0.05126361014744662
-0.009601939316998867,0.6433226246255463,0.9793929435663152,0.10579202288850925,0.05182236735249988
-0.009794671398800588,0.6439164716681939,0.9798615551579944,0.10662165033437107,0.052381400138143
-0.00998505280648289,0.6444455712031786,0.9799001867295224,0.10746079110289382,0.052940640628522315
-0.01017303784942176,0.6449095752707457,0.9795663182337678,0.10830949265406677,0.053512147692473894
-0.010358581412109269,0.6453081793171994,0.9796158033148296,0.10916815654101339,0.05410176603158614
-0.010541638964981028,0.6456411221581727,0.9796650413718482,0.11003689120026636,0.05469196586007368
-0.010722166575103019,0.6459081859467527,0.9785760898595264,0.11091568646977439,0.05528241631390911
-0.010900120916715425,0.6461091961466274,0.9782049700516116,0.11180457931564733,0.055884238939785585
-0.01107545928163045,0.6462440215103976,0.9770211743718935,0.11270394718419265,0.056502967842287324
-0.011248139589482188,0.6463125740631742,0.9770708615508705,0.11361387721725005,0.057121499543631
-0.011418120397825655,0.646314809091528,0.9771200820626926,0.11453434891050222,0.05774017665104609
-0.01158536091208277,0.6462507251378615,0.9771697224872032,0.11546534416473019,0.05835900130844155
-0.011749820995332885,0.6461203640002282,0.9767696292857547,0.11640689917297324,0.05898871511812044
-0.011911461177945528,0.6459238107375926,0.976821461097063,0.11735936751504643,0.059634407265352386
-0.01207024266705272,0.645661193680512,0.9768731140087038,0.11832283360463301,0.060280083816384694
-0.012226127355859269,0.6453326844471872,0.97655024358827,0.11929732587024756,0.06093574812800835
-0.012379077832788141,0.6449384979647913,0.9766039563572979,0.12028316728415434,0.061606083777382734
-0.012529057390459066,0.6444788924959844,0.9766577961249887,0.12128043048017104,0.06227623727848953
-0.012676030034498137,0.6439541696704516,0.9764676438867942,0.12228913521235783,0.06295529692133363
-0.01281996049217625,0.643364674521315,0.9765210742378785,0.12330956789092772,0.06364747054971454
-0.012960814220874521,0.6427107955262048,0.9765918414112164,0.12434178765293462,0.06433922383630494
-0.01309855741637413,0.641992964652754,0.9766625968016237,0.1253857606651197,0.06503041443140783
-0.013233157020969409,0.6412116574082479,0.9767211447981218,0.12644145308892807,0.06572122726990663
-0.013364580731401276,0.6403673928931066,0.976779682931213,0.12750883765024953,0.06641193619322122
-0.013492797006610149,0.6394607338578573,0.9768398375154335,0.12858788882899716,0.06710252939957678
-0.013617775075305455,0.638492286763192,0.9769002930474998,0.12967858080933561,0.0677929902177087
-0.013739484943350587,0.6374627018426583,0.9769496278077184,0.13078092686452544,0.06849098564007113
-0.013857897400961433,0.6363726731674996,0.9770063363312212,0.1318951632709444,0.06919987331772302
-0.0139729840297166,0.6352229387130769,0.9778224589786163,0.13302133142832537,0.0699081976251511
-0.014084717209377625,0.6340142804262736,0.9778790065756235,0.13415939646152286,0.07061602837940253
-0.01419307012451773,0.6327475242931868,0.9779357825029674,0.13530932639525667,0.0713234873968417
-0.014298016770957394,0.6314235404063808,0.9779855178654181,0.13647108970147062,0.07203050391089295
-0.014399531962005201,0.6300432430308691,0.9770076492199041,0.13764465149283295,0.07273675380601682
-0.014497591334502662,0.6286075906679245,0.9770641226206546,0.13882996923406316,0.07344209393499275
-0.01459217135467104,0.6271175861157395,0.9771206585905324,0.14002700548056202,0.07414683995226677
-0.014683249323759494,0.6255742765258483,0.9779784351744738,0.14123572492779196,0.0748509927730617
-0.014770803383492629,0.6239787534541452,0.9780277152349098,0.14245609251965902,0.07555457188557475
-0.01485481252131643,0.6223321529052093,0.9788609320529397,0.14368807373513237,0.07625758134112427
-0.014935256575441074,0.6206356553685418,0.977902780277641,0.14493163255611696,0.07695978403305799
-0.015012116239679634,0.6188904858452062,0.9779514651615212,0.14618672670613975,0.07766109322111893
-0.015085373068081748,0.6170979138632279,0.9780858220246746,0.14745335054942527,0.07836780140123839
-0.015155009479360134,0.6152592534799706,0.9781385319987842,0.14873167188338937,0.079082432495074
-0.015221008761110462,0.6133758632695754,0.978992316137239,0.1500217094989469,0.07979628144995302
-0.015283355073821859,0.6114491462933862,0.9790375410741904,0.15132342490038395,0.08050938217713677
-0.015342033454678576,0.6094805500511312,0.9790829226329627,0.15263677956450933,0.0812217153928131
-0.01539702982115087,0.6074715664104583,0.9791316639958875,0.153961734703978,0.08193325015872616
-0.015448330974374777,0.6054237315122406,0.9791937887598908,0.15529825049361007,0.08264390663173565
-0.015495924602319768,0.6033386256489094,0.979242527719157,0.15664628562907199,0.0833536626991436
-0.015539799282743613,0.6012178731128324,0.9795994316930857,0.1580058223660841,0.0840668514588354
-0.015579944485933623,0.5990631420116151,0.9797949839123433,0.15937697887024038,0.08478795021602117
-0.0156163505772337,0.5968761440469404,0.9798406273109013,0.16075984331998452,0.08551176206600555
-0.015649008819356734,0.5946586342533925,0.9798863139104997,0.16215439483456867,0.08623439874352493
-0.01567791137448133,0.592412410693467,0.9824028516484948,0.163560594137824,0.08695719490726246
-0.015703051306133087,0.590139314104764,0.9824386683257433,0.1649784355109735,0.08768042069586418
-0.015724422580848947,0.58784122749513,0.982474450801748,0.16640788052520808,0.08840228855971914
-0.0157420200696257,0.5855200756812864,0.9857007413697092,0.16784888133577366,0.08912319895510844
-0.015755839549150483,0.5831778247662727,0.9862115526904633,0.1693013987580183,0.08984317080105936
-0.015765877702814474,0.5808164815507872,0.9862329797889533,0.17076538547318298,0.09056174686599922
-0.01577213212150906,0.5784380928733275,0.9862544105819437,0.17224078917148988,0.09127880581020179
-0.015774601304203738,0.5760447448737824,0.9862751362449189,0.17372755662540723,0.09199434135101857
-0.015773284658306512,0.573638562174967,0.9859343453809802,0.17522563450477732,0.09270832004041621
-0.01576818249980611,0.5712217069763961,0.985507603027631,0.17673496851914766,0.0934206923213646
-0.01575929605319598,0.5687963780544236,0.9855334279596025,0.17825550407832597,0.09413148525618273
-0.01574662745118081,0.5663648096627371,0.9855589827622218,0.17978718805856542,0.0948407568269629
-0.015730179734164188,0.5639292703271059,0.9855815603229634,0.18132996764967602,0.0955484860790042
-0.015709956849519237,0.5614920615281564,0.9856066660511622,0.18288378949693168,0.09625464978485966
-0.015685963650641222,0.5590555162659535,0.9856315752265161,0.18444860052963588,0.09695926909583809
-0.01565820589578269,0.5566219975001323,0.9856537980052892,0.18602434779175808,0.09766232206137905
-0.015626690246671553,0.554193896459392,0.9856752506153263,0.18761097771843008,0.09836377137078472
-0.015591424266912353,0.5517736308142795,0.9856975856285001,0.18920843629576242,0.09906359674279017
-0.015552416420170924,0.5493636427073209,0.9857219603877745,0.19081666949819925,0.09976181291541306
-0.015509676068143262,0.5469663966348546,0.9857462103254792,0.1924356239675056,0.10045844329171877
-0.015463213468308673,0.5445843771751829,0.9857702554773407,0.19406524653026466,0.1011534800187436
-0.015413039771468087,0.5422200865580719,0.9857914887021568,0.19570548389388484,0.10184690090009325
-0.015359167019067881,0.5398760420711385,0.9858152131391034,0.19735628210487866,0.10253867873992213
-0.015301608140310088,0.5375547732991998,0.9858387197777144,0.1990175876116329,0.10322884104294634
-0.015240376949049261,0.5352588191933727,0.9864128811356874,0.20068934747299735,0.10391746736278148
-0.015175488140477447,0.5329907249674851,0.9861145622502367,0.20237151152712982,0.10460460814540537
-0.015106957287597174,0.5307530388202407,0.9861477479317127,0.20406402761681774,0.10529015844736735
-0.015034800837484175,0.5285483084826219,0.9857981521618989,0.20576684377496854,0.10597412768407202
-0.01495903610734015,0.5263790775910746,0.9858189242429289,0.2074799067544229,0.10665641188671032
-0.014879681280336588,0.5242478818883078,0.9854216852583667,0.20920316179535348,0.10733698367673376
-0.014796755401251126,0.5221572452548329,0.9872211618373401,0.21093655500830616,0.10801588852306938
-0.014710278371896632,0.5201096755758491,0.9872422250980151,0.21268003235257912,0.10869309231014837
-0.01462027094634506,0.5181076604495984,0.9886003500721967,0.21443353966823225,0.10936854886746099
-0.014526754725946486,0.5161536627449738,0.9886191775455005,0.2161970206523847,0.11004219279326198
-0.01442975215414488,0.5142501160178538,0.9886378030600409,0.2179704205050766,0.11071412569524693
-0.01432928651109192,0.5123994197974527,0.9894641628721369,0.2197536846465149,0.11138422573753978
-0.014225381908059668,0.5106039347557584,0.9894912680164637,0.22154675483132355,0.11205245388883575
-0.014118063281654018,0.508865977775028,0.9891514464132869,0.223349577541918,0.11271905240476685
-0.014007356387830206,0.5071878169301485,0.9895701192627587,0.22516210041976883,0.11338404192965841
-0.013893287795711376,0.5055716664045204,0.989596935872348,0.22698427312462108,0.11404748729096927
-0.013775884881212045,0.5040196813599206,0.9896182930927693,0.22881604444168271,0.11470926608686653
-0.013655175820468102,0.5025339527825137,0.989639280854179,0.23065736051642827,0.11536927263063756
-0.013531189583074728,0.5011165023288104,0.9901538035702879,0.23250816638894858,0.11602741775339306
-0.013403955925133782,0.4997692771968177,0.99017428112133,0.23436840454339028,0.11668364719399404
-0.013273505382112378,0.4984941450489713,0.9901946041374055,0.236238019448971,0.11733807219184651
-0.013139869261514664,0.49729288901451185,0.9902147482375444,0.23811695586421552,0.11799065886323643
-0.013003079635368111,0.4961672027998455,0.9902346571314256,0.240005158661879,0.11864142473956278
-0.012863169332526398,0.4951186859360569,0.990254167837278,0.24190257287719139,0.11929036528897342
-0.012720171930790548,0.4941488391930328,0.990272238752977,0.24380914318089672,0.11993738705316964
-0.012574121748850626,0.4932590601897085,0.9902915115596834,0.2457248114692332,0.12058243088394238
-0.012425053838049194,0.4924506392295944,0.9903104976124262,0.2476495216833063,0.12122561926575072
-0.01227300397396931,0.49172475539012167,0.9903293069364687,0.24958321865699765,0.12186694746620262
-0.012118008647848465,0.4910824728933209,0.9903478522170229,0.25152584714726217,0.12250640342856732
-0.01196010505782093,0.49052473778401495,0.9903647956706193,0.2534773513448278,0.12314388450923805
-0.011799331099990372,0.4900523749399996,0.9903869317757237,0.2554376729295767,0.12377941980545591
-0.011635725359334877,0.4896660854366828,0.9904047236770352,0.25740675877086233,0.12441320593468232
-0.01146932710044689,0.48936644428630777,0.9904222747846857,0.2593845544646177,0.12504509398874658
-0.01130017625810984,0.4891538985692718,0.990439763504422,0.26137100453418943,0.1256750642239799
-0.011128313427713834,0.48902876597219563,0.9904555502138536,0.2633660526562659,0.12630299681962254
-0.010953779855513329,0.4889912337443005,0.9907539107036367,0.26536963827699267,0.12692863739414847
-0.010776617428727717,0.4890413580804078,0.9907710907229722,0.2673816977509833,0.12755204505087311
-0.0105968686654891,0.48917906393550703,0.9907882295964905,0.2694021733541203,0.12817350124791624
-0.010414576704637787,0.4894041452723639,0.9908051366785946,0.27143100910810825,0.1287929919908446
-0.01022978529536938,0.4897162657401961,0.9911981256576798,0.27346814961014954,0.12941064352145448
-0.010042538786735056,0.4901149597789876,0.9912122847593642,0.2755135436215991,0.13002653079419277
-0.009852882116998054,0.4905996341406387,0.9912264965160603,0.27756713661238125,0.13064043681321613
-0.009660860802848762,0.4911695698149528,0.9912405328634775,0.27962887240543166,0.13125234512154257
-0.00946652092848076,0.4918239243453701,0.9912544068840695,0.2816986947466249,0.13186224797912224
-0.009269909134531108,0.4925617345165526,0.9912677190181688,0.2837765466109405,0.1324699929320468
-0.009071072606886561,0.4933819193933294,0.991429765397087,0.28586236517547425,0.13307522217899062
-0.008870059065359282,0.4942832836882361,0.9914435981772068,0.28795608296479375,0.13367800999904214
-0.008666916752234296,0.4952645214328994,0.9914574982919736,0.290057640940832,0.13427876447917148
-0.008461694420691746,0.4963242199268808,0.9916072553375751,0.29216698102564637,0.1348771566716997
-0.008254441323106005,0.49746086393628514,0.9916215258676424,0.2942840356354952,0.13547301192779101
-0.008045207199225633,0.49867284011350205,0.9916357944711084,0.29640874479343937,0.13606678440380454
-0.007834042264236058,0.4999584416088325,0.991977075081379,0.2985410521471925,0.13665861441395927
-0.007620997196708001,0.501315872844493,0.9919907472588564,0.3006809068585128,0.13724876438595066
-0.007406123126435034,0.5027432544215482,0.9920025655562572,0.3028282612378069,0.1378371953117633
-0.007189471622162542,0.5042386281306886,0.9920142222092483,0.30498306091306726,0.13842351050803708
-0.0069710946792116615,0.5057999620384169,0.992025691327023,0.30714524868326515,0.13900770412767116
-0.006751044707000399,0.5074251556211197,0.9920369925354133,0.30931476728187607,0.13958976431588468
-0.006529374516465765,0.5091120449206269,0.9920481063803404,0.311491559409746,0.1401696896416687
-0.00630613730738953,0.5108584076961964,0.9920590177239824,0.3136755678304665,0.14074750634714056
-0.0060813866556302006,0.5126619685493685,0.9920698090759821,0.3158667378167737,0.14132333323584423
-0.005855176500265428,0.5145204039997446,0.9920223368966563,0.31806501419351635,0.14189717242964317
-0.005627561130646549,0.516431347491502,0.9921023998142383,0.3202703434569565,0.1424686986610958
-0.005398595173369757,0.5183923943122422,0.9921154182411689,0.32248265570218815,0.14303743534261595
-0.005168333579165721,0.5204011064076306,0.9921282977940474,0.3247018891886531,0.1436039769210983
-0.004936831609711688,0.5224550170771382,0.99214109427596,0.3269279860859803,0.14416830980097375
-0.004704144824369113,0.5245516355380564,0.9922212494924489,0.32916088494563606,0.14472982159188572
-0.0044703290668495314,0.5266884513467768,0.99230338118689,0.3314005072864881,0.145287913151308
-0.004235440451812396,0.5288629386680971,0.9923174340670482,0.33364677305153617,0.14584300115350585
-0.0039995353513977835,0.5310725603850212,0.992331313102233,0.33589961880436153,0.14639582304488405
-0.003762670381697444,0.533314772043148,0.9923501063840998,0.33815898480168144,0.14694612119641545
-0.003524902389167057,0.5355870256252674,0.9923636035722548,0.34042480364517014,0.14749375442610207
-0.0032862884369835397,0.5378867731532249,0.9923769543525419,0.3426970142830761,0.1480391047774405
-0.0030468857913500307,0.540211470115423,0.9923901380808597,0.3449755582699212,0.1485821652257318
-0.0028067519077522394,0.5425585787195575,0.9924033797614654,0.3472603770837747,0.14912292155547013
-0.002565944417169594,0.544925570971285,0.9924164752041221,0.34955141196874956,0.14966135905877326
-0.0023245211122439034,0.5473099315804896,0.9924295401483877,0.35184860413166186,0.1501974711350991
-0.0020825399334094634,0.5497091606977212,0.9924424807471861,0.3541518946455313,0.15073124284115563
-0.001840058954987641,0.5521207764841236,0.9924347497276998,0.3564612256409047,0.15126289375438776
-0.0015971363712493141,0.5545423175188443,0.9924489288205379,0.35877654599380004,0.15179253338963322
-0.001353830482448493,0.5569713450484937,0.9923740706951948,0.3610978001353077,0.15232004055549742
-0.001110199680830577,0.5594054450836687,0.9923899458238303,0.3634249368611231,0.15284552054337924
-0.0008663024366184917,0.5618422303479648,0.9924057331167154,0.36575789935822933,0.15336862786732033
-0.0006221972839800531,0.5642793420851884,0.9926470631437024,0.36809662958940964,0.15388957337976683
-0.0003779428069801817,0.5667144517307157,0.9926603185625851,0.37044107615656674,0.15440847300374305
-0.0001335976255209077,0.5691452624530948,0.9926812329719826,0.37279118068519507,0.15492464432536773
0.0001107796187271758,0.5715695105721034,0.9926942813011662,0.37514687144111386,0.1554378575968505
0.0003551302763984795,0.5739849668594988,0.9927072059043116,0.3775080856247768,0.1559486783419451
0.000599395704508079,0.5763894377287038,0.9927199939303941,0.3798747643156032,0.15645709761717944
0.0008435172805257849,0.5787807663196154,0.9927326223496,0.38224684854012675,0.15696311069071384
0.0010874364164451446,0.5811568334846463,0.9927451315703304,0.3846242794600958,0.15746671832255058
0.0013310945728444345,0.5835155586819903,0.9927575167419788,0.3870069982527032,0.15796791536973087
0.001574433272935678,0.5858549007819487,0.9927701453513756,0.3893949460662516,0.15846668202301853
0.0018173941165989605,0.5881728587920044,0.9928327229637764,0.3917880593362145,0.15896213503957146
0.002059918794398064,0.5904674725061323,0.9928460173324897,0.39418624826401877,0.1594538085284801
0.0023019491015744587,0.592736823083646,0.9928685164532881,0.3965894423944688,0.15994259793054294
0.0025434269520162463,0.5949790335626753,0.9929397020840135,0.3989975633615578,0.16042734718405915
0.002784294392198432,0.5971922693131297,0.9930152566474321,0.40141050920868077,0.16090718430945639
0.003024493615091581,0.5993747384338107,0.9930972472652356,0.4038281712337881,0.16138198911327206
0.0032639669740352293,0.6015246920980956,0.9931089304226303,0.4062504443693013,0.16185294221124968
0.0035026569965727035,0.60364042485239,0.9931241385529652,0.4086772669558138,0.1623217105768388
0.003740506398244411,0.6057202748713273,0.9931356147825617,0.4111085824862041,0.16278819812208342
0.003977458096335643,0.6077626241734719,0.9931633174333834,0.41354433858925516,0.16325210136324012
0.004213455223576263,0.609765898801074,0.9933564666888554,0.4159844631705782,0.16371299950067314
0.004448441141788568,0.6117285689671866,0.9934997196424065,0.41842890200882754,0.16417198142451478
0.004682359455480173,0.6136491491732887,0.9935943364898928,0.42087760099243443,0.1646276080122637
0.004915154025378645,0.615526198300331,0.9936025007112558,0.42333046251681755,0.16507912515830744
0.005146768981904653,0.6173583196759319,0.9936141495757685,0.42578742446719925,0.16552848776357043
0.005377148738580454,0.6191441611202957,0.9936221577964485,0.42824843110795785,0.1659755458716418
0.005606238005370295,0.6208824149732015,0.9937204381853029,0.4307134265513327,0.166419180563122
0.005833981801949811,0.6225718181043016,0.9937323998443913,0.43318230893040743,0.16685826092153624
0.006060325470901042,0.6242111519087508,0.9937442702273213,0.43565500480422814,0.16729468868115205
0.006285214690829955,0.6257992422900929,0.9937523427093379,0.43813145511861906,0.1677287823202559
0.0065085954894032625,0.6273349596321419,0.9937603855612288,0.4406116122236339,0.1681610329664558
0.006730414256301576,0.62881721876149,0.9937720968099194,0.4430954304470448,0.16859112721550534
0.0069506177560856005,0.630244978902141,0.9937840745140701,0.44558285259378894,0.1690185460565106
0.007169153140972459,0.6316172436236385,0.9937959927308532,0.4480738177985125,0.16944327222815253
0.007385967963518718,0.6329330607839648,0.9938037219612162,0.4505682668225936,0.16986564031049045
0.00760101018920777,0.6341915224683632,0.993900463811331,0.4530661523572267,0.17028614755413216
0.007814228208937684,0.6353917649251568,0.9939107044315676,0.45556742821595875,0.17070443042827754
0.008025570851407189,0.6365329684995343,0.9939631310384156,0.4580720383924841,0.17112032760543353
0.00823498739539661,0.637614357566181,0.9939748226192764,0.46057993491716903,0.17153431790952658
0.008442427581940607,0.638635200461585,0.9939457981810104,0.4630910732494572,0.17194641612228528
0.00864784162639019,0.6395948094167344,0.9939513005783724,0.4656054092368509,0.17235664270795112
0.008851180230360682,0.6404925404908852,0.9939595847287653,0.4681228977807454,0.1727646706853586
0.009052394593563237,0.6413277935070012,0.9939764561453486,0.4706434780518511,0.17316932585461153
0.009251436425516488,0.6421000119894067,0.9939935598308468,0.4731670645525167,0.1735697061806635
0.009448257957136268,0.6428086831041475,0.9939250298987151,0.4756935703566092,0.17396674729071424
0.009642811952199761,0.6434533376025001,0.9938182411518759,0.4782229421626755,0.17436189584849734
0.009835051718682038,0.6440335497680141,0.9938272291161822,0.4807551347418392,0.17475480811888378
0.010024931119961916,0.644548937367443,0.9938425116368385,0.48329008751688607,0.17514429947353674
0.01021240458589457,0.6449991616058712,0.9938515849992144,0.48582771621442944,0.17552998793055755
0.01039742712374807,0.6453839270862961,0.9939480648315268,0.48836794444625053,0.17591118891780397
0.01057995432900148,0.6457029817739064,0.9939574337500446,0.4909106514236237,0.17628700919690776
0.010759942396001733,0.6459561169652529,0.9938148898658637,0.4934557609075844,0.17666041272602176
0.010937348128476682,0.6461431672624748,0.9938251786934749,0.49600322542196573,0.17703158099667848
0.011112128949902123,0.6462640105527201,0.9938342473347473,0.4985529790120827,0.177398145529555
0.011284242913719916,0.6463185679928667,0.9938451152215253,0.5011048886487344,0.17775731658591026
0.011453648713404931,0.6463068039996088,0.9938570729114478,0.5036588003996355,0.1781089256162268
0.011620305692378383,0.6462287262449854,0.993877734426678,0.5062145644119933,0.17845409373082335
0.011784173853765333,0.6460843856573392,0.9938914867890354,0.5087720654947124,0.17879336507146487
0.011945213869993658,0.6458738764277316,0.9939045698691809,0.5113311679504291,0.17912685691598926
0.012103387092232474,0.6455973360217593,0.9939176918172848,0.51389179162238,0.17945745938842453
0.0122586555596677,0.6452549451967248,0.9939308684679848,0.5164538759059469,0.17978519267994036
0.01241098200861246,0.6448469280240778,0.9937589815763151,0.5190173625578384,0.1801104608386469
0.01256032988145023,0.6443735519169937,0.9937710133160456,0.521582194819836,0.18043128539786735
0.012706663335408444,0.6438351276629595,0.9937858426179902,0.5241482399198619,0.18074592889638016
0.012849947251160536,0.64323200946119,0.9937066407290222,0.5267154044209744,0.18105541408860087
0.012990147241254529,0.6425645949646486,0.9937220886366108,0.5292835488656438,0.18135859016729441
0.013127229658365793,0.6418333253264448,0.9937376810446455,0.5318525905498479,0.18165885725780123
0.013261161603372255,0.6410386852503217,0.9937532609422154,0.5344224695550839,0.18195621517957522
0.013391910933250007,0.6401812030449048,0.9937688457911479,0.536993126139255,0.18225067174346155
0.013519446268787512,0.6392614506813588,0.9937947424405155,0.5395644963676426,0.18254134835059482
0.01364373700211637,0.6382800438540415,0.993810257245186,0.5421364902148799,0.1828278054905798
0.013764753304057303,0.6372376420436923,0.9938361819952418,0.5447090351400884,0.18311047561216376
0.013882466131278687,0.6361349485826532,0.9938518666899696,0.547282041225917,0.18338891334007182
0.013996847233267037,0.6349727107215516,0.9938781317182934,0.5498554358881617,0.18366352350807563
0.014107869159106936,0.6337517196968204,0.993904527896868,0.5524291237359568,0.1839329373652321
0.014215505264069093,0.6324728107983707,0.9939201686417225,0.5550030047276465,0.18419805360046673
0.014319729716005042,0.6311368634366362,0.9939359024741049,0.5575770108878688,0.18446024364340374
0.014420517501546543,0.6297448012081855,0.9939516048316192,0.5601510834727851,0.18471950567834694
0.014517844432108929,0.6282975919589429,0.9939672372824141,0.5627251638953975,0.18497584329188174
0.014611687149696042,0.626796247844054,0.9939018447216508,0.5652991802816625,0.18522657582359942
0.014702023132506096,0.6252418253832649,0.9938382281032684,0.5678729671052948,0.18546766197628953
0.014788830700336843,0.6236354255106428,0.9937746456312995,0.5704463307117188,0.18569887528082019
0.014872089019788757,0.6219781936173044,0.9937923151622957,0.5730190852571925,0.185922817885763
0.014951778109264761,0.6202713195857693,0.9936208027465991,0.5755911470472609,0.18614432635547462
0.01502787884376596,0.6185160378143617,0.9936516847765221,0.5781624711279159,0.18636264192426005
0.015100372959481342,0.6167136272300139,0.9936701989147647,0.5807329704053612,0.18657653147535522
0.015169243058171094,0.6148654112876569,0.9937009407654475,0.5833025731293717,0.18678649605708778
0.0152344726113422,0.6129727579542492,0.9937197527091289,0.585871187574644,0.18699202840996515
0.015296045964214916,0.6110370796753255,0.9936579376263053,0.5884387316552729,0.1871915196954181
0.015353948339480164,0.6090598333218187,0.9935969394128804,0.5910050244378733,0.18738028054838415
0.015408165840845865,0.6070425201147007,0.9936167872344182,0.593569869495406,0.1875614319044829
0.015458685456371926,0.6049866855248358,0.9936367602657865,0.5961331804319963,0.18773968449929282
0.015505495061593011,0.6028939191452346,0.9936495903812874,0.5986949047007143,0.1879155146166781
0.015548583422428727,0.6007658545327283,0.993588126479332,0.6012549879311054,0.18808585590910137
0.015587940197879223,0.5986041690158586,0.9936228031377586,0.6038132586520661,0.18824722577692793
0.015623555942507337,0.5964105834655733,0.9936426350850701,0.6063695917071608,0.18840409592618354
0.015655422108705283,0.5941868620251283,0.9936623121014393,0.6089239229675119,0.18855811850962637
0.015683531048746206,0.5919348117953477,0.9936966555386978,0.6114761939482385,0.18870816893661246
0.01570787601661936,0.5896562824711856,0.9937161850927272,0.6140263126381438,0.18885368911452066
0.015728451169649365,0.587353165925322,0.9937362229736074,0.6165742151812016,0.18899635580012755
0.015745251569898207,0.5850273957342751,0.9937562836212318,0.6191198491270606,0.18913618764774726
0.0157582731853505,0.5826809466423059,0.9937761859010013,0.6216631625073848,0.18927319765001063
0.015767512890881054,0.5803158339581662,0.9937885134834952,0.624204105963246,0.18940787226980538
0.015772968469004896,0.5779341128795306,0.9938082809090465,0.6267426453520469,0.1895404863450337
0.015774638610409435,0.5755378777397353,0.9938281030205255,0.6292787339890411,0.18967025915161878
0.015772522914268755,0.5731292611712745,0.9938621075646499,0.6318123137123008,0.18979597036347234
0.015766621888339803,0.5707104331802965,0.9938815867958553,0.6343432912284198,0.18991709167031107
0.01575693694884048,0.5682836001262239,0.9939012698473493,0.6368716036436225,0.19003539007521733
0.0157434704201097,0.5658510036004354,0.9939208525603049,0.6393971999025433,0.19015086837247241
0.015726225534049867,0.5634149191979028,0.993954377787096,0.6419200231753645,0.19026234009586843
0.015705206429350707,0.5609776551755388,0.99362015926252,0.6444399836364471,0.1903697107945264
0.015680418150496523,0.5585415509910274,0.9936544555362538,0.646957030357869,0.1904738205485158
0.01565186664655529,0.5561089757158988,0.9935387983358405,0.6494710788660871,0.19057387065241824
0.015619558769750769,0.5536823263166695,0.9935532399630341,0.6519820886682538,0.19067244109869658
0.015583502273818462,0.5512640257979983,0.9935750922290539,0.6544900331695561,0.19076898431864028
0.015543705812144207,0.5488565212019885,0.9934191816267174,0.6569948706613891,0.19086329070472932
0.01550017893568786,0.5464622814580117,0.9932127868036256,0.65949657351618,0.19095617779218288
0.015452932090690765,0.5440837950777733,0.9932299782771298,0.6619951196033219,0.19104762044049467
0.015401976616168959,0.5417235676907426,0.9932538719942872,0.664490483113234,0.1911370586893248
0.015347324741191718,0.539384119415584,0.9932765745193559,0.666982620309895,0.19122374398516348
0.01528898958194667,0.5370679820638194,0.9931008272923921,0.6694714639075863,0.19130391693116172
0.015226985138592131,0.5347776961726524,0.9931238578324741,0.6719568341890161,0.19137572373220704
0.01516132629189676,0.5325158078646964,0.9931479910603693,0.6744386463406943,0.19144482068662008
0.01509202879966861,0.5302848655332664,0.9931719210211476,0.6769168532742564,0.19151120554253917
0.015019109292973192,0.5280874163529192,0.9931957347263756,0.6793914083697395,0.19157492154234876
0.01494258527214211,0.5259260026160633,0.9932271726046504,0.681862259539462,0.19163472270562198
0.014862475102573016,0.5238031578977201,0.9930529358783252,0.6843292968694203,0.19168598234333628
0.014778798010322038,0.5217214030518825,0.9930849821516036,0.6867923173240149,0.19172738772795622
0.014691574077489633,0.5196832420443701,0.9931164282464736,0.6892511857938076,0.1917629778235769
0.01460082423740103,0.517691157628669,0.9931401760734987,0.6917058010190636,0.19179405234765562
0.014506570269582249,0.5157476068728668,0.9931709714544819,0.6941561004252936,0.19182124756487542
0.014408834794533091,0.5138550165475579,0.993193817979719,0.6966019960458206,0.191843942047346
0.014307641268298452,0.5120157783863619,0.9932170468256776,0.6990434326838527,0.19186408219379594
0.014203013976838845,0.5102322442325398,0.9932467632027779,0.7014803617443061,0.19188037935831248
0.014094978030202012,0.5085067210870545,0.9932757592154536,0.7039126899135137,0.19189092665261653
0.013983559356496608,0.5068414660752898,0.9932976919934092,0.7063403183270225,0.19189704637874627
0.013868784695669363,0.5052386813514562,0.9933201684744178,0.708763193654538,0.19190066884235069
0.013750681593088074,0.5037005089615171,0.9933425668878156,0.7111812755702436,0.19190180274618013
0.013629278392930311,0.50222902568716,0.9933648124516922,0.7135945240201566,0.19190045720556317
0.013504604231381483,0.5008262378949131,0.9933868587885833,0.7160028992102133,0.19189664071703436
0.013376689029641828,0.49949407641598487,0.9934086441304917,0.7184063616128107,0.19189036515002955
0.013245563486745703,0.4982343914836184,0.9934301574480154,0.7208048720408929,0.19188158645328346
0.013111259072194075,0.49704894775586067,0.9929703523249849,0.7231983897168174,0.19187063176220664
0.01297380801840171,0.49593941945242886,0.9929943435602774,0.725586893633776,0.1918581318371552
0.01283324331296173,0.4949073856349309,0.9928167970465879,0.7279703302777658,0.1918390093049606
0.012689598690728672,0.49395432565993264,0.9928408727437601,0.7303485153037395,0.19181123619588092
0.01254290862572239,0.4930816148343409,0.9926605773526409,0.7327213491150062,0.19177688768254414
0.012393208322854342,0.49229052030215636,0.9924799385639159,0.7350886276309099,0.19172976195383803
0.012240533709478613,0.4915821971909477,0.992505153576909,0.737450129472516,0.19167418093941055
0.012084921426769557,0.4909576850453104,0.9925301560288043,0.7398057803420097,0.19161638277954565
0.011926408820928045,0.4904179045731505,0.9925556974441264,0.7421555478215559,0.19155638570359332
0.011765033934218563,0.48996365472889036,0.9924709966326196,0.7444994022456464,0.1914946848743574
0.011600835495839354,0.4895956101555718,0.9924957179817805,0.7468373287594318,0.19143152794000629
0.011433852912627402,0.4893143190054739,0.9925255975785133,0.7491692940163205,0.19136490879816473
0.011264126259601154,0.4891202011561669,0.9925497464108672,0.7514952219015114,0.19129421585682146
0.011091696270342599,0.4890135468360105,0.9924225082740387,0.7538150703030972,0.19122179834468866
0.01091660432722145,0.4889945156700013,0.9924468204549252,0.756128825304748,0.19114799153499398
0.010738892451463597,0.48906313615356534,0.9924721069631521,0.7584364616521587,0.19107207474816576
0.010558603293066182,0.48921930555851517,0.9924959367849917,0.7607379495591959,0.19099406170706354
0.010375780120561789,0.48946279027192957,0.9925208110271825,0.763033259489966,0.19091395749646975
0.010190466810634227,0.48979322656522883,0.9925454210134089,0.7653223621586676,0.19083178122210942
0.010002707837588366,0.4902101217873116,0.9925698873708897,0.7676052287651027,0.1907475500373858
0.00981254826267643,0.4907128559722631,0.9925941851363118,0.7698818308482557,0.19066127833554197
0.009620033723283582,0.49130068384895287,0.9926205880912023,0.7721521338468621,0.19057168989741663
0.009425210421975203,0.4919727372368396,0.9920500123500566,0.7744160675923932,0.19047868136601676
0.009228125115408423,0.49272802780949826,0.9920758426634982,0.7766736036286443,0.19038317609997404
0.009028825103110748,0.4935654502048931,0.9921010020063236,0.7789246695055511,0.19028253043229434
0.008827358216128452,0.494483785459164,0.9921250828134033,0.7811691758390252,0.19017679222781889
0.008623772805547313,0.4954817047388251,0.9919341136074759,0.783407020020664,0.19006311262062192
0.00841811773088872,0.4965577733446605,0.9919591756976122,0.7856380144351599,0.1899401726634612
0.008210442348383263,0.4977104549594227,0.991765398778572,0.7878620323500916,0.18980956024732762
0.00800079649912596,0.49893811611052097,0.9917908008475854,0.7900788933047889,0.1896700158877057
0.007789230497114265,0.5002390308183783,0.9918182902164577,0.7922884971635342,0.18952708843822555
0.007575795117173108,0.5016113854009407,0.9917431536752003,0.7944908164247014,0.1893830951979571
0.007360541582769143,0.5030532834049247,0.9916024039108313,0.7966858611254862,0.18923923185282543
0.007143521553717351,0.5045627506348613,0.9916297717109974,0.7988736380214705,0.1890943901718275
0.0069247871137830125,0.5061377402516364,0.9916567737378217,0.8010541339561787,0.18894796473972433
0.006704390758181679,0.5077761379132609,0.9916835455022942,0.8032273318641655,0.188799956224689
0.006482385380980822,0.5094757669317105,0.9915018664159767,0.8053932169537122,0.18865080281846383
0.0062588242624052656,0.5112343934210942,0.9915290601154918,0.8075517873125145,0.18850086817931563
0.00603376105605029,0.5130497314139177,0.9913274377790263,0.8097030229441757,0.18834623792390284
0.005807249776005151,0.5149194479238676,0.99135535027698,0.8118467792111251,0.18818437557135867
0.005579344783889725,0.5168411679352906,0.9913829299397527,0.8139830041292975,0.18802110355972584
0.0053501007758081425,0.5188124793013648,0.9914103279522987,0.8161116847579886,0.18785643856946874
0.005119572769221917,0.520830937534799,0.9914376159947312,0.81823280847076,0.1876903935154224
0.004887816089746027,0.5228940704767846,0.9907048070962804,0.820346365235275,0.18752329971385207
0.004654886357871127,0.5249993828317341,0.9907283342965646,0.8224523489387907,0.1873551188249332
0.004420839475614738,0.5271443605571978,0.9905668955498446,0.8245507594904381,0.18718645066300216
0.00418573161310513,0.5293264751000738,0.9905889702976021,0.8266415960199068,0.1870159115144393
0.003949619195100702,0.5315431874719345,0.9906191805442662,0.8287248129099205,0.18684244064256958
0.003712558887448429,0.5337919521578958,0.990648517581079,0.8308003887218189,0.18666768384203386
0.003474607583484239,0.5360702208549479,0.9906683414826343,0.8328683078295039,0.1864905977983628
0.003235822390378815,0.538375446037115,0.9906911699966364,0.8349285252767432,0.18631101487937843
0.002996260615432333,0.5407050843460643,0.9907137597146385,0.8369810338026226,0.18613097882818605
0.0027559797523208237,0.5430565998070099,0.9907420386127358,0.8390258382605289,0.1859501860993748
0.002515037467297997,0.5454274668708211,0.9907709702481591,0.8410629329289444,0.18576819426243324
0.0022734915853557594,0.5478151732842015,0.9907996351300664,0.8430923095417145,0.1855850288522405
0.002031400076346278,0.5502172227906856,0.9908177559365167,0.8451139550515296,0.1853996791575293
0.0017888210410696261,0.5526311376659081,0.9906047270277493,0.8471278091962862,0.18520826992616693
0.0015458126973298513,0.5550544610912816,0.9906238110237947,0.8491337328036209,0.1850098365595989
0.0013024333659629567,0.5574847593707425,0.9906415666796947,0.8511316508891519,0.18480812036923905
0.0010587414568402171,0.559919623995679,0.9906693162665431,0.8531215194076053,0.18460411892093959
0.0008147954548500376,0.5623566735635253,0.9906981076886104,0.8551033271842703,0.1843992174031841
0.0005706539058618959,0.5647935555558055,0.9898291371541955,0.8570770747125742,0.18419386896412096
0.0003263754026756767,0.5672279479815848,0.988882981554768,0.8590427780441414,0.18398875094351985
8.201857095951564e-05,0.5696575608924868,0.988917972999144,0.8610004559619391,0.1837833868512068
-0.00016235794481993316,0.5720801377754606,0.9889544785280263,0.8629501077069075,0.18357692451266944
-0.0004066954954719151,0.5744934568295772,0.9889907652033613,0.8648917306287257,0.18336963216728513
-0.0006509354411571659,0.5768953321330628,0.9889434302056737,0.8668253255995267,0.1831617776408038
-0.0008950191654610938,0.5792836147067612,0.9889769399812737,0.8687509011933784,0.18295348366158018
-0.0011388880894615352,0.5816561934800929,0.9890122321862393,0.8706684597271303,0.18274438979772453
-0.0013824836857873346,0.5840109961654931,0.9890472753082847,0.8725780014989959,0.18253451922096106
-0.0016257474926646856,0.5863459900471222,0.9890631327874982,0.8744795230646092,0.18232306795005518
-0.0018686211279476624,0.5886591826894929,0.9888107746790459,0.8763729831876039,0.18210694622332838
-0.002111046303129628,0.5909486225714796,0.9888276301955031,0.8782582785841628,0.1818854670401293
-0.0023529648373322083,0.5932123996509505,0.9888431681005377,0.880135358629134,0.18166166954813118
-0.002594318671268464,0.5954486458650704,0.9888573882693398,0.8820041946653666,0.18143567903431337
-0.0028350498811768143,0.5976555355711003,0.9888872082478685,0.8838647646740467,0.1812084279357421
-0.003075100692722416,0.5998312859322931,0.988922848576275,0.8857170757973118,0.18098099275686702
-0.003314413494862773,0.6019741572532648,0.9889354873734267,0.8875611344805721,0.18075249075457395
-0.0035529308536741563,0.6040824532689958,0.9889710930285918,0.8893969256628347,0.18052256451809393
-0.0037905955261353422,0.6061545213913881,0.9890065138664585,0.8912244513775753,0.18029227884853932
-0.004027350473865827,0.6081887529170965,0.9890418663756213,0.8930437212629827,0.18006165970596322
-0.004263138876814567,0.6101835832001139,0.9890536895959834,0.894854742173908,0.17983012991101485
-0.004497904146896725,0.6121374917924259,0.9890642048659608,0.8966575017142305,0.17959692472229766
-0.0047315899415743806,0.6140490025557719,0.9890995014214006,0.8984519869635158,0.17936268009780917
-0.004964140177378557,0.615916683747446,0.9891085533812414,0.9002382010676743,0.1791276546804517
-0.005195499043368948,0.6177391480827932,0.9891163069260819,0.9020161367840187,0.17889127892318465
-0.005425611014528292,0.6195150527769338,0.9892694292558933,0.903785787530796,0.1786541812488071
-0.005654420865088046,0.6212430995680612,0.9893023504065048,0.9055471655745091,0.178417075981345
-0.005881873681782452,0.6229220347244708,0.9893351972529454,0.9073002860104948,0.17817987190706308
-0.006107914877027313,0.6245506490373511,0.9893679853028465,0.9090451635133652,0.17794258330835092
-0.006332490202020801,0.6261277778012021,0.9893741234198844,0.9107818110534739,0.17770483761643396
-0.006555545759762952,0.6276523007836103,0.9894068193852585,0.9125102307562807,0.17746650321592802
-0.006777028017990576,0.6291231421859731,0.989411997291315,0.914230433318163,0.177227816848407
-0.006996883822024874,0.6305392705966444,0.989444611509103,0.9159424235473278,0.17698866297812466
-0.007215060407528238,0.6318996989378666,0.9894771429527229,0.9176462154501889,0.17674956406304942
-0.007431505413167438,0.6332034844077075,0.9894811832767716,0.9193418252209556,0.17651025002943999
-0.0076461668931800675,0.6344497284181645,0.9895146723301432,0.9210292613478189,0.17627065387079577
-0.007858993329841366,0.6356375765304805,0.9895481580162067,0.9227085402664983,0.1760311983035765
-0.00806993364582814,0.6367662183886085,0.9895815687181941,0.9243796811741588,0.1757918964773123
-0.008278937216477123,0.637834887651715,0.9896149912435122,0.9260427035834802,0.17555276547708806
-0.008485953881934577,0.6388428619265057,0.9896484241744111,0.9276976273721277,0.17531383299765266
-0.008690933959194538,0.6397894627000965,0.989375079925458,0.9293444697485341,0.17507455757456428
-0.00889382825402242,0.6406740552740895,0.9894045076005398,0.9309832345340963,0.17483489253131043
-0.009094588072761374,0.6414960487004301,0.9894386045762743,0.9326139399409747,0.17459556340623358
-0.009293165234018592,0.6422548957195959,0.9894728330879159,0.9342366089401383,0.17435659028019407
-0.009489512080228586,0.6429500927015894,0.9897851161856578,0.9358512645380777,0.1741179248302566
-0.00968358148909077,0.6435811795901564,0.9898169622785319,0.9374579279917663,0.17387953978228698
-0.009875326884878593,0.6441477398506266,0.989848794495673,0.9390566222951368,0.1736415461773468
-0.010064702249617433,0.6446494004217026,0.989880669412191,0.9406473713328369,0.17340394828713812
-0.010251662134128875,0.6450858316715078,0.9899124770854167,0.9422301984217082,0.1731667200473465
-0.010436161668938014,0.6454567473581405,0.989944302901689,0.9438051275408671,0.17292992846872737
-0.010618156575042186,0.6457619045949706,0.9896804056599197,0.9453721841263807,0.17269381666062716
-0.010797603174537464,0.6460011038208636,0.9897083988050583,0.9469314038908432,0.17245872549282631
-0.010974458401101415,0.6461741887754946,0.9897409947353577,0.9484828166977672,0.17222419306419798
-0.01114867981032853,0.6462810464798768,0.9897734945691042,0.9500264498483004,0.17199026553505936
-0.011320225589916988,0.6463216072222119,0.9898060384017533,0.9515623311159545,0.17175695472054742
-0.01148905456970306,0.6462958445491213,0.9895391222539222,0.9530904923607343,0.17152513984284448
-0.011655126231542039,0.6462037752623205,0.9892662700065123,0.9546110013237473,0.1712968475644261
-0.011818400719032271,0.6460454594207282,0.9893006539073599,0.9561239483015458,0.17107158355759605
-0.011978838847080509,0.6458210003480291,0.9897403653709687,0.9576293795920724,0.17084701525597992
-0.012136402111306132,0.6455305446456245,0.9897410770145587,0.9591273233012558,0.17062347825311935
-0.012291052697282055,0.6451742822109203,0.9897686115952937,0.9606178256649537,0.17040147128494815
-0.012442753489610024,0.644752446260869,0.9897684834612961,0.962100924417799,0.17018076045094177
-0.012591468080828063,0.6442653133606157,0.9898002997997909,0.9635766697842755,0.16996177932782403
-0.01273716078014815,0.6437132034571177,0.9895348558596218,0.9650451129742786,0.16974617847596865
-0.012879796622021773,0.6430964799175534,0.9892685216964471,0.9665063882677754,0.1695382096312134
-0.013019341374531595,0.6424155495722879,0.9892665289256122,0.9679606632047593,0.16933663393707835
-0.013155761547606825,0.6416708627621578,0.9897581507321157,0.9694080320188467,0.16913723359982397
-0.013289024401060803,0.6408629133897819,0.9894957934378131,0.9708485501458801,0.16894235961237575
-0.013419097952448365,0.6399922389745603,0.9892327459558901,0.972282405503937,0.16875864574038396
-0.01354595098474155,0.6390594207110003,0.9892643376381084,0.9737098248430572,0.1685827792631465
-0.013669553053821556,0.6380650835299416,0.9892959761317459,0.9751308937532105,0.16840845344051894
-0.013789874495785084,0.6370098961622233,0.9898046553522237,0.9765456541170234,0.16823533720060635
-0.01390688643406364,0.6358945712042587,0.9897987887493472,0.9779541429827947,0.16806434370979867
-0.014020560786353744,0.6347198651849504,0.9898275979205678,0.9793564389943155,0.16789658530795343
-0.014130870271356453,0.6334865786333013,0.9895680769527793,0.9807526229380135,0.16773561286945787
-0.014237788415324946,0.6321955561460232,0.989597409196547,0.982142923063975,0.16758422564704073
-0.014341289558417805,0.6308476864543486,0.9893334423648602,0.9835274665645228,0.16744038967224842
-0.014441348860857602,0.6294439024892172,0.9893635718890327,0.9849065059277331,0.16730721499553255
-0.014537942308892047,0.6279851814438778,0.9893934557153684,0.98628014722477,0.16717585124972623
-0.014631046720557218,0.6264725448329019,0.9894232812692398,0.9876484374680058,0.16704630241635784
-0.01472063975124128,0.6249070585464662,0.9894531520652841,0.9890114236766387,0.16691857472600352
-0.014806699899046946,0.623289832898716,0.989482976078243,0.9903691529757502,0.16679268370172162
-0.014889206509951769,0.6216220226688464,0.9895128709939097,0.9917216725426357,0.16666862532114796
-0.014968139782765316,0.6199048271334867,0.9895428649528997,0.9930690295294283,0.16654641280986493
-0.015043480773880853,0.6181394900887958,0.9895726880396316,0.9944112711685009,0.16642604932648394
-0.01511521140182231,0.6163272998605962,0.9896025327757191,0.995748444681094,0.1663075407959997
-0.015183314451583175,0.6144695893006821,0.989632519060347,0.9970805973853228,0.16619090336356593
-0.015247773578758478,0.612567735767345,0.9896624039098165,0.9984077767218674,0.16607613409464733
-0.015308573313467128,0.6106231610879502,0.9896923645962254,0.9997300300069597,0.1659632419525365
-0.015365699064064636,0.6086373315012891,0.9897224877200961,1.0010474046658715,0.16585223497500687
-0.015419137120645014,0.6066117575772074,0.9897523014490556,1.0023599483795427,0.16574314048705976
-0.015468874658331282,0.6045479941108747,0.989782121887386,1.003667708947872,0.16563594629427084
-0.01551489974035311,0.6024476399888434,0.9898119513955211,1.0049707337248464,0.16553063654933536
-0.015557201320911743,0.6003123380238613,0.9898421090723063,1.006269069929987,0.16542722832046722
-0.015595769247830887,0.5981437747552039,0.9898718644139083,1.0075627651147552,0.16532573596152128
-0.015630594264993247,0.5959436802110645,0.9905123440222037,1.0088518646228966,0.16522572392283463
-0.015661668014561852,0.5937138276293651,0.9905385642660559,1.0101364007875369,0.16512698041022594
-0.015688983038985953,0.5914560331330798,0.9905652939726043,1.0114164168283575,0.16503016875711962
-0.01571253278279081,0.5891721553559847,0.9905920422097134,1.0126919605035736,0.16493529849917016
-0.01573231159415105,0.5868640950144985,0.9906182327723934,1.0139630795942423,0.16484237522442488
-0.015748314726246705,0.5845337944210709,0.9903781446720556,1.0152298599218221,0.1647590746525308
-0.01576053833840305,0.5821832369343295,0.9903706758981906,1.0164926282681044,0.1646911397250337
-0.01576897949701178,0.5798144463410004,0.990124225618774,1.0177516134498907,0.1646362966096438
-0.015773636176235322,0.5774294861644006,0.9901156570451174,1.0190071874011464,0.16459816905141791
-0.015774507258493067,0.5750304588940689,0.9901437830602029,1.0202595496760136,0.16456497851817614
-0.015771592534729456,0.5726195051309662,0.9901719360786845,1.021508767624254,0.16453389334030905
-0.015764892704464184,0.5701988026424415,0.9901628668175002,1.0227548992224669,0.1645068398006541
-0.015754409375624334,0.5677705653210526,0.9901911345324181,1.023998060255479,0.1644848011545367
-0.01574014506415852,0.5653370420411721,0.9902180446993725,1.0252383164176258,0.16446450556865227
-0.01572210319343305,0.5629005154072262,0.9902452760890809,1.026475702650397,0.1644457562268278
-0.015700288093410283,0.5604633003873394,0.990272398171459,1.0277102630372776,0.1644291161671681
-0.015674704999609466,0.5580277428261445,0.9902994799994917,1.0289420454402824,0.16441459153664725
-0.01564536005185034,0.5555962178305145,0.9903265097927197,1.03017109773835,0.16440218788960903
-0.01561226029277952,0.5531711280220817,0.9909992917357848,1.0313974653603732,0.16439142670336096
-0.015575413666180286,0.5507549016505119,0.9916117113096162,1.0326211770010627,0.16438160406691824
-0.015534829015066181,0.548349990561713,0.9916322343420874,1.0338422593764307,0.164373211148888
-0.015490516079558595,0.5459588680154245,0.99165292082968,1.0350607556184561,0.1643669476206587
-0.015442485494549373,0.5435840263469782,0.9914383942203293,1.0362767620793905,0.16437258457400802
-0.015390748787148372,0.5412279744684588,0.9914590367912053,1.037490669411411,0.16439511334197932
-0.015335318373917035,0.5388932352050181,0.9920310328758178,1.038702620695675,0.16441933176620116
-0.015276207557888432,0.5365823424627046,0.992048944954389,1.039912646625147,0.16444500748258406
-0.01521343052537465,0.5342978382249159,0.9920374240187121,1.041120800208621,0.16447498607122474
-0.015147002342562162,0.5320422693753886,0.9920566785600547,1.0423272034573692,0.1645103570960523
-0.015076938951896058,0.5298181843465933,0.9925717488818199,1.043531922450831,0.16454744495845977
-0.015003257168253648,0.5276281295934546,0.9925874374267216,1.0447349881315255,0.16458603207274436
-0.014925974674909465,0.5254746458934738,0.9926031311323662,1.0459364429473246,0.16462680497092105
-0.01484511001929078,0.5233602644756117,0.9925911979101997,1.0471363444486015,0.16467192827779245
-0.014760682608526896,0.5212875029816748,0.9926069465283414,1.0483348155561047,0.16472250603350203
-0.014672712704791098,0.5192588612654426,0.9926226873910338,1.049531924285048,0.16477524767231513
-0.014581221420438002,0.5172768170363353,0.992431783511933,1.0507277705599645,0.1648409735251494
-0.014486230712936681,0.5153438213561338,0.9924476408332147,1.0519227793157642,0.1649251479507415
-0.014387763379600944,0.5134622939989605,0.9924635023060888,1.0531171039010876,0.16501149121563802
-0.014285843052118151,0.5116346186865729,0.9924789016597956,1.054310786882256,0.16509957574597073
-0.01418049419087769,0.5098631382128399,0.9924944377516592,1.0555038579938163,0.16518918852628162
-0.014071742079100504,0.5081501494731371,0.9924815848561945,1.056696368850754,0.1652832543407684
-0.013959612816771412,0.5064978984162665,0.9924682713645712,1.0578884555935804,0.16538524030860127
-0.013844133314375142,0.5049085749383188,0.9924839255722856,1.0590802659393654,0.1654928459582105
-0.013725331286437993,0.5033843077396631,0.992499520089897,1.0602718664791297,0.16560259949175826
-0.013603235244876286,0.5019271591679498,0.9925120927320566,1.0614632982025412,0.165714036779074
-0.013477874492153987,0.5005391200715376,0.9925277469544355,1.0626545882022673,0.16582692850880068
-0.013349279114249988,0.49922210468919714,0.9925437270440632,1.0638457749981265,0.1659419618123405
-0.013217479973437697,0.49797794560314834,0.9925592840085199,1.065036899632374,0.166058896274721
-0.013082508700878267,0.49680838878349354,0.9923623997840675,1.0662280594000662,0.16618956947081526
-0.012944397689029165,0.49571508875289627,0.9923573093679222,1.0674197019235088,0.16633938253212033
-0.012803180083870339,0.49469960390082074,0.9921566756524157,1.0686120281118676,0.16650251447755166
-0.012658889776949133,0.4937633919768609,0.9921730915326838,1.0698054901862586,0.16668557541928505
-0.012511561397246577,0.4929078057925542,0.9926607330754387,1.0710002433146006,0.1668702209673097
-0.012361230302866599,0.49213408916062357,0.9926751601212844,1.0721963099990144,0.16705623474379336
-0.012207932572550302,0.49144337309979996,0.9926895566841653,1.0733937237662377,0.16724427561855099
-0.012051704997016981,0.4908366723322045,0.9926772376529872,1.0745925343229632,0.16743672601461554
-0.011892585070134925,0.4903148820988137,0.992664610193061,1.0757928745225243,0.16763714786381412
-0.011730610979922763,0.48987877531665164,0.992679301765701,1.0769948883284914,0.16784312478334681
-0.011565821599384601,0.4895290000992457,0.993095779235778,1.0781986334453266,0.16805063446875415
-0.011398256477180837,0.48926607765938973,0.9931088691139179,1.07940413037239,0.1682594343619246
-0.01122795582813635,0.4890904006105526,0.9931213200105304,1.0806114093321042,0.16847013216744264
-0.011054960523589535,0.48900223168030166,0.9929390229021617,1.0818205669718874,0.16869503923731205
-0.010879312081582973,0.4890017028459518,0.9929520710386072,1.0830320655285688,0.16894016859395591
-0.010701052656899683,0.48908881489934064,0.9929650917909514,1.0842460598295214,0.16918716102358478
-0.010520225030945901,0.4892634374442121,0.9929773417673172,1.08546258205817,0.16943601545135376
-0.010336872601483795,0.4895253093262383,0.9933218213462998,1.0866816623378335,0.16968631459056344
-0.010151039372216338,0.48987403949222896,0.9931464835069472,1.0879033795661377,0.16995008960063185
-0.009962769942226527,0.4903091082716681,0.9931574795259208,1.0891281877622543,0.1702339497224944
-0.009772109495273844,0.4908298690704029,0.9932520225352939,1.090356235611946,0.17051912025671787
-0.009579103788950317,0.4914355504631677,0.9931749006081998,1.091587596991093,0.1708174680615064
-0.009383799143699006,0.49212525866862417,0.9931633344832607,1.0928227273539053,0.1711377464463537
-0.00918624243169732,0.4928979803879043,0.993151573689046,1.094061860482456,0.1714651538135293
-0.008986481065607772,0.49375258598516564,0.9934266953355957,1.095305117053885,0.1717970321532425
-0.008784562987199339,0.4946878329865163,0.9936334025456052,1.0965525263977294,0.1721294978491423
-0.008580536655841601,0.4957023698718207,0.9937723160715719,1.097804091973206,0.17246255344034206
-0.008374451036874713,0.49679474013242275,0.9937828190457345,1.0990598170957433,0.1727961682750633
-0.008166355589858032,0.4979633865666332,0.9938514335928078,1.1003197042377406,0.17313033010645176
-0.007956300256699871,0.4992066557840641,0.993844244323954,1.1015837692494361,0.17346762469588783
-0.007744335449671927,0.5005228028894031,0.9938367668450173,1.1028521171077525,0.1738118407353878
-0.0075305120393103645,0.5019099963161061,0.9938483806525064,1.1041248709025298,0.17416136596344622
-0.007314881342207358,0.5033663227806852,0.9938406401729245,1.1054020926988761,0.17451457443358928
-0.007097495108695084,0.5048897923287385,0.9938510934887895,1.1066838742537148,0.17487198190079195
-0.006878405510426084,0.5064783434446466,0.993843038663223,1.1079702525075663,0.17523229565677634
-0.00665766512785231,0.5081298481978639,0.9938468719730437,1.1092613131325704,0.17559673676243126
-0.0064353269376059554,0.5098421173999378,0.9938403258028391,1.1105570924999468,0.17596405912914834
-0.006211444299785435,0.5116129057478297,0.9938335255625949,1.111857686502545,0.1763379346256383
-0.005986070945149135,0.5134399169306229,0.9937742101358343,1.1131632106667848,0.17671637723308847
-0.005759260962220306,0.515320808678429,0.99376975581761,1.1144737035987256,0.17709758962098424
-0.00553106878430617,0.51725319773403,0.9936483732764457,1.1157892456238545,0.17748270956144246
-0.0053015491764340245,0.5192346647296502,0.9936631220142098,1.1171098593705386,0.17786854918384112
-0.005070757222208033,0.521262758953085,0.9936777641042867,1.118435555849906,0.1782556112275261
-0.0048387483105893645,0.5233350029892986,0.9936925553417005,1.119766349183865,0.1786437837417731
-0.004605578122603141,0.5254488972254234,0.9937072988687468,1.1211022452940045,0.17903265247691136
-0.004371302617975171,0.5276019242089115,0.9937364510908031,1.122443307069523,0.17943325350490605
-0.00413597802170205,0.5297915528503341,0.9937358186943543,1.1237899215424345,0.17985234508391115
-0.0038996608105572286,0.5320152424639832,0.9937346831235,1.1251422729015652,0.18027681310056687
-0.0036624076995370675,0.5342704466410347,0.9935544145722092,1.1265004455494827,0.18070449419615253
-0.0034242756282493007,0.5365546169515112,0.9935688313862577,1.1278644508056435,0.181132280742659
-0.0031853217472479715,0.5388652064726641,0.9935702729529188,1.1292342889572327,0.18156219101570384
-0.002945603404317522,0.5411996731426877,0.9935843990781072,1.1306100210096155,0.18199520172707498
-0.0027051781307095395,0.5435554829398296,0.9935844832874215,1.1319916661705547,0.1824302233761295
-0.0024641036273355937,0.5459301128880235,0.993558887946358,1.1333792818878903,0.1828681986630565
-0.002222437750919324,0.5483210538911089,0.9933131276535865,1.1347728760481752,0.1833061950941028
-0.0019802385001109982,0.5507258133985322,0.9933299712635861,1.1361724843675423,0.18375346801424966
-0.0017375640015682308,0.5531419179061473,0.9933372308701179,1.1375784219256975,0.18421595884441086
-0.0014944724960057553,0.5555669152963687,0.9933562649817862,1.1389908241215794,0.1846810575405442
-0.0012510223242180563,0.557998377022429,0.9930600163453928,1.1404097005690499,0.18514637971108333
-0.0010072719130777529,0.5604339001419568,0.9930812228401691,1.1418350388270075,0.18561179129543723
-0.0007632797615134237,0.562871109205417,0.9930884612635322,1.1432668715806569,0.18608522300764807
-0.00051910442647028,0.5653076580052396,0.9930893216995652,1.1447054863779638,0.18657643244205097
-0.00027480450885662916,0.5677412311916539,0.9931326688595132,1.1461511928805155,0.18708213697069417
-3.043863948000336e-05,0.5701695457613769,0.9931554619190051,1.147604209039413,0.1875947455754226
0.00021393453502392673,0.5725903524253911,0.9931779972034219,1.1490645598221025,0.18810698322842462
0.0004582563662663246,0.575001436862048,0.9928329838402369,1.15053222329723,0.1886187456680302
0.0007024682181804963,0.5774006208617333,0.992854782306614,1.1520071765361268,0.18913061261902767
0.0009465114810942507,0.5797857633692467,0.9924699061706115,1.1534894182196962,0.1896429168994148
0.0011903275857959277,0.5821547614299518,0.9924935006727246,1.1549789305548082,0.19015520984738615
0.0014338580175907696,0.5845055510456431,0.9928160325060686,1.1564757242862989,0.1906706278334428
0.0016770443303441174,0.5868361079458859,0.992843002429224,1.1579798690747822,0.19118914356145963
0.0019198281605082856,0.5891444482804511,0.9928680667264125,1.1594913624043954,0.19170716960720574
0.0021621512411294256,0.5914286292382498,0.9928914508749969,1.1610101839809877,0.19222496643898332
0.002403955415831385,0.5936867495979715,0.9924857370447824,1.1625363115911442,0.1927421395459143
0.002645182652772946,0.5959169502154393,0.992511268078842,1.164069714161673,0.19325850697742408
0.0028857750585751926,0.5981174144524404,0.994176166995455,1.1656103646776557,0.19377424410547334
0.003125674892215608,0.6002863685516053,0.9941990983691775,1.1671582296848475,0.19428881000937065
0.0033648245788856688,0.6024220819616504,0.9956903507300561,1.16871327044234,0.19480200059386457
0.003603166723808565,0.6045228676171007,0.9956737396671335,1.170275439843979,0.19531342978635235
0.003840644126013598,0.6065870821763746,0.9940556482379495,1.1718446899463,0.19582321573229203
0.0040771997920641696,0.6086131262218886,0.9941073525270938,1.173420972419374,0.19633109847753755
0.004312776949735927,0.6105994444256411,0.9941733930619141,1.1750042317291165,0.1968370254220333
0.004547319061641892,0.6125445256835125,0.9942378250698639,1.1765944217639444,0.1973415152268883
0.004780769838800997,0.6144469032213197,0.9943007015771418,1.1781914998255985,0.19784454530700002
0.005013073254147369,0.6163051546754751,0.9943620933567623,1.1797954223130678,0.1983460679303097
0.005244173555976399,0.6181179021508952,0.9944033701220533,1.1814061435520988,0.1988456427586665
0.005474015281325004,0.619883812258654,0.9944410755045517,1.18302360051397,0.19934242477342207
0.00570254326928237,0.621601596135661,0.9944976036571203,1.1846477248799028,0.19983680769176482
0.005929702674228368,0.6232700094485283,0.994530224452846,1.1862784630885501,0.20032898749198258
0.006155438978996225,0.6248878523835993,0.9946590001029003,1.1879157476587037,0.2008185101456502
0.006379698007956351,0.6264539696249776,0.99475955534197,1.1895595229478455,0.20130616429282566
0.006602425940018315,0.6279672503222674,0.9947800503882318,1.1912097354445996,0.20179131494482003
0.006823569321547534,0.6294266280495779,0.9948312336889221,1.1928663125954404,0.20227365879492984
0.007043075079193974,0.6308310807572488,0.9948927018018752,1.1945292003515688,0.2027543957205678
0.007260890532629488,0.6321796307176283,0.9949100041927615,1.1961983569335228,0.20323374704232505
0.007476963407190803,0.6334713444661055,0.9949572205059833,1.1978737413627525,0.2037115593232779
0.007691241846425211,0.6347053327385522,0.994966976251803,1.1995553032425066,0.20418677521958634
0.007903674424535857,0.6358807504061598,0.9950114222682434,1.2012429654190802,0.20465891917055962
0.008114210158723767,0.636996796408638,0.9950547035246627,1.2029366706322735,0.2051292153119971
0.008322798521423284,0.6380527136866158,0.9950576973028161,1.2046363652676593,0.20559674304407574
0.008529389452428633,0.6390477891140248,0.995102938052304,1.2063419667474198,0.20606078832280625
0.008733933370908099,0.6399813534311708,0.9951427738770482,1.2080534089683796,0.20652261848782924
0.008936381187303033,0.6408527811791395,0.9951816882422715,1.2097706397410048,0.20698250896100118
0.009136684315109344,0.6416614906361042,0.9951735307417063,1.2114936035134725,0.20743942582501415
0.009334794682537811,0.6424069437560671,0.9952098752441493,1.2132222135009527,0.2078927967945564
0.009530664744051266,0.6430886461104994,0.9951987580860705,1.214956406688541,0.2083439031883578
0.009724247491775105,0.6437061468332899,0.9952333523779268,1.2166961227868307,0.2087926006270197
0.00991549646677914,0.6442590385694023,0.9952669007104162,1.2184413074122518,0.2092392462141054
0.010104365770227393,0.6447469574275285,0.9952464551358965,1.220191902739985,0.20968266420134582
0.010290810074393666,0.6451695829370727,0.9952776260105101,1.2219478153784376,0.21012221051776367
0.010474784633539909,0.6455266380096868,0.9953078683087214,1.2237089806584376,0.21055963362867028
0.01065624529465506,0.6458178889055959,0.99533728798187,1.225475345380216,0.21099490851974018
0.010835148508051487,0.6460431452048798,0.9953657868165966,1.2272468563450651,0.21142804920995006
0.011011451337816674,0.6462022597838812,0.9953932855223653,1.229023460469642,0.2118590344219998
0.011185111472117879,0.6462951287968471,0.9953623712291877,1.2308050979087337,0.21228654848999692
0.011356087233356441,0.6463216916629142,0.9953279345069246,1.2325916622766016,0.21270852136773474
0.011524337588170334,0.6462819310584821,0.9954967195332651,1.2343830397159512,0.21312646452421002
0.011689822157282065,0.6461758729150356,0.9955200484548014,1.2361791713607755,0.21354255416815446
0.01185250122518944,0.6460035864224085,0.995542491472979,1.2379800049964602,0.21395636262937093
0.012012335749696991,0.6457651840374855,0.9955641609024752,1.2397854856556718,0.21436788728308845
0.012169287371286135,0.6454608214982844,0.9955237009794148,1.241595550924766,0.21477564093778487
0.012323318422320994,0.6450906978433695,0.995417932121838,1.2434100952821021,0.21517914655744327
0.012474391936088826,0.6446550554364685,0.9954380039324489,1.2452290589134176,0.21558076263586815
0.012622471655671388,0.6441541799961947,0.9952922432495069,1.247052390443952,0.21598032622230384
0.01276752204264688,0.6435884006306901,0.9953121766041257,1.2488800449252113,0.21637799700544982
0.012909508285618682,0.6429580898770088,0.9953312799161663,1.2507119694078268,0.21677328713073435
0.013048396308570003,0.6422636637450263,0.9952819366952017,1.2525480998804048,0.21716459830626894
0.013184152779042061,0.6415055817655939,0.9952994984112856,1.2543883237405844,0.2175510608064152
0.013316745116133556,0.6406843470426573,0.9952459662185473,1.2562325596304513,0.21793341329560462
0.013446141498320095,0.6398005063089907,0.9951892930878777,1.258080683329951,0.21830904810236765
0.013572310871091104,0.6388546499851712,0.9951299152509816,1.2599325511982715,0.2186778108891193
0.013695222954402701,0.6378474122413629,0.9950678604665624,1.261788017048535,0.2190395544810938
0.013814848249944932,0.6367794710614245,0.9950812579786428,1.263646941176519,0.21939598240510405
0.013931158048221079,0.6356515483088252,0.995094108224856,1.2655092464268092,0.21974978588662727
0.014044124435437861,0.6344644097937571,0.9951063875483902,1.2673748735579313,0.22010096748995905
0.014153720300204616,0.633218865340808,0.9951297533456269,1.2692437655316966,0.22044992171730876
0.014259919340039834,0.6319157688564695,0.9951410436688272,1.2711158772864313,0.22079684732795826
0.014362696067683797,0.6305560183956797,0.99515181864741,1.272991153782396,0.22114113503134256
0.014462025817215212,0.6291405562265431,0.9951738987933643,1.2748695381788608,0.22148321260842568
0.014557884749970964,0.6276703688922664,0.9951037857144568,1.2767509762203801,0.22182128503917536
0.01465024986026733,0.6261464872692659,0.99511311373033,1.2786353434335844,0.22215369632614979
0.01473909898092127,0.6245699866203112,0.9951217197374208,1.2805225602949732,0.22248341260439766
0.014824410788570247,0.6229419866414612,0.9950973161722,1.282412569297294,0.22281082659386986
0.01490616480878998,0.6212636515014366,0.9950243236407337,1.284305314241197,0.22313405451867202
0.014984341421008027,0.6195361898719657,0.9949164105944994,1.2862006606799101,0.22345019235275324
0.015058921863212725,0.6177608549475034,0.9947311432971135,1.2880984863191909,0.22376214747052248
0.015129888236455958,0.6159389444526019,0.9946179568897394,1.2899987280650365,0.2240707278123573
0.01519722350914883,0.6140718006350603,0.9946278384339173,1.291901284602196,0.2243745579386623
0.015260911521149029,0.6121608102428425,0.9944032330279781,1.2938060847908495,0.22467606824406727
0.015320936987639526,0.6102074044825875,0.9944142430568502,1.2957130849869802,0.22497550014508752
0.015377285502796363,0.608213058957371,0.9944247841666931,1.2976222295618063,0.22527211861931407
0.015429943543246408,0.6061792935812138,0.9943498655900795,1.299533446683102,0.22556367458798102
0.015478898471312806,0.6041076724676354,0.9943593841620953,1.3014465972658913,0.225849014437399
0.015524138538047747,0.6019998037893831,0.994381149541123,1.303361599964948,0.2261319486273389
0.015565652886052399,0.5998573396062375,0.9943035828065708,1.3052783991247905,0.22641044974476285
0.015603431552082521,0.5976819756576339,0.9943119913323335,1.307196858045735,0.22668260218424235
0.01563746546943958,0.5954754511165896,0.994056201143639,1.3091168952571406,0.22695238974566265
0.015667746470146834,0.5932395483012428,0.9940658600904722,1.3110384681413698,0.227220074557499
0.0156942672869094,0.5909760923400604,0.9940751757120202,1.3129615213191606,0.22748488141187403
0.015717021554858622,0.588686950786582,0.9939544074156065,1.3148859857218969,0.22774509600602255
0.015736003813079373,0.586374033179305,0.9939633704132249,1.3168117410429034,0.22799985674195744
0.015751209505920887,0.5840392905421325,0.9938846963487101,1.3187386977605038,0.2282492773776081
0.015762634984089748,0.5816847148205415,0.9938050965914232,1.320666697175653,0.2284896064882181
0.015770277505526082,0.5793123382484486,0.9938140406954836,1.322595566962674,0.22872323122884305
0.01577413523606149,0.5769242326405102,0.9937332267997577,1.324525207911988,0.2289513224766028
0.015774207249859097,0.5745225086044095,0.9937547183580012,1.32645547304063,0.22917317134959025
0.015770493529636,0.5721093146674955,0.9936357746754749,1.3283862845437495,0.22939076574661144
0.01576299496666717,0.5696868363119554,0.993556434214271,1.330317501444947,0.22959965336478655
0.015751713360571705,0.5672572949125692,0.9935648962198309,1.3322489513371438,0.22980163566382272
0.01573665141888096,0.5648229465709567,0.9935731894030811,1.3341805478496782,0.23000061977668793
0.01571781275638867,0.562386080840153,0.9935811625889716,1.3361122306983175,0.23019659806205164
0.01569520189428338,0.5599490193332662,0.9935006649470233,1.3380439263296606,0.23038690443599924
0.015668824259063397,0.5575141142099826,0.9935082172202043,1.3399754812083213,0.23057018337216623
0.01563868618123463,0.5550837465346923,0.9935156043238866,1.3419068086065855,0.23075044610196901
0.01560479489379108,0.5526603245001122,0.9935227366655347,1.3438378486668714,0.23092768353432683
0.015567158530479033,0.5502462815104194,0.9935423815501109,1.3457685441627705,0.2311024513778941
0.015525786123844998,0.5478440741181245,0.9935490024070798,1.3476988551508198,0.23127505016972252
0.015480687603068066,0.5454561798091844,0.9934674678752005,1.349628713933472,0.23144187750701803
0.015431873791576638,0.543085094631251,0.9932196758208738,1.351557967661391,0.2316021102548962
0.015379356404451204,0.5407333306603738,0.993227263711717,1.3534865491082997,0.23176015658497406
0.015323148045612568,0.538403413302031,0.9932347823819928,1.3554144048106238,0.23191517940764877
