x_mean,x_rms,order_parameter,residue_mean,mismatch_mean
0.0009409857487084796,0.4811609400961333,0.006935626290108752,1.0032031694696213e-05,0.0010038705337501379
0.0013052648890696837,0.48116506803088055,0.006985676772830632,4.0101322463836335e-05,0.002007736989627373
0.0016692307721229806,0.4812755125009861,0.007036598265973891,9.016777926222878e-05,0.003011601701475125
0.002032796047803503,0.48149209438758495,0.0070843879812375315,0.00016019141644468704,0.004015464380155971
0.002395873462190316,0.4818144628441948,0.007131561019313014,0.00025013230837389144,0.005019324497541912
0.0027583758784467806,0.4822420966518418,0.007176381301447295,0.0003599506335148942,0.0060231844295919575
0.003120216297733073,0.482774306222616,0.007223418868651441,0.0004896066609071189,0.00702704175912342
0.003481307880085483,0.4834102362327941,0.007272130260493807,0.0006390606824939643,0.008030897009614534
0.003841563965257552,0.4841488688610033,0.007321818063692509,0.0008082731664825606,0.009034755738720174
0.00420089809351813,0.4849890276016013,0.012663407136735798,0.0009971785811728532,0.010033406254413983
0.004559224026401319,0.4859293816187323,0.012802942388928751,0.0012055553959824086,0.01102421354744507
0.004916455767403253,0.4869684506023077,0.012921755837628661,0.0014333115196705592,0.012014949782909004
0.005272507582620858,0.4881046100836211,0.02877402571471385,0.0016803810555820586,0.013000487231259808
0.005627294021327634,0.48933609716543225,0.028991206196448297,0.0019465448509453469,0.013978242896568996
0.005980729936481312,0.49066101661912614,0.029210563993685372,0.0022317109963704844,0.014955854497746904
0.006332730505158805,0.4920773473000975,0.02942340379597726,0.00253583863285628,0.015933325869147277
0.00668321124891333,0.49358294883165754,0.045502078586255566,0.0028588619053450774,0.016905624201632337
0.007032088054048723,0.49517556850763544,0.06130782455043514,0.0032005399653833727,0.017865374779445175
0.007379277191806468,0.49685284836431626,0.06168533205083585,0.003560612893332465,0.018817690627431133
0.007724695338460062,0.498612332373411,0.06206856501916464,0.003938991589552858,0.019769793653819083
0.008068259595312368,0.5004514737093542,0.062449518688587745,0.0043356350104925305,0.02072166482527401
0.008409887508590943,0.502367642046259,0.06282810264373001,0.004750501950561209,0.021673297876622973
0.008749497089236452,0.5043581308423217,0.06320424798423759,0.005183551457853288,0.02262471934541028
0.00908700683257977,0.5064201645722343,0.06358257582769987,0.00563474305233526,0.02357592770176749
0.009422335737902543,0.5085509058712117,0.07945487391410437,0.006104011622618446,0.024522037703008887
0.0097554033278772,0.5107474625574612,0.09499494605243551,0.006591122916310863,0.0254559397398489
0.010086129667880903,0.5130068945032821,0.09554717054418203,0.007095824528194077,0.026382563671855663
0.010414435385179626,0.5153262203284003,0.09610243598648242,0.007618028469977122,0.02730886478880188
0.010740241687977112,0.5177024238925724,0.096658992188765,0.008157693324246046,0.02823483900256325
0.011063470384324647,0.5201324605678765,0.09721693168433984,0.00871477751710306,0.029160477634691075
0.011384043900886669,0.5226132632744098,0.09777620731991049,0.00928923970117596,0.030085792199747476
0.011701885301558015,0.5251417482662695,0.09831829621308492,0.009881038714123875,0.031010794470667957
0.01201691830592821,0.5277148206577316,0.09888466201082537,0.010490133926637165,0.031935496618222266
0.012329067307588471,0.530329379682345,0.09944308967255694,0.011116484577937196,0.03285988290860858
0.012638257392276695,0.5329823236803141,0.1000087895351082,0.011760049793595493,0.033783941717920166
0.0129444143558568,0.5356705548119453,0.11564064254184095,0.01242076477630725,0.03470294638553554
0.013247464722127138,0.5383909834971213,0.11627858822848218,0.01309842412699878,0.03561455560403819
0.013547335760454422,0.5411405325827483,0.13176484573348865,0.013792916524378616,0.03652117255442596
0.013843955503228991,0.5439161412418481,0.14686541202401485,0.014504017564974832,0.03741609096200306
0.014137252763136363,0.5467147686095061,0.1472819887095838,0.015231487505324607,0.038304160984154276
0.014427157150242073,0.5495333971621641,0.148085743400745,0.015975245739012888,0.0391919708186986
0.014713599088884763,0.5523690358478893,0.14889059779316113,0.01673525161829833,0.04007930204716474
0.0149965098343742,0.555218722976129,0.14965819099020453,0.01751146310081367,0.04096616932936531
0.015275821489489428,0.5580795288762156,0.1504712166952149,0.018303839213316467,0.041852612229576196
0.01555146702077399,0.5609485583344447,0.15127183865787772,0.019112338771438465,0.04273860946422651
0.015823380274623575,0.5638229528199624,0.15208610224527147,0.01993692089574474,0.043624170897537506
0.016091495993162445,0.5666998925099872,0.1527017049659586,0.02077754481449761,0.044509341874776315
0.016355749829905133,0.5695765981250467,0.16762357974330733,0.021634149251482007,0.04538971346464644
0.01661607836519941,0.572450332584953,0.16811498240229858,0.02250653998428704,0.04626313903890642
0.016872419121446325,0.5753184024962014,0.16900772236819098,0.023394636542629004,0.047136270400212385
0.017124710578094938,0.5781781594813592,0.16985880999818415,0.02429839884238103,0.04800891220513067
0.01737289218640663,0.5810270013607932,0.17076063885781084,0.025217786127773235,0.048881068220176266
0.017616904383986696,0.583862373196859,0.17166669181407548,0.02615275687287244,0.04975269800892901
0.017856688609079144,0.5866817682103525,0.17230534817805288,0.02710326994898518,0.05062389547553736
0.018092187314620877,0.589482728578688,0.17292286599456946,0.028069287752871354,0.05149482709808892
0.018323343982053052,0.5922628461249166,0.17383429339437495,0.029050773438078253,0.05236538682309269
0.01855010313488505,0.5950197629062647,0.17475495998869495,0.03004768679773366,0.05323543387462297
0.01877241035200866,0.5977511717105244,0.1756805754955637,0.03105998678418503,0.05410497198033834
0.018990212280758915,0.6004548164681429,0.17656670979682845,0.03208763243759903,0.054974003959335944
0.019203456649718436,0.6031284925875018,0.17749404587816736,0.03313058339247778,0.055842556776374855
0.019412092281262262,0.6057700472204044,0.1784224272731487,0.034188799056074935,0.05671057857328453
0.019616069103840287,0.6083773794644064,0.17936616178247058,0.03526223817495807,0.05757808159817036
0.019815338163994292,0.6109484405081886,0.18026770266997633,0.03635086025268282,0.05844508646700557
0.0200098516381063,0.613481233725799,0.18083623474678798,0.037454626040788405,0.05931174951644293
0.020199562843876303,0.6159738147251735,0.18179318655075175,0.03857349974177491,0.06017807011466909
0.02038442625152547,0.6184242913559895,0.18236508690440845,0.03970744245822381,0.061044006772618876
0.0205643974947234,0.6208308236815383,0.18333348276387895,0.04085641871016457,0.061909644676318674
0.02073943338123562,0.6231916239189534,0.1843086747046704,0.04202038940639321,0.06277474329692095
0.02090949190328956,0.6255049563518196,0.18528958771241716,0.043199313806715677,0.06363930894258922
0.021074532247656323,0.6277691372188523,0.18625486797311033,0.044393151568657564,0.06450335737579459
0.021234514805445307,0.6299825345820681,0.1872258150771034,0.04560186263503164,0.0653668914943366
0.021389401181610753,0.632143568177561,0.1882035664600016,0.046825406775558194,0.06622988209407492
0.021539154204165873,0.6342507092517711,0.18918690430067642,0.048063743127090545,0.06709230756822604
0.021683737933103953,0.6363024803858487,0.19014974629287962,0.049316831187847604,0.06795420556480211
0.021823117669024235,0.6382974553105376,0.19117051978329702,0.05058463133449414,0.0688155937484734
0.021957259961459006,0.6402342587137265,0.1918283168698475,0.051867104257200355,0.06967658636111264
0.02208613261690208,0.6421115660426835,0.19282589778276715,0.05316421480923198,0.07053723405588425
0.022209704706534824,0.6439281033027514,0.20764466450359229,0.054475902676136514,0.07139311447407624
0.022327946573648765,0.6456826468541527,0.20872009450752074,0.05580198103178684,0.07224213789526807
0.022440829840763427,0.647374023208359,0.20980125385888015,0.05714236709777662,0.07309053343951942
0.02254832741643665,0.6490011088253701,0.21089241594853575,0.05849702000240284,0.07393832897817641
0.02265041350176614,0.6505628299130901,0.21201612774054976,0.059865899426972416,0.07478554342566263
0.02274706359658152,0.6520581622298709,0.2127816646604518,0.06124896585500482,0.07563228826006725
0.02283825450532398,0.6534861308911931,0.2135429290739311,0.06264618448323815,0.07647879389124486
0.022923964342613113,0.6548458101813388,0.21468244425721705,0.06405752125437043,0.07732488469055843
0.023004172538499516,0.6561363233708216,0.21583906551774967,0.06548293684326828,0.07817034570986871
0.0230788598434011,0.6573568425402629,0.23032201857415938,0.0669223700745012,0.07901112448590103
0.023148008332723145,0.6585065884113104,0.23154856451179037,0.06837563895842738,0.07984518620315972
0.023211601411160247,0.6595848301851394,0.23276181120007586,0.06984266212552867,0.08067858800336017
0.023269623816678877,0.6605908853890137,0.23398022117125106,0.071323399058234,0.08151134169359621
0.023322061624180056,0.6615241197313119,0.23517349505910415,0.07281780957441887,0.08234345560903455
0.0233689022488418,0.6623839469653925,0.23640318350929002,0.07432585335552092,0.08317492138534648
0.02341013444913902,0.6631698287626145,0.23755895200360622,0.07584749068497013,0.08400579933383319
0.02344574832954158,0.6638812745947885,0.23877517630147882,0.07738268335053454,0.08483611003739684
0.023475735342889208,0.664517841626301,0.24005223918782928,0.0789313916986316,0.08566575315494092
0.023500088292442493,0.6650791346161209,0.24133850191544412,0.08049357491984212,0.08649467474613456
0.023518801333610537,0.6655648058298633,0.2554526611202714,0.08206917152133011,0.08731894516318059
0.023531869975353344,0.6659745549620624,0.25674497769127186,0.08365800473535184,0.08813672248933987
0.023539291081259506,0.666308129068777,0.2577445763310389,0.08525999669887085,0.0889539562679977
0.023541062870299286,0.6665653225106452,0.2590427640200706,0.08687511168534028,0.08977067087025804
0.02353718491725178,0.666745976906456,0.26035016795762106,0.08850331042490722,0.09058666668267532
0.023527658152807128,0.666849981097322,0.2616570066073666,0.09014455244330136,0.09140193678437795
0.02351248486334315,0.6668772711214928,0.2629677767403802,0.09179879717032642,0.09221649099289342
0.023491668690376378,0.6668278301998511,0.26428793953680485,0.09346600415078853,0.09303029807486207
0.02346521462968845,0.6667016887321006,0.26560878933981197,0.09514613200787092,0.0938433083873514
0.02343312903012692,0.6664989243036696,0.26687194736730324,0.09683913994013846,0.09465565489387173
0.023395419592081697,0.6662196617032957,0.26828768301140027,0.09854498923141428,0.09546728697345097
0.023352095365636948,0.6658640729512962,0.2697103494710384,0.10026363862221724,0.09627812310722852
0.023303166748398822,0.665432377338456,0.2711417537711528,0.10199504687026843,0.09708817615883691
0.023248645483000974,0.6649248414755016,0.2725829371199103,0.10373917269118269,0.09789742948496011
0.02318854465428511,0.6643417793530737,0.2739336989173298,0.10549597462343434,0.09870589214012244
0.023122878686161714,0.663683552412115,0.27531296532632243,0.1072654122029254,0.099513608553213
0.023051663338147843,0.6629505696245598,0.2766986600400838,0.10904744444830614,0.10032051961311429
0.02297491570158523,0.6621432875841892,0.2903214027894766,0.11084201223486395,0.10112295424779093
0.02289265419553829,0.6612622106074963,0.29167326022626716,0.11264894522060516,0.10191908157704799
0.0228048985623736,0.6603078908443827,0.293223082326517,0.11446816788824815,0.10271448582704415
0.022711669863021776,0.6592809283984469,0.2947806246253675,0.11629963891241567,0.10350898498090999
0.022612990471923267,0.6581819714566453,0.3080378649555074,0.118143298026632,0.10429903036733633
0.022508884071658235,0.6570117164280105,0.3095501799079006,0.11999897879855818,0.10508288042193778
0.02239937564726295,0.6557709080911065,0.3109687075000097,0.12186660538615932,0.10586597852375389
0.02228449148023368,0.6544603397498431,0.31262206079250543,0.12374614012801981,0.10664835845631626
0.022164259142218968,0.6530808533972136,0.3142865853641984,0.12563754255709778,0.10742984223961305
0.022038707488402955,0.6516333398864658,0.31596000448531253,0.1275407710173313,0.1082104292331661
0.02190786665057969,0.6501187391091554,0.31764376785479237,0.12945578423200696,0.10899013164537126
0.021771768029922263,0.6485380401794469,0.3192030665733777,0.1313825407739151,0.10976895217510549
0.021630444289446334,0.6468922816239714,0.3207695521449914,0.13332099965671404,0.11054688755493883
0.021483929346171285,0.6451825515764243,0.3223453342873701,0.1352711201963011,0.11132397496835053
0.021332258362980173,0.6434099879760489,0.32406023510724596,0.13723286185559302,0.11210017281250285
0.021175467740180906,0.6415757787689722,0.32564186919958205,0.13920618341794816,0.11287548726444342
0.02101359510677033,0.6396811621113235,0.3271209762944851,0.14119104470436336,0.11364999785591025
0.020846679311403462,0.6377274265728781,0.33996701777708244,0.1431873904021774,0.11442027674936406
0.02067476041306994,0.6357159113398664,0.3416163139224893,0.1451950595052844,0.11518446904252036
0.020497879671480167,0.6336480064154312,0.3433145721984175,0.14721397675403802,0.11594774486974946
0.020316079537162954,0.6315251528160504,0.34502179077651024,0.1492441014154021,0.11671012322360819
0.020129403641278038,0.6293488427620794,0.34587835400383393,0.1512853946984104,0.11747188180546972
0.019937896785144186,0.6271206198603692,0.3475507418677655,0.15333782630774898,0.11823319948866841
0.019741604929487736,0.6248420792767149,0.3492780455432804,0.15540135986698567,0.11899367497218759
0.019540575183411638,0.6225148678956846,0.3508899220336731,0.15747595645584136,0.11975334235453323
0.01933485579309011,0.620140684465121,0.3525760452559934,0.1595615785863562,0.12051220968090343
0.019124496130189343,0.6177212797223899,0.36493379174336726,0.16165816996815952,0.12126684873993805
0.01890954668001859,0.6152584564991479,0.36671940714675816,0.1637655754020277,0.12201565357150777
0.018690059029414167,0.6127540698011613,0.3683360423790535,0.1658837228251251,0.1227636571628403
0.01846608585435851,0.6102100268593625,0.37009428601340355,0.1680125765241066,0.12351093933860559
0.018237680907338683,0.6076282871480526,0.3717955705974304,0.17015209884356508,0.12425736698697008
0.018004899004445487,0.6050108623658036,0.3735678219662917,0.1723022515398672,0.12500291989768736
0.017767796012218236,0.6023598163742738,0.3753472716381738,0.17446299505974308,0.1257475361778408
0.01752642883423697,0.5996772650897794,0.3770504707836789,0.17663429008739104,0.12649132693391446
0.017280855397465676,0.5969653763220889,0.3788206678486659,0.17881610084689126,0.12723437741049506
0.017031134638350508,0.594226369554515,0.3808327361034222,0.18100838908524924,0.12797644941571767
0.016777326488674905,0.5914625156589816,0.3825898763266945,0.18321111349639246,0.12871755105687285
0.016519491861176464,0.5886761365393074,0.3944197417116962,0.18542422047874274,0.12945473851212289
0.01625769263492811,0.5858696046955634,0.39619114625419016,0.18764756512537556,0.13018652723202206
0.01599199164048747,0.5830453427019083,0.3982818011498058,0.189881080796804,0.13091745827693585
0.0157224526448178,0.5802058225899132,0.40012723472529876,0.19212472767849129,0.13164738946763105
0.01544914033598419,0.5773535651289391,0.401848926667702,0.19437846694066213,0.13237647505117758
0.015172120307628913,0.5744911389947654,0.4037691784878425,0.1966422626206272,0.13310475763724405
0.014891459043228864,0.5716211598172475,0.4056271218711104,0.19891607780615747,0.13383217931938785
0.014607223900140381,0.5687462890974464,0.4075620189456904,0.2011998745564346,0.13455866967628805
0.014319483093433429,0.5658692329843132,0.40943234134683687,0.20349361421528203,0.13528422194191023
0.014028305679520334,0.5629927409007683,0.4113047854857661,0.20579725825925424,0.13600885296566514
0.013733761539582771,0.5601196040087171,0.41318852594295424,0.20811076889964983,0.13673259362107013
0.0134359213628005,0.557252653502428,0.41507248833548804,0.21043410841384738,0.137455428022752
0.013134856629386165,0.5543947587195466,0.4260502223123567,0.21276722488434638,0.13817455181244628
0.01283063959343071,0.5515488250590365,0.4279830881810201,0.21510998347236002,0.13888859621373212
0.01252334326556243,0.5487177916953901,0.4299176498096956,0.21746231856644235,0.139601735424249
0.01221304139542489,0.5459046290786624,0.4317192530016153,0.219824193830317,0.14031405038952685
0.011899808453977482,0.5431123362101915,0.43366300922680395,0.2221955745697073,0.14102558405884166
0.011583719615622512,0.540343937684329,0.4356105906451877,0.2245764248615925,0.14173623345408815
0.011264850740163944,0.537602480487119,0.43762119298476615,0.2269667082848753,0.1424460028353964
0.010943278354601226,0.5348910305436426,0.4399037699189508,0.2293663879603962,0.14315482643062255
0.01061907963476333,0.5322126690067214,0.44173606301726237,0.2317754254638125,0.14386270366741663
0.01029233238678677,0.5295704882808169,0.44370194399146917,0.23419378479915964,0.1445697253872734
0.009963115028442618,0.5269675877763614,0.4460067905953748,0.23662142923481852,0.14527578927384355
0.00963150657031654,0.5244070693913,0.44722998780105844,0.23905832157213547,0.14598110577620105
0.009297586596846808,0.5218920327184667,0.44954696559607216,0.24150443249975811,0.14668581624207122
0.008961435247224024,0.5194255699794298,0.4507540285162444,0.24395972713308361,0.14738974309074632
0.008623133196158575,0.5170107606877022,0.4607367777946036,0.24642416362555775,0.1480906704407293
0.008282761634518859,0.5146506660466915,0.4631256912424399,0.24889762335075516,0.14878702729299156
0.007940402249845734,0.5123483230904595,0.4655247465210974,0.25138004399547625,0.1494823493271762
0.0075961372067481735,0.5101067385782379,0.46742105823582497,0.2538713879184279,0.1501767911252923
0.007250049127183987,0.5079288826567193,0.46983051262289144,0.2563716208563697,0.15087034623950968
0.006902221070630967,0.5058176823073437,0.4717338590822192,0.25888070574193506,0.15156296763927196
0.006552736514153061,0.5037760145991347,0.4737754956034746,0.26139860800260506,0.15225478442082171
0.0062016793323662195,0.5018066997710385,0.47582144578219454,0.26392529435221423,0.15294584534855404
0.005849133777308885,0.49991249417115213,0.4782516415682506,0.26646073256769104,0.15363613596269673
0.0054951844582220325,0.4980960830836259,0.47953485719016153,0.269004888654736,0.1543257047858385
0.00513991632124324,0.4963600734773666,0.4815707115086302,0.27155773418784157,0.15501469055833886
0.004783414629020028,0.4947069867138333,0.48363199431003484,0.2741192366959459,0.155702835904366
0.004425764940247198,0.4931392512541939,0.48567843612237155,0.27668936225019636,0.15639016528786084
0.004067053089133292,0.49165919540880443,0.4946631005257845,0.2792680674170724,0.15707468980088016
0.0037073651648007037,0.49026904017429906,0.49674581851717237,0.28185524953999047,0.15775542848596122
0.0033467874906246997,0.48897089220552997,0.49886467241548377,0.284450855171661,0.15843531808053635
0.002985406603516246,0.48776673697099626,0.5011891057425124,0.2870548511515076,0.15911444430175695
0.002623309233153544,0.48665843214133714,0.5031461485018305,0.2896672058046386,0.1597928091598803
0.0022605822811673382,0.48564770126074325,0.5056754911081761,0.2922878868169607,0.16047036238079326
0.0018973128002849392,0.4847361277507997,0.5082072192995253,0.2949168602405332,0.1611470270810343
0.0015335879734380182,0.48392514929528296,0.5103081818084501,0.29755409256194176,0.16182289444583867
0.001169495092839059,0.48321605265271317,0.512406684868039,0.30019955264771303,0.16249807214184003
0.0008051215390316963,0.48260996894108227,0.5145173085897302,0.3028532099735073,0.16317252659903334
0.0004405547599197568,0.4821078694360792,0.516632337651163,0.3055150335269924,0.163846239990744
7.588224978025249e-05,0.481710561920429,0.5187403819945337,0.3081849916230781,0.16451915894125266
-0.0002888084717348518,0.48141868761756335,0.5208410229518292,0.3108630538241073,0.16519146316173225
-0.0006534298806030363,0.4812327187379746,0.5229338179006081,0.313549191153663,0.16586309193244084
-0.0010178944694363768,0.48115295666118363,0.5307452098557746,0.3162433662778429,0.16653253238357282
-0.0013821147684830826,0.4811795307704754,0.5328750104168254,0.318945497975437,0.16719912748363888
-0.0017460033666196926,0.48131239795146746,0.5350145566157686,0.3216555431834815,0.16786509405044095
-0.0021094729323294014,0.4815513427592783,0.5371548832464579,0.32437347286144735,0.16853035906999334
-0.0024724362346611527,0.48189597825271535,0.5392963432192557,0.3270992572218398,0.1691949492596157
-0.0028348061641646893,0.48234574748753306,0.5419266417176766,0.32983286754692787,0.1698588876175074
-0.0031964957537963584,0.48289992565463685,0.5445568924453714,0.33257427502928005,0.1705221644955181
-0.0035574181997908463,0.4835576228431399,0.551749154273087,0.3353234449688691,0.17118363968084943
-0.003917486882493612,0.48431778740257914,0.5539115806729591,0.33808031047728027,0.17184289452736065
-0.004276615387149182,0.485179209873446,0.5603349776723785,0.34084482940271865,0.17250067436468344
-0.00463471752464035,0.4861405274505319,0.5625589285919941,0.343616944849542,0.17315666668335125
-0.004991707352173076,0.48720022893955367,0.5650685515326214,0.34639662247228487,0.1738119806452443
-0.00534749919390236,0.4883566601640943,0.5672898554280567,0.34918383090087096,0.17446650325341007
-0.005702007661494072,0.4896080297771662,0.5694761009598694,0.35197854183717037,0.17512042852710413
-0.006055147674617667,0.4909524154296449,0.5722111412331083,0.3547807294021736,0.17577387398423017
-0.006406834481365187,0.49238777024648417,0.5749431080453838,0.3575903697963707,0.1764269072665792
-0.006756983678591132,0.4939119295609197,0.5771295294249698,0.3604074400951873,0.17707951962385812
-0.007105511232168976,0.4955226178568965,0.5826445337696257,0.36323191443446257,0.17773125020887315
-0.007452333497158835,0.4972174558705262,0.5846991578357783,0.3660637534596546,0.17838178514408629
-0.007797367237881943,0.4989939678025756,0.590307093057352,0.368902925013883,0.17903152649107598
-0.008140529647896765,0.5008495885956629,0.5928350608490862,0.3717493959348111,0.17968033517229032
-0.008481738369872118,0.5027816712319879,0.5950802486576382,0.3746031352209233,0.18032844860514108
-0.008820911515352602,0.5047874940099527,0.5971410799746348,0.3774641174185806,0.1809760678760502
-0.00915796768441143,0.5068642677608384,0.599946155720186,0.3803323178492592,0.1816232835423712
-0.009492825985185926,0.5090091429698288,0.6021456336505788,0.3832077156330668,0.1822700937112565
-0.009825406053291286,0.5112192167688985,0.6043705868569953,0.38609028776522786,0.18291652871959363
-0.010155628071107637,0.5134915397724732,0.6065588522254008,0.3889800128235484,0.18356264194949373
-0.010483412786935839,0.5158231227301949,0.6087752118515826,0.3918768709466848,0.18420846543170255
-0.010808681534017477,0.5182109429745432,0.6109573195738137,0.39478084056056106,0.1848538985348988
-0.011131356249414663,0.5206519506444387,0.6129905076359751,0.397691900808988,0.18549895731713426
-0.011451359492744563,0.5231430746692154,0.6151623497229094,0.40061002735856394,0.1861435297174563
-0.011768614464764878,0.5256812285005185,0.6179199294569648,0.40353520050129443,0.1867880287063033
-0.012083045025805204,0.5282633155826133,0.6200494204902753,0.40646740805441045,0.1874326330553555
-0.01239457571404018,0.5308862345544432,0.6227873476554855,0.4094066350889382,0.18807718869307086
-0.012703131763600094,0.533546884179293,0.6248981400642719,0.41235286918068986,0.18872182153693826
-0.013008639122514142,0.5362421680003446,0.627005929278081,0.4153060956421172,0.18936637641047474
-0.013311024470482708,0.5389689987225147,0.6291198010663405,0.4182662989248587,0.19001084015810346
-0.01361021523647375,0.5417243023228978,0.6329595948436222,0.4212334656597264,0.1906558003998912
-0.013906139616139674,0.5445050218938402,0.6357209429761818,0.42420760447629124,0.1913019419492311
-0.014198726589049762,0.5473081212241302,0.6381503902497596,0.42718871383949086,0.19194816794665132
-0.014487905935735053,0.5501305881250695,0.6408886384847277,0.4301767745099453,0.1925942222895468
-0.014773608254540428,0.5529694375092354,0.6436086613134706,0.4331717791638522,0.19324089307381845
-0.01505576497828084,0.555821714230638,0.6455737671480205,0.4361737252443037,0.19388782464905974
-0.015334308390696966,0.5586844956956535,0.6487880627837496,0.4391826011842686,0.1945356356363487
-0.015609171642706856,0.5615548942546635,0.6507607612986809,0.44219843142122217,0.19518505923975565
-0.01588028876844952,0.5644300593847053,0.6528392554288146,0.44522120846925567,0.19583430073790428
-0.016147594701116107,0.5673071796737035,0.6549382897144086,0.4482509206710111,0.19648381511720361
-0.01641102528856593,0.5701834846169768,0.6572729559409384,0.451287556811094,0.19713319144073593
-0.016670517308722505,0.5730562462367422,0.6593529424069579,0.4543310969271356,0.19778236064914992
-0.016926008484746652,0.5759227805352993,0.6620294815708536,0.4573815296864057,0.19843204367386783
-0.01717743749998253,0.5787804487923875,0.6640863215129288,0.46043885831441816,0.19908256434415816
-0.017424744012673334,0.5816266587170568,0.6662923051200575,0.463503087935405,0.19973515933972066
-0.01766786867044316,0.5844588654640898,0.6686302301243828,0.4665742815495933,0.20039257372724123
-0.017906753124541173,0.5872745725247143,0.6710569562454634,0.46965252489471876,0.20105512370859172
-0.018141340043845128,0.5900713325009939,0.6731422794199989,0.4727378993799377,0.20172107599179395
-0.018371573128620415,0.592846747772929,0.6752170165749306,0.4758304195940536,0.20238748776280718
-0.018597397124031908,0.59559847106687,0.6772821768704358,0.47893008057630987,0.20305437776811913
-0.01881875783340458,0.5983242059334698,0.6793373114292561,0.4820368780301032,0.20372177447532713
-0.01903560213123091,0.6010217071429582,0.6813812397492052,0.4851508078205729,0.20438969136165494
-0.019247877975920223,0.6036887810051143,0.6835787602998898,0.48827186330972,0.20505765318500546
-0.019455534422288864,0.6063232856208881,0.6856012776921429,0.4914000274371398,0.20572567534182656
-0.019658521633786317,0.6089231310722041,0.6876390705710754,0.4945352942992568,0.2063942487588497
-0.019856790894456317,0.6114862795560778,0.6896661328467341,0.49767765958098326,0.207063283431135
-0.02005029462062801,0.6140107454687591,0.6917882075011992,0.5008271176960645,0.207732564098776
-0.020238986372336027,0.6164945954452679,0.6937925698017485,0.5039836549059383,0.2084019666563701
-0.020422820864465598,0.6189359483592763,0.6942714982351307,0.5071472817208632,0.20907502726758762
-0.020601753977621227,0.6213329752879441,0.6949086722555275,0.5103181165252589,0.2097562095011717
-0.020775742768714477,0.6236838994460038,0.6967559693270879,0.5134962909263867,0.21044222810715663
-0.020944745481270784,0.6259869960930134,0.6987684751348414,0.5166818218405564,0.21112841383241027
-0.02110872155545035,0.6282405924174361,0.7007958993063622,0.5198747055199503,0.2118153387173125
-0.0212676316377825,0.6304430674008898,0.7026157893335581,0.5230749402063484,0.21250266992999978
-0.021421437590610302,0.6325928516656253,0.7024580568281042,0.5262825326661877,0.21319379582689882
-0.021570102501243277,0.6346884273080756,0.7042846462190971,0.5294976003602638,0.21389053342120154
-0.02171359069081661,0.6367283277210294,0.7042960922837139,0.5327201828738248,0.21459099807794563
-0.021851867722853493,0.6387111374067844,0.7062410996429229,0.5359504013356646,0.2152976644327609
-0.021984900411529954,0.6406354917834253,0.7080611513528166,0.5391882920031217,0.21600482981214156
-0.022112656829639518,0.6425000769861632,0.7107440103856735,0.5424338474880757,0.21671303234408992
-0.02223510631625485,0.6443036296655035,0.713393063651831,0.545687095106977,0.21742393529222714
-0.022352219484087086,0.6460449367838378,0.7151147593148833,0.548948068973402,0.21813659780414013
-0.022463968226537998,0.6477228354119061,0.7169866729704328,0.5522167710846145,0.218849867377776
-0.022570325724445946,0.6493362125264168,0.7195713006165337,0.5554932072196965,0.21956486979436107
-0.0226712664525218,0.650884004810007,0.7221221267996671,0.5587774120089757,0.22028285554087548
-0.02276676618547552,0.6523651984545873,0.7239107912611582,0.5620694283756594,0.22100328157991864
-0.02285680200382959,0.6537788289690024,0.7264120553204546,0.56536927819599,0.2217257662023152
-0.022941352299419758,0.6551239809918606,0.727994358087246,0.5686769967491645,0.22245032759301023
-0.023020396780580973,0.6563997881102713,0.7297729351571453,0.5719925884178139,0.22317561504117756
-0.023093916477017088,0.6576054326851577,0.7314945541903132,0.5753160597952282,0.22390220308774894
-0.023161893744353908,0.6587401456837343,0.7339077855416727,0.5786474254878646,0.22463093611859625
-0.023224312268373657,0.659803206519672,0.7362905808275465,0.5819867290496028,0.22536306801805037
-0.023281157068930206,0.6607939429014137,0.738641354026066,0.5853340238129541,0.22609874269430277
-0.02333241450354419,0.6617117306890359,0.7402642515774601,0.588689358761733,0.22683664722754793
-0.023378072270677352,0.6625559937600211,0.742569106005042,0.5920527406208415,0.22757599114797653
-0.023418119412684804,0.6633262038842497,0.7448407996667046,0.5954242103220542,0.22831894236582576
-0.0234525463184446,0.6640218806084699,0.7470795301853087,0.5988038250682008,0.2290656223268235
-0.023481344725664734,0.6646425911504946,0.7486484288427471,0.6021916401511089,0.229815312607947
-0.023504507722865668,0.6651879503033168,0.7508269207345792,0.6055876872896153,0.23056768132202723
-0.02352202975103922,0.6656576203493143,0.7504715608325762,0.6089920416419992,0.23132796530048985
-0.023533906604982866,0.6660513109846946,0.7526731859582838,0.6124049015768408,0.23209809093149888
-0.023540135434308544,0.6663687792542993,0.754033273298268,0.6158263648773467,0.23287097021193276
-0.02354071474412716,0.6666098294968702,0.7561847238440026,0.6192564468454049,0.23364589024018964
-0.023535644395407104,0.6667743133008537,0.7577010186861005,0.622695196891345,0.23442416018796097
-0.023524925605007796,0.666862129470817,0.759805373342075,0.6261426499989818,0.2352053313467584
-0.023508560945387447,0.6668732240045141,0.7593742037436979,0.6295988870791251,0.23599495121410247
-0.023486554343985774,0.6668075900806315,0.7614990382121606,0.6330641204019354,0.2367950728057667
-0.023458911082281538,0.6666652680572487,0.7630110429122943,0.6365384565119574,0.23759867521592354
-0.023425637794524872,0.6664463454809866,0.7644998273278218,0.6400219254199566,0.23840413750601389
-0.023386742466145055,0.6661509571068606,0.765997511596664,0.6435145460949973,0.23921144405165173
-0.023342234431834318,0.6657792849287837,0.767471359143576,0.6470163369026486,0.24002060519926005
-0.023292124373306987,0.6653315582207046,0.7689286126940186,0.6505273174502397,0.2408317011509358
-0.023236424316736847,0.664808053588298,0.7709360409031307,0.6540475141972639,0.2416459465536241
-0.023175147629869948,0.6642090950311479,0.772910803636652,0.6575769959440059,0.24246518390906943
-0.02310830901881711,0.6635350540153154,0.7748502190475975,0.6611158443226339,0.24328945848311564
-0.023035924524524,0.6627863495561885,0.776245311817466,0.6646641369161933,0.24411770238669914
-0.022958011518921913,0.6619634483114658,0.7776338385102626,0.6682219086516202,0.24494797542003416
-0.022874588700758237,0.6610668646841077,0.7795068398651365,0.6717891876020257,0.24578157975382578
-0.02278567609110876,0.6600971609350811,0.7809326972930782,0.6753660370913473,0.24661840345669708
-0.022691295028573075,0.6590549473056486,0.7800715129957403,0.6789524952201851,0.24746212013246466
-0.022591468164153063,0.6579408821489631,0.7814564657424288,0.6825487829118664,0.24831665331905753
-0.02248621945581707,0.656755672070662,0.7828245074203521,0.686154978745576,0.24917322109410112
-0.02237557416274996,0.6555000720781183,0.7841831445538612,0.6897711051980872,0.2500319396390324
-0.022259558839290795,0.6541748857379678,0.7829159066842284,0.6933972168800007,0.2508991127908613
-0.022138201328560404,0.6527809653414551,0.7817517808528148,0.6970335872708755,0.25178398234384586
-0.0220115307557788,0.6513192120771089,0.7836528308131727,0.7006805221764324,0.25268148121746103
-0.021879577521275357,0.6497905762101648,0.7855149632488708,0.7043381569777971,0.2535844292024611
-0.021742373293193056,0.6481960572681082,0.7866860679612583,0.7080065682902432,0.25449069317190504
-0.021599950999887922,0.6465367042315898,0.7883376659045747,0.7116857587353863,0.25539707668396894
-0.021452344822026854,0.6448136157299343,0.7901497613527112,0.7153757192659879,0.25630568236411366
-0.021299590184383793,0.6430279402402997,0.7919261675183222,0.7190765150639392,0.2572196926444919
-0.021141723747338713,0.6411808762894954,0.7935284149467245,0.7227882223058678,0.2581369997289942
-0.020978783398078592,0.6392736726573144,0.7950980046646063,0.7265108422830416,0.2590543854141953
-0.020810808241505115,0.6373076285801198,0.7966289305339994,0.7302443534593472,0.25997171239835853
-0.020637838590849663,0.6352840939532882,0.7979050801095546,0.733988737241171,0.2608898773498257
-0.020459915957998023,0.6332044695309639,0.7994001868861712,0.7377440013251204,0.26180927062038956
-0.02027708304352799,0.6310702071213966,0.8007558084854226,0.7415101318314585,0.2627287042243775
-0.020089383726461442,0.6288828097759924,0.8020500192143007,0.7452871131330563,0.26364904563308716
-0.019896863053733477,0.6266438319699738,0.8031488421201469,0.7490749549106829,0.264570877336337
-0.019699567229381397,0.6243548797723846,0.804428366337465,0.7528736530816568,0.26549368576760424
-0.019497543603456086,0.6220176110029068,0.8056996729924216,0.7566832191409749,0.26641848584669486
-0.019290840660657838,0.6196337353727698,0.8069148958104221,0.7605036714321687,0.2673453557199228
-0.0190795080087008,0.6172050146067396,0.8084960331293802,0.7643350393063969,0.26827601106658755
-0.018863596366407102,0.6147332625429225,0.8099440382600606,0.7681773957473851,0.269210346555676
-0.0186431575515344,0.6122203452068345,0.8113501469504877,0.772030742801134,0.27014465048577707
-0.018418244468340034,0.6096681808558825,0.8125821295734837,0.7758950620437711,0.27107974050213596
-0.018188911094884415,0.607078739990071,0.8139485462913818,0.779770359660251,0.27201602934824376
-0.017955212470076455,0.6044540453244344,0.8151083887602796,0.783656625698403,0.2729531957633284
-0.0177172046804641,0.601796171718319,0.8163229054651674,0.7875538730582674,0.2738924714462456
-0.01747494484677442,0.5991072460562926,0.8142943459576556,0.7914621570802882,0.27484110083277696
-0.01722849111020469,0.5963894470750545,0.812337854657646,0.7953817892093763,0.27580994257873254
-0.016977902618468595,0.5936450051303457,0.8138761166314562,0.7993131169347722,0.2767929715000507
-0.016723239511601408,0.5908762018974316,0.8153436243900825,0.8032562891659282,0.27778190042298684
-0.016464562907526226,0.5880853699983487,0.81647605866387,0.8072113949619831,0.2787753516104814
-0.016201934887386235,0.5852748925486378,0.817601871104176,0.811178468314238,0.2797708756543786
-0.015935418480645804,0.5824472026159176,0.8187249824003999,0.8151575265831624,0.2807684398991734
-0.0156650776499631,0.5796047825821872,0.8199778662248006,0.8191485817421221,0.28176713606045495
-0.015390977275839907,0.5767501634013735,0.8210829680345512,0.8231516198442345,0.2827665931948655
-0.015113183141050167,0.5738859237432026,0.8188471696252991,0.8271666860449561,0.2837754269606688
-0.014831761914852765,0.5710146890141127,0.8199442788813988,0.8311940538419292,0.2847973169980653
-0.014546781136991222,0.5681391302455803,0.8210359078489408,0.8352338119792566,0.2858211744110043
-0.014258309201484222,0.5652619628398708,0.8221349745095734,0.8392859747239323,0.2868469374628535
-0.013966415340211476,0.562385945162998,0.8233586602754565,0.8433505499643893,0.2878736876360589
-0.0136711696062986,0.5595138769744025,0.8246697625738141,0.847427529517414,0.28890280657420797
-0.013372642857304563,0.556648597682727,0.8259378987707646,0.8515169860965963,0.28993800727571023
-0.01307090673821604,0.5537929844169783,0.8269940459068673,0.8556190066581941,0.29097750269087447
-0.012766033664253327,0.5509499499023439,0.8281880036880125,0.8597336136631692,0.292017890993041
-0.012458096803490578,0.5481224401300602,0.8294698994865799,0.8638607831536649,0.2930579276730744
-0.012147170059296374,0.5453134318109321,0.8307020533931797,0.8680004828244158,0.29409759313944567
-0.011833328052596702,0.5425259296024554,0.831865610027771,0.8721526933304624,0.29513952644827973
-0.011516646103966747,0.5397629630999742,0.829793109016864,0.8763175153506647,0.2961931872072228
-0.011197200215553984,0.537027583582975,0.8309316604757307,0.8804952391100371,0.29726116243994904
-0.010875067052838269,0.5343228605084132,0.8289419214575764,0.8846860389383305,0.2983402066492285
-0.010550323926232352,0.5316518777439921,0.830062472203008,0.8888901848338464,0.2994326257146137
-0.010223048772527797,0.5290177295355172,0.8279232831790213,0.8931078380893388,0.3005357127660471
-0.009893320136190488,0.5264235162038569,0.8290753697015479,0.8973392496075687,0.3016495619295344
-0.009561217150510377,0.5238723395686693,0.8301681157360181,0.901584467036463,0.3027650997299199
-0.009226819518609906,0.5213672980979223,0.8313080042019143,0.9058435293421385,0.3038833248713964
-0.008890207494315527,0.5189114817842911,0.8322614648649714,0.910116421306246,0.30500167050657206
-0.00855146186289729,0.5165079667518478,0.8300644859148183,0.9144031672310785,0.30612796324612146
-0.008210663921680688,0.5141598095989645,0.8311914861880774,0.9187039905432742,0.3072644874993401
-0.007867895460535655,0.5118700414860824,0.8322376352310435,0.923018931485875,0.30840236753815525
-0.007523238742247609,0.5096416619799443,0.8331642045767037,0.9273480247662949,0.30954342709320626
-0.007176776482774519,0.5074776326689566,0.8340831850959061,0.9316912769428506,0.31068547982782785
-0.006828591831395481,0.5053808705676135,0.8349968185154042,0.9360486791216349,0.3118284926914057
-0.006478768350755508,0.5033542413312353,0.8328941296927415,0.9404202528159549,0.31297849736522865
-0.006127389996810811,0.5014005523057053,0.8339946257730175,0.9448061927956859,0.31413751960023045
-0.00577454109867956,0.4995225454403144,0.8317909111462637,0.9492065506311822,0.3153022407369696
-0.005420306338403576,0.49772289009520926,0.8296439812558115,0.9536215408691635,0.31648206864928013
-0.005064770730625028,0.4960041757782501,0.8307808167836154,0.9580513950746271,0.31767001441213105
-0.004708019602183017,0.49436890484922635,0.8318667612712384,0.9624961202014033,0.3188565867285889
-0.004350138571635965,0.49281948523228214,0.8328076228591201,0.9669556689145967,0.3200437423944725
-0.003991213528713281,0.49135822318004707,0.8338845384159393,0.9714300510589277,0.32123240842362993
-0.003631330613702356,0.4899873161351984,0.831676342061167,0.9759192594287126,0.32242561948175436
-0.003270576196775317,0.48870884573704215,0.8325835417007513,0.9804234482686469,0.32362767482988003
-0.002909036857260519,0.48752477102198655,0.8334675023673743,0.9849426757792984,0.3248313614844307
-0.0025467993628639717,0.48643692186759946,0.8344816924553831,0.9894769212067764,0.3260344944148484
-0.002183950648845504,0.4854469927300867,0.8353534222488046,0.9940261337902568,0.3272367015300157
-0.001820577797154836,0.4845565367245481,0.8361945832597467,0.9985902811852871,0.32843979939318907
-0.001456768015531981,0.4837669600962339,0.8370562027933123,1.0031693669883095,0.329644408292599
-0.0010926086165782645,0.4830795171291509,0.83791020519791,1.0077633704224485,0.33084881345840883
-0.0007281869968013521,0.4824953055358465,0.8388543107224019,1.012372253511217,0.3320524015072871
-0.0003635906156407118,0.4820152623689651,0.8397395009807351,1.016995959059948,0.33325430359129243
1.0930255222905139e-06,0.48164016049130765,0.8405765641896235,1.021634426113109,0.3344550413549204
0.00036577640436434876,0.48137060563663536,0.8414083762466945,1.0262876117729838,0.33565529984260634
0.0007303719986250836,0.4812070340884559,0.8421175292183644,1.0309554806518841,0.3368559624420939
0.0010947923071120136,0.48114971099854786,0.8429371904220151,1.0356380267905236,0.33805759605797037
0.0014589498707003718,0.4811987293610916,0.8437552083203567,1.040335220771437,0.3392586995847076
0.001822757293322938,0.4813540096521736,0.8445631361512593,1.045047021720718,0.3404592120427849
0.0021861272629446152,0.4816153001380882,0.8453636134523776,1.0497733887310523,0.3416590882398392
0.0025489725725169467,0.481982177849504,0.8461572259693962,1.0545142787686075,0.3428582382269468
0.002911206140907374,0.48245405021223053,0.8469445049372888,1.0592696480176027,0.3440566478885715
0.0032727410337982424,0.4830301573191716,0.8477365879746213,1.0640394505900133,0.34525386751008547
0.003633490484550726,0.48370957482216836,0.8485117079254524,1.068823627280254,0.34644967905356017
0.0039933679150283025,0.4844912174168961,0.8490726184478143,1.0736221340764172,0.3476455088950498
0.004352286956375136,0.4853738428889564,0.8495862480480445,1.0784349548070025,0.34884216851706074
0.004710161469744179,0.48635605668475324,0.8474172816866682,1.0832620897292538,0.35004207445081476
0.005066905566970098,0.4874363169668449,0.8478821743373686,1.0881036044261192,0.3512457282841914
0.005422433631181995,0.4886129401101703,0.8486350910764823,1.0929594918081318,0.35244880334875
0.005776660337351062,0.48988410659296716,0.8494247153362335,1.0978296986813931,0.3536501459678848
0.006129500672768177,0.49124786723428915,0.8501680074346742,1.1027141570546357,0.35484953557525994
0.0064808699574465415,0.49270214972882403,0.8505608916711503,1.107612806389237,0.35604780134303793
0.006830683864444465,0.4942447654291846,0.8512916021241856,1.1125256026191752,0.3572451201025255
0.007178858440103443,0.4958734163259648,0.8519925203094958,1.1174524876270262,0.3584405241087857
0.007525310124196653,0.49758570217657777,0.8523235660646783,1.1223933928826302,0.3596342428294638
0.00786995576998289,0.49937912773519105,0.8532709242969456,1.1273482656017406,0.3608265380185124
0.008212712664161593,0.5012511100378605,0.8511901127858832,1.1323170452481575,0.36201802960511065
0.0085534985467234,0.5031989856991782,0.8518967925938519,1.1372997071339963,0.36320921199555384
0.008892231630692379,0.505220018179371,0.8521778067878658,1.1422961924355723,0.36439837917080237
0.009228830621754346,0.5073114049836606,0.8528767393400694,1.147306432967865,0.3655853119002557
0.009563214737767209,0.5094702847588275,0.8530935835889829,1.1523303542411734,0.3667698919935571
0.009895303728148168,0.511693744255225,0.8537460715054469,1.157367881274804,0.36795197510897565
0.010225017893133691,0.513978825125858,0.8544386211768938,1.162418934815848,0.36913141387385895
0.010552278102906846,0.5163225305375858,0.8550715366557783,1.1674834353969803,0.370308220733972
0.01087700581658819,0.5187218315729227,0.8556464849756572,1.172561302432043,0.3714823021985352
0.01119912310108521,0.5211736734042512,0.8561629961566534,1.1776524560144905,0.37265376771777853
0.011518552649795826,0.5236749812255312,0.8563373284801006,1.1827568151773926,0.3738223801115749
0.011835217801161759,0.5262226659296699,0.8564714082582507,1.1878742949257244,0.3749880103775845
0.012149042557066612,0.5288136295226875,0.8544364855576986,1.1930048053964264,0.37614977687546736
0.01245995160107548,0.5314447702685356,0.8550955875451193,1.1981482257583116,0.3773068210840036
0.012767870316510183,0.5341129875609781,0.8557509304770842,1.2033044532528907,0.37846045974020875
0.013072724804357044,0.5368151865212716,0.8564028406551742,1.2084733942179078,0.3796106933456331
0.013374441901002463,0.5395482823224664,0.8564168874954649,1.2136549514503059,0.38075685226509853
0.013672949195791432,0.5423092042430326,0.8573186840291164,1.2188490108051768,0.3818988271447649
0.013968175048406153,0.545094899454152,0.8573437331625094,1.2240554748072119,0.3830370538822483
0.014260048606059124,0.5479023365464641,0.8577568563994753,1.2292742343245542,0.3841712001346861
0.014548499820497541,0.5507285088032525,0.8581009354663965,1.2345051942079344,0.38530208414385675
0.014833459464814567,0.5535704372280983,0.8583746968143225,1.2397482658206223,0.3864297351938463
0.015114859150063463,0.556425173335854,0.856389186639782,1.2450033438692365,0.3875509342540395
0.015392631341670493,0.5592898017164465,0.85636846235763,1.2502702187757107,0.38866273289897185
0.015666709375643083,0.5621614423815406,0.8569902992674752,1.2555487260570988,0.38976902666070234
0.01593702747456865,0.5650372529044235,0.8550883395728163,1.2608387256298725,0.39086666152108673
0.016203520763401005,0.567914430363719,0.854905995344027,1.2661399475925808,0.3919519349583524
0.016466125285030234,0.570790213101645,0.8557821345394573,1.271452192039404,0.3930311207996192
0.016724778015631464,0.5736618823075292,0.8556592799661668,1.2767753433985398,0.3941053762517347
0.016979416879791074,0.5765267634372274,0.8562676374891068,1.2821092526690065,0.3951731111448776
0.017229980765403975,0.5793822274789334,0.8544502012956976,1.2874537584348373,0.39622978293513417
0.01747640953834027,0.582225692075628,0.8550519362598491,1.2928085226182622,0.3972719200250333
0.01771864405687748,0.5850546225141666,0.8534498564981072,1.2981733200020287,0.3983013451113747
0.0179566261858939,0.5878665325906731,0.8539649396733048,1.3035477665094646,0.3993148195892013
0.01819029881082094,0.5906589853615501,0.854553815880762,1.308931680955494,0.4003235845200726
0.018419605851350225,0.5934295937890404,0.8545642672284393,1.3143249384518643,0.40132718179178495
0.018644492274892815,0.5961760212898825,0.8551420134867829,1.3197274276561406,0.4023259996760015
0.01886490410978648,0.5988959821951749,0.8536851836646544,1.325138977428118,0.40331016949875503
0.01908078845824896,0.6015872421291574,0.8542601438666528,1.3305591387453841,0.4042747333237703
0.019292093509072808,0.6042476183141924,0.8541496881186392,1.3359876818380325,0.40523359464814696
0.019498768550060257,0.6068749798088126,0.8549883502520182,1.34142449401378,0.40618830755430374
0.019700763980193443,0.6094672476852666,0.854598678074227,1.3468694646715529,0.40713603885287974
0.01989803132153887,0.6120223951526298,0.8554389511437487,1.3523223894659238,0.4080750964814605
0.020090523230881358,0.6145384476311005,0.8559454085046683,1.3577831419492272,0.4090101151172595
0.020278193511086843,0.6170134827827622,0.8564199745695367,1.36325162372366,0.40994097298411075
0.020460997122188834,0.6194456305036968,0.8569638875139841,1.3687277324758103,0.41086679727236364
0.02063889019219816,0.6218330728819859,0.8574150803603907,1.3742113374102236,0.41178703085663854
0.020811830027631956,0.6241740441258129,0.8579596808526543,1.379702325992175,0.4127021332753721
0.020979775123759866,0.626466830465535,0.8585011368479385,1.3852005606204214,0.4136105469880686
0.021142685174564982,0.6287097700333059,0.8581675042632789,1.3907058971490405,0.41451314294173963
0.02130052108241714,0.6309012527235366,0.8587035856576106,1.396218218884129,0.41541038517483647
0.02145324496745606,0.6330397200372114,0.8591460094004308,1.401737393307173,0.41630205013248633
0.021600820176682446,0.6351236649128292,0.8599268395541042,1.4072633117226556,0.41718934690638615
0.021743211292754545,0.6371516315464806,0.8587521833961883,1.4127958153129798,0.41806001467139875
0.021880384142487885,0.639122215203384,0.8576636887689242,1.4183342955531504,0.4188936821855562
0.02201230580505709,0.641034062022963,0.8571203748453704,1.4238780298254294,0.41969839299293765
0.022138944619896322,0.6428858688193743,0.8576193284521403,1.4294266329773806,0.42049130360031156
0.02226027019429788,0.6446763828792168,0.8570273170095853,1.4349799046019236,0.42127390642327117
0.02237625341070647,0.6464044017579843,0.8575618548849185,1.4405375818088935,0.42204437966710573
0.022486866433706766,0.6480687730766616,0.8583695386103694,1.4460994767663746,0.42280836490635537
0.022592082716704168,0.6496683943197504,0.8577225127855069,1.4516654588505362,0.4235636467467641
0.022691877008295915,0.65120221263586,0.8570474773824899,1.4572352567420714,0.42430359089321307
0.022786225358330997,0.6526692246418843,0.8563307947375786,1.4628085587561341,0.42502834731827144
0.022875105123658337,0.654068476231692,0.8571697711302405,1.4683850739266848,0.4257421016926775
0.022958494973560867,0.6553990623901425,0.856391926851694,1.4739646416568168,0.4264468629660781
0.023036374894874867,0.6566601270131541,0.8568977880699884,1.4795469994358617,0.42713904140977327
0.023108726196793085,0.6578508627344876,0.856369913760027,1.4851319649554586,0.4278248924979721
0.02317553151535051,0.6589705107598035,0.8570364751412909,1.4907194270909743,0.4285059901726022
0.02323677481759119,0.660018360708509,0.8578635765007294,1.4963092888352811,0.4291826243991465
0.023292441405416562,0.6609937504638472,0.8570386690170612,1.5019014327842868,0.4298500264354666
0.02334251791911287,0.6618960660316128,0.8575272001930546,1.507495592800047,0.430504587826272
0.023386992340557106,0.6627247414078431,0.8568749357372429,1.5130915818952988,0.431152550092952
0.023425853996101656,0.6634792584557907,0.8561323750305313,1.5186892910713092,0.43179602726744515
0.023459093559135814,0.6641591467924268,0.8566089894811549,1.5242886204781358,0.4324336157828442
0.02348670305232385,0.6647639836847213,0.8571442648517824,1.529889423392429,0.43306331198124853
0.023508675849520017,0.665293393955866,0.8561944784568661,1.5354914500224197,0.43366777023353253
0.023525006677358434,0.6657470499016352,0.8552810309012718,1.5410939190379762,0.43423464539978407
0.023535691616518875,0.666124671217006,0.8543253762826326,1.5466963436678196,0.4347838725190712
0.02354072810266715,0.6664260249331652,0.8548123221204889,1.5522983930038656,0.43531946567933766
0.02354011492707084,0.6666509253649865,0.8538121444485093,1.5578998512796236,0.4358431619839168
0.023533852236888992,0.6667992340690794,0.8527744198700943,1.5635004037373068,0.43634914651399326
0.02352194153513745,0.6668708598124445,0.8516998664482051,1.5690997013218866,0.4368376529301253
0.02350438568032729,0.6668657585517894,0.8505903402063267,1.5746973959362232,0.43730855153682824
0.023481188885779353,0.6667839334235438,0.8498187947098339,1.5802931649451717,0.4377670346757937
0.02345235671861306,0.6666254347445645,0.8504268452350237,1.5858868595352642,0.43821927622265844
0.02341789609841014,0.6663903600235531,0.8510321926317562,1.5914783283541347,0.43866295840343594
0.02337781529555399,0.6660788539831564,0.8516328380783829,1.5970674037408634,0.43909798943082035
0.023332123929244906,0.6656911085927223,0.8522289990565708,1.6026539177969086,0.4395243938727661
0.023280832965191504,0.6652273631116624,0.8528185554824724,1.608237703258388,0.43994217273731445
0.023223954712979004,0.6646879041433728,0.8534099498193464,1.6138185934793232,0.44035132620329637
0.023161502823114775,0.664073065699611,0.8522560806144049,1.619396402646602,0.44074803552869274
0.02309349228375263,0.6633832292752503,0.8528681028814392,1.6249708311662454,0.4411303999295616
0.02301993941709561,0.6626188239332758,0.8534776912796669,1.630541674983139,0.44150401117952437
0.022940861875478696,0.6617803263998857,0.8540655353941452,1.6361087620932206,0.4418686263016337
0.02285627863713217,0.6608682611695361,0.8528770744147418,1.6416719065422078,0.4422208115181704
0.022766210001627287,0.6598832006197083,0.8540925448777104,1.6472308163015135,0.4425601181183548
0.02267067758500419,0.6588257651351894,0.8546876628852516,1.6527853450706296,0.4428932817434985
0.022569704314584355,0.6576966232415951,0.8552959985555842,1.6583353482426932,0.4432179994053761
0.022463314423467932,0.6564964917478171,0.854073303373521,1.6638806453756951,0.4435302534358995
0.022351533444718123,0.6552261358970585,0.8546937764152909,1.6694209382989051,0.44382810739247014
0.02223438820523326,0.6538863695260461,0.8545027768931752,1.6749559253159905,0.4440970272714346
0.022111906819308445,0.6524780552319721,0.8544053260257599,1.6804846345400033,0.44430688957974507
0.021984118681888456,0.65100210454664,0.8557690384912077,1.6860060149197733,0.444479937616719
0.021851054461512875,0.6494594781172371,0.854463694431246,1.6915197498694519,0.4446433371225402
0.02171274609295576,0.6478511858930718,0.8558484364973838,1.6970255869575575,0.44479465233546245
0.021569226769561755,0.6461782873175337,0.8571913870248211,1.7025234025544396,0.4449415797407596
0.021420530935279458,0.6444418915244465,0.8558559326733675,1.7080131004282317,0.4450790669089672
0.02126669427639546,0.6426431575378837,0.8544868554915718,1.713494406008534,0.4451995354015493
0.02110775371296924,0.640783294474397,0.8530857446761402,1.7189670005378976,0.4453034072540393
0.0209437473899733,0.638863561746516,0.8537870008005027,1.7244305886295501,0.4453942124679444
0.020774714668137843,0.6368852692662172,0.8547824149936438,1.7298850028441473,0.4454785594139598
0.020600696114504588,0.6348497776469293,0.8533571021337015,1.7353301377520793,0.4455538573670443
0.020421733492691208,0.6327584984025048,0.8540720787177265,1.7407657532013832,0.44561635500871527
0.020237869752867895,0.6306128941413968,0.8556104854414002,1.74619168649924,0.44567247915546077
0.02004914902144955,0.6284144787541166,0.8563159404205974,1.7516078489860425,0.4457228122419323
0.01985561659050588,0.6261648175918438,0.8578397358221893,1.7570141249495999,0.4457667461705798
0.01965731890689134,0.623865527633862,0.8593342290974777,1.7624104332729462,0.44580631459406966
0.019454303561098032,0.6215182776412576,0.860781807318929,1.76779670733131,0.44584163558289913
0.019246619275834514,0.6191247882940923,0.8621834381857506,1.7731728851334685,0.44587292399340706
0.019034315894332274,0.6166868323089926,0.8628561649809101,1.7785388989391442,0.4458987493983829
0.018817444368383843,0.614206234533825,0.8637938642617198,1.783894638467289,0.44591841090376055
0.018596056746114316,0.6116848720158544,0.8644277254916528,1.78924002421156,0.44593277305935747
0.018370206159490504,0.6091246740394534,0.8650886898287388,1.7945749419854875,0.4459396388968431
0.018139946811568875,0.6065276221291194,0.8657451047237489,1.799899262854919,0.44593901235833394
0.017905333963487827,0.6038957500132159,0.8643467624446369,1.805212841907643,0.4459275767531637
0.0176664239212046,0.6012311435434945,0.8629151779519563,1.810515419332578,0.4459006030502697
0.01742327402198254,0.598535940565085,0.8644521160803557,1.815806734024336,0.4458628837990118
0.01717594262063036,0.5958123307312554,0.862996266889479,1.8210866602093965,0.44581675690426975
0.016924489075497085,0.5930625552568533,0.8637109827457041,1.826354983803667,0.4457589801152123
0.01666897373422652,0.5902889066039094,0.8644206938715137,1.8316115549435437,0.44569397651171944
0.016409457919274034,0.5874937280925114,0.864085096905572,1.8368562619669138,0.44562357121887175
0.016146003913189554,0.58467941342958,0.8656284423550487,1.8420889506032563,0.445529627508443
0.015878674943669856,0.5818484061478101,0.8671746901522439,1.8473087735077798,0.445383070878506
0.015607535168384425,0.5790031989465914,0.8681475053632908,1.8525148334177706,0.445205212728886
0.015332649659577861,0.5761463329263078,0.8666407888129756,1.8577068893661317,0.44502094284723637
0.015054084388452644,0.5732803967070469,0.8673645411268194,1.8628847907214776,0.4448278139292647
0.014771906209336804,0.5704080254223441,0.8680848829702669,1.8680484310325058,0.44462899637398723
0.014486182843638689,0.5675318995782512,0.868745328025086,1.8731977261066768,0.44442461591826254
0.014196982863594618,0.564654743767703,0.8704620446714251,1.8783325981287238,0.444215442613787
0.01390437567581164,0.5617793252298882,0.8689452193663764,1.883452980883409,0.44400001158306207
0.01360843150461013,0.558908452244116,0.8673944719586666,1.8885587318529915,0.44377500132038006
0.013309221375170693,0.5560449723475175,0.8658100920374137,1.893649696807493,0.4435412297139724
0.013006817096488116,0.553191770365865,0.8641912660226663,1.8987257363401193,0.4432992581323998
0.012701291244137665,0.5503517662468035,0.8649192539779661,1.9037867277146365,0.4430507179153424
0.012392717142857248,0.5475279126849064,0.865640951053834,1.9088325941484598,0.44279746388449265
0.012081168848950084,0.5447231925282331,0.8664275415182268,1.9138632716073958,0.4425394576311286
0.011766721132511156,0.5419406159564278,0.8712499564596695,1.9188786205810797,0.44226209925881665
0.011449449459482956,0.5391832174209087,0.8755528645659002,1.9238780154879564,0.44194688450271663
0.011129429973544113,0.5364540523384106,0.8762539362458813,1.9288608508733114,0.44161038516211426
0.010806739477835121,0.5337561935299788,0.8845267614357191,1.9338269101510006,0.44125801594738495
0.010481455416525901,0.5310927273985676,0.886164442134501,1.938775732040578,0.4408843412523653
0.010153655856229803,0.5284667498396379,0.8877413026005389,1.943707171505107,0.4405077626072848
0.009823419467267742,0.5258813618806324,0.8883251536529122,1.9486212082095182,0.4401287509949748
0.009490825504787932,0.5233396650468346,0.8888451511516411,1.9535178348982296,0.43974788395339803
0.009155953789744804,0.5208447564530816,0.8893607245188043,1.9583970498922754,0.43936516051023305
0.008818884689742524,0.518399723622869,0.8899322924828662,1.9632588522645404,0.4389807319032901
0.008479699099747124,0.5160076390387827,0.8898607147993494,1.9681032452541098,0.43859506100574386
0.008138478422672018,0.5136715544307316,0.88844474777978,1.9729302485996294,0.438209096011842
0.007795304549841855,0.5113944948112538,0.8976374733164658,1.9777398446354202,0.43781289984749133
0.007450259841338702,0.5091794522701093,0.8963485586718811,1.982531720503167,0.4374027396548117
0.00710342710623638,0.5070293795435193,0.896854788685851,1.987305849277032,0.4369941354038128
0.006754889582726422,0.504947183376667,0.8955133117476463,1.9920622793563911,0.43658680367982056
0.006404730918141471,0.5029357177014434,0.8960319821058738,1.996801099963776,0.43618186360287264
0.006053035148880172,0.5009977766548325,0.8965467245616252,2.001522358526673,0.4357765804468468
0.005699886680238923,0.49913608746677546,0.8970573556209902,2.0062260851070195,0.4353712297434501
0.005345370266155013,0.49735330324971627,0.8975639396052839,2.0109123157633624,0.43496599170564454
0.004989570988866149,0.49565199572530355,0.8980646788861141,2.01558108837396,0.4345609341802931
0.004632574238490893,0.4940346479268481,0.8985626599780204,2.0202324424520266,0.4341561557080303
0.0042744656925357075,0.4925036469189584,0.8990553981813857,2.024866418562106,0.43375168895307975
0.003915331295332682,0.49106127657835996,0.8995473903837542,2.0294830584813393,0.4333475772713483
0.0035552572374131564,0.48970971048205075,0.9087713563003157,2.0340823726812607,0.43293790412975486
0.003194329934822638,0.488451004950702,0.9091707488944217,2.0386642035278064,0.43252026518637543
0.0028326360083812193,0.48728709229639383,0.9079036368458575,2.043228559218624,0.43210644956848326
0.002470262262895063,0.48621977432445845,0.9083141715242761,2.047775596525062,0.43169818850675745
0.0021072956663236156,0.48525071613922777,0.9069876559859761,2.0523054219552574,0.43129456384873427
0.0017438233289077526,0.4843814403028527,0.9074144780059072,2.056818212688323,0.4308973847164418
0.0013799324822637144,0.4836133213950855,0.9078335531709246,2.061314067611729,0.43050185978486866
0.0010157104584479202,0.48294758101989327,0.9082535411871338,2.0657930551531325,0.43010814067172787
0.0006512446689977713,0.48238528330211494,0.9086695551351025,2.070255245226141,0.42971622910472096
0.00028662258395324903,0.4819273309139808,0.9100553230799572,2.0747007030001767,0.42932515830801626
-7.80682891355089e-05,0.481574461667332,0.9104537002501819,2.0791294636479654,0.4289344960953064
-0.0004427404262095531,0.4813272457027735,0.911772193510452,2.0835415857717754,0.42854482320305576
-0.0008073063077064628,0.4811860833018668,0.9121578752416974,2.087937104702922,0.42815550613471753
-0.0011716784395646935,0.48115120334290995,0.9127232942842989,2.092316080139407,0.42776756105808783
-0.0015357693742216376,0.4812226624149066,0.9131004820896621,2.096678562487281,0.42738073256556564
-0.0018994917316006782,0.4814003445981578,0.9117470569331825,2.1010246428074897,0.4270002977475662
-0.002262758220081994,0.48168396191356583,0.9121421470530683,2.1053545455712097,0.42662849476416337
-0.0026254816574520913,0.48207305543636186,0.9125338220144095,2.109668394118429,0.426259284268754
-0.002987574991827154,0.4825669970637005,0.9111231709510549,2.1139662956599747,0.4258972980669818
-0.0033489513225450364,0.4831649919194089,0.9155986544225099,2.1182484873457863,0.42554299290966857
-0.0037095239210210565,0.4838660813734163,0.9159798059774406,2.1225150325425504,0.42518854466455486
-0.004069206251562382,0.4846691466479135,0.916547286904747,2.1267659965185124,0.4248361344156504
-0.004427911992136238,0.485572912977385,0.915087417862602,2.1310014621962163,0.4244904481933028
-0.004785555055086739,0.48657595428521316,0.9154771046678116,2.135221693383858,0.4241556600202629
-0.0051420496077955345,0.48767669833581095,0.9158628630183185,2.139426835263844,0.42382408501748514
-0.005497310093281216,0.48887343231807934,0.916245785827201,2.1436169838340247,0.42349585464788764
-0.005851251250732577,0.49016430881353146,0.9166258623559201,2.1477922363300084,0.42317103457591243
-0.006203788135970847,0.4915473521006918,0.9151218675718396,2.151952720445306,0.42285552562806983
-0.006554836141835757,0.4930204647463057,0.9155177053781767,2.156098741604536,0.4225524707606315
-0.006904311018491054,0.4945814344334909,0.9159099180160172,2.160230460868152,0.4222531232064208
-0.007252128893643875,0.49622794097724027,0.9162990988210808,2.1643479821782186,0.42195762063706554
-0.007598206292673728,0.497957563478516,0.9166844343433175,2.168451411896938,0.42166604958211884
-0.00794246015866616,0.4997677875695894,0.9151396601180108,2.172540887716685,0.4213847429194254
-0.008284807872345758,0.5016560127051554,0.9155431379437873,2.176616741515462,0.42111716572564656
-0.008625167271904589,0.5036195594560746,0.9139455226274341,2.1806791799668184,0.4208604551514672
-0.008963456672720584,0.5056556767652486,0.912292371911876,2.1847285861844576,0.42062527480460676
-0.009299594886961369,0.5077615491280938,0.9127356862612042,2.1887653876702786,0.4204049081744187
-0.009633501243069036,0.5099343036632402,0.9142572074157573,2.1927897595748713,0.42018887126762444
-0.00996509560512096,0.5121710170424,0.9147026504002724,2.1968018295534697,0.4199780848037114
-0.010294298392061987,0.5144687222517548,0.91514439073358,2.200801717115429,0.41977182695411436
-0.010621030596803447,0.5168244151606386,0.915581216977809,2.2047895375039923,0.4195701334262083
-0.01094521380518462,0.5192350608767073,0.91601469988232,2.208765405915249,0.41937302695951684
-0.011266770214791583,0.5216975998700999,0.9143530203530296,2.2127294786437988,0.4191884668007839
-0.011585622653629604,0.5242089538523504,0.9148064628662044,2.216682148163797,0.41902046882233507
-0.011901694598643906,0.5267660313988499,0.9152546113221494,2.220623612756933,0.4188574055497537
-0.012214910194084891,0.5293657333065783,0.9156990222418526,2.22455399290792,0.4186991912600403
-0.012525194269713186,0.5320049576815384,0.9165333829481794,2.2284734145254492,0.41854719732570705
-0.01283247235883998,0.5346806047527914,0.9171911476728234,2.232382035697349,0.4184004674498393
-0.013136670716198937,0.5373895814123021,0.9155252788236595,2.236279974461256,0.41826463765464494
-0.0134377163356445,0.5401288054818243,0.9138080373486774,2.2401676722725834,0.4181550381589429
-0.013735536967673061,0.5428952097098997,0.9147359772613443,2.244045626842342,0.4180616697207915
-0.01403006113676252,0.5456857455036367,0.9129778050818305,2.247914026701482,0.4179795276321706
-0.014321218158526135,0.5484973864013127,0.9132271407408142,2.251773297519871,0.41791831577805133
-0.014608938156676214,0.5513271312930409,0.9114384048901015,2.255623781293811,0.4178751668379539
-0.014893152079794324,0.5541720073977077,0.9117116064013018,2.259465958371368,0.4178536975238242
-0.015173791717903262,0.557029073005184,0.9098894361752562,2.2633001852380983,0.41785112989234563
-0.01545078971883694,0.5598954199934549,0.9109135040988955,2.267126931496394,0.4178660173667478
-0.015724079604404785,0.5627681761307602,0.9114911036885579,2.270946342202681,0.41788315892287115
-0.015993595786346126,0.5656445071731877,0.9120628107738944,2.274758517486661,0.41790567960923
-0.01625927358207103,0.5685216187683517,0.9126270841749442,2.278563581541726,0.41793376331538945
-0.016521049230183826,0.5713967581758755,0.9131864496895244,2.2823616590892146,0.41796731817799154
-0.016778859905785558,0.5742672158153915,0.9113561723383571,2.2861529230650954,0.418016284318747
-0.017032643735551554,0.5771303266526706,0.909476366471302,2.2899378924213867,0.41809551698124087
-0.01728233981258101,0.5799834714343264,0.9100864802793479,2.2937171369088207,0.41819522599453746
-0.017527888211013823,0.5828240777812971,0.9106909330872465,2.2974908780000596,0.4183004697331618
-0.017769230000413274,0.5856496211510327,0.9120221117555604,2.301259226128509,0.41840905581583615
-0.018006307259908233,0.5884576256779789,0.9125999578170036,2.3050222270442435,0.4185199870009215
-0.018239063092094564,0.5912456649016034,0.9131802183823962,2.308779982367071,0.4186365648663257
-0.018467441636689695,0.594011362390808,0.9137555023751407,2.312532614854653,0.41875874640707167
-0.018691388083939314,0.5967523922731754,0.9143170726335177,2.3162802478429185,0.4188866458002162
-0.01891084868777096,0.5994664796770988,0.912438227832892,2.320023057302616,0.4190305939972713
-0.019125770778693124,0.6021514010943901,0.910507879793902,2.323761580436322,0.41920621996329055
-0.019336102776435833,0.6048049846705801,0.9111176477385036,2.327496410815449,0.4194033921797387
-0.01954179420232912,0.6074251104296667,0.9117218265666927,2.331227775277981,0.41960625970390253
-0.019742795691418225,0.610009710439691,0.9123199415580848,2.334955795399518,0.4198148710303293
-0.01993905900431048,0.6125567689250794,0.9131670092921838,2.338680581532487,0.42002713583752305
-0.02013053703875302,0.6150643223313308,0.9112173203158048,2.3424022357882555,0.42025263863488155
-0.02031718384093661,0.6175304593472232,0.91091178786143,2.3461212558507145,0.4205051327102052
-0.020498954616524834,0.6199533208893646,0.9089242616331137,2.3498381062832094,0.4207819099491197
-0.0206758057414039,0.62233110005354,0.9095640024009556,2.3535533296538707,0.4210802960192657
-0.02084769477215282,0.62466204203701,0.9075301472691486,2.3572672014312097,0.42139499902962835
-0.02101458045622934,0.6269444440355573,0.908187673345105,2.3609802102843966,0.421731335741234
-0.021176422741870333,0.6291766551187958,0.9061072165271276,2.36469263009949,0.42208398187936524
-0.021333182787704214,0.6313570760869873,0.9053431718121285,2.368404978516499,0.42246439248868967
-0.02148482297207237,0.63348415931231,0.9045994151017961,2.3721177194654604,0.4228657443846092
-0.02163130690205844,0.6355564085673016,0.90248855450578,2.375831292912837,0.42329242851991467
-0.021772599422222396,0.6375723788429539,0.9014662604435709,2.3795462729549532,0.4237474887095553
-0.021908666623037677,0.639530676158715,0.9025011881832716,2.383263105266134,0.4242162477522389
-0.022039475849029235,0.6414299573664536,0.9038839527587199,2.386981875770272,0.42468482179158135
-0.022164995706610645,0.6432689299502564,0.9045843044241101,2.39070258726209,0.42515538320781593
-0.022285196071618763,0.6450463518237448,0.9055787041804894,2.3944253080933633,0.42562908185548975
-0.022400048096542845,0.6467610311264452,0.9068823928419106,2.3981500565021476,0.42610283789865455
-0.02250952421744827,0.6484118260205864,0.9081309990528204,2.4018768276065963,0.4265765076687152
-0.02261359816059152,0.649997644489578,0.9087810351543768,2.405605626607425,0.4270522667261844
-0.02271224494872588,0.651517444139271,0.9094336195879493,2.4093365350510036,0.4275334328736656
-0.022805440907095638,0.6529702320030215,0.9100697811017828,2.4130696564967553,0.4280199403396612
-0.02289316366911812,0.6543550643514328,0.9106966893668329,2.416805091829401,0.4285116882853666
-0.022975392181751597,0.6556710465075941,0.9116155328563822,2.4205429312689763,0.42900664581812387
-0.023052106710547738,0.6569173326685187,0.9101462478348196,2.4242832429532175,0.4295116472694179
-0.023123288844387843,0.6580931257334086,0.9107608604204935,2.428026379248931,0.4300335301136
-0.02318892149990155,0.6591976771393216,0.911372241795521,2.4317725158421313,0.43056061298961457
-0.023248988925566524,0.6602302867047242,0.9119714831949206,2.435521750612959,0.43109289949311125
-0.023303476705488966,0.661190302481363,0.9125639044505758,2.4392741821483757,0.43163044132600636
-0.02335237176286323,0.6620771206148548,0.913687105699616,2.443029897993836,0.4321711064468363
-0.02339566236311027,0.6628901852143098,0.9142587298804663,2.4467889230598776,0.43271387711287673
-0.023433338116693854,0.6636289882312972,0.9148236772738014,2.450551334242654,0.4332618729194016
-0.02346538998161393,0.6642930693483926,0.915894480331216,2.454317219276946,0.43381305985699326
-0.023491810265576802,0.6648820158775388,0.9145159745502343,2.458086644419716,0.43437437915582566
-0.023512592627841097,0.6653954626684044,0.9155429617372858,2.4618599525877767,0.43495064103623365
-0.023527732080739685,0.6658330920268889,0.9135119055175855,2.465637295836887,0.43553901040892345
-0.02353722499087647,0.666194633643934,0.9114143333323955,2.4694191489286466,0.4361574168239608
-0.023541069079998683,0.6664798645347269,0.9099940352703398,2.473206087190273,0.436803410472588
-0.023539263425543386,0.666688608988411,0.9110701038582372,2.4769985616766568,0.4374639861431291
-0.023531808460858932,0.6668207385283579,0.911652585141666,2.4807966632774336,0.4381261607171664
-0.02351870597510106,0.6668761718830795,0.9122287233436172,2.484600452100131,0.43879290738652044
-0.02349995911280342,0.6668548749677968,0.9127984606899776,2.4884100078942417,0.4394641629919086
-0.023475572373123126,0.6667568608767072,0.9133637761612007,2.492225407969908,0.4401397770344996
-0.023445551608760478,0.6665821898859582,0.9119999265647761,2.49604676366369,0.44082735566600384
-0.02340990402455485,0.6663309694673171,0.9125672253879447,2.4998744212001185,0.44153091166750863
-0.023368638175755452,0.6660033543125219,0.9135801629342716,2.5037085202050138,0.4422367663007198
-0.023321763965967808,0.6655995463682819,0.9145433903965888,2.50754905708994,0.4429421707307378
-0.023269292644777187,0.66511979488188,0.9150905469516316,2.5113960196730925,0.4436489805654022
-0.023211236805049024,0.6645643964572985,0.9159380346991732,2.5152494500960603,0.44435812506267264
-0.023147610379905932,0.6639336951218026,0.9164639034770622,2.519109356893601,0.44506883984292767
-0.02307842863938477,0.663228082402861,0.9172950611282895,2.5229757835959474,0.445781857961978
-0.02300370818677108,0.6624479974152926,0.9159389099169715,2.526848776852988,0.4465041756362122
-0.022923466954614634,0.6615939269584821,0.9167668574327789,2.5307286493786,0.44724031557762567
-0.022837724200426287,0.6606664056234879,0.9176325868836892,2.5346154736385254,0.44797600961519807
-0.022746500502055223,0.6596660159098449,0.9155816962599517,2.538509279128603,0.4487217028804377
-0.02264981775275129,0.6585933883518166,0.9161027941118054,2.5424104138682218,0.44948405147232506
-0.022547699155910216,0.6574492016538255,0.9166182868196441,2.5463190221402012,0.450250031480666
-0.022440169219505007,0.6562341828347493,0.9174596151884933,2.550235152186283,0.45101786138450756
-0.022327253750204196,0.6549491073807142,0.9179594427381805,2.554158801273451,0.45178673934615826
-0.022208979847178564,0.6535947994059794,0.9158473561747759,2.558090049581511,0.45256734743906657
-0.02208537589559696,0.6521721318214422,0.9163605640294283,2.562029235721707,0.4533634480390147
-0.021956471559814436,0.6506820265102387,0.9172040268318459,2.5659764812689008,0.4541611121755972
-0.021822297776252938,0.6491254545098275,0.9157978221860016,2.5699318123421944,0.45496663670261056
-0.021682886745976335,0.6475034361998948,0.9143975592566718,2.5738955429608943,0.4557927661427513
-0.021538271926962706,0.6458170414953194,0.9122198192213541,2.577868058800062,0.45663880939018553
-0.0213884880260746,0.6440673900433315,0.9099636929970423,2.581849738390069,0.45750435138629947
-0.02123357099072897,0.6422556514239308,0.9083973288288908,2.585840942414159,0.4583883021475562
-0.021073558000270887,0.6403830453524822,0.9068373659475996,2.5898420059030536,0.45928925118835007
-0.020908487457049926,0.6384508418833241,0.9078867074708987,2.5938532010421778,0.4601991453732331
-0.020738398977203993,0.6364603616130471,0.9055550869221607,2.5978745788414748,0.46111410162789834
-0.02056333338115189,0.6344129758820028,0.90614218358226,2.601906322482878,0.462038220785302
-0.020383332683796267,0.632310106972411,0.9067205384777421,2.60594848219737,0.46296309976794964
-0.020198440084440508,0.630153228301286,0.9076574777122813,2.610001046882127,0.46388769674419106
-0.020008699956420913,0.6279438646062091,0.9082231607650594,2.614063975409709,0.4648115288703863
-0.019814157836457416,0.6256835921217843,0.9087822156323914,2.618137251307433,0.4657360361303225
-0.01961486041372493,0.6233740387443929,0.9096521269225547,2.6222208617579983,0.466660206649677
-0.01941085551864829,0.6210168841826486,0.9104678993456733,2.6263147606851773,0.46758263509061726
-0.01920219211142313,0.6186138600906943,0.9081038666913017,2.630418921972055,0.4685090630195004
-0.018988920270265355,0.6161667501812469,0.9056573131992061,2.634533512563047,0.4694471719521712
-0.018771091179393292,0.613677390314985,0.9031261884523012,2.6386587305766755,0.4703955494093977
-0.018548757116743052,0.6111476685626157,0.903723560667791,2.6427947301441126,0.47134943870983154
-0.018321971441422457,0.6085795252356301,0.9043119408640098,2.6469415183390597,0.47230267882471655
-0.018090788580904876,0.6059749528814184,0.9048921446200724,2.651099060149872,0.47325522740439535
-0.017855264017967262,0.6033359962381095,0.9057561716550676,2.6552673165077167,0.4742063927100096
-0.017615454277373974,0.6006647521440861,0.9063240636298829,2.6594462289795024,0.47515587870202775
-0.017371416912311772,0.5979633693968094,0.9071297472899844,2.663635751720678,0.4761039581391396
-0.017123210490576794,0.5952340485551573,0.9045404381901647,2.667835842378022,0.4770534225021274
-0.016870894580518887,0.5924790416791008,0.9018642496993126,2.672046574334273,0.4780088806732029
-0.016614529736745168,0.5897006520001286,0.9024552666614144,2.676268019180036,0.4789665997478732
-0.01635417748558764,0.5869012335154117,0.9034911963723512,2.6805001458567754,0.47992223716766885
-0.0160899003103368,0.5840831904982863,0.9040682883480253,2.6847428865924536,0.48087570923814277
-0.01582176163624614,0.5812489769171973,0.902314862888847,2.688996193363128,0.48182911838993875
-0.015549825815310349,0.5784010957548397,0.8995425556921264,2.6932600671802422,0.48278402616079796
-0.01527415811082108,0.5755420982188283,0.9001345228582228,2.6975345032462053,0.48373845555978945
-0.014994824681704141,0.5726745828348215,0.8972708605861747,2.7018194466579732,0.48469108133286254
-0.014711892566641646,0.5698011944126576,0.8978813880719024,2.7061148489598326,0.4856419105125469
-0.0144254296679832,0.5669246228757283,0.8989693424798765,2.710420634481492,0.4865895245992832
-0.014135504735449295,0.5640476019434951,0.8971310881949244,2.7147367160546936,0.4875333066739852
-0.013842187349632057,0.5611729076568107,0.8941786629097711,2.7190629801714286,0.4884722131499573
-0.013545547905296143,0.558303356735489,0.8948012610089134,2.7233993152685696,0.4894067376441194
-0.013245657594484175,0.5554418047574632,0.8928772806184755,2.727745606481316,0.4903349033148236
-0.012942588389431381,0.5525911441487833,0.8934970981619484,2.7321016675892253,0.49125509153238633
-0.012636413025292068,0.5497543019737845,0.8915707429812503,2.7364673490216154,0.49216739843980994
-0.012327204982683908,0.5469342375148795,0.8921874196917619,2.7408424190640353,0.4930696651540939
-0.012015038470052954,0.5441339396317031,0.8891072146391468,2.7452267136337745,0.49396471433082734
-0.01169998840586373,0.5413564238897669,0.8897365834005392,2.7496200343700297,0.49485106748487573
-0.011382130400619358,0.538604729449292,0.8908799094111647,2.7540222346051193,0.49573251656253614
-0.01106154073871529,0.5358819157056489,0.8914959613985569,2.7584332064593955,0.49660923627772513
-0.010738296360131542,0.5331910586737082,0.8895183098564668,2.7628527994970806,0.4974749491781556
-0.010412474841967292,0.5305352471095096,0.8901322795371,2.7672806901111153,0.49832641275492345
-0.01008415437982288,0.5279175783639247,0.8907474881751701,2.7717166833804256,0.4991715722031895
-0.00975341376903333,0.5253411539645235,0.8887653692631994,2.7761606046206815,0.5000039592471149
-0.009420332385757466,0.5228090749235542,0.889377602656589,2.7806120821699056,0.500819942275456
-0.009084990167928495,0.5203244367719044,0.8873955383282573,2.7850708651333975,0.5016218659648567
-0.008747467596069008,0.5178903243210948,0.888012377314317,2.789536545240193,0.502405722993234
-0.008407845673976016,0.5155098061577376,0.8860074545348444,2.794008848634916,0.5031735175228551
-0.008066205909280656,0.513185928877518,0.8827773150161778,2.798487278561706,0.5039153630705855
-0.007722630293886396,0.510921711068571,0.879463006876893,2.8029713787371664,0.5046366737559185
-0.007377201284291864,0.5087201370571253,0.8801276804199996,2.807460746170476,0.5053419803690065
-0.007030001781801101,0.5065841504314442,0.8807843923353512,2.8119551523425366,0.506038938295575
-0.006681115112628128,0.504516647363387,0.8814342981798458,2.816454420913045,0.5067275784275455
-0.006330625007898857,0.5025204697502892,0.8820826834610918,2.820958375001611,0.5074078053128513
-0.005978615583555978,0.5005983982032829,0.8827243392994242,2.8254668327607813,0.5080791168387208
-0.005625171320171579,0.4987531449116187,0.8838874175851118,2.829979616874909,0.5087433496639719
-0.00527037704267234,0.4969873464158784,0.8845132104673041,2.834496599750798,0.5094012577534711
-0.004914317899981741,0.4953035563262587,0.8851295850201928,2.8390176173924844,0.5100506227106301
-0.00455707934458486,0.4937042380251031,0.8831341628497713,2.843542429983915,0.5106791832675354
-0.004198747112020222,0.49219175739571236,0.879724349645216,2.848070395745347,0.5112741663299406
-0.0038394072003035506,0.4907683756219131,0.8806858821822603,2.8526009924069324,0.5118520350608754
-0.0034791458492887937,0.48943624210494074,0.881321794842922,2.8571340220710217,0.5124230652624031
-0.003118049519970812,0.488197387545849,0.8792625006979342,2.8616692437913867,0.5129711780276021
-0.002756204873735372,0.4870537172427272,0.875767292066736,2.8662059536231133,0.513482560608976
-0.002393698751560601,0.4860070046525504,0.8764310807561846,2.8707435858434756,0.5139742177161729
-0.0020306181531757395,0.48505888526738844,0.8743821681213567,2.8752818043423054,0.5144412302568371
-0.0016670502161815525,0.48421085085392546,0.875592560723904,2.879819896749211,0.5148776925290548
-0.0013030821951377056,0.48346424410380906,0.8735077230367175,2.8843575031230526,0.5152913730033795
-0.0009388014406221483,0.48282025374020915,0.8699060403632927,2.888893857870426,0.5156642771946219
-0.0005742953782673071,0.4822799101231136,0.8711470647022939,2.893428366944467,0.5160183668566706
-0.00020965148777851318,0.48184408139241436,0.8723743566672266,2.89796083744615,0.5163672197565456
0.00015504271806092117,0.4815134701836794,0.8735879085405414,2.902491173891522,0.5167111249591474
0.0005196997143921789,0.48128861094682207,0.8742432021475323,2.907019266956304,0.5170478821026502
0.0008842319852865835,0.4811698678926098,0.8729715608350598,2.9115448565655515,0.5173574123024738
0.0012485520447489276,0.4811574335863603,0.8736175275098774,2.916067140938838,0.5176308446340152
0.0016125724577137422,0.4812513282021185,0.8699508255458837,2.9205857172140908,0.5178871134862163
0.0019762058610292895,0.48145139944443094,0.8706285159428859,2.925100142417314,0.5181226111196162
0.0023393649844243142,0.48175732313845887,0.8715950098701931,2.9296101603177087,0.518349750392894
0.0027019626714523907,0.4821686044828039,0.872497532813806,2.934115650131824,0.5185713650526387
0.0030639119004091902,0.48268457995317177,0.8687661117016099,2.9386164677065167,0.5187787115075808
0.003425125805217185,0.4833044198389239,0.8694396265074814,2.9431121924154997,0.5189652608251887
0.0037855176962731233,0.48402713138884634,0.8697508592805161,2.947602462618476,0.5191219967524071
0.004145001081253107,0.48485156253710465,0.8704229058598577,2.9520863974749467,0.5192390721746114
0.004503489685870312,0.4857764061755458,0.8665803710650004,2.9565635814276487,0.5193396661543774
0.004860897474580453,0.48680020493421033,0.8672626920045338,2.961033595914214,0.5194202439364652
0.005217138671229862,0.48792135642827167,0.8633376580625421,2.9654961606950616,0.5194848423906738
0.005572127779641388,0.48913811892663583,0.8642703921052931,2.9699508879158136,0.5195321823129043
0.005925779604133012,0.49044861739511997,0.865528825368958,2.9743976069179627,0.5195741754311461
0.006278009269964442,0.49185084986553146,0.86619411352151,2.9788362184735866,0.5196091604149046
0.006628732243706695,0.493342694081032,0.8668606277384233,2.9832665675933256,0.519634848171888
0.006977864353529547,0.4949219143679526,0.8675060453840001,2.9876884848155263,0.5196512125881563
0.007325321809402576,0.49658616868455957,0.8635161761258848,2.9921017717455216,0.5196523888257483
0.0076710212232042425,0.49833301579829925,0.8594492825836105,2.9965060281883256,0.5196302139387385
0.008014879628734647,0.5001599225445078,0.8601288857390531,3.000900843763379,0.519590942888381
0.008356814501627046,0.5020642711215944,0.8607974599858922,3.005286006242379,0.5195428695445641
0.00869674377915332,0.504043366380061,0.8614658738196435,3.0096613573308204,0.5194859026374309
0.009034585879918563,0.506094443065488,0.8621290486890943,3.014026739887903,0.5194200892162835
0.00937025972344028,0.5082146729785898,0.8627769317614697,3.0183819991054515,0.5193459106660149
0.00970368474960738,0.510401172018661,0.8586302531869617,3.022726977222892,0.5192593546699521
0.01003478093801406,0.5126510070800705,0.8592859990857279,3.027061364338412,0.5191571952633585
0.010363468827164423,0.5149612027748786,0.8634174113748304,3.031384857305371,0.5190249511362137
0.010689669533542837,0.5173287479580722,0.8643803918761028,3.035696563172425,0.5188534858099
0.011013304770545632,0.5197506020353231,0.8652577161181381,3.0399961809982674,0.5186773234936303
0.011334296867269382,0.5222237010364669,0.8660759050342834,3.044283642688358,0.5184965969961279
0.01165256878715174,0.5247449634411157,0.8668350514407546,3.048558882518133,0.5183114286633996
0.011968044146459656,0.527311295745842,0.867447395916496,3.0528218311384077,0.5181206655087264
0.012280647232621292,0.5299195977652391,0.8725414567609613,3.0570722668188113,0.5179007570489368
0.01259030302239652,0.5325667676618226,0.8737089453277247,3.061309319615521,0.5176424703865645
0.012896937199882207,0.5352497067021914,0.8742995486089203,3.0655326980561166,0.5173788378436167
0.013200476174347591,0.5379653237390922,0.8748795773615449,3.0697423028276196,0.5171084545578033
0.013500847097895877,0.5407105394210279,0.8755653666580177,3.0739380336537145,0.5168325464428883
0.013797977882947322,0.5434822901328383,0.8761162529141898,3.07811982527272,0.5165517340293405
0.014091797219539721,0.5462775316722315,0.8766699016693145,3.082287587346073,0.5162646064136563
0.014382234592442684,0.5490932426685706,0.8829456229204171,3.086441115090561,0.5159499561412282
0.014669220298080944,0.551926427751387,0.8888673532316342,3.09057948282859,0.5155788940201943
0.014952685461262653,0.554774120476999,0.8893785533473769,3.0947017333349423,0.5151738402957617
0.015232562051709376,0.5576333860223984,0.889880549663431,3.0988076035600396,0.5147637423829196
0.015508782900382835,0.5605013236561467,0.890376830495357,3.102897028463267,0.5143488362377022
0.015781281715605302,0.5633750689964653,0.890863441692292,3.1069699457438307,0.5139292373844412
0.01604999309896919,0.5662517960670146,0.8913421477223523,3.111026294065215,0.5135048614230896
0.016314852561032243,0.5691287191610047,0.8918088565778681,3.115066012310998,0.513075857188635
0.016575796536795067,0.5720030945243897,0.8924203699397959,3.1190890469739263,0.5126431429208194
0.01683276240095605,0.5748722218688183,0.8929790010157147,3.1230953700302955,0.512207623512009
0.01708568848294121,0.577733445724946,0.8934197492698296,3.1270849562376095,0.511768727271517
0.017334514081704947,0.5805841566464849,0.8938595980339009,3.13105775984999,0.511325640570334
0.017579179480298107,0.5834217922751618,0.894380170070049,3.135013735633294,0.5108791688920741
0.017819625960199387,0.5862438382764271,0.8904435661132836,3.138952857179913,0.5104292512224159
0.01805579581540772,0.589047829155455,0.8864016553479822,3.142875076774317,0.5099755781711361
0.018287632366291617,0.5918313489625624,0.8868714807209599,3.1467803710308018,0.5095192577944686
0.018515079973191725,0.5945920318968579,0.8827314853604785,3.150668718732003,0.5090610036069059
0.018738084049774197,0.5973275628164397,0.8832153440851992,3.1545401413827103,0.5086021036227605
0.018956591076131034,0.6000356776631238,0.8836887594324248,3.1583946336520405,0.5081405488650373
0.019170548611624844,0.6027141638092025,0.8841553880747093,3.162232176100821,0.5076764471699644
0.01937990530747415,0.6053608603333628,0.8846140238484012,3.1660527589209244,0.5072102988089903
0.019584610919076862,0.6079736582324263,0.8852293377329065,3.1698563724278896,0.5067420432932722
0.01978461631806889,0.6105505005752087,0.8857966549049435,3.1736430107496454,0.5062717801856051
0.019979873504114478,0.6130893826043521,0.8862301679386091,3.1774126676465566,0.5057995415781954
0.020170335616426303,0.6155883517916274,0.8962512674768457,3.181165259959789,0.5053102159857672
0.020355956945011536,0.6180455078518055,0.892247541352295,3.184900283550247,0.504800647303277
0.02053669294164254,0.6204590027198355,0.8881425926649903,3.1886177457214964,0.5042998038711435
0.020712500230547545,0.6228270404957331,0.8886933852689164,3.1923178538732957,0.5038046876582085
0.02088333661882115,0.6251478773612361,0.8999623026141961,3.196000604583873,0.5032968183394264
0.021049161106550186,0.6274198214719842,0.896021048822142,3.1996656488706097,0.5027776115011995
0.02120993389665372,0.6296412328286665,0.8919792748894051,3.20331315455742,0.5022746341292308
0.021365616404433713,0.6318105231303114,0.8878415021994027,3.20694350361979,0.5017901519713455
0.021516171266835738,0.6339261556126399,0.8836212531256612,3.2105571201705843,0.5013261347021806
0.02166156235141544,0.6359866448741182,0.8839883847075318,3.214154424561916,0.5008761073058053
0.021801754765010412,0.637990556692167,0.8796942828440691,3.217735616328601,0.5004371139363069
0.02193671486211434,0.6399365078317253,0.8753308825371754,3.2213011291724203,0.5000232763724949
0.02206641025295176,0.6418231658481816,0.8759769707791664,3.224851460191813,0.49962513548281384
0.0221908098112515,0.6436492488865174,0.8763718538662421,3.228386745103945,0.49922788774770555
0.02230988368171669,0.6454135254783003,0.8767653534825598,3.2319070580532068,0.49883349346505185
0.02242360328718988,0.6471148143380316,0.8777371241502638,3.235412477776895,0.4984403437467091
0.022531941335511847,0.6487519841602061,0.8733373112900676,3.238903089157014,0.49805830841716403
0.022634871826070817,0.650323953418279,0.8773827868391513,3.2423793264454037,0.4976937247240513
0.022732370056043276,0.6518296901666601,0.8807661449790046,3.2458413362399887,0.49732971521514674
0.022824412626321962,0.6532682118466853,0.8834649400353768,3.2492891742851726,0.4969678562602502
0.022910977447131914,0.6546385850974611,0.8844005373638864,3.2527229189574176,0.4966077716657723
0.022992043743331688,0.655939925572352,0.8847205901555036,3.256142613283882,0.49624910223796476
0.023067592059399136,0.6571713977618079,0.8850334465267141,3.2595483514293213,0.4958946843073999
0.0231376042641013,0.6583322148231537,0.8853480976985969,3.262940244439305,0.495544332857051
0.023202063554844943,0.6594216384178737,0.8856558371429423,3.2663184027662266,0.49519827756926177
0.023260954461709765,0.6604389785568902,0.8813052771780481,3.2696830007229902,0.4948685474611758
0.023314262851160884,0.6613835934542441,0.8769081959215324,3.2730346362506575,0.4945739921546556
0.023361975929440622,0.6622548893895641,0.872473492097376,3.276374054540906,0.4943161141369761
0.023404082245639227,0.6630523205796425,0.8680096550655915,3.2797020230728178,0.49409597003830064
0.023440571694442972,0.6637753890593961,0.8690166195991794,3.283019252718784,0.4938990126590648
0.023471435518559236,0.6644236445724757,0.8645362421800437,3.2863259976724026,0.49371782593517693
0.023496666310818527,0.6649966844717197,0.8655557168534719,3.28962283234945,0.49356036694639377
0.023516258015951697,0.6654941536296355,0.8610710045383256,3.2929100144451118,0.49341913569433576
0.02353020593204358,0.6659157443590811,0.8614630861075765,3.2961881450643276,0.4933047545466028
0.023538506711661272,0.6662611963442503,0.8623619454100101,3.2994574888220995,0.4931940842932819
0.023541158362657508,0.6665302965820945,0.8632247309502394,3.3027180917829506,0.4930836831948795
0.023538160248648802,0.6667228793342506,0.8640507662048231,3.305969978309071,0.49297369809109426
0.023529513089168147,0.6668388260895626,0.8631395782710074,3.3092131999391774,0.4928692480619202
0.02351521895949222,0.66687806553723,0.8635076083993538,3.312447972294057,0.49277513301586084
0.02349528129014354,0.6668405735506411,0.8638464664390145,3.315674461368884,0.49268703405870173
0.023469704866067153,0.6667263731818963,0.8641756322949787,3.318892802790894,0.49260484129486837
0.023438495825482058,0.666535534667042,0.8644985020709194,3.322103133215861,0.492528859506811
0.023401661658408037,0.6662681754419929,0.8634301049637664,3.3253056096417914,0.49246228345666143
0.023359211204868564,0.6659244601691406,0.8642744655426666,3.328500472281903,0.49240444857117344
0.02331115465276857,0.6655046007745901,0.8645901346580154,3.331687810668843,0.49234927213282803
0.023257503535449933,0.665008856495992,0.8655400174440863,3.334867729864534,0.4922980316969032
0.02319827072892327,0.6644375339408832,0.865830014832136,3.338040286968871,0.4922495675579706
0.02313347044877786,0.6637909871554616,0.864706013132907,3.3412056197057525,0.4922110883704483
0.023063118246769848,0.6630696177036768,0.8649878743127347,3.3443639930299627,0.49218425448961006
0.022987231007090016,0.6622738747565138,0.8652615070300413,3.3475155839421524,0.4921638568221278
0.022905826942311643,0.6614042551913119,0.8655325154999569,3.35066053561409,0.4921499979292599
0.022818925589019455,0.6604613037009394,0.8657978294364161,3.3537989923739358,0.49214266590883493
0.02272654780312124,0.6594456129126104,0.8644241742820163,3.356931116410514,0.49214577161612244
0.022628715754841915,0.6583578235160948,0.8630633153052565,3.360057209376485,0.4921654154334364
0.022525452923403765,0.6571986244010579,0.8639693673589706,3.3631775841627105,0.4921953898901639
0.022416784091390446,0.6559687528031676,0.8597115472354728,3.3662924184289977,0.49224379629133136
0.022302735338800124,0.6546689944586429,0.859994847300496,3.3694023721251756,0.4923221110695719
0.022183334036785927,0.6533001837667834,0.8557735509552375,3.372507822710463,0.4924227130455898
0.02205860884108715,0.6518632039600181,0.8515722129542466,3.3756095310391587,0.492568593716252
0.021928589685152104,0.6503589872809263,0.8518824414416521,3.378708333385342,0.4927444386728959
0.021793307772954136,0.648788515165614,0.8522089761053975,3.381804526356659,0.4929271704630933
0.021652795571502664,0.6471528184327471,0.8525097299633376,3.3848982522783055,0.4931166996665439
0.021507086803051727,0.6454529774774773,0.8483982006245083,3.3879897285976623,0.49332842261601473
0.0213562164370062,0.6436901224693734,0.8487121228425482,3.3910796343363323,0.49357007587973956
0.0212002206815297,0.6418654335533895,0.849685053438341,3.394168250453342,0.49381608457346227
0.021039136974854804,0.6399801410527817,0.8499818395583629,3.3972556296142744,0.4940651971404825
0.02087300397629797,0.6380355256727566,0.8509109188878667,3.4003418732202793,0.4943186732213923
0.02070186155698119,0.636032918703503,0.8512330156825797,3.4034270342765267,0.49457531429461604
0.02052575079026368,0.6339737022211265,0.847228534441708,3.4065113040614743,0.49485413314553756
0.02034471394188412,0.631859309284816,0.8432869824832959,3.409595432603925,0.49517789602795237
0.0201587944598171,0.6296912241284294,0.8436195380877932,3.412680238135029,0.49553114882809807
0.019968036963845807,0.6274709823444888,0.8445943395053261,3.4157659927926898,0.4958886482472003
0.019772487234853604,0.6252001710583708,0.8449115052004754,3.4188527435935074,0.49624924961737016
0.019572192203836852,0.6228804290902676,0.8452758630433783,3.42194059990472,0.49661662208210383
0.019367199940641403,0.6205134471022684,0.84557839470044,3.4250296955162827,0.4969909649442885
0.01915755964242673,0.6181009677276469,0.8458795945196539,3.4281201677123154,0.49737217766844566
0.018943321621857655,0.6156447856792049,0.8461699393700476,3.4312121502028923,0.49776024280202347
0.018724537295031065,0.6131467478332115,0.8464543889085332,3.4343057775299313,0.49815521011003666
0.018501259169135066,0.6106087532852018,0.8444168495080671,3.437401213459298,0.4985630833972971
0.018273540829848146,0.6080327533735841,0.8444575634083145,3.4404987931176683,0.4989846821028249
0.018041436928478576,0.6054207516666488,0.8453241807589822,3.4435986181108853,0.4994072348808642
0.017805003168848595,0.6027748039082769,0.8456190280448724,3.4467007091582773,0.4998327004983657
0.017564296293925547,0.6000970179172133,0.8420110477526029,3.4498052442060536,0.5002795931080134
0.01731937407220405,0.5973895534344684,0.8400424463894446,3.452912896817619,0.5007615246683922
0.017070295283841512,0.5946546219129542,0.8409095348618054,3.456024148923086,0.5012570443223762
0.01681711970655166,0.5918944862431097,0.8408880423075764,3.4591390914138795,0.501753261144034
0.016559908101257625,0.589111460407827,0.8387575153492879,3.4622577770688827,0.5022591252125762
0.01629872219751013,0.5863079090595825,0.8398145425066421,3.465380525438675,0.5027792288104359
0.01603362467867226,0.5834862470122716,0.840840528282185,3.46850743134594,0.5032997957579225
0.015764679166876055,0.5806489386397833,0.8411474482985738,3.471638507443709,0.5038232195166866
0.0154919502077533,0.5777984971729927,0.8414533563428283,3.4747738490274624,0.5043529576280197
0.015215503254945095,0.5749374838863768,0.8417581630657572,3.4779135709498514,0.5048887103921489
0.014935404654393098,0.5720685071651411,0.8385212305005362,3.4810578526912552,0.5054442065547418
0.014651721628416905,0.5691942214433134,0.8354012016366352,3.484207351820825,0.5060395344730446
0.01436452225958103,0.5663173260029697,0.8324013386678027,3.4873628396833243,0.5066733432785354
0.01407387547435537,0.563440563624439,0.8328288766753128,3.4905249976557635,0.50733182014227
0.013779851026573182,0.5605667190771071,0.8332485040357628,3.4936940468976303,0.5079955959155547
0.013482519480690673,0.5576986174402185,0.8336675818090639,3.49687007826086,0.5086645142006786
0.013181952194851491,0.5548391222429979,0.8318529483944987,3.500053212246341,0.5093450417759984
0.012878221303761508,0.5519911334133674,0.8329404624542682,3.5032437547592865,0.5100384667754493
0.012571399701376627,0.5491575850245711,0.8339840509560342,3.506441778773094,0.5107320841951962
0.01226156102340862,0.5463414428292467,0.8344086765981552,3.5096472831429426,0.5114277593517785
0.011948779629652946,0.5435457015707253,0.8327290140159722,3.512860363136987,0.5121348006897946
0.011633130586142498,0.5407733820618169,0.8337733103973647,3.516081318846736,0.5128544840865894
0.011314689647132852,0.5380275280219081,0.8347827644709149,3.519310219242602,0.5135742532992909
0.010993533236920552,0.5353112026639519,0.8323143988259938,3.522547115761826,0.514307253527273
0.010669738431502563,0.5326274850238923,0.8328041545304377,3.5257924621120997,0.5150617736174151
0.010343382940077892,0.5299794660261524,0.8332956127980825,3.5290464420975476,0.5158204688713199
0.01001454508639782,0.5273702442801961,0.8341399293471454,3.532309109844934,0.5165813807556845
0.009683303789968827,0.5248029216047014,0.8319036954927297,3.5355805215274096,0.5173543971649142
0.009349738547112057,0.5222805982776368,0.8324418109961677,3.538861093008031,0.518147232604871
0.009013929411884567,0.5198063680125815,0.8303966307292904,3.5421510381054544,0.5189537364043114
0.008675956976866867,0.5173833126637902,0.8285049623643448,3.5454508050453653,0.5197880252589872
0.008335902353821074,0.5150144966649971,0.8294160731829446,3.548760856731161,0.5206377533358844
0.00799384715422438,0.5127029612095825,0.8277839804078737,3.552081304178314,0.5214944378292428
0.007649873469682711,0.510451718182597,0.8284529119192817,3.5554123833620763,0.5223629691054502
0.00730406385222922,0.508263743858168,0.8291239776807952,3.5587541856532003,0.5232340288058539
0.006956501294512194,0.5061419723790047,0.8276021928352404,3.562106780172888,0.5241155573207216
0.006607269209877058,0.5040892890380271,0.826234142992988,3.5654705071324844,0.5250185461086486
0.006256451412347832,0.5021085233855479,0.8250191988498191,3.568845751727138,0.5259407399187275
0.005904132096511859,0.5002024421888456,0.8260087989028919,3.5722328166595827,0.5268729791504027
0.005550395817313752,0.49837374227440223,0.8268471001264673,3.575631730907751,0.5278047800414642
0.0051953274697625305,0.49662504328641227,0.8276925948078943,3.5790424827916505,0.5287377098852775
0.004839012268557209,0.4949588803983709,0.8285339936176408,3.582465069418867,0.529671561924268
0.0044815357276356705,0.4933776970175749,0.8293759665966735,3.5858994856159665,0.5306063881236078
0.0041229836396518196,0.4918838375250817,0.8284805334486736,3.589329852941682,0.529953924169771
0.003763442055385627,0.4904795400961024,0.8297514099907565,3.592740339014542,0.5293018694409879
0.0034029972630914493,0.48916692964776237,0.8306433251297218,3.596130974040027,0.5286489181294493
0.0030417357677892365,0.48794801096272095,0.8315357146504972,3.599501778799785,0.5279950622235139
0.002679744270503754,0.486824662038087,0.832769205189014,3.6028527784255906,0.5273405346546297
0.0023171096474566806,0.48579862770949644,0.8320859520610786,3.606184001995256,0.5266860649748557
0.001953918929216879,0.4848715135999645,0.8333071005633862,3.609495498936926,0.5260317331029334
0.0015902592798133206,0.48404478044222454,0.8344777886273199,3.6127872962961733,0.5253764444153245
0.0012262179758162392,0.48331973882167534,0.8339119730185718,3.616059418811159,0.5247209671008465
0.0008618823853910827,0.4826975443847678,0.8315562599529462,3.6193119231950854,0.5240680323201168
0.0004973399473307378,0.48217919355469585,0.829256492516878,3.622544937115612,0.5234204416097312
0.0001326781500703944,0.48176551979259435,0.8302687680001607,3.625758594079104,0.5227758921222493
-0.00023201548930899273,0.4814571904382218,0.8312483155999552,3.628952949244016,0.5221309244287542
-0.0005966534460845968,0.48125470415924765,0.8322307135690523,3.6321280253574524,0.5214849946481053
-0.0009611482088971266,0.48115838903295155,0.8332103788891496,3.635283846428037,0.5208384765780301
-0.001325412300753141,0.48116840127841765,0.8341900533284253,3.6384204365413826,0.5201911142544583
-0.0016893583000191495,0.4812847246512451,0.8351696365121524,3.6415378155767466,0.5195427521694753
-0.0020528988614023184,0.48150717050653646,0.8361486768403845,3.6446360018086,0.5188933537378503
-0.0024159467369129803,0.48183537852956493,0.83713133790355,3.6477150110445447,0.5182428450342176
-0.0027784147968037383,0.48226881812717204,0.8381131804081063,3.6507748627619057,0.5175914438471552
-0.0031402160504801035,0.4828067904666998,0.8390934860462879,3.6538155754939283,0.5169390161130262
-0.0035012636673779404,0.4834484311432886,0.8400724173881492,3.6568371686736443,0.5162857252552051
-0.0038614709978022676,0.4841927134506878,0.8410494657206344,3.6598396623516676,0.5156314765096026
-0.00422075159372285,0.4850384522254985,0.8420258360229055,3.66282307518697,0.5149762157596796
-0.0045790192295212875,0.4859843082300476,0.841952356738599,3.6657874260958385,0.514320120632786
-0.0049361879226847505,0.487028793034938,0.8429604644333772,3.668732737469687,0.5136631464432589
-0.005292171954441353,0.4881702743587988,0.8439663837127882,3.6716590266763713,0.5130050673319279
-0.005646885890332245,0.4894069818199319,0.8449133676348928,3.674566310370123,0.5123460453918736
-0.006000244600715538,0.4907370130523724,0.8459095796383493,3.677454611094696,0.5116862103748921
-0.006352163281196922,0.49215834013742726,0.8459538275668644,3.680323945701334,0.5110252385430973
-0.006702557472982356,0.4936688163009863,0.8469695323297292,3.6831743301441073,0.5103631533130469
-0.0070513430831477455,0.4952661828267778,0.8479822125609814,3.686005781121241,0.5097000923088867
-0.007398436404820945,0.4969480761362488,0.8489181581832512,3.6888183172550355,0.5090361795639818
-0.007743754137270825,0.4987120349868549,0.8499168447982196,3.691611964468332,0.5083716874041283
-0.008087213405899196,0.500555507742144,0.8500088196333794,3.6943867440811005,0.5077062929513101
-0.008428731782130263,0.5024758596690956,0.850946504295009,3.697142675749483,0.5070400220965854
-0.008768227303193078,0.5044703802206523,0.8519464939217801,3.699879781396764,0.506372911754889
-0.009105618491792235,0.5065362902641667,0.8529394908670702,3.7025980796955955,0.505704816355954
-0.00944082437566204,0.5086707492195355,0.853278822355493,3.7052975713315224,0.5050336755515757
-0.009773764506999362,0.5108708620740446,0.8541858272795042,3.707978242858497,0.5043612670505415
-0.0101043589817709,0.5131336862442875,0.8551582390724475,3.7106401177477735,0.5036882045737034
-0.010432528458889619,0.5154562382589684,0.8552461976298268,3.7132832177859028,0.5030142150315852
-0.010758194179256268,0.5178355002397896,0.8564698526707336,3.7159075570695026,0.502338936434431
-0.011081277984661233,0.5202684261610525,0.857431554190865,3.7185131522595407,0.501662793843469
-0.011401702336542086,0.5227519478718522,0.8583826123083178,3.721100023148916,0.5009857742649997
-0.011719390334592447,0.5252829808679171,0.8593271413786471,3.7236681904345743,0.5003079377124722
-0.012034265735217799,0.5278584298031774,0.8602608674818437,3.7262176758574808,0.49962936285780846
-0.012346252969833393,0.5304751937339234,0.8605376221766716,3.7287485021112063,0.498950145213556
-0.012655277163000592,0.5331301710910673,0.8613932869280122,3.7312606982743914,0.4982705897501378
-0.012961264150396347,0.5358202643784116,0.8623078548281181,3.7337542898820946,0.497590225550833
-0.013264140496612498,0.5385423845970042,0.8632152336169313,3.7362292982435075,0.49690913024131644
-0.013563833512779828,0.5412934553976286,0.8632131426824344,3.738685744423612,0.49622716488424257
-0.013860271274013009,0.5440704169651874,0.8641140721888559,3.7411236506269896,0.49554455734955927
-0.014153382636672398,0.5468702296402622,0.8649529444128828,3.7435430393936695,0.49486123424081263
-0.014443097255437857,0.5496898772844278,0.865836779099069,3.74594393666565,0.49417734334959473
-0.014729345600191578,0.5525263703969777,0.8667111482418572,3.748326365184039,0.49349268385151973
-0.015012058972704889,0.5553767489916382,0.8665842285578862,3.750690346342909,0.49280737839865396
-0.015291169523125498,0.5582380852425601,0.8674469003866655,3.7530359089052743,0.49212169862666116
-0.015566610266261004,0.5611074859094399,0.8683003619885526,3.7553630782196623,0.4914352759881924
-0.01583831509765529,0.5639820945520285,0.8680246457714956,3.7576718765973194,0.4907484158379764
-0.01610621880945305,0.5668590935445591,0.8661971301748247,3.7599623494275773,0.49006350120129144
-0.01637025710604943,0.5697357059007895,0.8657521903211824,3.762234595206404,0.48938115227574785
-0.016630366619520668,0.5726091969203632,0.8666025233436914,3.7644886717994352,0.48869909927320004
-0.01688648492483218,0.5754768756672002,0.8649388763522223,3.766724623889184,0.48801861376234557
-0.017138550554819963,0.5783360962904412,0.8657574078931385,3.7689425462768913,0.4873405592646861
-0.01738650301494292,0.5811842591983061,0.8669606430537274,3.771142485254658,0.4866620290232951
-0.017630282797800774,0.5840188120949588,0.8672080757288783,3.7733244675285635,0.4859832189963737
-0.017869831397415853,0.5868372508901755,0.8673874849728388,3.775488528528831,0.4853045317928397
-0.018105091323274217,0.5896371204912446,0.8681700175753971,3.7776347071415883,0.4846258947599453
-0.018336006114122755,0.5924160154862013,0.8666439820365716,3.779763044244001,0.4839486903042949
-0.018562520351520242,0.5951715807270591,0.8674125081537131,3.781873630080988,0.48327381537071123
-0.018784579673137,0.5979015118213266,0.8681734523578675,3.7839665128430995,0.48259872258455194
-0.01900213078580179,0.6006035555396642,0.8689743931503614,3.786041724948342,0.4819236156621107
-0.019215121478291696,0.6032755101471148,0.8697160159173953,3.7880993009463997,0.4812482994997598
-0.019423500633863163,0.6059152256649297,0.8704495548983741,3.7901392683834403,0.4805725487204748
-0.01962721824251893,0.6085206040695904,0.8696888926824293,3.7921616610327917,0.479897467400281
-0.019826225413010892,0.6110895994352019,0.8698443127598076,3.794166537289873,0.479223254988422
-0.020020474384573394,0.6136202180250679,0.8699270840986593,3.7961539368148336,0.47854906039531536
-0.020209918538385687,0.6161105183378347,0.8699379952921256,3.7981238973538747,0.4778751313765548
-0.0203945124087602,0.6185586111132306,0.8698777200364529,3.8000764599433947,0.4772015029864965
-0.020574211694054146,0.6209626593020782,0.8689351912680526,3.802011668027134,0.47652884498504505
-0.02074897326730166,0.6233208780048951,0.867830325787275,3.8039295918015807,0.4758584732423017
-0.020918755186564022,0.6256315343830846,0.8665433977185026,3.805830316055249,0.47519087472248783
-0.02108351670499565,0.6278929475463906,0.865085895179946,3.8077139363311945,0.4745266002407268
-0.021243218280622936,0.6301034884200284,0.8634599700089808,3.8095805579299205,0.47386611800737305
-0.021397821585834434,0.6322615795945873,0.8641415664632549,3.811430286091832,0.47320809617464943
-0.021547289516578905,0.6343656951615696,0.8623466413117873,3.813263181433796,0.47255199796044045
-0.0216915862012705,0.6364143605371767,0.8630196636044759,3.8150793425992067,0.4718986853518319
-0.021830677009397517,0.6384061522767226,0.8610450024046932,3.816878832508802,0.4712474083984954
-0.021964528559833763,0.6403396978818493,0.8589100032130175,3.81866176451339,0.470601231038894
-0.022093108728849523,0.6422136756025133,0.8595777769744883,3.82042826678381,0.46995829525106403
-0.022216386657821472,0.6440268142355423,0.8598660433018388,3.822178394125126,0.4693154161658744
-0.022334332760638485,0.6457778929213696,0.860525974259283,3.8239121816697597,0.46867271434730196
-0.022446918730802012,0.6474657409404303,0.8611773861417096,3.8256296655621718,0.4680301872410708
-0.022554117548219666,0.6490892375105213,0.8625818990219118,3.8273308789514857,0.46738729220580977
-0.022655903485689757,0.6506473115863246,0.863211314360345,3.8290158411145803,0.46674395429158105
-0.022752252115075935,0.6521389416621574,0.863832265149359,3.8306845865743835,0.4661009643143237
-0.022843140313169776,0.6535631555789089,0.8644460309316953,3.832337152486783,0.46545810654026176
-0.02292854626723983,0.6549190303360088,0.8620173751129752,3.83397358622052,0.46481787403034097
-0.023008449480267118,0.6562056919092014,0.8628381868496364,3.835594005961596,0.4641809741592423
-0.02308283077586408,0.6574223150747919,0.8642765186920716,3.837198454422129,0.46354318074266654
-0.02315167230287694,0.6585681232409741,0.8657349785157811,3.838786940434418,0.4629038363961583
-0.02321495753966957,0.659642388286766,0.8630316757771088,3.8403594764427504,0.4622660787511496
-0.02327267129808886,0.6606444304090254,0.8644892037917759,3.841916181858806,0.46163210026161816
-0.02332479972710984,0.6615736179779609,0.8658994449166725,3.8434570995601534,0.4609970861778937
-0.023371330316159924,0.662429367401491,0.8630583035132285,3.8449822577726507,0.46036444493463863
-0.023412251898120906,0.6632111429987835,0.864473294059429,3.8464917862920163,0.4597358712109152
-0.02344755465200968,0.6639184568832325,0.8650419535450455,3.847985731370813,0.45910672017031956
-0.023477230105334777,0.6645508688551279,0.8664176609013239,3.849464121602591,0.45847738495968327
-0.023501271136129702,0.6651079863042106,0.8669642085947835,3.8509269772339874,0.45784763542328644
-0.02351967197466267,0.6655894641222985,0.8639678784956388,3.8523743446062095,0.45722102993848507
-0.023532428204820505,0.6659950046261303,0.8645132525227397,3.8538063619885032,0.45659912238111827
-0.02353953676516952,0.6663243574905444,0.8685428787456241,3.855223080494174,0.45597446635673156
-0.0235409959496891,0.6665773196921108,0.865383852110264,3.856624445385713,0.4553486959172022
-0.02353680540818206,0.6667537354632954,0.8620902238036535,3.8580105898605197,0.4547312290100507
-0.023526966146358217,0.6668534962572116,0.8631242749607456,3.8593816952031625,0.4541187046724201
-0.023511480525593285,0.6668765407230299,0.8597214127651004,3.8607378354840796,0.4535092827083261
-0.023490352262361767,0.6668228546920627,0.8602669130350473,3.8620791597861848,0.45290519478840163
-0.023463586427345483,0.6666924711745462,0.8608036989254094,3.8634057374806576,0.4523013842646188
-0.023431189444216433,0.6664854703671335,0.8572817230095867,3.864717620479697,0.45170130456939156
-0.023393169088094943,0.6662019796710741,0.8578221996397228,3.8660149648534485,0.451106737595483
-0.02334953448368399,0.6658421737210704,0.8542024996297384,3.8672978594210172,0.45051608765283063
-0.023300296103079217,0.6654062744247544,0.8547445571186896,3.8685664633854357,0.4499310801768379
-0.02324546576325565,0.6648945510127456,0.8562792424603379,3.869820844183404,0.4493457327796967
-0.023185056623231625,0.6643073200991974,0.8568000212700633,3.8710610146637543,0.4487598718022304
-0.023119083180910688,0.6636449457527667,0.8530857790253618,3.8722870241795104,0.44817800240189504
-0.023047561269602408,0.6629078395778607,0.8493047328980364,3.873499052830119,0.44760563958240995
-0.022970508054222155,0.662096460806055,0.8581416767501869,3.874697268774623,0.44703284841092916
-0.0228879420271718,0.661211316397509,0.8543339684450393,3.875881546096488,0.4464549182300912
-0.02279988300390144,0.6602529611521947,0.850474270959852,3.8770520042250025,0.4458863935864185
-0.02270635211815389,0.6592219978307169,0.8509686225459079,3.878208841305768,0.4453237312365283
-0.022607371816893002,0.6581190772844757,0.8514552864091777,3.8793521274855616,0.44476127006243
-0.022502965854915704,0.6569448985948816,0.8597560134973155,3.880481865083182,0.44419332055323635
-0.02239315928915181,0.6557002092212852,0.8601842757172788,3.881597885573132,0.4436170476850957
-0.022277978472650006,0.6543858051572401,0.8616594230470116,3.8827001631500697,0.4430405522857604
-0.022157451048253386,0.6530025310946612,0.8620683857721904,3.8837887125389554,0.4424636253236165
-0.022031605941965182,0.6515512805953985,0.863501940953782,3.884863561867574,0.4418865595662989
-0.02190047335600686,0.6500329962696482,0.8648902284637844,3.885924722706342,0.44130839523693055
-0.021764084761569675,0.6484486699605855,0.8658338664200584,3.886972201413484,0.44072927772726694
-0.021622472891261513,0.6467993429344977,0.8768070335215893,3.888005977227422,0.44014318377530975
-0.0214756717312514,0.6450861060756317,0.885670111357471,3.8890258215786906,0.439542050411828
-0.02132371651311326,0.6433101000848511,0.8927276887578252,3.8900314906405113,0.4389289618714949
-0.021166643705369893,0.6414725156811109,0.8974271554312955,3.891022811056489,0.43830751857034755
-0.02100449100474125,0.6395745938046324,0.8982912835359936,3.891999682479726,0.4376820414810077
-0.020837297327097104,0.6376176258205406,0.8988872611577091,3.892962101740111,0.43705626957844024
-0.02066510279811747,0.635602953721581,0.899719107050574,3.8939100931520714,0.4364302758475563
-0.020487948743662807,0.6335319703284044,0.8998341318324897,3.894843682995588,0.4358045100880829
-0.020305877679855797,0.6314061194857072,0.8999461038710976,3.895762913115362,0.43517960199268035
-0.02011893330287769,0.6292268962523988,0.9011341779256743,3.896667827982826,0.43455513460844575
-0.01992716047848176,0.6269958470837087,0.9020097424480241,3.897558455069475,0.4339304733342879
-0.019730605231225162,0.6247145700030119,0.9025596519750683,3.8984348246052285,0.4333061258932837
-0.019529314733423887,0.622384714760875,0.903263705243021,3.8992969705750253,0.4326818610524374
-0.019323337293831053,0.6200079829786309,0.9038341921708796,3.9001449198658444,0.43205747928856975
-0.019112722346043387,0.617586128273525,0.9045031993507312,3.9009786991866995,0.43143303123531057
-0.018897520436637547,0.6151209563621953,0.9051307019359023,3.901798334932472,0.4308084472109711
-0.018677783213038646,0.6126143251390023,0.905227508063253,3.9026038541396875,0.43018412232668707
-0.018453563411125574,0.6100681447253777,0.9053208510177121,3.903395299340776,0.4295607606810377
-0.01822491484257461,0.607484377486081,0.9053353029260994,3.9041727193025073,0.42893850036170383
-0.017991892381944482,0.6048650380079065,0.9054226931009302,3.9049361639815534,0.42831730682412134
-0.017754551953507273,0.6022121930360167,0.9022657397946697,3.905685697916559,0.4277002696741975
-0.017512950517826538,0.5995279613627437,0.902008118299663,3.9064214792215908,0.42708913249082775
-0.017267146058087105,0.5968145136632957,0.9020846412599566,3.9071435960669794,0.4264795418164384
-0.017017197566179434,0.5940740722724217,0.9021517566518908,3.907852103250511,0.4258712006665343
-0.016763165028541624,0.591308910895679,0.9027489006228602,3.90854704855546,0.4252634412605914
-0.016505109411763533,0.5885213542485513,0.9023467105759677,3.909228465067165,0.4246563796813924
-0.016243092647954413,0.585713777616212,0.9029045032952943,3.909896406731257,0.42405050297687463
-0.015977177619879667,0.5828886063263504,0.9034212449970282,3.910550907334421,0.42344448415428154
-0.015707428145869756,0.5800483151270173,0.9034873091240117,3.9111919935428316,0.42283887196651093
-0.015433908964503555,0.5771954274610589,0.9035509596825778,3.911819710046801,0.42223440468603407
-0.015156685719071665,0.5743325146282926,0.9036157750693052,3.9124341031374197,0.42163063587302485
-0.01487582494182228,0.5714621948261994,0.904181957875173,3.913035211478772,0.4210273366512814
-0.014591394037993735,0.5685871320595391,0.904236292164928,3.9136230665913265,0.42042444899936854
-0.014303461269637567,0.5657100349089748,0.9008868555763601,3.9141977285264895,0.41982588838055995
-0.014012095739236138,0.5628336551485132,0.8974293000390071,3.914759375475643,0.41923660680693847
-0.01371736737311809,0.5599607862013001,0.8938889007569052,3.915308221470775,0.41865689460589284
-0.013419346904676537,0.557094261423191,0.8939238141023071,3.9158444671333497,0.4180833859865524
-0.01311810585739334,0.5542369522033644,0.8939557336914721,3.9163681948550635,0.4175111022750344
-0.012813716527673883,0.5513917658712605,0.8939844779925737,3.916879453705094,0.41694000138916987
-0.01250625196749611,0.5485616433992178,0.8940107772666371,3.9173782913560418,0.41636995987962083
-0.012195785966878618,0.5457495568903543,0.8935114839545221,3.9178647566436027,0.41580150123020665
-0.011882393036171342,0.5429585068415912,0.8930358481761,3.918338912112741,0.41523499221881377
-0.011566148388173115,0.5401915191721648,0.8936024574559773,3.9188008165761676,0.41466965435659087
-0.01124712792008151,0.5374516420086057,0.8936326506156479,3.9192505065848353,0.41410492146641587
-0.010925408195277559,0.5347419422179556,0.8936599642738172,3.919688026782248,0.41354139309509147
-0.01060106642495086,0.5320655016819681,0.8936853860673392,3.920113425279612,0.4129790440462661
-0.010274180449569365,0.5294254133062036,0.8937087975902349,3.9205267504337913,0.4124179151083896
-0.009944828720198121,0.5268247767593373,0.8937289306745805,3.9209280490922263,0.4118578749766685
-0.009613090279671133,0.5242666939395413,0.8937466731455049,3.9213173689347935,0.4112990718851427
-0.009279044743621793,0.5217542641667033,0.8937606368197046,3.92169475634917,0.4107413187024006
-0.008942772281375242,0.519290579101189,0.8902014450300212,3.9220602741439254,0.4101879909579573
-0.00860435359670824,0.5168787173922166,0.886636812477179,3.9224140978746003,0.4096438287435577
-0.008263869908480619,0.5145217390613367,0.8866623577857894,3.9227564173685234,0.4091056089486082
-0.007921402931143249,0.512222679629256,0.8860260358913857,3.923087313734448,0.4085690842550866
-0.007577034855126668,0.5099845439971085,0.8860636905880163,3.9234068516798835,0.4080345394628231
-0.0072308483271161725,0.507810300096369,0.882612667808911,3.9237150970689516,0.40750406842424475
-0.006882926430216686,0.5057028723248098,0.8792208488830555,3.9240122115010427,0.40698191764813196
-0.0065333526640134025,0.5036651347892533,0.8797866381560149,3.9242983652583625,0.4064646993238529
-0.006182210924532189,0.5016999043792366,0.8791292428320002,3.9245736170030288,0.4059482658373831
-0.005829585484104904,0.4998099336991938,0.8792185639646833,3.924838019489919,0.4054335307281766
-0.0054755609711446464,0.49799790389010984,0.8793083547581341,3.9250916192339034,0.40491976973839366
-0.0051202223498351095,0.4962664173749568,0.8793995208028902,3.9253344567786193,0.40440697043032114
-0.0047636548997397705,0.49461799056537353,0.8762587426618511,3.9255665864223794,0.40389768307343255
-0.00440594419533498,0.4930550465700229,0.8763793117060085,3.925788133698053,0.40339287033166404
-0.00404717608547278,0.49157990794770784,0.8769432257171206,3.925999160150554,0.4028886933605262
-0.003687436672777359,0.49019478955068263,0.8775039817483349,3.926199691576295,0.4023845103310817
-0.0033268122929809288,0.4889017915054524,0.8745095151712782,3.926389763078982,0.4018831083713809
-0.0029653894942036074,0.48770289237980524,0.8746598462544892,3.926569486310086,0.40138531899543095
-0.002603255016182179,0.48659994258565387,0.8751764958219194,3.926738907775178,0.40088784126701554
-0.002240495769453068,0.48559465806754853,0.8753262285779105,3.9268980530031317,0.4003907129927648
-0.0018771988144941462,0.4846886143263506,0.8754768159507189,3.9270469555594913,0.3998943575121073
-0.0015134513408307456,0.4838832408264875,0.8748420294130625,3.927185654308102,0.3993993572512844
-0.0011493406461104759,0.4831798158334966,0.875304115410485,3.9273142021527825,0.3989056133088827
-0.0007849541151522606,0.48257946172611654,0.8757105130190432,3.9274326298674413,0.39841203334287767
-0.000420379198974407,0.4820831408240633,0.8760604232177167,3.927540960518057,0.39791860193943224
-5.570339380677236e-05,0.4816916517688695,0.8763547195310961,3.92763919910099,0.39742300343476566
0.00030898577990791387,0.48140562649076735,0.8737487920839013,3.9277273432047304,0.39692933306549766
0.0006736007985185595,0.48122552778966093,0.8712942904061031,3.9278055024890066,0.3964410722157653
0.0010380541561708873,0.48115164755281725,0.8708641642667445,3.927873794389312,0.39595649051132087
0.0014022583858085335,0.48118410562610436,0.8711499499077676,3.9279322799978558,0.3954729203873262
0.0017661260801646273,0.4813228493494835,0.8717419688995762,3.927980990179715,0.3949895996165421
0.0021295699127391447,0.48156765376118543,0.8696456688047669,3.9280199534856997,0.3945077301946777
0.0024925026587568856,0.4819181224686311,0.8691624982052608,3.9280492443740953,0.39402868858018797
0.0028548372161009425,0.4823736891778006,0.8697726428946733,3.928068914563372,0.3935502906323939
0.0032164866262168346,0.4829336198665859,0.8701283261374388,3.928078987203318,0.39307198161647944
0.003577364094982111,0.4835970155817242,0.8704865861862974,3.928079486347962,0.3925939930029065
0.003937383013536564,0.48436281583330826,0.870847645993081,3.9280704373749082,0.3921162777832139
0.0042964569790678985,0.4852298025557662,0.8691888093550205,3.9280518662181474,0.3916395091225232
0.004654499815548006,0.48619660459956915,0.8695996734350548,3.9280238270003824,0.3911643054968132
0.005011425594414799,0.4872617027139213,0.8700130805829315,3.927986349942179,0.39068916643830215
0.005367148655194667,0.4884234349773055,0.8695395316857127,3.927939456354983,0.3902144201541472
0.005721583626060571,0.4896800026300598,0.8682748264223148,3.927883182856589,0.38974096892871873
0.006074645444320851,0.4910294762611287,0.8671622703981903,3.9278175770926556,0.38926890967186467
0.0064262493768338985,0.4924698022998558,0.8661930559327201,3.9277426814524357,0.38879788324716275
0.006776311040343656,0.49399880976301147,0.8667786281365357,3.927658530495024,0.38832723570769995
0.0071247464217312675,0.4956142172072944,0.867366804066219,3.9275651407544614,0.3878562321434825
0.007471471898177729,0.4973136398381724,0.8665859859540388,3.927462523963284,0.38738507291674706
0.00781640425723306,0.4990945967271427,0.8659165097477103,3.9273507009956647,0.38691408586524606
0.008159460716786866,0.5009545180912031,0.8653406989035557,3.9272296894385765,0.38644288772708363
0.008500558944935519,0.5028907525904719,0.864660980345027,3.9270995045821198,0.3859719482054096
0.008839617079741659,0.5049005746024812,0.8653766247809134,3.92696017858605,0.38550144840373746
0.009176553748880446,0.506981191434467,0.8660961731944656,3.926811724055043,0.3850303259282976
0.00951128808916866,0.5091297504381175,0.8668132091790219,3.92665414796663,0.38455872615518505
0.0098437397659714,0.5113433459944939,0.8675279469022187,3.9264874590408674,0.3840865605363556
0.010173828992482115,0.5136190263402093,0.8681106999531378,3.9263116630453214,0.38361385406545234
0.01050147654887089,0.5159538002093923,0.8688193926093991,3.9261267701919667,0.3831407321681133
0.010826603801296951,0.518344643269378,0.8695175313284963,3.925932786300619,0.3826668680849404
0.011149132720780462,0.5207885043314271,0.8702435289276951,3.925729717408846,0.3821925968286929
0.011468985901928882,0.5232823113210552,0.8685291828677678,3.9255175842931065,0.3817197793400886
0.011786086581514107,0.5258229769956698,0.869026733054513,3.925296459019989,0.38124925657491127
0.01210035865689518,0.5284074044001937,0.86972754820767,3.925066373913944,0.3807785241151009
0.012411726704282613,0.5310324920541323,0.8680472213388258,3.9248273451407107,0.3803089208535907
0.01272011599683959,0.5336951388660949,0.8679251023868574,3.9245794399237552,0.3798410706527599
0.01302545252261628,0.5363922487741801,0.8678180835401103,3.9243226659470163,0.37937156604623945
0.013327663002312157,0.5391207351127156,0.8683110102304998,3.924057009993738,0.3789009128600161
0.01362667490686276,0.541877524707789,0.8682041077525352,3.9237824753418136,0.3784293777599264
0.013922416474846327,0.5446595617056774,0.868061679358888,3.923499051263831,0.3779562166382671
0.014214816729706132,0.5474638111397326,0.868808497906271,3.923206727713158,0.3774820679402637
0.014503805496784627,0.5502872622425564,0.8670422240105942,3.9229055177942898,0.37700917024484715
0.014789313420164854,0.5531269315113259,0.8677911383874988,3.9225954945502504,0.3765385986280609
0.015071271979315763,0.5559798655350154,0.8685327345520117,3.9222766801718367,0.3760671871263942
0.015349613505536534,0.5588431435929367,0.8692664258211115,3.9219490761775564,0.37559499550732794
0.015624271198197063,0.5617138800345362,0.8691123339768959,3.92161268469348,0.3751219196984492
0.01589517914076948,0.5645892264507957,0.8695875362443813,3.9212674993950496,0.37464767183294095
0.016162272316647925,0.5674663736477916,0.8700153750302174,3.9209135264494197,0.3741732431796352
0.016425486624752312,0.570342553433128,0.8704363859022217,3.9205507790742002,0.3736985460312973
0.016684758894912284,0.5732150402259671,0.8702082747421425,3.920179267600936,0.3732232431823619
0.016940026903027428,0.5760811525013078,0.8708986767029687,3.9197989920013847,0.3727470733942676
0.01719122938600117,0.5789382540790338,0.870528203956454,3.9194099565198055,0.37227030453419796
0.01743830605644342,0.5817837552680293,0.8700178078528097,3.9190121669321742,0.37179306189718525
0.017681197617139335,0.5846151138753893,0.869353573590641,3.91860563481271,0.3713156974106282
0.017919845775280174,0.5874298360904564,0.8699897218047487,3.918190378594572,0.3708384029420521
0.018154193256453705,0.5902254772530453,0.8681445249436998,3.9177664226924143,0.37036263878672115
0.018384183818389143,0.5929996425148581,0.8688806305855697,3.9173338405960156,0.3698893031229215
0.01860976226445576,0.5957499874026851,0.8695012633602782,3.916892664987013,0.3694159245821163
0.018830874456909275,0.5984742182915784,0.8699127746072107,3.9164429121451265,0.36894250664260025
0.019047467329884965,0.6011700927957734,0.8702058473586702,3.915984599174757,0.36846906376142474
0.01925948890213292,0.6038354200847039,0.8693667077481125,3.915517743403364,0.367995931151781
0.01946688828949356,0.6064680611310317,0.869950462656627,3.915042373387259,0.36752318833923847
0.019669615717109495,0.6090659288972186,0.8705230205374593,3.9145585058608336,0.36705024765061633
0.01986762253137121,0.6116269884667203,0.8694592094952059,3.914066157069222,0.366577795247184
0.020060861211593763,0.6141492571255424,0.8682089473119194,3.9135653680950355,0.366107010919147
0.02024928538142145,0.6166308043994412,0.8687468892965223,3.913056189879324,0.3656374562082391
0.020432849819958,0.619069752051754,0.8692745914270302,3.912538646453242,0.3651678360108978
0.020611510472619395,0.6214642740464265,0.869792627337158,3.9120127537262084,0.3646981558086924
0.02078522446170652,0.6238125964805113,0.8702048189926896,3.9114785268004906,0.3642284219859542
0.020953950096695862,0.6261129974900467,0.8687087016073468,3.9109359869997844,0.3637597283522308
0.021117646884244955,0.6283638071329545,0.869439625459926,3.9103851883983225,0.3632926476087349
0.021276275537910554,0.6305634072522801,0.8676419433269964,3.909826164394151,0.36282703617177875
0.021429797987577215,0.6327102313228338,0.865779683769854,3.909258995857828,0.3623655500455247
0.02157817738859403,0.6348027642840435,0.8662572986037771,3.9086837712680698,0.36190642975474735
0.021721378130616854,0.6368395423615694,0.8667265359289696,3.9081005250323337,0.3614475715747782
0.02185936584615513,0.6388191528800234,0.8671869566004852,3.9075092784704704,0.3609889092097442
0.02199210741881947,0.6407402340689232,0.8676397411964905,3.9069100504089582,0.3605304017149514
0.022119570991269606,0.6426014748638137,0.8680851491259173,3.9063028601680663,0.36007203514721786
0.022241725972859963,0.6444016147043067,0.8664374688493593,3.9056877336755034,0.3596152022366861
0.022358543046981406,0.6461394433306294,0.8645428071371615,3.9050647437194845,0.35916187565022994
0.022469994178096832,0.647813800580118,0.8649679539648708,3.9044339677304207,0.358710587140581
0.022576052618469823,0.6494235761849361,0.8653858556555499,3.903795437847864,0.3582595322483895
0.022676692914583622,0.6509677095721997,0.8657976728207093,3.903149174262169,0.3578087914513711
0.02277189091325054,0.6524451896675338,0.866255910643975,3.9024951999474653,0.3573583513190296
0.022861623767407597,0.6538550547029967,0.8641565399898959,3.9018335409398115,0.35690961869005317
0.022945869941600708,0.6551963920302257,0.8645616202808446,3.9011642725464606,0.3564634888783757
0.02302460921715236,0.6564683379395115,0.8649612678757864,3.900487428853917,0.3560174939569888
0.023097822697014492,0.6576700774854969,0.865357326472222,3.899803028776338,0.3555717201524825
0.02316549281030322,0.6588008443200701,0.8630633775344039,3.899111100114467,0.3551278878439959
0.023227603316516292,0.6598599205329646,0.8613144660538632,3.898411731296161,0.35468838163261657
0.023284139309430376,0.6608466365005375,0.8616981658188468,3.8977050087835097,0.3542512821317149
0.02333508722067852,0.6617603707431186,0.859187211540718,3.8969909802273164,0.35381659558141487
0.023380434823006602,0.6626005497912825,0.8595754892651261,3.896269733515846,0.35338500322566163
0.023420171233207707,0.6633666480613586,0.8599592408880731,3.8955413078325467,0.3529537439695665
0.023454286914734224,0.6640581877404367,0.8603378293043952,3.894805726061819,0.352522992154865
0.023482773679986153,0.6646747386811022,0.8607115453464412,3.8940630112433468,0.35209256908441205
0.023505624692276707,0.6652159183061083,0.8580523178241153,3.8933131926574527,0.35166442972764533
0.023522834467472723,0.665681391523145,0.8588236386055361,3.8925563614783876,0.3512394709746473
0.023534398875310624,0.666070870649853,0.8594458164682663,3.89179254836593,0.3508141886963067
0.023540315140388103,0.666384115349203,0.8566999145505175,3.8910217740699857,0.3503910732198433
0.0235405818428298,0.6666209325753457,0.8573149620851831,3.890244130837279,0.3499712851711005
0.023535198918628673,0.6667811765300006,0.8544923308294397,3.8894596638019374,0.3495536802136718
0.023524167659660523,0.6668647486294598,0.8515948997822929,3.888668479648591,0.3491420585797071
0.023507490713374574,0.6668715974822431,0.8519990246915297,3.887870700997174,0.34873418038577864
0.023485172082157786,0.6668017188774408,0.8508738330524204,3.887066373019424,0.34832723361004797
0.02345721712237479,0.6666551557837614,0.8515727752266418,3.8862555423782403,0.3479221216594152
0.023423632543081437,0.6664319983592732,0.8519609522470748,3.88543824018921,0.34751721663039725
0.02338442640441571,0.666132383971848,0.8523444132841248,3.884614484304951,0.3471126856047688
0.023339608115662703,0.6657564972302581,0.852723241357149,3.8837842951007433,0.3467084393589912
0.02328918843299652,0.6653045700258912,0.8530973333375022,3.8829476914375616,0.3463045781116658
0.02323317945689904,0.6647768815850308,0.8534671081629633,3.8821046927046674,0.34590096625137745
0.023171594629255637,0.6641737585316156,0.8542638889394071,3.881255315850536,0.3454973852642462
0.023104448730129255,0.6634955749603758,0.8546245033780879,3.880399569632179,0.34509366281568615
0.023031757874213566,0.6627427525202501,0.8554098776962725,3.8795374688805366,0.34469000671089817
0.022953539506964802,0.6619157605079253,0.8557603201482258,3.8786690227833596,0.3442862048810543
0.022869812400415843,0.6610151159713362,0.8565337038793008,3.877794244691246,0.3438823321446525
0.022780596648670253,0.6600413838229414,0.856874182380098,3.876913141763186,0.3434782990624116
0.022685913663080357,0.6589951769625351,0.8576368086573407,3.876025728440251,0.34307430207585426
0.02258578616710791,0.6578771564093502,0.8579679512441089,3.8751320144414625,0.3426702545269273
0.02248023819087162,0.6566880314431384,0.8582952398548125,3.8742320157445893,0.3422664691130351
0.022369295065378964,0.6554285597538919,0.8586191758751435,3.8733257523184026,0.341863162866365
0.02225298341644756,0.6540995475998125,0.85811224291433,3.8724132468299137,0.3414605168555891
0.022131331158314737,0.6527018499730802,0.8588763533544493,3.871494527596707,0.34105839211177813
0.02200436748693866,0.651236370772913,0.8591835694962305,3.8705696080818788,0.3406562538711881
0.02187212287299096,0.6497040629853535,0.859487966817224,3.8696385042911388,0.3402543582410885
0.02173462905454407,0.648105928869117,0.8602309318428206,3.868701233604618,0.3398525910475963
0.021591919029454548,0.6464430201467971,0.8603394883773348,3.8677578048720553,0.3394504956463636
0.021444027047443335,0.6447164382005893,0.8606276086642993,3.8668082251330453,0.3390483116861461
0.021290988601876223,0.6429273342716313,0.8605543099786065,3.8658525095547387,0.33864631199643247
0.02113284042124557,0.6410769096619344,0.8612989221420373,3.8648906704881116,0.3382441303957952
0.020969620460355463,0.6391664159377619,0.8611474056494978,3.863922713643956,0.3378416112422556
0.020801367891213108,0.6371971551331937,0.8614221897187475,3.86294864857447,0.3374392223992049
0.020628123093627534,0.6351704799524615,0.861935626090985,3.8619684920133595,0.33703676479862915
0.020449927645518416,0.6330877939695004,0.862199188956516,3.8609822470843467,0.336634030994661
0.020266824312937963,0.6309505518230012,0.8629126079250357,3.859989926624642,0.3362309577336778
0.020078857039807135,0.62876025940504,0.8631678059280946,3.8589915240106283,0.33582712406970744
0.019886070937369167,0.6265184740412206,0.8596901079647282,3.857987064900573,0.3354263550538059
0.01968851227336312,0.6242268046600083,0.856141098099192,3.8569766762081237,0.33503269275971237
0.01948622846092024,0.6218869119487511,0.852549829844253,3.8559605129390895,0.3346462438232866
0.01927926804718439,0.619500508493614,0.8528316628854109,3.85493871707207,0.33426431019482616
0.01906768070166151,0.6170693589004341,0.8531102148859679,3.8539113373567364,0.33388292843619016
0.018851517204298777,0.6145952798931913,0.849511378928945,3.8528784085760917,0.3335046838041449
0.018630829433297882,0.6120801403865473,0.8497980216512586,3.851840042555302,0.33313071762330365
0.018405670352664605,0.609525861528573,0.8505930096741289,3.8507962807674323,0.33275675168648855
0.018176093999497506,0.6069344167094489,0.8508704550112812,3.849747129707087,0.33238267018353546
0.01794215547101935,0.6043078315316516,0.8511440286615093,3.848692605007364,0.3320090351606398
0.01770391091135385,0.6016481837366923,0.8475835212856161,3.847632740184163,0.33163847069402297
0.017461417498052027,0.5989576030831921,0.8478667959865461,3.8465676442974948,0.3312721780639139
0.017214733428368777,0.596238271170632,0.8481470144658786,3.8454973629636506,0.33090637307451215
0.0169639179052968,0.5934924212027556,0.8484239907466501,3.84442191436247,0.33054085788786985
0.016709031123357667,0.5907223376841925,0.8491946471618234,3.8433413133199212,0.33017537991847473
0.016450134254155577,0.5879303560434281,0.8456908979554877,3.842255580049727,0.32981244603391396
0.016187289431696242,0.5851188621748783,0.8459714717535323,3.8411648206731046,0.32945384033363084
0.015920559737475515,0.5822902918923405,0.846249543265281,3.840069079721386,0.32909561878707183
0.015650009185339635,0.5794471302857321,0.8510275105180483,3.838968359614888,0.32873475545018144
0.015375702706122313,0.5765919109725842,0.8517937790134289,3.8378625697581192,0.3283693669302565
0.015097706132061897,0.5737272152353493,0.8520476160069153,3.8367516849667296,0.32800372568776975
0.014816086181001735,0.5708556710352437,0.8522992535072228,3.8356357176426563,0.327638483094654
0.014530910440378266,0.567979951892939,0.8525471755712715,3.834514687616264,0.3272737380651113
0.014242247351000313,0.5651027756261339,0.8527898259557237,3.833388614779744,0.3269095224161662
0.013950166190623654,0.5622269029337517,0.8492592799157447,3.832257533158256,0.3265483578901411
0.013654737057324805,0.5593551358162774,0.8495123438875319,3.8311215495499096,0.3261913795352487
0.013356030852677624,0.5564903158215984,0.8497601032598245,3.8299807082272292,0.3258349055709636
0.013054119264737337,0.5536353221056376,0.8500047844800914,3.8288350286854276,0.3254789072996517
0.01274907475083587,0.5507930692970496,0.8499742562941813,3.8276845299044893,0.3251232441162742
0.012440970520192317,0.5479665051553887,0.8498842121139007,3.826529223052995,0.3247675381520807
0.012129880516343,0.545158608012359,0.8501202019153682,3.8253691188616203,0.3244120711720683
0.01181587939939557,0.5423723839861284,0.8466913592008581,3.8242042471408406,0.3240594307261205
0.011499042528110808,0.5396108639591618,0.8469411000524742,3.8230347078511184,0.3237107183915686
0.011179445941816971,0.5368771003107193,0.8482309707478956,3.82186054142534,0.32336216595004513
0.010857166342160647,0.5341741633959715,0.8539518458712427,3.8206817380460465,0.3230102767762338
0.010532281074698767,0.5315051377647085,0.8541722706188751,3.8194981996165973,0.32265407889825837
0.010204868110336008,0.5288731181138319,0.850733815346674,3.8183099262190523,0.3223007445419889
0.009875006026612163,0.5262812049692583,0.8509691187344818,3.8171170192543853,0.32195145419026133
0.009542773988843872,0.5237325000944792,0.8476223238032342,3.81591953486676,0.3216050861748042
0.009208251731125503,0.5212301016249207,0.8483341817773403,3.814717571900877,0.32126235945647613
0.00887151953719307,0.5187770989293109,0.8485836082098059,3.8135111610475034,0.3209195930973447
0.008532658221156833,0.5163765672015885,0.8550111591904719,3.8123002998242272,0.3205739481447738
0.00819174910810595,0.5140315617894403,0.8552260048743477,3.8110848910081305,0.32022386775190265
0.007848874014591127,0.5117451122682667,0.8552254714427359,3.8098649194778216,0.3198740383430306
0.007504115228989017,0.5095202162723323,0.8519147750590208,3.8086404079605436,0.31952662235024465
0.007157555491753185,0.5073598330979645,0.8519124536725948,3.8074114499699934,0.3191828413132074
0.006809277975557041,0.5052668770968892,0.8486974008199942,3.8061780898742335,0.31884131758079015
0.006459366265332676,0.5032442108811674,0.8489622457063223,3.804940417138796,0.31850344315414625
0.006107904338210877,0.5012946383645912,0.8503419070249966,3.80369846643422,0.31816524544940966
0.005754976543367127,0.4994208976688395,0.8505991788276884,3.802452233980318,0.3178267429625388
0.005400667581778012,0.4976256539260844,0.847539899303407,3.8012017416186734,0.3174905106977509
0.005045062485893536,0.49591149201302237,0.8489002380168804,3.799947070013193,0.3171571877487807
0.0046882465992298455,0.4942809092544497,0.8491833277860226,3.7986882428438604,0.31682378925690585
0.004330305555886882,0.492736308137391,0.8494660569799797,3.7974252738223933,0.31649080526350454
0.003971325259996848,0.4912799890794058,0.8495564490138112,3.796158179008148,0.3161581437780025
0.0036113918651075965,0.4899141432969197,0.8580593584798886,3.794886951819413,0.3158220345909786
0.0032505917535061942,0.4886408458212406,0.8552370818113911,3.793611490691008,0.3154826984811682
0.002889011515487485,0.4874620487112135,0.8626868157310095,3.7923318200778113,0.31514316394311215
0.002526737928572926,0.4863795745122067,0.8600459587942904,3.7910478720272325,0.314800983598442
0.0021638579366844014,0.4853951100112764,0.8575083458220799,3.789759697052358,0.3144631252495938
0.001800458629278076,0.4845102003378115,0.855090964277506,3.7884673845714025,0.31412915967425264
0.0014366272204433485,0.48372624345779563,0.8601292813795312,3.787171003142006,0.3137958128492239
0.0010724510279718764,0.48304448510791803,0.8579503306018738,3.7858705256912626,0.31346129427888386
0.0007080174524017216,0.48246601421320157,0.8558938383482625,3.7845659941717633,0.3131298296415642
0.0003434139560416769,0.48199175882853973,0.85396392245987,3.7832574738336895,0.31280115032804834
-2.127195801928328e-05,0.4816224826406413,0.8543714975329721,3.7819450284153353,0.3124746451537118
-0.00038595276691236733,0.48135878206236515,0.8525948566268867,3.7806286848238284,0.31214894707650476
-0.0007505409489939612,0.4812010839463905,0.8537618026282314,3.7793084861470376,0.3118248886266519
-0.001114949004850471,0.4811496439396502,0.8542020952250015,3.7779844471157293,0.3115005619561626
-0.0014790894782977277,0.4812045454940861,0.8525680623613997,3.7766565763228557,0.3111768663165143
-0.0018428749773700226,0.48136569954312236,0.8530448990981182,3.7753249034686465,0.3108540270239032
-0.002206218195293836,0.48163284484694996,0.8535196576363784,3.773989438163031,0.31053087367547505
-0.0025690319314409776,0.4820055490033179,0.8539948175246218,3.772650181760892,0.31020748504828966
-0.0029312291122563653,0.48248321011423717,0.8551193922608846,3.7713071371672884,0.30988374244642547
-0.0032927228121551783,0.48306505909284503,0.855583193020298,3.769960301984031,0.30955951245771657
-0.0036534262743847267,0.4837501625888062,0.854124934749286,3.768609680838639,0.30923571560953406
-0.004013252931845496,0.4845374265051421,0.8546201034625254,3.7672552987604724,0.30891257920728216
-0.0043721164278669325,0.4854256000743497,0.8551130777052286,3.765897163049521,0.3085891154828839
-0.0047299306369326145,0.4864132804571694,0.853756350845024,3.7645352791261284,0.30826604047720985
-0.00508660968534994,0.4874989178234953,0.8542709838242931,3.763169669647478,0.3079435214647009
-0.00544206797185941,0.4886808208716705,0.8549627250385601,3.7618003413262606,0.3076206281879268
-0.005796220188178548,0.4899571627398542,0.8554708858583948,3.7604272930534797,0.3072973130904002
-0.0061489813394754265,0.49132598726128124,0.8559515600629839,3.759050522257967,0.3069731460366205
-0.006500266764767047,0.4927852155140815,0.856477383080142,3.7576700125247813,0.30664794265928885
-0.006849992157237562,0.4943326526158056,0.8575575185209041,3.7562857597275583,0.3063223319983583
-0.0071980735844715815,0.49596599471298336,0.8580715040221315,3.754897763130953,0.3059963840679235
-0.007544427508597389,0.497682836116789,0.8585823649857365,3.7535060244896825,0.3056701392541819
-0.007888970806335768,0.4994806765372135,0.8590899649810246,3.7521105449389123,0.3053435743589215
-0.008231620788949137,0.5013569283699476,0.8595970853138002,3.7507113261404172,0.3050167625175327
-0.008572295222086438,0.5033089239924515,0.8600971387404723,3.749308370460984,0.3046896350787487
-0.00891091234551906,0.5053339230282701,0.8611074769257674,3.7479016778432506,0.30436207309890567
-0.00924739089276276,0.5074291195415918,0.8599279358197875,3.7464912485950674,0.3040345326217551
-0.009581650110581388,0.509591649127171,0.8587159633965907,3.7450770879620237,0.30370616858295846
-0.00991360977836719,0.511818595864033,0.8590958971159653,3.7436591913196926,0.30337765700201896
-0.010243190227393317,0.5141069991047778,0.8596324265640571,3.74223755555642,0.3030484612853728
-0.010570312359934107,0.5164538600757318,0.8601638079414297,3.74081217856578,0.3027187958166049
-0.010894897668247992,0.5188561482665958,0.8605337884498901,3.739383057738357,0.302388511663309
-0.011216868253419011,0.5213108075916059,0.8609846161782304,3.7379501827871855,0.30205717293837586
-0.011536146844052289,0.5238147623074465,0.8615583812508122,3.736513540917036,0.301724996662013
-0.011852656814818655,0.5263649226762664,0.862038695963772,3.735073126531678,0.3013920667234199
-0.012166322204844385,0.5289581903650761,0.8612154891368933,3.73362892906622,0.3010585047359292
-0.012477067735941625,0.5315914635755353,0.8617934097083743,3.732180952777075,0.30072484647297615
-0.012784818830674496,0.5342616419006764,0.8621621543275337,3.7307291965718155,0.3003904075891713
-0.013089501630257516,0.5369656309074169,0.8613143562063177,3.729273651853667,0.30005558844579844
-0.013391043012281318,0.5397003464457981,0.8603156008797777,3.727814331756428,0.29972143130201395
-0.013689370608261725,0.5424627186877493,0.8591595509903002,3.726351258668016,0.29938815247578676
-0.01398441282100771,0.5452496958997962,0.8597008857390785,3.724884459695526,0.29905554762394304
-0.014276098841804419,0.5480582479555872,0.858362941473416,3.723413947396503,0.2987234784164986
-0.014564358667407091,0.5508853695952756,0.8588786945086607,3.7219397510552117,0.2983922876772037
-0.014849123116841206,0.5537280834398386,0.8593847086939616,3.7204618814140864,0.2980609636417712
-0.015130323848005906,0.5565834427692258,0.859881737775756,3.7189803444816487,0.2977296330410683
-0.015407893374075495,0.5594485340738906,0.8603697839193187,3.71749514707285,0.2973982058935579
-0.015681765079696073,0.5623204793897258,0.8608488083150547,3.7160062915326586,0.2970664108469108
-0.015951873236972974,0.5651964384268252,0.8613191309057275,3.714513780238588,0.2967345092031385
-0.016218153021245012,0.5680736105026525,0.8608672519678718,3.7130176228058303,0.2964031758280108
-0.016480540526642107,0.570949236290349,0.8613494889390347,3.711517841967301,0.29607234920918046
-0.01673897278142256,0.5738205993928963,0.8623300419956216,3.7100144469480263,0.29574135404487345
-0.016993387763085687,0.5766850277537618,0.8607946007860707,3.708507442992286,0.2954109782283561
-0.017243724413257097,0.5795398949145075,0.8614536798897839,3.7069968672984963,0.29508190846168253
-0.017489922652342546,0.5823826211296041,0.8619404060896071,3.7054827328393007,0.29475263438970756
-0.017731923393946344,0.5852106743484278,0.8611033948617525,3.7039650465707155,0.29442390221520537
-0.017969668559052156,0.5880215710740808,0.8595290653782598,3.7024438421131705,0.29409710237461134
-0.01820310108996167,0.5908128771083379,0.8577923059475882,3.700919172698527,0.29377287884908376
-0.01843216496398786,0.5935822081916299,0.8582379917664796,3.699391093427402,0.29345030088113594
-0.018656805206900596,0.5963272305465738,0.8563365747210304,3.697859629032089,0.2931290328229422
-0.018876967906119927,0.5990456613331544,0.8542985683081257,3.6963248375843922,0.2928110256641717
-0.01909260022365479,0.6017352690232385,0.8521427888015668,3.69478679468049,0.29249667276467983
-0.01930365040878405,0.6043938737016747,0.851336510181254,3.6932455787280687,0.2921853571850781
-0.019510067810476425,0.6070193473008262,0.8518015884546476,3.691701234123309,0.291874932080988
-0.0197118028895463,0.6096096137749577,0.8528034511042373,3.690153772397051,0.29156438602892804
-0.019908807230543116,0.612162649220494,0.8506898863619691,3.6886032022235953,0.29125507403996587
-0.02010103355337065,0.6146764819477769,0.8496081137431627,3.687049582026419,0.2909485688094964
-0.02028843572463411,0.6171491925095627,0.8475557573514348,3.685492961475324,0.290644398905401
-0.02047096876871205,0.6195789136911355,0.8480452286364776,3.6839334032980853,0.2903425015633586
-0.020648588878549992,0.6219638304665439,0.8469697945446124,3.682370932666935,0.2900412326339337
-0.02082125342617436,0.6243021799251687,0.84499315962556,3.6808055828517534,0.2897421481225392
-0.02098892097292234,0.6265922511724547,0.8455109729621494,3.679237410941305,0.28944499922802047
-0.021151551279387656,0.6288323852083973,0.84602354064108,3.6776664339298906,0.2891477149690745
-0.021309105315077338,0.6310209747870286,0.8443130494140647,3.6760926597913612,0.28885136896826386
-0.02146154526777925,0.6331564642599294,0.8450794927106527,3.674516130247271,0.2885565772331706
-0.021608834552636354,0.635237349406496,0.8431754903743475,3.672936865497441,0.28826293172438056
-0.021750937820927407,0.6372621772534951,0.843702265514311,3.6713549147162903,0.28797122926341195
-0.021887820968550048,0.6392295458861865,0.8417679562785326,3.669770301583672,0.2876806705428374
-0.022019451144205913,0.6411381042530978,0.8423074801956537,3.6681830746286703,0.2873919969325921
-0.02214579675728479,0.6429865519663586,0.8430111471779158,3.6665932533471004,0.28710357740795867
-0.022266827485445964,0.6447736390992969,0.8435389858130445,3.6650008440717965,0.2868149480880557
-0.022382514281895673,0.6464981659828634,0.844060881779292,3.663405848634711,0.2865262268445146
-0.02249282938235803,0.6481589830022775,0.8445767055571148,3.6618082710301643,0.2862374640991629
-0.022597746311738543,0.6497549903951647,0.8426420533960166,3.660208121985405,0.28594998930575377
-0.02269723989047769,0.6512851380523206,0.8406975081774519,3.658605460392603,0.2856659628273375
-0.022791286240594302,0.6527484253221133,0.8387625989784282,3.6570003600170917,0.2853852777322712
-0.022879862791415573,0.6541439008194517,0.8392896607512546,3.655392884396572,0.28510653724286206
-0.022962948284994747,0.655470662240111,0.8398088126248493,3.653783051091531,0.2848277803664154
-0.023040522781211978,0.6567278561811628,0.8379086535643775,3.652170871512304,0.2845503805879941
-0.023112567662560653,0.6579146779681442,0.8386585067417787,3.650556397788888,0.2842749692948861
-0.023179065638615094,0.6590303714895339,0.8391687160013562,3.648939644413868,0.28399932961741065
-0.023240000750180168,0.6600742290390406,0.8401683211655119,3.647320612852552,0.28372351448559585
-0.023295358373121657,0.6610455911661655,0.8381220070653653,3.645699309361792,0.28344882739533844
-0.023345125221875842,0.6619438465354017,0.8388460575984512,3.644075782440119,0.28317599146346484
-0.023389289352637822,0.6627684317944339,0.836834842577883,3.6424500529410944,0.2829042941317356
-0.023427840166228234,0.6635188314516288,0.8377928029311219,3.64082216657895,0.28263425720849833
-0.023460768410636924,0.6641945777630797,0.8383104006403708,3.6391921346296088,0.28236403221279466
-0.023488066183243103,0.6647952506294226,0.8362830917456812,3.637559967953059,0.28209518222516156
-0.02350972693271263,0.6653204775026257,0.8369829718857984,3.6359257144805204,0.28182803708423243
-0.023525745460569538,0.6657699333029075,0.8355745987393166,3.634289391587822,0.2815616895108266
-0.023536117922443922,0.6661433403459338,0.8334826525485701,3.6326510418718474,0.2812980498614109
-0.023540841828994827,0.6664404682803962,0.8322962299539367,3.6310107264576605,0.2810369858952579
-0.023539916046507393,0.6666611340360794,0.8312229277022523,3.6293684910472637,0.2807777787800318
-0.023533340797164817,0.66680520178249,0.8302874308425879,3.6277243746316876,0.28052015987697404
-0.02352111765899552,0.6668725828980991,0.8309385352290236,3.626078406595465,0.2802633207754751
-0.023503249565493975,0.666863235950259,0.8315882257317415,3.6244305929097327,0.28000621032496975
-0.023479740804916813,0.6667771666857983,0.8308432122339927,3.6227809352706086,0.2797495495749317
-0.023450597019253675,0.6666144280323246,0.8315239799879975,3.6211294614356033,0.2794940744809065
-0.023415825202873324,0.6663751201102402,0.8309472528151707,3.6194761806563895,0.2792385540039453
-0.02337543370084483,0.6660593902554199,0.8316669197328046,3.61782110165452,0.2789832448780742
-0.023329432206934658,0.6656674330525638,0.8323850638513032,3.616164225030109,0.27872759891937077
-0.023277831761280565,0.6651994903791476,0.8319909743950917,3.6145055480961674,0.27847171570765444
-0.02322064474774185,0.6646558514599168,0.8327609706771227,3.6128450711811158,0.2782156200399038
-0.023157884890927256,0.6640368529318462,0.8324975019419225,3.6111827919900428,0.2779592213600605
-0.023089567252901108,0.6633428789194618,0.833274210090219,3.6095187079731983,0.2777025041116621
-0.02301570822956862,0.6625743611204022,0.8342230221195303,3.6078528163649892,0.2774454314747786
-0.022936325546740882,0.6617317789010745,0.8340926838165906,3.6061851113989873,0.2771877613151587
-0.022851438255880704,0.6608156594022351,0.834050941643801,3.6045155829059174,0.2769292959517825
-0.022761066729530474,0.6598265776543021,0.8348700247045039,3.6028442157188985,0.2766698574323955
-0.022665232656422632,0.6587651567021489,0.8357956521243298,3.601170997559488,0.27640977507418535
-0.022563959036274787,0.6576320677391234,0.836678838855106,3.599495918803275,0.27614895555484475
-0.022457270174269524,0.6564280302499891,0.836761210670193,3.5978189679783563,0.2758872100338989
-0.022345191675221657,0.6551538121624209,0.837615853882049,3.5961401257404466,0.27562442106219054
-0.022227750437432962,0.6538102300066557,0.8377467936012707,3.5944593804381624,0.2753607307446718
-0.022104974646236807,0.6523981490828477,0.8385384563028666,3.5927767101859263,0.27509578859683
-0.021976893767233732,0.6509184836355975,0.8386854611211735,3.591092100787504,0.2748298829597224
-0.02184353853921978,0.6493721970350731,0.8388303436469501,3.5894055283459254,0.2745623208060169
-0.02170494096680965,0.6477603019640551,0.8364958200054853,3.58771697256699,0.27429510075289787
-0.021561134312755456,0.6460838606101612,0.8365884187071927,3.5860264762833256,0.27402932650895434
-0.021412153089963724,0.644343984862422,0.8374235360530868,3.5843340329904994,0.27376231084165487
-0.02125803305321291,0.6425418365112483,0.8374692604464407,3.582639627121428,0.2734941711558228
-0.021098811190572022,0.6406786274507733,0.8374488283195709,3.580943232651561,0.2732244376687038
-0.02093452571452371,0.6387556198823757,0.8382784702868044,3.579244826512915,0.2729536398639261
-0.020765216052793814,0.6367741265181087,0.8391386536380093,3.577544395686163,0.27268215906635507
-0.0205909228388881,0.6347355107825847,0.8399603324104675,3.575841933366646,0.27241019232123886
-0.020411687902341647,0.6326411870117262,0.8398524914913351,3.5741374318837513,0.2721373460614446
-0.02022755425867867,0.6304926206466209,0.8396233449328606,3.5724308703079433,0.27186313355281944
-0.02003856609908979,0.6282913284205488,0.8376490780312218,3.57072223521656,0.27158928334830357
-0.01984476877982601,0.6260388785370387,0.8384914711343946,3.569011564424728,0.27131697536695154
-0.019646208811313882,0.623736890836609,0.83927964348479,3.5672988664559644,0.27104421101007914
-0.019442933846992652,0.6213870369496308,0.8400590091325234,3.5655841346758126,0.2707708329022817
-0.019234992671877955,0.6189910404325003,0.8408322177223673,3.5638673606447746,0.2704968410497958
-0.019022435190853778,0.6165506768840426,0.841597134075693,3.5621485361979057,0.27022222200682594
-0.018805312416695183,0.6140677740388256,0.8424187671599966,3.5604276529043006,0.2699470029455306
-0.018583676457825656,0.6115442118337344,0.8419225659951006,3.5587047030877614,0.2696711644357042
-0.01835758050581155,0.6089819224438753,0.8427534196597368,3.5569796776018117,0.26939468582353365
-0.018127078822595982,0.6063828902835441,0.8434875243174251,3.555252570146254,0.26911773909219255
-0.01789222672747655,0.6037491519676523,0.8442503387072829,3.553523376717158,0.2688404992994675
-0.017653080583828615,0.6010827962286514,0.8449753212317606,3.5517920942553247,0.26856273013772164
-0.017409697785578878,0.5983859637836184,0.8456913746604242,3.5500587150013776,0.2682843733618561
-0.017162136743430492,0.5956608471457893,0.8443652825419018,3.5483232374088494,0.2680065463115252
-0.01691045687084527,0.5929096903744149,0.8450633985432077,3.546585692973903,0.2677298415447245
-0.016654718569784534,0.590134788756421,0.8457520629794021,3.544846086131353,0.2674525999860743
-0.01639498321621296,0.5873384884129284,0.8465497097878638,3.5431044112317482,0.2671749409059348
-0.016131313145368614,0.5845231858232717,0.8472237259389437,3.5413606647240905,0.26689688704408276
-0.015863771636802755,0.5816913272587304,0.8463126877390983,3.5396148440459054,0.2666186404321438
-0.015592422899193398,0.5788454081177786,0.84515143100387,3.5378669518125436,0.26634045808860907
-0.015317332054934841,0.5759879721542281,0.8458661889251466,3.5361169956789853,0.2660622580301079
-0.015038565124509302,0.5731216105892732,0.8464837731985921,3.534364974333059,0.26578383444359144
-0.014756189010641881,0.5702489610980338,0.847286658477797,3.532610888543519,0.2655051190136606
-0.014470271482244597,0.5673727066608918,0.8478933995081158,3.5308547333877183,0.2652259006808798
-0.014180881158151623,0.564495574269544,0.848489813447459,3.5290965049219234,0.2649463687781676
-0.01388808749065174,0.5616203334774991,0.849075930238128,3.5273362013858223,0.2646665395214831
-0.013591960748819616,0.5587497947844698,0.8496522289124954,3.525573820760139,0.2643863814293229
-0.013292572001651863,0.5558868078440206,0.850218144076904,3.5238093616993753,0.2641060425049937
-0.01298999310101071,0.5530342594837289,0.8485981416255618,3.522042827467191,0.2638261050344848
-0.012684296664379766,0.550195071527174,0.8491268396461992,3.520274240798242,0.263546935306281
-0.012375556057436541,0.5473721984071738,0.8496449130646584,3.5185036077676126,0.26326754745386294
-0.01206384537644464,0.5445686245599527,0.8476437855571981,3.5167309328386467,0.2629889353745463
-0.011749239430471172,0.5417873615903203,0.8453348054670351,3.514956257224728,0.2627128597704817
-0.011431813723433137,0.5390314451984374,0.8460014563161811,3.5131796349969027,0.26243850158344867
-0.011111644435976382,0.5363039318594659,0.8464550344797269,3.511401077857578,0.26216388089163634
-0.010788808407193064,0.5336078952482756,0.8468992518627128,3.5096205865640604,0.26188919407750677
-0.010463383116180478,0.530946422402396,0.8475082492208449,3.50783816311762,0.2616142843810319
-0.010135446663446315,0.528322609617712,0.848073535753428,3.5060538035231863,0.2613389174624377
-0.009805077752165044,0.5257395580728427,0.8485943684679484,3.5042675034251864,0.2610631882962741
-0.009472355669289587,0.5232003691798345,0.8490196783292961,3.502479261549821,0.26078734300724443
-0.009137360266522713,0.520708139660721,0.8494361711063346,3.5006890806641033,0.2605114338040297
-0.008800171941152993,0.5182659563516432,0.8498439220352826,3.49889696152616,0.2602353015471961
-0.008460871616759966,0.5158768907385756,0.8506794507438833,3.4971029069322874,0.25995919899320774
-0.00811954072379284,0.5135439932312996,0.8510700329505767,3.4953069172030324,0.2596828391977718
-0.0077762611800273876,0.5112702871850394,0.8514524732105804,3.4935089931746743,0.25940640622166383
-0.007431115370906391,0.5090587626821591,0.8518260375228197,3.491709138954846,0.2591300494506628
-0.007084186129767136,0.5069123700894405,0.8521914905084356,3.4899073605862316,0.25885382537995666
-0.00673555671796232,0.5048340134097626,0.8525477636098567,3.488103663815553,0.25857766937438675
-0.006385310804877199,0.5028265434503287,0.8528956459003162,3.4862980547185916,0.258301666953438
-0.006033532447849712,0.5008927508330465,0.8532346409062099,3.4844905272026168,0.25802418416946266
-0.005680306071996882,0.4990353588760831,0.8539283641051358,3.482681060803957,0.2577463039143343
-0.005325716449953456,0.4972570163789701,0.8542529212132881,3.480869654280346,0.2574681768105256
-0.004969848681526535,0.4955602903469356,0.8511837398893541,3.4790563211902676,0.257192137063491
-0.0046127881732723475,0.49394765869319934,0.8477851144785106,3.47724114467288,0.2569211080111029
-0.004254620617998913,0.49242150296082304,0.848053110444788,3.475424224918673,0.2566535866056058
-0.0038954319742002487,0.49098410110824353,0.8443178258617994,3.473605605270679,0.25638870395847924
-0.0035353084454266444,0.48963762040475756,0.8450767397899058,3.4717853755109522,0.25612736797309216
-0.003174336459596366,0.4883841104839283,0.8410796694483288,3.4699635706022525,0.25586847408304464
-0.002812602648253278,0.48722549660408493,0.8418437986776818,3.4681402884972887,0.25561367728705797
-0.0024501938257757046,0.4861635731656789,0.8376257859571519,3.466315570419756,0.255361600480233
-0.002087196968541444,0.48519999753528825,0.8387486262663313,3.4644895157151634,0.2551130442969277
-0.0017236991940537438,0.4843362842253927,0.8400115657452847,3.4626621208731714,0.25486221522241886
-0.0013597877400336005,0.48357379947769497,0.8424017384028119,3.4608333414687635,0.2546086792245794
-0.0009955499434831665,0.48291375629575445,0.8425670564655318,3.4590031214077737,0.25435311928125426
-0.0006310732197252005,0.4823572099699484,0.8376079491486984,3.4571714738617283,0.25410137374895125
-0.00026644504142384886,0.4819050541343997,0.8377509048508563,3.455338526844193,0.2538554864131558
9.824708240838542e-05,0.48155801739145204,0.8385681996703203,3.4535043568922443,0.25361174118573115
0.0004629156274123748,0.4813166605346628,0.8334354552000769,3.4516689964101417,0.25337144468754963
0.0008274730748878096,0.4811813743961222,0.8335610872440148,3.449832577304813,0.25313694002587217
0.0011918319327972238,0.4811523783383251,0.8343780981598663,3.4479951446293406,0.2529024854130708
0.0015559047567637197,0.481229719404864,0.8291510281523868,3.4461567127809247,0.25267142731072917
0.0019196041710571666,0.4814132721380216,0.8339667895203395,3.444317400805225,0.2524435578624277
0.0022828428895639553,0.48170273906500993,0.8285371438003001,3.4424771802122516,0.2522158369247322
0.0026455337367352625,0.4820976518482124,0.828634285644755,3.440636165303087,0.25199418427791154
0.003007589668508759,0.4825973730885183,0.8345582836054798,3.4387943918302324,0.2517700116659154
0.0033689237931987456,0.48320109876472767,0.8346308712085384,3.436951759221668,0.2515414938466741
0.0037294493923497713,0.48390786128621843,0.8346975397948979,3.435108248435888,0.25131361107963834
0.004089079941548647,0.4847165331306582,0.8405475158494118,3.4332638582025248,0.25108304251030206
0.004447729131189843,0.4856258310336256,0.8405896995576122,3.431418485188994,0.2508480374234189
0.004805310887189455,0.48663432069263435,0.8406251260244563,3.429572109586597,0.25061365664118473
0.005161739391642471,0.4877404219443149,0.8406536331024467,3.4277247476474093,0.25038003384453017
0.005516929103418764,0.4889424143703836,0.8406836927215152,3.4258764174091527,0.2501472597342947
0.00587079477869249,0.4902384432856622,0.8407101105549746,3.424027137668489,0.24991530923212904
0.006223251491400214,0.4916265260596405,0.8407236084429642,3.4221769266953705,0.24968419910600198
0.006574214653622714,0.49310455872209835,0.8407327650446365,3.420325802219718,0.24945379986630314
0.006923600035885791,0.4946703228029189,0.8414948712976619,3.4184737783206516,0.2492237089669598
0.007271323787374792,0.4963214923565177,0.8415017194338837,3.416620856208878,0.24899375012020897
0.0076173024560585055,0.49805564112221384,0.8414941909632009,3.4147670494755187,0.24876454066071577
0.007961453008717206,0.4998702497732656,0.8414933438164863,3.4129123746699186,0.24853611998639866
0.008303692850870271,0.501762713209239,0.841489405360961,3.411056850340815,0.2483085518794526
0.00864393984659837,0.5037303478486836,0.8358444116353382,3.4092005128462466,0.2480855102665476
0.00898211233825579,0.5057703988817935,0.8358422351803338,3.4073435116878215,0.24786897982441103
0.009318129166067803,0.5078800474456694,0.8302999675778737,3.4054859219642553,0.24765706251710448
0.00965190968760875,0.5100564176880108,0.8307918703506666,3.403627891724504,0.24745122834423958
0.00998337379715558,0.5122965836883501,0.8254325674075024,3.401769476919699,0.24724894449370644
0.010312441944913181,0.514597576209383,0.8260988402424384,3.3999108079891673,0.24705210640219727
0.010639035156105658,0.5169563892543454,0.8267281648295642,3.398051914510714,0.24685474020138662
0.010963075049929945,0.5193699864098315,0.8344058300380277,3.396192771173072,0.2466537184266139
0.011284483858367106,0.5218353069567289,0.8344474175665946,3.39433325950806,0.24644789355901867
0.011603184444845862,0.5243492717352027,0.8292893973633552,3.3924733754874015,0.24624620235174247
0.011919100322755337,0.5269087887527041,0.8293410321508803,3.3906132522803745,0.24605029580725032
0.012232155673801228,0.5295107585268674,0.8244907652461714,3.3887529548314057,0.24585825481672022
0.012542275366202046,0.5321520791578725,0.8249128122120165,3.3868926024015473,0.24567097768908636
0.012849384972720253,0.5348296511273165,0.8252813525425862,3.3850322206610404,0.24548326801758064
0.013153410788524457,0.5375403818228988,0.8254107390480674,3.383171802981815,0.245295472823263
0.01345427984887828,0.5402811897902838,0.8255029843461736,3.3813113540828645,0.24510804680805953
0.013751919946651394,0.5430490087152863,0.834203837741101,3.379450864701884,0.2449176328319873
0.014046259649649177,0.5458407911411369,0.8342797976837276,3.3775902244276166,0.2447225883194494
0.014337228317755697,0.5486535119269544,0.8343580262539949,3.37572941024802,0.24452806334657104
0.014624756119887318,0.5514841714546966,0.8344378347925682,3.373868432825382,0.2443341094620042
0.014908774050751744,0.55432979859287,0.8345196603816716,3.3720073037718565,0.24414066090674613
0.015189213947408972,0.5571874534260322,0.8346037401585399,3.3701460326820936,0.24394765199838103
0.015466008505629897,0.5600542297597578,0.8303643546952324,3.3682846400267796,0.24375755130019658
0.015739091296049217,0.562927257411185,0.8389813621671601,3.36642321070547,0.24356889416629907
0.016008396780108066,0.5658037042956011,0.8390573283299387,3.364561675397316,0.2433761319658262
0.01627386032578309,0.568680778319704,0.8393011605188342,3.3627000073485056,0.24318315491908762
0.01653541822309746,0.5715557290922625,0.8394892024855083,3.360838200148984,0.2429899195017107
0.016793007699411392,0.5744258494628818,0.8395683625016593,3.358976251018382,0.24279670861509484
0.01704656693448716,0.5772884768994883,0.8396501267447118,3.357114164944568,0.24260378977090818
0.017296035075325376,0.5801409947149477,0.8397793811191486,3.3552519459964545,0.24241087326014976
0.017541352250769672,0.5829808331530337,0.8360659552748574,3.3533896037545294,0.24222026880217373
0.01778245958587569,0.5858054703436271,0.83620204718619,3.3515272222882904,0.24203331760507682
0.018019299216040254,0.5886124331367467,0.8329062791458417,3.349664838860275,0.24184853796052266
0.018251814300888975,0.5913992978246059,0.8392884335014851,3.347802515598573,0.2416650921642341
0.018479949037917675,0.5941636907605503,0.8394309287659467,3.345940216972839,0.2414793506535984
0.018703648675884546,0.5969032888832742,0.8399602906168298,3.3440779283708206,0.2412935561798797
0.01892285952795025,0.5996158201543548,0.8401030018537361,3.342215646404271,0.24110765051171842
0.019137528984562578,0.6022990639166755,0.8402489965975313,3.3403533731840374,0.2409220263392252
0.0193476055260824,0.6049508511809294,0.8403983223586917,3.3384911159715056,0.24073672883296768
0.019553038735148118,0.6075690648469265,0.8405512874782176,3.3366288792358563,0.240551621778033
0.019753779308775695,0.6101516398660733,0.8407071177103943,3.3347666652125563,0.2403665525648668
0.01994977907019112,0.612696563350938,0.8408664711599487,3.3329044750327492,0.24018158576342405
0.020140990980392365,0.6152018746374552,0.8410119202401948,3.331042310576697,0.23999661466671163
0.020327369149438893,0.6176656653049253,0.8411734199373033,3.3291801695070387,0.23981155846476518
0.020508868847464827,0.6200860791586101,0.8413378541409898,3.3273180535804263,0.2396266860005078
0.020685446515413836,0.6224613121793804,0.8415049972491379,3.32545596394795,0.2394417693538347
0.020857059775493222,0.6247896124445056,0.8420043854679841,3.323593900201299,0.23925679220439827
0.021023667441344363,0.6270692800234164,0.8421713922605107,3.321731858716442,0.2390716672543701
0.02118522952792716,0.6292986668519098,0.8426501859608266,3.3198698393520405,0.23888651836983216
0.02134170726111641,0.6314761765880268,0.8428192897270433,3.3180078392295904,0.23870126885688275
0.02149306308700725,0.6336002644525411,0.8429907522582374,3.3161458600402858,0.23851619716735345
0.02163926068092801,0.6356694370567756,0.8431652941534223,3.3142839029567344,0.2383310888511738
0.02178026495615795,0.6376822522201823,0.8433423615752628,3.312421968971664,0.23814614090175534
0.021916042072347812,0.6396373187799627,0.8438076622499007,3.3105600600754266,0.23796111869127473
0.022046559443641502,0.6415332963947553,0.8439857436786695,3.3086981730569556,0.2377761088138216
0.022171785746496437,0.6433688953442513,0.8440441694631449,3.3068363148179434,0.23759152429910085
0.02229169092720098,0.6451428763264205,0.8440411459927597,3.304974489765221,0.23740706547555385
0.02240624620908744,0.6468540502538738,0.844222257971396,3.3031126987370016,0.2372225560212172
0.022515424099437884,0.648501278050717,0.844406600801505,3.301250941849763,0.23703814645620241
0.022619198396082816,0.6500834704511576,0.8445930679971789,3.299389221127992,0.23685382425575907
0.022717544193689213,0.6515995878009535,0.8447832911421754,3.2975275388102103,0.23666964543817326
0.022810437889737595,0.6530486398627064,0.8449775806793447,3.2956658971272907,0.2364855418098412
0.022897857190186992,0.6544296856258962,0.8451753111419634,3.293804297030403,0.23630148130031048
0.022979781114824786,0.6557418331224371,0.8456240546658976,3.291942739340592,0.23611744746755145
0.023056190002302395,0.6569842392484826,0.8460717136909868,3.2900812234986154,0.235933353996649
0.023127065514853593,0.6581561095930837,0.8465731492738305,3.2882197460626488,0.23574872841891556
0.023192390642695473,0.6592566982742811,0.8467824521123899,3.28635828773433,0.23556323580463848
0.02325214970811111,0.6602853077831063,0.8469975981171365,3.284496842136379,0.23537770444674497
0.02330632836921157,0.6612412888359275,0.84721112224712,3.2826354078062168,0.235192093379361
0.023354913623378222,0.6621240402355286,0.8476464203360866,3.2807739833406715,0.23500635214269056
0.02339789381038331,0.6629330087412443,0.8478653260789056,3.278912564527592,0.23482039304935345
0.023435258615188387,0.6636676889484477,0.8480820906755472,3.2770511469413406,0.23463418530137847
0.023466999070419436,0.6643276231776383,0.8465168683113847,3.275189729929318,0.2344484890155321
0.02349310755851973,0.6649124013733501,0.8467799552329067,3.2733283333507437,0.23426363371753595
0.02351357781357734,0.6654216610130608,0.8470465184210278,3.271466962471491,0.2340788121866681
0.023528404922829503,0.6658550870262788,0.8473162452789772,3.2696056161755096,0.23389378921870624
0.02353758532784096,0.6662124117239112,0.8479332158663258,3.267744288028904,0.23370806334250852
0.023541116825358636,0.6664934147380557,0.848581266043435,3.265882951634412,0.23352067841068497
0.023538998567840173,0.6666979229722905,0.8492319600075025,3.2640215730021245,0.23333155992724014
0.02353123106365711,0.6668258105625362,0.8495532741469314,3.26216012032417,0.2331413069531585
0.02351781617697322,0.6668769988485514,0.8501024567559076,3.26029858449118,0.2329509753178684
0.02349875712729684,0.6668514563560991,0.8504232576003713,3.258436964496554,0.23276055202689155
0.023474058488708482,0.6667491987898023,0.8507454938949944,3.2565752573355335,0.23256954245475725
0.023443726188762812,0.6665702890367113,0.8499532690098065,3.254713429238095,0.23237650247855673
0.023407767507066267,0.6663148371805632,0.8492975514584459,3.2528514626330884,0.23218323805401947
0.023366191073529833,0.6659830005267267,0.8502177780198379,3.2509893469137414,0.23198882645822833
0.02331900686629785,0.6655749836377878,0.8505957371827273,3.2491270495377704,0.23179306197671973
0.023266226209353758,0.665091038379736,0.8509742889852066,3.247264560775026,0.23159718493626338
0.02320786176980185,0.664531463978674,0.8513532982593142,3.2454018766812642,0.23140100504182984
0.0231439275548273,0.6638966070879713,0.8517331017786618,3.243538992651315,0.23120462252152055
0.023074438908334903,0.6631868618657594,0.8513117838257256,3.2416759026200603,0.23100772777046802
0.022999412507266222,0.6624026700626383,0.8521625166721548,3.2398125908083832,0.2308095130298108
0.022918866357597482,0.6615445211194384,0.8518978199602469,3.237949023410293,0.23060975853519175
0.02283281979001786,0.6606129522748804,0.8523214705399055,3.2360851815835607,0.23040943795945537
0.022741293455290582,0.6596085486829,0.8532307590781882,3.2342210557433004,0.2302082099812122
0.022644309319296677,0.6585319435394161,0.8536683676172107,3.2323566179237506,0.23000578570554686
0.022541890657763113,0.6573838182182683,0.854113634268836,3.2304918598482404,0.22980317460768618
0.022434062050677123,0.6561649024159801,0.8545581304743671,3.2286267760701852,0.22960026618054716
0.02232084937638679,0.6548759743050201,0.8545832003644576,3.2267613624448916,0.22939718379602966
0.022202279805390513,0.6535178606951211,0.8550301294960365,3.2248956169298975,0.22919390006099755
0.022078381793816163,0.6520914372021873,0.8554756271790263,3.2230295338254926,0.2289902287258326
0.02194918507659185,0.6505976284242719,0.8561178650638998,3.221163106644911,0.22878630624905258
0.021814720660309424,0.6490374081240052,0.8561003411949354,3.2192963326146993,0.22858220601211826
0.021675020815783427,0.6474117994167979,0.8565395963948181,3.217429209464075,0.2283780371787424
0.021530119070305928,0.645721874964055,0.8569779734122706,3.215561737440489,0.22817385666108217
0.021380050199600258,0.6439687571705519,0.8574251289851239,3.2136939167471343,0.22796959471709097
0.021224850219475122,0.6421536183849914,0.8581969205262272,3.211825740410721,0.22776437995978377
0.021064556377180646,0.6402776811026992,0.8590531507344178,3.209957178655585,0.2275573612024899
0.020899207142469598,0.6383422181692376,0.8595547638366046,3.2080881979856217,0.22734902689699477
0.020728842198364593,0.6363485529836341,0.8600512663270569,3.206218784536797,0.22714025518325184
0.020553502431634424,0.6342980596997417,0.8605486806335579,3.2043489305569746,0.2269310446520547
0.02037322992298149,0.6321921634241097,0.8612360322618388,3.2024786289048914,0.22672152292178208
0.020188067936942444,0.6300323404085654,0.8617306615392624,3.2006078754422123,0.22651169249047806
0.01999806091150518,0.6278201182355333,0.8626357974170678,3.198736659088142,0.22630071237135202
0.019803254447443738,0.6255570759939024,0.8636344216601608,3.1968649449904927,0.22608760368966163
0.019603695297374393,0.6232448444430655,0.8647140019552911,3.19499268993601,0.2258721630133909
0.019399431354535195,0.6208851061624961,0.865274375073742,3.1931198498181916,0.22565496829579332
0.019190511641292013,0.6184795956840141,0.8658305787003251,3.191246406840504,0.22543727540137468
0.018976986297372964,0.616030099603606,0.8663820355734759,3.1893723515134456,0.22521896614956752
0.018758906567835885,0.6135384566694072,0.8668443168182454,3.187497673947033,0.22500026489971445
0.018536324790768874,0.6110065578421383,0.8675836986377136,3.1856223711478218,0.2247814419134924
0.018309294384730012,0.6084363463240037,0.8679178980417339,3.183746437110555,0.2245616159464529
0.018077869835926984,0.6058298175517125,0.8678820229891129,3.1818698381981516,0.22433986493199182
0.01784210668514072,0.6031890191489295,0.8674573530389608,3.179992545229769,0.22411701091819272
0.017602061514395483,0.6005160508331444,0.8678894432381864,3.1781145456766455,0.2238936866213359
0.017357791933380145,0.5978130642715163,0.8687023863144804,3.1762358324591182,0.22366996756818344
0.01710935656562159,0.5950822628799165,0.8691392969649353,3.174356399048772,0.22344586347487427
0.016856815034415575,0.5923259015589438,0.8695574203443848,3.1724762395225845,0.2232213942240989
0.016600227948517274,0.5895462863603207,0.8696069468916129,3.1705953477643645,0.2229965410584445
0.016339656887595692,0.5867457740766231,0.8700192260817444,3.1687137180260536,0.22277134418522634
0.016075164387454488,0.5839267717469084,0.8704245621775885,3.1668313450090193,0.22254581923450154
0.015806813925024314,0.5810917360703568,0.8693744824324569,3.1649482260625046,0.22232046488040214
0.015534669903127936,0.5782431727196408,0.8678824852605062,3.1630643775991634,0.22209638051045508
0.01525879763502425,0.5753836355453333,0.8659690895926505,3.1611798376065003,0.2218746250318472
0.014979263328733373,0.5725157256622522,0.866517155337448,3.1592946530646704,0.22165431996927581
0.014696134071146965,0.5696420904082903,0.8667881764028468,3.1574088302937553,0.2214337673273195
0.014409477811927866,0.5667654221659277,0.8644330947735746,3.1555223761477285,0.22121475515841407
0.014119363347202178,0.5638884570363272,0.8617024505855603,3.1536353556562617,0.22099993341011015
0.01382586030304886,0.561013973355643,0.8586337850171235,3.151747861246165,0.22079005763568188
0.013529039118789601,0.5581447900430091,0.8552756539986457,3.1498600002444612,0.2205858588933574
0.013228971030083986,0.5552837647695028,0.8553840229205798,3.1479718780254977,0.22038503667443501
0.01292572805183273,0.5524337919373679,0.8554351463090207,3.146083512330713,0.22018388411827702
0.012619382960895088,0.5495978004588182,0.8554293344355045,3.144194896869867,0.21998235831489835
0.012310009278622407,0.5467787513238798,0.8518099767395267,3.142306039042746,0.21978328855653623
0.011997681253213236,0.5439796349470454,0.8524032274282826,3.140417030108613,0.21958808953099074
0.011682473841894586,0.5412034682828897,0.8485942953757634,3.138527906552612,0.21939544703291913
0.01136446269293206,0.538453291701375,0.8486939278453594,3.13663876432654,0.2192070848571419
0.011043724127474883,0.5357321656143191,0.8472439443271449,3.1347496404482147,0.21901978171822636
0.010720335121239145,0.5330431668453691,0.8472487112500933,3.132860563941196,0.21883352686528684
0.01039437328603405,0.5303893847369675,0.8473648656867401,3.130971538218928,0.218647206824082
0.01006591685113537,0.5277739169890634,0.8473415996949709,3.1290825673108658,0.21846107590674305
0.009735044644510788,0.5251998652258587,0.8472675063597306,3.1271936487707452,0.21827465503627486
0.009401836073901713,0.5226703302886144,0.8458824115448359,3.1253047820619426,0.21808891432836583
0.009066371107765554,0.5201884072544849,0.8422304644880152,3.1234160079336393,0.2179071064216677
0.0087287302560839,0.5177571801835755,0.8385307496197217,3.1215274416271472,0.21773195603635748
0.008388994551040453,0.5153797165987747,0.8348544202321737,3.119639217128005,0.21756361301773533
0.008047245527573625,0.5130590617055838,0.8312784606061443,3.117751468157614,0.21740179685249422
0.007703565203808553,0.5107982323619796,0.827866100709293,3.115864319812519,0.21724612133147092
0.0073580360613732234,0.5086002108113402,0.8246853788172895,3.1139778896983876,0.21709613497603886
0.007010741025603182,0.50646793819465,0.8249096467632355,3.1120922749265674,0.21694945918618525
0.006661763445640041,0.5044043078615011,0.82205375707558,3.110207509237081,0.21680483683980498
0.006311187074427707,0.5024121585027551,0.8234090755045745,3.108323655226036,0.2166623931097149
0.005959096048612499,0.5004942671312042,0.8223271054034076,3.1064406943025125,0.21651817416509658
0.005605574868350496,0.4986533419399599,0.8226331651749368,3.104558622748146,0.2163746197994726
0.005250708377027978,0.4968920150716524,0.8226438783161889,3.102677444958627,0.2162311898245023
0.0048945817408994645,0.4952128353347901,0.8232796125114827,3.1007971591572745,0.2160876396275256
0.004537280428648146,0.4936182609066252,0.8235881216171131,3.0989177595396686,0.21594391994604814
0.00417889019087381,0.49211065206469595,0.8239001633083899,3.0970392459968212,0.21580045039239107
0.003819497039513246,0.4906922639916487,0.8242159223543957,3.09516162010374,0.21565705003611013
0.003459187227197536,0.489365239700011,0.8245355738324254,3.0932848816289154,0.21551377818192485
0.0030980472265521746,0.4881316031251898,0.8224841288915598,3.091409037495254,0.2153716385215427
0.0027361637094437084,0.48699325243602637,0.8238899158842059,3.0895341156810803,0.21523039924697093
0.0023736235261791706,0.48595195361274474,0.8242582654702733,3.0876601148071714,0.21508892936670956
0.002010513684662265,0.48500933434199295,0.8246305089355496,3.0857870312763183,0.21494741215905463
0.0016469213295119483,0.4841668782778704,0.8250062525868102,3.0839148620148182,0.21480585129760285
0.0012829337211481598,0.4834259197163571,0.8253867705668098,3.0820436053617177,0.21466432988828882
0.0009186382148497038,0.48278763872838076,0.8257658889595622,3.08017325980667,0.21452278511075235
0.0005541222397893904,0.4822530567938894,0.8242678218590608,3.0783038263147873,0.21438187055901556
0.0001894732780514925,0.4818230329757479,0.8247006813888802,3.0764353263425614,0.21424168277563674
-0.0001752211563635584,0.48149826066813267,0.8260986879389653,3.0745677342277076,0.21409930023689216
-0.0005398735385421195,0.4812792649493245,0.8267181169456912,3.072701019886995,0.213955972990439
-0.0009043963536628359,0.4811664005635915,0.8255845650176188,3.0708351692400164,0.21381277252867503
-0.0012687021179999002,0.48115985055112515,0.8269573881706731,3.0689701927816717,0.21367002503451396
-0.0016327033999185786,0.4812596255390358,0.8282860272477788,3.0671060858070467,0.21352682295448286
-0.001996312840858494,0.48146556370014326,0.8287516481342547,3.0652428393123765,0.2133833687244417
-0.002359443176299221,0.48177733137996054,0.8292191106554803,3.0633804465613217,0.21323963845232202
-0.002722007256703348,0.48219442438590493,0.829689035500322,3.061518901666359,0.2130957617663813
-0.0030839180684319504,0.48271616992649496,0.8301611518258101,3.059658198988566,0.21295160775854674
-0.003445088754627461,0.48334172918228757,0.8306321716422705,3.057798330878581,0.21280718033234958
-0.003805432636058881,0.4840701004845491,0.8319261449025358,3.0559392898509836,0.2126623638583872
-0.004164863231924383,0.48490012307236807,0.831271131581651,3.054081065114739,0.21251719292075033
-0.0045232942806063,0.4858304813941113,0.8318655282562929,3.052223651995578,0.2123718589689042
-0.00488063976037349,0.48685970991486327,0.8314461193143251,3.0503670409267434,0.2122260095200875
-0.005236813910026111,0.48798619838789165,0.8312355388845231,3.04851122026891,0.212079587320578
-0.005591731249477981,0.48920819754522227,0.8318175787408273,3.04665617525328,0.21193257589519407
-0.005945306600271293,0.49052382516013293,0.8321791467255576,3.0448018959829493,0.2117852586793456
-0.006297455106019083,0.49193107243281714,0.8321720545229645,3.0429483741747805,0.21163734928184738
-0.006648092252770357,0.4934278106495898,0.8327814037084854,3.0410955907211172,0.21148859332003495
-0.006997133889293006,0.49501179806576756,0.8333907543615291,3.039243531661731,0.21133932242926995
-0.007344496247269761,0.4966806869628093,0.8340000710945926,3.037392186229485,0.21118959812717739
-0.007690095961402081,0.4984320308312731,0.8341828301771919,3.0355415413650237,0.21103901631135175
-0.008033850089417541,0.5002632916327062,0.8344422584472495,3.033691571753139,0.21088703355586733
-0.0083756761319755,0.502171847095572,0.8350868787459832,3.0318422488947987,0.21073394664790154
-0.008715492052466583,0.5041549980027434,0.8357287204026974,3.029993556018729,0.210580225586933
-0.009053216296701019,0.5062099754308321,0.8360398772946573,3.0281454782187174,0.21042560820028966
-0.009388767812481397,0.5083339479046418,0.8373565017332947,3.0262979912073966,0.2102698842158596
-0.009722066069054557,0.5105240284332467,0.8380066162937593,3.0244510745736166,0.21011322025915183
-0.010053031076438899,0.5127772813975388,0.839271019171829,3.0226047120108754,0.20995601549524825
-0.010381583404621291,0.5150907292625015,0.8399045086862535,3.0207588924191673,0.20979823968842307
-0.010707644202620109,0.5174613590909125,0.8405408195485933,3.018913600742136,0.20963972505737122
-0.011031135217408993,0.5198861288385412,0.8411748105955719,3.01706882336795,0.20948065311622704
-0.011351978812697196,0.5223619734142451,0.8414702367948996,3.01522454550159,0.20932061115145761
-0.011670097987561974,0.5248858104915317,0.8416873923123764,3.01338074026046,0.2091591682147128
-0.011985416394928361,0.5274545460611896,0.8418047966411094,3.011537382533278,0.2089966997111681
-0.012297858359892225,0.5300650797174572,0.8418091540742416,3.00969445357117,0.20883350616123617
-0.012607348897881728,0.532714309672824,0.8424324734742223,3.007851941224422,0.20866979366586128
-0.012913813732653403,0.5353991374990147,0.8430705676295212,3.006009834500292,0.20850564437819116
-0.01321717931411794,0.5381164725939142,0.8437025024475491,3.004168124457932,0.20834106761725718
-0.01351737283599204,0.5408632363761947,0.841690479319907,3.0023268085128865,0.2081773869751084
-0.013814322253271434,0.5436363662111364,0.8423154931517836,3.0004859219012556,0.20801514202668872
-0.014107956299521345,0.5464328190727215,0.8429567073733317,2.998645467319481,0.20785242767883608
-0.014398204503980253,0.5492495749483718,0.8429050818253745,2.9968054335124767,0.207689245402441
-0.014684997208472307,0.5520836399938495,0.843539583890545,2.994965812776075,0.20752573011267647
-0.014968265584125041,0.5549320494467528,0.8411876033587256,2.9931266039270557,0.20736323644237412
-0.015247941647888109,0.557791870307805,0.8418210825925951,2.9912878468509203,0.2072024219968902
-0.015523958278848683,0.5606602037997052,0.8424512165855172,2.9894495453829735,0.2070410447385155
-0.01579624923434023,0.5635341876137538,0.843077522964974,2.9876116860248576,0.20687905374796892
-0.016064749165840546,0.5664109979547374,0.8437002329426144,2.985774256483523,0.2067163620385418
-0.016329393634654868,0.5692878513947591,0.8435065655576542,2.9839372370592665,0.20655293138500114
-0.016590119127381012,0.5721620065467248,0.8431467432786712,2.9821006276967745,0.2063900696739834
-0.016846863071152327,0.5750307655681959,0.8407923959867871,2.9802644451476166,0.20622880583727699
-0.017099563848654697,0.5778914755061606,0.8384982701461263,2.978428740568809,0.20607067523022343
-0.01734816081291454,0.5807415294931375,0.8391056945091603,2.976593568061473,0.20591423137865955
-0.01759259430185371,0.583578367804718,0.83970814073548,2.9747589321497365,0.20575733746405403
-0.017832805652608225,0.5863994787884129,0.8403050155448103,2.9729248226705867,0.2056000181226742
-0.018068737215607047,0.5892023996732905,0.8408965838133707,2.971091230495732,0.20544229368889236
-0.018300332368407345,0.5919847172695497,0.8421085539410728,2.9692581467824484,0.20528417808095314
-0.018527535529284368,0.5947440685667712,0.8416580782358037,2.9674255643926872,0.2051261578300869
-0.018750292170570018,0.5974781412391946,0.8422257092646871,2.965593493589339,0.20496861406998926
-0.01896854883173969,0.6001846740659286,0.8427895186838157,2.9637619323973454,0.2048107422871654
-0.019182253132242425,0.6028614572736171,0.8433470005001922,2.961930873176352,0.20465258610052126
-0.01939135378407179,0.60550633280863,0.840949459337896,2.960100317646816,0.20449560206574774
-0.019595800604075227,0.6081171945454421,0.8420876989607857,2.958270307378821,0.20434032697785154
-0.01979554452599724,0.6106919884374649,0.8414622333395985,2.95644084779385,0.204185078798065
-0.019990537612255384,0.6132287126161626,0.8420648605706371,2.954611950215017,0.20403035913168696
-0.020180733065444958,0.6157254174439353,0.842594756868378,2.952783611523829,0.2038752594424658
-0.020366085239570203,0.6181802055258345,0.8431887894040638,2.9509558235417637,0.2037198150183437
-0.0205465496509991,0.6205912316848478,0.8437089074561585,2.9491285781262158,0.2035640297905993
-0.020722082989139006,0.6229567029051194,0.8446412571783458,2.9473018678579503,0.2034079100624384
-0.020892643126831423,0.6252748782471562,0.8438599580754498,2.945475687884987,0.20325215341377967
-0.02105818913046218,0.6275440687387575,0.8443602558775982,2.943650055760036,0.20309715918108312
-0.021218681269784906,0.629762637245091,0.8448551810379951,2.941824972347254,0.20294197063784614
-0.021374081027456623,0.6319289983210886,0.8454383343608667,2.9400004327641387,0.20278656165148604
-0.021524351108281332,0.6340416180490431,0.8464612638558069,2.938176430727313,0.20263084049989932
-0.02166945544816114,0.6360990138640651,0.8469425339841951,2.9363529583872308,0.20247482557583388
-0.02180935922275084,0.6380997543698039,0.8474208819739449,2.934530009806498,0.20231858061747598
-0.021944028855816117,0.6400424591466523,0.8478916453723241,2.9327075801071834,0.20216220476027685
-0.02207343202729163,0.6419257985544244,0.8483557951205554,2.9308856668213545,0.20200564159483272
-0.022197537681037265,0.6437484935313362,0.8488151512626767,2.9290642564863347,0.20184826039659884
-0.02231631603229183,0.6455093153909235,0.8492684785072526,2.927243338557774,0.20169067028524978
-0.022429738574821254,0.6472070856183996,0.8482129626524072,2.9254229125908835,0.20153379244751102
-0.022537778087759724,0.6488406756677839,0.8486510453556013,2.9236030061468266,0.20137813590447468
-0.022640408642142732,0.6504090067610172,0.8474253757075939,2.921783629758596,0.2012233615059547
-0.022737605607130014,0.6519110496901406,0.8460663591108587,2.919964820090395,0.20107101763708887
-0.022829345655916395,0.6533458246235252,0.8464866938480513,2.9181466198408943,0.20092009298048985
-0.022915606771330574,0.6547124009170021,0.8469005376695914,2.9163290364615335,0.20076909058279974
-0.022996368251118924,0.6560098969306846,0.844551421804247,2.9145120721309143,0.2006192261151118
-0.023071610712914022,0.6572374798521701,0.8449673343262996,2.9126957686974535,0.20047118702932096
-0.023141316098886113,0.6583943655267237,0.8426656268137246,2.910880141191577,0.20032425359064657
-0.0232054676800772,0.6594798182949984,0.8404599047210144,2.9090652346353725,0.20018018321583897
-0.02326405006041579,0.6604931508387627,0.8408459537600276,2.907251098627405,0.200037842724266
-0.023317049180411765,0.6614337240350668,0.8412314114900576,2.9054377432301965,0.199895487885965
-0.023364452320530735,0.662300946819197,0.8420713328149895,2.903625164109083,0.199752786776665
-0.02340624810424666,0.6630942760567705,0.8424494876377788,2.901813351668482,0.19960980827493432
-0.023442426500772016,0.663813216425224,0.8428241238725193,2.9000023020462247,0.19946677838195498
-0.02347297882746536,0.6644573203049582,0.840720468335269,2.898192018186094,0.19932482662828516
-0.023497897751914895,0.6650261876803448,0.8386923944364516,2.89638254270058,0.19918558839080214
-0.023517177293698347,0.6655194660507718,0.8390366893107495,2.8945739198510996,0.19904774862789407
-0.02353081282581832,0.6659368503518854,0.8393783631765322,2.8927661562297473,0.19890987603075666
-0.02353880107581252,0.6662780828871526,0.8397169761498443,2.8909592486555398,0.19877190105829756
-0.023541140126539264,0.6665429532698645,0.837773745761339,2.8891532012940853,0.1986352514064231
-0.0235378294166376,0.6667312983756455,0.8381056625474388,2.8873480581457005,0.19850056172048608
-0.023528869740662085,0.6668430023055639,0.8386619312854536,2.8855438301189222,0.19836575517283306
-0.023514263248891974,0.6668779963598677,0.8366875232769222,2.8837405169069803,0.19823194560045
-0.023494013446814965,0.6668362590224146,0.8347048583341266,2.8819381625446336,0.19810103233268797
-0.023468125194286597,0.6667178159557822,0.8327416431016698,2.880136817222197,0.19797234633620622
-0.023436604704363095,0.6665227400070937,0.8330698307012924,2.878336518537422,0.19784510612762113
-0.023399459541810743,0.6662511512245379,0.8341831043719566,2.876537274081859,0.19771774639904802
-0.02335669862129024,0.6659032168845598,0.8352263064992091,2.8747390756463673,0.19758994907584815
-0.02330833220521726,0.6654791515296911,0.8337514759663806,2.872941916260449,0.19746250332264975
-0.023254371901299586,0.6649792170169605,0.8340650579176984,2.871145811858677,0.19733580504769152
-0.023194830659750972,0.6644037225768196,0.8343766976377398,2.8693507647838548,0.19720913835993706
-0.023129722770183752,0.6637530248824852,0.8346868032743099,2.8675567725735167,0.19708237328215475
-0.023059063858178696,0.6630275281296028,0.8352831034358568,2.8657638314116727,0.19695551694272656
-0.02298287088153573,0.6622276841260883,0.833185535486245,2.8639719411181437,0.1968295670478019
-0.022901162126203353,0.6613539923919961,0.8311362475670164,2.8621811414948777,0.19670624194797737
-0.02281395720189077,0.6604070002692342,0.8316823446398173,2.860391474967532,0.19658429081155981
-0.02272127703736106,0.6593873030409051,0.8326593344669242,2.8586029434922735,0.19646192980421326
-0.022623143875408838,0.6582955440600352,0.8306732606174557,2.8568155422186168,0.19634019671271322
-0.02251958126752201,0.6571324148873984,0.8287629735607291,2.8550293004853997,0.19622047128107784
-0.022410614068229303,0.6558986554381108,0.8290665613575009,2.8532442500333164,0.19610180298090202
-0.022296268429135558,0.6545950541366261,0.8295542772854336,2.851460393983931,0.19598301719439473
-0.022176571792645147,0.6532224480796939,0.8289209745605323,2.8496777289480972,0.19586443841320222
-0.022051552885376382,0.6517817232068139,0.8285147065266156,2.847896264307297,0.1957465747595821
-0.021921241711266744,0.6502738144776207,0.828784177452206,2.8461160078678023,0.1956289987734257
-0.02178566954437269,0.6486997060555939,0.8290515852541759,2.8443369588118204,0.19551138269796103
-0.021644868921363386,0.6470604314973826,0.8296144556139925,2.842559113955717,0.1953936762361005
-0.02149887363371241,0.645357073946977,0.8273783056696306,2.8407824717243986,0.19527670974674036
-0.021347718719588155,0.6435907663338366,0.8276761794196233,2.8390070610890192,0.19516116648928658
-0.021191440455444435,0.6417626915739892,0.8279723451603483,2.837232888468773,0.19504552904852934
-0.02103007634731439,0.6398740827730294,0.8285369815599711,2.8354599491075545,0.19492969876903862
-0.020863665121809403,0.6379262234297611,0.828815486451242,2.8336882329585436,0.19481348612113392
-0.020692246716824823,0.6359204476391612,0.8297591884539901,2.8319177339458643,0.19469713449074336
-0.020515862271955038,0.6338581402931462,0.830035117515073,2.8301484442772518,0.19458048362178745
-0.020334554118619987,0.631740737277478,0.8303093676018356,2.828380358514421,0.19446381554217013
-0.02014836576990639,0.6295697256629871,0.8305821700915782,2.8266134745334366,0.19434716037271746
-0.01995734191012398,0.6273466438890856,0.8319847309018891,2.8248477866776343,0.19422982967953856
-0.019761528384082294,0.6250730819373409,0.8322411796722456,2.82308326889619,0.19411146356413908
-0.01956097218608758,0.6227506814926913,0.832495889581459,2.8213199101747803,0.19399296749570846
-0.01935572144866468,0.6203811360896174,0.8327492295165293,2.8195577068835553,0.19387445569968628
-0.01914582543100537,0.6179661912403572,0.8330041157187711,2.8177966566411183,0.1937559457612666
-0.018931334507146156,0.6155076445419905,0.833257621098566,2.8160367564182587,0.19363732653250096
-0.018712300153879424,0.6130073457589258,0.8335099263449216,2.8142780002531285,0.1935185438641969
-0.01848877493839843,0.6104671968770233,0.8337298084071842,2.812520386097821,0.1933998677302805
-0.018260812505681876,0.6078891521252925,0.8339785014056513,2.81076391223024,0.19328116840717322
-0.018028467565619464,0.6052752179607505,0.8341944286888877,2.809008576028588,0.1931624553518811
-0.01779179587988144,0.6026274530116894,0.834440490047275,2.8072543761012265,0.19304385280718697
-0.017550854248536293,0.599947967974236,0.8346877461640015,2.8055013110333795,0.19292518527354816
-0.017305700496419035,0.5972389254567009,0.8365771675771443,2.803749373293888,0.19280566850247996
-0.017056393459253406,0.5945025397658519,0.8367780961891345,2.8019985309708932,0.19268490500179303
-0.01680299296953149,0.591741076628802,0.8370113110299342,2.8002487745578777,0.19256417365349088
-0.016545559842154584,0.5889568528438167,0.8372439852968989,2.7985001015940663,0.19244340752769262
-0.01628415585983748,0.5861522358529329,0.8375768666034702,2.7967525094143557,0.19232257864596375
-0.016018843758281102,0.5833296432288393,0.8397179261192103,2.795005990639001,0.1922009558337445
-0.015749687211116317,0.5804915420680556,0.8399344453236466,2.7932605127718904,0.19207791839945793
-0.015476750814622454,0.5776404482820462,0.8401510688050027,2.79151606412048,0.19195485681349703
-0.015200100072224543,0.5747789257774748,0.8424351058941659,2.7897726355213255,0.19183064346094586
-0.014919801378772706,0.5719095855164354,0.8426380791937702,2.7880301898758804,0.19170508451355053
-0.014635922004607956,0.5690350844471269,0.8428413722162947,2.7862887170643624,0.19157951317303062
-0.014348530079417316,0.5661581242951012,0.8431353266530113,2.784548214070685,0.19145382264950245
-0.014057694575883479,0.5632814502049206,0.8433372735971174,2.7828086748909597,0.19132795459357307
-0.013763485293131044,0.5604078492218351,0.8400186817713405,2.7810701056060787,0.19120385585489308
-0.013465972839975693,0.5575401486028628,0.8402244762159012,2.779332565113811,0.19108237484792082
-0.01316522861797807,0.5546812139466093,0.8408472897059865,2.777596068187184,0.19096068865567342
-0.012861324804307824,0.5518339471310728,0.8446338443058996,2.7758605962962157,0.1908368443238065
-0.01255433433442143,0.5490012840487836,0.8448261001320748,2.774126079737754,0.1907101781004772
-0.012244330884558032,0.5461861921288113,0.8450175418004976,2.772392498825022,0.19058358758936364
-0.01193138885405755,0.5433916676354517,0.8452083460103119,2.77065985165427,0.19045694470758603
-0.011615583347505136,0.540620732733872,0.8453983067615337,2.7689281365250347,0.1903303397702258
-0.011296990156706344,0.5378764323135793,0.8455866570224917,2.7671973517832726,0.19020375125308128
-0.010975685742497812,0.5351618305613535,0.8500283259633178,2.76546748705548,0.19007523486392033
-0.010651747216396501,0.5324800072762105,0.8502021849146795,2.763738469504966,0.18994362008816995
-0.010325252322093722,0.5298340539201374,0.8510085639444251,2.762010275409142,0.18981173050204517
-0.009996279416796948,0.5272270693996566,0.851180334363266,2.760282895167205,0.1896795638636935
-0.009664907452424218,0.5246621555748536,0.8513484384892259,2.7585563244612428,0.18954727216241268
-0.009331215956656428,0.5221424124942893,0.8515701583804864,2.756830559139059,0.18941479717551019
-0.008995285013850664,0.5196709333562135,0.8517352885504127,2.755108196793356,0.189542594228869
-0.008657195245820787,0.517250799198751,0.8518995202749134,2.753391812333517,0.18966875251293197
-0.008317027792488196,0.5148850733241672,0.8520755475064712,2.7516813627626693,0.18979336772579908
-0.007974864292408755,0.5125767954650032,0.8522355273947803,2.7499768035489662,0.18991629858293027
-0.007630786863180103,0.510328975702739,0.8523966647024571,2.748278090517564,0.190037671303272
-0.007284878081733628,0.508144588152672,0.8530210382817794,2.7465851801698022,0.19015733331398377
-0.006937220964516346,0.5060265644319237,0.8491785411061719,2.7448980231097675,0.19027489861818972
-0.006587898947567671,0.5039777869307706,0.8451763435421493,2.743216563409272,0.190390315309198
-0.006236995866494842,0.5020010819109251,0.8453198043249536,2.7415407510115615,0.1905036105535553
-0.0058845959363529035,0.5000992124577948,0.8503458106648564,2.739870463090469,0.1906034628181881
-0.005530783731433496,0.4982748713171814,0.8504696713554847,2.7382052919115973,0.19068684543877312
-0.005175644164967412,0.4965306736501978,0.850595195875967,2.7365451019242206,0.19076902861438635
-0.004819262468745908,0.4948691497434028,0.8507071632292463,2.7348898580922008,0.19084991310836508
-0.004461724172665364,0.4932927377141211,0.8463515257652668,2.7332395279859028,0.19093020624672324
-0.004103115084200552,0.4918037762536639,0.8464988580115698,2.7315941003963973,0.19101013715324203
-0.00374352126781137,0.4904044974535203,0.8471388153231472,2.7299535406988027,0.19108838940543013
-0.0033830290242875707,0.4890970197615788,0.8426683846084113,2.7283178104658745,0.19116606356392563
-0.0030217248700372527,0.4878833411169015,0.8432997792975826,2.7266869078823803,0.19124405122738833
-0.0026596955163230114,0.48676533231257096,0.8387565035586624,2.7250608209874705,0.19132245649990962
-0.002297027848451988,0.4857447306364418,0.8342053230436461,2.723439568175206,0.19140282361802616
-0.0019338089049235686,0.48482313383939757,0.8347019827382082,2.7218231761223275,0.1914839921642565
-0.0015701258565407013,0.48400199447974906,0.8351498210512728,2.7202116195330537,0.19156362025267468
-0.0012060659854892363,0.48328261469078504,0.8352174187669026,2.718604862132736,0.1916422032513171
-0.0008417166643906803,0.48266614141616854,0.8352811983879758,2.717002878257229,0.19172010158063613
-0.00047716533533313153,0.48215356215484434,0.8353157638542339,2.7154056441686443,0.19179723377311628
-0.0001124994888856612,0.48174570125345917,0.8353459919128505,2.7138131309340126,0.19187339312048143
0.0002521933568990482,0.48144321678000085,0.8353994130820973,2.712225327267485,0.19195002485350204
0.0006168256774886057,0.4812465980075067,0.8354496134132894,2.7106422239187653,0.19202636932529252
0.000981309962876384,0.4811561635313374,0.8354980962213727,2.7090638018841897,0.19210192966962858
0.0013455587385834843,0.4811720600377737,0.835543062881151,2.7074900362424716,0.19217681066111553
0.0017094845866521804,0.4812942617356059,0.8413901281127462,2.705920859390024,0.19224211879490843
0.002073000166625875,0.4815225704561423,0.841649300580319,2.7043559395548806,0.19229340142076948
0.0024360182365103064,0.48185661642067656,0.8368993068921531,2.7027951710349485,0.19234581787997262
0.002798451673711263,0.4822958596681098,0.8369071079638577,2.7012386053807513,0.19240098933980845
0.0031602134959435586,0.4828395921292118,0.8433136267015077,2.6996862098025534,0.19244804351269232
0.003521216882106393,0.4834869403280042,0.8384645258860055,2.698137711647231,0.19248580841402946
0.003881375193119967,0.48423686868513777,0.8337182037299421,2.696593125129008,0.19252988653483946
0.004240601992718474,0.4850881833928848,0.8337039044549215,2.695052555421098,0.1925776965112602
0.004598811068194359,0.48603953682671586,0.8291702703426481,2.6935160251763492,0.19262725783422788
0.0049559164510889885,0.48708943245428105,0.8292885156783837,2.6919836015172356,0.1926801888931182
0.005311832437824643,0.4882362301991661,0.8292952228574229,2.6904552914751068,0.19273269271136367
0.005666473610272951,0.489478152213954,0.8293026966117424,2.688931084653785,0.19278527538618087
0.006019754856254921,0.4908132890150293,0.8293110495407527,2.687410974066707,0.19283787521693813
0.006371591389967269,0.4922396059301292,0.8293210201736831,2.6858949519555413,0.19289052696323408
0.006721898772330826,0.49375494980890094,0.8298229882907022,2.68438301083135,0.19294299387021072
0.007070592931255361,0.49535705594665624,0.8298322777032899,2.682875132766579,0.1929950323013412
0.007417590181816537,0.4970435551720545,0.8298359645031594,2.6813713086066864,0.19304719331029668
0.007762807246339856,0.4988119810505649,0.8298477040236152,2.6798715315020565,0.19309938148383549
0.008106161274386974,0.5006597771571986,0.8298540943277465,2.6783757936671035,0.19315156581195966
0.008447569862639283,0.5025843043741068,0.8258866931703811,2.67688409833162,0.1932059978373155
0.008786951074674459,0.5045828481711196,0.8259423750588718,2.6753965170206686,0.19326393447991208
0.009124223460630678,0.5066526258301086,0.8259917473065709,2.6739130663349036,0.19332195308170147
0.009459306076754322,0.5087907935771379,0.8225111099867228,2.672433754374561,0.19338274805172578
0.009792118504825972,0.5109944535895841,0.8195006805500966,2.670958672337716,0.19344914937680693
0.010122580871460455,0.5132606608488037,0.826276882129616,2.669487878986325,0.19351417566078227
0.010450613867276052,0.5155864298123202,0.823620927565928,2.668021254918069,0.19357518041859262
0.01077613876592837,0.5179687408829521,0.8214822366614094,2.6665588244133405,0.19364039836029037
0.011099077443004335,0.5204045466556649,0.819888671059641,2.665100651532724,0.19370865096271853
0.011419352394771662,0.522890777926221,0.8202500811054197,2.6636467735414002,0.19377814193893256
0.011736886756779235,0.5254243494488584,0.8206181850951914,2.66219718451913,0.19384721339080777
0.012051604322304458,0.5280021654332172,0.8207470917628175,2.6607518675304873,0.19391582165402504
0.012363429560642238,0.5306211247735512,0.8198582274652001,2.659310807761176,0.19398458044847494
0.012672287635232272,0.5332781260058633,0.8194942784493413,2.6578740081636285,0.19405389902666056
0.012978104421619206,0.5359700719909968,0.8196352610572536,2.656441465843701,0.19412310785926978
0.013280806525242246,0.5386938743238787,0.820194866366229,2.6550131585032286,0.19419138802331637
0.013580321299049649,0.5414464574710596,0.8204951331673933,2.653589061665001,0.19425899205416053
0.013876576860933338,0.5442247626404053,0.8211479002287803,2.652169153773057,0.19432553514690182
0.014169502110980574,0.5470257513882977,0.8217541716486543,2.6507533948511157,0.19439057438816687
0.014459026748537482,0.549846408970983,0.821880864123837,2.649341756275425,0.19445493840019024
0.014745081289080749,0.552683747447786,0.8229896550897337,2.6479342161607207,0.1945179765381657
0.01502759708089383,0.5555348085448096,0.8244436282374551,2.64653071773506,0.19457787751379982
0.015306506321542778,0.5583966662884465,0.8251428213195777,2.6451311901999426,0.19463525875173196
0.015581742074148685,0.5612664294185692,0.8269360600808856,2.643735589823831,0.19469050691868894
0.01585323828345211,0.5641412435916978,0.8276650407528384,2.6423438481716826,0.1947430276062672
0.016120929791665996,0.5670182933846661,0.8296987464244459,2.640955922725191,0.19479345863308048
0.016384752354113446,0.5698948041094972,0.8297703136449466,2.6395717454767325,0.1948414732608245
0.016644642654645755,0.5727680434501924,0.8305222019337097,2.6381912898115782,0.19488898986525455
0.016900538320838467,0.575635322932136,0.8312733894829081,2.6368145333196105,0.1949356401842766
0.017152377938959837,0.5784939992346344,0.8315758753705302,2.635441450642588,0.19498155206294748
0.017400101068710608,0.5813414753569306,0.8323237468305179,2.6340720248311387,0.19502691919456633
0.017643648257728618,0.5841752016477822,0.8328263103092741,2.632706232763644,0.19507153366158747
0.017882961055857634,0.5869926767083647,0.8335696194516897,2.6313440565589823,0.19511557956355738
0.018117982029174876,0.589791448177931,0.8343107351450253,2.6299854719778337,0.19515861145226868
0.018348654773774817,0.5925691134112852,0.8348042868543167,2.62863045299708,0.19520092544670245
0.018574923929306087,0.595323320056728,0.8355396069180643,2.6272789821604423,0.19524263794968577
0.01879673519225752,0.5980517665427347,0.8377569668851284,2.6259310292352436,0.1952821565848555
0.019014035328990656,0.6007522024811875,0.8384973026369872,2.624586524857086,0.19531887088695893
0.019226772188515866,0.6034224289945916,0.8406823134240244,2.6232454229859736,0.19535315886684912
0.019434894715008012,0.6060602989742556,0.84300890352044,2.6219076406949733,0.19538281456597745
0.019638352960059644,0.6086637172760188,0.8437556864079424,2.6205730820733946,0.19540910950349225
0.019837098094668684,0.6112306408596906,0.8458558004168063,2.619241699105573,0.19543306808374458
0.020031082420956935,0.6137590788779704,0.8479866080625132,2.6179134102552624,0.19545257242215078
0.020220259383617118,0.6162470927202307,0.8501802384627277,2.6165881202392844,0.19546756897459497
0.0204045835810863,0.6186927960161573,0.8524584562010088,2.6152657346261003,0.1954785344572331
0.020584010776441935,0.6210943546039162,0.8543368670873736,2.613946181480272,0.19548687863549497
0.020758497908018394,0.6234499864671379,0.85576379406011,2.612629415404503,0.19549391795397256
0.02092800309974165,0.6257579616446957,0.8578286054319743,2.61131541214546,0.19549943117647645
0.021092485671179412,0.6280166021169559,0.8598723877562433,2.6100041114891197,0.19550169872754034
0.021251906147304007,0.6302242816718728,0.8605173545068344,2.6086954490224046,0.19550179031516518
0.021406226267966476,0.6323794257540246,0.8611609057575276,2.6073893979396097,0.19550138417477478
0.021555408997078543,0.6344805112994395,0.8617920097703546,2.6060859437354273,0.19550052918159916
0.02169941853150141,0.6365260665587981,0.8624110946376917,2.6047850734187437,0.19549936057883543
0.02183822030963809,0.6385146709113946,0.8629651465385588,2.603486782570645,0.1954992941266746
0.021971781019728027,0.6404449546720168,0.862872071110626,2.602191120908495,0.19550325066987245
0.022100068607842045,0.642315598892695,0.8633884593586729,2.600898169119102,0.19551030576278877
0.02222305228557474,0.6441253351611149,0.8638276125701114,2.599607939530859,0.19551730122365868
0.02234070253743366,0.6458729453973027,0.8642708972831822,2.5983204322436357,0.1955247364232262
0.022452991127923334,0.6475572616500329,0.8647021526198042,2.5970356491435953,0.19553249353830723
0.022559891108320917,0.6491771658942856,0.8651028416678465,2.5957535919744963,0.19554065634215342
0.022661376823144348,0.650731589830916,0.8655076810557224,2.594474264437023,0.1955493375458866
0.02275742391630918,0.6522195146896173,0.8659010859430601,2.5931976718038765,0.19555854709779064
0.02284800933697395,0.6536399710361093,0.8662820624171952,2.5919238173985266,0.19556809524382834
0.022933111345072685,0.6549920385844133,0.8666331313602809,2.5906527041495884,0.19557822456274088
0.02301270951653207,0.656274846014964,0.8671185831960839,2.5893843382861004,0.19558873368478652
0.02308678474817274,0.6574875707992358,0.865752455683623,2.5881187345506773,0.19560295525761326
0.02315531926229492,0.6586294390314744,0.8660160971189633,2.586856020694505,0.1956231402811049
0.023218296610944118,0.6596997252680721,0.8639427233510878,2.585596262011515,0.19564834642307824
0.023275701679858905,0.6606977523750388,0.8644429399618894,2.5843396149267606,0.19568037377702274
0.023327520692098393,0.661622891383997,0.8617993203884162,2.5830861437654495,0.19571751202556806
0.02337374121134831,0.6624745613570391,0.861970541411098,2.581836024703537,0.19576284857754592
0.02341435214490599,0.663252229260781,0.8627045845880974,2.5805893176194155,0.19580876227133615
0.023449343746342236,0.6639554098498744,0.8628333127571358,2.579346019217603,0.19585501904619376
0.02347870761784071,0.6645836655602124,0.8595964681823732,2.578106168459061,0.19590784964327154
0.023502436712213203,0.6651366064120409,0.8597189530712361,2.5768699687021,0.19596986775995226
0.023520525334590953,0.6656138899231456,0.8597993242950805,2.5756374911217,0.19603318760976238
0.023532969143791466,0.6660152210322638,0.8599108545869112,2.57440875311029,0.19609771322307726
0.02353976515336016,0.6663403520328388,0.8599800470185539,2.573183772518849,0.1961635672404857
0.02354091173228757,0.666589082517237,0.8600818001820385,2.5719625691924355,0.19623082668637964
0.02353640860540004,0.6667612593314893,0.8599968306249808,2.5707451671099557,0.1963002015647405
0.023526256853426554,0.6668567765406362,0.856277272424207,2.569531640772014,0.19637783375270457
0.023510458912738706,0.6668755754047268,0.8563765323995612,2.568322219753984,0.19646550205478533
0.02348901857476654,0.6668176443654931,0.8569310368022945,2.56711697626912,0.19655386280382758
0.023461940985088282,0.6666830190437263,0.8570243432767305,2.565915921662301,0.19664434023389185
0.02342923264219535,0.666471782247359,0.8571131274120061,2.5647190934347894,0.19673638943483662
0.023390901395933254,0.6661840639902437,0.8529972992507168,2.563526537562374,0.1968356746452746
0.023346956445616893,0.6658200415215869,0.8535673862694043,2.562338479283449,0.19694480504517695
0.023297408337823414,0.6653799393660219,0.8541348871155643,2.561154975781933,0.19705398516816694
0.023242268963860894,0.6648640293742439,0.849790946501401,2.5599760526509523,0.19716993537563435
0.023181551556914485,0.6642726307841414,0.8452853533127813,2.5588019681672702,0.19730258588695504
0.023115270688870305,0.6636061102923284,0.8453326149289286,2.557633018158029,0.19744596216857016
0.02304344226681852,0.6628648821359675,0.8448906092212045,2.556469289575254,0.19759217326582312
0.02296608352923565,0.6620494081847413,0.8449556436558435,2.5553108486937917,0.1977417610728003
0.022883213041847476,0.661160198042814,0.8450148544087352,2.554157722953379,0.19789257293373003
0.02279485069317304,0.660197809160599,0.845070100305512,2.5530099277194465,0.1980446930473034
0.022701017689751874,0.6591628469561028,0.8456417768543499,2.5518674747653405,0.19819750510517894
0.022601736551054425,0.6580559649455989,0.845690798714823,2.5507303580580363,0.19835062157648012
0.022497031104077476,0.6568778648833291,0.8412371025295341,2.5495986163043445,0.1985111839550457
0.02238692647762562,0.6556292969099075,0.8412730436452742,2.5484724791219353,0.19868225743540602
0.02227144909628073,0.6543110597090319,0.8412188002642708,2.5473520218961356,0.19885426050667626
0.022150626674059905,0.6529240006720693,0.8412466754502541,2.546237243512804,0.1990268771773862
0.022024488207764648,0.6514690160700143,0.8418009277925019,2.5451281525550686,0.19920031718013062
0.02189306397002131,0.6499470512322727,0.8418237054549806,2.5440247447053856,0.199374219816222
0.02175638550201611,0.6483591007316076,0.8418438966691282,2.5429270297727267,0.1995495318663826
0.02161448560592528,0.6467062085745647,0.8418590034222004,2.541835026049896,0.1997263697865629
0.021467398337042712,0.6449894683965454,0.8424042758514433,2.5407487503440915,0.19990420439531545
0.021315158995606973,0.6432100236606545,0.8433991568927159,2.5396681979258173,0.2000819890498308
0.02115780411832905,0.6413690678592971,0.8439393541265384,2.5385933557239975,0.20025971768304832
0.02099537146962441,0.6394678447174094,0.8439441851636651,2.5375242143834402,0.20043793385060357
0.020827900032548828,0.6375076483960856,0.8439501513082002,2.536460784151522,0.20061759317188674
0.020655429999443434,0.635489823695203,0.8439537810419792,2.535403082731481,0.20079870242758135
0.020478002762288245,0.6334157662535179,0.844485414950413,2.5343511253422633,0.20098076458256525
0.020295660902768468,0.6312869227445317,0.8440090086068492,2.533304921439171,0.2011654541601555
0.020108448182055164,0.6291047910662636,0.8440282482943096,2.5322645505556376,0.20135445772808339
0.0199164095303025,0.6268709205228491,0.844053265864499,2.5312300491652944,0.20154490620414706
0.01971959103586527,0.6245869119957297,0.8445808538397849,2.530201431534389,0.2017362565897697
0.01951803993423734,0.6222544181019113,0.8455915907527294,2.5291786931472906,0.20192766872069096
0.019311804596715457,0.619875143336601,0.8455862257772511,2.528161823806347,0.20211925201784386
0.01910093451879085,0.6174508441972408,0.8455198551243983,2.527150816360981,0.2023110756723133
0.01888548030826993,0.6149833292856924,0.8455228675720995,2.5261456664311965,0.2025036392946563
0.018665493673129013,0.6124744593850623,0.8455247432947667,2.525146387264377,0.20269769734352822
0.018441027409104437,0.6099261475073309,0.845528349487919,2.5241529968175653,0.2028932526186245
0.018212135387022304,0.6073403589076548,0.8411930476252615,2.523165544153766,0.2030963717996763
0.017978872539869007,0.6047191110608542,0.8412010983925045,2.522184257034457,0.20330991106688198
0.017741294849608236,0.6020644735952576,0.8417172817643509,2.521209207678851,0.20352426280152083
0.017499459333745238,0.5993785681787118,0.8375250598777746,2.5202404220684147,0.20374503081670806
0.017253424031642973,0.596663568351184,0.8375585098351388,2.5192781120662624,0.20397586956684194
0.017003247990592878,0.5939216992979739,0.8336310211874672,2.5183223800634997,0.20421364510112028
0.016748991251643964,0.591155237557173,0.8341496679412468,2.5173734256930733,0.20446024863476897
0.016490714835193085,0.5883665106545813,0.8305602107590085,2.516431323106552,0.20471240524767018
0.016228480726340387,0.5855578966588654,0.8304103585874435,2.5154962608701172,0.20497503630873734
0.015962351860013206,0.5827318236493392,0.8303906084322289,2.5145683731441557,0.20524352669875753
0.015692392105862082,0.579890769088316,0.8306005127494139,2.5136477522411838,0.20551590726752023
0.015418666252932077,0.5770372590895656,0.8308161270239266,2.5127344219025916,0.20578919562675985
0.015141239994113995,0.5741738675740086,0.8310390824750482,2.511828385305438,0.20606329921188568
0.014860179910378185,0.5713032153034133,0.8312675362914149,2.5109296430568473,0.20633816335901695
0.014575553454795718,0.5684279687824733,0.8315024061730194,2.5100381963406657,0.20661384071811578
0.014287428936349584,0.565550839019335,0.8317435229768049,2.5091540471127667,0.20689035566909167
0.013995875503541234,0.5626745801343631,0.8319919543210776,2.5082771977247322,0.20716772539842535
0.013700963127794879,0.559801987806695,0.8322457506004998,2.5074076502842946,0.20744591655981945
0.013402762586665224,0.5569358975479602,0.8325049755255153,2.506545407092602,0.2077249412920117
0.013101345446850637,0.5540791827924636,0.832771090717089,2.505690468575633,0.20800466316920516
0.012796784047017878,0.5512347527930914,0.833043532424549,2.5048428339905286,0.20828507028249646
0.0124891514804409,0.5484055503123412,0.8335784789872396,2.5040025008530735,0.20856588263865425
0.012178521577458997,0.5455945490980182,0.8338555336515987,2.503169458688747,0.2088469594367987
0.011864968887757765,0.5428047511335305,0.8341388304655502,2.5023437037442853,0.20912872087927611
0.011548568662477712,0.5400391836531586,0.8344299990339197,2.501525234537142,0.20941112705634843
0.011229396836154064,0.537300895913308,0.8347255720620768,2.5007140497912754,0.20969416062494628
0.010907530008493047,0.5345929557115762,0.8350296990901631,2.4999101464782556,0.20997779228261648
0.010583045425988289,0.5319184456464324,0.8353397988122186,2.4991135234512893,0.21026213628573776
0.010256020963382026,0.5292804591114939,0.83362301042839,2.4983241965160774,0.21055040236231953
0.009926535104975443,0.5266820960197934,0.8341652426836104,2.4975422751133407,0.21084380118317833
0.009594666925793064,0.5241264582550204,0.8353251195136857,2.4967677762612306,0.21113699895627847
0.009260496072604749,0.521616644848553,0.8356847049697391,2.496000682198793,0.21143024854019565
0.00892410274481123,0.5191557468831707,0.8360495658103564,2.495240984038182,0.21172393437321774
0.008585567675196443,0.5167468421265998,0.8364204991291616,2.494488677161316,0.2120181448955697
0.008244972110552064,0.5143929894005512,0.8367944221368478,2.493743755178008,0.21231273330635353
0.007902397792178668,0.5120972226936416,0.8371722643188688,2.493006212387243,0.21260777566290148
0.007557926936268231,0.5098625450294606,0.836015905751176,2.492276055120684,0.2129058650438026
0.0072116422141726404,0.507691922104163,0.8364382163782538,2.4915533697236287,0.21320831058359524
0.006863626732562998,0.5055882757111654,0.8369765350580791,2.4908381726226243,0.21351083541900825
0.006513964013484326,0.5035544769738711,0.8381032300979363,2.490130447378468,0.213813203123964
0.006162737974310789,0.501593339410766,0.8391883486143888,2.489430175663328,0.21411574278005124
0.005810032907605782,0.4997076118606353,0.8395999282677252,2.4887373692650336,0.21442013980976984
0.00545593346089227,0.49789997129908065,0.8398236004604657,2.4880520296225903,0.21472457847331905
0.005100524616337772,0.49617301558079824,0.8402360971346651,2.4873741437745336,0.21502920380595117
0.004743891670358946,0.4945292561452756,0.8406536091918297,2.486703699232847,0.21533388962277286
0.004386120213150832,0.4929711107264698,0.841074303622609,2.4860406838738545,0.21563879042799192
0.004027296108145905,0.4915008961097115,0.8414980666213554,2.4853850873811507,0.21594391095658724
0.003667505471406867,0.49012082098137094,0.8419233155454565,2.484736899411348,0.21624926221335292
0.0033068346509594446,0.4888329789186776,0.842351965798464,2.484096109392547,0.21655477159861353
0.0029453702060693635,0.4876393415684976,0.8427829681749427,2.48346270803057,0.21686083406162376
0.0025831988864682184,0.4865417520646799,0.8430303571017354,2.4828366905883628,0.21716711733023716
0.0022204076115342262,0.4855419187338297,0.8425458632660097,2.482218059654232,0.2174765030646647
0.00185708344943196,0.48464140913894843,0.8430129186747658,2.4816069070803324,0.21779044183012614
0.0014933135962162075,0.48384164450929823,0.8426097920507506,2.481003256163336,0.21810622044756248
0.0011291853549056442,0.48314389460307244,0.8423394309550869,2.480407171011015,0.21842697303564693
0.0007647861145302872,0.4825492730469736,0.8419013328804339,2.479818737538534,0.21875344720846
0.00040020332915862046,0.48205873319365505,0.8420018208498948,2.479238067354969,0.21908566544728736
3.552449690908665e-05,0.4816730645341659,0.8430195418181835,2.4786652288253688,0.21942060400054852
-0.00032916286104911794,0.48139288969812694,0.8439891855905113,2.4781002261695044,0.21975553536801473
-0.0006937712215006366,0.4812186620693907,0.8430219719538614,2.4775430705861066,0.22009468541016403
-0.001058213080189162,0.4811506640395165,0.8435861999325116,2.4769938734285177,0.22043899975500647
-0.0014224009728179955,0.481189005915529,0.8445171132607899,2.4764526514663205,0.22078313218092263
-0.0017862474960410849,0.48133362549235864,0.8450743264830514,2.4759193836941784,0.22112696934448575
-0.002149665328439385,0.48158428829401906,0.8456287999635133,2.4753940479343437,0.22147046897677225
-0.0025125672514775977,0.4819405884812297,0.8459155154027513,2.4748766301711167,0.22181524392685575
-0.002874866170436196,0.48240195041685224,0.8467726353197518,2.4743671613164335,0.2221619300516381
-0.003236475135313713,0.48296763087433836,0.8472803500437154,2.4738656343391954,0.22250834197711986
-0.003597307361694408,0.4836367218684477,0.8478120873055275,2.473372028434287,0.22285451726337097
-0.003957276251575977,0.48440815408196514,0.8479787010575733,2.472886330729235,0.22320201732928183
-0.00431629541415279,0.4852807008570167,0.8484861955929894,2.4724085760748133,0.2235517225741337
-0.004674278686549182,0.4862529827150171,0.8489851756979719,2.471938758576764,0.22390088532824579
-0.005031140154498166,0.48732347236529555,0.8494827206280511,2.4714768534123115,0.22424987994904835
-0.0053867941729604605,0.48849050015910617,0.849983087377515,2.4710228426841527,0.22459871906296736
-0.005741155386678808,0.48975225994306215,0.8504800468661667,2.4705767062784454,0.2249472807827397
-0.006094138750662938,0.49110681526406363,0.849093493277918,2.4701384429117823,0.22529950309038677
-0.006445659550599859,0.4925521058765158,0.8496169387821254,2.469708166476536,0.22565720413206877
-0.006795633423184989,0.49408595450202003,0.8501354912647748,2.4692858944539027,0.22601471593178774
-0.007143976376368825,0.4957060737918016,0.8506492275384547,2.468871608379362,0.22637212952586147
-0.007490604809514724,0.4974100734427939,0.8490604492682086,2.4684653083952672,0.22673322690818556
-0.007835435533462623,0.49919546741952336,0.8494188346821352,2.4680671178993423,0.22710131599807945
-0.008178385790494014,0.5010596812357156,0.849560120430889,2.4676771085464906,0.22747262288792489
-0.008519373274193474,0.5030000592516902,0.8494583860446073,2.4672953325246136,0.22784755713888916
-0.00885831614920162,0.5050138719461981,0.8499328077468931,2.4669218413568923,0.22822476284456067
-0.009195133070855559,0.5070983231242185,0.8504040156554046,2.4665566315727254,0.22860179789588547
-0.009529743204710834,0.5092505570253365,0.8508705122320668,2.466199664497207,0.22897628633375766
-0.009862066245941492,0.5114676653006046,0.8515841472736763,2.4658508743154743,0.22934944258873696
-0.01019202243861287,0.5137466938291624,0.8520400904981487,2.465510234608463,0.22972242498578976
-0.01051953259482259,0.5160846493493326,0.8506724115452139,2.465177744047906,0.23009883067519674
-0.010844518113705287,0.518478505882324,0.8513449948796513,2.4648535078632494,0.2304803293409547
-0.011166901000296383,0.5209252109300196,0.8498887024838088,2.464537555736368,0.23086511150584635
-0.011486603884250607,0.523421691431621,0.8503871172397203,2.464229993786516,0.23125514180361267
-0.011803550038410453,0.5259648594670036,0.8501992865604704,2.463930844162012,0.2316465455191122
-0.012117663397220335,0.5285516176976273,0.8488486237825544,2.463640160352931,0.2320436340824149
-0.012428868574981938,0.5311788645386055,0.8475977131298917,2.463358075999842,0.23244916165296015
-0.012737090883946436,0.5338434990580809,0.8474506571292113,2.463084727746827,0.2328607766074696
-0.013042256352239184,0.5365424256024345,0.8479393142522458,2.4628201780142818,0.23327443781709048
-0.013344291741612719,0.5392725581479418,0.8484232533090263,2.462564417175584,0.23368762638205348
-0.013643124565023335,0.542030824381405,0.8489017742931397,2.462317418417641,0.23410037755165342
-0.013938683104027925,0.5448141695139487,0.8493743282455468,2.462079156086931,0.2345127550142348
-0.014230896425995829,0.5476195598336276,0.8498409694526107,2.461849605145535,0.23492473067493505
-0.014519694401132488,0.550443986003722,0.8477954900464248,2.4616287589517656,0.23534007788782563
-0.01480500771931013,0.5532844661146651,0.8482525272996065,2.4614167242198945,0.23576071574282767
-0.015086767906701984,0.556138048498349,0.8487842663744969,2.461213513898902,0.23618092380409195
-0.01536490734221551,0.559001814314301,0.8492326103849291,2.461019098717721,0.23660051754383263
-0.015639359273721388,0.561872879917681,0.8496737300088989,2.4608334504395057,0.2370196125924486
-0.01591005783407347,0.5647483990194511,0.8501183613268201,2.460656542969625,0.23743830003258162
-0.01617693805691664,0.5676255646493064,0.8505446806682765,2.460488353689417,0.23785713181623874
-0.016439935892278483,0.5705016109320659,0.8486264501656704,2.460328886180375,0.23827933707037166
-0.016698988221940964,0.5733738146882514,0.8490669474991759,2.4601782398079113,0.23870643533133012
-0.016954032874588517,0.5762394968695084,0.8470747189900009,2.460036439917452,0.23913647263546547
-0.017205008640728738,0.5790960238393648,0.8475173319065342,2.4599035797682998,0.239571230694767
-0.01745185528738245,0.5819408085096233,0.8479394104291339,2.45977966711079,0.2400055300376131
-0.017694513572539466,0.5847713113423969,0.8471396055136202,2.4596646835688203,0.24044127574321178
-0.01793292525937595,0.5875850412274941,0.8476221953270738,2.4595586706047023,0.240879392601902
-0.018167033130231772,0.5903795562445014,0.8464600908496133,2.4594616259102193,0.24131905094594824
-0.01839678100034146,0.5931524643185472,0.8449494256818716,2.4593736135553486,0.24176427216714383
-0.018622113731319126,0.5959014237783047,0.8452409394891385,2.459294720769029,0.24221305084558237
-0.01884297724439094,0.5986241438244219,0.8455255843035043,2.4592249498745478,0.242661602923872
-0.019059318533373965,0.6013183849161072,0.8460407303693183,2.459164277843193,0.2431097466327454
-0.019271085677397406,0.6039819590832048,0.8463134626631686,2.459112669061725,0.24355676581100394
-0.01947822785336307,0.6066127301706596,0.8465789876977117,2.4590700914915957,0.24400355426360754
-0.019680695348143096,0.6092086140218671,0.8470493091558996,2.4590365234297957,0.24444993547945426
-0.019878439570510657,0.6117675786069773,0.8473038636168684,2.4590119323221686,0.24489554402433242
-0.020071413062801628,0.6142876441018587,0.8475516168646565,2.458996290769483,0.24534092033645408
-0.02025956951230404,0.616766882922998,0.8477922313581456,2.458989577834125,0.24578615929758307
-0.02044286376237338,0.6192034197232843,0.8456704160110179,2.4589917862194395,0.24623402350782098
-0.020621251823269363,0.6215954313532422,0.845862133827527,2.459002993079322,0.24668593963794233
-0.020794690882713674,0.6239411467919549,0.8462682525944096,2.4590232036265594,0.2471373783646588
-0.020963139316164624,0.6262388470515798,0.8440880196691409,2.459052398962272,0.2475907500458015
-0.021126556696806745,0.6284868650590787,0.8442828751593284,2.4590906417743814,0.2480476286331103
-0.021284903805253146,0.630683585518454,0.8444724659227231,2.459137933765363,0.24850417221709872
-0.02143814263895785,0.6328274447565649,0.8446582499653627,2.459194248767166,0.24896035492746196
-0.021586236421336474,0.6349169305552869,0.8450108610693449,2.4592595629405523,0.24941610062220196
-0.021729149610591858,0.636950581972577,0.8454484986941869,2.459333843825612,0.2498709861408093
-0.02186684790824487,0.6389269891547662,0.845765541306512,2.4594170558666826,0.25032500933371254
-0.021999298267364922,0.6408447931421976,0.8459362236589525,2.459509168066904,0.25077864259579447
-0.022126468900501677,0.6427026856701298,0.8435587168809597,2.4596101662005285,0.251234163552291
-0.02224832928731351,0.6444994089666584,0.8439815988380165,2.459720112702159,0.25169317698209787
-0.022364850181892652,0.6462337555492232,0.8414746382628664,2.45983901776344,0.25215444557948175
-0.022476003619783747,0.6479045680211347,0.841604749738313,2.459966954376197,0.25261961287557244
-0.022581762924695097,0.6495107388694031,0.8390636592673039,2.4601039398084854,0.25308711196000516
-0.0226821027149014,0.6510512102650186,0.839197291803752,2.460250042144997,0.2535583217074051
-0.022776998909334562,0.6525249738667335,0.8393322951051491,2.4604052640624294,0.254029189619334
-0.022866428733363284,0.6539310706292505,0.8368849957315524,2.4605695922407826,0.2545020506303391
-0.022950370724259365,0.6552685906166769,0.8346023583402928,2.4607430924733444,0.25498003360206084
-0.023028804736347715,0.656536672821952,0.8325637397355591,2.4609258418881312,0.25546240778844215
-0.023101711945842048,0.6577345049929303,0.8328828376181707,2.461117892022416,0.25594665911393233
-0.02316907485536207,0.6588613234656817,0.8311709506796715,2.461319232061773,0.25643141669879405
-0.02323087729813276,0.6599164130055393,0.8298104692708068,2.461529877901737,0.2569182174150839
-0.023287104441864517,0.6608991066563386,0.8276436669343789,2.4617498430358684,0.2574064520873633
-0.023337742792312814,0.6618087855982534,0.827964576525941,2.461979133830376,0.2578951827283524
-0.023382780196516663,0.6626448790145688,0.8282905156509972,2.4622177196043404,0.2583827468759999
-0.023422205845715104,0.6634068639677134,0.8287553826962814,2.4624655581763424,0.2588690663489786
-0.02345601027794164,0.6640942652847923,0.8280149033136817,2.4627226076068824,0.25935444071536584
-0.023484185380294814,0.6647066554528727,0.8286403721822044,2.462988833504704,0.2598389435874774
-0.023506724390885334,0.6652436545242084,0.829044638967244,2.4632641947320586,0.2603221368213959
-0.023523621900458837,0.6657049300315719,0.8287450800739753,2.4635486472031345,0.2608038403718059
-0.023534873853694054,0.6660901969138389,0.8291630024138114,2.4638421344918786,0.26128357232391636
-0.023540477550176405,0.6663992174519434,0.8265141757363074,2.4641446096676676,0.2617625882156694
-0.02354043164504545,0.666631801215311,0.8269215359075314,2.464456050466388,0.2622411875869531
-0.023534736149318274,0.6667878050188334,0.8242820465491785,2.4647764198536417,0.2627187850096025
-0.023523392429886603,0.6668671328904577,0.824713349013277,2.4651056832257505,0.2631954047576726
-0.02350640320918851,0.666869736049437,0.825148734807902,2.4654437961890796,0.2636704196778861
-0.023483772564555395,0.666795612895261,0.8255890542102688,2.465790707607991,0.26414379702595947
-0.02345550592723346,0.6666448090072956,0.8260332613256759,2.466146382000257,0.2646172924396071
-0.023421610081079958,0.6664174171551212,0.8264814433964489,2.466510794188217,0.26508916261954474
-0.023382093160935206,0.6661135773195614,0.823921004620224,2.4668838852369217,0.265558900057637
-0.023336964650670373,0.6657334767243726,0.8243597475675978,2.467265595295272,0.26602661860779797
-0.023286235380911305,0.6652773498785445,0.824803896390855,2.467655868761276,0.2664925412472456
-0.023229917526439166,0.6647454786291621,0.8252463590615602,2.4680546575492928,0.2669569661877838
-0.023168024603268843,0.6641381922247397,0.8256922113654971,2.4684619099717553,0.267419510014594
-0.023100571465404677,0.6634558673889331,0.8261437260037888,2.468877571783504,0.26788022172545933
-0.023027574301276058,0.6626989284045186,0.8236722011596807,2.469301587105295,0.26833839247304314
-0.022949050629851808,0.6618678472074894,0.8212874462880958,2.4697338664517696,0.2687920031423858
-0.022865019296436303,0.6609631434910997,0.8215775213341988,2.47017430014144,0.26924186175004355
-0.022775500468146217,0.6599853848196757,0.8220000191048924,2.4706228255176335,0.26968996169633597
-0.02268051562907051,0.6589351867519488,0.8222131670731342,2.471079379295242,0.2701343249091458
-0.022580087575114753,0.6578132129736639,0.8199007848083801,2.471543834957831,0.2705721803411303
-0.02247424040852961,0.6566201754391444,0.820368203213847,2.4720160415445207,0.2710029657364495
-0.02236299953212717,0.6553568345214861,0.8207946217340256,2.4724958486804565,0.27142864101369624
-0.02224639164318376,0.6540239991709643,0.8184658112749843,2.4729831771862,0.271850568442804
-0.022124444727032906,0.6526225270812234,0.8189495929609604,2.4734778941620177,0.27226679321072417
-0.021997188050349243,0.6511533248627243,0.817253658910701,2.4739798998023095,0.272677449675101
-0.021864652154124177,0.6496173482228818,0.8178105457295941,2.4744890058703843,0.27307842173239366
-0.021726868846336754,0.648015602152231,0.8187471195332149,2.4750050224665885,0.27347086216223276
-0.021583871194319346,0.6463491411159041,0.8193129629807742,2.4755277719363353,0.27385691089705083
-0.021435693516821983,0.6446190692495791,0.8198875189842821,2.476057165313338,0.27424045792829455
-0.021282371375776127,0.6428265405589921,0.8204672981870276,2.4765931384352635,0.2746213830259197
-0.021123941567759583,0.6409727591219794,0.8210521172599543,2.47713562467893,0.27499970768509746
-0.020960442115165744,0.6390589792918984,0.8224473565922976,2.477684548689013,0.275372719494532
-0.02079191225707851,0.6370865059011651,0.8204629634636453,2.4782397221698527,0.2757346150224692
-0.020618392439854714,0.6350566944634768,0.8209298934589335,2.478800912509395,0.2760882083637411
-0.020439924307417652,0.6329709513731611,0.821270774693431,2.479368029298966,0.27644008157359035
-0.020256550691262414,0.6308307340999224,0.8217369433574881,2.4799410252843597,0.2767901276777304
-0.020068315600176606,0.6286375513770619,0.8223545901434756,2.480519850015683,0.2771379507193917
-0.019875264209678556,0.6263929633810812,0.8228213874564397,2.4811044427850732,0.27748349473737033
-0.019677442851175377,0.6240985819003505,0.8214145546328578,2.481694729701597,0.27782233384498
-0.019474899000843385,0.6217560704903078,0.8201416927977616,2.482290463249688,0.2781466107335323
-0.019267681268234523,0.6193671446124285,0.8207076325226275,2.4828913592954467,0.27846073681898226
-0.019055839384609936,0.616933571753919,0.8217108820631475,2.4834972885427016,0.2787690459597735
-0.018839424191004657,0.6144571715248598,0.8228486019705882,2.484108060360244,0.2790666526764674
-0.018618487626026508,0.6119398157291903,0.8240547754752716,2.484723453714316,0.2793538680924451
-0.018393082713390393,0.6093834284056673,0.8246997585248441,2.4853432659332704,0.2796335791368259
-0.01816326354919356,0.6067899858345638,0.8253451744150591,2.4859674002721275,0.27991045472112186
-0.01792908528893201,0.6041615165055727,0.8259911044815054,2.486595790811306,0.2801844363212463
-0.01769060413426432,0.6015001010419992,0.8266484276057638,2.4872283684626635,0.2804552759428486
-0.017447877319522614,0.5988078720759799,0.8272971091530615,2.4878650643926643,0.28072323824727796
-0.0172009630979775,0.5960870140690516,0.8279549920310072,2.488505816127566,0.28098860822241944
-0.016949920727856883,0.5933397630720395,0.8284286077752142,2.489150563919599,0.2812515660752911
-0.016694810458124446,0.5905684064177784,0.8290756634892091,2.4897992563165645,0.2815122103710226
-0.016435693514020456,0.5877752823398075,0.8297367604088033,2.4904518313570243,0.2817699295909175
-0.016172632082367553,0.584962779509744,0.8308670467148975,2.4911082064047707,0.28202166039795495
-0.01590568929664676,0.5821333364855982,0.8318213212419944,2.49176819788529,0.2822633709221195
-0.01563492922184514,0.5792894410629176,0.8324407638357724,2.492431617390373,0.2824981160411746
-0.015360416839080973,0.5764336295201936,0.8331521928307052,2.49309835802743,0.2827272975029614
-0.015082218030008492,0.5735684857495954,0.8337666416483472,2.4937682686287563,0.2829500099398805
-0.014800399561006341,0.5706966402636892,0.8341967141873724,2.4944412507519855,0.2831677039463803
-0.014515029067154397,0.5678207690684794,0.8343605833324073,2.495117157797849,0.28337753984063785
-0.014226175036001322,0.5649435923927667,0.834910831286805,2.4957958431459333,0.2835819312674255
-0.013933906791127998,0.5620678732635515,0.835454499362476,2.4964772294684323,0.28378364472068074
-0.013638294475510303,0.559196415916994,0.8360028111645816,2.4971612591755945,0.283982931369529
-0.013339409034684984,0.5563320640342947,0.836538671880919,2.497847882684837,0.28417995143943364
-0.013037322199723112,0.5534776987917548,0.8363114866576962,2.4985370353745022,0.2843727118566772
-0.012732106470015032,0.5506362367143306,0.8358045892072868,2.4992285993332293,0.28455931053778816
-0.012423835095870766,0.5478106273220621,0.8362497636355289,2.4999224602290435,0.28474156568296827
-0.012112582060940298,0.5450038505590303,0.8367767548539451,2.5006185527870204,0.28492157849278965
-0.011798422064458053,0.5422189139948211,0.837212962544418,2.5013168315050955,0.2850995403216444
-0.011481430503315033,0.5394588497890196,0.8376418252370744,2.5020172460675107,0.2852750014778337
-0.011161683453964327,0.5367267114098829,0.83806341252588,2.5027197420603176,0.2854479719802299
-0.01083925765416302,0.5340255700992248,0.838487137111267,2.503424266584417,0.2856185834191599
-0.010514230484555255,0.5313585110765281,0.8389047793088377,2.5041307683235234,0.2857867887216001
-0.010186679950101613,0.5287286294765741,0.839316317420989,2.5048391949052244,0.2859525912354108
-0.009856684661358013,0.5261390260162686,0.8397220867292996,2.5055494965959744,0.28611618787673043
-0.009524323815609723,0.5235928023880415,0.8401218160350302,2.50626162642246,0.286277639607233
-0.00918967717786436,0.5210930563790469,0.8405154754598703,2.5069755365288757,0.2864368415712666
-0.00885282506170855,0.5186428767175034,0.8409033879185686,2.50769118090549,0.2865940497463689
-0.008513848310033245,0.5162453376498537,0.841288805753428,2.5084085157790783,0.2867491253321493
-0.008172828275631745,0.5139034932549534,0.8412811224775019,2.509127452085106,0.28689370267324704
-0.007829846801675332,0.511620371504271,0.8416335509471594,2.509847652230051,0.28702357765533615
-0.007484986202071253,0.509398968080007,0.841987940760549,2.510568986544325,0.28715126982632155
-0.007138329241708185,0.5072422399661773,0.8425014873033485,2.5112914103286292,0.28727697824458237
-0.0067899591165924995,0.5051530988309306,0.842743965281192,2.512014884303534,0.2874009219068554
-0.006439959433882029,0.5031344042217585,0.8430891354132046,2.512739371983291,0.28752302656542084
-0.006088414191820524,0.5011889565986339,0.8432728128348496,2.5134648239533,0.28764228406720366
-0.005735407759578592,0.49931949023358263,0.843609658287831,2.514191187963965,0.2877594684317671
-0.00538102485700551,0.4975286660085473,0.8439402614522438,2.514918419656546,0.2878744137888739
-0.005025350534296732,0.495819064146712,0.8442644588280506,2.5156464734650514,0.2879872033903804
-0.0046684701515824845,0.4941931769155633,0.8445821488440285,2.5163753025192834,0.2880976234531231
-0.004310469358441466,0.49265340134285557,0.8448932378636567,2.5171048598217967,0.2882058934284168
-0.003951434073345547,0.4912020319892337,0.8430527404931412,2.5178350986677493,0.288311620820223
-0.0035914504630397658,0.48984125382347526,0.8435533558032245,2.5185659649354535,0.2884149171121015
-0.0032306049218625353,0.48857313524810075,0.8438262980074254,2.5192974145634475,0.28851618551244834
-0.0028689840510116855,0.4873996213243521,0.8440823899445787,2.520029399681971,0.28861464365607725
-0.0025066746377603345,0.4863225272462687,0.844332664276204,2.520761866878679,0.2887110145091076
-0.0021437636346284972,0.4853435321136841,0.845558583537409,2.5214947293055037,0.28879595018574
-0.0017803381385149012,0.48446417305340805,0.845643804728666,2.522227615805453,0.28886484643729554
-0.001416485369794106,0.4836858397366363,0.8458817616792599,2.522960400127273,0.28893222661731055
-0.0010522926513840214,0.48300976933870415,0.8461158383429802,2.5236930463250684,0.2889975495178458
-0.0006878473877888751,0.48243704198467474,0.8463436547214512,2.524425514860097,0.2890609882069723
-0.00032323704412255027,0.48196857672097226,0.8437265185144753,2.525157768755847,0.2891227675344533
4.145087488272514e-05,0.4816051280493113,0.8439187357236622,2.5258897988504185,0.28918518799458043
0.0004061288458769119,0.48134728305464486,0.8441064397383812,2.526621601865131,0.2892461598956188
0.0007707093478975052,0.4811954591537802,0.8442945017916037,2.527353146791616,0.2893056909091219
0.001135104883374106,0.4811499024857742,0.8444743634292212,2.528084404147294,0.2893636458031856
0.0014992279991273374,0.4812106869593377,0.8449702263259572,2.5288153406633835,0.2894198194497315
0.0018629913073572846,0.48137771396629375,0.8453561273791506,2.5295459200312216,0.2894740854849057
0.0022263075066161157,0.4816507127638237,0.8457086186660797,2.5302761054835443,0.2895264815428438
0.0025890894027600004,0.4820292415218649,0.8458840307437026,2.531005860736548,0.2895771044256642
0.0029512499298752657,0.4825126890256977,0.8460565654133297,2.5317351515108215,0.2896259304951963
0.003312702171173873,0.4831002770176543,0.8462243084190868,2.5324639433944633,0.2896730368619047
0.0036733593798529284,0.48379106315599935,0.8463893921623057,2.5331922037806933,0.2897184777591027
0.004033134999913587,0.48458394456358944,0.8468778511164663,2.533919900124015,0.2897622110438459
0.004391942686934018,0.4854776619339047,0.8470363336887348,2.534646996964228,0.28980403013453393
0.004749696328791683,0.4864708041575871,0.8475214268067915,2.5353734605196965,0.28984425305156036
0.005106310066329818,0.48756181342877714,0.8476751227744479,2.536099260130731,0.28988285990430357
0.0054616983139632175,0.488748990787333,0.8478248430454389,2.5368243647311344,0.2899198597549622
0.00581577578021843,0.49003050205049586,0.8502437379566196,2.537548692595245,0.2899450384205057
0.006168457488203155,0.4914043840857479,0.8503658321520985,2.5382718580204253,0.2899534581329403
0.0065196587960004125,0.4928685513754747,0.8504853071114638,2.5389937311710633,0.2899603293530551
0.006869295416982173,0.4944208028235746,0.8506008116327197,2.5397142847157195,0.28996575039645683
0.0072172834400377524,0.49605882875437135,0.8510845502809199,2.5404334914783178,0.28996956377984967
0.007563539349711981,0.49778021805496114,0.851453758665091,2.5411513209287673,0.28997173899406875
0.007907980046248651,0.4995824654134739,0.8517895738909365,2.5418677423233755,0.28997218198139124
0.008250522865534005,0.5014629786075859,0.8520802041460892,2.54258272459425,0.289970952160688
0.008591085598935632,0.5034190857998739,0.8523314424754116,2.5432962371105563,0.2899680696195176
0.008929586513032313,0.5054480427992343,0.8524360084880247,2.5440082493724505,0.289963519124141
0.009265944369229536,0.5075470402505383,0.8525408784925154,2.5447187332021732,0.2899575375344302
0.009600078443256409,0.5097132107178072,0.8526431710028841,2.5454276651973347,0.2899501517008502
0.009931908544539023,0.5119436356295303,0.8525552967470625,2.546135016856135,0.2899412397185037
0.010261355035445953,0.514235352058116,0.8526554752701325,2.546840763908995,0.2899309339206108
0.010588338850400818,0.5165853593089218,0.8554372769169497,2.5475448285381312,0.28990899784391655
0.01091278151485757,0.5189906252977035,0.8514577653447784,2.548246839760448,0.289871881529691
0.011234605164134116,0.5214480926986684,0.8541542610780745,2.5489466712291318,0.28982582962121684
0.011553732562099512,0.5239546848485671,0.854185051914033,2.5496439824363666,0.2897643362100161
0.011870087119710044,0.5265073113953205,0.8496303350997115,2.550338669728919,0.28970362487137996
0.012183592913390481,0.5291028736826356,0.8448464454677038,2.5510307956638325,0.2896469757125873
0.012494174703255256,0.5317382698647479,0.8451299936081691,2.551720439084957,0.28959239659388286
0.012801757951165615,0.5344103997479879,0.8453841546735588,2.5524075976073264,0.2895361238539922
0.013106268838618526,0.5371161693581263,0.8454015445388353,2.553092244304292,0.28947851776919475
0.013407634284462693,0.5398524952345591,0.8454186025898732,2.5537743631956844,0.2894200404900254
0.013705781962437841,0.5426163084542217,0.84050166075645,2.554453952614345,0.28936285424589403
0.014000640318532223,0.5454045583897372,0.8356110963823302,2.555131088028691,0.2893102381108067
0.014292138588155933,0.5482142162077386,0.8308792764529872,2.5558058619234676,0.2892618109390878
0.014580206813123386,0.551042278114474,0.8309508117737037,2.556478350155564,0.28921541548127316
0.014864775858443445,0.5538857683568204,0.83102397059573,2.5571485587690264,0.28916813457422835
0.015145777428911223,0.5567417419876357,0.8312505500035021,2.557816475248947,0.2891199946623659
0.015423144085498653,0.5596072874050396,0.8317751268455114,2.5584820844872342,0.2890706641572575
0.01569680926153954,0.5624795286756722,0.827371460027384,2.5591453713424124,0.28902148208101136
0.015966707278705333,0.5653556276523485,0.8233492117054345,2.55980638428217,0.28897575572515233
0.01623277336276738,0.5682327858967201,0.8197980191338848,2.5604651852316094,0.2889317248328793
0.01649494365914276,0.5711082464176712,0.8199841336281699,2.561121790924973,0.2888875170586143
0.016753155248218812,0.5739792952361524,0.8197146393946485,2.561776192374849,0.2888424282756746
0.017007346160453626,0.5768432627870866,0.8202341131426908,2.56242837671696,0.28879633767833646
0.017257455391248375,0.5796975251688177,0.8204155005380066,2.563078323289823,0.2887489449696627
0.017503422915588304,0.5825395052503108,0.8206167434844578,2.5637260136057978,0.28870043569418635
0.01774518970244819,0.5853666736460883,0.8208222447646818,2.5643714287087174,0.28865074806285457
0.01798269772895982,0.5881765495685094,0.8209978183118671,2.5650145506937565,0.288600004409915
0.018215889994336792,0.5909667015666784,0.8212063866847925,2.565655363246206,0.2885481567054199
0.018444710533554867,0.5937347481608756,0.8213587291660291,2.5662938481575317,0.28849521746615164
0.01866910443078302,0.5964783583809881,0.8215697651535303,2.5669299899692573,0.28844123885381046
0.018889017832563044,0.5991952522170327,0.8187107223681024,2.567563772287252,0.2883865353970039
0.01910439796073412,0.6018832009894226,0.8163651699109553,2.5681951945615547,0.28833155937284444
0.019315193125099314,0.6045400276462076,0.8145486993564082,2.5688242455931714,0.28827526729672603
0.019521352735831055,0.6071636069941172,0.813262810520919,2.5694508983333333,0.2882172534685254
0.019722827315612437,0.6097518658697957,0.812492105799374,2.570075118899305,0.2881570232927317
0.019919568511511436,0.6123027832572363,0.8122175086031349,2.5706968653282583,0.28809440276175613
0.02011152910658532,0.6148143903570098,0.8124015767829287,2.571316091231968,0.2880289887071096
0.020298663031212815,0.6172847706125166,0.8130046570175385,2.571932740789819,0.2879602650981304
0.02048092537415021,0.6197120596981066,0.8135333558945418,2.5725467550236605,0.2878889720232783
0.020658272393310265,0.6220944454735695,0.8140644727966937,2.57315810459325,0.28781635504193004
0.02083066152625947,0.624430167909176,0.8150921155833257,2.5737667662734074,0.2877417242434986
0.02099805140043359,0.6267175189850892,0.8156630007706135,2.5743726918283603,0.2876646884860523
0.021160401843066213,0.6289548425687145,0.816237618846369,2.574975857618916,0.28758666269504657
0.021317673890830408,0.631140534273226,0.8168145334356666,2.5755762486058775,0.28750754363127373
0.021469829799189745,0.6332730413002776,0.8173936362662109,2.5761738490415276,0.2874273895425299
0.021616833051456574,0.6353508622696126,0.8179748364787663,2.576768641671101,0.2873460084693346
0.02175864836755597,0.6373725470380951,0.8185574271685373,2.5773606100329682,0.28726368679565945
0.021895241712492772,0.6393366965104262,0.8190112104418252,2.5779497404674525,0.28718031466836136
0.022026580304519965,0.6412419624436295,0.8192535179635486,2.578536020527104,0.28709630139392445
0.022152632623005767,0.6430870472471834,0.8206942999103604,2.5791194398616053,0.2870106161393906
0.022273368415999046,0.6448707037805239,0.8213121665898002,2.5796999533894067,0.2869225783177761
0.02238875870748879,0.6465917351494345,0.821932743972426,2.580277537096634,0.28683343590423543
0.022498775804359144,0.6482489945027505,0.8225552360403788,2.580852175928005,0.2867433379383427
0.022603393303034888,0.6498413848306124,0.823178690172047,2.581423856487208,0.2866522373766165
0.02270258609581842,0.6513678587654028,0.828687787715495,2.5819925439990654,0.28655597965707946
0.022796330376915728,0.6528274183863788,0.8292903202985071,2.5825580793450094,0.28645255874157105
0.022884603648149416,0.6542191150289189,0.83525322234243,2.5831203922383614,0.2863448485211766
0.02296738472435792,0.6555420490991667,0.8358297359611402,2.583679356194199,0.28623148949148
0.023044653738480424,0.6567953698948197,0.8406731945421678,2.584234920397707,0.2861152783647736
0.023116392146324515,0.6579782754326803,0.8422059972635781,2.5847870056261097,0.2859953518667334
0.023182582731016498,0.6590900122835617,0.8427702298644435,2.585335583943281,0.28587469625621825
0.02324320960713395,0.6601298754150209,0.8431982850043608,2.5858806504734853,0.28575354639319406
0.023298258224517417,0.6610972080423837,0.843761705295571,2.586422203375915,0.28563199820378726
0.02334771537176325,0.6619914014884384,0.8443207285186575,2.5869602425255,0.28551016021333814
0.023391569179393383,0.6628118950521419,0.8448777063762869,2.5874947694291466,0.2853880299387117
0.023429809122704332,0.6635581758866297,0.8454323231876149,2.58802578592456,0.2852656765913334
0.023462426024293517,0.6642297788867989,0.8459885727287524,2.588553293451803,0.2851429587674758
0.023489412056260997,0.6648262865866694,0.8465422514138582,2.58907729205991,0.2850199455600414
0.023510760742088677,0.6653473290667284,0.8470894486603485,2.5895977826666114,0.2848966641005729
0.02352646695819427,0.6657925838714193,0.8476391062468195,2.5901147702987317,0.2847733551951011
0.02353652693516167,0.666161775936901,0.8487707853494633,2.5906282616662755,0.28465048575396906
0.023540938258644364,0.6664546775292158,0.8492966132620676,2.591138286298121,0.2845286478909659
0.023539699869945918,0.6666711081929294,0.8498200337715537,2.5916448565675676,0.28440672089811475
0.023532812066273962,0.6668109347103508,0.8503403824315253,2.5921479786131814,0.28428484448524644
0.02352027650066796,0.6668740710713633,0.8508566419742333,2.592647663600201,0.28416327207381675
0.02350209618160373,0.6668604784539325,0.8536258995468909,2.59314391105505,0.2840396890426885
0.023478275472270486,0.6667701652152893,0.8562699504684496,2.5936366489210996,0.28391131641385986
0.023448820089524047,0.6666031868938336,0.856695379960813,2.594125803855037,0.283780404623762
0.023413737102515052,0.6663596462217312,0.8572304800698597,2.5946113716359664,0.28365098211171297
0.023373034930991854,0.6660396931481907,0.8576610284194257,2.595093415691213,0.28352385307787836
0.023326723343280297,0.6656435248734003,0.8581110132121261,2.595571955157881,0.28339668620567654
0.02327481345393912,0.6651713858930633,0.857964106220878,2.5960469983278616,0.28326954844609575
0.02321731772109255,0.6646235680534749,0.857959117841657,2.5965185636977828,0.2831447817875746
0.02315424994344055,0.6640004106170596,0.8574826632956339,2.5969867552308825,0.28302636384566504
0.023085625256946945,0.6633023003382569,0.8565787666245152,2.597451719630972,0.2829155659645465
0.023011460131207206,0.6625296715496508,0.8552984801168494,2.597913623212559,0.2828130406980506
0.022931772365495238,0.6616830062581782,0.8550825251240272,2.598372624509895,0.2827157357349217
0.022846581084492657,0.6607628342512551,0.8554048590806171,2.5988287670335612,0.28261880275687534
0.02275590673369775,0.6597697332126162,0.8537842306710733,2.599282085475391,0.2825259418213076
0.022659771074519407,0.6587043288476272,0.8540867447989869,2.5997327172374383,0.28243883338825093
0.02255819717905451,0.6575672950178116,0.8545707213278917,2.600180713106438,0.2823520271038891
0.022451209424550433,0.6563593538842667,0.8550551056751524,2.6006260764187945,0.28226490024311846
0.022338833487554468,0.6550812760596273,0.8531684585199492,2.6010688248029172,0.2821812737088754
0.022221096337752193,0.6537338807681526,0.8550245254294518,2.6015090860857684,0.2821020227627686
0.022098026231494466,0.6523180360134936,0.8568648781645141,2.601946854440999,0.282019784920681
0.021969652705016007,0.6508346587536046,0.8571597756759157,2.6023820824188033,0.28193599266468417
0.021836006567346817,0.6492847150822051,0.8574551085823845,2.6028147715673713,0.281852719446264
0.021697119892918594,0.6476692204161351,0.8579496420708079,2.6032449374100155,0.28176975258637593
0.021553026013866394,0.6459892396878476,0.8582426930568833,2.6036725848280113,0.2816868511076182
0.021403759512029632,0.6442458875421876,0.8585327041799995,2.6040977286286995,0.2816046705240148
0.02124935621065205,0.6424403285365258,0.8588191141753103,2.604520388018453,0.28152318929137693
0.02108985316578501,0.6405737773431979,0.8566365194822019,2.6049405997894755,0.2814460004322571
0.020925288657393556,0.6386474989530557,0.854209780270313,2.605358527042256,0.2813785206416795
0.02075570218016972,0.6366628088788497,0.8546996318243716,2.6057743487907943,0.2813168817365393
0.020581134434054068,0.6346210733569837,0.8520886404955799,2.6061881258049984,0.28125895310766197
0.020401627314467655,0.6325237095460426,0.8525712002113199,2.606599996889376,0.281206866398492
0.02021722390225756,0.630372185720323,0.8527664063851508,2.607010003971311,0.2811549406818861
0.020027968453357498,0.62816802145642,0.8540135665428312,2.607418157466878,0.28110293286520593
0.01983390638816669,0.6259127878107198,0.8544930103066322,2.6078244472099326,0.2810502479982761
0.019635084280649452,0.623608107485449,0.8517669071917789,2.6082288919452763,0.2810014421112841
0.019431549847156972,0.6212556549806799,0.8519342212841715,2.608631634486627,0.2809589947103057
0.01922335193497642,0.6188571567294954,0.849080181499387,2.6090327524047954,0.2809211415839538
0.019010540510607257,0.6164143912132121,0.8492261684136561,2.609432393966149,0.28088964734259403
0.018793166647769928,0.6139291890533012,0.8493697450412182,2.6098306173034245,0.2808590917077418
0.018571282515147863,0.6114034330763773,0.8495112131932187,2.6102274457348327,0.28082972215719776
0.018344941363867995,0.6088390583482882,0.8496487666021295,2.6106229048171667,0.28080133364899534
0.018114197514720043,0.6062380521730086,0.8497863453844046,2.611017016479913,0.2807739253095827
0.017879106345120254,0.6036024540517471,0.849920920585886,2.611409802558185,0.28074751048451346
0.017639724275820855,0.600934355597248,0.8500549189745196,2.611801288025471,0.28072228389704956
0.017396108757369362,0.5982359003979614,0.8509738452317734,2.6121914950950607,0.2806975419633162
0.017148318256320766,0.5955092838263262,0.8480175330031777,2.6125804452738004,0.2806765764191696
0.01689641224120595,0.5927567527850233,0.8481461802858469,2.6129682812974298,0.2806620105878837
0.016640451168259244,0.5899806053846711,0.8482745821931935,2.6133550612658594,0.28064843030446385
0.016380496466909658,0.5871831905459699,0.848403747486619,2.6137408087250997,0.2806360221238946
0.016116610525037593,0.5843669075189338,0.8488710299965974,2.6141255452208223,0.28062423105190826
0.01584885667400232,0.5815342053113968,0.8498186865136272,2.614509281171389,0.2806126761939363
0.015577299173442957,0.5786875820185541,0.8499516315404874,2.614892018348215,0.28060130284346496
0.015302003195856013,0.575829584044931,0.8500835869944628,2.6152737744804733,0.28059106811588774
0.015023034810954685,0.5729628052097264,0.8505542745069078,2.615654576361371,0.28058186404507535
0.014740460969812234,0.570089885726134,0.8506904991239481,2.6160344357627245,0.28057307611451426
0.014454349488794089,0.5672135110449045,0.8508260968616026,2.616413370284842,0.28056527305518963
0.014164769033282424,0.5643364105520638,0.850891246916137,2.6167914004365267,0.28055813392753487
0.01387178910119638,0.5614613561104947,0.8479599318566687,2.617168553734926,0.28055512693190165
0.013575480006313364,0.5585911604348311,0.848948731181628,2.61754497432537,0.2805580819154064
0.013275912861393785,0.5557286752890089,0.849093698724976,2.6179206992383697,0.28056107645854583
0.012973159561114464,0.5528767894957491,0.8492401728608061,2.618295744464832,0.28056518917255385
0.012667292764814214,0.5500384267472611,0.8493865103147537,2.6186701325938193,0.2805703217810153
0.012358385879055927,0.5472165432066286,0.8501651607131562,2.619043887151048,0.28057668030644106
0.012046513040009282,0.5444141248895676,0.8503402122194967,2.6194170339143947,0.2805841476783467
0.011731749095658722,0.541634184816647,0.850514037282273,2.61978959290888,0.2805924974291907
0.011414169587839858,0.5388797599266042,0.8510016477572908,2.6201615838740144,0.28060164680488214
0.011093850734110263,0.5361539077420888,0.8516903250729932,2.620533017769732,0.2806113665216631
0.01077086940945708,0.5334597027800451,0.8521781100917886,2.6209039153821334,0.28062198030388485
0.010445303127847921,0.5308002327000148,0.8523773804280629,2.621274287597469,0.2806331597026469
0.010117230023627658,0.5281785941849123,0.8525761914637272,2.62164415298145,0.28064528144123
0.009786728832766422,0.5255978885503013,0.8527733994702339,2.6220135292245117,0.28065816445932723
0.009453878873963532,0.5230612170799139,0.8530051015265732,2.62238243409341,0.28067183259266765
0.009118760029611433,0.520571676087075,0.8532047422142885,2.622750877591194,0.28068593667525704
0.008781452726624072,0.5181323517038388,0.8536961602850099,2.6231188751673793,0.28070067033171414
0.008442037917135036,0.5157463144020374,0.8547082679234504,2.6234864301323793,0.2807151361120808
0.00810059705906937,0.5134166132530181,0.8549034632021928,2.623853537658424,0.28072970569171035
0.00775721209659401,0.5111462699356513,0.8551511589622794,2.6242202121088454,0.2807449952268925
0.007411965440451628,0.5089382725051742,0.8553487868026477,2.624586459038414,0.28076023528252875
0.007064939948182469,0.5067955689385732,0.855545258053923,2.6249522803515815,0.2807758587139026
0.006716218904238894,0.5047210604754989,0.8560364608435354,2.62531769201957,0.28079220252255227
0.006365885999997492,0.5027175947770598,0.8564387648131854,2.6256827062723853,0.28080962835199547
0.006014025313673623,0.5007879589282899,0.856930095137752,2.6260473601933145,0.28082866580917953
0.005660721290143028,0.49893487231348144,0.8574207193505556,2.6264116672874684,0.2808478671209496
0.005306058720675415,0.4971609793969723,0.8576420991301,2.6267756340229838,0.2808676197449821
0.004950122722585016,0.4954688424452156,0.8551771695130993,2.6271392977364325,0.28089233984148826
0.004592998718802811,0.49386093422904753,0.8553747936133573,2.6275028203443083,0.28092423337263717
0.004234772417375438,0.4923396307478856,0.855573049231887,2.6278662661898573,0.2809573482554649
0.0038755297908956753,0.49090720402011534,0.8560669177067922,2.6282296560674743,0.2809910984492673
0.003515357055869445,0.4895658149860506,0.8533775324995624,2.6285930182787003,0.28102967831158737
0.003154340652024255,0.48831750657150536,0.8535680467236921,2.6289565245808366,0.28107595014119274
0.002792567221564134,0.48716419696119573,0.8507405944746215,2.6293202613008138,0.28112773724685225
0.0024301235883757346,0.48610767313177067,0.851250398416141,2.6296844048750576,0.2811869580472688
0.002067096737191238,0.48514958469422825,0.851443896131772,2.6300490078210896,0.28124675794825416
0.0017035737927123672,0.4842914380947787,0.8485667855668414,2.6304141102327283,0.28131214353171274
0.001339641998700805,0.4835345912218586,0.8457131496922387,2.6307799164840135,0.28139030885273447
0.00097538869704014,0.4828802484649086,0.8459324314801789,2.6311466589053576,0.28147665958452334
0.0006109013067743148,0.4823294562677642,0.8431976710779737,2.631514428513587,0.28156877506380834
0.00024626730312738256,0.4818830992160991,0.8406488356414469,2.6318834300693794,0.2816742427436925
-0.00011842580349009491,0.48154189669425024,0.8383552380629264,2.6322539707949137,0.2817957781417135
-0.00048309048848313565,0.48130640014213194,0.838627592417747,2.6326263028148786,0.2819256268969487
-0.0008476392340778012,0.4811769909377439,0.8366775944154858,2.6330005206531495,0.2820609004833595
-0.0012119845503250383,0.4811538789251752,0.8369465366751071,2.633376793138199,0.28220478562491225
-0.0015760389960979035,0.48123710160204575,0.8372962463813354,2.63375523301765,0.2823530684535307
-0.0019397152000769067,0.48142652397411245,0.8362017687350216,2.6341359321369526,0.28250750447914263
-0.002302925881718835,0.4817218390784212,0.8365657494256835,2.6345190272977224,0.2826674794630829
-0.0026655838722035694,0.48212256917003177,0.835811621979183,2.634904575628488,0.28283103619729877
-0.0030276021353542156,0.4826280675610429,0.8362692738073717,2.635292683704417,0.282999323570205
-0.003388893788525383,0.4832375210945791,0.8358244289901233,2.635683393275567,0.28317035126840856
-0.003749372123454573,0.4839499532306134,0.8359372675487289,2.6360768030669797,0.2833474926299624
-0.00410895062707177,0.48476422771512523,0.8366178076965295,2.636473008038432,0.28352782601411414
-0.004467543002262159,0.4856790527992,0.8368013759932549,2.6368720365056233,0.2837102015127973
-0.004825063188576999,0.48669298597034566,0.8372498698964235,2.6372739467488886,0.28389530922806916
-0.005181425382887733,0.487804439154579,0.837679938153934,2.637678764369435,0.28408224318007447
-0.005536544059978351,0.4890116843447813,0.8381473414625098,2.638086537603322,0.2842714529093237
-0.005890333993070975,0.4903128596084469,0.8386154776835035,2.638497278698646,0.284460931167577
-0.006242710274279936,0.4917059754262663,0.8390949406631729,2.638910989529093,0.28465081695012134
-0.006593588334989202,0.4931889213120077,0.8395757471186323,2.6393276707595494,0.28484105011078087
-0.006942883966148496,0.4947594726638348,0.8398259680629919,2.63974732300298,0.2850315192958712
-0.007290513338483024,0.49641529779752247,0.8404404487084596,2.640169949694943,0.2852231733494099
-0.007636393022612103,0.49815396511294757,0.8410741660854346,2.6405955865700728,0.2854173288411725
-0.007980440009071848,0.4999729503466925,0.8416423947660125,2.6410242745866106,0.2856136760004183
-0.008322571728237017,0.5018696438655316,0.8421383146582384,2.6414560454963265,0.2858112547694267
-0.008662706070137242,0.503841357957918,0.8428108397029046,2.6418909102203676,0.28601058377839167
-0.00900076140416325,0.5058853340833104,0.8434403217366775,2.6423289273302597,0.28621332552549084
-0.009336656598657577,0.5079987500421296,0.843355777509389,2.6427701502377143,0.28641961205881417
-0.009670311040385876,0.5101787270323399,0.8439491177922964,2.6432146374362446,0.28662764653187084
-0.01000164465388382,0.5124223365619702,0.8441256584693503,2.6436624129628887,0.28683813738040326
-0.010330577920674554,0.5147266071903075,0.8438225636173403,2.6441135369267155,0.28705264032923267
-0.010657031898353018,0.517088531073916,0.8442110282600567,2.6445680834149967,0.28727004877824036
-0.01098092823953163,0.5195050702970382,0.8433082413420874,2.645026086244094,0.28749120063874606
-0.01130218921064324,0.5219731629692679,0.8437200975019336,2.6454876630897446,0.28771774655172566
-0.011620737710596888,0.5244897290765745,0.8441223786361349,2.6459528479874708,0.2879446824838887
-0.011936497289281735,0.5270516760748258,0.8445149503008621,2.6464216419417648,0.28817202707040673
-0.012249392165914577,0.5296559042178403,0.8436347205185353,2.646894056114505,0.2884021665464567
-0.012559347247226967,0.5322993116146681,0.8421936037548137,2.6473701963456633,0.2886398617186688
-0.012866288145487228,0.5349787990132926,0.8424467430558747,2.6478502052225763,0.2888830311848672
-0.013170141196353222,0.5376912743101652,0.8426884917429533,2.6483341222668804,0.2891270906944714
-0.01347083347655116,0.5404336567870497,0.8429277856367584,2.648821957543193,0.2893720167744485
-0.013768292821377284,0.5432028810784106,0.8407664335332111,2.649313739642002,0.28962182359207367
-0.014062447842016702,0.5459959008741941,0.8409414976201627,2.649809621343986,0.28987868048985466
-0.014353227942676388,0.5488096923641689,0.8414570878670242,2.6503096514295827,0.2901359984475586
-0.014640563337528043,0.5516412574312114,0.8424811015277954,2.6508138201961953,0.29039294047063324
-0.014924385067456115,0.5544876266018022,0.8426338069499442,2.651322114113171,0.29065008812389126
-0.015204625016607898,0.557345861762852,0.8433312509717753,2.6518345397897747,0.29090788421813074
-0.015481215928740768,0.560213058654533,0.840604907774732,2.652351115493304,0.29117072885810064
-0.01575409142336351,0.5630863491492678,0.8415839662647279,2.6528720146128797,0.29144117962194566
-0.016023186011667183,0.5659629033273379,0.8384484302419114,2.6533973043885917,0.29171737892860716
-0.01628843511224243,0.5688399313597589,0.8385155515683095,2.6539271758809977,0.2920023310082777
-0.016549775066578294,0.5717146852091518,0.8385780876337623,2.654461697061722,0.2922887616737762
-0.01680714315434019,0.5745844601593111,0.8386367753015737,2.6550008872899484,0.2925765933643403
-0.01706047760842256,0.5774465961840684,0.8351189113673654,2.6555447918951733,0.29287133454706454
-0.017309717629772445,0.5802984791658672,0.8360564294704034,2.6560936218630418,0.2931752280637785
-0.017554803401981043,0.5831375419742357,0.8360898085017978,2.6566474266593314,0.29347942143907146
-0.017795676105639556,0.5859612654140387,0.8361202911652507,2.6572062164007533,0.29378502332023404
-0.01803227793245537,0.5887671790530732,0.8361468188969986,2.657770010484669,0.29409209560603905
-0.01826455209912572,0.5915528619381958,0.8361712511333839,2.658338826927814,0.29440050057645734
-0.018492442860965606,0.5943159432087949,0.8370565403799866,2.6589126783512227,0.2947094902735747
-0.018715895525286082,0.5970541026160155,0.8378888512239298,2.659491550593146,0.2950178275150908
-0.018934856464520387,0.5997650709557126,0.8341908997712879,2.660075453471862,0.29533216794887984
-0.01914927312909398,0.6024466304227201,0.8330524710047662,2.6606646147708677,0.29565937787913743
-0.0193590940600368,0.6050966148935653,0.8331096454517011,2.661259200517758,0.2959916076976749
-0.019564268901332574,0.6077129101443687,0.8331680761465861,2.661859247547813,0.29632500010327095
-0.019764748412004252,0.6102934540102349,0.8316991982810814,2.6624647852281855,0.2966627904036615
-0.019960484477931546,0.612836236492065,0.8317926036460022,2.663075936694479,0.2970064615717152
-0.02015143012339826,0.6153392998162875,0.8326675866334748,2.6636927410256277,0.29735053186793264
-0.0203375395223661,0.6178007384526697,0.8327634602050517,2.6643151853992846,0.29769473557071713
-0.020518768009472606,0.6202186990949766,0.833233180502386,2.664943270633671,0.29803935178379837
-0.020695072090750784,0.6225913806089144,0.8319507599482868,2.6655770008180126,0.2983872216784069
-0.0208664094540675,0.6249170339514464,0.8292250982066769,2.66621651007804,0.29874546145617836
-0.021032738979278008,0.6271939620652653,0.8283713360863205,2.66686201697509,0.2991143235199161
-0.021194020748094636,0.6294205197519082,0.8285766455824863,2.6675136618766278,0.29948767603299503
-0.02135021605366699,0.6315951135267037,0.8287873755989217,2.6681714713304796,0.2998617707660109
-0.021501287409871696,0.6337162014584996,0.8290027603444076,2.6688354486695314,0.3002365928501708
-0.02164719856030828,0.6357822929968394,0.8270751730881256,2.669505610320126,0.30061519324324587
-0.021787914487000952,0.6377919487890519,0.8273212601327042,2.6701820651881345,0.3009989530768587
-0.02192340141880302,0.6397437804894931,0.8277996782914588,2.670864837961149,0.30138275698397005
-0.02205362683950102,0.6416364505629563,0.8285126838161062,2.6715539099064194,0.30176614842264077
-0.02217855949561916,0.6434686720841153,0.8291946361675897,2.6722492674617073,0.3021495942912952
-0.022298169403919682,0.645239208534668,0.8294407722618878,2.6729508910826607,0.3025327073694025
-0.02241242785859875,0.6469468735996826,0.8296923112857729,2.6736587726898255,0.30291633585046734
-0.022521307438175674,0.6485905309645277,0.827487026139286,2.674372925052414,0.30330357574797995
-0.022624782012073973,0.6501690941136019,0.8259201029300991,2.675093473521006,0.30369956269302795
-0.022722826746892733,0.651681526131971,0.8264013618153614,2.6758205654783263,0.30410072650403464
-0.022815418112366148,0.6531268395109026,0.8267343685013887,2.676554214119347,0.3045014459919785
-0.022902533887010863,0.6545040959581859,0.8255570310503504,2.6772944186569685,0.3049052335763259
-0.022984153163459344,0.6558124062140166,0.8247630206112938,2.6780412852118056,0.3053160206556896
-0.023060256353476926,0.6570509298731626,0.8253633960550215,2.6787949130985824,0.3057300622818334
-0.02313082519266323,0.6582188752140231,0.8258118650377494,2.679555300112175,0.306143421680222
-0.02319584274483574,0.6593154990351434,0.8262663078498818,2.680322422283636,0.30655633373757957
-0.02325529340609393,0.6603401064996682,0.8259562783837513,2.681096267927795,0.3069707991661011
-0.023309162908564607,0.6612920509881602,0.8260356240318635,2.681876889350785,0.30738905485898776
-0.023357438323825645,0.6621707339601736,0.8264919412937433,2.6826643336263922,0.3078095819642698
-0.023400108066009066,0.6629756048248997,0.8273078870030162,2.6834586164587617,0.30823079914233353
-0.02343716189458166,0.6637061608211764,0.8284246087991153,2.6842597243228794,0.30865139137078945
-0.02346859091680251,0.664361946907115,0.8290191687656852,2.6850676217795857,0.3090707494965792
-0.02349438758985703,0.6649425556595607,0.8303606490630908,2.685882270388848,0.3094884434302214
-0.023514545722667556,0.6654476271835593,0.8318618351761476,2.6867036089813108,0.30990318122276067
-0.02352906047737899,0.6658768490320051,0.8322645896366443,2.687531563982328,0.310315537177346
-0.023537928370519805,0.666229956135589,0.8338227729001789,2.6883660892576113,0.31072586918331113
-0.023541147273838336,0.6665067307431676,0.8353769275039308,2.6892071063023972,0.3111322654683027
-0.023538716414813053,0.6667070023726336,0.8368580572656995,2.690054524287101,0.3115348295277267
-0.023530636376838686,0.6668306477723668,0.8382057918421614,2.6909082552582952,0.31193370861927994
-0.023516909099085406,0.6668775908933214,0.8358669203919072,2.6917682296899916,0.31233217896304366
-0.02349753787603405,0.6668478028717777,0.8363891143547528,2.6926344803266216,0.3127327953002678
-0.02347252735668515,0.666741302022798,0.8368128800505771,2.6935069911208394,0.31313158576376293
-0.0234418835434432,0.6665581538443767,0.8373411986839875,2.694385681920574,0.3135263556703731
-0.023405613790676467,0.6662984710322988,0.8378665382191636,2.6952704877401086,0.3139194436560908
-0.023363726802951415,0.6659624135056715,0.8353957434075153,2.6961613747954805,0.3143130908058255
-0.023316232632944005,0.6655501884430994,0.8359031855300314,2.697058371097816,0.3147081461130259
-0.023263142679027092,0.6650620503294526,0.836323821822953,2.6979614552864692,0.3151019770767401
-0.023204469682534742,0.6644983010131587,0.836827851270385,2.6988705921768386,0.3154945467035105
-0.02314022772470457,0.6638592897739296,0.837340559132044,2.6997857414542996,0.3158856675700673
-0.023070432223297917,0.6631454134008294,0.8348701441183168,2.700706871851398,0.3162771036921831
-0.022995099928900288,0.6623571162805337,0.8353597880637927,2.7016340009660462,0.3166694925447759
-0.022914248920900653,0.6614948904956542,0.8358614075588411,2.702567100375413,0.31706018239617845
-0.02282789860315277,0.6605592759329296,0.8363614595259098,2.703506125756149,0.31744932541324633
-0.022736069699318438,0.6595508604010852,0.8368568180102526,2.7044510343062678,0.3178368800307409
-0.022638784247893753,0.6584702797581151,0.8373506048148739,2.705401782632519,0.31822285510287424
-0.022536065596920143,0.6573182180477125,0.8349051363833155,2.7063583325748697,0.3186083435130631
-0.022427938398380767,0.6560954076445207,0.835830640015826,2.7073206746934457,0.3189929157060813
-0.022314428602284164,0.6548026294078446,0.8365417536333203,2.7082887370923134,0.3193735506257679
-0.022195563450436537,0.6534407128434052,0.8370228107635429,2.709262435078309,0.31975072731284787
-0.02207137146990389,0.6520105362726544,0.8375119951593337,2.7102416958751254,0.3201254526085277
-0.02194188246616527,0.6505130270091225,0.8377565225102586,2.7112264686050542,0.32049810432081977
-0.021807127515960048,0.6489491615411872,0.8377478337271286,2.7122166932322194,0.3208683170964378
-0.0216671389598294,0.6473199657205704,0.837490817479508,2.7132123188526758,0.3212369103172053
-0.02152195039435484,0.6456265149558142,0.8370062013934225,2.7142133078953314,0.32160443972939023
-0.02137159666409513,0.6438699344098501,0.8375000757217999,2.7152196308494885,0.32197080628819036
-0.021216113853223847,0.6420513992007084,0.8367954094473871,2.716231249189758,0.3223360859390116
-0.021055539276869293,0.6401721346042961,0.8359206366537665,2.7172481420771737,0.32270113830211183
-0.0208899114721589,0.6382334162580222,0.8349171158001382,2.71827029573344,0.32306606823497613
-0.020719270188970913,0.6362365703639681,0.8351970485134258,2.7192976951010457,0.3234304005875615
-0.020543656380393936,0.6341829738900955,0.8356460449869739,2.7203303061619084,0.3237932052497213
-0.020363112192899307,0.6320740547678709,0.8335145377002453,2.7213680791649777,0.3241528668035204
-0.02017768095622521,0.6299112920845055,0.8337625208861781,2.7224109181001026,0.324508688918015
-0.019987407172978384,0.6276962162678041,0.8340172891064751,2.7234587686593255,0.3248630867474524
-0.019792336507953506,0.6254304092614454,0.8342702084261343,2.7245115927918033,0.32521615274919236
-0.019592515777173712,0.62311550468829,0.8345237861987594,2.725569355395373,0.3255679568040686
-0.01938799293665532,0.6207531879990793,0.8347766504345743,2.726632019319508,0.3259183321926286
-0.019178817070898215,0.6183451966036504,0.8350291072979071,2.727699545787821,0.32626722523127033
-0.018965038381106213,0.615893319981533,0.8352816064455351,2.72877189629735,0.3266147315732747
-0.01874670817313858,0.6133993997685033,0.8355341391957605,2.7298490316727984,0.32696060434097735
-0.018523878845197256,0.6108653298153834,0.8358881011230899,2.7309309088205307,0.3273048023698199
-0.018296603875251262,0.6082930562150772,0.83614115713729,2.7320174836269135,0.32764725808255
-0.018064937808202522,0.60568457729346,0.8363941213759264,2.7331087148202724,0.3279882282613573
-0.017828936242794923,0.6030419435594552,0.8366478001163059,2.7342045629555236,0.32832767375221994
-0.01758865581827151,0.6003672576092147,0.8369019273646913,2.7353049897119797,0.32866571699529873
-0.017344154200780663,0.597662673978988,0.8376396891461951,2.736409957397734,0.32900229165552086
-0.01709549006953689,0.5949303989408278,0.8378917347073794,2.737519426633967,0.3293373334994053
-0.01684272310273816,0.5921726902349435,0.8365406060094875,2.7386333573769375,0.3296707547647667
-0.01658591396324308,0.5893918567320359,0.8368494609563765,2.739751708012027,0.3300025323393801
-0.016325124284012543,0.5865902580185759,0.8371257944792259,2.740874435005271,0.33033251144229236
-0.016060416653317495,0.5837703038975477,0.8357225968435783,2.7420014948589033,0.3306607124552326
-0.015791854599718887,0.5809344537967683,0.8359824098043325,2.7431328406952233,0.3309870622764813
-0.015519502576820306,0.5780852160764548,0.8345410428340863,2.7442684294266972,0.33131146770541375
-0.015243425947799904,0.5752251472273409,0.8330789408561907,2.7454082016515744,0.331632763952289
-0.014963690969723506,0.5723568509502209,0.8335892862027979,2.7465520832938077,0.3319511786692488
-0.01468036477764295,0.569482977107436,0.8321302958643457,2.7477000196127648,0.33226690265414505
-0.014393515368484442,0.5666062205365004,0.8324877756427665,2.7488519311622017,0.33257903137608036
-0.014103211584729125,0.563729319715734,0.8310323940482177,2.750007746314309,0.3328875186451707
-0.013809523097891697,0.5608550552715426,0.8312745252254232,2.751167370991184,0.33319218693703184
-0.013512520391799199,0.5579862483167743,0.8297837819155484,2.7523307387829496,0.33349334801024927
-0.013212274745675424,0.555125758609467,0.8282592323144263,2.7534977417132867,0.3337887239299085
-0.012908858217034169,0.5522764825212623,0.8286212656623385,2.7546682612184386,0.3340794069141215
-0.012602343624385903,0.5494413508048066,0.829170164535835,2.7558422247959617,0.3343677427935059
-0.01229280452976153,0.5466233261496234,0.8295352809490235,2.7570195832858917,0.334653867547812
-0.011980315221057854,0.5438254005162304,0.8298908319762138,2.7582002785230357,0.3349372262515833
-0.011664950694209057,0.5410505922387019,0.8282708375255353,2.7593842425040602,0.3352164591487789
-0.011346786635187655,0.5383019428864184,0.8284008996013249,2.760571363809701,0.33549099021785345
-0.01102589940184062,0.535582513876531,0.8289379152273496,2.761761579658,0.3357636214590697
-0.010702366005563674,0.5328953828295475,0.8292776420118092,2.7629548430407107,0.3360339524317055
-0.010376264092818832,0.5302436396615751,0.8297052051904229,2.7641510984756406,0.3363019396581412
-0.010047671926499887,0.5276303824080668,0.8300247647278464,2.765350298596415,0.33656783379065985
-0.009716668367149352,0.5250587127754474,0.830134095915551,2.7665523889766197,0.33683119356255403
-0.009383332854032646,0.5225317314187371,0.8282845154486427,2.7677573111272835,0.3370909176004513
-0.009047745386072848,0.5200525329452793,0.8263322254969416,2.768964955193014,0.33734472044311575
-0.008709986502651371,0.5176242006468592,0.824890010202568,2.7701751819583,0.33758900517032175
-0.00837013726427895,0.515249800964941,0.8251328513948543,2.7713877426555134,0.3378230605286807
-0.00802827923314137,0.5129323776963826,0.8253710900644784,2.772602533855146,0.3380547488849396
-0.007684494453525245,0.5106749459498096,0.8230969496290397,2.7738194981312523,0.33828305805550757
-0.007338865432127367,0.508480485865881,0.8233174335436084,2.7750385479738444,0.33850739603853125
-0.006991475118253819,0.5063519361178234,0.8228649941786582,2.776259586083129,0.3387225396963227
-0.006642406883912369,0.5042921872119239,0.8230585187874959,2.7774823246683353,0.33892520703876805
-0.006291744503803664,0.5023040746110778,0.8232490571940293,2.7787066463442125,0.33912551306205024
-0.0059395721352157056,0.500390371707865,0.8234369053200508,2.779932497547796,0.33932323569895617
-0.0055859742978264584,0.4985537826771098,0.8238133294956411,2.781159789917287,0.3395112028650169
-0.005231035853419524,0.49679693524118285,0.8239733873383611,2.7823882130789253,0.33968563615624514
-0.004874841985517806,0.49512237338455445,0.8241286662017501,2.7836176455545827,0.3398579623939568
-0.004517478178939877,0.4935325500571217,0.8242847480654591,2.784848043084698,0.34002811779546344
-0.00415903019928378,0.49202981990862005,0.8244379851317338,2.7860793617621282,0.3401962716786202
-0.0037995840723440795,0.4906164320988426,0.8245823019756214,2.7873115583493977,0.3403622078865677
-0.0034392260634658134,0.4892945232304528,0.8247289184556895,2.788544585459671,0.340525845338312
-0.003078042656841334,0.48806611045271653,0.8248750435366463,2.789778395984187,0.3406872720949182
-0.0027161205347544853,0.4869330847855535,0.821850455712555,2.791012943962027,0.34084622409126997
-0.002353546556777244,0.4858972047137348,0.821985428298789,2.7922481723461936,0.341002508088757
-0.001990407738923944,0.48496009010090585,0.8190549070201282,2.7934840330912585,0.34115637585235165
-0.0016267912327677042,0.484123216472265,0.8163077787444217,2.794720468374311,0.34130723529206225
-0.0012627843045245853,0.4833879097132122,0.8138311080831598,2.7959574200223343,0.3414553412781858
-0.0008984743141100342,0.48275534122905983,0.8117008560714012,2.7971948290866346,0.34160027867828224
-0.0005339486941730485,0.48222652360799156,0.8119119197684381,2.7984326304292755,0.3417423650499429
-0.0001692949291125909,0.4818023068258848,0.8128487327104763,2.799670746764951,0.3418746805127838
0.00019539946591817193,0.4814833750274089,0.813984864970041,2.8009087583552623,0.341979790434049
0.0005600469660149841,0.4812702439130368,0.811434511959982,2.802146198600554,0.34206960772386186
0.0009245600575282107,0.4811632587563338,0.8093018097696401,2.8033829440974674,0.34215764719363934
0.0012888512590656313,0.4811625930701952,0.8076303452505197,2.8046189578178162,0.3422435689766201
0.0016528331424875554,0.4812682479346688,0.8064415567447534,2.8058541900337293,0.34232641629303945
0.0020164183538890984,0.48148005199276867,0.8069171021034927,2.807088576899623,0.3424064620885019
0.002379519634564841,0.4817976621143127,0.8071664343877404,2.808322081749636,0.34248494609441427
0.002742049841950374,0.4822205647214713,0.8075071725751134,2.8095546688441684,0.3425611951513122
0.0031039219705361423,0.4827480777634555,0.8073798031332928,2.810786297254701,0.3426356244986053
0.0034650491727483295,0.48337935332175624,0.8067597484471688,2.812016928294857,0.3427070382273151
0.003825344779791882,0.4841133808216288,0.8071483441824026,2.8132464845249827,0.342774687804525
0.004184722322450608,0.48494899082026666,0.8094692080371891,2.814474867244099,0.3428308654300761
0.0045430955518393585,0.4858848593372825,0.808890316604335,2.815701707022746,0.342869940167226
0.00490037846010332,0.4869195126889552,0.8086325634256829,2.8169268230495215,0.34290363676493296
0.005256485301059547,0.48805133278408097,0.808641502709704,2.8181501088770506,0.34293154826632477
0.005611330610775582,0.489278562836378,0.8091021272156566,2.819371451924735,0.3429546787423334
0.00596482922808044,0.490599313446144,0.8095906298493102,2.8205907939615726,0.3429755110545058
0.006316896315002799,0.492011569002364,0.8100805436572731,2.8218080930759393,0.3429940214301969
0.006667447377131824,0.49351319435558444,0.8105717093026158,2.823023306718053,0.3430102439340579
0.007016398283895293,0.4951019417117286,0.8110340239723619,2.824236393008156,0.3430241436009117
0.007363665288750616,0.4967754576974485,0.8112655084688284,2.8254473017064656,0.343033832327345
0.007709165049283569,0.4985312905486586,0.8117303986889973,2.8266559216958007,0.3430382618956561
0.00805281464721012,0.5003668973754642,0.8119744625089773,2.8278621823878,0.3430383295620359
0.00839453160827631,0.5022796514587038,0.8144398444386903,2.8290659256404123,0.34302425267234676
0.008734233922051835,0.5042668495357927,0.8149026988498267,2.830266787214036,0.34299496667075946
0.00907184006161198,0.5063257190362849,0.8154349017740871,2.831464645122909,0.3429638915076216
0.00940726900310385,0.5084534252306232,0.8158912818262568,2.83265947196966,0.3429305722893825
0.009740440245191634,0.5106470782587539,0.8191594358241183,2.833851154849707,0.34288416120438103
0.010071273828376462,0.5129037400086467,0.8195861560675665,2.8350393330831363,0.3428225268693031
0.010399690354186487,0.5152204308181563,0.8201181112174264,2.8362238871194934,0.3427590927451324
0.010725611004231934,0.5175941359771253,0.8195598661623525,2.8374047808591025,0.34269217236524874
0.011048957559121293,0.5200218120099788,0.8187818480774333,2.8385819196413613,0.34261956277038197
0.011369652417233542,0.5225003927223915,0.8191419425838337,2.8397552112547295,0.342543160633965
0.011687618613342091,0.5250267949987647,0.8181037741168752,2.8409246083543387,0.342463919949415
0.012002779837086199,0.5275979243402895,0.8168501370758794,2.84209004579747,0.342380858812994
0.012315060451284974,0.5302106801362043,0.8210939507075307,2.843251423981617,0.34228679726163275
0.012624385510090054,0.532861960663484,0.8213779797017795,2.84440841999278,0.3421786506723489
0.012930680776972124,0.5355486678126538,0.8216573691513076,2.8455609261615726,0.3420687987704603
0.01323387274253742,0.5382677115395803,0.8219329890978664,2.846708919751054,0.34195749988593027
0.013533888642169561,0.5410160140451203,0.822203689479471,2.8478523827211526,0.3418448614127491
0.013830656473492775,0.5437905136862053,0.8224696848456031,2.8489912976133596,0.34173095101191975
0.014124105013652145,0.5465881686235129,0.8227314599639611,2.8501256508630712,0.3416160422125611
0.014414163836406561,0.5494059602121797,0.8229885516535335,2.851255429429464,0.3414998451863357
0.014700763329030949,0.5522408961431169,0.8232428020454782,2.8523806160616116,0.3413824057675347
0.014983834709022812,0.5550900133434076,0.8234924518537565,2.853501197979532,0.3412639454106162
0.015263310040609726,0.5579503806450308,0.823739078549929,2.8546171634985926,0.3411444143892192
0.015539122251053682,0.5608191012317029,0.8239790288484364,2.8557284988611507,0.3410236256737952
0.015811205146748046,0.5636933148740552,0.8242160269249482,2.856835188691563,0.3409016869661529
0.016079493429104027,0.5665701999636773,0.824448646523127,2.8579372166671737,0.3407782095191062
0.01634392271022161,0.5694469753566836,0.8249263893747529,2.8590345591598965,0.34065314357145693
0.016604429528342624,0.5723209020375358,0.8251534822258455,2.860127197634766,0.34052683963825264
0.016860951363081248,0.575189284613817,0.8253808830243095,2.8612151186967636,0.3403994931911414
0.017113426650428486,0.5780494726525132,0.8256012474456139,2.862298312769753,0.3402712551862222
0.017361794797527287,0.5808988618681815,0.8258181505122886,2.8633767709336544,0.34014206777376527
0.017605996197214615,0.5837348951731212,0.8236995307742043,2.864450487218467,0.3400126721170011
0.01784597224232673,0.5865550635993764,0.8284625903678574,2.865519442378244,0.33987630181102624
0.01808166533976475,0.5893569071020532,0.8289356440480803,2.8665833870273234,0.3397284123111772
0.018313018924316637,0.5921380152530583,0.8291150654885486,2.8676422422226437,0.33957972642021966
0.018539977472232582,0.594896027833993,0.8292929308215091,2.8686960055963246,0.33943050968600874
0.01876248651455064,0.5976286353365189,0.82945418049349,2.869744678153519,0.3392808983878903
0.018980492650168743,0.6003335793780874,0.8296291310810202,2.8707882626134675,0.33913092040737464
0.019193943558660716,0.6030086530405244,0.8270538681048516,2.8718267681693392,0.33898210873757445
0.019402788012833176,0.605651701138519,0.8272317161946982,2.87286025857131,0.3388356837002854
0.019606975891019698,0.6082606204246608,0.827410031322095,2.8738887534065625,0.33868876024466454
0.019806458189109522,0.6108333597372577,0.8275889757790492,2.8749122541514813,0.33854148319577204
0.020001187032308743,0.6133679200967581,0.8277690488197835,2.8759307617368552,0.33839365437581687
0.020191115686629704,0.6158623547562235,0.8279502531658549,2.8769442770030493,0.3382454143808633
0.020376198570107095,0.6183147692109112,0.8281324355081403,2.877952799629663,0.33809662383442307
0.02055639126373729,0.6207233211716727,0.8286139384153498,2.878956330098194,0.3379472977678152
0.02073165052213882,0.6230862205065177,0.8287962972275891,2.879954862845082,0.33779718261467556
0.020901934283930747,0.6254017291543906,0.8289793888240573,2.8809483982158253,0.33764673884030477
0.02106720168182792,0.6276681610148502,0.8291635560209318,2.8819369381045155,0.33749585963698375
0.02122741305244801,0.6298838818170899,0.8264996707451907,2.882920495333533,0.3373467478356197
0.02138252994583115,0.6320473089714472,0.82383897274999,2.883899158990465,0.3372028090093408
0.02153251513466749,0.6341569114062542,0.8212961900630029,2.8848730464693553,0.33706436606711887
0.021677332623231682,0.6362112093926977,0.8215324522644376,2.8858422641523336,0.33692902504162964
0.021816947656021587,0.6382087743600678,0.8217696112687607,2.886806840239034,0.33679359627954775
0.021951326726099694,0.640148228703609,0.8220081813091672,2.8877667815482124,0.33665797498778016
0.022080437583133987,0.6420282455869456,0.8224973952241816,2.8887220923538868,0.3365222693089932
0.022204249241138674,0.643847548740902,0.8227354299017171,2.8896727945400356,0.3363874986705103
0.022322731985910123,0.6456049122603637,0.820496434887627,2.8906189122813624,0.3362545474248265
0.02243585738215834,0.6472991604006301,0.8185407601314343,2.8915605318353803,0.3361263395709091
0.02254359828033119,0.648929167374634,0.8180925092527624,2.8924977440318846,0.3360007724875474
0.02264592882313034,0.6504938571521911,0.8175937777465521,2.8934305726678993,0.3358750324883715
0.022742824451716773,0.6519922032623846,0.8170462584990874,2.894359026758305,0.33574948938627136
0.022834261911604762,0.6534232286000394,0.8175198375308231,2.8952831176819,0.33562377310123587
0.022920219258242665,0.6547860052371507,0.8179655126715245,2.8962028445229198,0.3354974652152854
0.02300067586228009,0.6560796542400427,0.8182544448171621,2.8971182028792493,0.33537054836972
0.02307561241451821,0.6573033454929363,0.818711286138333,2.8980291946396353,0.3352433321852549
0.023145010930544146,0.6584562975285416,0.825696471915844,2.898935798847203,0.3351118539163379
0.023208854755047307,0.659537777366206,0.8261166931282375,2.899837890607731,0.33497469272458874
0.023267128565816163,0.6605471003581023,0.8263815707052177,2.9007354368192604,0.33483731301867664
0.02331981837741593,0.6614836300438647,0.8266474926941162,2.901628442691069,0.33469972166604534
0.023366911544544608,0.6623467780140485,0.826915098553109,2.902516913905681,0.3345620248309132
0.02340839676506839,0.663136003782732,0.8252381718649988,2.9034008696629514,0.33442644218248513
0.023444264082733313,0.6638508146695385,0.823789673207317,2.9042804027414166,0.3342960122663325
0.023474504889555315,0.664490765691315,0.8226032066067256,2.9051556206725193,0.33417034027908077
0.023499111927885938,0.665055459463698,0.8230992921170206,2.906026615120735,0.33404729606084405
0.02351807929215413,0.6655445461127112,0.8260577256653651,2.906893401072808,0.3339226743696078
0.02353140243028349,0.6659577231965781,0.8264047891603613,2.907755937352747,0.33379594931785866
0.023539078144784786,0.6662947356378643,0.825555073249962,2.9086142255958167,0.33367065648480665
0.023541104593523487,0.6665553756660538,0.8273932313964173,2.90946831749141,0.33354609444451655
0.023537481290161564,0.6667394827706472,0.8277690097705331,2.910318184731292,0.333419325365866
0.023528209104274448,0.6668469436648535,0.8281457444430367,2.9111638208296275,0.3332924746575692
0.023513290261142104,0.6668776922599267,0.8274539551141663,2.9120052376279526,0.3331668718744678
0.023492728341215543,0.6668317096501736,0.8293465415618543,2.9128424841565588,0.33304176637274174
0.02346652827925669,0.666709024108668,0.8312335173383046,2.9136755108070895,0.3329117589918162
0.02343469636315461,0.6665097110936634,0.8316052725939235,2.914504239979799,0.33277916319403106
0.02339724023241637,0.6662338932657035,0.833452631973583,2.915328656363023,0.33264508251829256
0.023354168876333705,0.6658817405154026,0.832666290407355,2.9161487256619982,0.33251045764270704
0.02330549263182515,0.6654534700018677,0.8329996113490761,2.916964501531525,0.332378563694651
0.023251223180955828,0.6649493462016873,0.8318779160708782,2.917776026131553,0.33224907730476727
0.023191373548133432,0.6643696809684366,0.8322978089777069,2.918583386630496,0.3321229300449128
0.02312595809698255,0.6637148336025995,0.833909171287747,2.9193866073778,0.3319955518982756
0.02305499252689739,0.66298521093179,0.8341974471118937,2.9201856555780545,0.33186660506329496
0.022978493869274287,0.6621812674011613,0.8344788750698102,2.9209805348030855,0.33173804041106786
0.02289648048342362,0.6613035051738174,0.8348997790600935,2.921771261444046,0.33160981665427064
0.022808972052164582,0.6603524742410726,0.8333582978390713,2.922557859185522,0.33148431719919064
0.02271598957710037,0.6593287725423139,0.8335780072313055,2.9233404376564316,0.3313635221533434
0.02261755537357885,0.6582330460942423,0.8315705529220045,2.9241190624202416,0.331246638650855
0.022513693065336286,0.6570659891291928,0.8317321426632956,2.924893866314481,0.3311352294507718
0.022404427578828143,0.655828344242203,0.8318909490408605,2.925664906299263,0.3310248451673184
0.02228978513724659,0.6545209025464583,0.8325529711007876,2.92643220779396,0.3309149862759745
0.02216979325422743,0.6531445038366838,0.8327063344159827,2.927195781735241,0.3308053483468188
0.022044480727246518,0.6517000367599904,0.8328539567283842,2.927955646927056,0.3306964890189317
0.02191387763070882,0.6501884389936315,0.8342819725933946,2.928711822281187,0.3305873612645254
0.02177801530873061,0.6486106974290395,0.8347067076024431,2.92946428935347,0.33047693564518227
0.021636926367616997,0.6469678483614433,0.8348633637190843,2.9302130477422135,0.3303667941371455
0.021490644668036483,0.6452609776842785,0.8362072068449327,2.9309581120996517,0.33025634690660993
0.021339205316894996,0.6434912210875062,0.8375697477469997,2.9316994613857448,0.33014390001747546
0.021182644658909767,0.6416597642588565,0.8382570146303482,2.9324370658021803,0.33003017750150604
0.021021000267887162,0.6397678430868822,0.8359020927732509,2.933170944464072,0.32992048166635707
0.02085431093770512,0.6378167438646076,0.8330972979583959,2.93390126680389,0.3298212192937382
0.020682616673002738,0.6358078034924127,0.8299567880296647,2.934628261157589,0.32973357317136875
0.020505958679579387,0.6337424096786266,0.8312190285154254,2.9353521472418715,0.3296527427783177
0.020324379354505605,0.6316220011361716,0.8324874110001304,2.9360729569827906,0.32957039957709794
0.02013792227594764,0.6294480677734146,0.833637698808039,2.936790667834657,0.3294868096037591
0.019946632192709368,0.627222150877185,0.8337283663696541,2.9375052684824534,0.3294030541549515
0.0197505550134926,0.6249458432857412,0.8338154246797647,2.938216779796408,0.3293204846536185
0.019549737795879037,0.6226207895492121,0.8338987425912391,2.9389252327093573,0.32923921914682036
0.019344228735037047,0.6202486860748633,0.834337193009729,2.9396306573664956,0.3291588374445527
0.019134077152154674,0.6178312812542265,0.8344188442854497,2.94033307165422,0.3290791677809731
0.018919333482603013,0.615370375568914,0.8344969798949949,2.9410325025861748,0.3290007079897742
0.01870004926383212,0.6128678216716388,0.8349377625388019,2.941728979007136,0.3289229635200202
0.018476277123001653,0.6103255244386523,0.8350124890725223,2.9424225099228574,0.3288454883099597
0.018248070764351476,0.6077454409895242,0.8350840302969629,2.9431131208153865,0.3287693973507145
0.018015484956312024,0.605129580669824,0.8355267315920911,2.9438008431984595,0.3286941717874695
0.017778575518361008,0.6024800049919405,0.8355969136770395,2.944485688692165,0.32861922789977205
0.017537399307626135,0.5997988275289029,0.8356623864092884,2.945167682728479,0.3285457561372506
0.017292014205240444,0.5970882137556741,0.8361077162045798,2.945846858841097,0.3284733355894435
0.017042479102450443,0.5943503808320272,0.8361713662085872,2.9465232376017796,0.3284017723606125
0.016788853886483143,0.59158759732068,0.8369557396909724,2.947196846529348,0.32833110604163684
0.01653119942617281,0.5888021828339671,0.8374045333153258,2.9478677006628082,0.3282607310814953
0.016269577557353147,0.5859965076019165,0.8342704725870862,2.9485358336908467,0.32819543038675264
0.016004051068016955,0.5831729919541541,0.8350347998721668,2.9492014267992617,0.3281374635595394
0.015734683683246938,0.580334105707661,0.8316929022990077,2.9498645572517437,0.32808477116244034
0.015461540049922498,0.5774823674519863,0.8317436271590323,2.9505254194602375,0.32804067909579065
0.01518468572120454,0.5746203437231043,0.8321950338520098,2.9511840916442083,0.3279972813313434
0.014904187140802907,0.5717506480567259,0.832646915411373,2.9518405741166953,0.3279533891307892
0.014620111627030532,0.5688759399115234,0.8326989659676931,2.952494872298244,0.3279101834430055
0.014332527356647059,0.5659989234523685,0.8292876878066483,2.9531470384011915,0.32787324322217215
0.014041503348496907,0.563122346183414,0.829275201536866,2.9537972723403247,0.32784455513843985
0.01374710944694508,0.5602489974206013,0.8292090825961118,2.954445636849771,0.32781616522130663
