x_mean,x_rms,order_parameter,residue_mean,mismatch_mean
-0.009763459981777058,0.49085534866202174,0.03441049717751197,1.0236775083191202e-05,0.0010243866229732003
-0.009570349650717878,0.4914648376676423,0.034616317711487404,4.0921450014632915e-05,0.0020488827739287554
-0.009374942481682037,0.4921583103615534,0.0348235216074452,9.20153640462152e-05,0.0030734896617511027
-0.009177285371452166,0.4929347481301235,0.035030557777203215,0.00016347996319795126,0.0040982071110830355
-0.008977425756785954,0.49379301617379406,0.03523954535777494,0.0002552767370198318,0.005123034420240059
-0.008775411603031455,0.4947318670197619,0.03545003305184887,0.0003673672764052188,0.006147972817068886
-0.008571291392615973,0.49574994432636793,0.035665413923268656,0.0004997132299687556,0.007173020445130642
-0.008365114113410146,0.4968457869521442,0.035885605745505755,0.0006522763353667058,0.00819818004625822
-0.008156929246971307,0.498017833261347,0.03610823185500404,0.0008250184790798874,0.009223456395927906
-0.007946786756667998,0.49926442563701146,0.03633289160379467,0.001017901717365136,0.01024885235314138
-0.007734737075689288,0.5005838151721188,0.036452022646019024,0.0012308880528005054,0.011274342207236838
-0.007520831094940653,0.5019741665093559,0.03671587079164062,0.001463938816257144,0.012299910355015051
-0.007305120150830721,0.5034335628001507,0.03698186272315743,0.0017170160065183822,0.013325599357191952
-0.007087656012950597,0.5049600107541709,0.03722025466483329,0.001990081967925533,0.014351402609865296
-0.006868490871649515,0.5065514457512469,0.03746038831384625,0.0022830991279840242,0.015377329124124354
-0.006647677325509359,0.5082057369886878,0.03773716400806164,0.0025960300957383543,0.016403377108542602
-0.006425268368721284,0.5099206926382034,0.03798853594693247,0.0029288374542158387,0.017429544824016974
-0.006201317378367213,0.5116940649880518,0.038241842183768235,0.003281483956378499,0.01845583739158593
-0.0059758781016099214,0.5135235555475876,0.03838057744511347,0.0036539323397253138,0.019482232278136783
-0.005749004642793668,0.515406820093089,0.038646498423799074,0.004046144835949714,0.020508726471092333
-0.005520751450459487,0.5173414736354903,0.03890779831669165,0.004458084394962361,0.02153535749064806
-0.005291173304277931,0.5193250952924897,0.05422555796471277,0.004889738888694646,0.022566997067829664
-0.0050603253019020225,0.521355233049354,0.05462641333023416,0.005341241477731622,0.02360606552157527
-0.004828262845744248,0.5234294083946018,0.05499933902885855,0.005812604247789067,0.02464530642794484
-0.004595041629680113,0.5255451208185916,0.05537793522154566,0.006303791018560099,0.025684719208783784
-0.004360717625682007,0.5276998521648417,0.055757636596899834,0.006814765677816229,0.02672431533371902
-0.0041253470703860404,0.5298910708256535,0.05612808429688292,0.007345492516977973,0.027764108302210634
-0.0038889864515956937,0.5321162357752672,0.056513250852623105,0.007895935846708472,0.028804079265752427
-0.0036516924947248676,0.5343728004353795,0.05694504349372418,0.008466059701786457,0.029844213962462673
-0.0034135221491842205,0.5366582163693209,0.057324012437209804,0.009055828019209058,0.030884521630405903
-0.00317453257471335,0.538969936802582,0.057606317105180084,0.009665205033021679,0.03192499305312054
-0.0029347811276629527,0.5413054199686443,0.057890999776879046,0.010294154780104389,0.03296562877749279
-0.0026943253472294874,0.5436621322802425,0.058175138190071016,0.010942641404297288,0.03400642513954824
-0.0024532229416460057,0.5460375513272188,0.07354406657144813,0.011610652575426993,0.035052049943717425
-0.0022115317743325352,0.5484291687030798,0.089241560638391,0.01229833776585162,0.03610930685628838
-0.0019693098500090257,0.5508344926631775,0.08974234715545182,0.013005864056705991,0.03717346593036146
-0.0017266153007746412,0.5532510506181805,0.10475972100331642,0.013733263286166392,0.03824228018332967
-0.0014835063721561977,0.5556763914670861,0.10544686136348559,0.014480654054823969,0.0393179051572064
-0.001240041409129589,0.5581080877745754,0.10613282955775906,0.015248044802200721,0.04039375645275677
-0.0009962788421172832,0.5605437377979291,0.10683331800204675,0.01603540000096982,0.041469834877084576
-0.0007522771729652358,0.5629809673690568,0.10753300590249949,0.01684268452484853,0.04254613846816092
-0.0005080949609028207,0.5654174316374904,0.10815564658273258,0.01766986278319641,0.04362267858071201
-0.0002637908084887673,0.5678508166803521,0.10885970286896142,0.018516900704358907,0.04469951379078576
-1.9423347546990987e-05,0.5702788409854606,0.1095556817936151,0.019383763860834877,0.04577660596073506
0.0002249487749049312,0.5726992568138012,0.11026674001131286,0.020270418151358563,0.046853964383228724
0.00046926691073061953,0.5751098514476143,0.11097082385264356,0.021176828773525055,0.04793155871517538
0.0007134724247502517,0.5775084483303122,0.11168719052669615,0.022102961509204443,0.04900942294739602
0.0009575067088127242,0.5798929081043961,0.12638892096522752,0.02304880318178003,0.05009173187528983
0.0012013111958612396,0.582261129553409,0.12719932735495376,0.02401446535204024,0.051180532073787505
0.0014448273739892047,0.5846110504538641,0.12794536326418562,0.024999954595158184,0.052269574806861334
0.0016879968004828406,0.58694064834292,0.12877153487628204,0.026005236826757448,0.05335889123256749
0.0019307611158470106,0.5892479412073766,0.1433726893492619,0.02703029748686398,0.05445245632263602
0.0021730620578113637,0.5915309880994262,0.1578529501420496,0.02807526108411846,0.055556057099435015
0.0024148414753128998,0.5937878896843342,0.15877889196028744,0.029140264243062326,0.05666556216772738
0.002656041342452039,0.5960167887250514,0.1597342433688164,0.030225310719931186,0.05777535388741441
0.0028966037724184207,0.5982158705085188,0.16070306961019182,0.031330364546772245,0.05888531540047779
0.0031364710313836488,0.6003833632182164,0.16167492816546633,0.03245538950916972,0.05999550026958209
0.0033755855523569583,0.6025175382572702,0.16265553119868273,0.03360035100230398,0.06110593999475639
0.0036138899490011163,0.6046167105262125,0.16364254971761716,0.034765213003824555,0.06221653348237523
0.0038513270294048426,0.6066792386592808,0.16462095780470792,0.035949938896009,0.06332728708264948
0.0040878398098085494,0.6087035252228915,0.16563783872611,0.037154492177695564,0.06443820398560586
0.004323371528280279,0.6106880168797455,0.16664169932551573,0.03837883626231902,0.0655492518659902
0.004557865658338204,0.6126312045217921,0.16764338974449,0.039622934321089924,0.06666045881778092
0.004791265922516723,0.614531623375081,0.1686882184593974,0.0408867502278028,0.06777181838587693
0.005023516305872768,0.6163878530793343,0.1696953922060414,0.042170247711023054,0.06888339042856226
0.005254561069429203,0.6181985177448969,0.17075731214549217,0.043473393164099386,0.0699952419524739
0.005484344763551828,0.6199622859895269,0.17182686156640495,0.044796151323158256,0.07110725360695165
0.005712812241257084,0.6216778709573155,0.1728630392949007,0.04613848635166159,0.07221946927215273
0.005939908671446976,0.6233440303218944,0.17393831646778127,0.047500363973712434,0.0733318914600126
0.006165579552068388,0.6249595662758759,0.18776684644852787,0.048881765547186186,0.07444795006149715
0.006389770723193224,0.6265233255083937,0.20154532499374497,0.050282793528597165,0.07557264007097975
0.006612428380016564,0.6280341991724068,0.21509620517898775,0.05170357461861469,0.07670529897835436
0.006833499085769609,0.6294911228433493,0.21632686186400923,0.053144207668934976,0.07784254475519835
0.007052929784544098,0.6308930764705655,0.21752352218310123,0.05460468690385221,0.07897996878858068
0.007270667814025688,0.6322390843228349,0.2187315332930782,0.05608497339599275,0.08011732566815748
0.007486660918132485,0.633528214929237,0.21994976154983154,0.057585025580005784,0.08125460833019979
0.007700857259556283,0.6347595810164378,0.22119180580551082,0.0591048040550293,0.08239192967078844
0.007913205432203361,0.6359323394434432,0.22245606326669592,0.06064426932275279,0.08352919361856688
0.008123654473531569,0.6370456911347451,0.22371088315545595,0.06220338053441648,0.084666391615499
0.008332153876781172,0.6380988810126944,0.22497281906579802,0.0637820972010737,0.08580352277622892
0.008538653603096254,0.6390911979299141,0.22626351226762356,0.06538037937044978,0.08694070636748152
0.008743104093533708,0.6400219746024098,0.2275515804860496,0.06699819172359874,0.08807814762430614
0.008945456280957305,0.6408905875440501,0.22883332309679727,0.06863549894661947,0.08921563363636682
0.0091456616018133,0.6416964570029738,0.2416557535209576,0.07029227536127788,0.09035591730579288
0.00934367200778576,0.6424390469004538,0.2429641118942736,0.07196858047381646,0.0915003648834031
0.009539439977327728,0.6431178647726757,0.2443212223138384,0.07366440120883645,0.09264476309248698
0.009732918527066266,0.6437324617158465,0.24564067160475156,0.07537970003547859,0.09378921109722277
0.009924061223078125,0.6442824323350241,0.24696529989530613,0.07711443573959734,0.0949334706848532
0.010112822192033818,0.644767414696962,0.24830893677207064,0.07886856619059196,0.0960775583872961
0.010299156132206866,0.6451870902872914,0.2607176556570611,0.08064206187818727,0.09722406248959431
0.010483018324346094,0.6455411839722707,0.26208352333102747,0.08243497094794677,0.09837421272086047
0.010664364642407935,0.6458294639653276,0.2634544588332863,0.08424727441137382,0.09952401880817781
0.01084315156414655,0.6460517417985692,0.2648451450096614,0.08607892593152122,0.10067341798265278
0.011019336181558956,0.6462078722994259,0.26624173892377734,0.08792987942717435,0.1018224965716483
0.011192876211182682,0.6462977535725305,0.26764337453431614,0.0898000904644897,0.10297127664073988
0.011363730004243636,0.6463213269869426,0.26905378081126674,0.09168951391675585,0.10411969556128733
0.011531856556651635,0.6462785771687714,0.2704728929333909,0.09359810385833811,0.10526773495743749
0.011697215518841132,0.6461695319992435,0.2718935902420061,0.09552581479748305,0.10641540484561736
0.011859767205454955,0.6459942626182049,0.2733205483372911,0.09747259993793726,0.10756260625174932
0.012019472604868596,0.6457528834330748,0.2748401078917857,0.0994384115180958,0.1087093017756743
0.012176293388552807,0.6454455521331672,0.2762818707107028,0.10142320124830932,0.1098554889768831
0.012330191920272297,0.6450724697093387,0.27783215138468953,0.10342692106104183,0.11100113953933208
0.01248113126511818,0.6446338804788428,0.2791980251756345,0.10544952217340492,0.11214632680058388
0.012629075198372237,0.6441300721152735,0.2805538191183214,0.1074909604395013,0.1132912562954344
0.012773988214200617,0.6435613756834281,0.2820993413079297,0.1095511928736754,0.11443594208612848
0.012915835534175147,0.6429281656789013,0.283645182608603,0.11163017846617716,0.11558048692167858
0.013054583115619967,0.6422308600721903,0.2852547636411038,0.11372787546002364,0.11672463420431738
0.013190197659781527,0.6414699203570341,0.2868599078211976,0.1158442341857636,0.11786809347086322
0.013322646619820149,0.6406458516027006,0.28823700741514735,0.11797920488791816,0.11901103489161756
0.013451898208621289,0.6397592025098822,0.28987108050554466,0.12013274244388095,0.1201535417137466
0.013577921406424021,0.6388105654697993,0.2912439765022056,0.12230479779312933,0.12129546081128294
0.013700685968265808,0.6378005766261029,0.3021680504425451,0.12449533474712642,0.12243883833538224
0.01382016243124113,0.6367299159390759,0.30376201339560366,0.12670437157637968,0.12358453767001389
0.013936322121572347,0.6355993072516152,0.3054557797038295,0.12893188169601003,0.12472970132899379
0.0140491371614914,0.6344095183563834,0.3070967726935914,0.1311778140418606,0.12587425183570083
0.014158580475930205,0.6331613610634927,0.3087106028238224,0.13344212501645303,0.12701855536648457
0.01426462579901871,0.6318556912679817,0.3104256343373185,0.13572477067947478,0.12816231056623434
0.014367247680388348,0.630493409016305,0.3121607576575853,0.1380256981367518,0.12930507457858445
0.014466421491280204,0.6290754585709374,0.3136042252469233,0.14034485273770905,0.13044715409510702
0.014562123430455738,0.6276028284721675,0.31503503758359275,0.14268218690179402,0.13158865486797022
0.014654330529908973,0.6260765515960038,0.32512699320239635,0.14503766009444455,0.13273102824924818
0.014743020660378574,0.6244977052070702,0.3267891833474119,0.14741127228483644,0.13387463469674585
0.014828172536659015,0.6228674110052228,0.3371165899244548,0.14980298625441837,0.13501843609607103
0.014909765722708695,0.6211868351645593,0.33892989854719235,0.1522127890299873,0.13616296644784262
0.014987780636554666,0.619457188363307,0.34074600039229463,0.15464063159286104,0.13730619129568006
0.015062198554992074,0.6176797258030404,0.34254893833230077,0.1570864520375564,0.13844813759342894
0.015133001618077704,0.6158557472154357,0.3511414559301651,0.15955019597080708,0.1395901060804851
0.01520017283341632,0.6139865968547451,0.3528593414216091,0.16203184471371457,0.14073246670614045
0.015263696080238632,0.6120736634739274,0.35470233951006647,0.16453134325851693,0.14187325208225235
0.015323556113270314,0.610118380282273,0.3565536835984038,0.16704862621105743,0.14301256521717792
0.015379738566390848,0.6081222248821808,0.35844868452350614,0.16958362753374284,0.14415031369630785
0.015432229956081147,0.6060867191825465,0.36030101119169766,0.17213627990546512,0.14528642650482784
0.015481017684659626,0.6040134292860871,0.3622187898001772,0.17470651476217325,0.1464208514532996
0.015526090043305619,0.6019039653476946,0.3641454973786904,0.1772942635144463,0.1475536150341963
0.015567436214869465,0.5997599814007312,0.3657499090234107,0.17989945930653986,0.1486850078820584
0.015605046276468375,0.5975831751479804,0.36771187785881937,0.1825220442183718,0.14981512638871783
0.015638911201868187,0.5953752877137494,0.3695438186929912,0.1851619502540769,0.15094332077636932
0.015669022863649292,0.5931381033533997,0.37607406797603793,0.18781910877005745,0.15207068377687513
0.015695374035157427,0.5908734491163761,0.3779342029503857,0.19049348783592548,0.15319813058514511
0.015717958392237916,0.58858319445857,0.3797794762177893,0.19318503649841054,0.15432401348909386
0.015736770514753497,0.5862692507996331,0.38163455384855144,0.19589368026156606,0.15544765341595915
0.015751805887885044,0.5839335710206224,0.38366925107637706,0.19861934022902106,0.1565691264230062
0.01576306090321521,0.5815781488971665,0.38554521518470203,0.20136194034334545,0.15768840603883374
0.015770532859594316,0.5792050184630754,0.38752758667799997,0.20412140248645888,0.15880578673397852
0.015774219963788687,0.5768162532991579,0.38958824125440894,0.20689766225562037,0.1599215651724003
0.015774121330911047,0.5744139657417705,0.3916612467708217,0.20969064706344193,0.16103519389221568
0.015770236984632827,0.572000306005458,0.3935796004535044,0.21250027901708465,0.1621465048997109
0.015762567857178406,0.5695774612138635,0.3955887020471095,0.21532647911267241,0.1632558284597872
0.015751115789101655,0.5671476543329534,0.4015828464577722,0.2181691857405354,0.16436418173153206
0.01573588352884385,0.5647131430004505,0.4079059304597208,0.22102835082721833,0.16547175787434007
0.01571687473207444,0.5622762182453199,0.4100268722522875,0.22390391825045847,0.16657762576026058
0.015694093960813348,0.559839203091057,0.41455744927819493,0.22679581421583295,0.16768170661678833
0.01566754668233632,0.5574044510365344,0.41664066478393175,0.2297039798964528,0.16878424785345553
0.015637239267862778,0.554974344408203,0.4187799135445166,0.23262833869555308,0.1698842643443374
0.015603178991026688,0.5525512925775053,0.4207832865309053,0.23556880835454758,0.1709820259145097
0.015565374026131031,0.5501377300375389,0.4227636378990471,0.23852531667098464,0.1720774918370114
0.015523833446185884,0.5477361143332046,0.42493136238006385,0.24149777322674013,0.1731698623941466
0.015478567220731005,0.5453489238393592,0.42710656645194817,0.24448608850497128,0.17425941137288484
0.015429586213443333,0.5429786553818761,0.4292095351434789,0.24749017568776083,0.17534657093534664
0.015376902179529377,0.5406278216969663,0.43134835550845574,0.2505099646135564,0.1764317129184287
0.015320527762904393,0.5382989487246509,0.43338910566765554,0.2535453745502513,0.1775144324391746
0.015260476493157855,0.5359945727329454,0.4354979645410262,0.2565963361957914,0.17859554143202463
0.01519676278230615,0.533717237270037,0.43759457893532633,0.2596627861290972,0.1796749812858413
0.015129401921334088,0.5314694899426272,0.439677423928033,0.2627446597436839,0.18075275703123023
0.015058410076524973,0.5292538790195461,0.4418425943858684,0.2658418904509493,0.1818283490855199
0.014983804285580762,0.5270729498608567,0.444015514136127,0.26895439375768004,0.1829009793180549
0.01490560245353317,0.5249292411738345,0.44750272729477836,0.272082081571591,0.18397097116365402
0.01482382334844648,0.5228252810985403,0.44958055037772443,0.27522487614432056,0.1850387753576641
0.014738486596913366,0.5207635831270764,0.4518549888083024,0.27838270445574104,0.18610413637482962
0.014649612679344568,0.5187466418621877,0.4541485127274222,0.28155547636049105,0.18716618812779298
0.014557222925053754,0.5167769286224085,0.45633267445213327,0.284743095269725,0.18822490241626005
0.014461339507138363,0.5148568869027136,0.45845806970969866,0.28794546403415555,0.18927994764217967
0.014361985437158485,0.5129889277013427,0.4607848418898292,0.29116247240518045,0.19033099277196278
0.014259184559614013,0.5111754247253131,0.46293620831654586,0.29439401604550375,0.19137814046878887
0.014152961546222064,0.5094187094889643,0.4650725204825808,0.2976399860958627,0.192421870530185
0.014043341889995968,0.507721066321766,0.4672393345573751,0.3009002997184562,0.19346263640011854
0.013930351899127042,0.506084727303438,0.46941594753405375,0.3041748486049511,0.19449886006268413
0.01381401869067071,0.5045118671462826,0.47161775049685856,0.3074635112259439,0.19553028930832994
0.013694370184038577,0.5030045980463517,0.4737442185296439,0.3107661676491318,0.19655790373719345
0.013571435094297944,0.5015649645267267,0.47596190839958125,0.3140827290909051,0.19758216885665075
0.013445242925280156,0.5001949382977321,0.478116759501548,0.31741308522375955,0.19860263087556793
0.013315823962500067,0.49889641316023003,0.48007754165916844,0.32075715386849474,0.199620815449861
0.013183209265887534,0.4976711999793658,0.4820133112519228,0.32411486105487664,0.20063670497496205
0.013047430662333118,0.4965210217570265,0.4839204023004219,0.32748613468826965,0.20165035260042516
0.012908520738049977,0.49544750883201993,0.48619454947605234,0.3308708953759766,0.20266040747966305
0.012766512830753078,0.4944521942373762,0.48847997698620654,0.3342690219717397,0.20366522219629626
0.01262144102165856,0.4935365092442877,0.4909466636973024,0.3376803835081148,0.20466507248226298
0.012473340127304234,0.4927017791220066,0.49341747467093533,0.34110486302092596,0.20566060694810767
0.012322245691193777,0.4919492191424717,0.49589350746900474,0.3445423471904348,0.20665170467028537
0.012168193975266608,0.4912799308575476,0.498375086951003,0.3479927207017309,0.20763834752073962
0.012011221951195087,0.49069489867552324,0.5005766328443948,0.35145587311187104,0.20862130460054829
0.01185136729151147,0.4901949867619262,0.5027572780414578,0.35493171907088883,0.20960161842988317
0.011688668360566755,0.48978093628781133,0.5052705498304352,0.358420177259319,0.21057856354665183
0.011523164205323396,0.48945336304642584,0.5077363095326302,0.361921138941856,0.21155091564365128
0.011354894545984212,0.4892127554566409,0.5102054948984848,0.3654344877810243,0.21251869676574198
0.011183899766459676,0.48905947296874414,0.5123878336617571,0.3689601104448786,0.21348258587218175
0.011010220904676073,0.48899374488516795,0.5145710592619201,0.3724979199722277,0.2144436982838311
0.010833899642726538,0.48901566960553355,0.5170957153997818,0.37604783105185696,0.21540113171647518
0.010654978296867632,0.4891252143020377,0.5196215007706144,0.37960973028380346,0.21635368923061302
0.010473499807363453,0.48932221502779655,0.5218053056017308,0.3831835002619659,0.21730217125450704
0.010289507728180347,0.48960637725725686,0.5237262810035369,0.38676905131775613,0.21824774047508044
0.010103046216534104,0.4899772768543724,0.5256164219541971,0.39036630343655926,0.21919057753844412
0.009914160022292503,0.49043436146080693,0.5281807633265073,0.39397517384500924,0.2201297298962474
0.009722894477235457,0.49097695229317634,0.5303644185262237,0.3975955517198063,0.22106467115442796
0.00952929548417563,0.4916042463352099,0.5328390598775624,0.4012273430165967,0.22199590376112657
0.009333409505942154,0.4923153189078211,0.5350057461307054,0.4048704390714518,0.2229230214583671
0.009135283554229412,0.4931091265973872,0.5375887729406876,0.4085247452746009,0.22384621280408934
0.008934965178314817,0.49398451052018544,0.5401123719869769,0.41219014339034793,0.2247642205320495
0.00873250245364701,0.49494019989883015,0.5426352794790783,0.415866509376625,0.22567716743639818
0.00852794397030805,0.4959748159248131,0.5436450625777303,0.41955371402356306,0.22658391277735718
0.008321338821352026,0.4970868758798434,0.5458323747288764,0.42325159992726996,0.2274847527986861
0.008112736591022964,0.49827479748761455,0.5480181892722287,0.42696006519911456,0.22838248416730472
0.007902187342854772,0.4995369034669083,0.5498730721846615,0.43067902584532347,0.2292770283909288
0.007689741607656352,0.5008714262565804,0.5523776614510958,0.4344083939760228,0.23016763494803388
0.007475450371384357,0.5022765128829225,0.5548804082323917,0.4381480504193208,0.23105272541596203
0.007259365062906899,0.5037502299401718,0.5570445099834814,0.4418978694913401,0.2319333099003412
0.007041537541660716,0.5052905686554845,0.5592115143692236,0.4456577579768511,0.2328106465843335
0.0068220200852052775,0.5068954500105449,0.5617612445745417,0.449427626336464,0.23368375351517356
0.006600865376676503,0.5085627298930067,0.5635574862374653,0.4532073548722251,0.23455216293611575
0.006378126492142719,0.5102902042522829,0.5661103204543171,0.45699684153454795,0.23541553093384815
0.006153856887867147,0.5120756142355959,0.5682640324568395,0.4607959356561164,0.23627266222061982
0.005928110387478196,0.5139166512818352,0.5700147118042073,0.4646045306381614,0.2371264361331518
0.0057009411690523756,0.5158109621524519,0.5717266729993711,0.4684225418097896,0.23797693492657868
0.005472403752111627,0.5177561538804094,0.5738594963408397,0.47224988508594257,0.2388241422757411
0.005242552984539009,0.5197497986200357,0.5763910896260065,0.47608646357363676,0.2396659373816044
0.005011444029415405,0.5217894383825126,0.5789666268678202,0.47993211947420256,0.24050051635128722
0.004779132351780693,0.5238725896435544,0.5810868525091882,0.4837867113816553,0.24133009926358095
0.004545673705322343,0.5259967478117027,0.5836506918918907,0.48765013729823964,0.2421551888551023
0.004311124118994863,0.5281593915474293,0.5862066928677919,0.49152226879031186,0.24297422427028006
0.0040755398835731,0.5303579869249725,0.5887784879309861,0.49540296791068467,0.24378725574649193
0.00383897753814269,0.5325899914304949,0.5913445923865889,0.4992920975163669,0.2445942151679818
0.0036014938565310114,0.5348528577916937,0.5939029311721704,0.5031895182712346,0.24539502198278074
0.0033631458336816507,0.5371440376354745,0.5933608693831327,0.5070950820184961,0.2461880415833536
0.003123990671976032,0.5394609849716513,0.5959285120933651,0.5110085952085169,0.246972672208232
0.0028840857675049075,0.5418011595018882,0.5984570536383912,0.5149299042506145,0.2477510743037322
0.0026434886962938085,0.5441620297542268,0.6009792643820966,0.518858867695504,0.24852315038299047
0.0024022572004848935,0.546541076044579,0.6030620285375522,0.5227953504431455,0.2492901130884137
0.0021604491744792106,0.5489357932674828,0.6055995972474985,0.5267392515031971,0.2500524430634365
0.0019181226510422626,0.5513436935191858,0.6081925834817994,0.5306904343289259,0.25080721353536084
0.001675335787376483,0.553762308556878,0.6102524169032829,0.534648720730636,0.2515548674467089
0.0014321468511636864,0.5561891920984342,0.612730469250043,0.5386139947877194,0.25229783159378655
0.0011886142065812512,0.5586219219675705,0.6151976386692919,0.5425861272207144,0.2530344182865684
0.000944796300294866,0.5610581020897021,0.6177201722491192,0.5465649761286102,0.25376456654951945
0.000700751647431653,0.563495364344141,0.6197453626563932,0.5505504044910292,0.25448937282110823
0.00045653881753685233,0.5659313702784974,0.6222511388966511,0.5545423100036502,0.25520942975488686
0.00021221642051736056,0.5683638126913597,0.624756950794202,0.5585405605169113,0.25592287484632964
-3.215690742433641e-05,0.5707904170894185,0.6272513390618185,0.5625450111686268,0.256629729514158
-0.0002765225178625541,0.5732089430252747,0.629838548267781,0.5665555105100238,0.2573285456090925
-0.0005208217642237903,0.5756171853221772,0.6324142603456613,0.5705718591008455,0.2580173358307623
-0.0007649960158616389,0.5780129751919081,0.6349975289168993,0.574593843906433,0.25869601904229567
-0.001008986672127738,0.5803941812519344,0.6374575515879628,0.5786212602115596,0.2593660994067075
-0.0012527351764358237,0.5827587104478825,0.6398206237578351,0.5826539513509006,0.26002954877698825
-0.0014961830303148694,0.5851045088872019,0.6422679686686652,0.5866917747758198,0.26068634529207374
-0.0017392718074485814,0.5874295625897755,0.6403127404613128,0.590734576065219,0.2613343431717133
-0.0019819431676972817,0.5897318981610142,0.6386077096062323,0.5947821270610683,0.26197033767820227
-0.0022241388710993936,0.5920095833928144,0.6401019631497951,0.5988341938207891,0.26259755894041614
-0.002465800791848699,0.5942607277975159,0.6420536137514273,0.6028906588941264,0.2632209878777302
-0.002706870932244227,0.5964834830798247,0.6434970191183299,0.6069514371808209,0.26384066462457695
-0.002947291436609468,0.5986760435513931,0.6448908459504713,0.6110164466182578,0.2644566715041782
-0.0031870046051774505,0.6008366464925866,0.6462320489219472,0.6150856068705998,0.26506923514767056
-0.0034259529079383624,0.6029635724656843,0.6486348442306069,0.6191588359048733,0.2656770897849107
-0.0036640789984465683,0.6050551455835712,0.6511688192222075,0.6232359956276282,0.26627656236024094
-0.0039013257275833757,0.6071097337377593,0.6535644042208618,0.6273168868266835,0.26686679526962076
-0.004137636157272631,0.6091257487893278,0.6559218458406584,0.6314013481489507,0.267450151972466
-0.004372953574145557,0.6111016467261913,0.6582669207502561,0.63548923611211,0.2680266934688337
-0.004607221503151633,0.6130359277898856,0.6561117523454698,0.6395803954659226,0.26859398285603897
-0.004840383721112478,0.6149271365748551,0.6584921979652536,0.6436745981228358,0.26915074106967773
-0.0050723842702149885,0.6167738621030358,0.6564737638699062,0.6477716634153152,0.2696981728156676
-0.005303167471440989,0.6185747378763486,0.6588538435630665,0.651871362880731,0.27023506048411294
-0.005532677937930052,0.6203284419095355,0.6601166529902959,0.6559735357670758,0.2707663398294854
-0.005760860588271878,0.6220336967455904,0.66247267897539,0.6600780835524193,0.27129258734900363
-0.005987660659725698,0.6236892694558956,0.6649618750884274,0.6641848675080101,0.2718102596642597
-0.006213023721363062,0.6252939716270121,0.6672960653532243,0.6682936872955622,0.27231859275676673
-0.006436895687130987,0.6268466593359141,0.669752092355809,0.6724043785436278,0.27281853197612005
-0.006659222828832266,0.6283462331153468,0.6722061488380986,0.6765167367807847,0.2733075777460253
-0.006879951789020137,0.6297916379108335,0.6696559123853181,0.6806305344691909,0.27378460727689374
-0.007099029593803697,0.6311818630307572,0.6716974025205387,0.6847455294268163,0.27425208239048415
-0.007316403665561423,0.6325159420908083,0.6737049284000588,0.688861602764383,0.2747155448475968
-0.007532021835559484,0.6337929529539991,0.6761384426732177,0.6929786588283183,0.27517225810801166
-0.007745832356472123,0.6350120176673366,0.6732423901417649,0.6970964989966026,0.27561701150484075
-0.007957783914800665,0.6361723023961635,0.675521989675854,0.7012148795074837,0.27605123233883
-0.0081678256431885,0.6372730173570647,0.6773083359507182,0.7053336480247641,0.2764801367178101
-0.00837590713262907,0.6383134167502003,0.6797069314627097,0.7094527047251055,0.27690233905759315
-0.008581978444563718,0.6392927986917968,0.6820853001919045,0.713571858486636,0.2773137218263115
-0.008785990122866787,0.6402105051475027,0.6843195242369585,0.7176909019558604,0.2777159907925679
-0.008987893205714744,0.6410659218672287,0.6865397753405682,0.7218096890984874,0.2781118835620409
-0.009187639237336917,0.6418584783220312,0.6887569921131123,0.7259280927412994,0.2785013317572713
-0.009385180279644537,0.6425876476435524,0.6909469681740091,0.7300459834663028,0.2788842301816132
-0.009580468923735663,0.6432529465664738,0.6931234903711624,0.7341632319834976,0.27926063662248457
-0.009773458301273144,0.6438539353743762,0.6952848169150937,0.7382797100977789,0.27963056320994584
-0.009964102095732766,0.6443902178493921,0.6972327083390077,0.7423952958164982,0.2799951608116065
-0.01015235455351895,0.6448614412259437,0.6942488993666694,0.7465098864152562,0.2803521255338739
-0.010338170494945521,0.645267296148868,0.6964166600005118,0.7506232690270955,0.28069855844108604
-0.01052150532507846,0.6456075166361648,0.6985696443262541,0.7547352908644005,0.2810385811586061
-0.010702315044438634,0.6458818800465652,0.7007057200756082,0.7588458258595095,0.2813721306529895
-0.010880556259561242,0.6460902070521245,0.6975874875734234,0.7629547354738422,0.28169668411619225
-0.011056186193410266,0.6462323616159522,0.6997263173042735,0.767061803588139,0.28201091395308125
-0.01122916269564468,0.6463082509752189,0.7018513244015706,0.7711668816898203,0.28231890649128055
-0.011399444252734243,0.6463178256295123,0.7039618019523086,0.7752698499007695,0.28262075081741167
-0.011566989997922644,0.6462610793346106,0.7062262187686165,0.7793705805080405,0.2829146183534238
-0.011731759721035247,0.6461380491016898,0.7083167154295524,0.78346889284661,0.28319973127123155
-0.011893713878129505,0.6459488152019914,0.7050250418306064,0.7875646397399854,0.28347626616412763
-0.012052813600985089,0.6456935011768994,0.7018773883716289,0.7916576090061702,0.283740936034018
-0.012209020706432212,0.6453722738534056,0.7039716428694504,0.7957475848741731,0.2839963737617595
-0.0123622977055154,0.6449853433648559,0.7061968216273683,0.7998344261509576,0.2842443645859886
-0.012512607812490655,0.6445329631768982,0.7082612997813901,0.803917967690874,0.284484264578469
-0.012659914953653801,0.6440154301184718,0.7104415269176072,0.8079980783862739,0.284716837737793
-0.012804183775998033,0.6434330844176948,0.7124756993758692,0.8120745950687471,0.2849413430290446
-0.01294537965569857,0.6427863097424195,0.7144685252474617,0.8161473964377525,0.2851602473177375
-0.01308346870642204,0.6420755332452612,0.7164788524380324,0.8202163800649224,0.285373770346248
-0.013218417787459058,0.6413012256127977,0.7184792254921776,0.8242814452905147,0.2855818075688354
-0.01335019451167803,0.6404639011186432,0.7204648018156893,0.8283424900660109,0.2857843273900524
-0.013478767253297661,0.6395641176800575,0.722434732650485,0.8323994124472006,0.2859813688597125
-0.013604105155477155,0.6386024769176788,0.7243908023088299,0.8364521111372278,0.28617292998733657
-0.01372617813772161,0.6375796242179481,0.7207489392650009,0.8405004762478436,0.28635723956051135
-0.0138449569031013,0.6364962487977412,0.7227012193832784,0.8445443476144339,0.286533696956817
-0.013960412945282647,0.6353530837706388,0.7246399381469314,0.848583613263185,0.28670497888253366
-0.014072518555369793,0.634150906214256,0.7265555634405275,0.8526181793927206,0.28687113971804196
-0.014181246828554398,0.6328905372379433,0.7284591218395234,0.8566479531161374,0.28703217759602123
-0.014286571670572876,0.6315728420501195,0.7303685491996503,0.8606728423819465,0.2871881746936333
-0.014388467803968658,0.6301987300244414,0.7322561624387387,0.8646927561157512,0.28733914357170126
-0.014486910774158828,0.6287691547639008,0.73414148496909,0.8687076073881045,0.28748536730382374
-0.014581876955303217,0.6272851141618823,0.7361847570720421,0.8727173013357816,0.2876251724142565
-0.014673343555974093,0.6257476504591151,0.7382002202329457,0.8767216931506969,0.28775658993474734
-0.014761288624626388,0.6241578502953464,0.7400310737715273,0.8807206338758715,0.2878810931050324
-0.014845691054865745,0.6225168447544744,0.74184901693632,0.884714025253981,0.28800090710752496
-0.014926530590514119,0.6208258094017536,0.7436641081731925,0.8887017854458726,0.28811611520549585
-0.015003787830470941,0.6190859643115745,0.7454464607958882,0.8926838351432209,0.2882268532090744
-0.015077444233369505,0.6172985740841928,0.7472165719412831,0.8966600961610091,0.2883330665702102
-0.015147482122026686,0.6154649478496369,0.7489976505546909,0.9006304890870638,0.28843471601977194
-0.015213884687685374,0.6135864392569038,0.7507633327828018,0.904594935516027,0.2885318919726608
-0.01527663599404858,0.6116644464463691,0.7525144658402149,0.9085533574645684,0.28862456232811595
-0.015335720981104,0.6097004120032151,0.7542561873769018,0.912505676871502,0.28871272255483954
-0.015391125468738318,0.6076958228894835,0.7559854753845656,0.916451816782666,0.28879645438950685
-0.015442836160140501,0.6056522103521983,0.7577007006889893,0.9203917013028792,0.2888758081909581
-0.01549084064499281,0.6035711498048234,0.7594105411126012,0.9243252565484047,0.2889508705522028
-0.015535127402449358,0.6014542606791048,0.7559188969313155,0.9282524056546404,0.2890209700630532
-0.01557568580390088,0.5993032062441974,0.7576156000406753,0.9321730555138751,0.2890860706891751
-0.015612506115525714,0.5971196933897104,0.7592921563017229,0.9360871337189199,0.28914729222564245
-0.01564557950062587,0.594905472369139,0.7611501561380059,0.9399945706804713,0.2892035711448232
-0.015674898021747645,0.5926623364999204,0.7629093578539177,0.9438952679820649,0.28925487405551437
-0.01570045464258674,0.5903921218161211,0.7647234152633089,0.9477891616519194,0.28930199232310133
-0.01572224322967676,0.5880967066695503,0.7613383705950181,0.9516761609500622,0.28934412023416917
-0.015740258553861495,0.5857780112748748,0.7629660665357259,0.9555562045674372,0.28938305276932236
-0.01575449629154954,0.5834379971940673,0.7645832698341067,0.9594292390008935,0.2894185381005259
-0.015764953025752197,0.5810786667553085,0.761182068256272,0.9632952156292798,0.2894515775275367
-0.015771626246903477,0.5787020624012679,0.7627863009223895,0.9671541104655985,0.2894824126224239
-0.015774514353462357,0.5763102659614321,0.7643767744311804,0.9710058797539648,0.2895101722082386
-0.015773616652297064,0.573905397843002,0.7659587755772668,0.9748504783640584,0.28953495948130725
-0.01576893335885164,0.5714896161346593,0.767716114934773,0.9786878595873107,0.28955640888947315
-0.015760465597093983,0.5690651156173623,0.7686583662950762,0.9825179665829721,0.28957478559963074
-0.015748215399246326,0.56663412667617,0.770202318363247,0.9863407698780658,0.2895910945596397
-0.015732185705297285,0.5641989141069913,0.7717409687096157,0.9901562343648469,0.28960473013359156
-0.015712380362296448,0.5617617758120611,0.7732692488342514,0.9939643207387461,0.28961565667701
-0.015688804123431144,0.5593250413779076,0.7747868394055372,0.9977649909284404,0.2896239958045601
-0.01566146264688548,0.5568910705295607,0.7762962975937147,1.0015582089415032,0.28962985165047206
-0.015630362494482623,0.5544622514548088,0.7779551315485745,1.0053439415065757,0.28963339766468804
-0.015595511130109829,0.5520409989923991,0.7794462382272217,1.009122158149386,0.2896345793909753
-0.015556916917927243,0.5496297526782459,0.780916277585133,1.0128928253480483,0.2896333715085587
-0.015514589120360566,0.54723097464394,0.7823858263947089,1.0166559108147089,0.2896297795482451
-0.015468537895877989,0.544847147362159,0.7840346430758395,1.0204113809361899,0.2896235549928062
-0.015418774296552407,0.5424807712339604,0.7854682755097697,1.0241591958953549,0.2896147816710244
-0.015365310265408723,0.5401343620134156,0.7868924569318748,1.027899326899108,0.28960394339922213
-0.015308158633557821,0.5378104480656182,0.7884965125647785,1.0316317472928116,0.28959092023546096
-0.015247333117116907,0.5355115674547573,0.7899026110925829,1.0353564275142446,0.2895757107534135
-0.015182848313918055,0.5332402648597343,0.7914651109408404,1.0390733438635158,0.28955870671053885
-0.01511471970000445,0.5309990883156582,0.7929872800890313,1.0427824751200203,0.28953980339185537
-0.015042963625916438,0.5287905857805713,0.7943734579607074,1.0464837997464995,0.2895190734086639
-0.01496759731276731,0.526617301527858,0.7957502867030243,1.0501772964765879,0.2894965285934285
-0.014888638848110482,0.5244817723659847,0.792731788595953,1.0538629616487705,0.289475505883313
-0.014806107181598478,0.5223865236885756,0.7937475912119063,1.0575408944580078,0.2894580595301194
-0.014720022120435022,0.5203340653592422,0.7951056863810725,1.0612111159672952,0.28943910209652635
-0.014630404324621626,0.518326887437131,0.7965579817629477,1.0648736104749918,0.2894186331402555
-0.014537275301999076,0.5163674557507771,0.7936327137735075,1.0685283827299055,0.28940077098132033
-0.014440657403085819,0.5144582073295572,0.7949690336461689,1.0721755682613068,0.28938804642286786
-0.014340573815713749,0.5126015457038015,0.7963697146501968,1.0758152009156292,0.28937411982595246
-0.014237048559463391,0.5107998360864782,0.7977296011621805,1.0794472696142063,0.28935883335408086
-0.014130106479899388,0.5090554004511698,0.7987059502954987,1.0830717634318148,0.28934237200713436
-0.01401977324260742,0.5073705125229747,0.8000142663644253,1.08668867793885,0.28932503856534497
-0.013906075327034877,0.5057473927007697,0.8013132300383087,1.090298011098022,0.2893068577358651
-0.013789040020135705,0.5041882029311046,0.802611050385169,1.0938997596010593,0.2892876284367209
-0.013668695409821748,0.5026950415557168,0.803895398141256,1.0974939173242277,0.2892674352324007
-0.01354507037822181,0.5012699381562675,0.8051705960261747,1.1010804828723852,0.2892465112918143
-0.013418194594750077,0.4999148484214294,0.806437857735779,1.1046594576446094,0.2892249001080218
-0.013288098508985552,0.4986316490627377,0.8076966942759095,1.1082308428861603,0.2892026417852079
-0.013154813343364312,0.49742213280678876,0.8089467928338738,1.1117946438065953,0.28917996051742384
-0.013018371085686306,0.49628800349222335,0.8101870758305617,1.1153508662865175,0.2891568144376921
-0.012878804481438447,0.4952308713006145,0.8114175413143117,1.118899515749593,0.2891331310313198
-0.012736147025935857,0.4942522481507009,0.8126413984380785,1.1224405976659133,0.2891090363037033
-0.012590432956282918,0.4933535432854862,0.813856163795035,1.1259741186854004,0.2890845404267051
-0.012441697243157048,0.4925360590814164,0.8152754719606248,1.1295000919238645,0.289060688814103
-0.012289975582415413,0.49180098710826176,0.816466199500413,1.1330185620426008,0.2890381706053762
-0.01213530438652824,0.49114940446734995,0.8178451724214723,1.1365295546901095,0.28901646047985907
-0.01197772077584011,0.49058227043448777,0.819012422898578,1.1400331202717584,0.2889963642803725
-0.011817262569661183,0.49010042343225874,0.8201704138336442,1.1435292821172638,0.2889760934405677
-0.011653968277190667,0.4897045783544049,0.8213199775360989,1.147018054280901,0.28895584635866667
-0.011487877088274985,0.4893953242626833,0.8224618481241996,1.1504994498642735,0.28893553319452714
-0.01131902886400218,0.489173122474022,0.8235944652651047,1.1539734870643998,0.28891553133886383
-0.011147464127135484,0.4890383050529497,0.8247192758954361,1.1574401852072462,0.2888956959140685
-0.010973224052388314,0.48899107372121353,0.8258343757950733,1.1608995633815817,0.2888761800713462
-0.0107963504565422,0.48903149919326344,0.8269404375352227,1.1643516431752916,0.2888569767120598
-0.010616885788411117,0.48915952094292653,0.827909483856226,1.167796444135709,0.28883786549195445
-0.010434873118653893,0.4893749474031254,0.8289979454841975,1.1712339791030721,0.2888187401882449
-0.01025035612943768,0.48967745659706263,0.8298111031390831,1.1746642663183886,0.2887997743442318
-0.01006337910395408,0.49006659719579754,0.8308859974526593,1.1780873210311054,0.28878093975966473
-0.009873986915791716,0.4905417899938104,0.831943646652045,1.1815031634731095,0.2887622551668658
-0.00968222501816661,0.4911023297908727,0.8296854590644649,1.1849118460336738,0.2887517436656704
-0.009488139433013777,0.4917473876654863,0.8309410075215984,1.1883136905040619,0.28875632013589847
-0.009291776739941878,0.49247601362227683,0.8321599199791071,1.1917088865855137,0.2887666719723289
-0.009093184065054792,0.49328713959314485,0.8300839537397471,1.195097604396524,0.28879084891731405
-0.008892409069641173,0.49417958276962237,0.831114907734986,1.198480245432678,0.2888312367270625
-0.008689499938736104,0.49515204924190814,0.8321383666677953,1.201856950678461,0.28887320285119317
-0.00848450536955709,0.49620313791834814,0.8331485888537593,1.2052277629275798,0.28891667461401493
-0.008277474559816655,0.4973313446977985,0.8341518742430815,1.2085927227956152,0.2889615256771262
-0.008068457195915377,0.4985350668663311,0.835063671071927,1.2119518678385128,0.28900734292369257
-0.007857503441017252,0.4998126076890699,0.8332729594314602,1.215305276141805,0.289065038286689
-0.007644663923010862,0.5011621811676855,0.834455840866036,1.2186533944204607,0.2891441103867304
-0.007429989722358843,0.5025819169340535,0.8354251997339921,1.221996468850792,0.2892285480975385
-0.007213532359838845,0.5040698652509568,0.8365664934753094,1.2253345863994922,0.2893179938199176
-0.006995343784178906,0.5056240020912978,0.837529582866059,1.22866790012016,0.28941389154756414
-0.006775476359589769,0.5072422342681949,0.8384710246957767,1.231996492265759,0.2895119788457092
-0.006553982853197993,0.5089224045894204,0.8394055106176236,1.2353204132977644,0.2896120423504959
-0.006330916422381846,0.5106622970109723,0.8403324213285579,1.2386397141568235,0.2897143110437026
-0.006106330602013992,0.5124596417660372,0.8412543502712198,1.2419544435347503,0.28981816673653027
-0.0058802792916132435,0.5143121204472266,0.8421658495791262,1.2452646451849705,0.289924154545777
-0.005652816742409053,0.5162173710216998,0.8430143577232867,1.248570369609669,0.2900317012186723
-0.005423997544321308,0.5181729927605545,0.844068444381267,1.2518716645720829,0.29014389093849097
-0.005193876612859207,0.5201765510657596,0.8425316701551576,1.2551687640779372,0.29027746170049945
-0.004962509175941657,0.5222255821797188,0.8434211186014945,1.2584622541870716,0.2904349117345742
-0.004729950760642925,0.5243175977644355,0.8444493032250936,1.261752356627728,0.2905989498414052
-0.004496257179866357,0.5264500893390752,0.8454426991702638,1.2650392821576586,0.29077488419639647
-0.004261484518949577,0.5286205325664871,0.8463070091471924,1.2683232569784677,0.290959161170931
-0.004025689122204237,0.530826391380982,0.8471596833765735,1.2716043821417913,0.2911464284711686
-0.0037889275793936833,0.5330651219512577,0.8480988421214483,1.2748827417166826,0.29134044544394955
-0.003551256712151683,0.5353341764739661,0.8489326096426769,1.278158533370669,0.2915431399813968
-0.003312733560345568,0.5376310067947858,0.847758660975118,1.2814319407924797,0.2917651805332136
-0.0030734153683867377,0.539953067855265,0.8484455893194666,1.2847036016990938,0.29201433682979644
-0.0028333595714925557,0.5422978209648818,0.8493741707574172,1.2879737375750022,0.29226934407769045
-0.002592623781901909,0.5446627368989065,0.8501951013614166,1.2912425494204336,0.29253379559329534
-0.002351265775048751,0.5470452988236394,0.8509982381322447,1.294510147176597,0.29280157184345806
-0.002109343475696158,0.5494430050514887,0.8516701512589722,1.297776595371143,0.2930717700510239
-0.001866914944034691,0.5518533716291387,0.8524631208073313,1.3010419303971754,0.2933439212079621
-0.00162403836174825,0.5542739347627353,0.8531254270490661,1.3043062084578674,0.293618578830516
-0.00138077201805072,0.5567022530845763,0.8539124050171478,1.3075694693312898,0.29389537350160116
-0.0011371742956968957,0.5591359097663033,0.8547773596880097,1.3108317938205007,0.29417973219767674
-0.0008933036569708131,0.5615725144839637,0.855538658267027,1.3140934050171924,0.2944742573585026
-0.0006492186296551208,0.5640097052406202,0.8563071899077886,1.3173544203964123,0.2947724205976304
-0.00040497779298471803,0.5664451500524478,0.8570701037706269,1.3206149141169061,0.29507421257546723
-0.00016063976358803784,0.5688765485043931,0.8578455040220927,1.3238749526035596,0.29537849915508785
8.373681858075883e-05,0.5713016331815938,0.8571071765300309,1.3271346667112638,0.2957034723080247
0.0003280933043149996,0.5737181709828035,0.8578429874954839,1.330394769062558,0.2960600642015607
0.0005723710492310792,0.5761239643220619,0.8585749210689037,1.3336555155069973,0.29641942472069344
0.0008165114278427854,0.5785168522248066,0.8592438958845546,1.3369169378633907,0.2967798806531571
0.0010604558476311572,0.5808947113245515,0.8599883172788662,1.3401790631211707,0.29714260148216487
0.0013041457631064609,0.5832554567661205,0.8607269430237648,1.3434419577425336,0.29750935821754815
0.0015475226898587166,0.5855970430213203,0.8613459480107546,1.3467056942293543,0.2978788419287486
0.0017905282185937549,0.5879174646227244,0.861959984034798,1.3499703024184315,0.29824935678239745
0.0020331040291511927,0.590214756821108,0.8627485040817351,1.3532358297352394,0.2986267386620285
0.002275191904500856,0.5924869961718402,0.8634652865880071,1.356502507252428,0.2990151887830282
0.002516733744714747,0.5947323010553456,0.8641416542881346,1.359770457479064,0.2994074828874657
0.0027576715809106587,0.5969488321365339,0.8648115483454458,1.3630397552639757,0.2998036809612156
0.0029979475891644654,0.5991347927678735,0.8655452611903512,1.3663105018189927,0.30020884222316047
0.003237504104387578,0.601288429340553,0.8662547084273828,1.3695829428557933,0.3006244055554965
0.0034762836341662127,0.6034080315879585,0.8669453591068118,1.3728571649328845,0.3010421462831283
0.003714228872559423,0.6054919328454771,0.8676307061159693,1.3761332309587786,0.3014638501559693
0.003951282713852192,0.607538510270387,0.8682151661557878,1.3794112105343201,0.30188832158747764
0.004187388266260506,0.6095461850254248,0.8687947155240557,1.3826911329935947,0.3023139161172799
0.00442248886558513,0.611513422429357,0.8694273080319658,1.385973022226404,0.30274180579713494
0.004656528088810766,0.6134387320777188,0.8700492861819507,1.3892569451056405,0.3031738855593419
0.004889449767647292,0.6153206679366631,0.8707084491268701,1.3925429834533711,0.30361032664391124
0.005121198002009826,0.6171578284126696,0.8713198974486602,1.3958312184585007,0.3040510059574703
0.005351717173434567,0.61894885640069,0.8719269848887313,1.39912173187074,0.3044960214382583
0.005580951958426905,0.6206924393131303,0.8716222479775143,1.4024147074569278,0.30496589724003104
0.00580884734173881,0.6223873090918841,0.8714152131021612,1.4057110511898714,0.3054917472324137
0.006035348629572248,0.6240322422054944,0.872020859670217,1.4090117707007144,0.3060528239224426
0.006260401462705365,0.6256260596333566,0.8726136040362886,1.4123171477297636,0.30661810454620825
0.006483951829538532,0.6271676268387402,0.8732104172445486,1.4156272566148123,0.30718758166294824
0.006705946079056765,0.6286558537322536,0.8738636746708337,1.418942199173507,0.3077665927304277
0.006926330933705831,0.6300896946272815,0.8744820124976079,1.4222622603784318,0.30836293342588955
0.007145053502178471,0.6314681481887688,0.8750576287163776,1.425587749733452,0.30897131387487936
0.0073620612921081905,0.6327902573766386,0.8756347826933609,1.4289188172470055,0.3095890600510108
0.00757730222266705,0.6340551093850121,0.876203576446653,1.4322557208059068,0.31021909870154174
0.007790724637064949,0.6352618355783097,0.8767414255488523,1.4355986142746362,0.31085865604227736
0.008002277314946868,0.6364096114252139,0.8773838049401236,1.4389477482274398,0.31150903512315287
0.008211909484685634,0.6374976564313929,0.8779406832766092,1.4423031937177024,0.3121602462221577
0.008419570835566772,0.6385252340718016,0.8784461575220941,1.4456649869691496,0.31281882346932177
0.008625211529862906,0.6394916517232996,0.8789184887847254,1.4490333947696308,0.31349476720018976
0.008828782214794516,0.640396260598275,0.8793582436464392,1.452408751480666,0.31418804428255676
0.009030234034374345,0.6412384556798645,0.8799288455029074,1.455791354632423,0.3148918964136633
0.009229518641132774,0.6420176756593442,0.880600105541667,1.4591813835974963,0.3156191655494017
0.00942658820772072,0.6427334028761611,0.8811686405973106,1.4625796273284872,0.3163808849850827
0.00962139543838824,0.6433851632610793,0.8816927149811963,1.465986311677887,0.31714435915766
0.009813893580335065,0.643972526282807,0.8826656193756902,1.4694015864309262,0.31793250405823764
0.010004036434931122,0.6444951048984922,0.8830764102660416,1.4728262611148442,0.3187604043075857
0.01019177836880405,0.6449525555083574,0.8835915810424653,1.4762607695963152,0.3195993399530601
0.010377074324790944,0.6453445779147879,0.8841041789981738,1.479705213074618,0.3204417643894776
0.010559879832751798,0.6456709152860747,0.8844704277101301,1.4831596644561948,0.3212924814143139
0.010740151020242191,0.6459313541250371,0.88497945705251,1.4866243431317339,0.32215391087929995
0.010917844623042506,0.6461257242426804,0.8854847646645913,1.4900993425251179,0.3230185160095407
0.011092917995540973,0.6462538987370395,0.8859835088713109,1.49358470576829,0.3238863623371804
0.011265329120968613,0.6463157939773019,0.8864753366241286,1.4970804779438185,0.3247575057476146
0.01143503662148296,0.6463113695933072,0.8879047492164267,1.5005868013569388,0.32565125396019207
0.011601999768098479,0.6462406284704648,0.8883943736049856,1.50410438943475,0.32657676407088165
0.011766178490461444,0.6461036167501127,0.8889483068252398,1.507633465486139,0.3275041143104072
0.011927533386466552,0.645900423835332,0.889423435534262,1.511174024629515,0.3284326305466132
0.012086025731713392,0.645631182402165,0.8898942723305453,1.5147260900506623,0.32936400128418525
0.012241617488799764,0.645296068416201,0.8904950870823658,1.518289691123702,0.33029717940047937
0.012394271316450947,0.6448953011544374,0.8907913211528746,1.5218648447406598,0.3312359228321641
0.012543950578481055,0.644429143232293,0.8923919996469724,1.5254518160666268,0.3322015945762613
0.012690619352585636,0.6438979006356571,0.8926465402893995,1.5290513074783214,0.3331998074444152
0.012834242438962999,0.6433019227577688,0.8931043804635352,1.5326636516663064,0.3342060484576928
0.012974785368761786,0.6426416024407499,0.8935589577539101,1.5362889039042524,0.3352143987401408
0.013112214412353558,0.6419173760215259,0.8940086570407543,1.539927080820656,0.33622483887691923
0.013246496587427416,0.6411297233818783,0.894455369895359,1.543578197686061,0.3372373106245663
0.013377599666906029,0.6402791680022913,0.894660908032081,1.5472422876825793,0.3382555648118571
0.013505492186679588,0.6393662770192567,0.8951041485270191,1.550919496259427,0.3392814085472897
0.013630143453157283,0.638391661285608,0.8955474395171505,1.5546098735019014,0.3403091709284208
0.013751523550633532,0.637355975433463,0.8957110662823963,1.5583134495834126,0.3413425157939907
0.013869603348467529,0.6362599179392395,0.895845484907645,1.5620303796619186,0.3423865039072473
0.013984354508074623,0.6351042311902085,0.8963954292084726,1.565760822938519,0.3434363674295639
0.014095749489727347,0.6338897015519557,0.8968296998931893,1.5695047860673812,0.34448637806347476
0.014203761559164842,0.6326171594360701,0.8972609071186691,1.5732622626889652,0.34553785395775966
0.014308364794008883,0.6312874793673018,0.8976884768302963,1.5770332551815462,0.3465908172897807
0.014409534089985257,0.6299015800493706,0.8977810067334634,1.580817781664212,0.34764845817299384
0.014507245166948509,0.6284604244285078,0.8982096315013264,1.5846159585997701,0.3487124162431112
0.014601474574709257,0.6269650197537361,0.8986344684219417,1.588427814977391,0.3497774233697807
0.014692199698661932,0.6254164176328103,0.8992177971841818,1.5922533410027566,0.3508427089796783
0.014779398765212297,0.623815714082618,0.8996337282088058,1.5960925031916144,0.35190791475556277
0.014863050847002951,0.6221640495727613,0.9000467706404911,1.5999452881701859,0.3529741851977542
0.014943135867935803,0.6204626090608965,0.9005700902940563,1.6038116860086264,0.3540407212616542
0.015019634607990247,0.6187126220183254,0.9030758500630529,1.6076917207727477,0.3551183273452254
0.015092528707835869,0.6169153624441698,0.9035998217171072,1.6115857549544323,0.35621224438295546
0.015161800673238668,0.6150721488663354,0.9064073373213616,1.6154939020828314,0.3573144090883543
0.01522743387925943,0.6131843443273406,0.9067798013049126,1.6194164343128068,0.35842951037891474
0.015289412574243781,0.6112533563529124,0.9071494209604073,1.6233534073539473,0.3595444211704389
0.015347721883602361,0.6092806369011063,0.9075163004135052,1.627304787676039,0.3606590590815411
0.015402347813380946,0.6072676822895255,0.9075092890942046,1.6312705487582104,0.3617750567062318
0.015453277253618468,0.6052160330980536,0.9078775587180573,1.6352507125646891,0.3628930542550468
0.015500497981493838,0.6031272740443048,0.9082482183301558,1.6392452549238097,0.3640103444249151
0.015543998664258991,0.6010030338288409,0.9087125896871182,1.6432541307601802,0.36512656273321303
0.015583768861958905,0.5988449849469529,0.9091339397548287,1.6472772821670862,0.3662411099119496
0.01561979902993702,0.5966548434636597,0.9094872927387093,1.6513146492736155,0.36735438684640975
0.01565208052112599,0.5944343687482968,0.9098380371872208,1.6553661860374853,0.36846695940413327
0.01568060558812287,0.592185363164922,0.9102970559502186,1.6594318477456629,0.36957840395886554
0.015705367385048484,0.5899096717144652,0.9106416802280277,1.663511576874448,0.370688413712888
0.015726359969190497,0.5876091816244076,0.9109841825931102,1.66760532390634,0.3717975516212686
0.01574357830242945,0.5852858218814836,0.9113242078752877,1.6717130431165306,0.372905773052783
0.015757018252448022,0.5829415627027048,0.9116624334883454,1.675834688013156,0.3740130232874605
0.015766676593722658,0.5805784149397968,0.9116110229299635,1.6799702148242066,0.37512023754256985
0.015772551008297945,0.5781984294118884,0.9119522177130773,1.684119608935053,0.3762276378272023
0.015774640086342454,0.5758036961611187,0.9118703576358447,1.6882828293805532,0.3773345760672473
0.015772943326487578,0.5733963436256292,0.9122144905778654,1.6924598497017913,0.3784412134792417
0.015767461135947472,0.5709785377241919,0.9125840011842714,1.6966506204434197,0.37954633805143095
0.015758194830421624,0.5685524808466232,0.9129223569449654,1.7008550795588242,0.380649630742309
0.015745146633778802,0.5661204107439403,0.9132587261188119,1.705073165826898,0.3817513076125368
0.015728319677523615,0.563684599312144,0.9135927769121068,1.7093048196865828,0.38285135035918194
0.015707718000044762,0.5612473512634126,0.9139247688941677,1.713549980296245,0.38394966768233146
0.015683346545646012,0.5588110026784651,0.9142549905908304,1.7178085858141028,0.38504619990432526
0.01565521116335932,0.5563779194338563,0.9145825502855148,1.7220805728767705,0.38614087889402376
0.015623318605541501,0.5539504954980223,0.9208147798613754,1.7263658722060053,0.3872325738538203
0.015587676526253248,0.5515311510899951,0.9207690709226963,1.7306643749975523,0.38831998822678154
0.015548293479422595,0.5491223306949035,0.9210432859107588,1.7349759859794465,0.38940453144527387
0.015505178916791615,0.5467265009306094,0.9214135233044424,1.7393006264364814,0.3904865886475108
0.015458343185648468,0.5443461482601435,0.9213399170098856,1.7436382190029769,0.391565645423898
0.015407797526343813,0.54198377654503,0.9212299694483214,1.7479886624158705,0.39264035204545533
0.015353554069593222,0.5396419044350619,0.9264315682989637,1.7523518318901217,0.3937090252795353
0.015295625833565982,0.5373230625906893,0.9266577325352199,1.7567275673023774,0.394771756434598
0.01523402672076055,0.5350297907348783,0.9268830535699113,1.7611157604220187,0.3958311847930035
0.015168771514668496,0.5327646345320811,0.9271075277696499,1.7655163202120936,0.39688728838130893
0.015099875876225874,0.530530142292863,0.9273315062103589,1.7699291543444242,0.39793993147647994
0.015027356340055302,0.5283288615037611,0.9275546778546959,1.7743541684078512,0.3989890631112493
0.014951230310497346,0.5261633351830641,0.9278504176757049,1.7787912692235486,0.4000350225839694
0.014871516057433629,0.5240360980644473,0.9280364200664463,1.7832403768371643,0.4010783354388347
0.014788232711902275,0.5219496726117524,0.9279804924962372,1.787701404269232,0.40211707732826185
0.014701400261506466,0.519906564869649,0.9282037321581841,1.7921742045939797,0.403149750414776
0.014611039545617436,0.5179092601564745,0.928426441964508,1.7966586626735876,0.4041785648124654
0.014517172250373295,0.515960218607202,0.928649064669951,1.8011546773319258,0.4052034650729952
0.014419820903474248,0.5140618705761861,0.9288709929061831,1.805662146967653,0.4062244036831776
0.014319008868776342,0.5122166119111483,0.9287699264046068,1.8101809594935623,0.407239357720472
0.014214760340683927,0.5104267991116763,0.9286365168476889,1.8147109290838237,0.40824487372493945
0.014107100338343328,0.5086947443873812,0.9303052336138936,1.8192518473992234,0.4092421486638824
0.01399605469963837,0.5070227106327098,0.9317390398361851,1.8238035612713015,0.4102337128830475
0.013881650074989257,0.5054129063372543,0.9315512787072098,1.8283659251379358,0.41121748740368236
0.013763913920956744,0.503867480452194,0.9317768842984973,1.8329387304416425,0.4121926455302353
0.013642874493652639,0.5023885172351987,0.9320049307903305,1.837521834902442,0.4131629485337262
0.01351856084195858,0.5009780310977506,0.9321641136661737,1.8421151226272388,0.4141290278985056
0.013391002800554047,0.4996379614802787,0.9322679388278281,1.8467185053049306,0.4150920646803666
0.013260230982756825,0.4983701677818003,0.932573382721075,1.851331899432825,0.41605195796770017
0.013126276773175446,0.49717642437183357,0.9327974076759822,1.8559552243922195,0.4170083568659522
0.012989172320177197,0.4960584157132112,0.9330204930010059,1.860588371523184,0.4179597958472355
0.012848950528172618,0.4950177316249822,0.9332369247952805,1.8652312184533197,0.4189059678869747
0.012705645049718774,0.4940558627149024,0.9334584305281162,1.8698836426827832,0.4198470356260857
0.012559290277442507,0.4931741960109879,0.9336732528631486,1.8745455258701107,0.4207837166955312
0.012409921335786727,0.49237401082125215,0.9338934445463015,1.8792167742649626,0.42171641580449853
0.012257574072580364,0.49165647485007674,0.9341124998968963,1.8838972687597584,0.4226434547846731
0.01210228505043533,0.4910226405986083,0.934323631802262,1.8885868790429525,0.423565056355918
0.0119440915379715,0.4904734420752113,0.9345337893920908,1.8932854783883315,0.4244811867092875
0.011783031500872546,0.4900096918402575,0.9343206635034847,1.8979929227909667,0.42538836095592036
0.01161914359277422,0.48963207840750944,0.9340742732005124,1.9027089395896801,0.4262806252655197
0.011452467145987752,0.489341164021966,0.9352393320546905,1.9074332228759554,0.42716053242525204
0.011283042162060327,0.48913738283140845,0.9349559538991498,1.912165550172608,0.42802901266022286
0.011110909302174874,0.4890210394660014,0.9351817771230271,1.916905630728626,0.4288851801876629
0.010936109877391362,0.4889923080371839,0.9348656436122076,1.9216532638037656,0.42973077950685606
0.010758685838732771,0.48905123156383445,0.9357822549390891,1.926408148262902,0.4305621880653386
0.01057867976711664,0.48919772183031074,0.9358869774766538,1.9311700625822068,0.4313866685331201
0.010396134863136178,0.48943155967748236,0.9361188910169607,1.9359388966996864,0.4322066355891642
0.010211094936691974,0.4897523957244482,0.9363655369843209,1.94071452144374,0.43302011668285934
0.010023604396478267,0.49015975151515095,0.9364138843812998,1.9454967976739848,0.43382824663572234
0.009833708239324702,0.4906530210807746,0.9372855533281553,1.9502856187782818,0.4346303813345298
0.009641452039397341,0.491231472905589,0.9376111702122522,1.955080811660771,0.43542516326453756
0.009446881937261413,0.4918942522808759,0.9377177813258034,1.9598822692539024,0.4362164888972668
0.009250044628807413,0.4926403840287549,0.9377026074613002,1.964689909459483,0.4370043695631596
0.009050987354044545,0.4934687755751875,0.9373829669821475,1.9695036204353618,0.4377824849179687
0.008849757885763228,0.4943782203491691,0.9376342645574883,1.9743230897749302,0.4385460213496212
0.00864640451806991,0.49536740148319114,0.9383711502383425,1.9791481068970582,0.43930092140417126
0.008440976054796668,0.4964348957884262,0.9383196485732469,1.9839784714134476,0.44004785289580617
0.00823352179778862,0.4975791779768527,0.9388567933418933,1.9888140601927873,0.44078837981733593
0.008024091535071658,0.49879862510158357,0.9393985438298598,1.9936546711107674,0.4415176537186641
0.007812735528903474,0.5000915211861341,0.9390525087665484,1.9985000475213985,0.44223151195316357
0.007599504503711058,0.501456062013099,0.9386741260349121,2.0033497893253474,0.44292344105378584
0.007384449633916835,0.5028903600428142,0.9382644180390638,2.008203433938877,0.4435922080755463
0.007167622531657313,0.5043924494329806,0.9382090485925162,2.0130605548070775,0.44424599241325397
0.006949075234396185,0.5059602911308809,0.93809516712783,2.0179209998039758,0.44489638230221124
0.00672886019243572,0.5075917780107821,0.938375604998121,2.0227846845929083,0.44554147254269655
0.006507030256328974,0.5092847400302445,0.9382149792435629,2.0276514700728696,0.44618042027951643
0.006283638664195735,0.5110369493804194,0.9384915965107896,2.032521254542096,0.44681394190568896
0.006058739028945797,0.5128461256069385,0.9380704802346694,2.037393845413806,0.4474323062047061
0.005832385325412079,0.5147099406796213,0.9383540888321982,2.0422688478383733,0.44803300526306056
0.005604631877396849,0.5166260239909888,0.9385631008193823,2.0471460179265724,0.4486230594867344
0.005375533344634408,0.5185919672653644,0.9387887549957687,2.052025088751599,0.44919867730861457
0.0051451447096729,0.5206053293622097,0.9390251444803431,2.056905767160599,0.4497597890496221
0.004913521264678782,0.5226636409591853,0.9385794657002287,2.0617877366350266,0.4503020577407475
0.00468071859816704,0.5247644091023062,0.9381038955965495,2.0666705405386807,0.4508194855499819
0.004446792581660129,0.526905121612347,0.9375983952478012,2.071553668368388,0.4513110143300661
0.004211799356279133,0.5290832513384494,0.9379990958592812,2.0764366447117717,0.45178543274423544
0.00397579531927011,0.5312962602515501,0.9378827583783563,2.081319308046987,0.4522563794287681
0.003738837110469086,0.5335416033718976,0.9381811140384484,2.086201583858486,0.4527220989829869
0.0035009815987087404,0.5358167325264168,0.938475513884448,2.091083324069645,0.4531791948720482
0.00326228586817012,0.5381190999331146,0.9379555122293881,2.0959643197757964,0.4536202833950155
0.003022807204682804,0.5404461616110371,0.9378599919344848,2.100844154406966,0.4540438997922589
0.002782603081976439,0.5427953806154778,0.938177308796762,2.1057226583312527,0.45446194168710213
0.0025417311478874893,0.5451642300992456,0.9384908172843566,2.1105996789932546,0.4548711308390972
0.0023002492105238977,0.5475501962017489,0.9379505836187644,2.1154750051487508,0.4552639972419259
0.0020582152243914455,0.5499507807685553,0.9373817986661959,2.120348165004806,0.45562934044926107
0.0018156872764850318,0.5523635039048086,0.9371502409822513,2.125218627949968,0.45597045275747733
0.0015727235723479577,0.5547859063665702,0.9369464808259933,2.1300859852095213,0.4562924176991577
0.0013293824221029234,0.557215551794682,0.9363618382770096,2.1349498398175495,0.4565916140814272
0.0010857222264579356,0.559650028796235,0.9367214461150215,2.139809712254474,0.45687039550739234
0.0008418014626903143,0.5620869528790801,0.937076355237687,2.144665355563828,0.4571402530643274
0.0005976786706124973,0.564523968245124,0.9364649032319184,2.149516561383976,0.45739351989151145
0.0003534124385227581,0.5669587494483881,0.9362133617755838,2.154362904369553,0.4576287157509422
0.00010906138914427733,0.5693890029239216,0.9361912657226882,2.159204231609877,0.45786074943484484
-0.00013531583444404438,0.5718124683938,0.9361268754728896,2.164040494091803,0.45808998384719357
-0.0003796605828815888,0.5742269201564413,0.9364835809836045,2.168871631649212,0.45831381997697873
-0.0006239142146016421,0.5766301682654824,0.9369016226300282,2.173697511117025,0.4585309652261105
-0.0008680181099050467,0.5790200596044,0.9372326392870454,2.178518041593487,0.4587424850206273
-0.0011119136850287123,0.5813944788629667,0.9375753089587124,2.1833330782314935,0.45894513553203997
-0.0013555424062052818,0.5837513494215256,0.9369747979629295,2.188142414647945,0.45913091012040375
-0.0015988458037111903,0.5860886341489069,0.9373275590713811,2.1929456054064747,0.45929582660251533
-0.001841765485898943,0.588404336119647,0.9367006141304703,2.197742366132283,0.45944391439742194
-0.002084243153210849,0.590696499255989,0.9360446052570729,2.202532213714942,0.4595632367922126
-0.0023262206121707012,0.5929632088999433,0.9363930534189135,2.2073146297214925,0.4596619625214823
-0.0025676397893499023,0.5952025923204691,0.936737011562502,2.212089376357482,0.45975201583473235
-0.0028084427453047827,0.5974128191606233,0.9371029446826404,2.2168562954493396,0.4598333551247336
-0.003048571688481794,0.599592101829315,0.936594886465336,2.22161520030864,0.4599004451607192
-0.0032879689890872527,0.6017386958420634,0.9369668845526966,2.2263657407619664,0.45995062410411425
-0.003526577192918182,0.6038509001149249,0.9373044719780959,2.2311077065168075,0.4599922506341107
-0.003764339035150994,0.6059270572155656,0.9366396863768461,2.235840904644435,0.46001743520217797
-0.004001197454084883,0.6079655535752021,0.9369838317666618,2.240564906790073,0.4600223631206497
-0.004237095604836258,0.609964819664921,0.937323586182053,2.245279486253563,0.46001901538388046
-0.004471976872981297,0.6119233301397105,0.937658901320671,2.2499844965135147,0.46000742472607214
-0.004705784888143136,0.6138396039532767,0.9369723923576986,2.25467975256119,0.4599797316018924
-0.004938463537520447,0.6157122044465769,0.936424222870332,2.2593648073860733,0.4599262551549653
-0.005169956979354265,0.61753973941277,0.9367749905780753,2.264039232395935,0.4598557174278014
-0.005400209656329788,0.6193208611411226,0.9362732573271358,2.268702841289863,0.459779649770566
-0.005629166308909785,0.6210542664422337,0.9366564281401647,2.2733555800377854,0.4596990701701851
-0.005856771988596712,0.6227386966567645,0.9370348206141447,2.277997329654627,0.4596102356054959
-0.006082972071119923,0.6243729376497046,0.9374087195442561,2.282627948737901,0.4595132504674735
-0.006307712269545466,0.6259558197920801,0.9367283709665196,2.2872472605066068,0.45940078131328643
-0.006530938647304504,0.6274862179318202,0.9361200176871183,2.2918548369346525,0.4592631354025233
-0.0067525976311379275,0.6289630513554079,0.9365144988137826,2.2964502588897426,0.4591087170232466
-0.006972636023953574,0.6303852837418037,0.9369086091122322,2.301033338467581,0.45894674987776
-0.0071910010175934075,0.6317519231099887,0.9361382613064199,2.305603919477261,0.45877126312275207
-0.007407640205507196,0.6330620217614066,0.936359988328396,2.310161679458706,0.45858150698319217
-0.007622501595329703,0.6343146762184374,0.9367532176246967,2.3147065085866743,0.45838740754328355
-0.007835533621358762,0.6355090271599698,0.9359060432199076,2.3192382765384587,0.4581801400623972
-0.008046685156930727,0.6366442593550296,0.9350782901163888,2.32375663130102,0.4579512167457704
-0.008255905526690609,0.6377196015953459,0.9354814830305602,2.3282612011781274,0.45770682761375653
-0.008463144518753985,0.6387343266276639,0.935879850539308,2.3327518191551846,0.4574555397479189
-0.008668352396757542,0.6396877510865201,0.9362734193836043,2.337228376027089,0.45719747300308294
-0.00887147991179558,0.6405792354281505,0.9365399577741762,2.3416907754987455,0.45693462873425866
-0.009072478314239558,0.6414081838661321,0.936872140546161,2.3461389789971903,0.45666804954534446
-0.009271299365437741,0.6421740443092833,0.9372627188740144,2.3505729045795194,0.4563950283929807
-0.009467895349292167,0.6428763083023227,0.9375874583715215,2.354992451483473,0.4561155564941737
-0.00966221908371045,0.6435145109697163,0.9379085162061964,2.359397520708558,0.4558297312998091
-0.00985422393192911,0.6440882309630988,0.9382258236085507,2.363788015019242,0.45553766825913106
-0.010043863813706248,0.6445970904126065,0.9371725875350604,2.3681638130336866,0.45523386910817515
-0.010231093216380516,0.6450407548824416,0.9374909151708014,2.3725246240363322,0.45491551733161856
-0.01041586720579404,0.6454189333309189,0.9378057398150235,2.376870302627339,0.45459127437763464
-0.01059814143707631,0.6457313780752266,0.938185350118915,2.3812007615683375,0.4542611595855044
-0.010777872165286759,0.6459778847610924,0.9385610179543545,2.3855159148211618,0.45392531280709336
-0.01095501625591334,0.6461582923375344,0.9388648206653424,2.389815679636756,0.4535838133704404
-0.011129531195224663,0.6462724830368013,0.9392093344930779,2.3940999822512636,0.45323827768184816
-0.011301375100472981,0.6463203823596331,0.9385821111225777,2.3983687671099196,0.4528837332944521
-0.011470506729945932,0.6463019590658916,0.9374742044159898,2.402621745623957,0.45251014774254067
-0.011636885492864263,0.646217225170634,0.937877515460799,2.4068586154539693,0.4521251310334773
-0.011800471459123604,0.6460662359456202,0.9372287673200123,2.41107927888588,0.45173206730091
-0.01196122536887724,0.64584908992627,0.9376216264664348,2.4152835067312775,0.4513266098200152
-0.012119108641958502,0.645565928924024,0.9369423385942732,2.4194711630662344,0.4509118481605767
-0.012274083387139693,0.6452169380440452,0.9373705358743012,2.4236420348091823,0.4504869084476648
-0.01242611241122589,0.6448023457081823,0.9377693383135575,2.4277960626240724,0.45005936491034354
-0.012575159227981093,0.6443224236830559,0.9381627058812693,2.4319332054116125,0.4496275304646884
-0.012721188066884773,0.6437774871131465,0.9370718010408656,2.4360533899609744,0.449187222179338
-0.012864163881716474,0.6431678945586699,0.9359699539774284,2.440156402809712,0.44873290177412994
-0.013004052358966983,0.6424940480380593,0.9363726200602046,2.444242028376745,0.448269326041645
-0.01314081992607331,0.6417563930747858,0.9367698121458075,2.448310194407053,0.4478023065336892
-0.013274433759475778,0.640955418748232,0.9371652372016136,2.452360866885542,0.4473318760738015
-0.013404861792495773,0.6400916577483053,0.9376332728799608,2.4563940183292905,0.446859046822944
-0.013532072723031448,0.639165686433419,0.9380169855803273,2.4604096496604257,0.4463843050565757
-0.013656036021070142,0.6381781248914121,0.9384009840132125,2.4644077409688685,0.4459064296686306
-0.013776721936015346,0.6371296370029725,0.9377325942090269,2.4683882507976826,0.4454226223100091
-0.013894101503826794,0.6360209305070309,0.9370340470821128,2.472351043392812,0.44492929648647805
-0.014008146553971652,0.6348527570675534,0.9374340688369326,2.4762959884325015,0.4444298734762297
-0.014118829716185324,0.6336259123411148,0.9367073111056453,2.4802230392593647,0.4439261757953395
-0.014226124427040174,0.6323412360445393,0.9371194786244688,2.4841321220619936,0.4434176492115871
-0.014330004936320674,0.6309996120218408,0.9360131636831607,2.4880232068866395,0.4429057269042268
-0.014430446313203171,0.6296019683096387,0.9364293529852773,2.4918962453208757,0.44239020021101877
-0.014527424452239418,0.6281492772000912,0.9368327277153211,2.4957512331278844,0.44187343499261506
-0.014620916079141528,0.6266425553003562,0.9360973451785468,2.4995881760111405,0.44135460153483774
-0.014710898756367835,0.6250828635874642,0.9365441250811218,2.50340706404388,0.44083403362359375
-0.014797350888507768,0.6234713074573907,0.9357867678373819,2.507207914805868,0.4403126219858588
-0.01488025172746451,0.6218090367670167,0.9362449350878708,2.5109907432608893,0.43979039940327413
-0.014959581377434718,0.6200972458675514,0.9350960219078673,2.51475557917784,0.43926835818381765
-0.015035320799683227,0.618337173627845,0.9355128311973397,2.5185024716515563,0.43874696945202263
-0.015107451817112202,0.6165301034459335,0.9359255107000464,2.522231458893555,0.4382254281557045
-0.015175957118623736,0.6146773632469764,0.9347735943277672,2.5259425815582275,0.4377053554970334
-0.015240820263274264,0.6127803254656218,0.9336082674816272,2.52963594411772,0.4371903171683073
-0.015302025684220469,0.6108404070106923,0.9324554034148178,2.5333117061040538,0.4366826271006289
-0.015359558692455096,0.6088590692098815,0.9313160739184817,2.536970072794264,0.4361846424654064
-0.015413405480332407,0.6068378177320329,0.9307786167321201,2.540611273558802,0.4356940677314862
-0.015463553124881698,0.6047782024843473,0.9312085582406365,2.544235413433483,0.4352050952011894
-0.01550998959090904,0.6026818174817117,0.9316337716957191,2.5478425599167616,0.4347178743310192
-0.015552703733885462,0.6005503006851238,0.9308721662058606,2.551432800161985,0.43423605311521235
-0.015591685302621746,0.5983853338060059,0.9296468191884532,2.5550063630591433,0.433767730385039
-0.01562692494172845,0.5961886420729713,0.9288503033564873,2.5585635960533026,0.4333155557303832
-0.01565841419386138,0.5939619939574226,0.9293466139913907,2.562104805266078,0.4328724436239119
-0.01568614550175119,0.5917072008541062,0.9288091630955715,2.5656300955364566,0.4324305178845237
-0.015710112210017026,0.5894261167125563,0.9275525046448528,2.569139571025633,0.4319985385094384
-0.0157303085667641,0.5871206376151238,0.9267501733743162,2.5726336187512198,0.4315871731392766
-0.015746729724963576,0.5847927012970612,0.9272592719272023,2.5761126119465168,0.4311869717109145
-0.015759371743616385,0.5824442866039105,0.9264390181510942,2.579576703879279,0.43079504420295955
-0.015768231588698757,0.5800774128812273,0.9255921844006848,2.5830262409989615,0.43042308540826313
-0.01577330713389036,0.5776941392914601,0.9265545247461899,2.5864616212363645,0.4300638285957477
-0.015774597161084723,0.5752965640525803,0.9270832051361872,2.589882967683584,0.42970545153743034
-0.015772101360681554,0.572886823592909,0.925863597489999,2.5932903890473384,0.42936035135180733
-0.01576582033166093,0.5704670916163556,0.9263227349081729,2.596684372802761,0.4290363310797147
-0.015755755581439667,0.5680395780721728,0.9267766455280417,2.6000651466966933,0.4287168290758828
-0.015741909525509513,0.5656065280231782,0.9259092176352427,2.603432866981652,0.4284098139604124
-0.01572428548685742,0.56317022040629,0.9263725670874728,2.6067879307252264,0.42811948088486645
-0.015702887695168078,0.5607329666791584,0.9268361348392685,2.6101305382812012,0.4278339829280405
-0.015677721285808802,0.5582971093466554,0.9259467532810315,2.613460854501678,0.4275618915481431
-0.015648792298596944,0.5558650203609756,0.9264191770381979,2.616779300610223,0.42730761973403275
-0.015616107676350705,0.5534390993891921,0.9255141821583149,2.620086132632953,0.4270674842308224
-0.015579675263222426,0.5510217719422354,0.9259945071454856,2.6233817913870183,0.42684608997542
-0.015539503802816412,0.5486154873594309,0.9250670858301726,2.6266665426760056,0.42663946150592924
-0.015495602936090348,0.5462227166430179,0.9238666950323677,2.629940923332264,0.42646817343883914
-0.015447983199041478,0.5438459501374008,0.9229067994379877,2.6332057632434456,0.42633647793190577
-0.015396656020178156,0.5414876950483026,0.921921830583907,2.6364617618126673,0.4262362427092413
-0.015341633717776887,0.5391504727975063,0.9224258087407424,2.639709519256575,0.42615754387300536
-0.015282929496926143,0.5368368162094933,0.9214149151290046,2.642949327649804,0.42609539899031557
-0.015220557446357164,0.5345492665269727,0.9203799643177392,2.6461817475066356,0.4260660343782082
-0.015154532535062682,0.5322903702531426,0.9209053318254851,2.6494074005074206,0.4260590981914016
-0.015084870608704438,0.5300626758194333,0.9198553680872656,2.6526265872631276,0.42606946765965936
-0.015011588385810423,0.5278687300785223,0.9203838575124955,2.6558398344634844,0.4261027782287053
-0.014934703453762303,0.5257110746235766,0.920912488199742,2.659047387853736,0.426142193356054
-0.014854234264574735,0.5235922419359265,0.9214248783125667,2.6622493824091813,0.4261878600694806
-0.01477020013046686,0.5215147513647618,0.921930379549037,2.6654459555216805,0.426239909085473
-0.014682621219227502,0.5194811049438998,0.9224291916015662,2.668637245361904,0.42629831711949645
-0.014591518549374946,0.5174937830522813,0.9229192642182901,2.671823389811707,0.426363116262784
-0.014496913985112662,0.5155552399264719,0.9234030430030536,2.675004526945082,0.42643431431221834
-0.01439883023108189,0.5136678990352217,0.9223445613253292,2.6781808534521234,0.42652361378886305
-0.014297290826912905,0.5118341483279029,0.9212619021210519,2.6813529736188433,0.4266485555628323
-0.01419232014157517,0.5100563353705106,0.9217631184674394,2.6845215516502585,0.4267976024467101
-0.014083943367529345,0.5083367623847497,0.9222743589434013,2.687686841168934,0.42695308736031057
-0.013972186514680952,0.5066776812076033,0.9213030676114446,2.690849083015323,0.4271361080291064
-0.013857076404138266,0.5050812881906066,0.9203547874081752,2.6940092547786363,0.4273783112444351
-0.013738640661775237,0.5035497190598252,0.9208447228057197,2.697168437783302,0.42765860853104914
-0.013616907711601473,0.5020850437592284,0.9214840406968607,2.70032696311391,0.42794327316704905
-0.013491906768940765,0.5006892613017165,0.921958496130132,2.703484888019103,0.42823124430419157
-0.013363667833419262,0.4993642946534994,0.9208407438686099,2.7066423808465854,0.4285375425722819
-0.013232221681765917,0.49811198567875675,0.9213238851782408,2.709799989050755,0.4288684117030633
-0.013097599860426213,0.49693409017255435,0.9207902663392139,2.7129580738354533,0.42922757802421857
-0.012959834677990988,0.49583227301077926,0.9212703636551984,2.7161175234390305,0.42962571356416307
-0.012818959197442786,0.49480810344637455,0.9201184971812776,2.719278734628263,0.4300415979686872
-0.012675007228220696,0.4938630505813993,0.9202542653197168,2.7224422204274292,0.4304787477039297
-0.012528013318106315,0.4929984790443373,0.920326699726959,2.725608127940042,0.4309167445956007
-0.012378012744932509,0.4922156449016615,0.9191606052230011,2.7287765379494626,0.4313691973052868
-0.012225041508116768,0.4915156918319116,0.9191909096713059,2.731947936489994,0.4318428027662164
-0.01206913632002165,0.4908996475894256,0.9196618744833098,2.7351224797505878,0.4323192720178997
-0.011910334597143947,0.4903684207833904,0.9209755495694442,2.738300248808975,0.43279962818272083
-0.01174867445113484,0.48992279799613225,0.9210087142610944,2.7414812759127716,0.43328093541277796
-0.011584194679653366,0.48956344126237783,0.9209818597369306,2.744665572294891,0.43376308418024895
-0.0114169347570552,0.48929088592886133,0.9222414705661487,2.747853146998275,0.4342459334413831
-0.011246934824918823,0.4891055389109001,0.9226654753811018,2.7510440186155223,0.43473165863943436
-0.011074235682411981,0.4890076773596688,0.9228485261837199,2.754238385520897,0.4352444920263437
-0.010898878776499818,0.48899744775071696,0.9240708126966358,2.757437085446418,0.43579272850656037
-0.010720906191998043,0.4890748654010245,0.9244755487359236,2.7606403646868642,0.4363435803391609
-0.010540360641472634,0.48923981441845227,0.9250709503339983,2.7638482953129935,0.436898002503036
-0.010357285454989068,0.489492048083989,0.9256572716548408,2.7670609010801233,0.43745317417657026
-0.010171724569713292,0.4898311896637437,0.9260415874499768,2.770278197457133,0.43801100806017546
-0.00998372251936705,0.49025673364418926,0.9264181583305732,2.7735002664546826,0.43857437995608767
-0.009793324423539987,0.4907680473808441,0.9267881040465902,2.7767272098004767,0.4391433393022502
-0.009600575976861113,0.49136437314740505,0.9271577651548435,2.7799591287097316,0.43971780243287156
-0.009405523438032512,0.4920448305693517,0.9275165826180266,2.783196122471996,0.44029771997091965
-0.009208213618727085,0.4928084194232783,0.9278713675234025,2.7864382893536193,0.44088300114893425
-0.00900869387235439,0.49365402278072523,0.9266845913455499,2.7896857784112474,0.44148414987170453
-0.008807012082695876,0.49458041047309814,0.9254677419233934,2.792939103657366,0.44211652085155684
-0.008603216652412858,0.495586242852368,0.925841774748042,2.7961988176105868,0.4427691750773392
-0.008397356491430412,0.4966700748207313,0.9245962843957005,2.7994651559593104,0.44343644475348265
-0.00818948100519898,0.49783036010119935,0.923321248751487,2.8027385903307414,0.4441325382329855
-0.007979640082837417,0.4990654557202635,0.9245297914051859,2.8060196168652984,0.4448455571010144
-0.007767884085159818,0.5003736266732642,0.92567240034311,2.809308337351874,0.44555891876508646
-0.007554263832589149,0.501753050742943,0.9267488222349339,2.8126047432258523,0.44627244875241195
-0.007338830592960656,0.5032018234418176,0.9271084843024938,2.8159088211395544,0.446987089677227
-0.007121636069217645,0.5047179630494555,0.9276838166286897,2.8192206094094665,0.44770425287093196
-0.006902732387003314,0.5062994157164793,0.9263684806496585,2.8225401637503618,0.4484320954852702
-0.006682172082150567,0.507944060608101,0.925022958400726,2.825867888246565,0.44918575673691663
-0.006460008088073856,0.5096497150611917,0.9236487134575956,2.8292042701131663,0.44996395478065127
-0.00623629372306533,0.511414139730263,0.9247213284285475,2.8325497214101993,0.4507560012536899
-0.006011082677498712,0.5132350436993135,0.9250928632888333,2.8359043108835214,0.45154858636838396
-0.005784429000943918,0.5151100895381117,0.928334348072424,2.839268135481158,0.4523581136566326
-0.005556387089195278,0.5170368982832964,0.9286929237559617,2.8426417132423434,0.453190780152598
-0.0053270116712170025,0.51901305432645,0.9290456404000396,2.8460252113088833,0.45402581888021615
-0.005096357796008383,0.5210361101931951,0.9293938812569836,2.849418656536684,0.45486318674462123
-0.004864480819392236,0.5231035911991944,0.9335892982578007,2.852822131614985,0.45571413375300673
-0.004631436390729929,0.525212999970806,0.9341540474292764,2.8562360535025975,0.4565833651599025
-0.004397280439565679,0.5273618208199352,0.9327731007780863,2.8596605452565123,0.4574581155906803
-0.00416206916220376,0.52954752396439,0.9313648359435847,2.863095816736948,0.45834697092067905
-0.003925859008221703,0.5317675695867189,0.9299267172197203,2.866542110282786,0.4592481432419972
-0.0036887066669225774,0.5340194117261149,0.9302914679016908,2.869999612658633,0.46015606984449986
-0.003450669053729955,0.5363005019994636,0.9306498094318993,2.8734683504362213,0.46106429321363057
-0.003211803296528366,0.5386082931490103,0.9316494172616118,2.8769483025347657,0.46197205630597776
-0.0029721667219528903,0.5409402424154214,0.9322398370760863,2.880439425503761,0.46287848648127594
-0.002731816841631189,0.5432938147361773,0.9307671816228524,2.8839416903135784,0.46378755332179367
-0.0024908113383807777,0.5456664857703177,0.9378054518146998,2.887455202410694,0.4647043700570263
-0.002249208052365578,0.5480557447515042,0.9438116287337033,2.8909800661513687,0.4656255702872422
-0.002007064967214473,0.5504590971721988,0.9424802818328871,2.894516300514618,0.4665473242612744
-0.001764440196105607,0.5528740673025208,0.9427957966880456,2.898063878824576,0.46746799023484054
-0.001521391967819362,0.5552982005479447,0.9414284930548785,2.9016227452629333,0.46838676262400314
-0.0012779786127638535,0.5577290656505667,0.9417516508279331,2.905192829946622,0.469302591161482
-0.0010342585489758972,0.5601642567390854,0.9420671921827887,2.9087740519263496,0.47021568609752284
-0.0007902902681008491,0.5626013952330217,0.9423757789688618,2.9123663350232216,0.4711260360362209
-0.0005461323213550444,0.5650381316069731,0.9426779796877278,2.9159696011797793,0.4720335445456578
-0.00030184330547370557,0.5674721470208933,0.9429744749661185,2.9195837708430714,0.47293810923158447
-5.748184864801636e-05,0.5699011548225483,0.9432648982778106,2.923208766175941,0.47384009916833064
0.00018689340354538836,0.5723229019283682,0.943554557298314,2.9268445110188184,0.47473904536548434
0.0004312238022190155,0.5747351700889308,0.9438392313885203,2.9304909205158456,0.47563478010269167
0.0006754507092500182,0.5771357770453199,0.9443359802978033,2.9341479108349566,0.4765276158516556
0.000919515511353038,0.5795225775825318,0.9511821694283035,2.9378153906854223,0.47741440679674413
0.001163359634147157,0.5818934644859709,0.9513531005133944,2.9414931619284643,0.4782928598981162
0.0014069245562133724,0.5842463694070262,0.9515204265102462,2.945181100676392,0.4791677193896085
0.0016501518231395679,0.5865792636434818,0.9516831182442567,2.9488791127582226,0.4800387523969629
0.0018929830615491876,0.5888901588404178,0.9523333672258913,2.9525871036739457,0.4809064400096453
0.002135359993110683,0.5911771076170136,0.9529331041733238,2.956304996352178,0.4817715344910241
0.002377224448523925,0.5934382041244987,0.9530801194128016,2.960032717047221,0.48263357680144864
0.002618518381480604,0.5956715845402686,0.953228409975855,2.9637701754288654,0.48349178926874103
0.002859183882595084,0.5978754275029634,0.9535603468505812,2.967517276910435,0.484346633710846
0.00309916319330232,0.6000479544931033,0.9537015991123156,2.9712739435550937,0.48519837851072617
0.0033383987197196886,0.6021874301636132,0.9538402006591734,2.9750400814122764,0.48604610911829854
0.003576833046469247,0.6042921626243921,0.9539760180093131,2.978815595347931,0.4868900642066275
0.0038144089504570755,0.6063605036848178,0.9541048086949201,2.982600386085159,0.4877298252708723
0.004051069414606659,0.6083908490578832,0.9546397680528289,2.9863943544771807,0.48856601347148443
0.004286757641542603,0.6103816385294362,0.9551245540036977,2.9901974227737496,0.4893995113760445
0.004521417067221771,0.6123313560957869,0.9555599202822121,2.9940095185146816,0.49023027574097383
0.004754991374508453,0.6142385300727482,0.9542799879165436,2.997830547331171,0.4910538457776733
0.004987424506690066,0.6161017331789662,0.9545946103082009,3.0016602756992885,0.49186760326198437
0.005218660680930637,0.6179195825962264,0.9532737880456001,3.0054985571186723,0.4926733058793685
0.005448644401658304,0.6196907400092273,0.9534121100773282,3.009345126685437,0.4934671098497116
0.005677320473884068,0.6214139116271425,0.9540351163714462,3.0131998153091293,0.49425506195773383
0.0059046340164482765,0.6230878481891347,0.9541480255109623,3.017062482217893,0.49503694028916134
0.006130530475191875,0.6247113449558249,0.9542733449733398,3.0209330001016372,0.49581345676090494
0.006354955636049125,0.6262832416885633,0.9543957769189558,3.0248112442752895,0.49658442138564335
0.00657785563805867,0.6278024226182256,0.9544868775308327,3.0286970916168148,0.4973506750193871
0.006799176986290019,0.6292678164051132,0.9531175146936979,3.0325904202716085,0.498107084608848
0.007018866564681957,0.6306783960914183,0.9516989639788337,3.036490877773981,0.4988426278081194
0.007236871648790231,0.6320331790475908,0.9502324037508948,3.0403980162073925,0.49955563126152713
0.007453139918441151,0.6333312269138522,0.9503825128545154,3.0443113913184208,0.5002517317587875
0.0076676194702880954,0.6345716455379666,0.9488685913542877,3.048230751705445,0.5009337143194923
0.007880258830268166,0.6357535849103315,0.9473087031493607,3.0521556499790794,0.5015896698411101
0.0080910069659557,0.6368762390973075,0.9457036020748752,3.0560855404032368,0.502218168603243
0.008299813298809734,0.6379388461736668,0.9440545512070172,3.0600198509630645,0.5028178885213651
0.008506627716312738,0.63894068815495,0.9442399702374396,3.0639580304910488,0.5033966194449838
0.008711400583997211,0.6398810909304209,0.9444315954760785,3.067899824419823,0.503967332066456
0.008914082757357894,0.6407594241972994,0.9449988169657001,3.071845073580656,0.504531685076916
0.009114625593646048,0.6415751013968276,0.9455207029928407,3.0757936766077885,0.5050921473554792
0.009312980963543693,0.6423275796527261,0.9459296137881508,3.0797455529142224,0.5056490971063552
0.009509101262714143,0.6430163597124812,0.9460894456618254,3.0837006169965244,0.5062006972381018
0.009702939423226968,0.6436409858919208,0.9444095429428523,3.08765867145982,0.5067346515662148
0.00989444892485419,0.6442010460234278,0.9435936493422098,3.0916192032260605,0.5072442792060277
0.010083583806234649,0.6446961714081532,0.9441081052514245,3.0955818984459875,0.5077450009988248
0.010270298675904727,0.6451260367724966,0.9442721973758366,3.0995466311699684,0.5082398614373413
0.01045454872319194,0.6454903602291328,0.9444528380376483,3.103513244071729,0.5087261064370142
0.010636289728969421,0.6457889032427918,0.944630171557441,3.1074815590543605,0.5092035687081939
0.010815478076268108,0.6460214706009901,0.9428968927930574,3.1114513485336186,0.5096622720256488
0.010992070760744845,0.646187910389859,0.9411180567924569,3.1154220252520193,0.5100861572956874
0.011166025401003034,0.6462881139752084,0.9413175897861914,3.119392937014378,0.510485207154931
0.011337300248763988,0.6463220159889088,0.9415140779243856,3.123363797426261,0.5108751656274966
0.011505854198886424,0.6462895943206726,0.9417054595655455,3.1273344237902716,0.5112560019541246
0.011671646799231446,0.6461908701152723,0.9418914207480028,3.131304635168272,0.5116277285805749
0.01183463826037071,0.6460259077751979,0.9420747590035297,3.1352742499229884,0.5119903017261265
0.01199478946513603,0.6457948149687607,0.9425973227707115,3.139243095704261,0.5123457764453743
0.012152061978006964,0.6454977426435864,0.9407780703131752,3.14321100937166,0.5126840711423516
0.012306418054335388,0.6451348850454356,0.9389138341660742,3.1471773805713372,0.5129849186115103
0.012457820649403905,0.6447064797422597,0.9391090464450448,3.1511415180172815,0.5132593946178271
0.012606233427316456,0.6442128076533581,0.9380647955890588,3.1551031097602737,0.5135214011001148
0.012751620769718778,0.6436541930834884,0.9382736281151264,3.1590618655849023,0.5137693756872376
0.012893947784346571,0.6430310037617362,0.9384780706380746,3.163017572949512,0.5140079643604208
0.013033180313399492,0.6423436508849364,0.9386779526913593,3.1669700471607496,0.5142369032949612
0.013169284941738984,0.6415925891653663,0.9375313856433198,3.170919087634496,0.5144531376394811
0.01330222900490748,0.6407783168824499,0.9363660445605324,3.174864382579885,0.5146517119319411
0.01343198059696805,0.6399013759381027,0.9344405221798429,3.1788055423468973,0.5148241450637714
0.013558508578161392,0.6389623519153713,0.9345708504047405,3.1827419560270296,0.5149718357695177
0.013681782582379426,0.637961874139929,0.9326066200192275,3.1866733487896326,0.515101887853217
0.013801773024452839,0.6369006157439493,0.9328189178339946,3.190599158232813,0.5152050652633192
0.013918451107251498,0.6357792937318519,0.933052594984683,3.1945190920386786,0.5152988827072332
0.014031788828595656,0.6345986690473144,0.9335391846041919,3.198432986097899,0.5153856628601197
0.014141758987976176,0.6333595466409149,0.9337646244278994,3.2023407474854957,0.5154666043693841
0.014248335193082771,0.6320627755376943,0.9339857815211873,3.206242224663164,0.5155381728202436
0.014351491866137708,0.6307092489038537,0.9327719466338331,3.2101372217200095,0.51559611747857
0.014451204250034698,0.6292999041117161,0.9307685047174332,3.214025357231648,0.5156266704750254
0.014547448414280179,0.6278357228020197,0.9287240136437108,3.2179059521892346,0.5156190446079146
0.014640201260736774,0.6263177309425078,0.9288238063047961,3.2217783324846545,0.5155874059648244
0.014729440529166572,0.6247469988816754,0.9267463494023558,3.2256422429250446,0.5155389436980633
0.014815144802573505,0.6231246413964602,0.9246309024566655,3.229497095967992,0.515453734019496
0.014897293512343295,0.6214518177325208,0.9224797782102955,3.233342185596416,0.5153328105260307
0.014975866943179995,0.6197297316356584,0.922731973346237,3.2371768796768317,0.5151874978647946
0.015050846237837376,0.6179596313727937,0.9230228637374014,3.2410009251246827,0.5150338116558935
0.015122213401644581,0.6161428097407948,0.9235877516795619,3.244814186465686,0.5148738745913342
0.015189951306824918,0.6142806040612921,0.9238677690825237,3.2486165897189063,0.5147084747376941
0.015254043696606302,0.6123743961595037,0.9241417425206057,3.2524080070322334,0.5145347142765034
0.015314475189122791,0.6104256123248893,0.9244109083923966,3.2561882941322904,0.5143526788157868
0.015371231281106318,0.6084357232513288,0.9246792484286778,3.259957310993554,0.5141625962037978
0.015424298351367247,0.6064062439543355,0.9254462914993254,3.263714927354614,0.5139662620685979
0.01547366366406345,0.6043387336626189,0.9232773064570131,3.2674610194993825,0.513754550260019
0.015519315371756767,0.6022347956811505,0.9235486379561769,3.2711951178539564,0.5135200576192986
0.015561242518256588,0.6000960772226599,0.9238149155134604,3.274916994008109,0.5132778882162822
0.015599435041248945,0.5979242692043187,0.9240780910083827,3.278626518450629,0.5130280288251929
0.015633883774711685,0.5957211060061314,0.9243349428310946,3.282323562918567,0.5127705725172982
0.015664580451114136,0.5934883651873455,0.9245867655382862,3.286008000993116,0.5125055370598918
0.015691517703401284,0.5912278671569958,0.9231478918839956,3.2896796805950825,0.5122277589560745
0.015714689066761975,0.5889414747944368,0.9234028712148799,3.2933382973438343,0.511934928267014
0.01573408898018013,0.5866310930155266,0.9219753720984907,3.2969836573749745,0.5116300392551624
0.01574971278776963,0.584298668279881,0.9221816139575678,3.300615474250287,0.5113108496661615
0.015761556739891762,0.5819461880344015,0.9223218933056313,3.3042335984886844,0.5109866558197327
0.01576961799405484,0.5795756800880655,0.9225799898459723,3.307837984170135,0.5106583899615371
0.015773894615596504,0.5771892119127375,0.9228333804000314,3.3114285443906395,0.5103235621757429
0.015774385578148132,0.5747888898645923,0.9206482834553034,3.3150051307373665,0.5099735801350379
0.015771090763881095,0.57237685832051,0.9209109044171381,3.318567346842066,0.5096046698117886
0.01576401096353502,0.5699552987236597,0.9211693984709337,3.322115013995117,0.5092296582516816
0.015753147876227915,0.5675264285323364,0.9214258817243406,3.325648037858932,0.5088484170914482
0.015738504109048687,0.5650925000659605,0.9216780101841221,3.3291663243073097,0.5084610686436866
0.015720083176431157,0.5626557992420997,0.9219278845403014,3.332669781872148,0.5080677259173396
0.015697889499310703,0.5602186441982568,0.9221736754806952,3.3361583218807196,0.5076685309204325
0.015671928404063236,0.5577833837922035,0.9224132353034099,3.3396318560419833,0.5072632809666003
0.015642206121227135,0.5553523959746144,0.9209816087466994,3.343090269232568,0.5068473635647038
0.015608729784007513,0.5529280860278722,0.9211089445378418,3.3465333200655025,0.5064203391792174
0.015571507426564626,0.5505128846650383,0.9211639279669428,3.3499609440382256,0.50599177305602
0.01553054798208561,0.5481092459831814,0.9214008407653564,3.3533731337266333,0.505560113056121
0.015485861280640504,0.5457196452655516,0.9192212688444225,3.356769794290043,0.5051165438565005
0.015437458046823145,0.5433465766274227,0.9194728399919239,3.3601506259326808,0.5046582766685296
0.015385349897177342,0.5409925505008837,0.9197209021123476,3.363515499115562,0.5041952745378475
0.015329549337408876,0.5386600909543899,0.9199656944549465,3.366864351821678,0.5037276339043991
0.015270069759384186,0.5363517328435039,0.9177641018771813,3.3701970976656517,0.5032500753087449
0.015206925437916555,0.5340700187900087,0.9180128684245465,3.3735134924382044,0.5027601738332126
0.01514013152733996,0.5318174959874041,0.9157843941652977,3.3768134080919525,0.5022615467701225
0.0150697040578724,0.529596712831746,0.9160420536109509,3.3800966390088996,0.5017523407451107
0.014995659931768417,0.5274102153778722,0.9163026524535096,3.3833631006739098,0.5012396349713116
0.014918016919262863,0.5252605436221982,0.9164250735256106,3.386612763387498,0.5007245433373765
0.014836793654306025,0.5231502276145924,0.9166775535230774,3.3898456279995317,0.5002076019121865
0.014752009630091672,0.521081783403207,0.9144408386605591,3.393061654271878,0.4996839570520122
0.01466368519437858,0.5190577088176623,0.9121792234746033,3.3962606823887382,0.4991497594116491
0.01457184154460733,0.5170804790975516,0.9104581248650873,3.3994425612188577,0.49860765548660335
0.014476500722813049,0.5151525423749336,0.9107398607410789,3.402607199533674,0.4980612112631199
0.014377685610335304,0.5132763150212264,0.9108862672110217,3.405754581795141,0.4975135409058706
0.01427541992232674,0.5114541768707139,0.9111607466736078,3.408884726237109,0.496964894170163
0.014169728202061605,0.5096884663347343,0.9117133257409793,3.4119976385204747,0.49641481726941133
0.01406063581504536,0.5079814754224703,0.9094534558924081,3.41509332591493,0.49586278041267257
0.013948168942927316,0.506335444686136,0.9076537153439423,3.418171769516163,0.4953081608300285
0.013832354577216887,0.5047525581101461,0.908223597258272,3.421232968501607,0.4947524600869024
0.013713220512805905,0.5032349379656466,0.9092338663263382,3.424276941383123,0.4941959689164623
0.013590795341297965,0.5017846396534321,0.9069614513219303,3.427303706598706,0.49363927867414426
0.013465108444146558,0.5004036465598306,0.9079325869146373,3.4303133137683695,0.49308329694615805
0.013336189985603673,0.49909386495152236,0.9082055996052498,3.4333057904300546,0.4925265569060383
0.013204070905480534,0.49785711893647133,0.9059238699320346,3.436281171577103,0.49197152909182806
0.013068782911722223,0.49669514551912075,0.9068692162979093,3.43923955713138,0.49141926859983537
0.012930358472797781,0.49560958977875946,0.9071426533457366,3.4421809934151573,0.4908667417418477
0.012788830809908055,0.49460200020040623,0.9048544776312956,3.4451055287505414,0.4903173403941905
0.012644233889012873,0.4936738241877483,0.9025552596546982,3.448013330253422,0.48977706929334175
0.012496602412679088,0.4928264037875018,0.900654940454901,3.450904633997163,0.48924755911833934
0.012345971811752338,0.4920609716540606,0.9012583134240071,3.4537796723598966,0.4887248735679648
0.012192378236853894,0.4913786472824984,0.9015518446365622,3.456635625789992,0.48791255627153735
0.012035858549704388,0.4907804335367639,0.8996658963447688,3.4594696609559605,0.4871026912607697
0.011876450314277351,0.4902672134984188,0.8973628886357043,3.462281896452237,0.48629748816951684
0.01171419178778421,0.48983974765937416,0.895056805165854,3.4650724825624057,0.4854979745605148
0.011549121911492382,0.4894986714799114,0.8953786524586896,3.467841563569568,0.48470205506407765
0.011381280301379856,0.4892444933307832,0.8956950483134188,3.470589218856134,0.48390705571667697
0.01121070723862734,0.4890775928354345,0.896005276619378,3.4733155081526643,0.48311286893345184
0.011037443659951117,0.48899821962541734,0.8966135951995475,3.4760204915405772,0.48231952502062714
0.01086153114777842,0.48900649251886397,0.8943276117039477,3.4787042342730614,0.48152860951254445
0.010683011920267714,0.4891023991286033,0.8920438707976983,3.481366865443701,0.48074302199271396
0.010501928821176669,0.48928579590303783,0.8900291628952366,3.484008532127018,0.4799623816857671
0.010318325309579887,0.489556408599473,0.8906645518248469,3.486629355636051,0.4791840830444978
0.010132245449438757,0.4899138331860912,0.8886689976715129,3.4892294022263184,0.47840763157375876
0.009943733899026549,0.49035753716538666,0.8864078815220803,3.491808785207658,0.47763583200967974
0.009752835900210404,0.4908868613085569,0.8845402195784561,3.494367641758547,0.47686858790870146
0.009559597267593754,0.4915010217872076,0.8850322075454734,3.496906089061515,0.47610392694590326
0.009364064377520818,0.4921991126857993,0.8853785227581014,3.4994241920756664,0.47533990320125724
0.009166284156946617,0.4929801088755352,0.8857186904615431,3.501922007117489,0.474576717639035
0.00896630407217471,0.493842869227986,0.8860536087086364,3.504399592248396,0.4738144615350337
0.008764172117465501,0.4947861401445966,0.8845585785159069,3.5068570107890022,0.4730539740697082
0.00855993680351785,0.49580855937643536,0.8831078341871721,3.5092943555310026,0.47229655700216894
0.008353647145826733,0.49690866010707224,0.884087426771565,3.5117117218093776,0.47154106340696805
0.008145352652919761,0.4980848752703573,0.8844082618073558,3.514109168771689,0.4707862423603458
0.007935103314475405,0.49933554207409897,0.8821526912404436,3.5164867616839137,0.4700339285615152
0.007722949589325607,0.5006589067002298,0.8824867031150478,3.518844613184332,0.469284863771348
0.00750894239334607,0.5020531291519189,0.881805262986069,3.521182795711375,0.46853663597978223
0.007293133087236526,0.5035162882183694,0.8795265305541493,3.5235013761489924,0.4677911433023773
0.007075573464194515,0.505046386528491,0.8798658750517554,3.525800470795611,0.46704899768198205
0.006856315737485287,0.5066413556654763,0.8805085157566639,3.528080152194087,0.466307574228237
0.006635412527910713,0.5082990613153128,0.8808399767163064,3.5303404690883387,0.46556669050611854
0.006412916851180756,0.5100173084235099,0.8811606399873622,3.532581477776701,0.4648268663348379
0.006188882105189774,0.511793846335745,0.8809231925155757,3.534803232653444,0.4640874332832281
0.005963362057201419,0.513626373899703,0.8808550807328666,3.5370057779973885,0.46334833798968805
0.0057364108309446386,0.5155125445070698,0.8808609572077367,3.5391891568000586,0.4626093864037455
0.005508082893624381,0.5174499710564151,0.8811740941558983,3.5413534132017843,0.46187098991572023
0.005278433042849537,0.5194362308195334,0.8787816012593975,3.54349860820176,0.4611350344591522
0.005047516393481931,0.5214688701956719,0.8790962553474758,3.5456248561561545,0.4604025768077492
0.004815388364408998,0.5235454093399237,0.8794033758247941,3.547732228258745,0.4596707909419937
0.004582104665243451,0.525663346653915,0.8797040929923534,3.549820777415847,0.45893991311395504
0.004347721282953255,0.5278201631287185,0.8800000714047579,3.55189056056516,0.45821001455734184
0.004112294468425104,0.5300133265316449,0.8809331368640115,3.5539416315394465,0.45748063203438216
0.003875880722964369,0.5322402954302474,0.8815486993627919,3.5559740349359408,0.45675168228712776
0.0036385367847351496,0.5344985230484421,0.8824611013659318,3.5579878152872806,0.4560225858820752
0.0034003196151433045,0.5367854609511241,0.8800510887669007,3.559983003536446,0.4552945822771818
0.003161286385166065,0.5390985625550436,0.881267632675882,3.5619596961270243,0.45456891287044005
0.0029214944616312026,0.5414352864649676,0.8818949851959381,3.5639179288813656,0.4538425396464185
0.0026810013934493375,0.5437930996353059,0.8794553978600101,3.565857750189213,0.453118451289054
0.002439864897802407,0.5461694803584211,0.877034179192523,3.5677792798411843,0.4523995926474148
0.0021981428462918796,0.54856192108179,0.8746330623592933,3.569682661191566,0.4516859559371587
0.0019558932510497836,0.5509679310569682,0.8722557455957674,3.5715680261098592,0.45097685310672814
0.0017131742508161585,0.5533850388240668,0.8729313109059278,3.573435495873648,0.45027078043889457
0.0014700440969859334,0.55581079453602,0.8732635977579181,3.575285129378452,0.44956511429608614
0.0012265611396289784,0.5582427721274802,0.8735886363856037,3.5771169761896053,0.4488601958090693
0.0009827838134862947,0.5606785713335634,0.8739077600502466,3.578931086321593,0.44815606123525425
0.0007387706239459739,0.563115819564039,0.8715793824767046,3.5807275188935153,0.4474543093610373
0.0004945801330021801,0.5655521736387966,0.8692825892796149,3.5825063897745766,0.4467574109123057
0.00025027094520060916,0.5679853213906357,0.8699445988863379,3.584267821342128,0.4460634775921264
5.9016935735778375e-06,0.5704129831415325,0.8708343203029578,3.586011870406106,0.4453697325834804
-0.00023846897443153815,0.572832913058623,0.8749286718159192,3.5877385674423663,0.4446743849842779
-0.0004827824110274462,0.575242900396137,0.8752513219699194,3.589447887455998,0.4439767007081333
-0.0007269799821621059,0.5776407706295162,0.8729319393765277,3.591139868106004,0.44328137118998523
-0.0009710030815906297,0.5800243864878616,0.8732690602816012,3.592814613898856,0.44258904665081694
-0.0012147931449405305,0.5823916488907531,0.8739667459030446,3.5944721872177423,0.44189730756513595
-0.0014582916637668486,0.5847404977953673,0.874275401873284,3.5961126309676184,0.44120597540450535
-0.0017014401995938835,0.5870689129596514,0.8745768921728772,3.5977359920043117,0.4405154500335549
-0.0019441803979402263,0.5893749146271338,0.8748738466652878,3.5993423225591044,0.43982587057355715
-0.0021864540023234283,0.5916565641387661,0.8751802312764713,3.6009316737027914,0.43913707338062496
-0.0024282028682414435,0.5939119644769931,0.87546643427248,3.60250409545263,0.4384491204566939
-0.0026693689771268864,0.596139260747014,0.8757478190841795,3.604059639486469,0.43776208150293167
-0.0029098944502712405,0.5983366405999938,0.8812517002814613,3.6055983433526952,0.43707325148400233
-0.0031497215627155437,0.6005023346027694,0.8815148594629586,3.607120166552066,0.43638138873447463
-0.0033887927571040074,0.6026346165583393,0.8822592838050249,3.6086251376890677,0.4356906659268663
-0.003627050657497592,0.6047318037812344,0.8825037861902453,3.6101133084451087,0.4350007252410375
-0.0038644380831438442,0.6067922573316241,0.882742075247424,3.611584730935616,0.4343117813591494
-0.004100898062200162,0.6088143822118083,0.8829753013951805,3.613039458207576,0.4336238404778423
-0.004336373845406595,0.6107966275285129,0.88320463689519,3.6144775446220136,0.43293694625520296
-0.00457080891970551,0.612737486624219,0.883428230479451,3.6158990433731737,0.43225106516493816
-0.004804147021804434,0.6146354971805482,0.881216042285619,3.617304015841743,0.4315676923091722
-0.005036332151678883,0.6164892412965134,0.8873704998264906,3.6186925530115577,0.4308847205452043
-0.005267308586012253,0.6182973455442912,0.8942761073321552,3.6200646073191125,0.4301953434719848
-0.005497020891569025,0.6200584810049633,0.8920545379320092,3.62142010341763,0.42950392747410493
-0.005725413938498555,0.6217713632865167,0.8922669358797246,3.6227591159367747,0.4288157228828716
-0.005952432913565854,0.6234347525262327,0.8924775424353467,3.6240817137299213,0.428128577094959
-0.006178023333306686,0.6250474533794284,0.8903086301829298,3.625387955853665,0.4274437758420513
-0.0064021310571031765,0.6266083149963856,0.8908910589682415,3.626677943972219,0.42676195984246984
-0.0066247023001773965,0.628116230989134,0.8997292691487182,3.6279517185049026,0.4260772305646313
-0.0068456836464993445,0.6295701393896722,0.8976212955923815,3.629209217334604,0.4253898998473753
-0.0070650220616067065,0.6309690226010288,0.8978105433973176,3.630450508877377,0.4247056791532876
-0.0072826649053326885,0.6323119073425155,0.8983667025310674,3.6316756589920987,0.42402231150899244
-0.007498559944439555,0.6335978645903516,0.8985400516173477,3.6328847147198187,0.4233397853160362
-0.007712655365154244,0.6348260095147948,0.8987092737885061,3.634077729936853,0.42265846667110474
-0.007924899785603482,0.6359955014147745,0.9071848813706841,3.6352547438511746,0.4219751181117007
-0.008135242268145172,0.6371055436509754,0.9072875588325765,3.6364157029803654,0.42128834187064806
-0.008343632331593165,0.6381553835781992,0.9073807054543662,3.6375606338400615,0.4206028614480774
-0.008550019963332609,0.6391443124777896,0.9077933388674908,3.6386895924577467,0.41991842427549847
-0.00875435563132252,0.6400716654908082,0.907877534433385,3.6398026304082904,0.41923511225085697
-0.008956590295983495,0.6409368215526041,0.9079677799368919,3.6408998060167814,0.4185532124707845
-0.009156675421966727,0.6417392033293485,0.9080496562613063,3.641981178888348,0.41787268104544695
-0.009354562989802457,0.6424782771570414,0.9081298423608963,3.643046808682369,0.4171936159648174
-0.009550205507424296,0.6431535529834673,0.9085069265343171,3.6440967543874563,0.41651572492854594
-0.009743556021567124,0.643764584313507,0.9085833605653354,3.6451310688209464,0.4158390003370917
-0.009934568129035669,0.6443109681581657,0.9086581548919578,3.6461498104960417,0.415163788596029
-0.010123195987841064,0.6447923449876678,0.9089952574923356,3.647153038829908,0.4144897603644831
-0.010309394328202609,0.6452083986888699,0.9092967806595694,3.6481408063125103,0.4138167920287756
-0.010493118463412443,0.6455588565272861,0.9095648004873944,3.649113164462069,0.4131448511585021
-0.010674324300560005,0.6458434891138826,0.9096316915263187,3.650070165369153,0.4124740916015618
-0.010852968351114173,0.6460621103768849,0.9099598892645668,3.651011867021476,0.4118046826349699
-0.011029007741360418,0.6462145775386959,0.9100121588659406,3.651938321931436,0.4111363203319439
-0.011202400222690026,0.6463007910980784,0.9100644259175583,3.6528495859727697,0.41046938273396993
-0.01137310418173983,0.6463206948176686,0.9101165746784433,3.65374571849947,0.4098039339028212
-0.011541078650379075,0.6462742757169064,0.9130388886373523,3.654626772915103,0.409138619620717
-0.011706283315541592,0.6461615640703952,0.9132409772577512,3.655492761631119,0.40847265913253966
-0.011868678528900735,0.6459826334117179,0.9133641155730826,3.6563437255849434,0.4078078358609266
-0.012028225316384858,0.6457376005426775,0.9133694060050664,3.657179720177569,0.40714451761386417
-0.01218488538753081,0.645426625547925,0.9136238854474692,3.6580008066424647,0.4064826107894095
-0.012338621144673528,0.6450499118148894,0.913605905454135,3.658807040052876,0.4058220950466494
-0.012489395691969225,0.6446077060589269,0.913207808222945,3.659598484673007,0.40516360815867125
-0.012637172844250305,0.6441002983535329,0.9116682131760393,3.660375217776626,0.4045080260882442
-0.012781917135709621,0.6435280221654753,0.9118022202820886,3.661137331832651,0.40385504493514157
-0.012923593828411989,0.6428912543946466,0.9118349038589147,3.661884887874927,0.40320326147209407
-0.013062168920631246,0.6421904154184052,0.910345618966651,3.662617946296342,0.4025538001631681
-0.013197609155010436,0.6414259691401444,0.910453742568182,3.663336596137631,0.4019071044095225
-0.01332988202654344,0.6405984230417913,0.9104955505035357,3.66404090196473,0.4012616875382789
-0.013458955790376061,0.6397083282398861,0.9105388173778477,3.6647309181678396,0.40061760585046063
-0.013584799469424542,0.6387562795448506,0.9106165535262872,3.6654067012627447,0.3999749228795624
-0.013707382861809963,0.6377429155230369,0.9106595228905499,3.666068306447237,0.39933358868037894
-0.013826676548106612,0.6366689185610382,0.9107054371711467,3.6667157905845156,0.3986937139968508
-0.013942651898402417,0.635535014931751,0.9107519666777306,3.6673492107737533,0.3980552792749463
-0.014055281079169951,0.6343419748615751,0.9098640439571858,3.6679686256015813,0.3974187165045849
-0.014164537059946523,0.6330906125981097,0.909926545787755,3.6685741078451186,0.39678423534712925
-0.014270393619821183,0.6317817864775866,0.9099917168728985,3.66916571656123,0.39615107084535217
-0.014372825353727702,0.6304163989912893,0.9100590441284723,3.669743505542451,0.39551920242663247
-0.014471807678541613,0.6289953968500237,0.9087707755949085,3.670307529920455,0.3948891024970653
-0.014567316838980127,0.6275197710457228,0.907528186321852,3.6708578684560984,0.39426209426169145
-0.014659329913303173,0.6259905569091121,0.9075947654825648,3.6713946060583447,0.3936373320361621
-0.0147478248188146,0.6244088341622827,0.9077032762303943,3.67191780020219,0.3930137263582701
-0.0148327803171619,0.6227757269649331,0.9078131196959569,3.672427499318496,0.3923911528652592
-0.014914176019433257,0.6210924039529049,0.907925971902093,3.672923753663492,0.39176984106566054
-0.014991992391050857,0.6193600782675324,0.9072316070208011,3.6734066178060947,0.3911502670126435
-0.015066210756458982,0.6175800075742071,0.9073607130015394,3.673876158669544,0.3905325040591365
-0.015136813303606299,0.6157534940684007,0.906726491344612,3.6743324313203813,0.38991621379450525
-0.015203783088220311,0.613881884467287,0.9057028515449863,3.6747755000764193,0.3893021432216162
-0.015267104037874213,0.6119665699849033,0.9047239495560844,3.675205439858329,0.38869059388447136
-0.015326760955844083,0.6100089862886912,0.9047941882917496,3.6756223234089935,0.3880809547522766
-0.01538273952475591,0.6080106134350396,0.9038619802212696,3.6760262069311773,0.38747289182372363
-0.015435026310021888,0.6059729757813098,0.9041628980790087,3.676417155970849,0.3868667423883686
-0.015483608763064552,0.6038976418716326,0.9043696259429735,3.676795222782569,0.3862614973513462
-0.015528475224328354,0.6017862242935654,0.9045742891666028,3.6771604480565525,0.3856569892526996
-0.015569614926077975,0.5996403795025275,0.9037201359167495,3.677512878244544,0.38505396466683944
-0.015607017994982493,0.5974618076106917,0.903950588524869,3.677852574955165,0.38445263506655236
-0.015640675454484828,0.595252252136827,0.9041826599258742,3.6781795888444733,0.3838523371741013
-0.015670579226956357,0.5930134997133693,0.9044104819098939,3.6784939642029295,0.38325291346201334
-0.015696722135635225,0.5907473797467492,0.9046450646730723,3.6787957441076102,0.3826544126440941
-0.015719097906348838,0.5884557640268336,0.9048811748358887,3.6790849720705583,0.38205681576014366
-0.015737701169019545,0.5861405662810517,0.9049613768385566,3.679361691570813,0.3814601735831477
-0.01575252745895369,0.5838037416686119,0.9051990170003588,3.679625946513806,0.3808644248741613
-0.01576357321791286,0.5814472862099426,0.9055019451804265,3.6798777788571417,0.3802695662668329
-0.0157708357949679,0.5790732361463091,0.9047812160582349,3.6801172337433155,0.3796759742589506
-0.015774313447135164,0.5766836672243325,0.9040974108769514,3.680344370666622,0.37908437955502927
-0.01577400533979481,0.574280693899937,0.9037863896859136,3.6805592484723064,0.3784941237373505
-0.01576991154689124,0.5718664684560625,0.9041129753662069,3.6807619129046025,0.37790481104850426
-0.015762033050915027,0.5694431800283357,0.9035128091531958,3.680952408473796,0.377316607829686
-0.015750371742667347,0.5670130535327017,0.9029355432074276,3.6811307839940675,0.376729691375521
-0.01573493042080623,0.5645783484889441,0.9023774646833043,3.6812970894714026,0.3761440504932279
-0.015715712791174823,0.5621413577339034,0.9025096308435167,3.681451372826052,0.3755594935062466
-0.015692723465911936,0.5597044060181497,0.9026044517046901,3.6815936776045888,0.37497585797617317
-0.015665967962345366,0.5572698484798773,0.9026133870561713,3.681724046508806,0.37439316226290803
-0.01563545270166744,0.5548400689898038,0.9025601565560029,3.6818425221279694,0.3738114291742037
-0.015601185007394368,0.5524174783609533,0.9021620941003433,3.6819491481603146,0.373230712838028
-0.01556317310360819,0.5500045124173611,0.9016889150221563,3.6820439697809157,0.37265116800047055
-0.015521426112983364,0.5476036299159467,0.9012228693241284,3.6821270338655108,0.37207272059239327
-0.015475954054597252,0.5452173103161126,0.9006554573313934,3.682198385717803,0.37149544367744586
-0.015426767841525581,0.542848051391965,0.9001372715822458,3.6822580747083498,0.3709195335991713
-0.015373879278223423,0.5404983666825651,0.8996642952819252,3.682306150060804,0.3703448147528849
-0.015317301057692074,0.5381707827761156,0.8995142857048289,3.682342657217576,0.3697711224372827
-0.015257046758432856,0.5358678364246913,0.8999105006336326,3.682367636533346,0.36919810498605066
-0.01519313084118838,0.5335920714868414,0.8991516744108083,3.682381124374524,0.3686260723899318
-0.015125568645472019,0.5313460356962728,0.8995528813140828,3.6823831707553287,0.3680552622655364
-0.015054376385886343,0.5291322772557953,0.899285364553668,3.6823738135421986,0.367484988761367
-0.014979571148231955,0.5269533412567985,0.8997144140390859,3.6823530843465675,0.36691497812372775
-0.01490117088540687,0.5248117659257213,0.8994307154158312,3.6823210101273207,0.36634527363717845
-0.01481919441309775,0.5227100787002965,0.8991237427342664,3.6822776215523136,0.36577599446522757
-0.014733661405264515,0.5206507921397643,0.8995602840138643,3.6822229504933777,0.3652071783382898
-0.014644592389418395,0.5186363996747668,0.8998320554218365,3.682157026955288,0.3646387784550878
-0.01455200874169571,0.5166693712042648,0.9002640236254307,3.682079886051278,0.36407108613021283
-0.014455932681727466,0.5147521485484752,0.9006761752939073,3.68199156161743,0.3635039024328071
-0.014356387267306878,0.5128871407686487,0.9003566427870203,3.6818920878143566,0.3629373913402521
-0.014253396388855595,0.5110767193662655,0.900004637549977,3.6817815001632153,0.36237149470274194
-0.014146984763690038,0.5093232133761241,0.9004338860913812,3.6816598330417154,0.36180617653054914
-0.014037177930089436,0.5076289043696326,0.9001997934645659,3.6815271192277095,0.3612414719719496
-0.013924002241166794,0.5059960213864757,0.8986989633333615,3.681383401011998,0.36067854928942394
-0.013807484858544163,0.504426735814642,0.898331862049532,3.6812287491012725,0.3601177714855953
-0.013687653745834097,0.5029231562405267,0.8979173319566637,3.6810632089104782,0.35955774455394385
-0.01356453766192842,0.5014873232924949,0.8974564590068004,3.6808868192688955,0.3589986430239723
-0.01343816615409631,0.5001212045027742,0.8978849628966267,3.6806996195197814,0.35844028614978185
-0.013308569550892959,0.4988266892139304,0.8983091040806152,3.6805016423647876,0.357882366316809
-0.01317577895488115,0.49760558355732454,0.8987262805262667,3.680292921608341,0.35732534844277586
-0.013039826235166451,0.496459605531874,0.8991394217297337,3.680073495046771,0.3567688976544173
-0.012900744019749031,0.49539038021216025,0.8995523761754921,3.6798433938400175,0.356212946079292
-0.012758565687692937,0.4943994351152788,0.8999181751743571,3.67960265100434,0.3556575777414309
-0.012613325361115363,0.49348819575596947,0.9002534285257613,3.679351294098318,0.3551024203953577
-0.012465057896997539,0.4926579814193096,0.8997371194495498,3.679089355131191,0.35454811857223467
-0.012313798878819162,0.4919100011797039,0.900131669426701,3.6788168742028198,0.3539946670924114
-0.012159584608018484,0.49124535019400234,0.9005203860313307,3.678533885049616,0.353441763554331
-0.012002452095280253,0.49066500629529974,0.9008423078305517,3.6782404202427217,0.35288946564671847
-0.011842439051653234,0.4901698269123922,0.9012221516432892,3.677936512896604,0.3523377534814875
-0.011679583879499873,0.48976054633792376,0.9015958699381014,3.677622194588246,0.35178651640769903
-0.011513925663279677,0.4894377733659964,0.9009872850321017,3.6772974960865823,0.35123601764470513
-0.011345504160169403,0.48920198931748154,0.9013515012675319,3.676962458229979,0.3506864423276209
-0.01117435979052129,0.4890535464684733,0.9010522498155764,3.676617116151506,0.35013765229214855
-0.011000533628162583,0.48899266689427767,0.9003659619024661,3.6762615097443962,0.3495900027104827
-0.010824067390537803,0.48901944173814316,0.9007188287323953,3.675895684866896,0.34904348841031074
-0.010645003428696937,0.48913383091056656,0.9010633743871674,3.675519676331506,0.348497455160738
-0.010463384717131286,0.48933566322159444,0.9014019604673577,3.6751335143492416,0.34795191851095425
-0.010279254843459824,0.4896246369450544,0.9017365508106091,3.6747372302721537,0.34740702631229425
-0.010092657997968348,0.4900003208101979,0.9021173167489877,3.674330857161181,0.3468627413492486
-0.009903638963004056,0.4904621554128563,0.9024414355642164,3.6739144272309585,0.3463190582429613
-0.009712243102228107,0.4910094550349281,0.9027596604040621,3.673487972439784,0.34577596904240043
-0.009518516349728258,0.4916414098579228,0.9030719883654582,3.67305152497326,0.34523350275394976
-0.00932250519899526,0.4923570885533872,0.9014685619895683,3.672605122690582,0.3446927136473696
-0.009124256691764296,0.493155441230385,0.9017816029830421,3.672148833508046,0.3441540201721331
-0.008923818406725577,0.49403530271784085,0.9020892284821826,3.671682698942916,0.34361594852222843
-0.008721238448105293,0.49499539615750116,0.9023913904713521,3.671206751703929,0.34307855099913714
-0.008516565434121116,0.49603433688151993,0.9027790468369944,3.6707210243627975,0.3425417283547748
-0.008309848485313973,0.4971506365472973,0.9030717823739467,3.6702255465516194,0.3420054188180143
-0.008101137212759237,0.498342707501149,0.9022260476031173,3.6697203513093135,0.3414701184668979
-0.0078904817061605,0.49960886734169585,0.9013002226446782,3.6692054868426043,0.3409365309628627
-0.007677932521828159,0.500947343653496,0.8997252762791162,3.668681012336341,0.340405440239706
-0.007463540670546166,0.5023562788814284,0.9000068227466971,3.6681469984061175,0.33987617420851485
-0.007247357605329714,0.5038337353166148,0.8984190099400434,3.6676034880316704,0.3393486187316648
-0.007029435209076707,0.5053777001652513,0.8987003529644303,3.667050549232428,0.3388231707574848
-0.006809825782116238,0.5069860906725536,0.8989760666835698,3.666488223666034,0.3382984447435958
-0.0065885820296565575,0.5086567592750959,0.8992448592319024,3.6659165456487397,0.33777450767505063
-0.006365757049136273,0.5103874987561177,0.8976564718738392,3.6653355537835113,0.33725228222988685
-0.006141404317481086,0.5121760473798181,0.8979238389438202,3.6647453142843007,0.3367321129597936
-0.005915577678269658,0.5140200939822526,0.8981865721939926,3.6641458680469943,0.33621265425071173
-0.0056883313288114004,0.5159172829981757,0.8984439117905165,3.663537247863255,0.33569391118928626
-0.005459719807139369,0.517865219404933,0.8986969924628035,3.6629194868761172,0.3351759479498262
-0.005229797978921352,0.5198614735663781,0.8992333765566506,3.6622926177835025,0.3346585793341569
-0.004998621024292462,0.5219035859616141,0.8994752315329557,3.6616566689583796,0.3341417176438568
-0.004766244424612154,0.5239890717852529,0.8997136947226496,3.6610116780470277,0.33362649173106323
-0.004532723949148867,0.5261154254076923,0.8999475151883004,3.660357692669449,0.3331121994539771
-0.00429811564169577,0.5282801246857121,0.9001741487614,3.659694746493352,0.3325986997061195
-0.004062475807120499,0.5304806351154103,0.8991157359130286,3.6590228756264254,0.332086551636724
-0.0038258609978522166,0.5327144138211425,0.8975592833607451,3.6583421378863115,0.3315768846371611
-0.003588328000309372,0.5349789133757008,0.8977817053963976,3.6576526017314617,0.33106924492778184
-0.003349933821271151,0.5372715854483988,0.8979997749826794,3.656954307880276,0.3305623299809187
-0.0031107356741961957,0.5395898842791148,0.8982134617364627,3.6562472895622484,0.33005632172459576
-0.002870790965491622,0.5419312699775584,0.89856858386701,3.655531582900376,0.3295511252252555
-0.0026301572807357074,0.5442932116481851,0.8987746100642712,3.6548072184465665,0.32904660244053247
-0.0023888923708577396,0.5466731903421729,0.898976218321842,3.6540742278349216,0.3285427388267197
-0.0021470541382779475,0.5490687018388092,0.899173778661188,3.653332640293323,0.3280394225397632
-0.001904700623011293,0.5514772592594105,0.8993671722583,3.6525824849527906,0.3275368455889083
-0.0016618899887380753,0.5538963955176016,0.8977967495315007,3.651823799867254,0.327036022112243
-0.001418680508845017,0.556323665610382,0.8962408251002303,3.651056655674835,0.3265382248924888
-0.0011751305524398158,0.5587566487548742,0.8965837253264356,3.6502811175485386,0.32604193836144973
-0.0009312985703429084,0.5611929503760844,0.8967695285643158,3.649497217529577,0.32554616137252784
-0.0006872430810596,0.5636302039513202,0.8969513603189059,3.648704985764755,0.3250511728614827
-0.0004430226567357756,0.566066072717145,0.8971299665434379,3.647904456236668,0.3245570947309415
-0.00019869590910096685,0.568498251244946,0.8973046815157348,3.647095660590663,0.32406364659945036
4.567852459818528e-05,0.570924466891298,0.8974763197024884,3.646278632899239,0.3235713158895104
0.0002900419956706662,0.5733424811293468,0.8962498435738481,3.6454534150397606,0.32308077186106404
0.0005343358580563898,0.5757500907674761,0.8964173930581586,3.6446200688967574,0.32259225762403226
0.0007785014824010434,0.5781451290614575,0.8970526756713573,3.6437786352930113,0.3221044556259924
0.001022480270126843,0.5805254667262105,0.8972118798729668,3.6429291418734704,0.3216172689090412
0.0012662136674958513,0.5828890128532067,0.8978120028404082,3.642071619663977,0.3211307923839778
0.0015096431796626844,0.5852337157393923,0.8981326837224916,3.641206094730134,0.3206447082966878
0.0017527103847129362,0.5875575636333641,0.8986973154543269,3.6403325935662543,0.32015923934106116
0.0019953569476841653,0.5898585854043356,0.8988415103600049,3.6394511433824146,0.3196743992450444
0.002237524634565978,0.592134851139255,0.8989827894305034,3.6385617757927657,0.31919042369932205
0.0024791553262760177,0.594384472673202,0.8991206806687068,3.63766452424194,0.31870732692960335
0.002720191032608111,0.5966056040580164,0.899256016578371,3.636759421340669,0.31822503769757304
0.002960573906149769,0.5987964419738449,0.8993886070369951,3.63584649842046,0.31774353339811956
0.0032002462561652343,0.6009552260881038,0.89993496081357,3.6349257865277376,0.31726270454309874
0.0034391505624409764,0.6030802393661185,0.9004388843981787,3.6339973131393823,0.3167825179513599
0.0036772294890902754,0.6051698083374676,0.9007334469256667,3.6330611064030816,0.3163028728065619
0.003914425898313533,0.6072223033218546,0.9008536209606834,3.6321171943192323,0.3158240497208167
0.004150682864111177,0.6092361386181032,0.8995360538674807,3.631165613739982,0.3153467949135635
0.004385943685945425,0.6112097726596577,0.899654363234596,3.630206420861279,0.3148713847775542
0.004620151902348396,0.6131417081397689,0.8997704886855841,3.6292396541007976,0.31439681460406466
0.004853251304472373,0.6150304921093394,0.9000662607790011,3.6282653428970213,0.3139227465487415
0.005085185949579767,0.6168747160502278,0.9001781367118326,3.6272835141180297,0.3134496042100784
0.005315900174469091,0.6186730159265846,0.9002877794896712,3.626294205916558,0.3129776570757686
0.00554533860883383,0.6204240722166693,0.8988989131327073,3.6252974580583914,0.31250735137157404
0.005773446188551088,0.6221266099273809,0.8990083364689676,3.6242933270415087,0.31203889436052357
0.00600016816889672,0.6237793985936114,0.899115924465414,3.6232818512522815,0.31157135216113335
0.006225450137683722,0.625381252264344,0.899221555438905,3.622263065816661,0.31110489237280897
0.006449238028321002,0.6269310294773011,0.8993250209521401,3.6212370055124414,0.31063937750334986
0.006671478132789015,0.628427633223805,0.8994264343487545,3.6202037049686107,0.31017492070918595
0.006892117114529492,0.6298700109053618,0.8979584707600822,3.619163201374282,0.309711995704317
0.007111102021245917,0.6312571542833976,0.8964720292151271,3.6181155521458517,0.3092516100743427
0.007328380297611855,0.6325880994234334,0.8963290666957224,3.6170608208688226,0.30879314584808804
0.0075438997978839835,0.6338619266348866,0.8964276816217286,3.6159990465840024,0.30833572805137266
0.007757608798416727,0.6350777604075871,0.8949069946858298,3.614930268998864,0.30788010563207857
0.007969456010075827,0.6362347693460176,0.8950094534221346,3.613854547423505,0.30742647330912376
0.008179390590547378,0.6373321661021686,0.893458651517059,3.612771923416811,0.3069744314272424
0.008387362156539806,0.6383692073078585,0.8918855609088052,3.611682459133292,0.3065252191319909
0.008593320795875565,0.6393451935072544,0.8906523933679255,3.6105862215394287,0.3060783874946164
0.008797217079469883,0.6402594690902986,0.8907619666278869,3.609483265815068,0.3056332688160616
0.0089990020731934,0.6411114222276427,0.8910876789704211,3.608373627202503,0.3051887052268314
0.009198627349616288,0.6419004848076644,0.891411103111613,3.6072573287236276,0.3047447812890375
0.009396044999630372,0.6426261323760591,0.8915154650782571,3.606134397870737,0.30430157164594923
0.009591207643947304,0.6432878840784721,0.8916184639181514,3.6050048638849215,0.30385921789193554
0.00978406844446934,0.6438853026065621,0.8900034831132351,3.603868761406655,0.3034185485810374
0.00997458111553006,0.6444179941478682,0.8901143628921188,3.602726148285582,0.30297987757635353
0.010162699935002906,0.6448856083397879,0.8895223289107874,3.6015770613412834,0.3025419836528981
0.01034837975527423,0.6452878382279484,0.8896248709360401,3.6004215291100112,0.3021049080770995
0.010531576014078461,0.6456244202292138,0.889726535954155,3.5992595814213697,0.3016686782898395
0.010712244745192894,0.6458951340995372,0.8898269243650109,3.598091247119939,0.3012332152152259
0.010890342588989233,0.6460998029068221,0.8881568626443668,3.5969165581471727,0.30079933503226725
0.011065826802839938,0.6462382930089504,0.8880994170521229,3.5957355718631994,0.3003674773338144
0.011238655271376023,0.6463105140370787,0.8882073146000283,3.5945483234687123,0.2999363049201544
0.011408786516594644,0.6463164188842969,0.8885383762678194,3.593354839136019,0.29950576712215127
0.01157617970781362,0.6462560036996949,0.8886443466206534,3.5921551434011807,0.2990758953173364
0.011740794671470567,0.646129307887881,0.888749538178311,3.590949264120454,0.29864687711676746
0.011902591900764387,0.6459364141139411,0.8888538563616655,3.5897372312749276,0.29821872155319246
0.012061532565136725,0.6456774483138223,0.8889579591541297,3.588519073158899,0.29779133352818143
0.012217578519591111,0.6453525797100885,0.8892816514319135,3.587294816209111,0.29736456873713224
0.012370692313847428,0.6449620208329602,0.8888696152587784,3.586064485057791,0.296938411355155
0.012520837201330121,0.6445060275465415,0.8895883301694227,3.584828100954588,0.29651257438869555
0.012667977147986871,0.6439848990800916,0.8878804337685124,3.583585687339181,0.2960880984599389
0.012812076840936808,0.6433989780641655,0.8879799878617308,3.5823372989518534,0.2956655950509585
0.012953101696945357,0.6427486505714367,0.8886783156698473,3.5810829710074805,0.2952437839663468
0.01309101787072393,0.6420343461619537,0.8886770552630963,3.579822722573866,0.2948219763426312
0.013225792263052915,0.6412565379325652,0.8887658180996375,3.578556563711062,0.2944001318554475
0.013357392528725118,0.6404157425702033,0.8888467475754147,3.5772845067166923,0.2939785311219191
0.01348578708430842,0.6395125204086695,0.8891869635121303,3.576006575968269,0.29355767720046116
0.01361094511572585,0.638547475488531,0.8897734765914624,3.5747227921051286,0.293136776209019
0.01373283658565061,0.6375212556196843,0.8904443618165709,3.5734331549453358,0.2927149741253865
0.013851432240715073,0.6364345524460873,0.8884370869308333,3.5721376645198046,0.29229379303912556
0.013966703618531244,0.6352881015121077,0.8885081960501805,3.5708363750952787,0.29187491802345594
0.014078623054521821,0.6340826823298913,0.8885792741785518,3.5695293250401816,0.29145688924364294
0.014187163688559361,0.6328191184470585,0.8886495307363699,3.568216542506021,0.2910396947779525
0.014292299471412768,0.6314982775140001,0.8887202010489045,3.5668980556370493,0.29062328327852355
0.014394005170998798,0.6301210713499517,0.8905990382420013,3.5655738843628475,0.29020644065568935
0.01449225637843773,0.6286884560069533,0.8906669130638541,3.564244015466788,0.2897886908017916
0.01458702951391145,0.6272014318307068,0.8910315105886527,3.5629084632399186,0.28937149553360003
0.014678301832322344,0.6256610435172651,0.8910926255320823,3.5615672498437863,0.2889550062375179
0.014766051428752144,0.62406838016438,0.8911529250618057,3.5602204037877794,0.2885394133872519
0.014850257243718858,0.6224245753162333,0.8912178079610066,3.5588679550473103,0.2881247957912301
0.0149308990682312,0.6207308070001617,0.8891852773779525,3.5575099383526343,0.2877120785275727
0.015007957548638352,0.6189882977538673,0.8871719670814564,3.5561464229342756,0.28730274542997347
0.015081414191274848,0.6171983146414858,0.8894883678357308,3.5547774737951428,0.28689426607673324
0.015151251366899137,0.6153621692567309,0.8874282737661532,3.5534030838625412,0.28648553061535575
0.015217452314924253,0.6134812177112138,0.8897174306430038,3.5520232946405272,0.2860777199878008
0.01528000114744048,0.6115568606058682,0.8935209732904301,3.5506380855196342,0.28566685107029705
0.01533888285302824,0.6095905429832542,0.8943314254688388,3.5492474067994437,0.2852539597459605
0.015394083300360859,0.6075837542583599,0.8921864712432007,3.547851265664569,0.28484252935784327
0.015445589241595907,0.6055380281253183,0.8922674634196318,3.5464497213804713,0.2844333975768239
0.015493388315554777,0.6034549424373024,0.8923430686283125,3.545042812133299,0.2840252110193802
0.01553746905068917,0.6013361190566521,0.8924181122728942,3.5436305693279566,0.28361809873712057
0.015577820867834156,0.5991832236720805,0.8924923994269616,3.542213023356849,0.2832119233764245
0.015614434082747443,0.5969979655796293,0.8925703492337133,3.5407902032780734,0.2828066285381163
0.015647299908433113,0.5947820974238018,0.892643447933156,3.5393621362763863,0.28240214538380043
0.015676410457250822,0.5925374148950995,0.8927158982703435,3.5379288509727367,0.28199868378164333
0.01570175874280855,0.5902657563799698,0.893490045067541,3.536490375635698,0.28159583527297277
0.015723338681639464,0.5879690025589415,0.8935574614368467,3.5350467298723682,0.28119354753048015
0.0157411450946618,0.585649075948503,0.8936246913251649,3.5335979398284088,0.28079214331753916
0.015755173708421964,0.5833079403820534,0.8936950891122938,3.5321440324574778,0.28039156831071743
0.015765421156119966,0.5809476004250375,0.8937615299842627,3.5306850350519943,0.2799918255287858
0.0157718849784175,0.5785701007191575,0.894126134379566,3.5292209720324497,0.2795925913622658
0.015774563624028296,0.5761775252503459,0.8920984555928334,3.5277518669170314,0.2791949131633805
0.015773456450090328,0.5737719965349899,0.8901170660626622,3.526277784471759,0.2788005225558885
0.01576856372231989,0.5713556747187102,0.8881964472860783,3.524798800759944,0.27840949495711853
0.015759886614948232,0.568930756581834,0.8883032337067257,3.523314987432249,0.2780207759570639
0.015747427210439497,0.5664994744455719,0.8890631520055561,3.5218263796772904,0.27763272443499887
0.01573118849899094,0.5640640949727682,0.8872250833832173,3.5203330019758634,0.2772461162199676
0.0157111743778153,0.5616269178570392,0.8873434871484566,3.5188349102392684,0.2768617288433973
0.015687389650205715,0.5591902743940581,0.8855964714874797,3.5173321439309073,0.2764789994553681
0.015659840024382535,0.5567565259287323,0.8839363361277757,3.5158247628725143,0.276099164825963
0.015628532112123752,0.5543280621720912,0.8823689795212629,3.5143128303486115,0.2757219158721194
0.015593473427177977,0.5519072993817832,0.8825430466874027,3.5127964032880503,0.2753465039888144
0.015554672383461405,0.5494966784002576,0.8827288775272378,3.511275510607744,0.27497157572926556
0.015512138293038219,0.5470986625449438,0.8834991100650839,3.509750171410283,0.2745971818425566
0.015465881363885917,0.5447157353450363,0.8838777651530447,3.5082204023879284,0.27422313825258404
0.015415912697445511,0.5423503981199033,0.884260392400093,3.506686222195099,0.2738496599291575
0.015362244285957073,0.5400051673945991,0.8844378902776452,3.505147650339528,0.27347674253615123
0.015304889009581726,0.5376825721485528,0.8846164409555705,3.5036047096404017,0.27310464598006856
0.015243860633310524,0.535385150894152,0.8853431552567318,3.5020574254148436,0.27273328294941523
0.01517917380366078,0.5331154485827636,0.8839698474142129,3.5005058199050785,0.27236297519928704
0.015110844045161092,0.5308760133365646,0.8827018066854733,3.4989499370736903,0.2719947695743347
0.015038887756625565,0.5286693930056049,0.8829273919384731,3.4973898218967063,0.2716278685075859
0.014963322207218006,0.5264981315506007,0.8817888165076342,3.4958255041841384,0.27126231446101107
0.014884165532307569,0.5243647652532011,0.8820415429611019,3.4942570236723323,0.27089808272188787
0.014801436729116208,0.5222718187567871,0.881031349670543,3.492684408885478,0.27053493589679595
0.014715155652159627,0.5202218009423214,0.8813098448516284,3.4911076942503927,0.2701729722922288
0.014625343008482134,0.5182172006452872,0.8815894647850675,3.489526903482337,0.26981157017588264
0.014532020352687023,0.5162604822214053,0.8853290922564944,3.4879420494500772,0.2694495155921303
0.014435210081763813,0.5143540809705088,0.8855713950100146,3.486353109342868,0.26908613824343164
0.014334935429712769,0.5125003984297579,0.8848460978207889,3.4847600887969747,0.2687233698822835
0.014231220461969077,0.5107017975491746,0.8851149844875772,3.4831630118205754,0.2683613755887158
0.014124090069627098,0.5089605977643551,0.8853857058139781,3.481561897101252,0.2679997836921926
0.014013569963466803,0.5072790699830722,0.8853539754637949,3.4799567605909587,0.2676384738062455
0.013899686667783118,0.5056594315043175,0.8860589184655343,3.4783476122502397,0.2672772333721628
0.013782467514020309,0.504103840890146,0.8859777301325903,3.47673446355138,0.266916167404031
0.013661940634212673,0.5026143928124017,0.886283094382726,3.475117325182972,0.26655527899658565
0.013538134954232797,0.5011931128980284,0.8865902893693013,3.47349620953567,0.2661946316285146
0.013411080186849566,0.4998419525981457,0.8869349252378796,3.4718711314139656,0.26583442006708374
0.013280806824597296,0.49856278410740196,0.8872389117018092,3.4702421068088256,0.2654746285881343
0.013147346132457537,0.49735739536121304,0.8868665682251458,3.468609155508337,0.26511550257085986
0.013010730140355788,0.4962274851393955,0.8871940900562255,3.4669722968986876,0.26475692451353133
0.01287099163547442,0.4951746583053148,0.8875182145737938,3.4653315486183893,0.26439877317580446
0.012728164154383794,0.49420042121002655,0.8881945441806255,3.463686926606885,0.26404107599368537
0.012582281974993755,0.4933061772908981,0.8883139624112281,3.4620384506820807,0.26368380645427913
0.012433380108327115,0.49249322289391995,0.8886578560060596,3.460386125804539,0.26332624967120233
0.012281494290117129,0.4917627433482762,0.8889963814448921,3.458729959507847,0.26296880623070656
0.012126660972231097,0.49111580932076154,0.8896319137975249,3.457069961427584,0.26261147301084015
0.011968917313922012,0.4905533734762991,0.8898293831303705,3.4554061423933584,0.2622541969490049
0.011808301172910766,0.4900762674691458,0.8897215697789274,3.45373850601654,0.2618966851465137
0.01164485109630011,0.48968519928737253,0.890082649096446,3.4520670589510782,0.2615392447667592
0.011478606311323924,0.4893807509708752,0.8904507215457,3.4503918108795495,0.2611818867231944
0.011309606715932606,0.4891633767205911,0.8903994586961348,3.4487127669006328,0.260824154584133
0.011137892869217705,0.48903340141372853,0.8903781991509543,3.447029927256381,0.26046614956465325
0.010963505981678282,0.4889910195367542,0.890866202827353,3.445343295235795,0.2601080595217547
0.010786487905330266,0.48903629454462405,0.8908614351373844,3.443652880312079,0.2597501032511591
0.010606881123662155,0.48916915865140326,0.8912524023279665,3.441958690572425,0.25939217650021845
0.010424728741439482,0.4893894130539339,0.8916417532942379,3.4402607368508815,0.2590344554484007
0.01024007447435962,0.48969672858676955,0.8916562422792486,3.4385590283150154,0.2586767081712101
0.010052962638560233,0.490090646803137,0.891672575760087,3.4368535713255266,0.2583188938613396
0.009863438139983798,0.4905705814733103,0.8920425034526526,3.4351443734433897,0.2579612369031118
0.00967154646360022,0.4911358204885618,0.8924098571932485,3.4334314482102872,0.25760395348915405
0.009477333662490652,0.4917855281557768,0.8928686841062388,3.431714810708824,0.2572470412463417
0.009280846346795175,0.492518747864973,0.8928790624680691,3.429994474892896,0.25689035786121406
0.00908213167252636,0.49333440510938514,0.8934846353983075,3.428270450503497,0.25653379780631297
0.00888123733025214,0.4942313108354476,0.8940445949360746,3.4265427486551716,0.25617742612394034
0.008678211533650323,0.4952081650980475,0.8940355879233579,3.4248113809529466,0.25582129457333047
0.008473103007937587,0.49626356099472785,0.8945493116049651,3.4230763583235007,0.2554653070386171
0.008265960978175465,0.49739598885121905,0.894935584981909,3.421337691614853,0.25510954407521164
0.008056835157456825,0.49860384062970164,0.8950664440354608,3.4195953940137955,0.254754072049743
0.00784577573497483,0.4998854145305904,0.895465276484711,3.4178494764236107,0.2543987479414351
0.007632833363977681,0.5012389197583245,0.8958601973576755,3.4160999488754413,0.25404334569707654
0.007418059149612286,0.502662481421707,0.8958798320549397,3.4143468077933345,0.2536873090056779
0.007201504636659128,0.5041541455396907,0.8962882899392123,3.412590058412253,0.2533315559120817
0.00698322179716186,0.5057118841241198,0.8966764188432803,3.4108297147048914,0.2529761329565115
0.006763263017954062,0.5073336003118522,0.8970391697500604,3.4090657882970032,0.25262090521210845
0.006541681088086983,0.5090171335197978,0.8974212985095821,3.4072982925466038,0.25226602318260116
0.006318529186160135,0.5107602645977352,0.8978001932904435,3.4055272406162715,0.2519114342805573
0.0060938608675588,0.5125607209552491,0.8981756604808708,3.403752637532445,0.2515561821482132
0.005867730051601012,0.5144161816407748,0.8985479409987219,3.4019744824108837,0.2512011285733375
0.005640191008597085,0.5163242823524385,0.8986257707139923,3.4001927885472387,0.25084625247593656
0.005411298346825154,0.5182826203622108,0.8990116778426455,3.398407564484182,0.2504914821138916
0.005181106999425324,0.5202887593367083,0.8993941027725832,3.3966188228400727,0.25013710298022296
0.004949672211215942,0.522340234039869,0.8997689244920388,3.3948265771315937,0.24978296663801425
0.00471704952543529,0.5244345549045576,0.9001443591480178,3.393030844715582,0.2494297579835228
0.0044832947704113646,0.5265692124620045,0.900516775327782,3.391231647809456,0.24907689964667268
0.004248464046163236,0.5287416816197279,0.9008853080240374,3.3894289984831145,0.24872431957655622
0.0040126137109375215,0.5309494257803309,0.9012977380244089,3.387622907213015,0.24837183196249132
0.0037758003676825144,0.533189900795172,0.9016354460684561,3.385813385112051,0.24801971223361385
0.0035380808504639006,0.5354605587484407,0.9019945448134448,3.384000446599335,0.24766791385931225
0.003299512210824692,0.5377588515686392,0.902350224644743,3.382184103588734,0.24731634063570748
0.0030601517040932382,0.540082234465748,0.9027036874401244,3.38036436916196,0.2469651934580122
0.002820056775642125,0.5424281691936276,0.9030602367726573,3.3785412584620937,0.246614416781258
0.0025792850471017463,0.5447941271382786,0.9033738375911521,3.376714785697598,0.2462640556408299
0.0023378943025311534,0.5471775922335917,0.9033118158774622,3.3748849681793143,0.2459143329843635
0.002095942474550348,0.5495760637070962,0.9031755303330693,3.373051824371296,0.245565101579925
0.0018534876304366259,0.5519870586590101,0.9029623350543644,3.3712153710091113,0.24521647095569338
0.001610587958188756,0.5544081144785229,0.9033092820863139,3.3693756277940428,0.24486843049645593
0.0013673017525620767,0.5568367911018678,0.9030201340998332,3.367532611426396,0.24452097286172306
0.0011236874010781541,0.5592706731171695,0.9033495406944492,3.36568634274771,0.24417414637766888
0.000879803370011937,0.561707371721472,0.9029735780955469,3.3638368368607146,0.24382783864139665
0.0006357081903601765,0.5641445265356411,0.903295838649204,3.3619841166986104,0.24348233930085664
0.0003914604437942944,0.5665798072830812,0.9028345130316002,3.3601282002264976,0.2431375447413231
0.00014711874860103919,0.5690109153383617,0.9031505819853454,3.3582691127252646,0.242793400918512
-9.725825438562869e-05,0.5714355851519387,0.903461103049164,3.356406858166474,0.24244885923160064
-0.0003416119158580751,0.5738515855572399,0.9037676959804479,3.354541446192779,0.24210492314471713
-0.0005858835921104373,0.5762567209663264,0.9032122671842402,3.3526728961724257,0.24176180963645788
-0.0008300146591130149,0.5786488324603491,0.9025842114168954,3.3508012370848905,0.24142001495743695
-0.001073946526581595,0.5810257987808972,0.9028788325459415,3.3489265005759856,0.24107923371480824
-0.001317620652038884,0.5833855372282406,0.9031736973879476,3.347048706780363,0.24073906330503506
-0.0015609785548644877,0.5857260044723142,0.9024604818095838,3.345167875349265,0.24039981015025333
-0.0018039618303298587,0.588045197282149,0.9027487963809578,3.3432840369233343,0.24006163812871856
-0.002046512163615277,0.5903411531792282,0.9030284414651977,3.3413972087151467,0.23972374253127632
-0.002288571343805024,0.5926119510201028,0.9033096272093187,3.3395074007832535,0.2393860345710552
-0.0025300812778578075,0.594855711513352,0.9034760653710159,3.3376146245850786,0.23904865944844494
-0.002770984004548718,0.5970705976757742,0.9037503297734082,3.335718892422165,0.2387115707171351
-0.003011221708379766,0.5992548152324699,0.9040155640595965,3.333820216533511,0.23837486800962154
-0.0032507367334551744,0.6014066129652633,0.9042459399168291,3.3319186103629876,0.23803848808667535
-0.0034894715973186894,0.6035242830136562,0.9045105005278975,3.3300140870540242,0.23770260480987895
-0.0037273690047489164,0.6056061611323256,0.9036707318459707,3.3281066649835593,0.23736761563563757
-0.003964371861510057,0.607650626908917,0.9040315610507449,3.3261963745644785,0.23703375542959326
-0.004200423288054144,0.609656103945693,0.9042864681243327,3.3242832340233006,0.23670027713390626
-0.00443546663317188,0.6116210600083832,0.9045380227371668,3.3223672566463027,0.2363671300871255
-0.0046694454875887,0.6135440071453553,0.9047862372547436,3.3204484547989574,0.2360343747314197
-0.004902303697502686,0.6154235017800535,0.9050310331031619,3.318526839564625,0.23570167811116885
-0.005133985378061222,0.6172581447794561,0.9052310451069892,3.3166024195602533,0.23536939979366
-0.005364434926773115,0.6190465815010991,0.9054697216531333,3.3146752113737534,0.2350376816815459
-0.0055935970368528294,0.6207875018210596,0.9040577673490329,3.3127452350243622,0.23470722885174308
-0.0058214167104940154,0.6224796401451136,0.904302433231641,3.310812532126757,0.2343783618227583
-0.006047839272068558,0.6241217754051364,0.9042987744063883,3.308877123196744,0.23404981979251346
-0.006272810381248542,0.6257127310426406,0.9028001217832032,3.306939025344061,0.23372252565542687
-0.006496276046047682,0.627251374981224,0.903047811287293,3.304998280490801,0.23339684054666895
-0.006718182635779092,0.6287366195895574,0.9032289868296128,3.3030549101377766,0.23307156331385043
-0.006938476893926446,0.6301674216364124,0.9023395473055469,3.3011089306914547,0.23274718691437424
-0.007157105950925219,0.6315427822391203,0.9025806924098658,3.299160369900337,0.23242377600076977
-0.00737401733685122,0.6328617468067286,0.9028187220449869,3.2972092445436987,0.23210074389523566
-0.0075891589940130615,0.6341234049790164,0.9012903185415411,3.2952555709033833,0.23177887217873805
-0.007802479289445692,0.6353268905624584,0.9015363659055224,3.293299388809551,0.23145851386976465
-0.008013927027302224,0.6364713814640913,0.9017797854618465,3.2913407179580236,0.231138524299299
-0.008223451461140542,0.6375560996241989,0.9020198904013186,3.2893795711568417,0.23081892896422807
-0.008431002306102291,0.6385803109486015,0.9010948414686075,3.2874159634989173,0.23050017712834034
-0.00863652975098096,0.6395433252413282,0.901329066168788,3.2854499214196133,0.2301822791421999
-0.008839984470176379,0.6404444961382978,0.9015602540206615,3.2834814589782026,0.22986470216521834
-0.009041317635532512,0.6412832210426574,0.9017886568973782,3.2815105869145675,0.2295473853458413
-0.00924048092805616,0.6420589410622985,0.9020140700743702,3.279537315263376,0.22923033252500127
-0.009437426549513113,0.6427711409500548,0.9022367332879997,3.277561655000858,0.22891364002373277
-0.009632107233899588,0.6434193490470266,0.902452591725472,3.275583617606942,0.22859723837926244
-0.00982447625878587,0.644003137229419,0.9026651796486928,3.2736032139048072,0.22828117713333645
-0.010014487456529388,0.6445221208592523,0.9028784327006409,3.271620455779944,0.22796543626671023
-0.010202095225354754,0.6449759587392434,0.9030888636727182,3.2696353506624223,0.22764969073983493
-0.010387254540298008,0.6453643530721357,0.9032964490174745,3.267647905849516,0.2273342459405028
-0.010569920964012375,0.6456870494247187,0.9034980723553382,3.2656581326753993,0.2270191357827525
-0.010750050657432982,0.6459438366967164,0.9024574786762147,3.2636660449515493,0.22670476850916346
-0.010927600390298102,0.6461345470947347,0.9013749137362309,3.2616716667064094,0.22639147761056502
-0.011102527551524088,0.6462590561113875,0.9015706305494046,3.2596750253289817,0.2260791439418333
-0.011274790159431926,0.6463172825097228,0.9004458235645626,3.257676138095616,0.22576757613785525
-0.011444346871822641,0.6463091883130165,0.900629074353254,3.2556750315036895,0.22545697424126004
-0.011611156995899144,0.6462347787999898,0.9008161351355264,3.253671721401451,0.22514679406755453
-0.011775180498032375,0.6460941025054752,0.9009930873629104,3.2516662200273396,0.22483695218276287
-0.011936378013369182,0.645887251226525,0.9011667993888225,3.249658537542662,0.22452736477861646
-0.012094710855279646,0.6456143600339334,0.9013443493052135,3.2476486843450836,0.2242181336651262
-0.012250141024641767,0.6452756072891147,0.9015187691972621,3.2456366716812797,0.2239092139142675
-0.012402631218960963,0.6448712146662464,0.8997379568116705,3.243622514289172,0.2236014977942212
-0.012552144841322591,0.6444014471795791,0.8979872599219718,3.2416062583331735,0.22329631218979387
-0.012698646009174959,0.6438666132157427,0.8981766979108586,3.2395879540916375,0.2229927705282058
-0.012842099562941049,0.6432670645709005,0.8983638378289829,3.2375676211072917,0.2226895835007199
-0.012982471074456544,0.6426031964925247,0.8985478419144137,3.2355452704471936,0.2223867204556096
-0.013119726855232522,0.6418754477255569,0.8987774627766743,3.2335209117428865,0.22208410888058652
-0.013253833964540374,0.6410843005626744,0.8989565125729482,3.231494554956816,0.22178185949354903
-0.013384760217317717,0.6402302808983449,0.8991643854114335,3.2294662123239113,0.2214800692321337
-0.013512474191892283,0.6393139582863033,0.897435780265698,3.227435901048634,0.2211795170034294
-0.01363694523752321,0.6383359460000504,0.8976203527513701,3.2254036607393495,0.22088049287894054
-0.013758143481757098,0.6372969010959147,0.8978026534315887,3.223369510263695,0.22058186722349296
-0.01387603983759705,0.636197524478173,0.897998051885474,3.2213334600451,0.22028349720414242
-0.013990606010483598,0.6350385609656711,0.8969124792387085,3.2192955217219312,0.2199858328985809
-0.014101814505085226,0.6338207993593155,0.8970891920402905,3.217255718394164,0.21968904695917574
-0.014209638631897024,0.6325450725097518,0.8974109425928269,3.2152140641394613,0.2193925859069419
-0.014314052513646145,0.6312122573844738,0.8963024191129308,3.2131705706470823,0.21909679354625652
-0.014415031091502144,0.6298232751335261,0.8964753599507098,3.2111252608838403,0.21880195229896887
-0.014512550131091147,0.6283790911528958,0.8966461196000932,3.2090781535980173,0.21850776923729026
-0.01460658622831161,0.6268807151445812,0.8968147584788875,3.2070292632995003,0.2182140401043808
-0.014697116814951748,0.6253292011722564,0.8965608490340156,3.204978602034396,0.2179207489805218
-0.014784120164105234,0.6237256477113324,0.8962387683192805,3.2029261834837546,0.21762797853183138
-0.014867575395385956,0.6220711976921146,0.8964083724569584,3.200872020516326,0.21733566408478697
-0.014947462479938951,0.6203670385346524,0.8965761679833694,3.198816126653567,0.21704386411107957
-0.015023762245247435,0.6186144021737382,0.8967422344499187,3.196758514820899,0.21675251274466428
-0.015096456379733994,0.616814565072399,0.8969066553584102,3.1946991963486324,0.21646148626055142
-0.015165527437155305,0.6149688482220759,0.8951570581514973,3.1926381839592555,0.21617145533968413
-0.015230958840789123,0.6130786171275557,0.8953248295635373,3.190575512398831,0.21588285000148624
-0.015292734887412632,0.6111452817745494,0.8954906181421256,3.1885111996778344,0.21559465334886038
-0.015350840751071286,0.6091702965776632,0.8956554799457843,3.1864452578981037,0.21530692646742666
-0.015405262486636621,0.6071551603063379,0.8958189710756798,3.1843776998169395,0.21501965838824383
-0.015455987033153354,0.6051014159861372,0.8947096610352753,3.182308539853114,0.21473324872328917
-0.015503002216973845,0.603010650772615,0.8948749340098656,3.1802378019791324,0.21444766671889434
-0.015546296754679624,0.600884495794757,0.8951559932480145,3.178165499491126,0.2141625250128589
-0.01558586025578946,0.5987246259648276,0.8953169949368185,3.176091644547413,0.21387777344758327
-0.01562168322525308,0.5965327597512179,0.8954772967631559,3.174016247180888,0.21359338696026467
-0.015653757065729697,0.5943106589107041,0.8956355735507168,3.1719393194420253,0.21330950314589864
-0.01568207407965154,0.5920601281762756,0.8957932634980283,3.169860873017117,0.21302594057917507
-0.015706627471071235,0.5897830148965076,0.8959502052148156,3.1677809175369025,0.21274278244506173
-0.015727411347292716,0.5874812086222015,0.8942095475881343,3.1656994673776415,0.2124606647584064
-0.015744420720285424,0.5851566406357969,0.8943697572766761,3.163616556838296,0.21217998346246028
-0.01575765150788148,0.5828112834188467,0.8945290115072294,3.161532204041735,0.21189970570291214
-0.01576710053475546,0.580447150052618,0.8946896782650131,3.1594464208091853,0.21161995573087938
-0.01577276553318612,0.5780662935466566,0.894309031483898,3.1573592180108374,0.21134037806489497
-0.01577464514360119,0.5756708060899745,0.8924924037480955,3.1552706066791396,0.21106191773807353
-0.015772738914903096,0.5732628182192954,0.8907141788395105,3.153180626355132,0.21078559852098952
-0.015767047304577595,0.5708444978986346,0.8908824179127343,3.1510893189868305,0.2105107542524569
-0.01575757167858384,0.5684180495043165,0.8912362682415105,3.148996702558906,0.21023629431781862
-0.015744314311026623,0.56598571270941,0.8901344873112579,3.1469027887537284,0.20996251131606253
-0.015727278383610484,0.5635497612614447,0.8890366986665175,3.1448076001183884,0.20968989904471888
-0.015706467984876217,0.5611125016471914,0.8892177272005733,3.1427111600443967,0.20941804506973363
-0.015681888109219673,0.558676271638269,0.8893990024692024,3.1406134804962704,0.2091465679729698
-0.015653544655692977,0.5562434387113396,0.8895803215052244,3.138514573366784,0.20887562041301264
-0.015621444426588959,0.553816398336708,0.8897616550512606,3.1364144507310137,0.20860512347593552
-0.01558559512580847,0.5513975721292703,0.8886813941991508,3.134313125504651,0.20833533272435123
-0.01554600535701168,0.5489894058559188,0.8888715534766569,3.1322106181836125,0.2080664092760996
-0.015502684621553015,0.5465943672937866,0.8890618046437482,3.130106942969187,0.20779790300494355
-0.015455643316201008,0.5442149439339975,0.8893957976012912,3.128002109289768,0.2075297030469959
-0.015404892730643202,0.5418536405260599,0.8883234338739252,3.1258961273660613,0.2072621512578478
-0.015350445044776518,0.5395129764584665,0.887244894005203,3.123789018406234,0.2069956911664379
-0.015292313325784151,0.5371954829717311,0.8874500717359605,3.121680804769349,0.2067299974050248
-0.01523051152499969,0.5349037002007309,0.8863648119415741,3.119571499435214,0.20646492679722497
-0.015165054474558598,0.5326401740440563,0.8865768277211423,3.1174611218763633,0.2062006532935014
-0.015095957883838749,0.5304074528589755,0.8846501112426723,3.115349687560664,0.2059374423907848
-0.015023238335690331,0.528208083981629,0.8848593551040382,3.113237231308564,0.20567570717120617
-0.014946913282455803,0.5260446100732207,0.885217675109059,3.111123772380402,0.20541462295516646
-0.014867001041781508,0.523919565294216,0.885425328975607,3.109009323972423,0.2051539393358819
-0.01478352079222169,0.5218354713098958,0.8857814998523259,3.1068938961698227,0.2048936714029672
-0.014696492568635484,0.519794833132113,0.8859874931567161,3.104777497640138,0.20463365882159443
-0.014605937257378823,0.5178001348036162,0.8861929056845583,3.102660134690176,0.20437386269467098
-0.014511876591291726,0.5158538349329844,0.8850808794597262,3.1005418153687754,0.2041146566733511
-0.014414333144482485,0.5139583620899391,0.8852916514592414,3.098422560356548,0.20385635869705274
-0.014313330326910187,0.5121161100725733,0.8841607170902208,3.096302384287873,0.20359876669421698
-0.014208892378766165,0.5103294330598853,0.8822192160279942,3.0941813110063614,0.20334271471970197
-0.014101044364656671,0.5086006406648639,0.8824274474523593,3.0920593775923453,0.20308807934624926
-0.013989812167587429,0.5069319929052203,0.8804987994234711,3.0899366031857625,0.20283450891503987
-0.013875222482751724,0.5053256951107223,0.8809583403890535,3.087813021300724,0.2025823341947616
-0.013757302811123969,0.5037838927878352,0.8811551413819283,3.0856886469946505,0.2023304744524684
-0.01363608145285924,0.5023086664641256,0.8815193619924007,3.0835634885025263,0.20207896131073583
-0.013511587500501635,0.5009020265364452,0.8797244656454261,3.081437558075363,0.2018285039038899
-0.013383850832002164,0.4995659081483716,0.8779912468221982,3.079310891131619,0.20158003893274892
-0.013252902103548106,0.4983021661236642,0.8781758560459034,3.077183525185561,0.20133283481597522
-0.013118772742205667,0.4971125699835663,0.8783596020654787,3.0750554713792217,0.20108576291126792
-0.01298149493837777,0.4959987990765935,0.8769337708191405,3.072926739392272,0.20083956109488935
-0.012841101638078362,0.49496243785005395,0.87710932005693,3.070797354737295,0.20059448616526343
-0.012697626535025557,0.49400497129278154,0.8775882085411456,3.068667334600369,0.20035008418710243
-0.012551104062555439,0.49312778057855805,0.8761699077193923,3.0665366941138723,0.20010663153320993
-0.012401569385358075,0.49233213893931577,0.8748362441324063,3.0644054634856475,0.19986481278623158
-0.012249058391038114,0.49161920779651835,0.8750033284396199,3.0622736721691677,0.19962406466023783
-0.012093607681502212,0.4909900331780474,0.8751685448126886,3.0601413344190957,0.19938373695590952
-0.011935254564174403,0.49044554244653527,0.8744297540374982,3.0580084599754165,0.19914389334970642
-0.011774037043042725,0.4899865413633289,0.8745867105677806,3.055875058987585,0.19890444218848316
-0.011609993809538413,0.4896137115102006,0.8730206232113998,3.053741143934115,0.1986661185079853
-0.011443164233250038,0.4893276080885568,0.8714636058208994,3.0516067527528374,0.19842995733545718
-0.011273588352475066,0.4891286581132136,0.8716272897048214,3.049471920167544,0.19819463356753328
-0.011101306864610963,0.4890171590149299,0.8717894323756205,3.0473366542004134,0.19795972728321282
-0.010926361116387763,0.48899327766276723,0.8719500787930075,3.0452009652749945,0.1977252109820055
-0.010748793093945302,0.4890570498140581,0.8721087196620744,3.0430648614787423,0.19749107664738494
-0.01056864541275659,0.489208379996405,0.8722661532434428,3.0409283523053516,0.19725740261295238
-0.01038596130740041,0.4894470418226401,0.8724218083834553,3.0387914469675734,0.19702414841075264
-0.010200784621185056,0.48977267873623176,0.8725757364740091,3.0366541556148,0.19679136351678939
-0.010013159795626407,0.49018480518117236,0.8727282434045587,3.0345164881900657,0.19655904165334137
-0.009823131859781944,0.4906828081870513,0.8711978454076504,3.0323784574352,0.19632781252916046
-0.009630746419444038,0.4912659493568015,0.8713535268154244,3.030240097092222,0.19609810508910425
-0.009436049646194976,0.49193336724159,0.8715078885015235,3.028101424190898,0.1958688421890101
-0.00923908826632573,0.49268408008452896,0.871660759533286,3.025962448536129,0.19564007119236085
-0.009039909549621925,0.4935169889123483,0.8718126606091373,3.0238231801051954,0.19541174073374157
-0.008838561298019628,0.4944308809519241,0.8717560716067726,3.0216836266323894,0.19518348985883774
-0.008635091834132589,0.4954244333466468,0.8701350547110841,3.0195437890250716,0.19495597901306633
-0.008429549989655527,0.49649621714600983,0.8685389046386952,3.0174037056098117,0.19473091083539645
-0.00822198509364443,0.4976447015405605,0.8669765670375071,3.0152634259933797,0.1945083310117344
-0.008012446960677995,0.4988682583134559,0.8673506088607282,3.0131229952539225,0.1942872858541378
-0.007800985878902347,0.500165166479318,0.8675125364664429,3.010982427241417,0.1940665330953959
-0.0075876525979620205,0.5015336170808744,0.8676731450793828,3.0088417300446935,0.19384632751895717
-0.00737249831682042,0.5029717181139586,0.8681797295353092,3.006700919027649,0.19362687891830324
-0.007155574671472228,0.5044774995518815,0.8683305959088655,3.0045600037190145,0.19340776820010272
-0.006936933722551051,0.5060489184408582,0.8684837063516487,3.002418991956078,0.19318903367489534
-0.00671662794283511,0.5076838640391312,0.8689521087198483,3.000277890734424,0.19297044009190006
-0.006494710204654028,0.5093801629735824,0.8690919849069242,2.9981366974499735,0.19275177290703152
-0.00627123376719977,0.5111355843890057,0.869227656648301,2.9959954180118693,0.19253365949669987
-0.006046252263744502,0.5129478450667108,0.867604950629482,2.993854071554522,0.19231711884949176
-0.0058198196887692,0.5148146144908045,0.8680964925745097,2.991712697184591,0.19210215389114468
-0.005591990385004842,0.516733519842212,0.8682345110318992,2.989571309140109,0.19188755492057893
-0.005362819030390807,0.5187021509023397,0.8683771583187347,2.987429917683711,0.19167349434555586
-0.005132360624952041,0.5207180648501122,0.8685192343309791,2.9852885313941164,0.19145980598071222
-0.004900670477599667,0.5227787909380027,0.8686547571753684,2.9831471589098437,0.19124624085003963
-0.004667804192856854,0.5248818350344898,0.8691118040491391,2.9810057812424624,0.1910313338826672
-0.004433817657514167,0.5270246840222391,0.869524983609897,2.978864391102691,0.19081672446049003
-0.0041987670272169006,0.5292048100430155,0.8694710953848275,2.976722993550137,0.19060228971884854
-0.003962708712988039,0.5314196745820771,0.8698114441912228,2.9745815918034917,0.1903880275209885
-0.0037256993676898532,0.5336667323863666,0.8701909668959048,2.9724401899706385,0.19017398995897955
-0.003487795872427549,0.5359434352123713,0.8703106750034071,2.97029879267341,0.18996025699528293
-0.0032490553228980007,0.5382472354009015,0.8706424045896262,2.9681574060931664,0.18974671618841873
-0.003009535015687091,0.5405755892773756,0.8709715598142419,2.966016032999241,0.18953336425982076
-0.002769292434518779,0.5429259603773776,0.8725052219725612,2.9638746743972395,0.18931956957758284
-0.0025283852364594074,0.5452958224983377,0.8728395196539732,2.961733313167327,0.18910511476419575
-0.0022868712380800346,0.5476826625791643,0.8727297173233929,2.959591946776692,0.18889084359651462
-0.0020448084015810115,0.5500839834105142,0.8730619814073877,2.9574505812595584,0.18867688844406547
-0.0018022548208811175,0.5524973061791303,0.8731668915564074,2.9553092218202317,0.18846323137476514
-0.001559268707675443,0.5549201728503439,0.8732715812734912,2.9531678775945176,0.18825017522685386
-0.0013159083774647517,0.5573501483933716,0.8752185526009894,2.951026554390602,0.18803654110825974
-0.0010722322355601244,0.5597848228545046,0.8753093473525531,2.9488852263883203,0.18782190811110816
-0.0008282987630659266,0.5622218132836516,0.8754001329371155,2.9467438920813995,0.1876076428906093
-0.0005841665028446347,0.564658765520004,0.8777319925367747,2.9446025552973594,0.18739291453300708
-0.00033989404546682576,0.567093355842775,0.8775793308447853,2.9424611900345643,0.187176944145434
-9.554001514969607e-05,0.5695232924931599,0.8804807661226735,2.940319782770717,0.18695979339726346
0.00014883694431239673,0.5719463170737076,0.8785334002041876,2.9381782937723604,0.1867416734382643
0.0003931781836222626,0.5743602058313677,0.8766350808834429,2.93603675394632,0.18652639413059988
0.0006374250620553471,0.5767627708304378,0.8767271831007739,2.9338952148016375,0.1863129896699891
0.0008815189615332473,0.5791518610215893,0.8768201535501469,2.9317536959931654,0.18610008926695337
0.0011254013006917714,0.5815253632130761,0.8769116552382147,2.929612205627399,0.18588753636825572
0.0013690135489402536,0.5838812029500738,0.8751145202906597,2.9274707558506368,0.18567631750372757
0.001612297240508489,0.5862173453079851,0.8789227680043783,2.925329379619491,0.1854654364817154
0.001855193988478257,0.5885317956053593,0.882698401624123,2.9231880364748912,0.18525137556571353
0.0020976454987960366,0.5908226000418868,0.8827759367970315,2.921046671963861,0.18503574683892304
0.0023395935842631514,0.5930878462667357,0.8828535389548748,2.9189052829701088,0.18482063896702747
0.002580980178500515,0.5953256638822881,0.8876535708010238,2.9167638712871566,0.18460442114167278
0.0028217473498841827,0.5975342248881098,0.8922804530289337,2.914622384047677,0.1843848091028284
0.0030618373154487804,0.5997117440697646,0.8902946416348829,2.912480767121081,0.18416441003011838
0.0033011924547550007,0.6018564793368739,0.8883600845183242,2.910339055638629,0.18394711728446483
0.003539755323718413,0.6039667320145761,0.8884361896719364,2.9081973128051493,0.18373233084893223
0.00377746866839558,0.6060408470923349,0.8865850714645507,2.906055567936505,0.18351903336967498
0.004014275438724859,0.6080772134338179,0.8925019004783653,2.903913855555253,0.18330591768834237
0.0042501188022180955,0.6100742639513489,0.8929712871741625,2.9017721352176817,0.18309067204078883
0.004484942157600141,0.6120304757482405,0.8930351788665395,2.8996303952541522,0.18287567620577627
0.004718689148392908,0.6139443702320839,0.8930992765214354,2.8974886443060544,0.18266132650133016
0.0049513036764406194,0.6158145132019067,0.8931637078997726,2.89534690080341,0.18244793859767985
0.005182729915373167,0.6176395149118948,0.89934866297809,2.8932051680678494,0.1822332213953474
0.005412912324004076,0.6194180301142066,0.8992019722488418,2.891063392954878,0.18201616236489973
0.005641795659660171,0.6211487580832249,0.8996045090601015,2.8889215622695663,0.1817992898947566
0.0058693249914396235,0.6228304426234379,0.8996382861682458,2.886779680445998,0.18158274731410612
0.006095445713394982,0.6244618720629663,0.8996724557457159,2.8846377570920954,0.1813667653280323
0.006320103557638378,0.6260418792346162,0.8997068649911076,2.8824958038393262,0.18115137904320577
0.006543244607365625,0.6275693414462062,0.8999654498374937,2.8803538303927727,0.18093625458653886
0.006764815309795881,0.629043180441748,0.899997452041024,2.8782118418964,0.18072156330936578
0.006984762489024153,0.6304623623549795,0.900253129449783,2.8760698484885756,0.18050730709969673
0.007203033358783218,0.6318258976566012,0.9066223549634254,2.873927848828694,0.18029181423276947
0.0074195755351120765,0.6331328410964616,0.9068412918807153,2.871785797016596,0.18007443775240353
0.0076343370489278485,0.6343822916418518,0.9068407641331576,2.8696436868979385,0.17985762902381405
0.007847266358498133,0.6355733924129368,0.90717864313182,2.867501531325434,0.1796413991575757
0.008058312361810717,0.6367053306163108,0.9073916730470133,2.8653593388996477,0.1794254928961655
0.008267424408837876,0.6377773374775244,0.9131374208031998,2.8632171096493124,0.17920871976820218
0.00847455231369208,0.6387886881734056,0.9115185185309634,2.861074815447913,0.17899159492277036
0.00867964636667046,0.6397387017648835,0.9099422597626611,2.8589324912281158,0.17877724386037364
0.008882657346184757,0.6406267411309733,0.9099346715559504,2.8567901867538774,0.1785647184475236
0.009083536530574391,0.6414522129045326,0.9109597172109383,2.854647922271249,0.17835255062491395
0.009282235709799386,0.6422145674103001,0.9113776656063517,2.8525056949653718,0.1781400312069626
0.009478707197010473,0.6429132986057209,0.911376502117301,2.8503635013864543,0.17792764136308717
0.009672903839993861,0.6435479440249834,0.9113769742992354,2.848221350397781,0.17771583770938704
0.009864779032487413,0.6441180847266404,0.9113785893959759,2.8460792528113132,0.17750455767367007
0.010054286725365989,0.6446233452451814,0.911575996916489,2.84393721892542,0.1772938105203852
0.010241381437692917,0.6450633935468308,0.9115782744378946,2.8417952611019413,0.17708375820472305
0.010426018267635371,0.6454379409898469,0.9117499530646466,2.8396533908896107,0.1768741378676864
0.010608152903240442,0.6457467422895556,0.9117535575470689,2.837511616522312,0.17666503429594563
0.010787741633069886,0.6459895954882917,0.9118975263392874,2.8353699508261423,0.17645666844880054
0.010964741356690576,0.6461663419304322,0.9120084572153256,2.8332284061643294,0.17624877779819487
0.011139109595018501,0.646276866242629,0.9120141602919425,2.831086991086095,0.1760413481085129
0.011310804500513439,0.6463210963193682,0.9120217017750846,2.828945715617136,0.1758344511058938
0.01147978486722227,0.6462990033138968,0.9106962231152074,2.826804592489118,0.175628694847148
0.01164601014066809,0.6462106016345976,0.910718614363596,2.8246636549347226,0.17542446447541696
0.011809440427583194,0.6460559489467999,0.9107442655259063,2.822522919930556,0.17522078206101588
0.011970036505483268,0.6458351461800358,0.9109231039532962,2.8203823970013104,0.17501751275648356
0.012127759832080434,0.6455483375406982,0.9109506397224131,2.818242093409131,0.17481465926715156
0.012282572554533454,0.645195710530038,0.9109800003807715,2.8161020172276388,0.17461218743234178
0.012434437518532071,0.6447774959674095,0.9110108063102557,2.813962175149813,0.17441008652664025
0.012583318277213868,0.6442939680186468,0.9110440457975577,2.8118225749809778,0.17420845879836241
0.012729179099911486,0.6437454442294088,0.9109594339515595,2.8096832259606193,0.17400727172886626
0.012871984980727568,0.643132285563328,0.9109970040588036,2.807544135449504,0.17380649631452283
0.013011701646936269,0.6424548964447321,0.9111335011026286,2.8054053110694785,0.17360604054006593
0.013148295567208361,0.6417137248056954,0.9111738394959096,2.803266758098327,0.1734059213947523
0.013281733959658606,0.6409092621371342,0.9112162289198162,2.8011284825140623,0.1732061126498344
0.01341198479971339,0.6400420435436168,0.9112607263103755,2.7989904919357436,0.17300681529094694
0.01353901682779633,0.6391126478015057,0.9113073070791091,2.7968527960335874,0.17280799292606974
0.013662799556830484,0.6381216974200444,0.9113560271144683,2.7947154030464216,0.1726095997199574
0.013783303279554977,0.6370698587048971,0.9114066696705387,2.7925783207841532,0.17241161753838855
0.01390049907565486,0.6359578418236308,0.9114588852130822,2.7904415574190145,0.17221410631067866
0.014014358818701689,0.6347864008725794,0.91151313497143,2.788305121199349,0.1720170073712616
0.014124855182903554,0.6335563339444272,0.9104687466496812,2.786169022252853,0.17182080572627553
0.01423196164966356,0.6322684831958382,0.9105394003314939,2.784033284304068,0.17162568993039376
0.014335652513943758,0.6309237349143374,0.9107052020490065,2.781897919150787,0.17143097535214347
0.01443590289043446,0.6295230195836065,0.9107775936006386,2.779762933395239,0.1712365699833315
0.014532688719526591,0.6280673119462598,0.9108534607922792,2.777628331421471,0.17104238836407212
0.01462598677308565,0.6265576310630772,0.9109312835742893,2.7754941168541554,0.17084845069450663
0.01471577466002673,0.6249950403675876,0.9110110244697726,2.7733602952121483,0.17065488374640075
0.014802030831687941,0.6233806477147883,0.911092603479791,2.7712268734712193,0.17046174855943447
0.014884734587002074,0.621715605422667,0.9113393109968366,2.769093859557116,0.1702688512478521
0.014963866077464978,0.6200011103051065,0.9116181137471778,2.766961249741254,0.17007557277251756
0.015039406311898616,0.6182384036945957,0.9108675498964832,2.764829037394041,0.16988238700991362
0.015111337161009484,0.6164287714530678,0.9112417333549904,2.7626972319506633,0.1696895560802908
0.01517964136173899,0.6145735439690273,0.9114317285820549,2.76056582730928,0.1694962905621597
0.015244302521406858,0.6126740961390005,0.9115583620184234,2.758434821707064,0.16930324160548188
0.015305305121645152,0.6107318473311663,0.9116874005147717,2.756304218541699,0.16911037149866892
0.015362634522122656,0.6087482613288883,0.911815734752387,2.7541740210295393,0.16891774462028056
0.015416276964058397,0.6067248462516699,0.9121483439845094,2.7520442319707565,0.16872500929038622
0.01546621957352385,0.6046631544508996,0.9122880904136125,2.7499148414714187,0.16853185780026067
0.015512450364532523,0.6025647823775455,0.9124979267033525,2.7477858472097383,0.16833881679184517
0.015554958241916404,0.6004313704187837,0.912817870954051,2.7456572511345705,0.1681457502689624
0.015593733003989007,0.5982646027003218,0.9130087588555531,2.7435290451769188,0.16795229512533083
0.015628765344993547,0.5960662068509869,0.9133099416878386,2.7414012263761256,0.1677587064613902
0.01566004685733637,0.5938379537259333,0.9135012527148009,2.739273787037773,0.167564921529319
0.01568757003360466,0.5915816570845904,0.9130466555864358,2.7371467307833703,0.16737154524554954
0.015711328268368234,0.589299173219262,0.913203594712021,2.7350200630596437,0.1671783948152954
0.015731315859764755,0.5869924005300731,0.9127572455866155,2.7328937868845937,0.16698537808976607
0.015747528010868286,0.58466327904171,0.9129220279801452,2.7307679043137494,0.16679255834202925
0.01575996083084037,0.582313789857196,0.9131354745036695,2.7286424182835765,0.16659989445079695
0.015768611335863852,0.5799459545437246,0.913313137815297,2.7265173317912783,0.16640755844889085
0.015773477449859147,0.5775618344453498,0.912891664274092,2.724392655762326,0.16621584405234371
0.01577455800498215,0.5751635299171272,0.9124670587528048,2.7222683955303144,0.16602422858093582
0.015771852741904874,0.572753179475135,0.9126396784057544,2.720144551775838,0.1658327240051477
0.01576536230987748,0.5703329588565877,0.9127761160263447,2.7180211271242376,0.16564140303604832
0.015755088266572438,0.5679050799841311,0.9130890966557871,2.7158981229100325,0.16544995306539456
0.015741033077710916,0.5654717898282663,0.9131962807472156,2.7137755303203273,0.16525818430561842
0.015723200116470704,0.5630353691617457,0.9133925195128102,2.7116533489460912,0.16506656846047502
0.015701593662676944,0.5605981311997229,0.913588249857864,2.709531580362765,0.1648750704747377
0.015676218901774806,0.5581624201194083,0.9137829293925358,2.707410226159637,0.16468368552553128
0.01564708192358509,0.5557306094529981,0.9139938994811214,2.705289286774236,0.1644923573286337
0.01561418972084269,0.553305100347722,0.9141875762440973,2.7031687642574056,0.16430122242885467
0.015577550187518458,0.5508883196869736,0.9142465015602163,2.7010486622196277,0.1641103142463694
0.015537172116924432,0.5484827180666975,0.9142412830289259,2.698928982393948,0.16391951026163648
0.015493065199603756,0.5460907676214476,0.9144397495524269,2.696809727644666,0.16372888213026
0.0154452400210049,0.5437149596949029,0.9146373548852156,2.6946908991560856,0.16353834163119166
0.01539370805894109,0.5413578023500313,0.914836763699134,2.6925724980049157,0.1633478798341997
0.01533848168083591,0.5390218177146183,0.9150328115905018,2.6904545245207987,0.16315748215234244
0.01527957414075503,0.5367095391585133,0.9149661728311336,2.6883369795518703,0.1629672000974691
0.015216999576225222,0.5344235082996182,0.9151645999965572,2.686219865948787,0.16277712892230137
0.015150773004841682,0.5321662718365143,0.9153619016412058,2.6841031857038526,0.16258715080619215
0.015080910320663611,0.5299403782065367,0.9155616087164765,2.6819869395256726,0.1623972459355348
0.015007428290399843,0.5277483740691354,0.9157569947434536,2.6798711285895656,0.1622075167275415
0.014930344549384992,0.5255928006155555,0.9156377847619293,2.677755757654361,0.1620181068817701
0.01484967759734673,0.5234761897071115,0.915836074637103,2.6756408306187116,0.1618288266395611
0.014765446793966469,0.5214010598457204,0.9155444793024397,2.673526346161642,0.16163940056121665
0.01467767235423269,0.5193699119818355,0.915744950667068,2.6714123005303834,0.161449899646967
0.0145863753435895,0.5173852251665212,0.915944430398514,2.669298693252591,0.16126047846513214
0.014491577672881291,0.5154494520560433,0.916166506788932,2.6671855256215378,0.1610712208016143
0.014393302093093948,0.5135650142791227,0.9163653696067119,2.665072800935723,0.16088215212587204
0.014291572189894916,0.5117342976787819,0.91659256214804,2.662960521687265,0.16069327614833964
0.0141864123779726,0.5099596474425551,0.9162355251709006,2.66084869016788,0.1605044660833555
0.014077847895177074,0.5082433631367073,0.9168224370061514,2.6587373025518533,0.16031510479806538
0.013965904796463145,0.5065876936619457,0.9164248816978379,2.656626339232497,0.16012489956703027
0.013850609947637111,0.5049948321499556,0.9166210405998055,2.654515792970277,0.15993468634660324
0.013731991018909234,0.5034669108218521,0.9168154924973524,2.6524056636984965,0.15974453434345412
0.013610076478253018,0.5020059958313282,0.9169930680292859,2.6502959524376157,0.15955454889941836
0.013484895584573024,0.5006140821168433,0.9170637466497722,2.6481866626786426,0.1593646694315256
0.013356478380682876,0.4992930882886235,0.9172957907998612,2.646077791517859,0.15917467488988987
0.01322485568609504,0.49804485157746575,0.917499489134431,2.6439693343051105,0.15898419493594199
0.013090059089624429,0.49687112287337265,0.917701111576745,2.6418612820700518,0.15879366043090345
0.012952120941807106,0.495773561882808,0.9178999961959571,2.639753636429505,0.15860327114619324
0.01281107434713644,0.494753732433895,0.9180963800388459,2.6376463976735045,0.15841283962103506
0.012666953156118092,0.4938130979590622,0.9182907994493926,2.635539560761264,0.15822196606435499
0.012519791957146148,0.4929530171845599,0.9185270154447639,2.633433118752944,0.15803112814178294
0.012369626068201914,0.4921747400558234,0.9180023910684055,2.631327074076195,0.1578404504994902
0.012216491528377903,0.49147940392687883,0.9180554581497902,2.629221428113965,0.15764972705454003
0.012060425089228615,0.490868030040861,0.9182415812703407,2.6271161763541033,0.1574588621281367
0.011901464205950295,0.49034152032723594,0.9176237083576089,2.6250113184700954,0.15726817001156762
0.01173964702839193,0.4899006545395076,0.9177631418037805,2.6229068588826396,0.15707759081292
0.011575012391899299,0.48954608775504904,0.917728136309729,2.6208027930581705,0.15688681018422906
0.011407599807994936,0.489278348256261,0.9176420324578053,2.618699120570437,0.1566960896878474
0.01123744945489537,0.48909783580954236,0.9178731079371869,2.616595838419093,0.15650517496691294
0.011064602167868556,0.48900482035562337,0.9171626063850983,2.6144929442477345,0.15631437079004473
0.010889099429433696,0.48899944112164034,0.9173207757001267,2.6123904432784073,0.15612389348620068
0.010710983359405627,0.48908170616204255,0.9174749166995454,2.6102883392450793,0.1559336022762792
0.010530296704786078,0.48925149233200954,0.9165642123190834,2.6081866357697083,0.15574371647533425
0.010347082829504828,0.48950854569359364,0.9154983073751833,2.606085347416763,0.15555490066848876
0.010161385704012562,0.4898524823513257,0.9156056309455306,2.6039844958182683,0.1553669601138595
0.009973249894727946,0.49028278971062356,0.9157087350133832,2.6018840892602757,0.15517928585112406
0.009782720553342159,0.49079882814899833,0.9148930534854302,2.5997841343025936,0.1549922813222068
0.00958984340598255,0.49139983308690666,0.9150029833635315,2.5976846494106143,0.15480615487928479
0.00939466474223864,0.4920849174421015,0.915108535370163,2.595585643774121,0.15462036362849313
0.009197231404052797,0.49285307444860166,0.9149832757660552,2.593487122790376,0.15443483607624453
0.008997590774478476,0.493703180818924,0.9150863786622184,2.591389089625324,0.15424951416340169
0.008795790766308514,0.4946340002260404,0.9149109317527359,2.589291548668142,0.15406448375427134
0.008591879810576162,0.49564418707967645,0.9150125577254595,2.5871945034543016,0.15387963304380034
0.008385906844932007,0.49673229057004076,0.9137424342835321,2.585097959617424,0.15369555477336488
0.008177921301899014,0.49789675895091307,0.9138183295186847,2.5830019412014047,0.15351265059647265
0.007967973097009232,0.49913594403318584,0.9138898997350778,2.5809064604051994,0.1533301763696056
0.0077561126168240015,0.5004481058594816,0.9141285617262562,2.5788115240053324,0.15314803483412048
0.007542390706841605,0.5018314175303212,0.9132554989766869,2.5767171450578754,0.15296748094915388
0.007326858659294549,0.5032839701524969,0.9118859051078183,2.574623369517628,0.15278937389017794
0.007109568200839586,0.5048037778807726,0.9120976079360492,2.572530233362108,0.15261237523044677
0.006890571480143782,0.5063887830247706,0.9106009470841979,2.5704377483490575,0.15243635627504662
0.006669921055368865,0.5080368611939262,0.9106395688768476,2.5683459468161693,0.1522619456542053
0.0064476698815575904,0.5097458264545712,0.9090290175779495,2.5662548484309906,0.15208875129046964
0.0062238712979248425,0.5115134364746181,0.9073393440633545,2.5641644913884654,0.1519181031843166
0.005998579015056403,0.5133373976328712,0.9067289608788194,2.562074933267371,0.15175024521795702
0.005771847102018741,0.5152153700716512,0.9067448551862003,2.559986206379034,0.15158324347593022
0.005543729973382606,0.5171449726731919,0.9050970201676944,2.5578983236425645,0.151417362897871
0.005314282376163843,0.5191237879420896,0.9044747988742677,2.555811318440243,0.15125328370435276
0.005083559376684442,0.521149366777936,0.9045100890367573,2.5537252158200174,0.1510901995604355
0.0048516163473567514,0.5232192331241347,0.9045431054408648,2.55164002696264,0.15092748323619223
0.0046185089533944184,0.5253308884807463,0.9045743370589523,2.5495557567973264,0.1507651322934991
0.00438429313945307,0.5274818162710031,0.903862041268152,2.547472412919259,0.1506035144177366
0.004149025116203712,0.529669486052892,0.9032095097411659,2.5453900145555064,0.15044310995815324
0.003912761346842645,0.5318913575688914,0.902909742215776,2.543308582737173,0.15028360321718384
0.003675558533540389,0.5341448846285036,0.902975094370879,2.5412281256086344,0.15012440499850765
0.003437473603833521,0.5364275188197684,0.9030390666352114,2.539148648778879,0.14996566388603558
0.003198563696962268,0.5387367130472834,0.9016914502909115,2.537070163014874,0.1498080197297105
0.002958886150157547,0.5410699248955995,0.9017563125605524,2.534992697413617,0.14965179869048112
0.0027184984848800504,0.5434246198179642,0.9018207964955361,2.532916267447322,0.14949615905708818
0.002477458393015546,0.5457982741515132,0.9020487746085885,2.53084088040253,0.14934087640033847
0.002235823723029043,0.5481883779609015,0.9015197395272548,2.528766541754842,0.14918620232666502
0.001993652466081446,0.550592437713243,0.9003214042692383,2.5266932700790994,0.14903293648664348
0.0017510027421119279,0.5530079787879293,0.9005251799012431,2.524621093378973,0.1488808455634768
0.001507932785889523,0.5554325478255491,0.8993619214128437,2.5225500222003876,0.14872943533954258
0.0012645009330369064,0.5578637149206411,0.8982585269133474,2.5204800796781517,0.14857959181829253
0.0010207656060302597,0.5602990756634677,0.8972303241698645,2.51841129431738,0.14843125898827875
0.0007767853001780882,0.5627362530363331,0.8962901039378092,2.5163436921567635,0.148284242560399
0.0005326185695826374,0.5651728991702676,0.8965404588448185,2.514277293499394,0.14813798795205682
0.0002883240130871994,0.5676066969680744,0.8966826861558783,2.512212102837146,0.14799190922861058
4.396026021267035e-05,0.5700353615998924,0.8961336153696644,2.5101481244694233,0.14784643933359948
-0.00020041404291324576,0.5724566418775,0.8963390192933425,2.5080853718575606,0.1477016914932524
-0.0004447402476308242,0.5748683215136019,0.8956286206416912,2.5060238534427857,0.14755750299155806
-0.0006889597168237787,0.577268220272331,0.8947131572990097,2.5039635808178686,0.14741419565407782
-0.0009330138389917684,0.5796541950171276,0.8938728997410962,2.501904572855783,0.1472720083192571
-0.001176844042317013,0.5820241406620615,0.894075920013615,2.4998468472952826,0.14713055875280748
-0.001420391808721138,0.5843759910325333,0.8925523773362088,2.497790410246469,0.14698978067468266
-0.00166359868790927,0.5867077196411568,0.8927664151393988,2.4957352823637713,0.14684997723379553
-0.00190640631139785,0.589017340384402,0.8923567084752219,2.4936814689210833,0.14671039002255493
-0.0021487564065227572,0.5913029081654662,0.8925726382769447,2.491628973368507,0.1465711106774966
-0.002390590810424493,0.5935625194485602,0.8927907078603887,2.489577797535564,0.14643197777966424
-0.0026318514840070035,0.5957943127496307,0.8925014793406403,2.487527941403142,0.14629296668385314
-0.002872480525866665,0.5979964690683153,0.8923285204822472,2.485479403838476,0.14615395139255222
-0.003112420186188557,0.600167212265687,0.8925902330976884,2.4834321802697916,0.14601481534591132
-0.0033516128806059206,0.6023048093921347,0.8925414925537885,2.4813862663163593,0.14587553233179582
-0.003590001204020277,0.6044075709695043,0.8908068387731493,2.479341658580192,0.14573684785322313
-0.0038275279443783124,0.6064738512313843,0.8891119624971753,2.4772983846228085,0.14560009940785462
-0.004064136096402536,0.6085020483252231,0.8894097027304738,2.4752564768705776,0.14546461719021048
-0.004299768875272199,0.6104906044797366,0.8895693156383221,2.473215941390611,0.14532888612074438
-0.004534369730251465,0.6124380061408562,0.8898390673851858,2.471176762353478,0.1451922776257272
-0.004767882358261288,0.6143427840792708,0.8901264122382161,2.4691389218854627,0.14505520406323974
-0.005000250717391807,0.6162035134724191,0.8904915104985127,2.46710241063981,0.1449175619718801
-0.00523141904035229,0.6180188139635957,0.8909316661379351,2.465067207417016,0.14477875971739743
-0.0054613318478548365,0.6197873497006531,0.8912953956521535,2.4630332851567807,0.14463901868268414
-0.005689933961929326,0.6215078293566263,0.8916585203146683,2.4610006350562865,0.14449936101697403
-0.005917170519165678,0.6231790061344178,0.8921666665211704,2.458969253542084,0.14435918342761472
-0.006142986983880932,0.6247996777575414,0.892540933901295,2.4569391188281577,0.14421816348408212
-0.006367329161207532,0.6263686864487749,0.8928775001711342,2.4549102236619946,0.14407725059073784
-0.0065901432100997975,0.6278849188984189,0.8934353602243499,2.4528825664109424,0.14393604950868952
-0.006811375656255534,0.6293473062237529,0.8938050436632442,2.450856129841583,0.1437941340008919
-0.007030973404949666,0.6307548239211243,0.8941734082197236,2.4488309056598343,0.14365211078688084
-0.007248883753776591,0.6321064918120242,0.894746651697217,2.4468068874491142,0.1435095537905035
-0.007465054405298591,0.6334013739843518,0.8951141690131506,2.4447840542628545,0.14336619912959017
-0.007679433479596965,0.6346385787300257,0.8947305955430389,2.4427623991919547,0.1432229731863712
-0.007891969526722952,0.6358172584799425,0.8951002683876482,2.440741924793621,0.14308002758117191
-0.008102611539045472,0.6369366097372403,0.8954673423355679,2.4387226322386186,0.14293713625341548
-0.008311308963492659,0.6379958730097247,0.8958093480158106,2.4367045190724244,0.14279426836317838
-0.008518011713684452,0.6389943327422319,0.8939392971178615,2.4346875897596894,0.14265238885925016
-0.008722670181952998,0.6399313172496512,0.8943089654431193,2.4326718710819737,0.1425116547584136
-0.008925235251248349,0.6408061986512282,0.8946538458367879,2.43065736748234,0.1423709023784678
-0.009125658306926174,0.6416183928067689,0.8949739068258955,2.428644077762305,0.14223028015008407
-0.009323891248415239,0.6423673592552225,0.8953412769246372,2.4266320019701713,0.1420896989978536
-0.009519886500761096,0.6430526011561521,0.8957074519088569,2.4246211365312305,0.1419490246841436
-0.009713597026044032,0.6436736652344961,0.8960724071612848,2.422611477326954,0.14180827639716442
-0.009904976334667796,0.644230141729,0.8964357886340716,2.4206030205849283,0.14166747311685304
-0.010093978496516982,0.6447216643446515,0.8967977150694698,2.41859576359346,0.14152655640197256
-0.010280558151980012,0.6451479102094114,0.8963358722433608,2.4165896946417544,0.1413851238164065
-0.010464670522835213,0.6455085998354965,0.8966998576610652,2.414584810505917,0.14124388228287688
-0.010646271422997292,0.6458034970854265,0.8970620558226682,2.4125811102115877,0.14110265547813447
-0.010825317269121983,0.6460324091430393,0.8974224638113457,2.4105785916418307,0.14096143349298604
-0.011001765091065641,0.646195186489597,0.8977812523018184,2.4085772525529716,0.1408202089493852
-0.011175572542197965,0.6462917228851505,0.8972667834749696,2.4065770905637134,0.14067906912090147
-0.011346697909565074,0.6463219553552145,0.8975371796403984,2.404578108077481,0.14053816449829037
-0.011515100123900154,0.6462858641828505,0.8978069377432528,2.4025803032413693,0.1403972012282575
-0.011680738769480163,0.6461834729061801,0.898166538864966,2.4005836749718963,0.14025634555065947
-0.011843574093825257,0.6460148483213546,0.8985251809770498,2.398588222368006,0.14011552146430878
-0.012003567017239227,0.6457801004909497,0.8987926021895551,2.396593941107256,0.1399745839696181
-0.01216067914218847,0.6454793827577583,0.8991479145710584,2.394600828592567,0.13983350814717385
-0.012314872762517134,0.6451128917639053,0.8997663020161417,2.392608873005133,0.1396916529741792
-0.012466110872496508,0.6446808674751852,0.9001144416789398,2.3906180535529287,0.13954906140429635
-0.0126143571757062,0.6441835932105016,0.900460806241093,2.388628362262902,0.1394064100285099
-0.012759576093745027,0.643621395676244,0.9008054772900499,2.3866397945299322,0.13926357448338367
-0.012901732774769739,0.6429946450054174,0.9010698056876962,2.384652345399323,0.1391207015730509
-0.013040793101859287,0.6423037548013011,0.901589092703131,2.382666009164366,0.13897727718379965
-0.013176723701202635,0.6415491821853821,0.9019213670063099,2.380680768355452,0.13883329576329448
-0.013309491950108528,0.6407314278492577,0.9022518848225086,2.378696616717063,0.13868926377710808
-0.013439065984834422,0.6398510361101847,0.9025801226955165,2.37671355230622,0.1385452888063623
-0.013565414708234056,0.6389085949698801,0.9008740010159124,2.37473157675333,0.13840200092086366
-0.013688507797220303,0.6379047361761628,0.9012030311508491,2.3727507130759586,0.13825984670932082
-0.013808315710042637,0.636840135286952,0.89951322707922,2.3707709703462467,0.13811838921104347
-0.01392480969337713,0.6357155117360853,0.8999061818562385,2.3687923704843223,0.13797778895839555
-0.014037961789226935,0.6345316289003954,0.9002065890548234,2.3668149070657454,0.13783646355409798
-0.014147744841632205,0.6332892941673621,0.9004113132341897,2.364838565733226,0.13769464825358965
-0.01425413250318737,0.6319893590026509,0.9005151414578454,2.3628633358777233,0.1375525044864953
-0.014357099241364281,0.6306327190167293,0.9005126113101304,2.360889211158351,0.13741025925132527
-0.01445662034464016,0.6292203140297163,0.900789020031617,2.3589161860935732,0.1372676998140619
-0.0145526719284278,0.6277531281334973,0.900684058313087,2.356944254044991,0.13712514599889555
-0.01464523094080821,0.626232189750067,0.9004782954403616,2.354973415256978,0.13698278717633622
-0.014734275168062758,0.6246585716849874,0.9001802043401741,2.353003672989018,0.1368407554362294
-0.014819783240004273,0.6230333911746953,0.898589977128387,2.351035036012172,0.13669975437916748
-0.014901734635106016,0.6213578099263317,0.8981593962715794,2.349067530510878,0.136560064061169
-0.01498010968542649,0.6196330341486311,0.8984057755837123,2.3471011704364053,0.13642080738818083
-0.015054889581329826,0.617860314572268,0.8986964983003337,2.3451359584257827,0.13628169778158303
-0.015126056376000011,0.616040946457961,0.89934473853129,2.343171893938488,0.13614261774504471
-0.015193592989747913,0.6141762695904605,0.899584339805131,2.34120897393663,0.13600344739689296
-0.015257483214110416,0.6122676682564175,0.8990580712733184,2.3392471974567326,0.135864651060236
-0.015317711715740394,0.6103165712039736,0.8996912078568926,2.3372865728834826,0.1357262383469065
-0.015374264040086495,0.6083244515817379,0.8999190388806032,2.3353271006334166,0.1355879233568837
-0.015427126614862435,0.6062928268546421,0.8993112548508241,2.3333687815862767,0.135449867476653
-0.01547628675330393,0.6042232586940154,0.8986412329345637,2.3314116247196135,0.13531260652218233
-0.015521732657213797,0.6021173528389748,0.8989356964752222,2.329455640712197,0.1351757313087201
-0.015563453419793202,0.5999767589260914,0.899229095407514,2.3275008322049104,0.1350390725948628
-0.015601439028259431,0.5978031702840398,0.8994470207243658,2.32554719978442,0.13490248940922797
-0.01563568036624877,0.5955983236897697,0.8996635308024313,2.3235947431264665,0.13476602413040165
-0.01566616921600446,0.593363999082481,0.8989276343309445,2.321643462834031,0.13462990451731105
-0.015692898260348944,0.59110201923151,0.8991411774786047,2.319693367496162,0.13449425214978203
-0.015715861084439803,0.588814249353971,0.897825714706013,2.3177444616215985,0.1343591652909791
-0.015735052177309607,0.5865025966778009,0.896958120123553,2.3157967615891035,0.134225075908117
-0.01575046693318812,0.5841690099456159,0.8971648732611339,2.3138502799576166,0.1340914952692442
-0.015762101652607885,0.5818154788545685,0.8973710995058863,2.311905021258293,0.13395816936357033
-0.015769953543292196,0.5794440334271813,0.8975766474823528,2.3099609861384858,0.13382500811417952
-0.015774020720824882,0.5770567433079119,0.8977814942259751,2.308018181805412,0.1336924898696113
-0.015774302209102902,0.5746557169800189,0.8976486361600732,2.3060766131213652,0.13356011111933483
-0.015770797940570385,0.5722431008970854,0.8979537618680615,2.304136279489687,0.13342781589147498
-0.015763508756235067,0.5698210785234058,0.8981571480757583,2.3021971805548582,0.1332956378890351
-0.015752436405466082,0.5673918692772908,0.8983590048448782,2.3002593161235345,0.13316355985039258
-0.01573758354557444,0.5649577273712055,0.8972321376114641,2.298322687654776,0.1330319929206162
-0.015718953741175382,0.5625209405425681,0.8961410120502254,2.296387310480531,0.13290145777085527
-0.015696551463332452,0.5600838286689899,0.8968628713813778,2.2944532000004814,0.13277153200352457
-0.0156703820884847,0.5576487422617018,0.8970444536700407,2.2925203580130367,0.13264160705656367
-0.015640451897156623,0.555218060830941,0.8973520461046537,2.2905887823852105,0.13251173862212995
-0.01560676807245035,0.552794191117181,0.8975326163728478,2.288658473239851,0.13238208192592793
-0.015569338698322265,0.5503795651821852,0.8982239456998645,2.2867294313614397,0.13225252294049367
-0.015528172757642312,0.547976638354119,0.8971069556427995,2.2848016587473223,0.1321235327421084
-0.015483280130038794,0.5455878870212032,0.8959741937877499,2.282875171798833,0.13199563100204406
-0.015434671589526763,0.5432158062687639,0.894963145521259,2.280949987821586,0.13186865377238474
-0.015382358801922706,0.540862907354987,0.895137949689332,2.279026121271433,0.13174230437623025
-0.015326354322044393,0.5385317150212149,0.8953151107924222,2.2771035754731264,0.13161608447795
-0.015266671590698305,0.5362247646332567,0.8952436773493396,2.2751823498156147,0.13148991148460404
-0.01520332493145337,0.5339445991509411,0.895421508567755,2.2732624416866964,0.1313637632361759
-0.015136329547203845,0.5316937659239627,0.8961203162957624,2.2713438503945067,0.1312377077622277
-0.015065701516520221,0.5294748133130566,0.8948851006852888,2.269426576021093,0.1311120265457805
-0.014991457789790955,0.5272902871365739,0.8936578364575534,2.2675106266110294,0.13098692587026944
-0.01491361618515397,0.5251427269437543,0.8924463580192067,2.2655960172265397,0.13086295506117512
-0.014832195384220835,0.5230346621172348,0.8926394094748443,2.2636827628929352,0.13073947011767964
-0.014747214927592879,0.5209686078087895,0.8924895931342887,2.2617708645721972,0.13061603214246822
-0.014658695210171753,0.5189470607137507,0.8926744112480857,2.259860319679332,0.13049258074280093
-0.014566657476264759,0.5169724946911969,0.8928599843741059,2.2579511255996345,0.13036915554224346
-0.014471123814486266,0.5150473562386528,0.89287757118192,2.256043281307572,0.1302458432014796
-0.014372117152456442,0.5131740598318195,0.892974106782236,2.254136785453519,0.13012253937052637
-0.014269661251299005,0.5113549831416503,0.8937057281544879,2.252231634630906,0.12999919495520504
-0.014163780699938395,0.5095924621429342,0.893872797451911,2.250327826083261,0.1298759075187766
-0.014054500909198667,0.5078887861304249,0.8940375204701122,2.248431312641674,0.13034840595227673
-0.01394184810570506,0.5062461926603964,0.8942029325792588,2.246548040324309,0.13082205234177036
-0.013825849325589659,0.5046668624373226,0.8945501797971458,2.2446780044088404,0.13129659125701162
-0.013706532408002839,0.5031529141671492,0.8947123545850557,2.2428211926957524,0.1317719146483483
-0.01358392598843212,0.5017063994002734,0.8948757628692193,2.2409775985121847,0.13224827221862478
-0.013458059491829688,0.5003292973888882,0.8950365099676928,2.2391472161888806,0.13272572936840066
-0.013328963125550456,0.4990235099847449,0.8951970371793854,2.2373300420187294,0.1332043256590058
-0.013196667872102772,0.497790856604552,0.8953555491550585,2.2355260730231206,0.13368417067043073
-0.013061205481712315,0.49663306929122714,0.8955132437604331,2.2337353080702202,0.13416523229362506
-0.012922608464702556,0.4955517878999299,0.895670995114742,2.231957743983175,0.13464744515075858
-0.012780910083692313,0.49454855543825077,0.896371374563698,2.2301933782752115,0.13513084445362314
-0.012636144345612811,0.49362481359008276,0.8965230301154296,2.228442209927535,0.13561564081860591
-0.012488345993546285,0.4927818984525247,0.8966734962344984,2.226704236976261,0.13610142558427965
-0.01233755049838783,0.4920210365146604,0.8968234120149,2.22497945258364,0.1365882546745091
-0.01218379405033242,0.49134334090619863,0.896971613139973,2.22326785320659,0.13707630626027095
-0.012027113550189457,0.4907498079427608,0.8971182883376283,2.221569436594665,0.13756551504702674
-0.011867546600526984,0.4902413139930598,0.8982501646958342,2.2198842648527837,0.13806895543758443
-0.011705131496646905,0.4898186126913092,0.898383017968473,2.218212790622558,0.13859306103858327
-0.011539907217394521,0.48948233251603107,0.8985136116731638,2.2165551382610778,0.13911820398756206
-0.011371913415803785,0.4892329747539012,0.8986427119031003,2.2149112997214533,0.13964415308868056
-0.01120119040958065,0.4890709118645218,0.8987713594583733,2.2132812546484146,0.14017036578555278
-0.01102777917142712,0.4889963862590123,0.8994392214105538,2.2116649914540414,0.1406975489640689
-0.010851721319207901,0.48900950950212024,0.9000589890380934,2.2100624955381254,0.14122522234701532
-0.010673059105962506,0.48911026194422463,0.9015723791352286,2.2084738152924115,0.14176661740738325
-0.010491835409764408,0.4892984927861886,0.8998276669707903,2.2068994222931275,0.14233368715769432
-0.010308093723430868,0.48957392057653126,0.898063826664948,2.2053396427009466,0.14291448099772872
-0.010121878144084535,0.4899361341369442,0.8962887636961335,2.203794718394106,0.1435086932781
-0.009933233362570612,0.49038459390876626,0.8963948882625667,2.2022648611698954,0.14411125607585454
-0.009742204652731132,0.49091863370974426,0.8965031008850154,2.2007501098710356,0.14471480912502632
-0.009548837860539505,0.49153746288726236,0.8966046663009924,2.1992504529191828,0.1453192531223816
-0.009353179393097646,0.4922401688513178,0.8967040844611796,2.1977658782409444,0.14592462299480435
-0.009155276207498548,0.4930257199677938,0.8968009386136879,2.1962963746533894,0.1465309415169122
-0.00895517579955673,0.4938929687902021,0.8968970948194372,2.1948419301250293,0.14713814520812266
-0.008752926192409636,0.49484065560593565,0.8969917641615699,2.1934025321295287,0.14774618446953536
-0.008548575924992122,0.4958674122712978,0.8970848270148776,2.1919781672617007,0.1483550942468475
-0.008342174040387462,0.496971766308122,0.8971739997357105,2.1905688231139284,0.14896490870340998
-0.00813377007405721,0.498152145233709,0.8953667306327596,2.189174512382887,0.14958043066837629
-0.007923414041952851,0.49940688109503995,0.8954506727607817,2.1877953897448936,0.15020399205225224
-0.00771115642851239,0.5007342151778392,0.8957618946863534,2.186431487886547,0.15082804527471125
-0.007497048174544151,0.5021323028609709,0.8958417978199357,2.18508277400379,0.15145150170628524
-0.007281140665001326,0.5035992185868905,0.8940216227768824,2.183749239201838,0.15208022128659412
-0.0070634857166498545,0.5051329609194138,0.8945631929878237,2.182431030390411,0.1527165367570702
-0.006844135565632454,0.506731457660865,0.8950595930289508,2.181128173972052,0.15335330465055189
-0.006623142854932545,0.5083925710017031,0.8955093278283757,2.1798406438537685,0.15399013359929625
-0.006400560621739857,0.5101141026769794,0.8955670797704737,2.178568413285767,0.15462741069032762
-0.006176442284721903,0.5118937991054171,0.8956223085479531,2.1773114575536257,0.15526451401002414
-0.0059508416312037595,0.5137293564884718,0.89591379961922,2.1760697457672724,0.15590196482123578
-0.005723812804259353,0.515618425848434,0.8962035305250935,2.1748432514827307,0.1565394651855359
-0.005495410289717386,0.5175586179864111,0.8962543061188046,2.173631947947712,0.15717738893685215
-0.005265688903084926,0.5195475083428538,0.8966552451681986,2.172435816368031,0.1578158084193254
-0.005034703776392121,0.5215826417451621,0.8990248196735279,2.171254892294001,0.15846632847196274
-0.004802510344960552,0.5236615370287534,0.9014492323520475,2.1700896178616094,0.15914567270451419
-0.004569164334099222,0.5257816915198191,0.901466016288712,2.1689404624657724,0.15984144416599289
-0.0043347217457306,0.5279405853698069,0.9014807279244449,2.167807509481802,0.16053769591123435
-0.004099238844950566,0.530135685733356,0.8992963126601173,2.166690755649554,0.16123839521979438
-0.0038627721465249103,0.5323644507831407,0.899303510193407,2.165590316725961,0.16194546043523364
-0.0036253784013261974,0.5346243335565757,0.8993088703227247,2.164506208627058,0.16265305300405605
-0.0033871145827136916,0.5369127856308703,0.8996720665223001,2.163438408700837,0.16336095932586078
-0.003148037872860199,0.5392272606242482,0.8999913197012784,2.1623868847644063,0.16406869535745708
-0.0029082056490284556,0.5415652175224408,0.8999881482570609,2.1613516020845696,0.16477654578647138
-0.00266767546980092,0.5439241238306782,0.8999819994641283,2.1603325347845046,0.16548479756229542
-0.002426505061266079,0.5463014585524703,0.8977269283427444,2.1593296786926954,0.16619737063763373
-0.002184752303164193,0.5486947149973721,0.9011663392710165,2.158343189641274,0.1669252110845021
-0.0019424752149969013,0.551101403420749,0.898778477481558,2.1573734160228066,0.16767042954368622
-0.0016997319421022767,0.553519053499267,0.8963812613412696,2.1564205565279924,0.1684243219355655
-0.00145658074170063,0.5559452166464361,0.8940020447384204,2.1554847483930755,0.16918663195767636
-0.001213079968912904,0.5583774681730598,0.8939823281374019,2.1545661058706855,0.169953799934683
-0.0009692880627556867,0.5608134092978277,0.8916517964389342,2.153664642333839,0.1707240862472518
-0.0007252635321162282,0.5632506690136759,0.8918801906991899,2.152780430611827,0.1714987634562282
-0.0004810649417105123,0.5656869058157594,0.8918640868092735,2.1519134602873673,0.1722731970113904
-0.00023675089802803823,0.5681198092970717,0.891847766137728,2.1510636946228288,0.1730475562872105
7.619964733464269e-06,0.5705471016179012,0.891831735028808,2.1502311020060647,0.173822377190366
0.0002519889987399543,0.5729665388553292,0.8895802338006258,2.1494156696522086,0.17460009859368375
0.0004962975565963008,0.5753759122390476,0.8897577782220696,2.148617460936224,0.17538184038500088
0.000740487005421344,0.5777730492796878,0.8898995356198459,2.1478364591232806,0.17616283958063422
0.0009844987409195333,0.5801558147958156,0.8900060424715659,2.147072613219655,0.1769429210990432
0.0012282742014456153,0.5825221118456397,0.8899944237461642,2.1463258721388256,0.17772242189451254
0.0014717548820592605,0.5848698825693361,0.8899827503348547,2.1455961959457652,0.17850176204872756
0.0017148823485658743,0.587197108947736,0.8878164499180321,2.1448835592954976,0.17928344668574636
0.0019575982515405437,0.589501813482965,0.8878199304022762,2.1441880149476753,0.18006887215778775
0.002199844340331647,0.5917820598064027,0.8878385808505879,2.143509549216311,0.18085376872608264
0.0024415624770407025,0.5940359532191435,0.8878418666713689,2.142848113033933,0.1816379628678101
0.002682694650475188,0.5962616411699289,0.8858367719465857,2.1422036761050367,0.182424327049045
0.0029231829900709765,0.5984573136752803,0.8907321687679514,2.141576308383342,0.1832187925730648
0.0031629697797809146,0.6006212036863703,0.8888121019230787,2.1409661658055397,0.1840217498610262
0.003401997471926543,0.6027515874069128,0.893887082331927,2.140373334039165,0.18482995817821463
0.003640208701009097,0.6048467845661504,0.8988462150114382,2.139797891220673,0.18564305829424402
0.0038775462974770547,0.6069051586507893,0.8969800421474455,2.139239864257765,0.18645801699596737
0.004113953301446555,0.6089251170995074,0.8971890955495724,2.13869924184771,0.1872731131084537
0.0043493729763714245,0.6109051114634537,0.8971844006470873,2.1381759709269272,0.18808677175575952
0.0045837488226597375,0.6128436375359612,0.8971957469901077,2.1376699869627287,0.1888988769130248
0.004817024591233441,0.6147392354544617,0.8971722808632566,2.137181224320234,0.1897094493463321
0.005049144297027851,0.6165904897774278,0.8971664562170288,2.1367096211776855,0.19051885480492994
0.005280052232427796,0.6183960295389759,0.8971621261806902,2.136255118376747,0.19132680111950878
0.0055096929806371766,0.6201545282835672,0.9027771618757909,2.135817652009696,0.19213307742285396
0.005738011428978751,0.6218647040830897,0.9027478649177807,2.1353971434789822,0.19293703478242313
0.005964952782120874,0.6235253195384409,0.9010689614308477,2.134993525080831,0.1937398537357361
0.0061904625752281575,0.6251351817675735,0.9010598316002566,2.134606743870852,0.19454150660113523
0.0064144866870327584,0.6266931423818116,0.901052536218637,2.13423673595731,0.19534151022842555
0.006636971352823206,0.6281980974521308,0.9024798396966872,2.1338834316287367,0.19613934800218258
0.006857863177347655,0.6296489874669373,0.9010385863516233,2.1335467494573073,0.19693493812801421
0.007077109147628544,0.6310447972827855,0.9010504858639696,2.1332266184926443,0.1977287718966353
0.007294656645685485,0.6323845560693301,0.9010460660191545,2.1329229700724546,0.19852079610281292
0.007510453461163145,0.6336673372497413,0.9013712184461163,2.1326357340746576,0.19931092874251777
0.007724447803861697,0.6348922584376658,0.9013988196869727,2.1323648414093643,0.20009933902004076
0.007936588316166114,0.6360584813717524,0.9014292635821362,2.1321102246602375,0.20088597229392513
0.008146824085371774,0.6371652118486735,0.9012739570632268,2.131871815456703,0.20167077387802823
0.008355104655903218,0.6382116996554712,0.9013064557333446,2.131649544920478,0.2024537794327281
0.008561380041423311,0.6391972385020064,0.9013410297568606,2.1314433438832356,0.20323490202696193
0.008765600736829691,0.6401211659541954,0.901379551485505,2.1312531444379164,0.20401426586573074
0.008967717730135771,0.6409828633686758,0.9014212512818242,2.1310788790198014,0.20479189137640624
0.009167682514233336,0.6417817558294612,0.9014654615411835,2.1309204800550323,0.20556761146859745
0.00936544709853406,0.6425173120871029,0.9003971526016696,2.130777875822328,0.20634106595584265
0.00956096402048708,0.643189044500818,0.9004564392879373,2.130650982253675,0.20711193964091779
0.009754186356969584,0.643796508984001,0.9005297527417105,2.1305397249854825,0.20788086278156095
0.009945067735548358,0.6443393049534653,0.9006060218870191,2.1304440332612558,0.20864781649887623
0.010133562345608813,0.6448170752827703,0.9003654760827157,2.1303638393703244,0.209413084042299
0.010319624949349302,0.6452295062598888,0.9005420035045392,2.130299075706348,0.21017634920325318
0.010503210892638072,0.6455763275494807,0.9006224340484013,2.1302496733607112,0.21093777758752708
0.010684276115730045,0.6458573121599714,0.9010895791961133,2.1302155624852497,0.21169696502590196
0.010862777163840778,0.6460722764156304,0.9011903042405921,2.130196661037894,0.21245358380127774
0.01103867119757556,0.6462210799337813,0.9012789057685753,2.130192894008359,0.2132081436301292
0.011211916003210629,0.6463036256072745,0.9013697915648543,2.1302041899389343,0.2139606247895174
0.01138247000282426,0.6463198595923061,0.9007142908753694,2.1302304722719287,0.21471005033590243
0.011550292264275208,0.6462697713016361,0.9008285463908645,2.1302716350435857,0.21545591883870668
0.011715342511026332,0.6461533934032613,0.9009630315236387,2.130327597011325,0.21619965881158623
0.011877581131810668,0.6459708018245258,0.9010820989317182,2.1303982850525998,0.21694118545466087
0.012036969190138015,0.6457221157616657,0.9011419511259319,2.1304836252335106,0.2176805253116693
0.012193468433639427,0.6454074976947244,0.9017771881522975,2.130583545117371,0.21841744472058636
0.012347041303247751,0.6450271534077867,0.9019322370099072,2.130697957643885,0.2191513941175684
0.012497650942211436,0.6445813320143996,0.9020898467482137,2.130826782363972,0.21988299480360163
0.012645261204940089,0.6440703259880681,0.9022495444139691,2.1309699439480734,0.22061230556236902
0.012789836665679196,0.6434944711976547,0.9029529480526466,2.1311273673040003,0.22133900756462244
0.012931342627012182,0.6428541469474826,0.9027315352323366,2.131298956817812,0.22206126449315308
0.0130697451281876,0.6421497760219224,0.902616376660638,2.1314845711109256,0.22277716725473967
0.013205010953269489,0.6413818247341841,0.902820907063447,2.131684061628102,0.22348818271902354
0.013337107639109183,0.6405508029790229,0.9030296884610002,2.131897334727485,0.2241967166428479
0.01346600348313612,0.6396572642890059,0.9032393151881217,2.132124313208655,0.224902732194528
0.013591667550966488,0.6387018058939524,0.903451243464001,2.132364918993818,0.2256062070212088
0.013714069683827209,0.6376850687831092,0.9036635019291118,2.132619074372062,0.2263071762867295
0.013833180505793977,0.6366077377695817,0.9038787882717951,2.1328867016179043,0.22700556420205498
0.01394897143084125,0.635470541556473,0.9040933239585187,2.133167721770463,0.2277013197305279
0.01406141466970282,0.634274252804131,0.9043086287164539,2.133462055359324,0.22839445973072744
0.01417048323654114,0.6330196881978395,0.9043589120936307,2.133769613970416,0.22908298393846632
0.014276150955423714,0.6317077085152365,0.904583752312302,2.134090247358862,0.22976577419911282
0.014378392466605222,0.6303392186926262,0.9048136236476635,2.1344238552043877,0.2304458478289402
0.014477183232613782,0.6289151678893369,0.9049358666346573,2.134770343479258,0.2311206319472473
0.01457249954413978,0.6274365495491231,0.9050955936842633,2.135129533903149,0.2317865752723685
0.014664318525725892,0.6259044014575864,0.9060755280480242,2.135501228099166,0.2324447464457114
0.0147526181412574,0.6243198057944294,0.9070364875479772,2.1358852702933357,0.2330969371029818
0.014837377199250382,0.6226838891793095,0.9079666683987846,2.136281515665198,0.23374305031190712
0.014918575357937792,0.6209978227099043,0.9081491565847724,2.136689809530988,0.2343814583041204
0.014996193130151296,0.6192628219907105,0.908383374299162,2.1371099555122868,0.23501252386181656
0.015070211887998168,0.6174801471509563,0.9085561383335495,2.13754184181141,0.23564088702669003
0.0151406138673318,0.6156511028498858,0.9092896571548532,2.1379853907939563,0.23626550746974045
0.015207382172015105,0.6137770382675151,0.9100253665347173,2.1384404697986445,0.2368837027256822
0.015270500777975496,0.6118593470788303,0.9107258558793798,2.1389069253310904,0.23749527867033568
0.015329954537050503,0.6098994674092261,0.9109691940540229,2.1393846079332524,0.23810155390526536
0.015385729180623328,0.6078988817688137,0.9111410761050565,2.139873400758891,0.23870127418193968
0.015437811323047217,0.6058591169630719,0.911160250068851,2.1403730847988474,0.23928953638219425
0.015486188464858025,0.6037817439771024,0.9110190796875588,2.1408834075539107,0.23986611623084678
0.015530848995773963,0.6016683778305976,0.9107091379032836,2.141404112789968,0.24043085683004667
0.015571782197481928,0.5995206774003847,0.9102272241260917,2.14193494174102,0.24098366020686557
0.015608978246210095,0.5973403452072616,0.9104363244149524,2.142475654847469,0.24152835222835486
0.015642428215085227,0.5951291271635665,0.9097849647959433,2.143026128454304,0.2420668887879792
0.01567212407627537,0.5928888122777661,0.9099034366663296,2.1435861592534864,0.24259689461496747
0.015698058702916413,0.5906212323120863,0.9100260735092914,2.144155627184465,0.2431234664315042
0.01572022587082242,0.5883282613890013,0.9101393132014783,2.1447344433658766,0.2436466057076005
0.01573862025997957,0.5860118155421751,0.9103760216314938,2.145322512446952,0.2441644781257824
0.015753237455822692,0.5836738522072183,0.9106468099989901,2.1459196828656713,0.24467649168108943
0.01576407395029502,0.5813163696474011,0.9107759904553299,2.1465258672046046,0.24518592607100276
0.015771127142689825,0.5789414063092567,0.9109037393451388,2.147140983961375,0.24569187284531427
0.015774395340274826,0.5765510401027816,0.911029084980245,2.147764947084432,0.24619448404076652
0.015773877758698283,0.5741473876007664,0.9111528207480178,2.1483976706307333,0.24669355533423545
0.01576957452217731,0.5717326031515694,0.9112742590514947,2.1490390666091854,0.24718917967580517
0.015761486663467977,0.5693088778995131,0.9113921857198175,2.149689050304448,0.24768144136586448
0.015749616123617614,0.5668784387069261,0.9114897040596346,2.150347526155227,0.24816827814291997
0.01573396575149874,0.5644435469717142,0.9116158602751299,2.1510143400632593,0.24864875655136776
0.01571453930312555,0.5620064973342979,0.9117395849253632,2.151689387150162,0.24912577377366155
0.015691341440752463,0.5595696162676502,0.9119088686336688,2.1523725710111044,0.24959719037639672
0.015664377731755018,0.5571352605442224,0.9121162225141757,2.1530637194763176,0.25005961306081115
0.015633654647293986,0.5547058155735207,0.9113741753838035,2.1537626266726275,0.2505112646853403
0.01559917956076213,0.5522836936042406,0.9116901706437298,2.1544690512279163,0.2509540908513479
0.01556096074601478,0.5498713317849908,0.9107719413708731,2.1551828670607467,0.25139026532949243
0.01551900737538398,0.547471190077886,0.9108832049085034,2.155903861485152,0.25181729838695344
0.01547332951747733,0.5450857490195629,0.9111115685066195,2.1566319130007314,0.2522411386610903
0.015423938134761455,0.5427175073245567,0.9114158441964968,2.15736695488167,0.25266266466773524
0.015370845080931082,0.5403689793264644,0.9103174660750759,2.1581089072151975,0.25307783850477783
0.015314063098064322,0.5380426922528387,0.9090602341204171,2.158857547377673,0.2534805567846262
0.015253605813564478,0.5357411833304557,0.9076679047680332,2.159612615890481,0.2538711202066289
0.015189487736889632,0.5334669967183318,0.9061663161696498,2.1603738594996207,0.2542497241240955
0.015121724256070347,0.5312226802667516,0.9045835592208206,2.1611410283107952,0.25461652086098485
0.015050331634016874,0.5290107821015432,0.9029493550477505,2.1619138759460528,0.25497163921381366
0.014975327004615688,0.5268338470339327,0.9012941096520115,2.1626921598121007,0.2553153221867921
0.014896728368617876,0.5246944127975061,0.9010353081458988,2.1634756436294844,0.2556478855222593
0.01481455458931875,0.522595006115148,0.8994932244540756,2.1642640961980173,0.2559692908939432
0.014728825388030902,0.5205381386002198,0.8979821844744624,2.1650572814702587,0.2562793711653713
0.014639561339351164,0.5185263024977846,0.8982326299577106,2.1658549847654966,0.25658200806703074
0.014546783866222688,0.5165619662732999,0.8979200654536492,2.1666571023939243,0.25687895087023066
0.014450515234793697,0.5146475700578967,0.8975697309464453,2.16746343876442,0.25716471094526283
0.014350778549073642,0.5127855209611345,0.8972763660598497,2.1682737592190415,0.25743897393298854
0.014247597745388271,0.5109781882639309,0.8967349473010883,2.1690878253249206,0.25770180162043155
0.014140997586635251,0.5092278985062404,0.895719273562277,2.169905402515457,0.2579530806227245
0.014031003656340961,0.5075369304858875,0.8947550352917071,2.1707262461376384,0.25819227736965616
0.013917642352520684,0.505907510186844,0.8938512318797143,2.1715501082043382,0.25841938971805
0.013800940881343184,0.5043418056570095,0.8940002518216597,2.172376758703178,0.2586379638596445
0.013680927250601362,0.502841921857333,0.8931675875518319,2.173206075077651,0.25884978904267814
0.01355763026299044,0.5014098955057231,0.8924600383764549,2.1740378457890652,0.25904955187091144
0.013431079509195733,0.5000476899407126,0.8918453633177155,2.1748718261618727,0.2592372290023825
0.013301305360790555,0.49875719003119023,0.8912939514954178,2.1757077654333417,0.25941246441994287
0.013168338962947624,0.4975401971596569,0.8916522391807397,2.1765454361361556,0.25957981742946595
0.01303221222696422,0.49639842430738634,0.8911405581993694,2.1773847365604198,0.2597409675605054
0.012892957822603412,0.4953334912705378,0.890666154245335,2.1782254532632934,0.25988942251428954
0.012750609170253937,0.4943469200366588,0.8902181998811128,2.179067327728281,0.26002494253898895
0.012605200432908996,0.4934401303510883,0.8904993127842443,2.1799101177109415,0.26015167144227225
0.012456766507967579,0.4926144355025325,0.8907630853484458,2.180753736410429,0.260276510981308
0.01230534301885912,0.4918710383565094,0.89030671179309,2.1815981245165394,0.26039515937895985
0.012150966306494192,0.4912110276644175,0.8898376203240305,2.1824430662653,0.2605008723709929
0.011993673420542686,0.4906353746747198,0.8900468453697046,2.183288324590006,0.2605977565849163
0.011833502110542248,0.4901449300711144,0.8902589521963364,2.1841338025262105,0.26069218517703935
0.011670490816838354,0.4897404212605973,0.8904282156796777,2.184979461645013,0.26078505598505514
0.011504678661359038,0.48942245003207446,0.8906312558853083,2.1858252707687034,0.2608760601586804
0.011336105438225746,0.48919149060360495,0.8908229336684997,2.1866711811767305,0.26096445322364487
0.01116481160420274,0.4890478880735461,0.8910130638660771,2.187517148120792,0.26105075637337133
0.010990838268988022,0.48899185728783945,0.8904660467764428,2.188363100352991,0.2611302248227206
0.010814227185346926,0.4890234821324378,0.8907322209717697,2.189208845192942,0.26120140361092903
0.010635020739091705,0.48914271525654285,0.8909169511078562,2.190054305127536,0.26127062729062556
0.010453261938909327,0.48934937822886226,0.8911001442966154,2.190899430467287,0.2613369399103285
0.010268994406039261,0.48964316212564046,0.8913630257058448,2.1917441641075763,0.26140073026898747
0.01008226236380499,0.4900236285457508,0.8915590604738081,2.192588465030198,0.2614622857729886
0.00989311062700021,0.49049021104476503,0.8918201960133205,2.193432281795449,0.26152141427575193
0.009701584591133806,0.4910422169766471,0.8907896747652905,2.1942755575577237,0.26157487957551934
0.009507730221535043,0.49167882972862054,0.8898342794679784,2.1951181004875147,0.2616167324492136
0.009311594042322084,0.49239911133189684,0.8900640903966395,2.195959698800002,0.26165058264423957
0.009113223125236427,0.49320200542827763,0.8902932339214232,2.196800264212793,0.2616816691678107
0.008912665078345988,0.49408634057034434,0.8904044111559222,2.197639745895174,0.261710447378089
0.008709968034619273,0.495050833830853,0.8904656315105335,2.198478109683022,0.26173769004177766
0.008505180640373835,0.4960940946952856,0.8904773053418485,2.1993153282967994,0.26176347998979105
0.008298352043601215,0.49721462921009807,0.8907036239297492,2.2001513720721855,0.2617873032750149
0.008089531882171862,0.49841084435820887,0.8909270708225253,2.200986194890483,0.2618084481949944
0.007878770271922129,0.49968105263257756,0.891149299335463,2.2018197450074415,0.26182685227849656
0.007666117794626771,0.5010234767783933,0.8912593877356925,2.2026519706903733,0.261842881481752
0.007451625485859621,0.5024362546743933,0.8914818295174176,2.2034828335747956,0.2618564910990951
0.0072353448227451276,0.5039174443241116,0.8910325568561797,2.2043122615053337,0.2618637874032183
0.00701732771160425,0.5054650289284766,0.8912528839418068,2.2051400814758586,0.26186317800163267
0.006797626475497156,0.5070769220120153,0.8914715263219414,2.20596620931117,0.2618600081881946
0.0065762938416658945,0.5087509725760099,0.890255131252119,2.20679058358064,0.2618512240239554
0.006353382928880166,0.510484970253253,0.890486974681049,2.207613044845426,0.26183500209902777
0.00612894723468897,0.5122766504405104,0.8907199735877545,2.208433508871753,0.26181573147693676
0.005903040622581647,0.5141236993863982,0.8895934087504176,2.209251905420601,0.26179057033059666
0.005675717309060677,0.516023759214112,0.8898379855372093,2.210068074421477,0.2617580908023759
0.005447031850630108,0.517974432860217,0.8900821661682545,2.2108819392641377,0.26172318846118975
0.0052170391307022005,0.5199732889125683,0.8889591273586344,2.2116934420807364,0.261682841049158
0.0049857943464257735,0.5220178663322804,0.8878881205855094,2.2125024165321845,0.26163240358714496
0.004753352995439004,0.5241056790465184,0.8877391219232365,2.2133086729025284,0.26157282355942546
0.004519770862550419,0.526234220400735,0.8875078765942305,2.2141120362365996,0.26150398483346365
0.004285104006350616,0.5284009674607342,0.8877856150175756,2.2149123419852064,0.2614288486397495
0.004049408745758659,0.5306033851566853,0.8880615654365381,2.215709527562611,0.26135172643323856
0.0038127416465057063,0.5328389302628368,0.8866812606004025,2.216503546915111,0.26127008735949686
0.003575159507559497,0.5351050552082414,0.8864295762896303,2.2172942670151197,0.2611803236573795
0.0033367193474930197,0.5373992117152592,0.8862632397877932,2.2180815487391587,0.26108551180068645
0.00309747839080007,0.5397188542639291,0.8859152899528905,2.2188653435859984,0.26098745613088253
0.002857494054161853,0.5420614433815771,0.8856938155586409,2.219645555833006,0.2608849730645989
0.002616823932667202,0.5444244487581074,0.8854237541962262,2.220422157409234,0.2607821163084176
0.0023755257859900095,0.5468053521884781,0.8837288273232212,2.2211951391021967,0.2606767662837248
0.00213365752452723,0.5492016503447287,0.8820876645426794,2.2219644113359096,0.2605654936370161
0.0018912771955005593,0.5516108573807427,0.8823786288253919,2.222729877086697,0.2604504424482946
0.0016484429690254892,0.5540305073735952,0.8820202994594122,2.223491491898062,0.2603322925311193
0.0014052131241507819,0.5564581566059494,0.8816009433472998,2.2242491746540973,0.2602093076756488
0.0011616460348715977,0.5588913856944174,0.8818828011769484,2.22500284824574,0.26008323732481464
0.0009178001561202175,0.5613278015692431,0.8821619134825155,2.225752487037873,0.2599561323636176
0.0006737340097370353,0.5637650393109518,0.8824316202777012,2.2264980789994384,0.259828085904227
0.0004295061704256169,0.5662007638498839,0.8819398699808383,2.22723960847889,0.25969813081126963
0.00018517525169505105,0.5686326715346649,0.8821223982882933,2.22797703212653,0.25956592421418917
-5.920010820702404e-05,0.5710584915758251,0.8815844444461298,2.2287103289923933,0.2594321241083922
-0.0003035612603672022,0.5734759873707862,0.8818439613787407,2.2294394669641933,0.25929666676878593
-0.0005478495592820267,0.5758829577164699,0.882101603755005,2.230164435528553,0.2591606258902047
-0.0007920063769323604,0.5782772379157342,0.8823566495334926,2.230885232414453,0.25902403805678637
-0.0010359731168539607,0.5806567007837573,0.882608902260972,2.2316018524387466,0.2588866739279751
-0.0012796912282003387,0.5830192575603924,0.8828583699333292,2.2323142894809966,0.25874864868111147
-0.0015231022197946806,0.5853628587343649,0.8831249339367214,2.233022539290655,0.2586100882929846
-0.0017661476741673886,0.5876854947850318,0.8833701206891666,2.2337266017637476,0.2584710813265623
-0.0020087692615761007,0.5899851968472389,0.8836129289314264,2.2344264742018964,0.25833147278303203
-0.002250908754004472,0.5922600373046043,0.8838533920653342,2.2351221522278406,0.2581912278479855
-0.0024925080391366167,0.5945081303163843,0.8840892641191155,2.235813633654248,0.2580505274505252
-0.0027335091343038648,0.5967276322828114,0.8821748718716435,2.236500916626963,0.2579091689661112
-0.0029738542004001836,0.598916742253622,0.8824142141674536,2.237183994545852,0.25776715151262897
-0.0032134855557634312,0.6010737022842348,0.8826484688309572,2.2378628667600258,0.2576248345164259
-0.0034523456900185964,0.6031967977438366,0.8828835777270144,2.238537535804242,0.2574821309820528
-0.003690377277880048,0.6052843575793873,0.8831168583238431,2.2392080029536,0.25733921665551834
-0.003927523192909262,0.6073347545393636,0.8833655737016108,2.2398742734192294,0.2571961174390132
-0.0041637265212250115,0.6093464053608074,0.8835949016641352,2.2405363514552286,0.25705282583445915
-0.0043989305751623055,0.6113177709230748,0.8830161877691459,2.2411942432959377,0.2569095816649065
-0.004633078906877227,0.6132473563714272,0.8832376023103756,2.241847961242128,0.256766521462398
-0.004866115321894111,0.6151337112134564,0.8834772075237581,2.2424975161831004,0.2566236523287047
-0.0050979838925920016,0.6169754293910964,0.8816005437943178,2.243142922920693,0.25648153233792687
-0.00532862897162692,0.6187711493308224,0.8818240461933435,2.2437842169349556,0.2563406793894703
-0.005557995205287038,0.6205195539744568,0.8820465928176099,2.24442141652598,0.2561999951017157
-0.005786027546777303,0.6222193707928011,0.8822678409185842,2.2450545367917814,0.25605973010244254
-0.006012671269430338,0.623869371784215,0.8824799272288685,2.2456835911020536,0.25591957772922236
-0.006237871979840623,0.6254683734600237,0.8826947561970595,2.246308588035168,0.2557794426164915
-0.006461575630918698,0.6270152368185936,0.8829081970380168,2.2469295394135584,0.2556396092155364
-0.006683728534862118,0.6285088673096875,0.8831225315816352,2.247546457537649,0.255499924918317
-0.006904277376040307,0.6299482147906408,0.8812816979737901,2.2481593625611365,0.2553620361825848
-0.00712316922379006,0.631332273475751,0.8814893291216412,2.24876832231636,0.2552268047307239
-0.007340351545118642,0.6326600818801865,0.8817009089530238,2.2493733659232307,0.2550918516177225
-0.007555772217311452,0.6339307227595744,0.8812417026497447,2.2499745096578767,0.25495749671735807
-0.007769379540441221,0.6351433230463657,0.8814545805033785,2.250571774751873,0.2548237889542266
-0.007981122249775752,0.6362970537839787,0.8809643677717597,2.251165186311799,0.25469175246981446
-0.008190949528081222,0.6373911300596009,0.8811826126012359,2.251754802013421,0.2545619624510175
-0.008398811017818041,0.6384248109365006,0.8813893786448564,2.252340652880395,0.2544327766008055
-0.008604656833226455,0.6393973993865851,0.8816068520099388,2.252922755090198,0.2543038697527623
-0.008808437572298851,0.6403082422238897,0.8818223103130939,2.253501121363332,0.2541752554554526
-0.009010104328636047,0.6411567300396139,0.8800177184708823,2.2540757789254187,0.2540495822661056
-0.009209608703184569,0.641942297139271,0.8782425857905687,2.254646849804985,0.25393144278027785
-0.009406902815852162,0.6426644214824341,0.8784484196056911,2.2552144891877957,0.25381880955936736
-0.009601939316998867,0.6433226246255463,0.8786553745291598,2.255778753518546,0.2537071164544902
-0.009794671398800588,0.6439164716681939,0.8788633901066117,2.25633966885055,0.25359642601304894
-0.00998505280648289,0.6444455712031786,0.8790727387733405,2.256897261433387,0.2534866947765384
-0.01017303784942176,0.6449095752707457,0.8792833483488645,2.2574515602359346,0.25337829692773933
-0.010358581412109269,0.6453081793171994,0.8789128213710201,2.2580026057199936,0.25327276932536497
-0.010541638964981028,0.6456411221581727,0.8791418508626762,2.258550489682269,0.2531710787036618
-0.010722166575103019,0.6459081859467527,0.8793724447501695,2.259095255867397,0.2530702452707032
-0.010900120916715425,0.6461091961466274,0.8788535124909492,2.2596369277538972,0.25297035851087274
-0.01107545928163045,0.6462440215103976,0.8790877615059682,2.2601755336770513,0.2528716453876488
-0.011248139589482188,0.6463125740631742,0.879324086350587,2.2607111013987846,0.25277394669923164
-0.011418120397825655,0.646314809091528,0.8795627334044824,2.261243659583241,0.25267756868336955
-0.01158536091208277,0.6462507251378615,0.8797743434666325,2.261773239104114,0.2525821498471663
-0.011749820995332885,0.6461203640002282,0.8800147034642356,2.2622998613970444,0.25248757105175534
-0.011911461177945528,0.6459238107375926,0.879915274359193,2.26282356381155,0.25239616439751367
-0.01207024266705272,0.645661193680512,0.8799832149177281,2.2633444556369295,0.2523109708445053
-0.012226127355859269,0.6453326844471872,0.8802316705524668,2.263862666230755,0.2522318992156372
-0.012379077832788141,0.6449384979647913,0.8804546596674115,2.2643783105265367,0.25215669132032775
-0.012529057390459066,0.6444788924959844,0.8790006623732578,2.2648914567775296,0.2520877962351123
-0.012676030034498137,0.6439541696704516,0.8793000125513204,2.2654023232835305,0.2520283709669871
-0.01281996049217625,0.643364674521315,0.8796038920511882,2.265910992946161,0.2519700418781227
-0.012960814220874521,0.6427107955262048,0.8799101009515631,2.266417493773126,0.251913115058396
-0.01309855741637413,0.641992964652754,0.878519657843877,2.266921892543099,0.25186398975049523
-0.013233157020969409,0.6412116574082479,0.8787748703439286,2.267424455030885,0.25182827972326627
-0.013364580731401276,0.6403673928931066,0.8790964798119176,2.267925363568128,0.2517976795820003
-0.013492797006610149,0.6394607338578573,0.879421712168702,2.2684246729048914,0.2517684128605799
-0.013617775075305455,0.638492286763192,0.8797500768986768,2.2689224145708367,0.2517405981103239
-0.013739484943350587,0.6374627018426583,0.8800816754975245,2.269418619858074,0.25171414594033736
-0.013857897400961433,0.6363726731674996,0.8804173790799594,2.26991331878985,0.25168908643761906
-0.0139729840297166,0.6352229387130769,0.8789118236899145,2.270406580173233,0.25167300069410137
-0.014084717209377625,0.6340142804262736,0.8792370439987566,2.270898702804728,0.2516699270363961
-0.01419307012451773,0.6327475242931868,0.8797495955424374,2.2713898093961697,0.2516710295290094
-0.014298016770957394,0.6314235404063808,0.8804583534356095,2.2718800378559023,0.25168020009591785
-0.014399531962005201,0.6300432430308691,0.880843023234331,2.2723695369180166,0.2516948148299385
-0.014497591334502662,0.6286075906679245,0.8817559430267053,2.2728583800900113,0.2517136107805039
-0.01459217135467104,0.6271175861157395,0.8828202018972,2.2733466965188938,0.2517398132102543
-0.014683249323759494,0.6255742765258483,0.8840084373466784,2.2738346345013056,0.2517733809039031
-0.014770803383492629,0.6239787534541452,0.8852818820422229,2.2743223418860916,0.2518143066720116
-0.01485481252131643,0.6223321529052093,0.8866005863981961,2.2748099663143835,0.25186264608751846
-0.014935256575441074,0.6206356553685418,0.8870559677054043,2.275297645522333,0.25191611354009985
-0.015012116239679634,0.6188904858452062,0.8883682481028403,2.2757854462230735,0.2519736210634633
-0.015085373068081748,0.6170979138632279,0.8888174946479972,2.2762734882625817,0.25203654545937626
-0.015155009479360134,0.6152592534799706,0.8900657068768475,2.2767618405199714,0.25210362603477215
-0.015221008761110462,0.6133758632695754,0.8912146837996276,2.27725064088102,0.25217915012067105
-0.015283355073821859,0.6114491462933862,0.8898424604716456,2.2777401027938216,0.25227190919133424
-0.015342033454678576,0.6094805500511312,0.8902590451152466,2.2782306863330675,0.25238361122661307
-0.01539702982115087,0.6074715664104583,0.890673380981566,2.278722539386958,0.25249711135056824
-0.015448330974374777,0.6054237315122406,0.891083321611503,2.2792156946058704,0.2526122970626194
-0.015495924602319768,0.6033386256489094,0.8914880771575572,2.2797101825572637,0.25272907880165413
-0.015539799282743613,0.6012178731128324,0.8918894803378112,2.2802060284138106,0.25284719260103994
-0.015579944485933623,0.5990631420116151,0.8922897097472253,2.280703260744308,0.25296703214100785
-0.0156163505772337,0.5968761440469404,0.8931061704983995,2.2812019275525723,0.2530919853325833
-0.015649008819356734,0.5946586342533925,0.8937337638571219,2.281702200768141,0.2532277146261472
-0.01567791137448133,0.592412410693467,0.8940015466640094,2.2822042767244093,0.2533703977315525
-0.015703051306133087,0.590139314104764,0.8945439346000428,2.282708208887299,0.25351394669729554
-0.015724422580848947,0.58784122749513,0.8950472416501288,2.2832140107758465,0.2536583674623127
-0.0157420200696257,0.5855200756812864,0.8955120330913454,2.283721697230546,0.25380376010487227
-0.015755839549150483,0.5831778247662727,0.8958387339020302,2.2842312868304138,0.2539505870698604
-0.015765877702814474,0.5808164815507872,0.8962886294912685,2.284742808958463,0.25409895106984287
-0.01577213212150906,0.5784380928733275,0.8966513338315597,2.285256303445073,0.2542524661640993
-0.015774601304203738,0.5760447448737824,0.8959027852589888,2.2857720004901383,0.2544264258496574
-0.015773284658306512,0.573638562174967,0.8961853395475355,2.2862904132628006,0.25462119305480746
-0.01576818249980611,0.5712217069763961,0.8961865672114202,2.2868117241680523,0.2548224089267454
-0.01575929605319598,0.5687963780544236,0.8959551315453146,2.2873361452201397,0.2550368774544418
-0.01574662745118081,0.5663648096627371,0.8961711485338961,2.2878639165196986,0.2552603827914048
-0.015730179734164188,0.5639292703271059,0.8963824566260411,2.2883951215084255,0.2554861396255315
-0.015709956849519237,0.5614920615281564,0.8965912983691544,2.288929798058445,0.2557141377504627
-0.015685963650641222,0.5590555162659535,0.8960542255088526,2.28946800815915,0.2559491645673733
-0.01565820589578269,0.5566219975001323,0.8953103510535604,2.2900099810813406,0.2561985456822403
-0.015626690246671553,0.554193896459392,0.8957683536742237,2.2905559730559966,0.25645711927633463
-0.015591424266912353,0.5517736308142795,0.8961854066690621,2.2911060520614472,0.2567168502174757
-0.015552416420170924,0.5493636427073209,0.8963392543266737,2.2916602354977087,0.2569782958985543
-0.015509676068143262,0.5469663966348546,0.8962334505108934,2.292218556330818,0.25724146463346387
-0.015463213468308673,0.5445843771751829,0.896388357922134,2.2927810284198817,0.25750579461201784
-0.015413039771468087,0.5422200865580719,0.8954337914311804,2.2933477061466467,0.2577775628726515
-0.015359167019067881,0.5398760420711385,0.8949414212513757,2.293918873861019,0.25807257051385013
-0.015301608140310088,0.5375547732991998,0.89370038508772,2.2944951069580672,0.2583948997874634
-0.015240376949049261,0.5352588191933727,0.8941243073955534,2.295076756332513,0.2587270598214735
-0.015175488140477447,0.5329907249674851,0.8942348672647438,2.295663892224255,0.25906071146480314
-0.015106957287597174,0.5307530388202407,0.89286864707784,2.296256571401393,0.25940201436119315
-0.015034800837484175,0.5285483084826219,0.8914387554208554,2.296855042351775,0.2597589653647846
-0.01495903610734015,0.5263790775910746,0.8915454588610371,2.2974595712495867,0.26012538146383896
-0.014879681280336588,0.5242478818883078,0.8924385247692352,2.2980702968867863,0.2605065431393379
-0.014796755401251126,0.5221572452548329,0.8925301772510453,2.2986876915609087,0.2609087836147353
-0.014710278371896632,0.5201096755758491,0.8935881556687651,2.2993119702677816,0.2613252079795015
-0.01462027094634506,0.5181076604495984,0.8918498782057461,2.299943613014839,0.26176725131933637
-0.014526754725946486,0.5161536627449738,0.8918304217388163,2.300582944764879,0.26221821299496084
-0.01442975215414488,0.5142501160178538,0.8936590539414241,2.301230071903195,0.26268162970977993
-0.01432928651109192,0.5123994197974527,0.8935847736258309,2.301885411600376,0.2631635478427578
-0.014225381908059668,0.5106039347557584,0.8936574693053964,2.3025490750384643,0.26364624694845673
-0.014118063281654018,0.508865977775028,0.893729957949784,2.3032210742400796,0.2641306833678334
-0.014007356387830206,0.5071878169301485,0.8937995028378929,2.3039014268052895,0.26461681188096065
-0.013893287795711376,0.5055716664045204,0.8938691709028137,2.3045901498706316,0.2651046560290538
-0.013775884881212045,0.5040196813599206,0.8939390119510143,2.3052872624101632,0.2655943550918277
-0.013655175820468102,0.5025339527825137,0.8940088949201963,2.3059927843769277,0.26608587731379724
-0.013531189583074728,0.5011165023288104,0.8944833445716991,2.306706734636043,0.2665788671218663
-0.013403955925133782,0.4997692771968177,0.8926683343961352,2.3074291406426526,0.2670777427128361
-0.013273505382112378,0.4984941450489713,0.8927466549338693,2.308160184860188,0.2675855456614801
-0.013139869261514664,0.49729288901451185,0.8909994509624857,2.3088999508399666,0.2680993784353378
-0.013003079635368111,0.4961672027998455,0.8893644100142223,2.3096486369344444,0.2686263010744054
-0.012863169332526398,0.4951186859360569,0.8894784654111929,2.3104064597974583,0.26916143287521455
-0.012720171930790548,0.4941488391930328,0.8895944224587389,2.3111734756355604,0.26969813041832125
-0.012574121748850626,0.4932590601897085,0.8899058050618306,2.311949695840251,0.27023592502967037
-0.012425053838049194,0.4924506392295944,0.8903438761510374,2.312735111953865,0.27077385729569375
-0.01227300397396931,0.49172475539012167,0.890457101172263,2.3135297113440263,0.2713124944236208
-0.012118008647848465,0.4910824728933209,0.8905702529686722,2.3143334991201328,0.2718525555567869
-0.01196010505782093,0.49052473778401495,0.8906851283570555,2.3151464845023604,0.2723939134589116
-0.011799331099990372,0.4900523749399996,0.8908011697362574,2.3159686763913863,0.27293672987173806
-0.011635725359334877,0.4896660854366828,0.8909199812502854,2.316800083476557,0.27348077283642036
-0.01146932710044689,0.48936644428630777,0.8913240520120034,2.3176407103743135,0.27402574509316646
-0.01130017625810984,0.4891538985692718,0.8899660814406991,2.3184905693316398,0.27457510112239947
-0.011128313427713834,0.48902876597219563,0.8901054722606792,2.3193497957889693,0.2751314975350348
-0.010953779855513329,0.4889912337443005,0.890246955957865,2.320218435407409,0.2756892098829395
-0.010776617428727717,0.4890413580804078,0.8891416193829795,2.321096512287613,0.2762516807593946
-0.0105968686654891,0.48917906393550703,0.8893112263016042,2.3219841572609767,0.2768207782930605
-0.010414576704637787,0.4894041452723639,0.8884633614678946,2.322881426056482,0.27739421082413995
-0.01022978529536938,0.4897162657401961,0.8911416584144517,2.32378847999738,0.27798226811118903
-0.010042538786735056,0.4901149597789876,0.893784406775305,2.3247056862723996,0.2785912554835971
-0.009852882116998054,0.4905996341406387,0.892892748968448,2.325633392433826,0.27921436892731927
-0.009660860802848762,0.4911695698149528,0.8930769510457263,2.3265717500615537,0.27984168278511135
-0.00946652092848076,0.4918239243453701,0.8924320138398061,2.327520781350243,0.2804716374209515
-0.009269909134531108,0.4925617345165526,0.8920107667268631,2.3284805618007507,0.28110729932766754
-0.009071072606886561,0.4933819193933294,0.8922485725208402,2.329451165207961,0.2817459470461594
-0.008870059065359282,0.4942832836882361,0.8924884627232964,2.3304325894556293,0.2823846125780993
-0.008666916752234296,0.4952645214328994,0.8927301399959103,2.3314248144300653,0.2830233743600769
-0.008461694420691746,0.4963242199268808,0.8925893241969525,2.3324278278988824,0.2836637875899056
-0.008254441323106005,0.49746086393628514,0.8926345039106066,2.333441671554177,0.2843079525471303
-0.008045207199225633,0.49867284011350205,0.8929272647599016,2.3344663852894625,0.2849538219424057
-0.007834042264236058,0.4999584416088325,0.897205717632421,2.335501967472737,0.2856026634615939
-0.007620997196708001,0.501315872844493,0.897479033695294,2.3365485086865996,0.28625646521446046
-0.007406123126435034,0.5027432544215482,0.8977395663715565,2.3376060346043666,0.2869112542135354
-0.007189471622162542,0.5042386281306886,0.8980008642581453,2.3386745246721006,0.2875654719576619
-0.0069710946792116615,0.5057999620384169,0.8982627578656053,2.3397539444430957,0.28821901263608396
-0.006751044707000399,0.5074251556211197,0.8985253349574148,2.3408442588115,0.28887189936744806
-0.006529374516465765,0.5091120449206269,0.9031067795479909,2.341945441183632,0.2895256914463748
-0.00630613730738953,0.5108584076961964,0.9032479146711502,2.3430575080448817,0.2901813330949
-0.0060813866556302006,0.5126619685493685,0.9034571288658086,2.3441804649905813,0.2908377286344943
-0.005855176500265428,0.5145204039997446,0.903698510190129,2.3453142778403624,0.2914924841195712
-0.005627561130646549,0.516431347491502,0.903960444631729,2.3464588890024256,0.2921455436362567
-0.005398595173369757,0.5183923943122422,0.9043094110849075,2.347614248027382,0.29279722185132695
-0.005168333579165721,0.5204011064076306,0.9046096625919795,2.348780303163906,0.29344733268664197
-0.004936831609711688,0.5224550170771382,0.9096970341207183,2.3499569970119514,0.2940946114189114
-0.004704144824369113,0.5245516355380564,0.9099279594134871,2.3511442161785303,0.2947367261138845
-0.0044703290668495314,0.5266884513467768,0.9101578304493805,2.3523418713466855,0.2953769863827464
-0.004235440451812396,0.5288629386680971,0.9103862055876429,2.3535499105507687,0.2960156583444499
-0.0039995353513977835,0.5310725603850212,0.9106197993218436,2.354768275711927,0.2966518163657883
-0.003762670381697444,0.533314772043148,0.9108324541449705,2.3559968827200506,0.29728499962993504
-0.003524902389167057,0.5355870256252674,0.9109637742436373,2.3572356641356222,0.2979154122310332
-0.0032862884369835397,0.5378867731532249,0.9111480975502289,2.358484526499464,0.29854241469253956
-0.0030468857913500307,0.540211470115423,0.9113529518119461,2.3597434032358984,0.2991675946510615
-0.0028067519077522394,0.5425585787195575,0.9112864164076803,2.3610122368471234,0.29979095837278796
-0.002565944417169594,0.544925570971285,0.9114891329043607,2.36229097497021,0.3004127301813011
-0.0023245211122439034,0.5473099315804896,0.91168520642755,2.363579561347307,0.3010324759995418
-0.0020825399334094634,0.5497091606977212,0.911883472513051,2.364877936189794,0.3016503250422399
-0.001840058954987641,0.5521207764841236,0.9120792696529837,2.3661860418351934,0.30226616922746674
-0.0015971363712493141,0.5545423175188443,0.912266511455515,2.3675038186624864,0.3028800387685811
-0.001353830482448493,0.5569713450484937,0.9124501628213604,2.3688312063700745,0.3034917560581383
-0.001110199680830577,0.5594054450836687,0.9126371065712656,2.3701681425753005,0.3041013538796989
-0.0008663024366184917,0.5618422303479648,0.91282110667414,2.371514568109373,0.30470897679491893
-0.0006221972839800531,0.5642793420851884,0.9130013319843842,2.3728704211969758,0.3053143391262873
-0.0003779428069801817,0.5667144517307157,0.9131783309058704,2.374235637413865,0.30591737795570423
-0.0001335976255209077,0.5691452624530948,0.9133848896152684,2.37561015184238,0.3065182923784047
0.0001107796187271758,0.5715695105721034,0.9131191889863838,2.376993903000652,0.307116075883119
0.0003551302763984795,0.5739849668594988,0.9133268928429671,2.378386784659157,0.307709799540168
0.000599395704508079,0.5763894377287038,0.9134747285392121,2.3797887293498343,0.3083017737834502
0.0008435172805257849,0.5787807663196154,0.9136187610656861,2.3811996787825436,0.3088915646262221
0.0010874364164451446,0.5811568334846463,0.9137588781485166,2.3826195722968198,0.3094792695965384
0.0013310945728444345,0.5835155586819903,0.9138950418077223,2.384048349254633,0.3100647190639991
0.001574433272935678,0.5858549007819487,0.9140887329284456,2.385485944659149,0.31064786838785896
0.0018173941165989605,0.5881728587920044,0.9139518396443317,2.386932301536004,0.3112292933719886
0.002059918794398064,0.5904674725061323,0.9149275124842662,2.3883873639329622,0.3118081002879454
0.0023019491015744587,0.592736823083646,0.9150609499421659,2.389851046538244,0.31238353495509374
0.0025434269520162463,0.5949790335626753,0.9159443342941794,2.391323275902999,0.3129560452603513
0.002784294392198432,0.5971922693131297,0.915208417131036,2.392803958781296,0.31352374919502213
0.003024493615091581,0.5993747384338107,0.9152995332935386,2.3942929716159655,0.31408677363919074
0.0032639669740352293,0.6015246920980956,0.9154728609713907,2.395790236288966,0.3146477163997239
0.0035026569965727035,0.60364042485239,0.9143816816548039,2.3972956931309835,0.3152053502141972
0.003740506398244411,0.6057202748713273,0.9144314266736772,2.3988092283194202,0.3157581931013892
0.003977458096335643,0.6077626241734719,0.9144761806642956,2.4003307613648963,0.3163086447975572
0.004213455223576263,0.609765898801074,0.914514748017501,2.4018602262953066,0.3168564939333834
0.004448441141788568,0.6117285689671866,0.9129968451593661,2.403397550759248,0.31740057577843206
0.004682359455480173,0.6136491491732887,0.9111827957082423,2.404942613191567,0.31793856892823213
0.004915154025378645,0.615526198300331,0.9111505147771699,2.4064952863651192,0.31847203868553003
0.005146768981904653,0.6173583196759319,0.9090437472353128,2.4080554816814788,0.3190015462011207
0.005377148738580454,0.6191441611202957,0.9092355929656369,2.4096230915746086,0.31952699381349503
0.005606238005370295,0.6208824149732015,0.9091706183508248,2.411198047819781,0.32005026123073743
0.005833981801949811,0.6225718181043016,0.9094673565314417,2.412780279943137,0.3205699931977603
0.006060325470901042,0.6242111519087508,0.9094021114674601,2.414369694644478,0.3210860305282244
0.006285214690829955,0.6257992422900929,0.9093331984168969,2.4159662198661205,0.32159968464367067
0.0065085954894032625,0.6273349596321419,0.9096358586704282,2.4175697886456615,0.3221100060333597
0.006730414256301576,0.62881721876149,0.9072819645337411,2.4191803027017063,0.32261522218745503
0.0069506177560856005,0.630244978902141,0.907349506340932,2.420797632557895,0.32311476670070893
0.007169153140972459,0.6316172436236385,0.9072624091160085,2.422421671065967,0.3236105573811672
0.007385967963518718,0.6329330607839648,0.907178039055216,2.4240523425262985,0.32410356162074766
0.00760101018920777,0.6341915224683632,0.9073618791614972,2.425689580249871,0.32459412669903653
0.007814228208937684,0.6353917649251568,0.9072759026010507,2.427333327071051,0.32508239187928556
0.008025570851407189,0.6365329684995343,0.9071880897202049,2.4289835168314,0.32556782949734003
0.00823498739539661,0.637614357566181,0.9071289580121583,2.430640076649004,0.3260496739753103
0.008442427581940607,0.638635200461585,0.9073126385841493,2.4323029110828203,0.32652776393303584
0.00864784162639019,0.6395948094167344,0.9048929632448344,2.4339719436568936,0.32700163779746394
0.008851180230360682,0.6404925404908852,0.9023960533635678,2.435647036346294,0.32746806429635017
0.009052394593563237,0.6413277935070012,0.9023072670315186,2.437328028696649,0.32792821126722066
0.009251436425516488,0.6421000119894067,0.9024941594598425,2.43901482793041,0.3283857387551955
0.009448257957136268,0.6428086831041475,0.8999904121804423,2.440707366472886,0.3288389242127279
0.009642811952199761,0.6434533376025001,0.8999091804276894,2.442405510661832,0.3292863529023009
0.009835051718682038,0.6440335497680141,0.8998260895889146,2.4441091708455147,0.329730653493589
0.010024931119961916,0.644548937367443,0.8997438073479826,2.44581827278783,0.33017186299033824
0.01021240458589457,0.6449991616058712,0.8999341259010439,2.4475327462052823,0.3306102662756377
0.01039742712374807,0.6453839270862961,0.8975251234118061,2.449252517882708,0.3310438574651185
0.01057995432900148,0.6457029817739064,0.8974648739563363,2.450977438833422,0.33147072255460397
0.010759942396001733,0.6459561169652529,0.8973996001866992,2.4527074095647303,0.3318943918096686
0.010937348128476682,0.6461431672624748,0.8951735469530332,2.4544423457015325,0.3323124955674886
0.011112128949902123,0.6462640105527201,0.895140507016741,2.4561820874534006,0.3327236375990533
0.011284242913719916,0.6463185679928667,0.8951026518398133,2.4579265337669276,0.3331314041257902
0.011453648713404931,0.6463068039996088,0.8950675600376162,2.45967560870036,0.33353581346724626
0.011620305692378383,0.6462287262449854,0.8931350907752496,2.4614292228540275,0.3339342068011769
0.011784173853765333,0.6460843856573392,0.8934696292953039,2.463187206157679,0.3343255625283044
0.011945213869993658,0.6458738764277316,0.8918231754086597,2.4649494574005706,0.3347112034005034
0.012103387092232474,0.6455973360217593,0.8918684176756985,2.466715796411174,0.33508870161481064
0.0122586555596677,0.6452549451967248,0.8919172610226428,2.468486115020039,0.33546292019319474
0.01241098200861246,0.6448469280240778,0.8919713222518059,2.4702603394983966,0.3358336823534538
0.01256032988145023,0.6443735519169937,0.8920272357372987,2.472038391013351,0.33620081905769167
0.012706663335408444,0.6438351276629595,0.8920869384579141,2.4738201892878107,0.336564357598742
0.012849947251160536,0.64323200946119,0.8921539572175832,2.4756056549885788,0.33692432028041963
0.012990147241254529,0.6425645949646486,0.8922248097032268,2.47739471188737,0.33728092670636745
0.013127229658365793,0.6418333253264448,0.8911342013941923,2.479187265437296,0.3376303621688377
0.013261161603372255,0.6410386852503217,0.8903806683538757,2.4809830941953743,0.3379671080083123
0.013391910933250007,0.6401812030449048,0.8905284020119021,2.482781949585076,0.33829443220319255
0.013519446268787512,0.6392614506813588,0.890895973010352,2.484583701481485,0.3386155902638082
0.01364373700211637,0.6382800438540415,0.8910704839645607,2.4863881845858247,0.33892942103320034
0.013764753304057303,0.6372376420436923,0.8912423013364047,2.4881952967476937,0.3392396503519114
0.013882466131278687,0.6361349485826532,0.8914163931568222,2.490004957823843,0.3395459792879818
0.013996847233267037,0.6349727107215516,0.891593269685379,2.491817087161956,0.3398486389342326
0.014107869159106936,0.6337517196968204,0.8917728140294708,2.493631604673879,0.3401474798135766
0.014215505264069093,0.6324728107983707,0.8921431065075235,2.495448433788305,0.340443271346243
0.014319729716005042,0.6311368634366362,0.8923388508320357,2.497267518033801,0.3407362186379556
0.014420517501546543,0.6297448012081855,0.8925374232765182,2.499088781596102,0.34102529229089035
0.014517844432108929,0.6282975919589429,0.892546646008791,2.500912122536188,0.34130603625046657
0.014611687149696042,0.626796247844054,0.8928330972243639,2.502737273480405,0.3415710049804887
0.014702023132506096,0.6252418253832649,0.8930905374447747,2.5045639337817733,0.3418246146468726
0.014788830700336843,0.6236354255106428,0.8933527710526695,2.5063919710634814,0.34207409922606924
0.014872089019788757,0.6219781936173044,0.8939279343789118,2.5082212705684253,0.3423140657650741
0.014951778109264761,0.6202713195857693,0.8942151581585013,2.5100515668697523,0.3425423186682474
0.01502787884376596,0.6185160378143617,0.895007862813273,2.5118826998298553,0.3427611761279892
0.015100372959481342,0.6167136272300139,0.8952086799712389,2.5137144033903835,0.3429688128738705
0.015169243058171094,0.6148654112876569,0.8961467809773012,2.515546544047649,0.3431679855110649
0.0152344726113422,0.6129727579542492,0.8971789845882358,2.517378821567011,0.3433489251153434
0.015296045964214916,0.6110370796753255,0.8973836204694698,2.519210901800662,0.3435180264413285
0.015353948339480164,0.6090598333218187,0.8977122449588418,2.521042679124396,0.3436845417625316
0.015408165840845865,0.6070425201147007,0.8980391381133659,2.522874082146919,0.3438468732614742
0.015458685456371926,0.6049866855248358,0.8983706711682402,2.5247050247934513,0.3440047668294734
0.015505495061593011,0.6028939191452346,0.8985755921930684,2.5265354307993646,0.3441599092394548
0.015548583422428727,0.6007658545327283,0.8989075271700849,2.5283652596073494,0.3443125394143273
0.015587940197879223,0.5986041690158586,0.8989619970441565,2.5301944249395745,0.34445784713561595
0.015623555942507337,0.5964105834655733,0.8993207055915614,2.532022734038267,0.3445942700837866
0.015655422108705283,0.5941868620251283,0.899654963635889,2.533850078651574,0.3447273865612078
0.015683531048746206,0.5919348117953477,0.9009017697381438,2.5356763787424415,0.3448517391694594
0.01570787601661936,0.5896562824711856,0.90125345051413,2.5375013510445763,0.34496273492008367
0.015728451169649365,0.587353165925322,0.9015476284460642,2.539324857471398,0.3450704964587609
0.015745251569898207,0.5850273957342751,0.9018068247717428,2.54114685544538,0.3451764046021708
0.0157582731853505,0.5826809466423059,0.9021688632119941,2.5429673065306475,0.3452796055851488
0.015767512890881054,0.5803158339581662,0.9033242553026797,2.544786109350809,0.34537249654813107
0.015772968469004896,0.5779341128795306,0.9035462069270164,2.546602976447098,0.34545310382739725
0.015774638610409435,0.5755378777397353,0.9038852722473116,2.5484178019859525,0.34553103949791136
0.015772522914268755,0.5731292611712745,0.9042225274294489,2.550230517528058,0.3456048471587303
0.015766621888339803,0.5707104331802965,0.9044356052377281,2.552041050303649,0.3456755842774034
0.01575693694884048,0.5682836001262239,0.9047899556401249,2.5538493565802747,0.3457435708187449
0.0157434704201097,0.5658510036004354,0.9049634743970735,2.555655370568708,0.3458082725604845
0.015726225534049867,0.5634149191979028,0.9059225416942864,2.5574590157950725,0.3458642514135648
0.015705206429350707,0.5609776551755388,0.9060023905431148,2.559259998420196,0.34590355084748775
0.015680418150496523,0.5585415509910274,0.9060508756120902,2.5610580333477895,0.34592938688969643
0.01565186664655529,0.5561089757158988,0.9062911427417477,2.5628528805712096,0.34594643465180064
0.015619558769750769,0.5536823263166695,0.9066760569851784,2.564644461467048,0.3459609235079949
0.015583502273818462,0.5512640257979983,0.9076797693660379,2.56643267972937,0.34596517958910095
0.015543705812144207,0.5488565212019885,0.9080373538397924,2.5682172513941186,0.3459565295515553
0.01550017893568786,0.5464622814580117,0.9082827975367924,2.5699980489817253,0.34594478014239666
0.015452932090690765,0.5440837950777733,0.9086365736928173,2.5717750334455594,0.3459305348642995
0.015401976616168959,0.5417235676907426,0.9087536723492359,2.5735481482579616,0.34591328429773827
0.015347324741191718,0.539384119415584,0.9091031955136691,2.575317354371213,0.345893452401018
0.01528898958194667,0.5370679820638194,0.9094547511458329,2.577082589742569,0.34586959949277096
0.015226985138592131,0.5347776961726524,0.9097005228538829,2.578843784583577,0.34584252357574224
0.01516132629189676,0.5325158078646964,0.9097701102647814,2.580600903098532,0.3458138430255752
0.01509202879966861,0.5302848655332664,0.910117418570709,2.5823539176005106,0.345782652781609
0.015019109292973192,0.5280874163529192,0.9104541284066151,2.5841027659162132,0.345747378292766
0.01494258527214211,0.5259260026160633,0.9109666451496032,2.585847346900336,0.34570261009872316
0.014862475102573016,0.5238031578977201,0.9112709017463183,2.587587401743317,0.34564601668726663
0.014778798010322038,0.5217214030518825,0.9114050680950436,2.5893227904394367,0.34558104410943413
0.014691574077489633,0.5196832420443701,0.9111933601850958,2.591053256738431,0.3455006127915168
0.01460082423740103,0.517691157628669,0.9106441220338508,2.5927785128806073,0.3454058995839203
0.014506570269582249,0.5157476068728668,0.910818484010072,2.5944983183780512,0.3453020770179798
0.014408834794533091,0.5138550165475579,0.9109876773878183,2.596212583323268,0.34519524907704213
0.014307641268298452,0.5120157783863619,0.9109650711286098,2.5979212620934913,0.34508611151923707
0.014203013976838845,0.5102322442325398,0.9111284762075532,2.599624329668343,0.34497495394822064
0.014094978030202012,0.5085067210870545,0.9101442955865653,2.601321726087847,0.3448573839292501
0.013983559356496608,0.5068414660752898,0.9102663647098013,2.6030132857463526,0.3447318567397234
0.013868784695669363,0.5052386813514562,0.910402943062066,2.6046989295589165,0.3446035411506892
0.013750681593088074,0.5037005089615171,0.9107564816447898,2.6063786168856713,0.3444729999491758
0.013629278392930311,0.50222902568716,0.911054477640077,2.6080523255639267,0.3443409974028908
0.013504604231381483,0.5008262378949131,0.9097266804549575,2.6097200197961055,0.34420408640717826
0.013376689029641828,0.49949407641598487,0.9081606644280035,2.61138155278325,0.3440580531515512
0.013245563486745703,0.4982343914836184,0.9064048459304519,2.613036766790665,0.34390418180477783
0.013111259072194075,0.49704894775586067,0.9045158345674489,2.6146855356568186,0.34374406054014495
0.01297380801840171,0.49593941945242886,0.9045584667022074,2.6163277604092783,0.34357965408194036
0.01283324331296173,0.4949073856349309,0.9046115572573727,2.6179634000524774,0.34341340698051676
0.012689598690728672,0.49395432565993264,0.9046633154785609,2.6195924286846113,0.34324488342412685
0.01254290862572239,0.4930816148343409,0.9047132637154144,2.6212148148859367,0.3430744298260817
0.012393208322854342,0.49229052030215636,0.904923296412132,2.622830536994983,0.3429023927866761
0.012240533709478613,0.4915821971909477,0.9050819016828836,2.6244395807771435,0.3427290744557545
0.012084921426769557,0.4909576850453104,0.9051326326049274,2.6260419342535792,0.3425543810575618
0.011926408820928045,0.4904179045731505,0.9051808333070182,2.627637577721141,0.3423778568531377
0.011765033934218563,0.48996365472889036,0.9052280435064237,2.6292264895544477,0.34219973137934956
0.011600835495839354,0.4895956101555718,0.9052741344495949,2.6308086501319954,0.34201976641888127
0.011433852912627402,0.4893143190054739,0.9053184979580023,2.6323840275797377,0.341837009646558
0.011264126259601154,0.4891202011561669,0.9053893752441723,2.6339525734123264,0.34165104862265033
0.011091696270342599,0.4890135468360105,0.9054111466008828,2.635514254728244,0.34146393066532793
0.01091660432722145,0.4889945156700013,0.9053695306343024,2.6370690691870586,0.34127602995462836
0.010738892451463597,0.48906313615356534,0.9039731502604541,2.6386170009157395,0.34108435440867485
0.010558603293066182,0.48921930555851517,0.9040323077471653,2.640157938810131,0.34088688033580744
0.010375780120561789,0.48946279027192957,0.9026696167265734,2.641691819772363,0.3406847927847227
0.010190466810634227,0.48979322656522883,0.9029324703975268,2.6432185304604814,0.34047743183617774
0.010002707837588366,0.4902101217873116,0.902857066787258,2.644738039215636,0.34026926107968597
0.00981254826267643,0.4907128559722631,0.902932675448387,2.646250344950915,0.34006016570561126
0.009620033723283582,0.49130068384895287,0.9028117980988734,2.647755439745144,0.33985006635020043
0.009425210421975203,0.4919727372368396,0.9028896515454335,2.649253322024033,0.3396390478953269
0.009228125115408423,0.49272802780949826,0.9026990612596402,2.6507439826825023,0.3394269295738658
0.009028825103110748,0.4935654502048931,0.9027766386752326,2.6522274204265646,0.3392140000888491
0.008827358216128452,0.494483785459164,0.9009958935858563,2.6537036227086537,0.3389990067436375
0.008623772805547313,0.4954817047388251,0.901080153635459,2.655172553825072,0.3387817595476159
0.00841811773088872,0.4965577733446605,0.901164083264963,2.656634197880583,0.33856336489191263
0.008210442348383263,0.4977104549594227,0.9014341487471216,2.6580885472158173,0.33834396110340553
0.00800079649912596,0.49893811611052097,0.9015170002371823,2.659535597377701,0.3381234405879855
0.007789230497114265,0.5002390308183783,0.9015997677749841,2.6609753363216595,0.3379015788652544
0.007575795117173108,0.5016113854009407,0.9001449764069425,2.6624077432113378,0.3376764988850633
0.007360541582769143,0.5030532834049247,0.90024042836175,2.6638327433389266,0.33744760527147405
0.007143521553717351,0.5045627506348613,0.9002445924396312,2.6652503135201195,0.3372179092796728
0.0069247871137830125,0.5061377402516364,0.9003383279262223,2.666660458963765,0.33698778112244765
0.006704390758181679,0.5077761379132609,0.900433251226634,2.668063177819208,0.3367565218307823
0.006482385380980822,0.5094757669317105,0.9005271888992786,2.669458464717935,0.33652440393613653
0.0062588242624052656,0.5112343934210942,0.9005071728146926,2.670846317385545,0.3362915592819913
0.00603376105605029,0.5130497314139177,0.9004473700020282,2.672226745033398,0.33605872767698514
0.005807249776005151,0.5149194479238676,0.9005403912088387,2.67359975926041,0.33582541208224137
0.005579344783889725,0.5168411679352906,0.9006341738065041,2.6749653598642635,0.3355912362852084
0.0053501007758081425,0.5188124793013648,0.9003000487649047,2.67632354788217,0.3353567335942955
0.005119572769221917,0.520830937534799,0.8987374441725912,2.6776743357697086,0.3351218124547121
0.004887816089746027,0.5228940704767846,0.8988449128701398,2.6790177190140634,0.3348861617423751
0.004654886357871127,0.5249993828317341,0.8987790034329242,2.680353724534777,0.3346517183104281
0.004420839475614738,0.5271443605571978,0.8986761162863548,2.681682375471599,0.3344172154478633
0.00418573161310513,0.5293264751000738,0.8985291504722452,2.6830036866090965,0.3341827085688979
0.003949619195100702,0.5315431874719345,0.8986355359999404,2.6843176691120987,0.33394776457647973
0.003712558887448429,0.5337919521578958,0.8987402181130505,2.6856243257087913,0.33371216136324483
0.003474607583484239,0.5360702208549479,0.8988470414031061,2.6869236568216555,0.3334758331099438
0.003235822390378815,0.538375446037115,0.8989540234027529,2.6882156632219116,0.33323884260463726
0.002996260615432333,0.5407050843460643,0.8990609578103581,2.6895003471399592,0.33300119325962585
0.0027559797523208237,0.5430565998070099,0.8976488601857501,2.6907777063498393,0.3327625347549441
0.002515037467297997,0.5454274668708211,0.8963350989232813,2.6920477360351405,0.33252303056501825
0.0022734915853557594,0.5478151732842015,0.8951302269653308,2.6933104356252398,0.33228272565991596
0.002031400076346278,0.5502172227906856,0.8953800701071802,2.6945658032548407,0.3320418183478252
0.0017888210410696261,0.5526311376659081,0.89428546321389,2.6958138470957964,0.331800550536417
0.0015458126973298513,0.5550544610912816,0.8933037347960334,2.69705457078694,0.3315587162393623
0.0013024333659629567,0.5574847593707425,0.8928033510542591,2.698287981014207,0.33131684153999347
0.0010587414568402171,0.559919623995679,0.8929620080089969,2.699514098063218,0.33107513151271195
0.0008147954548500376,0.5623566735635253,0.8932039529034301,2.700732931595871,0.3308330995381008
0.0005706539058618959,0.5647935555558055,0.8914044129354776,2.701944498857286,0.3305919123820892
0.0003263754026756767,0.5672279479815848,0.8915624344174791,2.7031488426411996,0.3303519263918659
8.201857095951564e-05,0.5696575608924868,0.8907417007758509,2.7043459843401085,0.33011203642043313
-0.00016235794481993316,0.5720801377754606,0.8909073034472882,2.705535953628309,0.3298732869446692
-0.0004066954954719151,0.5744934568295772,0.8910716938189012,2.706718779029781,0.329634890208254
-0.0006509354411571659,0.5768953321330628,0.8904717548448903,2.707894481525926,0.32939699843433656
-0.0008950191654610938,0.5792836147067612,0.8907061212301636,2.709063090433579,0.32915981865033656
-0.0011388880894615352,0.5816561934800929,0.8908710110605962,2.710224627994791,0.32892286881708005
-0.0013824836857873346,0.5840109961654931,0.8890308342703611,2.7113791213681115,0.32868787651287734
-0.0016257474926646856,0.5863459900471222,0.8891962074996769,2.7125266529196113,0.3284560626489216
-0.0018686211279476624,0.5886591826894929,0.8893601062548203,2.7136672647583526,0.32822470040169605
-0.002111046303129628,0.5909486225714796,0.8875465170013912,2.7148009912192665,0.3279961461376908
-0.0023529648373322083,0.5932123996509505,0.8877104351063178,2.715927940347133,0.3277718669171407
-0.002594318671268464,0.5954486458650704,0.8878743530145191,2.7170481634138604,0.32754824441756
-0.0028350498811768143,0.5976555355711003,0.8880387848663104,2.718161686536112,0.32732524242826166
-0.003075100692722416,0.5998312859322931,0.8862708461074444,2.719268549919975,0.3271057772382883
-0.003314413494862773,0.6019741572532648,0.8864907195958167,2.720368881974701,0.3268912769634326
-0.0035529308536741563,0.6040824532689958,0.8866536580260533,2.721462734001942,0.3266773094415052
-0.0037905955261353422,0.6061545213913881,0.8859302784953013,2.722550134848569,0.32646439228414387
-0.004027350473865827,0.6081887529170965,0.8851466045888006,2.7236311226153807,0.3262527498320397
-0.004263138876814567,0.6101835832001139,0.8843032499824198,2.7247057328787045,0.3260423226139515
-0.004497904146896725,0.6121374917924259,0.8834011366871091,2.7257740086675413,0.32583359075178336
-0.0047315899415743806,0.6140490025557719,0.8824410228376451,2.726835995225679,0.3256263386387119
-0.004964140177378557,0.615916683747446,0.8819446400988467,2.7278917348172405,0.3254212677458791
-0.005195499043368948,0.6177391480827932,0.8821450644705391,2.728941305013623,0.3252192997857488
-0.005425611014528292,0.6195150527769338,0.8823462239296949,2.7299847565629283,0.32501870969769214
-0.005654420865088046,0.6212430995680612,0.8825485408103875,2.731022128629117,0.324819463028031
-0.005881873681782452,0.6229220347244708,0.8827788093801882,2.732053457126319,0.324621044494328
-0.006107914877027313,0.6245506490373511,0.8829804092083061,2.7330787645461845,0.32442310231512533
-0.006332490202020801,0.6261277778012021,0.8819658612761506,2.7340980772439276,0.32422611083152525
-0.006555545759762952,0.6276523007836103,0.8822035475682173,2.735111427356475,0.32402993800356816
-0.006777028017990576,0.6291231421859731,0.881122565782501,2.7361188410896515,0.3238348248051265
-0.006996883822024874,0.6305392705966444,0.8808170580119687,2.7371203668658386,0.32364255880585724
-0.007215060407528238,0.6318996989378666,0.8810443679225726,2.738116087244845,0.32345332134773835
-0.007431505413167438,0.6332034844077075,0.8812726123159861,2.7391060480035736,0.3232651920390229
-0.0076461668931800675,0.6344497284181645,0.8793819495386689,2.7400903049058205,0.32308270921541404
-0.007858993329841366,0.6356375765304805,0.8790968712366632,2.741069065414923,0.32291039873182786
-0.00806993364582814,0.6367662183886085,0.8772774929461605,2.7420425053945956,0.3227478685685232
-0.008278937216477123,0.637834887651715,0.8774990225733708,2.7430108828377318,0.3225954507797492
-0.008485953881934577,0.6388428619265057,0.8763735872905092,2.7439742940838636,0.3224444316166965
-0.008690933959194538,0.6397894627000965,0.8746818614355975,2.744932809097808,0.3223011866912222
-0.00889382825402242,0.6406740552740895,0.8748974944415853,2.745886690754667,0.32216913166221184
-0.009094588072761374,0.6414960487004301,0.8732592325447216,2.7468360756599712,0.3220452802798717
-0.009293165234018592,0.6422548957195959,0.8734629395465325,2.7477812427785997,0.321933439728292
-0.009489512080228586,0.6429500927015894,0.8736692038372761,2.7487223062283253,0.3218235161070518
-0.00968358148909077,0.6435811795901564,0.8738768513588465,2.749659311386516,0.321715443504011
-0.009875326884878593,0.6441477398506266,0.8740878598722196,2.750592304863874,0.32160935113693306
-0.010064702249617433,0.6446494004217026,0.8726244104823276,2.751521371970489,0.32151274380428907
-0.010251662134128875,0.6450858316715078,0.872888741936503,2.752446819094782,0.3214288523863832
-0.010436161668938014,0.6454567473581405,0.8723771454482769,2.7533687707629166,0.3213498436926623
-0.010618156575042186,0.6457619045949706,0.872588539558976,2.7542873900920215,0.32127798015418985
-0.010797603174537464,0.6460011038208636,0.8728030806881361,2.7552027561890435,0.3212078337454236
-0.010974458401101415,0.6461741887754946,0.8730216219269252,2.75611491154818,0.32113974907595594
-0.01114867981032853,0.6462810464798768,0.8732388571374754,2.7570239057255326,0.32107381296047544
-0.011320225589916988,0.6463216072222119,0.8720227389596783,2.7579298305180764,0.32101867351206825
-0.01148905456970306,0.6462958445491213,0.8722217274572794,2.7588330405013424,0.32097888028476773
-0.011655126231542039,0.6462037752623205,0.8710732630416061,2.759733717627899,0.32095033342925644
-0.011818400719032271,0.6460454594207282,0.8700131551026061,2.760632277382497,0.32094725994004697
-0.011978838847080509,0.6458210003480291,0.8701756692643945,2.761529195409223,0.3209610144842097
-0.012136402111306132,0.6455305446456245,0.8704582457944223,2.7624246209246173,0.32097698684613496
-0.012291052697282055,0.6451742822109203,0.8707407321010486,2.7633185920069048,0.32099450154891424
-0.012442753489610024,0.644752446260869,0.8696744522752807,2.7642111398769114,0.32101334847169194
-0.012591468080828063,0.6442653133606157,0.8688561097118086,2.7651023213275843,0.3210387282857864
-0.01273716078014815,0.6437132034571177,0.8690479893192988,2.765992346479405,0.3210735069167021
-0.012879796622021773,0.6430964799175534,0.869238512053503,2.7668813120688585,0.32111069814608834
-0.013019341374531595,0.6424155495722879,0.8694321752059119,2.767769273049432,0.32115079257949364
-0.013155761547606825,0.6416708627621578,0.8696291604562937,2.768656287907184,0.3211935093632173
-0.013289024401060803,0.6408629133897819,0.8689988915300655,2.7695424313348553,0.32124327608195363
-0.013419097952448365,0.6399922389745603,0.8692177573567542,2.770427915169849,0.3213023600470471
-0.01354595098474155,0.6390594207110003,0.8681848630090806,2.7713128326794356,0.3213635520200687
-0.013669553053821556,0.6380650835299416,0.8684141926729856,2.7721972225727627,0.32142668988782236
-0.013789874495785084,0.6370098961622233,0.8686467156186519,2.773081132948979,0.32149247206253584
-0.01390688643406364,0.6358945712042587,0.8695332988232177,2.7739646142308487,0.32156016146027083
-0.014020560786353744,0.6347198651849504,0.8703845453138445,2.7748476902211006,0.3216285642343968
-0.014130870271356453,0.6334865786333013,0.8699204839386185,2.7757304022104066,0.32170297368331685
-0.014237788415324946,0.6321955561460232,0.8695769286942423,2.776612976983634,0.321791360850132
-0.014341289558417805,0.6308476864543486,0.8704303162127129,2.7774956666108244,0.32188836266505894
-0.014441348860857602,0.6294439024892172,0.8702058905348848,2.7783785677664024,0.3219917722920027
-0.014537942308892047,0.6279851814438778,0.8701281598874251,2.7792619120340336,0.32210920464831105
-0.014631046720557218,0.6264725448329019,0.870210333214782,2.7801459762396106,0.32224041441339446
-0.01472063975124128,0.6249070585464662,0.8705431560504481,2.781031007362392,0.32238054241046904
-0.014806699899046946,0.623289832898716,0.8708449965032167,2.781917088635874,0.32252230508005564
-0.014889206509951769,0.6216220226688464,0.8711220057568216,2.7828042659030396,0.3226699240974299
-0.014968139782765316,0.6199048271334867,0.8715730815642696,2.7836927521962602,0.32283077722469306
-0.015043480773880853,0.6181394900887958,0.870705859656491,2.784582852730073,0.3230134533608159
-0.01511521140182231,0.6163272998605962,0.871067273262348,2.7854751052100384,0.3232176784062729
-0.015183314451583175,0.6144695893006821,0.8714313109302604,2.7863696772323694,0.3234241769459926
-0.015247773578758478,0.612567735767345,0.8717987578987935,2.7872666096785257,0.32363283827634254
-0.015308573313467128,0.6106231610879502,0.8721144614499957,2.7881659394378384,0.3238432620644295
-0.015365699064064636,0.6086373315012891,0.8726184044552885,2.789067708697677,0.32405936690059006
-0.015419137120645014,0.6066117575772074,0.8730080898367238,2.789972103885762,0.3242842380102583
-0.015468874658331282,0.6045479941108747,0.8739275518082719,2.7908792032033727,0.3245106479133339
-0.01551489974035311,0.6024476399888434,0.8743080506236289,2.791789025282107,0.324738557073671
-0.015557201320911743,0.6003123380238613,0.875217099729674,2.792701602478319,0.32496805555678904
-0.015595769247830887,0.5981437747552039,0.8755965034437053,2.793616952969006,0.3251989948932491
-0.015630594264993247,0.5959436802110645,0.8762819504366685,2.7945351339360243,0.3254366736939497
-0.015661668014561852,0.5937138276293651,0.8766760307807646,2.7954563397386463,0.3256831824038187
-0.015688983038985953,0.5914560331330798,0.8770702827590138,2.796380650775098,0.32593172548723975
-0.01571253278279081,0.5891721553559847,0.8773018784188666,2.797308168634797,0.32619553488344055
-0.01573231159415105,0.5868640950144985,0.8779732547601086,2.798239408534489,0.3264856314999046
-0.015748314726246705,0.5845337944210709,0.8788885785566861,2.799174693514122,0.32678407416637023
-0.01576053833840305,0.5821832369343295,0.8792619373863361,2.8001140839883303,0.3270839764176814
-0.01576897949701178,0.5798144463410004,0.8796345616840942,2.801057610163331,0.3273857818570542
-0.015773636176235322,0.5774294861644006,0.8800090776181848,2.8020052944037106,0.32768900404921536
-0.015774507258493067,0.5750304588940689,0.8812784384854352,2.8029572258247755,0.32800666771226034
-0.015771592534729456,0.5726195051309662,0.8816341490313532,2.803913870049283,0.3283449395335003
-0.015764892704464184,0.5701988026424415,0.8822585754659028,2.804875405170651,0.3286898629832063
-0.015754409375624334,0.5677705653210526,0.882957245115744,2.8058420436895855,0.3290480367497528
-0.01574014506415852,0.5653370420411721,0.8833164796235575,2.806814016521941,0.3294149256779288
-0.01572210319343305,0.5629005154072262,0.883614387317806,2.8077913946595254,0.3297832423756581
-0.015700288093410283,0.5604633003873394,0.8843595470256544,2.8087742105436604,0.3301571878571428
-0.015674704999609466,0.5580277428261445,0.8847119691684986,2.80976264385258,0.33053991447969583
-0.01564536005185034,0.5555962178305145,0.8850642554538064,2.8107567679055774,0.330924490256532
-0.01561226029277952,0.5531711280220817,0.8859756025468298,2.811756605494702,0.3313103927484872
-0.015575413666180286,0.5507549016505119,0.8863176964949311,2.8127621645423417,0.3316975196030737
-0.015534829015066181,0.548349990561713,0.8866572390357319,2.8137734722523104,0.33208688451154095
-0.015490516079558595,0.5459588680154245,0.8873774518983694,2.814790580157162,0.332482548747437
-0.015442485494549373,0.5435840263469782,0.8877093843854579,2.81581366669932,0.3328866155617157
-0.015390748787148372,0.5412279744684588,0.8880397826089717,2.816842803082451,0.33329274225662253
-0.015335318373917035,0.5388932352050181,0.8883685787760873,2.817878016707725,0.33370074690215246
-0.015276207557888432,0.5365823424627046,0.8892347680856467,2.8189193290086574,0.3341099824884571
-0.01521343052537465,0.5342978382249159,0.8898742804613162,2.8199667658275205,0.3345245282354679
-0.015147002342562162,0.5320422693753886,0.8901576111658661,2.821020493997257,0.33494677257714073
-0.015076938951896058,0.5298181843465933,0.8907113972909864,2.82208058153358,0.335374300728919
-0.015003257168253648,0.5276281295934546,0.8911447446930028,2.8231472217811704,0.3358147812123326
-0.014925974674909465,0.5254746458934738,0.891432882674457,2.824220636323911,0.33626345376384914
-0.01484511001929078,0.5233602644756117,0.8917192299152116,2.825300885030819,0.33671360928115496
-0.014760682608526896,0.5212875029816748,0.8920044104291895,2.826387987125429,0.337165488263617
-0.014672712704791098,0.5192588612654426,0.8942431433232079,2.8274820096307067,0.3376285368097681
-0.014581221420438002,0.5172768170363353,0.8945122208071777,2.8285833029685272,0.3381073095702753
-0.014486230712936681,0.5153438213561338,0.8953464207099366,2.8296919734230577,0.33858700447864565
-0.014387763379600944,0.5134622939989605,0.8956379035186707,2.8308080132533346,0.3390666766417385
-0.014285843052118151,0.5116346186865729,0.8957030186905344,2.8319314278699617,0.3395505707629808
-0.01418049419087769,0.5098631382128399,0.8960026697780679,2.833062349870443,0.3400407036258713
-0.014071742079100504,0.5081501494731371,0.8962443414900432,2.8342008053480363,0.34053109534637593
-0.013959612816771412,0.5064978984162665,0.896483833343158,2.8353467951072084,0.34102258535493357
-0.013844133314375142,0.5049085749383188,0.8967841305325274,2.8365003240855198,0.3415147339459001
-0.013725331286437993,0.5033843077396631,0.8970181698820694,2.8376613827388226,0.34200723985798526
-0.013603235244876286,0.5019271591679498,0.899828913181416,2.8388300099987034,0.34250826466625495
-0.013477874492153987,0.5005391200715376,0.9025617473726747,2.840006503354778,0.3430277441464146
-0.013349279114249988,0.49922210468919714,0.9027766106909233,2.8411911562162224,0.34355716780816165
-0.013217479973437697,0.49797794560314834,0.9023942415999197,2.8423840402608205,0.344090026017911
-0.013082508700878267,0.49680838878349354,0.9017041866429983,2.8435852597301774,0.34463003123479463
-0.012944397689029165,0.49571508875289627,0.9018613076263425,2.844794923964326,0.34517420399210086
-0.012803180083870339,0.49469960390082074,0.9021896543234819,2.8460130411789604,0.3457179400240056
-0.012658889776949133,0.4937633919768609,0.9025028283923177,2.8472395791370495,0.346260737437768
-0.012511561397246577,0.4929078057925542,0.902814645126538,2.848474503296852,0.34680270633847876
-0.012361230302866599,0.49213408916062357,0.9017782335477222,2.8497177944123524,0.347346684524257
-0.012207932572550302,0.49144337309979996,0.9018968297858604,2.8509695185669153,0.34789427327045996
-0.012051704997016981,0.4908366723322045,0.9020099607028136,2.8522296824136575,0.3484418332220309
-0.011892585070134925,0.4903148820988137,0.9021194803254863,2.853498267729785,0.3489892954799249
-0.011730610979922763,0.48987877531665164,0.907200663661735,2.8547752660871515,0.3495384728773912
-0.011565821599384601,0.4895290000992457,0.9072948831874759,2.856060713493719,0.3500895725947652
-0.011398256477180837,0.48926607765938973,0.9073839974745279,2.8573545953447432,0.3506399677211462
-0.01122795582813635,0.4890904006105526,0.9080924919470559,2.858656888997077,0.3511902256589153
-0.011054960523589535,0.48900223168030166,0.9087426910183181,2.8599675668697144,0.3517397200973865
-0.010879312081582973,0.4890017028459518,0.9088138638439126,2.8612865986958815,0.35228863346961947
-0.010701052656899683,0.48908881489934064,0.9090921360656107,2.862613955597684,0.3528367593691366
-0.010520225030945901,0.4892634374442121,0.9091588056236054,2.8639496029350453,0.3533840950888221
-0.010336872601483795,0.4895253093262383,0.9144555137426773,2.8652935106405453,0.3539304329570204
-0.010151039372216338,0.48987403949222896,0.9145058182196582,2.866645630107442,0.3544751562121827
-0.009962769942226527,0.4903091082716681,0.9149866302993566,2.8680059236226865,0.35501904823098723
-0.009772109495273844,0.4908298690704029,0.9150285530944929,2.869374357050533,0.3555620436010091
-0.009579103788950317,0.4914355504631677,0.9150646838146299,2.8707508964809567,0.356104144146173
-0.009383799143699006,0.49212525866862417,0.9133710172291216,2.872135512758424,0.3566463394942803
-0.00918624243169732,0.4928979803879043,0.9185982244727029,2.8735281928842014,0.35718634711111336
-0.008986481065607772,0.49375258598516564,0.9189424131525804,2.874928810861265,0.3577208015339118
-0.008784562987199339,0.4946878329865163,0.916869053898979,2.876337298377376,0.35825456000725503
-0.008580536655841601,0.4957023698718207,0.9167863430585207,2.877753634938914,0.3587878829896254
-0.008374451036874713,0.49679474013242275,0.9170909952418528,2.879177783755197,0.3593197850859362
-0.008166355589858032,0.4979633865666332,0.9173509036024527,2.880609700562051,0.3598503613587608
-0.007956300256699871,0.4992066557840641,0.9175549673782775,2.8820493443342445,0.36037960382299333
-0.007744335449671927,0.5005228028894031,0.9174672011977045,2.883496672001018,0.36090741222285544
-0.0075305120393103645,0.5019099963161061,0.9176150054489164,2.8849516472378145,0.3614348738816149
-0.007314881342207358,0.5033663227806852,0.9175211488258415,2.886414245312658,0.3619612273620939
-0.007097495108695084,0.5048897923287385,0.9174202523392909,2.8878844254759466,0.36248633956952986
-0.006878405510426084,0.5064783434446466,0.9173170939711355,2.8893621443677078,0.36300987371756643
-0.00665766512785231,0.5081298481978639,0.9172097682746467,2.890847356849419,0.36353204077714135
-0.0064353269376059554,0.5098421173999378,0.9170976308497614,2.8923400216467563,0.36405285860525255
-0.006211444299785435,0.5116129057478297,0.9169799772660339,2.893840096102289,0.36457253740535184
-0.005986070945149135,0.5134399169306229,0.9168580764348855,2.8953475567668487,0.36509198581925006
-0.005759260962220306,0.515320808678429,0.9167299938109181,2.896862369034189,0.36560991666715587
-0.00553106878430617,0.51725319773403,0.9137894194737293,2.8983844895193376,0.3661266914143237
-0.0053015491764340245,0.5192346647296502,0.9136209207214685,2.899913885381236,0.3666424105838057
-0.005070757222208033,0.521262758953085,0.9134485800376944,2.9014505122090237,0.3671563613934203
-0.0048387483105893645,0.5233350029892986,0.9137268455196338,2.9029943185513676,0.36766811850983794
-0.004605578122603141,0.5254488972254234,0.9139384046321615,2.9045452340057385,0.36817708673235183
-0.004371302617975171,0.5276019242089115,0.9137529818982411,2.9061032053869877,0.3686845818094011
-0.00413597802170205,0.5297915528503341,0.9139638097615723,2.9076681875591373,0.36919044293281345
-0.0038996608105572286,0.5320152424639832,0.9142330202636099,2.9092401305367046,0.3696941925064598
-0.0036624076995370675,0.5342704466410347,0.9143752858218585,2.9108189745832083,0.37019582826163216
-0.0034242756282493007,0.5365546169515112,0.9142025917096135,2.912404670417575,0.37069580325150725
-0.0031853217472479715,0.5388652064726641,0.9144096286718433,2.913997170239226,0.3711940772894047
-0.002945603404317522,0.5411996731426877,0.9109909433301009,2.9155964291780605,0.37169083224834837
-0.0027051781307095395,0.5435554829398296,0.9107836312065776,2.9172023982896165,0.37218562440107256
-0.0024641036273355937,0.5459301128880235,0.9105734376159373,2.918815026719691,0.3726786046782421
-0.002222437750919324,0.5483210538911089,0.9068183401641727,2.9204342607085008,0.3731692875038348
-0.0019802385001109982,0.5507258133985322,0.902887035951608,2.9220600389298608,0.3736574982820472
-0.0017375640015682308,0.5531419179061473,0.9030486588407266,2.9236922950910578,0.37414272739009574
-0.0014944724960057553,0.5555669152963687,0.8990878057637383,2.9253309502811855,0.374624486047316
-0.0012510223242180563,0.557998377022429,0.8988380062279845,2.926975923691888,0.3751031367928706
-0.0010072719130777529,0.5604339001419568,0.8985913909893223,2.928627149784649,0.3755794171615614
-0.0007632797615134237,0.562871109205417,0.8986827581743604,2.9302845665659656,0.37605273654869814
-0.00051910442647028,0.5653076580052396,0.8987780638607253,2.931948090072738,0.376522187563767
-0.00027480450885662916,0.5677412311916539,0.8985418988156819,2.9336176319349345,0.3769881558940639
-3.043863948000336e-05,0.5701695457613769,0.8983042314699579,2.935293120857764,0.37745132719413405
0.00021393453502392673,0.5725903524253911,0.8982497714604161,2.9369744879805086,0.3779115278928777
0.0004582563662663246,0.575001436862048,0.8980203437628428,2.938661656643622,0.37836859902451175
0.0007024682181804963,0.5774006208617333,0.8977887619215713,2.94035456466963,0.3788234406349417
0.0009465114810942507,0.5797857633692467,0.8940586280346738,2.9420531480294914,0.3792747025045786
0.0011903275857959277,0.5821547614299518,0.8942469957912387,2.943757305771166,0.3797218571816284
0.0014338580175907696,0.5845055510456431,0.8906649571735423,2.9454669663946103,0.3801655005965325
0.0016770443303441174,0.5868361079458859,0.8905864349220779,2.94718201725613,0.38060375188904366
0.0019198281605082856,0.5891444482804511,0.8873824305832407,2.9489023487936117,0.3810365128462878
0.0021621512411294256,0.5914286292382498,0.8872069429657643,2.950627825702953,0.38146378499679984
0.002403955415831385,0.5936867495979715,0.8843659288987643,2.9523583537341103,0.3818861314053051
0.002645182652772946,0.5959169502154393,0.8842271049098832,2.9540937914455467,0.3823024179088713
0.0028857750585751926,0.5981174144524404,0.8840913817247086,2.955834049357474,0.38271571645164065
0.003125674892215608,0.6002863685516053,0.8842545676586538,2.957579060567005,0.3831265068687018
0.0033648245788856688,0.6024220819616504,0.8819040199856273,2.959328759995616,0.3835324121551782
0.003603166723808565,0.6045228676171007,0.8800260675914886,2.9610829744879616,0.38392829304201365
0.003840644126013598,0.6065870821763746,0.8805134237253037,2.9628415055411295,0.38431700830260707
0.0040771997920641696,0.6086131262218886,0.8809648403966541,2.964604266719694,0.3847033660998268
0.004312776949735927,0.6105994444256411,0.8811908846330442,2.9663711931337913,0.3850855876965557
0.004547319061641892,0.6125445256835125,0.8815047111917915,2.9681421542332607,0.38546063863468677
0.004780769838800997,0.6144469032213197,0.8815312052824557,2.9699170087706515,0.38583017830625527
0.005013073254147369,0.6163051546754751,0.8806982943649543,2.971695642046548,0.38619194369328314
0.005244173555976399,0.6181179021508952,0.8808641982556445,2.973477840690962,0.3865451002209849
0.005474015281325004,0.619883812258654,0.8805009266639259,2.9752634916857126,0.38689149413932994
0.00570254326928237,0.621601596135661,0.8806379915867258,2.9770523746029225,0.38722786181002694
0.005929702674228368,0.6232700094485283,0.8807767993575897,2.9788443442870696,0.3875559454605929
0.006155438978996225,0.6248878523835993,0.8813377225324653,2.9806391346125944,0.3878684030580797
0.006379698007956351,0.6264539696249776,0.8822777620552357,2.982436418479353,0.3881643680998635
0.006602425940018315,0.6279672503222674,0.8835428723436872,2.9842358497993824,0.38844261732901514
0.006823569321547534,0.6294266280495779,0.8837383525134146,2.9860370977864856,0.3887093115558242
0.007043075079193974,0.6308310807572488,0.8841530574542833,2.987840053714963,0.38897377012670614
0.007260890532629488,0.6321796307176283,0.8844650510221423,2.9896446639480527,0.3892351904638509
0.007476963407190803,0.6334713444661055,0.8846592837759201,2.991450856694962,0.3894935535084943
0.007691241846425211,0.6347053327385522,0.8849954139616119,2.9932585823786293,0.3897493938747524
0.007903674424535857,0.6358807504061598,0.8865392263864224,2.9950677380954804,0.3899953513006263
0.008114210158723767,0.636996796408638,0.8882463449137515,2.996878006491014,0.39022254091432823
0.008322798521423284,0.6380527136866158,0.8900523253263878,2.9986890069259697,0.3904305982495985
0.008529389452428633,0.6390477891140248,0.8904305577318585,3.0005003779211736,0.3906248109553871
0.008733933370908099,0.6399813534311708,0.8922672672281878,3.002311937250598,0.39080877401592196
0.008936381187303033,0.6408527811791395,0.894074550649698,3.004123359771379,0.39097343628030284
0.009136684315109344,0.6416614906361042,0.8958050241679077,3.005934258420405,0.39111858521788573
0.009334794682537811,0.6424069437560671,0.8961567688841102,3.0077442744564418,0.3912503785593779
0.009530664744051266,0.6430886461104994,0.896504890739425,3.0095532669465,0.3913781189419446
0.009724247491775105,0.6437061468332899,0.8968532115741737,3.0113611577361246,0.39150191350728997
0.00991549646677914,0.6442590385694023,0.8971998271941234,3.01316786845719,0.39162155315268166
0.010104365770227393,0.6447469574275285,0.8975441789554865,3.0149733195517947,0.39173721072799894
0.010290810074393666,0.6451695829370727,0.8978873195679519,3.0167774342902693,0.3918488445261003
0.010474784633539909,0.6455266380096868,0.8982263656763739,3.018580134106887,0.3919563909748077
0.01065624529465506,0.6458178889055959,0.8985659299169704,3.0203813406250037,0.3920598996486551
0.010835148508051487,0.6460431452048798,0.898903870381951,3.022180969857375,0.3921586359320578
0.011011451337816674,0.6462022597838812,0.899232746088026,3.023978933238022,0.39225320316483175
0.011185111472117879,0.6462951287968471,0.9006583519217806,3.0257751219656566,0.39233748056230233
0.011356087233356441,0.6463216916629142,0.9009763977845018,3.0275692405046777,0.39240830357468987
0.011524337588170334,0.6462819310584821,0.9021926552495576,3.0293611162271743,0.39246875096059736
0.011689822157282065,0.6461758729150356,0.9024921812220534,3.0311504556206446,0.39251587020835454
0.01185250122518944,0.6460035864224085,0.9027095958817019,3.0329371032012986,0.3925553348156812
0.012012335749696991,0.6457651840374855,0.9028981543284101,3.0347208597323014,0.39258611139939603
0.012169287371286135,0.6454608214982844,0.9032263714382363,3.036501645307916,0.3926142266828443
0.012323318422320994,0.6450906978433695,0.9035542866055897,3.038279395658209,0.3926384907952088
0.012474391936088826,0.6446550554364685,0.9046817922015284,3.040054006887444,0.392652311889175
0.012622471655671388,0.6441541799961947,0.9048787799546155,3.041825185346136,0.3926534792411429
0.01276752204264688,0.6435884006306901,0.905774183828047,3.043592795927222,0.3926457999770391
0.012909508285618682,0.6429580898770088,0.9054825289851842,3.0453565396483926,0.39262128841095795
0.013048396308570003,0.6422636637450263,0.9058193367786487,3.047116160829252,0.3925880525068363
0.013184152779042061,0.6415055817655939,0.9061272218576333,3.0488715787226215,0.3925520248216892
0.013316745116133556,0.6406843470426573,0.9069211868276538,3.050622694942372,0.3925054508766456
0.013446141498320095,0.6398005063089907,0.9072021132068406,3.0523692170326084,0.39244551188512483
0.013572310871091104,0.6388546499851712,0.907480053265873,3.0541110119885446,0.3923815793272216
0.013695222954402701,0.6378474122413629,0.9077548903315347,3.0558480104820593,0.39231368601897065
0.013814848249944932,0.6367794710614245,0.9080259996900719,3.057580137819478,0.39224142727268213
0.013931158048221079,0.6356515483088252,0.9073712853256019,3.0593073067808345,0.39216219385004747
0.014044124435437861,0.6344644097937571,0.9076770737021784,3.0610293382029052,0.39207418672558136
0.014153720300204616,0.633218865340808,0.9079804890708096,3.062746131139231,0.39198223085155603
0.014259919340039834,0.6319157688564695,0.9082804376448022,3.064457617730688,0.39188639580892026
0.014362696067683797,0.6305560183956797,0.908749225900261,3.0661637003385733,0.39178055854318206
0.014462025817215212,0.6291405562265431,0.9089704108215858,3.0678641075096387,0.391663070855535
0.014557884749970964,0.6276703688922664,0.9092002021675053,3.069558756115512,0.39154413339332833
0.01465024986026733,0.6261464872692659,0.9094196942500762,3.071247627119327,0.39142366918217086
0.01473909898092127,0.6245699866203112,0.9095609534183695,3.0729307019937355,0.3913017047563912
0.014824410788570247,0.6229419866414612,0.9098312421378263,3.0746079603171332,0.3911776909590185
0.01490616480878998,0.6212636515014366,0.9100981667599948,3.0762793539061715,0.39105000833395315
0.014984341421008027,0.6195361898719657,0.9102329365215523,3.0779447902623156,0.3909127974162777
0.015058921863212725,0.6177608549475034,0.9104304789544403,3.0796040064794674,0.390763378777844
0.015129888236455958,0.6159389444526019,0.9104487950944162,3.081256892417537,0.3906114299644144
0.01519722350914883,0.6140718006350603,0.910672707403961,3.0829034216312254,0.39045713764563833
0.015260911521149029,0.6121608102428425,0.9108914991956872,3.0845435421452474,0.3902992455408965
0.015320936987639526,0.6102074044825875,0.9111055652957935,3.0861771959258273,0.39013784867417034
0.015377285502796363,0.608213058957371,0.9113154648633216,3.08780432346756,0.38997272497052693
0.015429943543246408,0.6061792935812138,0.9115202281597784,3.0894248665671156,0.3898041347140445
0.015478898471312806,0.6041076724676354,0.9117199136780654,3.091038766921219,0.3896320396954426
0.015524138538047747,0.6019998037893831,0.9119335936314351,3.0926459803288204,0.38945785946995903
0.015565652886052399,0.5998573396062375,0.9109157695572591,3.0942464699225884,0.38927859100146744
0.015603431552082521,0.5976819756576339,0.9111290043441006,3.095840087085538,0.38909142532261154
0.01563746546943958,0.5954754511165896,0.9113354058053296,3.0974267465674226,0.3889009314672178
0.015667746470146834,0.5932395483012428,0.9115364507308281,3.0990063993824646,0.3887073629743136
0.0156942672869094,0.5909760923400604,0.9117353627181337,3.1005789943763533,0.38851034600179274
0.015717021554858622,0.588686950786582,0.9119306443249396,3.102144477860185,0.388310070445343
0.015736003813079373,0.586374033179305,0.9119276838573764,3.103702805892351,0.38810767423748455
0.015751209505920887,0.5840392905421325,0.9118888512839259,3.105253969496144,0.3879045502693903
0.015762634984089748,0.5816847148205415,0.9120809994648533,3.106797960807019,0.3876994480119367
0.015770277505526082,0.5793123382484486,0.9122687395887042,3.108334740169592,0.38749155077016734
0.01577413523606149,0.5769242326405102,0.9123063094492289,3.1098642690392304,0.3872813855450485
0.015774207249859097,0.5745225086044095,0.9122750109775916,3.1113865339687243,0.3870703557458106
0.015770493529636,0.5721093146674955,0.9117144108541614,3.1129015034243235,0.3868528536207527
0.01576299496666717,0.5696868363119554,0.9107878057604192,3.1144089648187725,0.38662263844516875
0.015751713360571705,0.5672572949125692,0.910957958101645,3.1159087290809637,0.3863853605102107
0.01573665141888096,0.5648229465709567,0.9111155721277401,3.117400729784995,0.38614546922544035
0.01571781275638867,0.562386080840153,0.9112683431982843,3.118884930599015,0.3859029883993407
0.01569520189428338,0.5599490193332662,0.9114801283811413,3.120361298820743,0.3856586075187077
0.015668824259063397,0.5575141142099826,0.9106284985990544,3.121829799763135,0.3854083619290297
0.01563868618123463,0.5550837465346923,0.9107516286766724,3.123290260015878,0.38514952913286665
0.01560479489379108,0.5526603245001122,0.9095766804855192,3.1247425890185268,0.38488482048233397
0.015567158530479033,0.5502462815104194,0.9096658965654456,3.1261866375633702,0.38461283310396727
0.015525786123844998,0.5478440741181245,0.9097518439959547,3.1276223460810337,0.38433881036275425
0.015480687603068066,0.5454561798091844,0.9098410684494429,3.129049689836368,0.3840626759243097
0.015431873791576638,0.543085094631251,0.9099278863264617,3.13046864433388,0.3837845181133537
0.015379356404451204,0.5407333306603738,0.9100123918891433,3.131879186341681,0.38350438194463976
0.015323148045612568,0.538403413302031,0.9100924819259757,3.133281294358349,0.3832223946402574
