x_mean,x_rms,order_parameter,residue_mean,mismatch_mean
-0.009763459981777058,0.49085534866202174,0.03441049717751197,1.0236775083191202e-05,0.0010243866229732003
-0.009570349650717878,0.4914648376676423,0.034616317711487404,4.0921450014632915e-05,0.0020488827739287554
-0.009374942481682037,0.4921583103615534,0.0348235216074452,9.20153640462152e-05,0.0030734896617511027
-0.009177285371452166,0.4929347481301235,0.035030557777203215,0.00016347996319795126,0.0040982071110830355
-0.008977425756785954,0.49379301617379406,0.03535491256740135,0.0002552766663922078,0.005123020079349708
-0.008775411603031455,0.4947318670197619,0.035579050251575456,0.0003673665365961807,0.006147919739232481
-0.008571291392615973,0.49574994432636793,0.035810273239752416,0.0004997110149691276,0.007172925233111856
-0.008365114113410146,0.4968457869521442,0.03603008769087719,0.0006522717731637473,0.00819803976598804
-0.008156929246971307,0.498017833261347,0.03625021803796495,0.0008250106571766558,0.009223269421980314
-0.007946786756667998,0.49926442563701146,0.0364737345276615,0.001017889694624369,0.010248617177369
-0.007734737075689288,0.5005838151721188,0.03670393396602697,0.0012308709871804613,0.011274082963299877
-0.007520831094940653,0.5019741665093559,0.03693548533028699,0.0014639167385280896,0.012299665237765454
-0.007305120150830721,0.5034335628001507,0.037171616084883945,0.0017169892376238285,0.013325371241692167
-0.007087656012950597,0.5049600107541709,0.03740905946676807,0.0019900508791912313,0.014351192885436985
-0.006868490871649515,0.5065514457512469,0.03765378163829948,0.0022830640804047094,0.015377136099998167
-0.006647677325509359,0.5082057369886878,0.03790519614088096,0.002595991417286601,0.01640320042644744
-0.006425268368721284,0.5099206926382034,0.03815562005372986,0.002928795501643201,0.01742938597325589
-0.006201317378367213,0.5116940649880518,0.03840791449489112,0.003281439079973208,0.01845569507421965
-0.0059758781016099214,0.5135235555475876,0.038664839496442636,0.003653884973663583,0.019482127418382685
-0.005749004642793668,0.515406820093089,0.0389228785037048,0.0040460961615639566,0.020508691099429203
-0.005520751450459487,0.5173414736354903,0.039191135897213104,0.0044580357973315835,0.02153539040865216
-0.005291173304277931,0.5193250952924897,0.039451636017893615,0.0048896671920213896,0.02256222249737777
-0.0050603253019020225,0.521355233049354,0.039719564059521484,0.005340953585881336,0.023589182466002563
-0.004828262845744248,0.5234294083946018,0.03998756848701621,0.005811858290493514,0.024616274827512087
-0.004595041629680113,0.5255451208185916,0.04025919327584741,0.0063023447034898155,0.025643491043109347
-0.004360717625682007,0.5276998521648417,0.04040158647318654,0.006812376148379229,0.026670824967600974
-0.0041253470703860404,0.5298910708256535,0.04066598871498112,0.00734191582680197,0.02769828045087124
-0.0038889864515956937,0.5321162357752672,0.04093351922969255,0.007890927362429941,0.02872586484392413
-0.0036516924947248676,0.5343728004353795,0.04127586533460544,0.008459374350976311,0.02975356838208502
-0.0034135221491842205,0.5366582163693209,0.04155539965170865,0.00904722033107698,0.030781398301684172
-0.00317453257471335,0.538969936802582,0.04190426092604907,0.009654429049247213,0.03180934559190813
-0.0029347811276629527,0.5413054199686443,0.04221465933051139,0.010280964045311064,0.03283738547315266
-0.0026943253472294874,0.5436621322802425,0.042498687097944965,0.010926788046690943,0.03386550110292909
-0.0024532229416460057,0.5460375513272188,0.04280396122814987,0.0115918647746066,0.034893748507077604
-0.0022115317743325352,0.5484291687030798,0.04309040969453799,0.012276158299401761,0.03592211618251071
-0.0019693098500090257,0.5508344926631775,0.0434593581425243,0.012979632535297056,0.03695059493726315
-0.0017266153007746412,0.5532510506181805,0.04376329019061707,0.01370225120924613,0.03797915527579627
-0.0014835063721561977,0.5556763914670861,0.04406256909331809,0.014443977184182197,0.03900777851289508
-0.001240041409129589,0.5581080877745754,0.04446569590258977,0.01520477433366891,0.04003652020815927
-0.0009962788421172832,0.5605437377979291,0.0594114084246193,0.01598463023278738,0.041070055255778386
-0.0007522771729652358,0.5629809673690568,0.059840256055758344,0.016783672615013377,0.04211072489650118
-0.0005080949609028207,0.5654174316374904,0.060153101639925106,0.017601912531060717,0.043151550189839044
-0.0002637908084887673,0.5678508166803521,0.060466541704454355,0.018439315369002302,0.044192581016063714
-1.9423347546990987e-05,0.5702788409854606,0.06093024591111945,0.01929584668599146,0.04523378752589028
0.0002249487749049312,0.5726992568138012,0.06142363332098172,0.02017147146704501,0.04627513788086793
0.00046926691073061953,0.5751098514476143,0.06193061046024656,0.021066154139831546,0.047316607654787006
0.0007134724247502517,0.5775084483303122,0.06244067477259526,0.021979859090971804,0.048358204921026576
0.0009575067088127242,0.5798929081043961,0.06289911742328032,0.02291255097431994,0.04939994911088619
0.0012013111958612396,0.582261129553409,0.0633616486947899,0.023864194957435924,0.050441843215305246
0.0014448273739892047,0.5846110504538641,0.06389090551812476,0.024834755829813517,0.051483852473471425
0.0016879968004828406,0.58694064834292,0.06442728870077298,0.025824197974626453,0.052525977931192395
0.0019307611158470106,0.5892479412073766,0.06497182853822567,0.02683248611022029,0.05356822253965707
0.0021730620578113637,0.5915309880994262,0.06551788881465007,0.027859584858772657,0.054610573900964035
0.0024148414753128998,0.5937878896843342,0.0660686845508798,0.028905458510924867,0.055653014762069346
0.002656041342452039,0.5960167887250514,0.0666340192801388,0.029970071591060934,0.056695559049773546
0.0028966037724184207,0.5982158705085188,0.08131084301203277,0.031053410478766967,0.05774256822650926
0.0031364710313836488,0.6003833632182164,0.09623531964247567,0.032155612755634104,0.05880031220332812
0.0033755855523569583,0.6025175382572702,0.11107315056175839,0.03327684991779892,0.05986840606389558
0.0036138899490011163,0.6046167105262125,0.11182631102675797,0.03441727012147685,0.06094274296041235
0.0038513270294048426,0.6066792386592808,0.112574541555288,0.03557687812027728,0.06201718054970679
0.0040878398098085494,0.6087035252228915,0.1132944993422178,0.03675563768025115,0.06309177248114219
0.004323371528280279,0.6106880168797455,0.11404087135684136,0.037953514569406106,0.06416655295118698
0.004557865658338204,0.6126312045217921,0.11482175748149158,0.03917047352855794,0.06524146164341406
0.004791265922516723,0.614531623375081,0.12895287223131807,0.04040649871234317,0.06632044819684797
0.005023516305872768,0.6163878530793343,0.12977373759718797,0.04166169277634211,0.06740550637048627
0.005254561069429203,0.6181985177448969,0.14369690792603673,0.042936079676279625,0.06849460327450368
0.005484344763551828,0.6199622859895269,0.14457527467275735,0.044229759004953066,0.06958964965885425
0.005712812241257084,0.6216778709573155,0.14545813296403626,0.04554273449080116,0.07068487701332042
0.005939908671446976,0.6233440303218944,0.14637434769983904,0.04687497068411546,0.07178022428112006
0.006165579552068388,0.6249595662758759,0.14729748953218427,0.04822643093353855,0.07287565336065231
0.006389770723193224,0.6265233255083937,0.14820464497599056,0.049597078437724006,0.07397119143078335
0.006612428380016564,0.6280341991724068,0.16181513778704515,0.05098689688383766,0.07507059492530253
0.006833499085769609,0.6294911228433493,0.1627961850797963,0.052395978376683576,0.07617555530602747
0.007052929784544098,0.6308930764705655,0.16380525604546595,0.05382432282318474,0.07728068307565354
0.007270667814025688,0.6322390843228349,0.16480634579572628,0.05527189618817308,0.07838596191303045
0.007486660918132485,0.633528214929237,0.16583350396361915,0.05673866015115143,0.07949120984499496
0.007700857259556283,0.6347595810164378,0.16669565844102607,0.05822457746145876,0.08059658069890943
0.007913205432203361,0.6359323394434432,0.1677167446866429,0.059729612321316336,0.08170203023568662
0.008123654473531569,0.6370456911347451,0.16858009691427378,0.06125372739388348,0.08280754081750724
0.008332153876781172,0.6380988810126944,0.16963214558905737,0.06279688694056818,0.08391325085660144
0.008538653603096254,0.6390911979299141,0.1706813292569048,0.06435905869141227,0.08501929370022826
0.008743104093533708,0.6400219746024098,0.17172004616099115,0.06594021071849858,0.08612554770024597
0.008945456280957305,0.6408905875440501,0.1727502420006013,0.06754030616012564,0.08723175377900184
0.0091456616018133,0.6416964570029738,0.17363431896797485,0.0691593066518364,0.08833798376189858
0.00934367200778576,0.6424390469004538,0.17451600392942573,0.07079717546548293,0.08944427571148546
0.009539439977327728,0.6431178647726757,0.17558291472412366,0.07245387613865276,0.09055061849296174
0.009732918527066266,0.6437324617158465,0.1767005089007418,0.07412937183834589,0.09165697809937536
0.009924061223078125,0.6442824323350241,0.1778235544601671,0.07582362426357049,0.09276327897101516
0.010112822192033818,0.644767414696962,0.17871214104424665,0.07753659533427353,0.09386957883950035
0.010299156132206866,0.6451870902872914,0.17959712914905146,0.07926824822859639,0.09497593168395993
0.010483018324346094,0.6455411839722707,0.1804776199910219,0.08101854689510805,0.09608234303154385
0.010664364642407935,0.6458294639653276,0.1816344419132142,0.08278745460645032,0.0971887229857627
0.01084315156414655,0.6460517417985692,0.1827976254750785,0.08457493152516268,0.09829489545915793
0.011019336181558956,0.6462078722994259,0.18397732332465602,0.08638093668807298,0.09940091194310073
0.011192876211182682,0.6462977535725305,0.18487317477848786,0.0882054307444141,0.10050686212580427
0.011363730004243636,0.6463213269869426,0.18607168016834102,0.09004837610491627,0.10161274439932567
0.011531856556651635,0.6462785771687714,0.18728016022400085,0.09190973259437846,0.10271841034833731
0.011697215518841132,0.6461695319992435,0.18850135197777204,0.09378945972082324,0.10382392044517022
0.011859767205454955,0.6459942626182049,0.18972881021213925,0.09568751747815095,0.10492925231092859
0.012019472604868596,0.6457528834330748,0.19096691786942138,0.09760386538288274,0.10603437126877448
0.012176293388552807,0.6454455521331672,0.1922094417173219,0.09953846258444794,0.10713928418204141
0.012330191920272297,0.6450724697093387,0.1934470001027479,0.10149126869385999,0.10824398782992625
0.01248113126511818,0.6446338804788428,0.20610920951354253,0.10346225734056178,0.10935138132253126
0.012629075198372237,0.6441300721152735,0.21914846459492127,0.10545150338354485,0.11046563684137324
0.012773988214200617,0.6435613756834281,0.23214298271368147,0.10745910086501094,0.11158604456833432
0.012915835534175147,0.6429281656789013,0.23351862521911368,0.10948511669418635,0.11270960197091384
0.013054583115619967,0.6422308600721903,0.23465575235155692,0.11152952840230783,0.11383274715114426
0.013190197659781527,0.6414699203570341,0.23599214319289574,0.11359229439147157,0.11495578741672202
0.013322646619820149,0.6406458516027006,0.23739505474626754,0.11567337607137398,0.116078600894177
0.013451898208621289,0.6397592025098822,0.2387668989628524,0.11777272867855573,0.11720092713692294
0.013577921406424021,0.6388105654697993,0.2401468250442752,0.11989030564073007,0.11832273367573497
0.013700685968265808,0.6378005766261029,0.24158963247453497,0.12202606006180192,0.11944399028994775
0.01382016243124113,0.6367299159390759,0.2430474201477964,0.12417994407153697,0.12056466086851905
0.013936322121572347,0.6355993072516152,0.24442477880282576,0.12635191076619812,0.12168493224537039
0.0140491371614914,0.6344095183563834,0.24580641410755333,0.12854191972490608,0.12280510427899646
0.014158580475930205,0.6331613610634927,0.2472660517033602,0.1307499325578608,0.12392500811342706
0.01426462579901871,0.6318556912679817,0.24873368922255387,0.1329759033866065,0.12504430835573477
0.014367247680388348,0.630493409016305,0.25013393306018367,0.13521978333460097,0.1261628681401509
0.014466421491280204,0.6290754585709374,0.25163835838594356,0.1374815218249774,0.12728075584120513
0.014562123430455738,0.6276028284721675,0.2530575366813997,0.1397610697177169,0.12839802146008433
0.014654330529908973,0.6260765515960038,0.254488564903878,0.14205838232357135,0.12951479162704183
0.014743020660378574,0.6244977052070702,0.2560601065415725,0.14437340958455477,0.13063074124381358
0.014828172536659015,0.6228674110052228,0.2576402779765904,0.14670610069327078,0.13174596286360585
0.014909765722708695,0.6211868351645593,0.25912455240715804,0.14905640480793317,0.13286028217863957
0.014987780636554666,0.619457188363307,0.2606197273908074,0.1514242670243953,0.13397359669322334
0.015062198554992074,0.6176797258030404,0.26212369278388625,0.15380963211643767,0.13508590521392963
0.015133001618077704,0.6158557472154357,0.26364648242689204,0.1562124451411035,0.13619717659312305
0.01520017283341632,0.6139865968547451,0.26513630846149194,0.15863265074185945,0.13730762774442654
0.015263696080238632,0.6120736634739274,0.2668043474861278,0.1610702032440014,0.1384175300293028
0.015323556113270314,0.610118380282273,0.268367959508205,0.1635250516102704,0.13952638894264624
0.015379738566390848,0.6081222248821808,0.27000342955646256,0.1659971399014524,0.14063442254307848
0.015432229956081147,0.6060867191825465,0.27163945521319754,0.16848642488124785,0.14174217621787097
0.015481017684659626,0.6040134292860871,0.27328009511089896,0.1709928658233553,0.14284960663438848
0.015526090043305619,0.6019039653476946,0.2750149674279164,0.1735164212934605,0.143956464943277
0.015567436214869465,0.5997599814007312,0.2767663058344205,0.1760570388162897,0.1450622243816147
0.015605046276468375,0.5975831751479804,0.27832444740108164,0.1786146630495608,0.14616709145510334
0.015638911201868187,0.5953752877137494,0.2801095858456111,0.18118924639252584,0.1472712224078482
0.015669022863649292,0.5931381033533997,0.2818874368551465,0.18378073479900012,0.1483742121512098
0.015695374035157427,0.5908734491163761,0.29144690388262195,0.1863890795782946,0.14947761724097863
0.015717958392237916,0.58858319445857,0.2932811924745911,0.1890142776697014,0.15058209305753992
0.015736770514753497,0.5862692507996331,0.29512536256297606,0.19165628475838167,0.15168523312248283
0.015751805887885044,0.5839335710206224,0.2969635766786662,0.19431504020821114,0.15278702101255084
0.01576306090321521,0.5815781488971665,0.2988426034516373,0.19699048359046575,0.15388740241942833
0.015770532859594316,0.5792050184630754,0.3007337920047536,0.19968255188274586,0.15498625427105037
0.015774219963788687,0.5768162532991579,0.30260460039284426,0.20239118041698806,0.15608353394491228
0.015774121330911047,0.5744139657417705,0.3041669928294199,0.20511630803017863,0.15717969667948642
0.015770236984632827,0.572000306005458,0.3059857392394905,0.2078578832593274,0.1582747209488491
0.015762567857178406,0.5695774612138635,0.3078183415411315,0.21061583984780557,0.15936775493847885
0.015751115789101655,0.5671476543329534,0.3096740639115837,0.2133901042925486,0.16045873368754465
0.01573588352884385,0.5647131430004505,0.31154359223919004,0.21618060319694885,0.16154768365671737
0.01571687473207444,0.5622762182453199,0.3134355313673496,0.2189872633099552,0.16263455823127473
0.015694093960813348,0.559839203091057,0.31538992672880634,0.22181001128285416,0.16371948938043152
0.01566754668233632,0.5574044510365344,0.3174284710582386,0.22464877833132935,0.1648026098233483
0.015637239267862778,0.554974344408203,0.32524144191823806,0.2275035026118047,0.16588509725664963
0.015603178991026688,0.5525512925775053,0.333377951063248,0.23037415845872705,0.16696814183637437
0.015565374026131031,0.5501377300375389,0.33537022439838704,0.2332607141148971,0.16805040880724414
0.015523833446185884,0.5477361143332046,0.337463049922738,0.23616310639702479,0.1691306863789429
0.015478567220731005,0.5453489238393592,0.33956513231640667,0.23908126281861397,0.17020885118634138
0.015429586213443333,0.5429786553818761,0.3416749867215246,0.24201510859034783,0.17128483413490395
0.015376902179529377,0.5406278216969663,0.3437964457735265,0.24496456966918148,0.17235869806199253
0.015320527762904393,0.5382989487246509,0.34593498979361786,0.24792957096223475,0.17343030707650386
0.015260476493157855,0.5359945727329454,0.34810207632648654,0.2509100367675013,0.17449969557080516
0.01519676278230615,0.533717237270037,0.3502620576581762,0.2539058912023359,0.17556679051983728
0.015129401921334088,0.5314694899426272,0.352332904982632,0.2569170563880118,0.1766313537414227
0.015058410076524973,0.5292538790195461,0.3544141905949331,0.25994344552153625,0.1776929300080967
0.014983804285580762,0.5270729498608567,0.35664153837180657,0.2629849692800669,0.1787517232614822
0.01490560245353317,0.5249292411738345,0.3585610299928936,0.26604154920007117,0.17980860281881264
0.01482382334844648,0.5228252810985403,0.3607660120555989,0.2691131228939523,0.18086365238009514
0.014738486596913366,0.5207635831270764,0.3629788027711709,0.2721996143456103,0.181916207146545
0.014649612679344568,0.5187466418621877,0.36506173611871984,0.27530094682769624,0.18296678661900834
0.014557222925053754,0.5167769286224085,0.367238856823227,0.2784170567335246,0.18401526306752983
0.014461339507138363,0.5148568869027136,0.36942859748180845,0.2815478550199459,0.18506029897297746
0.014361985437158485,0.5129889277013427,0.37138573898168803,0.28469324704938576,0.18610269822008282
0.014259184559614013,0.5111754247253131,0.37370887061436353,0.28785316522017496,0.18714316537788092
0.014152961546222064,0.5094187094889643,0.37603984855577943,0.2910275310876075,0.18818088071033293
0.014043341889995968,0.507721066321766,0.37814615087798215,0.2942162630800378,0.18921638125364096
0.013930351899127042,0.506084727303438,0.3804983081224121,0.2974192965917558,0.19024991637702565
0.01381401869067071,0.5045118671462826,0.38287506884851114,0.3006365507989605,0.19128045299626276
0.013694370184038577,0.5030045980463517,0.38483671473738124,0.30386794008368145,0.1923086083751992
0.013571435094297944,0.5015649645267267,0.3872297684812418,0.3071133976326038,0.1933346286000773
0.013445242925280156,0.5001949382977321,0.3892387468246017,0.3103728430763093,0.19435821915022627
0.013315823962500067,0.49889641316023003,0.3915826684899423,0.31364620692568984,0.1953791986240138
0.013183209265887534,0.4976711999793658,0.3939568003530582,0.3169333875437415,0.1963959745067914
0.013047430662333118,0.4965210217570265,0.39638287818104156,0.3202342755704211,0.19740894978770301
0.012908520738049977,0.49544750883201993,0.39881970579401654,0.32354877440365964,0.19841856924376466
0.012766512830753078,0.4944521942373762,0.4019335857262559,0.32687679209131565,0.19942519555743335
0.01262144102165856,0.4935365092442877,0.4044295326997063,0.33021824337021966,0.20042874208195924
0.012473340127304234,0.4927017791220066,0.4068650639153612,0.33357303194680055,0.20142832074472822
0.012322245691193777,0.4919492191424717,0.40931347550838537,0.3369410419044651,0.20242313762759134
0.012168193975266608,0.4912799308575476,0.41177496864116603,0.34032215139263355,0.20341319762674973
0.012011221951195087,0.49069489867552324,0.4138616053537164,0.3437162452099393,0.20439966903129386
0.01185136729151147,0.4901949867619262,0.41591332773572676,0.3471232455748021,0.2053836855950496
0.011688668360566755,0.48978093628781133,0.41848879338987377,0.35054306546491726,0.2063642088136889
0.011523164205323396,0.48945336304642584,0.4210576069446954,0.3539756050366797,0.2073408804477783
0.011354894545984212,0.4892127554566409,0.42365834642646766,0.35742076187629085,0.20831368478014112
0.011183899766459676,0.48905947296874414,0.42626576103945807,0.36087843227519734,0.20928254078607617
0.011010220904676073,0.48899374488516795,0.428412092387296,0.3643485168244167,0.2102482270064678
0.010833899642726538,0.48901566960553355,0.43059287891006226,0.3678309405556689,0.2112116942432811
0.010654978296867632,0.4891252143020377,0.43321743939913165,0.3713256298949701,0.2121721319099124
0.010473499807363453,0.48932221502779655,0.4358477691969742,0.37483248531890534,0.21312846116780162
0.010289507728180347,0.48960637725725686,0.4384993297104964,0.37835140008668805,0.21408063441842545
0.010103046216534104,0.4899772768543724,0.43950822389824695,0.38188226785373164,0.21502873634450784
0.009914160022292503,0.49043436146080693,0.4417395742075111,0.3854249852901204,0.21597332554047324
0.009722894477235457,0.49097695229317634,0.4440888005287665,0.38897947342484707,0.21691552609387837
0.00952929548417563,0.4916042463352099,0.44674127836531874,0.3925456537821624,0.21785390795051052
0.009333409505942154,0.4923153189078211,0.44946130743734486,0.39612340153863596,0.2187869750062405
0.009135283554229412,0.4931091265973872,0.4516877574309662,0.3997126030709236,0.21971638208976169
0.008934965178314817,0.49398451052018544,0.4539448825049659,0.40331317862586746,0.220643358631826
0.00873250245364701,0.49494019989883015,0.4562960683863857,0.4069250572231996,0.22156790075009164
0.00852794397030805,0.4959748159248131,0.45900079306139807,0.4105481618204518,0.222489071165231
0.008321338821352026,0.4970868758798434,0.46173200839806966,0.41418238350977765,0.22340496714462338
0.008112736591022964,0.49827479748761455,0.4644690686201609,0.41782758271575626,0.22431513172744347
0.007902187342854772,0.4995369034669083,0.46720940637032804,0.4214836370814576,0.22522059729875404
0.007689741607656352,0.5008714262565804,0.46998475933249745,0.4251504312449326,0.22612138790592323
0.007475450371384357,0.5022765128829225,0.47232828995859066,0.4288278517539159,0.22701802887150324
0.007259365062906899,0.5037502299401718,0.47465228934756987,0.43251581196765937,0.2279119316572816
0.007041537541660716,0.5052905686554845,0.4773672777669812,0.4362142318130093,0.2288022339909029
0.0068220200852052775,0.5068954500105449,0.48018184932944696,0.4399229981060563,0.22968679637470854
0.006600865376676503,0.5085627298930067,0.4830056703687761,0.4436419559320057,0.23056421448474132
0.006378126492142719,0.5102902042522829,0.4857286071810919,0.4473709487168824,0.23143553138501471
0.006153856887867147,0.5120756142355959,0.4879694203122338,0.4511098546738317,0.23230271309605555
0.005928110387478196,0.5139166512818352,0.4908353751369773,0.4548585790371537,0.23316525387089326
0.0057009411690523756,0.5158109621524519,0.4931391578273732,0.45861698251236144,0.23402220798060594
0.005472403752111627,0.5177561538804094,0.4959683071439215,0.462384964905512,0.23487531631338537
0.005242552984539009,0.5197497986200357,0.4982479519341218,0.4661624148049735,0.23572399117677958
0.005011444029415405,0.5217894383825126,0.5005037029647109,0.46994924482952144,0.2365697186488693
0.004779132351780693,0.5238725896435544,0.5032152697320795,0.4737453712286189,0.23741151677236802
0.004545673705322343,0.5259967478117027,0.5060462737918743,0.4775506799591075,0.2382480510080292
0.004311124118994863,0.5281593915474293,0.5088728441877886,0.4813650452540456,0.23907914394167223
0.0040755398835731,0.5303579869249725,0.5088029927990002,0.4851883356898694,0.2399038369663196
0.00383897753814269,0.5325899914304949,0.5116634781073099,0.48902039001505876,0.2407215356692664
0.0036014938565310114,0.5348528577916937,0.5145200317641818,0.49286106968805216,0.24153363852521897
0.0033631458336816507,0.5371440376354745,0.5136917318996044,0.4967102397067948,0.2423390477113046
0.003123990671976032,0.5394609849716513,0.5132233614777542,0.5005677299416531,0.24313630849629916
0.0028840857675049075,0.5418011595018882,0.5161163790050323,0.5044333640519572,0.24392624019872886
0.0026434886962938085,0.5441620297542268,0.5190030636899685,0.5083069987693272,0.24471031025828935
0.0024022572004848935,0.546541076044579,0.5218882753135701,0.512188502077288,0.24548864485477007
0.0021604491744792106,0.5489357932674828,0.5241860860337142,0.516077749647668,0.2462622730188199
0.0019181226510422626,0.5513436935191858,0.5264608160400709,0.5199746494264831,0.24703250177232255
0.001675335787376483,0.553762308556878,0.529326258248831,0.5238791139030253,0.2477983521237116
0.0014321468511636864,0.5561891920984342,0.5315681307363567,0.5277910250296507,0.2485593353486642
0.0011886142065812512,0.5586219219675705,0.5345235279181776,0.5317102800029766,0.2493147227650758
0.000944796300294866,0.5610581020897021,0.5367474365951943,0.5356367187731358,0.2500634192384982
0.000700751647431653,0.563495364344141,0.539695579391062,0.5395702269178103,0.25080654977709543
0.00045653881753685233,0.5659313702784974,0.5419983410947454,0.5435106465103796,0.2515430477387582
0.00021221642051736056,0.5683638126913597,0.5449421254289801,0.5474578625744009,0.2522738441574709
-3.215690742433641e-05,0.5707904170894185,0.5478802976964698,0.5514117034909936,0.25299565581202094
-0.0002765225178625541,0.5732089430252747,0.5501717295381785,0.5553719874138965,0.25371065174199847
-0.0005208217642237903,0.5756171853221772,0.5530537005679266,0.5593386036953133,0.2544210295544497
-0.0007649960158616389,0.5780129751919081,0.5553357015544435,0.5633114307527166,0.2551262619767591
-0.001008986672127738,0.5803941812519344,0.5583387570179998,0.5672903658117463,0.2558257828332108
-0.0012527351764358237,0.5827587104478825,0.561189665181536,0.5712752385808362,0.2565170519653942
-0.0014961830303148694,0.5851045088872019,0.5640884081351847,0.5752658917949642,0.25720082308587466
-0.0017392718074485814,0.5874295625897755,0.5669225467392509,0.5792621478862232,0.25787659844399635
-0.0019819431676972817,0.5897318981610142,0.5697466175055294,0.5832638589668735,0.25854612091376805
-0.0022241388710993936,0.5920095833928144,0.5718341761725554,0.5872708930493634,0.25921030620121993
-0.002465800791848699,0.5942607277975159,0.5687332496229356,0.5912831425883083,0.2598683909935534
-0.002706870932244227,0.5964834830798247,0.5715741925536935,0.5953004285625589,0.26051699442782633
-0.002947291436609468,0.5986760435513931,0.568197818974304,0.5993225533307919,0.26115614317001035
-0.0031870046051774505,0.6008366464925866,0.5710023829359191,0.6033493177742224,0.2617859754044021
-0.0034259529079383624,0.6029635724656843,0.5737997572882761,0.6073805305789163,0.26240675169222777
-0.0036640789984465683,0.6050551455835712,0.5699425468498166,0.6114160003573988,0.2630183072296319
-0.0039013257275833757,0.6071097337377593,0.5727691606238481,0.6154555385144354,0.26362162849576753
-0.004137636157272631,0.6091257487893278,0.5684204833110877,0.619498989292704,0.26421741049464803
-0.004372953574145557,0.6111016467261913,0.5712560025183937,0.6235461805750548,0.2648052220176134
-0.004607221503151633,0.6130359277898856,0.5665006204365797,0.6275969607738432,0.2653857003097026
-0.004840383721112478,0.6149271365748551,0.5693268888540182,0.6316511639157303,0.26595840253301906
-0.0050723842702149885,0.6167738621030358,0.5722309021706202,0.6357086381571301,0.26652335590864895
-0.005303167471440989,0.6185747378763486,0.5751256759191845,0.6397691958230717,0.26707852064231774
-0.005532677937930052,0.6203284419095355,0.5779341088134468,0.6438326405465411,0.26762510945300766
-0.005760860588271878,0.6220336967455904,0.5807427429150702,0.6478988208287516,0.26816506193812517
-0.005987660659725698,0.6236892694558956,0.5836123395157916,0.651967592669923,0.26869708810414045
-0.006213023721363062,0.6252939716270121,0.5865105294232384,0.6560387662422228,0.2692192542398526
-0.006436895687130987,0.6268466593359141,0.5894355504259242,0.6601121404522579,0.269731577881422
-0.006659222828832266,0.6283462331153468,0.5923028384635604,0.6641875134480553,0.2702340319637725
-0.006879951789020137,0.6297916379108335,0.5951572361057151,0.668264684179096,0.27072660474616106
-0.007099029593803697,0.6311818630307572,0.5979940816981526,0.6723434526011716,0.2712094302323396
-0.007316403665561423,0.6325159420908083,0.6008157893381795,0.6764236211717728,0.27168250648282805
-0.007532021835559484,0.6337929529539991,0.6028772038215952,0.6805050052369175,0.27214835790012154
-0.007745832356472123,0.6350120176673366,0.5979540062802657,0.6845874955718343,0.2726085277742426
-0.007957783914800665,0.6361723023961635,0.6006731142071106,0.68867094268364,0.2730610848187445
-0.0081678256431885,0.6372730173570647,0.6033839221105631,0.6927552107785648,0.27350740535580625
-0.00837590713262907,0.6383134167502003,0.6060767014214257,0.6968401723314495,0.27394733270081145
-0.008581978444563718,0.6392927986917968,0.608947805004922,0.7009256925451592,0.2743796335559484
-0.008785990122866787,0.6402105051475027,0.6118027657300106,0.7050115888287473,0.27480208491894464
-0.008987893205714744,0.6410659218672287,0.6069950655600664,0.7090976684234465,0.27521554820595484
-0.009187639237336917,0.6418584783220312,0.6098311878254385,0.7131837632873059,0.2756204652877625
-0.009385180279644537,0.6425876476435524,0.6118784050727902,0.7172697002009089,0.2760181726638481
-0.009580468923735663,0.6432529465664738,0.6068565915522389,0.7213553763837001,0.27641080873648044
-0.009773458301273144,0.6438539353743762,0.6088911576826742,0.7254406691830071,0.27679767522755827
-0.009964102095732766,0.6443902178493921,0.6040365514395053,0.7295254875100546,0.2771797484222621
-0.01015235455351895,0.6448614412259437,0.6067707439131351,0.7336097071406783,0.2775542252561511
-0.010338170494945521,0.645267296148868,0.6018633628670558,0.7376931637450541,0.27792076586950937
-0.01052150532507846,0.6456075166361648,0.6044240672866167,0.7417757242338827,0.27828132164249286
-0.010702315044438634,0.6458818800465652,0.6069710471888646,0.7458572742646932,0.2786361316841339
-0.010880556259561242,0.6460902070521245,0.6018055332598872,0.7499377023283533,0.2789853777219823
-0.011056186193410266,0.6462323616159522,0.6037649744348257,0.7540169056276678,0.2793300279276836
-0.01122916269564468,0.6463082509752189,0.606282610245445,0.758094806949937,0.2796704612954368
-0.011399444252734243,0.6463178256295123,0.6087885510790206,0.7621713080971124,0.2800054737118325
-0.011566989997922644,0.6462610793346106,0.6107183634244647,0.7662463075681347,0.2803358490243202
-0.011731759721035247,0.6461380491016898,0.6132080991769201,0.7703197288829429,0.28066208480336935
-0.011893713878129505,0.6459488152019914,0.6159293998811236,0.7743914696101429,0.28098175098459727
-0.012052813600985089,0.6456935011768994,0.6178074763333791,0.7784613899879231,0.2812951920624326
-0.012209020706432212,0.6453722738534056,0.6197433415119172,0.7825294086466785,0.28160538229737997
-0.0123622977055154,0.6449853433648559,0.6222656814589905,0.7865954599510935,0.2819114341839802
-0.012512607812490655,0.6445329631768982,0.6171122958495928,0.7906594504490458,0.28221255789669225
-0.012659914953653801,0.6440154301184718,0.6196077354097712,0.7947212940855691,0.2825090868413781
-0.012804183775998033,0.6434330844176948,0.622292851860978,0.7987808886369248,0.2827993056932298
-0.01294537965569857,0.6427863097424195,0.6247693613462258,0.8028380983300777,0.28308280244435924
-0.01308346870642204,0.6420755332452612,0.6272354402240558,0.8068928157270231,0.28336129532170273
-0.013218417787459058,0.6413012256127977,0.6298982720975126,0.8109449410307169,0.2836337828099731
-0.01335019451167803,0.6404639011186432,0.6325368666665261,0.8149943401069005,0.2838988391743561
-0.013478767253297661,0.6395641176800575,0.6340520878047559,0.8190408799831327,0.28415836572773606
-0.013604105155477155,0.6386024769176788,0.6364658267865211,0.8230844873835254,0.2844141917020571
-0.01372617813772161,0.6375796242179481,0.6388684207666667,0.827125078158126,0.2846651475419253
-0.0138449569031013,0.6364962487977412,0.6406820454972298,0.8311625666013479,0.2849121343651711
-0.013960412945282647,0.6353530837706388,0.6430656180799312,0.835196889879035,0.2851554367640944
-0.014072518555369793,0.634150906214256,0.6456797461029723,0.8392279615856147,0.28539306545105253
-0.014181246828554398,0.6328905372379433,0.6404268218385728,0.8432556686495423,0.28562610999463606
-0.014286571670572876,0.6315728420501195,0.642791557093674,0.8472799709755204,0.28585704584808785
-0.014388467803968658,0.6301987300244414,0.645380828283502,0.8513007978346174,0.2860827070505472
-0.014486910774158828,0.6287691547639008,0.6479439467963463,0.8553180393024805,0.2863023096998843
-0.014581876955303217,0.6272851141618823,0.6502634969674981,0.8593315833146926,0.28651641387739174
-0.014673343555974093,0.6257476504591151,0.6525667739735781,0.8633413425728964,0.28672616383537625
-0.014761288624626388,0.6241578502953464,0.654864568371266,0.8673472374211052,0.2869315650460003
-0.014845691054865745,0.6225168447544744,0.657401397301687,0.8713491882316224,0.2871322224546846
-0.014926530590514119,0.6208258094017536,0.659664774018803,0.8753470980701801,0.2873278083313297
-0.015003787830470941,0.6190859643115745,0.6619265514451513,0.879340888962824,0.2875195148609572
-0.015077444233369505,0.6172985740841928,0.664178423409141,0.8833304908500865,0.2877072334299208
-0.015147482122026686,0.6154649478496369,0.666406274695813,0.8873158318821974,0.2878909278775613
-0.015213884687685374,0.6135864392569038,0.6681380536066505,0.8912968438792069,0.28807121641468647
-0.01527663599404858,0.6116644464463691,0.6698416634668343,0.8952734770107784,0.2882488111166119
-0.015335720981104,0.6097004120032151,0.672056117900694,0.8992456833701323,0.28842316706838367
-0.015391125468738318,0.6076958228894835,0.6737434853254092,0.9032134000911853,0.2885940951815308
-0.015442836160140501,0.6056522103521983,0.6754035053482973,0.9071765785808175,0.2887624677943557
-0.01549084064499281,0.6035711498048234,0.6775910461346972,0.9111351750121625,0.2889278088981121
-0.015535127402449358,0.6014542606791048,0.6727316583989413,0.9150891411691644,0.2890920543280969
-0.01557568580390088,0.5993032062441974,0.6749059274966676,0.9190385069650361,0.2892567624586473
-0.015612506115525714,0.5971196933897104,0.6770681188015287,0.9229832373687513,0.2894179465690332
-0.01564557950062587,0.594905472369139,0.6792197913556679,0.9269232720464782,0.2895756558314789
-0.015674898021747645,0.5926623364999204,0.6813589297588437,0.9308585509060595,0.28972991167568873
-0.01570045464258674,0.5903921218161211,0.6834862404810244,0.9347890149064341,0.2898807502962653
-0.01572224322967676,0.5880967066695503,0.6858758314499155,0.938714604623858,0.2900279639381429
-0.015740258553861495,0.5857780112748748,0.6879728033644813,0.9426352542191301,0.29017149933243935
-0.01575449629154954,0.5834379971940673,0.6900590837240528,0.9465509049622589,0.2903117244234815
-0.015764953025752197,0.5810786667553085,0.6921352898235549,0.9504615031848299,0.29044888938077795
-0.015771626246903477,0.5787020624012679,0.6941968827729562,0.9543669952619952,0.290582653267774
-0.015774514353462357,0.5763102659614321,0.6962461463570818,0.9582673243693431,0.2907132598021096
-0.015773616652297064,0.573905397843002,0.698284438529313,0.962162440172696,0.29084084495955237
-0.01576893335885164,0.5714896161346593,0.6937547083544623,0.966052312794961,0.2909695422585868
-0.015760465597093983,0.5690651156173623,0.6957712077721259,0.9699370400760788,0.29110171090797354
-0.015748215399246326,0.56663412667617,0.6977787325286706,0.9738166187285611,0.29123111889850367
-0.015732185705297285,0.5641989141069913,0.7001049844602565,0.9776910061893173,0.29135806070730524
-0.015712380362296448,0.5617617758120611,0.7023996870089166,0.9815601667325923,0.2914828449555809
-0.015688804123431144,0.5593250413779076,0.7038783501717678,0.9854240715870417,0.2916058208081267
-0.01566146264688548,0.5568910705295607,0.7058279288370456,0.9892826942320884,0.29172678763816834
-0.015630362494482623,0.5544622514548088,0.7069163817379656,0.9931360041121946,0.2918459162532156
-0.015595511130109829,0.5520409989923991,0.7084605987854189,0.9969839803929778,0.2919634395185402
-0.015556916917927243,0.5496297526782459,0.7095024463348455,1.0008265991322645,0.29207933233745725
-0.015514589120360566,0.54723097464394,0.7114209877458153,1.004663840006888,0.29219345877744
-0.015468537895877989,0.544847147362159,0.712940637581758,1.0084956724960414,0.2923054609577489
-0.015418774296552407,0.5424807712339604,0.7143791874757713,1.0123220685138883,0.2924156833996093
-0.015365310265408723,0.5401343620134156,0.7101957240887474,1.0161430310742567,0.2925296018293178
-0.015308158633557821,0.5378104480656182,0.712466016922568,1.0199587324204433,0.29265069527665244
-0.015247333117116907,0.5355115674547573,0.7143315615413967,1.023769222571818,0.2927708619299594
-0.015182848313918055,0.5332402648597343,0.7161880295982338,1.0275744853687394,0.2928895462770258
-0.01511471970000445,0.5309990883156582,0.7180332231669836,1.0313745010396986,0.29300666934016856
-0.015042963625916438,0.5287905857805713,0.7198655784363217,1.0351692490965223,0.2931222651653005
-0.01496759731276731,0.526617301527858,0.721689479423741,1.0389587102449005,0.2932364092992568
-0.014888638848110482,0.5244817723659847,0.7234991480071834,1.0427428660846925,0.2933490884366554
-0.014806107181598478,0.5223865236885756,0.7256808760064286,1.0465217008185619,0.2934609735389772
-0.014720022120435022,0.5203340653592422,0.7274648395939751,1.050295220637852,0.2935724496159454
-0.014630404324621626,0.518326887437131,0.7292380406035412,1.0540634147396821,0.2936826097739912
-0.014537275301999076,0.5163674557507771,0.7306903303809986,1.0578262687600521,0.29379151960675387
-0.014440657403085819,0.5144582073295572,0.7324462449396075,1.0615837658148528,0.29389896457815307
-0.014340573815713749,0.5126015457038015,0.7341898538739287,1.065335890331411,0.2940052625359122
-0.014237048559463391,0.5107998360864782,0.7359250938680225,1.069082631259319,0.2941104973839459
-0.014130106479899388,0.5090554004511698,0.7376472532656801,1.072823978039633,0.2942146606214335
-0.01401977324260742,0.5073705125229747,0.7393582002499058,1.0765599209044467,0.2943178429505572
-0.013906075327034877,0.5057473927007697,0.7410591018395828,1.0802904518943868,0.29442012023411746
-0.013789040020135705,0.5041882029311046,0.7431302510189637,1.0840155686567003,0.2945225700086046
-0.013668695409821748,0.5026950415557168,0.7395261828329927,1.0877353467222648,0.29463442935087264
-0.01354507037822181,0.5012699381562675,0.7360229493624596,1.0914501362857623,0.29476751579234783
-0.013418194594750077,0.4999148484214294,0.73809300763603,1.0951603502259426,0.2949156512572701
-0.013288098508985552,0.4986316490627377,0.7394875334875461,1.0988661408076164,0.29506583595823804
-0.013154813343364312,0.49742213280678876,0.7363073511033804,1.1025675723969535,0.29522578924851667
-0.013018371085686306,0.49628800349222335,0.7383589828084396,1.1062650226451975,0.2954034256785894
-0.012878804481438447,0.4952308713006145,0.7399690394232955,1.1099586763818714,0.29558428171622686
-0.012736147025935857,0.4942522481507009,0.7415696082772374,1.113648568194114,0.29576559291007043
-0.012590432956282918,0.4933535432854862,0.7424156672107882,1.1173347129023803,0.29594705379442837
-0.012441697243157048,0.4925360590814164,0.743999468915767,1.1210171170841883,0.29612853746871964
-0.012289975582415413,0.49180098710826176,0.7455739656218227,1.1246957962324415,0.2963106311391759
-0.01213530438652824,0.49114940446734995,0.7475647890644717,1.128370777835453,0.2964952346118868
-0.01197772077584011,0.49058227043448777,0.7491105299587206,1.1320421541877188,0.2966836941595551
-0.011817262569661183,0.49010042343225874,0.7462099728226312,1.135710026968849,0.29688490016917307
-0.011653968277190667,0.4897045783544049,0.747739446132622,1.1393748436386222,0.29710524140769623
-0.011487877088274985,0.4893953242626833,0.7492595966879684,1.1430367481907295,0.29732643794605446
-0.01131902886400218,0.489173122474022,0.746641242730172,1.1466958336912925,0.29756204011435683
-0.011147464127135484,0.4890383050529497,0.7479920145486979,1.1503525888343997,0.2978180269587136
-0.010973224052388314,0.48899107372121353,0.7494881661306668,1.1540071526080093,0.29807441590499484
-0.0107963504565422,0.48903149919326344,0.7502712015309627,1.1576595486518753,0.29833167822919604
-0.010616885788411117,0.48915952094292653,0.7517499509529622,1.1613097912429848,0.29858958847521866
-0.010434873118653893,0.4893749474031254,0.7524888713325094,1.1649579059446535,0.2988484676222103
-0.01025035612943768,0.48967745659706263,0.7539494409919542,1.1686039077734782,0.29910800140316135
-0.01006337910395408,0.49006659719579754,0.7551042579657841,1.1722478232354714,0.2993684678346301
-0.009873986915791716,0.4905417899938104,0.7562531910264766,1.1758896609377458,0.299628811869119
-0.00968222501816661,0.4911023297908727,0.7581873592479673,1.1795294407140007,0.29989262110883075
-0.009488139433013777,0.4917473876654863,0.760088356418876,1.1831673083400505,0.30016541227477206
-0.009291776739941878,0.49247601362227683,0.7614876975970217,1.1868034352984733,0.30044448384818007
-0.009093184065054792,0.49328713959314485,0.7628775235729287,1.1904378916457068,0.3007254101242152
-0.008892409069641173,0.49417958276962237,0.7642608920045543,1.194070717985795,0.3010082287082486
-0.008689499938736104,0.49515204924190814,0.7656339937693306,1.1977019566651537,0.30129303705042976
-0.00848450536955709,0.49620313791834814,0.7670002826056823,1.2013316499594509,0.301579792907279
-0.008277474559816655,0.4973313446977985,0.7682965656925111,1.2049598358881932,0.30186766870630255
-0.008068457195915377,0.4985350668663311,0.7696474554041939,1.2085865274535461,0.30215626136089113
-0.007857503441017252,0.4998126076890699,0.7709053715471169,1.212211754536205,0.3024460038614954
-0.007644663923010862,0.5011621811676855,0.772223640422662,1.215835531987529,0.302736565790913
-0.007429989722358843,0.5025819169340535,0.7728869011918216,1.2194578883773532,0.303028258009736
-0.007213532359838845,0.5040698652509568,0.7741903153495711,1.223078845223842,0.3033212658829066
-0.006995343784178906,0.5056240020912978,0.772428253137287,1.2266985221841493,0.30363232224317316
-0.006775476359589769,0.5072422342681949,0.773051127790988,1.230317521464842,0.3039690022039884
-0.006553982853197993,0.5089224045894204,0.7741122511788839,1.2339360194084836,0.30430586723014463
-0.006330916422381846,0.5106622970109723,0.775397097804757,1.2375540247564594,0.3046438652157814
-0.006106330602013992,0.5124596417660372,0.7766739010493413,1.241171576573837,0.30498400110664253
-0.0058802792916132435,0.5143121204472266,0.7779268229622001,1.2447887201040764,0.30532657847073313
-0.005652816742409053,0.5162173710216998,0.7791707012270216,1.248405506612331,0.30567172386316016
-0.005423997544321308,0.5181729927605545,0.780421856078507,1.2520219915239008,0.3060197443053116
-0.005193876612859207,0.5201765510657596,0.7809908851676919,1.255638227007879,0.306369669443439
-0.004962509175941657,0.5222255821797188,0.782205125680661,1.2592542406463074,0.3067211390965281
-0.004729950760642925,0.5243175977644355,0.7834110391173843,1.2628700739851,0.30707436747266503
-0.004496257179866357,0.5264500893390752,0.7845744730127632,1.2664857433830201,0.30742788952839994
-0.004261484518949577,0.5286205325664871,0.7857598313106515,1.2701012602291468,0.30778273692994323
-0.004025689122204237,0.530826391380982,0.7862687611927872,1.2737166676902287,0.308139644346114
-0.0037889275793936833,0.5330651219512577,0.7874427589301061,1.2773319953663544,0.30849821488619955
-0.003551256712151683,0.5353341764739661,0.7886304796344475,1.2809472913672133,0.3088595246455332
-0.003312733560345568,0.5376310067947858,0.7897577677688737,1.284562606298353,0.3092227131647346
-0.0030734153683867377,0.539953067855265,0.7902074430038847,1.2881779609467092,0.3095866790207296
-0.0028333595714925557,0.5422978209648818,0.7890989633220686,1.2917934641319735,0.30996980048733086
-0.002592623781901909,0.5446627368989065,0.7902374156061706,1.2954097794378252,0.3103822960069602
-0.002351265775048751,0.5470452988236394,0.791400546380125,1.2990271410327325,0.3107977690238337
-0.002109343475696158,0.5494430050514887,0.7925235907862936,1.302645606350579,0.31121630610993156
-0.001866914944034691,0.5518533716291387,0.7936127424543987,1.3062652307494347,0.3116369237767038
-0.00162403836174825,0.5542739347627353,0.7947211491050119,1.3098860365451213,0.31205907774844766
-0.00138077201805072,0.5567022530845763,0.7958535393680793,1.3135080767838063,0.31248456858539886
-0.0011371742956968957,0.5591359097663033,0.7969130355682154,1.3171314036064183,0.3129117496283809
-0.0008933036569708131,0.5615725144839637,0.7965549583694048,1.320756128265057,0.3133589769035681
-0.0006492186296551208,0.5640097052406202,0.7976815143864907,1.3243829492657737,0.31383727571596765
-0.00040497779298471803,0.5664451500524478,0.7988007125583375,1.328012113124599,0.31431884087157
-0.00016063976358803784,0.5688765485043931,0.7997360190695978,1.331643673117433,0.3148024868136422
8.373681858075883e-05,0.5713016331815938,0.8007884985752811,1.335277653879962,0.3152879832849504
0.0003280933043149996,0.5737181709828035,0.8023886713663773,1.338914131358605,0.3157814202030522
0.0005723710492310792,0.5761239643220619,0.8026014754494158,1.342553421442633,0.3163042607715008
0.0008165114278427854,0.5785168522248066,0.803696568539369,1.3461963070410459,0.3168595391869938
0.0010604558476311572,0.5808947113245515,0.8047664403945385,1.3498430383258802,0.3174171788903406
0.0013041457631064609,0.5832554567661205,0.8063314486011949,1.353493659548916,0.31798113525879274
0.0015475226898587166,0.5855970430213203,0.8078546917102102,1.3571484014942528,0.3185597462034023
0.0017905282185937549,0.5879174646227244,0.809336128763037,1.3608075487097895,0.31915305486768264
0.0020331040291511927,0.590214756821108,0.810776703418785,1.3644713854949533,0.3197610057297119
0.002275191904500856,0.5924869961718402,0.8121773273519629,1.3681401965281736,0.3203837439911085
0.002516733744714747,0.5947323010553456,0.8131252454111144,1.3718142444664774,0.3210167423720095
0.0027576715809106587,0.5969488321365339,0.8134866018076484,1.3754936281734111,0.32165207859824235
0.0029979475891644654,0.5991347927678735,0.814411097646894,1.3791784675494037,0.32230926881701577
0.003237504104387578,0.601288429340553,0.8153183858914201,1.382869503575986,0.32299877006065375
0.0034762836341662127,0.6034080315879585,0.8162456901108843,1.3865669525208675,0.32368999344322325
0.003714228872559423,0.6054919328454771,0.8173084579036942,1.3902708534615364,0.32438346492837433
0.003951282713852192,0.607538510270387,0.8182264426420095,1.393981218853266,0.3250785109793645
0.004187388266260506,0.6095461850254248,0.8192552603527089,1.397698087560404,0.3257758836235912
0.00442248886558513,0.611513422429357,0.8205831935936422,1.401421496308353,0.32647949894465367
0.004656528088810766,0.6134387320777188,0.8214625397242828,1.4051516523916554,0.3271936821506476
0.004889449767647292,0.6153206679366631,0.8227364966345617,1.4088886861577268,0.32791629856722704
0.005121198002009826,0.6171578284126696,0.8236128107904319,1.412632821177696,0.3286496359668527
0.005351717173434567,0.61894885640069,0.8244673298385167,1.416384165240551,0.3293867056486259
0.005580951958426905,0.6206924393131303,0.8253319928793791,1.4201427770307067,0.3301273865432009
0.00580884734173881,0.6223873090918841,0.8270643513370891,1.423908812994717,0.3308914010100535
0.006035348629572248,0.6240322422054944,0.8282715288711429,1.4276830392261737,0.3316928778128435
0.006260401462705365,0.6256260596333566,0.8294368830299786,1.4314658862613394,0.33250913452425396
0.006483951829538532,0.6271676268387402,0.8302536475575693,1.4352576065441256,0.33333543178451225
0.006705946079056765,0.6286558537322536,0.8313680693808221,1.4390583163240325,0.33416951865766537
0.006926330933705831,0.6300896946272815,0.8321705133595498,1.4428682172906246,0.335013349017281
0.007145053502178471,0.6314681481887688,0.8329667827960283,1.4466873967863174,0.3358603084599979
0.0073620612921081905,0.6327902573766386,0.834023987634899,1.4505159186571073,0.33671447726837517
0.00757730222266705,0.6340551093850121,0.835035277206141,1.4543539986756282,0.3375828746166763
0.007790724637064949,0.6352618355783097,0.8360068309186585,1.458201901171898,0.3384652428410322
0.008002277314946868,0.6364096114252139,0.836943718781386,1.4620598826343232,0.3393613110081485
0.008211909484685634,0.6374976564313929,0.8377143732166187,1.4659281727043012,0.3402665752767853
0.008419570835566772,0.6385252340718016,0.8386075717577025,1.4698068695043849,0.3411787571318939
0.008625211529862906,0.6394916517232996,0.83944545444882,1.4736961475420451,0.3420988968235005
0.008828782214794516,0.640396260598275,0.8403005779492072,1.4775960654950424,0.34302420987778726
0.009030234034374345,0.6412384556798645,0.8411345518029874,1.4815067808990896,0.3439570860414403
0.009229518641132774,0.6420176756593442,0.8414373178882474,1.4854283189835589,0.3448897241782942
0.00942658820772072,0.6427334028761611,0.8422352909345857,1.4893606799461365,0.3458273761623297
0.00962139543838824,0.6433851632610793,0.8454118281637233,1.4933041092920505,0.34679017717522687
0.009813893580335065,0.643972526282807,0.8462318215124565,1.4972592390173325,0.34777859484776497
0.010004036434931122,0.6444951048984922,0.846934018034416,1.5012262165008492,0.34876770784395805
0.01019177836880405,0.6449525555083574,0.8476290739862303,1.5052050531792618,0.34975908489352076
0.010377074324790944,0.6453445779147879,0.8483213042483283,1.509195769630453,0.3507526206392824
0.010559879832751798,0.6456709152860747,0.8490082734178558,1.513198384141646,0.3517482198347085
0.010740151020242191,0.6459313541250371,0.8497996103570244,1.5172129087281865,0.3527448093618513
0.010917844623042506,0.6461257242426804,0.8508817012934103,1.521239317590934,0.3537407381085178
0.011092917995540973,0.6462538987370395,0.8515691334323249,1.5252775790397843,0.35473705654832743
0.011265329120968613,0.6463157939773019,0.8551194118646824,1.5293277711874869,0.3557496881618201
0.01143503662148296,0.6463113695933072,0.8557906323917881,1.533390402538388,0.35678514253633736
0.011601999768098479,0.6462406284704648,0.8564492984454823,1.5374656356405643,0.35782523345757367
0.011766178490461444,0.6461036167501127,0.8575087104752083,1.5415535800464264,0.35887056782841165
0.011927533386466552,0.645900423835332,0.8582614607908885,1.545654234584289,0.35991511308446383
0.012086025731713392,0.645631182402165,0.858884509005939,1.5497675623708131,0.36095972561218986
0.012241617488799764,0.645296068416201,0.8596262842249502,1.5538935534508937,0.3620049633605172
0.012394271316450947,0.6448953011544374,0.8602688750389266,1.5580321815696834,0.3630502654801278
0.012543950578481055,0.644429143232293,0.8643850371284928,1.5621834955911427,0.3641081479955976
0.012690619352585636,0.6438979006356571,0.8653931923892265,1.5663478818891285,0.3651830194485258
0.012834242438962999,0.6433019227577688,0.8659734036420271,1.5705254153433532,0.36625744032160334
0.012974785368761786,0.6426416024407499,0.8666756802486331,1.5747160724918638,0.3673318565894766
0.013112214412353558,0.6419173760215259,0.867371922169287,1.5789198123947699,0.3684051469605521
0.013246496587427416,0.6411297233818783,0.868062703332396,1.583136586026578,0.3694772645571373
0.013377599666906029,0.6402791680022913,0.868608769438306,1.5873663597024854,0.37055138447083363
0.013505492186679588,0.6393662770192567,0.8691186039360794,1.5916092083378293,0.3716319311792465
0.013630143453157283,0.638391661285608,0.86967541802884,1.5958652184983315,0.3727162844916063
0.013751523550633532,0.637355975433463,0.8706678038606969,1.6001343919746203,0.37380047034058106
0.013869603348467529,0.6362599179392395,0.8716195211318685,1.6044166858399471,0.37488346492010266
0.013984354508074623,0.6351042311902085,0.8720854376993619,1.6087120632798628,0.37596790417185866
0.014095749489727347,0.6338897015519557,0.8725160073422574,1.6130205790956962,0.377057622978636
0.014203761559164842,0.6326171594360701,0.873197890267596,1.6173422943135436,0.37814960907804385
0.014308364794008883,0.6312874793673018,0.8735947402810182,1.6216771908227008,0.3792425448410072
0.014409534089985257,0.6299015800493706,0.8741635585944744,1.6260252946551452,0.38033777552039416
0.014507245166948509,0.6284604244285078,0.874691557185037,1.6303865928474448,0.38143286561553014
0.014601474574709257,0.6269650197537361,0.8756407259052819,1.6347610498194394,0.38252701684776397
0.014692199698661932,0.6254164176328103,0.8759657057054715,1.639148622014454,0.38362155558044764
0.014779398765212297,0.623815714082618,0.8766379909326062,1.6435493188204067,0.3847173498007957
0.014863050847002951,0.6221640495727613,0.8771878521905371,1.6479631033174622,0.385811937229068
0.014943135867935803,0.6204626090608965,0.8774762798793734,1.6523899374582722,0.3869070247499072
0.015019634607990247,0.6187126220183254,0.8777201599864617,1.6568298299515518,0.3880043492378862
0.015092528707835869,0.6169153624441698,0.8779278617575026,1.6612827938416852,0.3891033512526178
0.015161800673238668,0.6150721488663354,0.8781050255072423,1.6657488297242042,0.39020331307329903
0.01522743387925943,0.6131843443273406,0.8786258062326712,1.6702279212192317,0.3913030406102663
0.015289412574243781,0.6112533563529124,0.8787695489481911,1.6747200245116256,0.3924018550627411
0.015347721883602361,0.6092806369011063,0.8788741593118583,1.679225102798274,0.3935001268534222
0.015402347813380946,0.6072676822895255,0.8789595108328713,1.683743111987077,0.39459714471729285
0.015453277253618468,0.6052160330980536,0.8881179153001617,1.6882739856234525,0.39569039765607933
0.015500497981493838,0.6031272740443048,0.8881872586165446,1.6928175849412046,0.3967778690496106
0.015543998664258991,0.6010030338288409,0.8886570055286873,1.6973737999302936,0.397862143855293
0.015583768861958905,0.5988449849469529,0.8891229732130965,1.701942548709619,0.39894375656865
0.01561979902993702,0.5966548434636597,0.889585546522141,1.7065237533178936,0.4000227035311022
0.01565208052112599,0.5944343687482968,0.896974715074399,1.7111173223683895,0.4010964649869758
0.01568060558812287,0.592185363164922,0.8974603534862351,1.715723090114666,0.40216378387966095
0.015705367385048484,0.5899096717144652,0.8976944092966415,1.7203409535973524,0.4032283496708986
0.015726359969190497,0.5876091816244076,0.8980352627035846,1.7249708328557098,0.40429008122227916
0.01574357830242945,0.5852858218814836,0.8983750460992369,1.7296126436360904,0.4053486547086968
0.015757018252448022,0.5829415627027048,0.8987130495871732,1.7342662988235706,0.40640406978334587
0.015766676593722658,0.5805784149397968,0.8990747057617614,1.7389317100092905,0.40745619473711187
0.015772551008297945,0.5781984294118884,0.8994334305897373,1.7436087874139616,0.40850484736226916
0.015774640086342454,0.5758036961611187,0.9037357048713481,1.748297430232014,0.40954860003594984
0.015772943326487578,0.5733963436256292,0.9038346931265354,1.7529974867239657,0.4105850595544621
0.015767461135947472,0.5709785377241919,0.903894672740733,1.7577087857826437,0.41161386287059243
0.015758194830421624,0.5685524808466232,0.903916645135703,1.7624311441715554,0.4126342526477091
0.015745146633778802,0.5661204107439403,0.9045982985484203,1.7671643784898334,0.4136482032676564
0.015728319677523615,0.563684599312144,0.9048872934384626,1.7719083834012417,0.4146587571995545
0.015707718000044762,0.5612473512634126,0.9051747204617345,1.7766630579897298,0.4156650363601498
0.015683346545646012,0.5588110026784651,0.9058077855251846,1.7814282982007579,0.4166675966167972
0.01565521116335932,0.5563779194338563,0.9061095708485285,1.7862040169289146,0.41766673813199806
0.015623318605541501,0.5539504954980223,0.9063923276375601,1.7909901144405052,0.41866159025483646
0.015587676526253248,0.5515311510899951,0.9066729398074366,1.7957864807357882,0.4196518367971185
0.015548293479422595,0.5491223306949035,0.9070835635108757,1.8005930057803319,0.42063810696800247
0.015505178916791615,0.5467265009306094,0.9070386538214772,1.8054095878124385,0.42161825999630087
0.015458343185648468,0.5443461482601435,0.9073199072990735,1.8102360325267697,0.42258989699521116
0.015407797526343813,0.54198377654503,0.907613421324431,1.8150721996725276,0.4235568530094748
0.015353554069593222,0.5396419044350619,0.9075217982215535,1.8199179640858405,0.4245163101715562
0.015295625833565982,0.5373230625906893,0.9089584357387213,1.8247731061058996,0.42546574626091677
0.01523402672076055,0.5350297907348783,0.9093679848133076,1.8296374554085626,0.4264097590355961
0.015168771514668496,0.5327646345320811,0.9096365688439991,1.8345109120694032,0.4273498293675293
0.015099875876225874,0.530530142292863,0.9099029551293054,1.8393933608431596,0.42828454581643643
0.015027356340055302,0.5283288615037611,0.9101770124199394,1.844284677879243,0.4292141239010497
0.014951230310497346,0.5261633351830641,0.9104491514837744,1.8491847453972448,0.43013875804506907
0.014871516057433629,0.5240360980644473,0.9107192805967347,1.8540934478015303,0.4310584298834268
0.014788232711902275,0.5219496726117524,0.9109817463165443,1.8590106644789346,0.4319727078254208
0.014701400261506466,0.519906564869649,0.9112424407620462,1.863936268921784,0.4328814902380598
0.014611039545617436,0.5179092601564745,0.9116347135675239,1.8688701383795978,0.4337856393360264
0.014517172250373295,0.515960218607202,0.9118915405839115,1.873812178184606,0.43468562700888397
0.014419820903474248,0.5140618705761861,0.9126575308964768,1.878762265871815,0.4355793372112745
0.014319008868776342,0.5122166119111483,0.9129134760168239,1.8837202515937352,0.4364666397941439
0.014214760340683927,0.5104267991116763,0.9132945728562937,1.8886860113140436,0.4373495088193158
0.014107100338343328,0.5086947443873812,0.9135450474034749,1.8936594512535152,0.438228055286458
0.01399605469963837,0.5070227106327098,0.9137949564772198,1.8986404485325243,0.4391006799154681
0.013881650074989257,0.5054129063372543,0.9140427622929446,1.9036288691885395,0.43996730849352217
0.013763913920956744,0.503867480452194,0.9142878099625708,1.9086245780589612,0.44082807277516317
0.013642874493652639,0.5023885172351987,0.9146577143159237,1.9136274541077416,0.44168429248566726
0.01351856084195858,0.5009780310977506,0.9150243963631444,1.918637408857811,0.4425372571907344
0.013391002800554047,0.4996379614802787,0.9153426087230724,1.9236543634450392,0.44338691944963987
0.013260230982756825,0.4983701677818003,0.9157025781404534,1.9286782354514265,0.4442331416332559
0.013126276773175446,0.49717642437183357,0.9155049069056186,1.9337089196424502,0.44507086856373324
0.012989172320177197,0.4960584157132112,0.9158710164309465,1.9387461489794942,0.44589715759511533
0.012848950528172618,0.4950177316249822,0.9164340322629257,1.9437897896564793,0.4467201192243012
0.012705645049718774,0.4940558627149024,0.916665296685696,1.9488397602917689,0.4475390594967811
0.012559290277442507,0.4931741960109879,0.9169035107885014,1.9538959456965426,0.4483520157596472
0.012409921335786727,0.49237401082125215,0.917131274725747,1.958958208192843,0.449158769064974
0.012257574072580364,0.49165647485007674,0.9173671822104155,1.9640264152245928,0.4499593305031576
0.01210228505043533,0.4910226405986083,0.9176018262611764,1.9691004240110432,0.4507531519274454
0.0119440915379715,0.4904734420752113,0.9179509958950172,1.9741800941917456,0.4515415366164469
0.011783031500872546,0.4900096918402575,0.9184461582295106,1.9792653338982698,0.4523266039133936
0.01161914359277422,0.48963207840750944,0.9186732729581956,1.984356058459605,0.4531068404252154
0.011452467145987752,0.489341164021966,0.9188877359778328,1.9894521331778792,0.4538806411232064
0.011283042162060327,0.48913738283140845,0.9193229906162362,1.994553431536127,0.45464934400296714
0.011110909302174874,0.4890210394660014,0.91954293918865,1.9996598567028383,0.45541348146408545
0.010936109877391362,0.4889923080371839,0.9192870831765935,2.0047712531144004,0.4561655961535274
0.010758685838732771,0.48905123156383445,0.9196729195411719,2.0098872971435124,0.456904315041698
0.01057867976711664,0.48919772183031074,0.9193804753937935,2.015007810421908,0.4576327250944093
0.010396134863136178,0.48943155967748236,0.9197204166709799,2.020132474602014,0.45834740531514984
0.010211094936691974,0.4897523957244482,0.9199466273637779,2.0252611374400677,0.45905711861868126
0.010023604396478267,0.49015975151515095,0.9203116657550215,2.030393651939821,0.4597579262952741
0.009833708239324702,0.4906530210807746,0.9205375507466432,2.0355298083753297,0.4604489227747359
0.009641452039397341,0.491231472905589,0.9207615106472241,2.0406694337845375,0.46113241955650114
0.009446881937261413,0.4918942522808759,0.9209836054450091,2.045812371264283,0.46180836380353907
0.009250044628807413,0.4926403840287549,0.9211827996411188,2.050958464522296,0.4624771437411745
0.009050987354044545,0.4934687755751875,0.9208412745039516,2.0561075414006442,0.4631329862233379
0.008849757885763228,0.4943782203491691,0.9210420340728329,2.0612592381749715,0.4637724626410962
0.00864640451806991,0.49536740148319114,0.9212694420234904,2.066413350763021,0.4644049033992814
0.008440976054796668,0.4964348957884262,0.9214663651364886,2.071569725788732,0.4650300109160183
0.00823352179778862,0.4975791779768527,0.9218032949117458,2.0767282288557007,0.4656498209847764
0.008024091535071658,0.49879862510158357,0.921995448938376,2.0818887682457126,0.46626484907268523
0.007812735528903474,0.5000915211861341,0.9216087609884761,2.0870511804990377,0.4668659954170829
0.007599504503711058,0.501456062013099,0.9218033207952621,2.092215083945719,0.4674499642294237
0.007384449633916835,0.5028903600428142,0.9213779753717593,2.097380226719537,0.4680193532607216
0.007167622531657313,0.5043924494329806,0.9209175838673339,2.102546177585766,0.46856380496698957
0.006949075234396185,0.5059602911308809,0.9211204039271864,2.1077124694422333,0.4690903300730057
0.00672886019243572,0.5075917780107821,0.9213611547159666,2.1128788849331457,0.4696091280663056
0.006507030256328974,0.5092847400302445,0.9215593436424464,2.118045263560733,0.4701202985229456
0.006283638664195735,0.5110369493804194,0.921755566598041,2.123211464354806,0.47062440620246004
0.006058739028945797,0.5128461256069385,0.921256404701518,2.1283772988797494,0.47111322610238954
0.005832385325412079,0.5147099406796213,0.9207249693630932,2.133542317514276,0.47157583901320366
0.005604631877396849,0.5166260239909888,0.9201585424298283,2.138705994847202,0.47201189610196187
0.005375533344634408,0.5185919672653644,0.9204928567333913,2.1438678455286477,0.47243039155498484
0.0051451447096729,0.5206053293622097,0.9208820971613881,2.149027709651841,0.47284541208057224
0.004913521264678782,0.5226636409591853,0.9211383224141642,2.154185509838307,0.47325470959050325
0.00468071859816704,0.5247644091023062,0.9214859074142314,2.1593411057987484,0.4736573798258021
0.004446792581660129,0.526905121612347,0.920906871540996,2.164494362425523,0.4740469655811779
0.004211799356279133,0.5290832513384494,0.9211771498143392,2.169644883949421,0.4744189901641968
0.00397579531927011,0.5312962602515501,0.9214365331419522,2.1747925031599054,0.47478547663293497
0.003738837110469086,0.5335416033718976,0.9216929082254951,2.1799370721977738,0.4751431882276613
0.0035009815987087404,0.5358167325264168,0.921946421296841,2.1850784208126393,0.4754919579101331
0.00326228586817012,0.5381190999331146,0.9221585767522091,2.19021638426578,0.47583376881032935
0.003022807204682804,0.5404461616110371,0.9225265561317275,2.1953508776089214,0.4761721524718914
0.002782603081976439,0.5427953806154778,0.9227695732106271,2.200481827072098,0.4765048784302396
0.0025417311478874893,0.5451642300992456,0.9230136156024714,2.205609084683569,0.4768288354607608
0.0023002492105238977,0.5475501962017489,0.9232516285707383,2.2107324866230855,0.4771443579137806
0.0020582152243914455,0.5499507807685553,0.9234061877740404,2.2158518802300655,0.4774533937815675
0.0018156872764850318,0.5523635039048086,0.9235102861124269,2.22096718785271,0.477759142888993
0.0015727235723479577,0.5547859063665702,0.9229575063597191,2.2260783172674645,0.478055322546571
0.0013293824221029234,0.557215551794682,0.9230154132198344,2.2311850023895006,0.4783394802378831
0.0010857222264579356,0.559650028796235,0.9232597154191997,2.236287118661975,0.4786181897315697
0.0008418014626903143,0.5620869528790801,0.9235016029354916,2.241384521818436,0.47888812698468575
0.0005976786706124973,0.564523968245124,0.9237410408884046,2.246477046307882,0.47914932227754325
0.0003534124385227581,0.5669587494483881,0.923982839044555,2.251564526591964,0.47940169386513076
0.00010906138914427733,0.5693890029239216,0.9242221613309005,2.2566467957600405,0.4796452087088064
-0.00013531583444404438,0.5718124683938,0.9245542888859872,2.261723699717304,0.47988218777773795
-0.0003796605828815888,0.5742269201564413,0.924789422234427,2.2667951513385396,0.48011371607042064
-0.0006239142146016421,0.5766301682654824,0.9250222602873777,2.2718610076121095,0.48033634670488395
-0.0008680181099050467,0.5790200596044,0.9245727168494748,2.2769210826784634,0.4805461124830961
-0.0011119136850287123,0.5813944788629667,0.9240140365246438,2.281975023811583,0.4807323560431796
-0.0013555424062052818,0.5837513494215256,0.9234228115655881,2.287022294579847,0.48088918769652583
-0.0015988458037111903,0.5860886341489069,0.9229265745006238,2.292062336799048,0.48101997330788
-0.001841765485898943,0.588404336119647,0.922482247918093,2.2970947146648175,0.4811299848841777
-0.002084243153210849,0.590696499255989,0.922088475178654,2.302119027216425,0.48121912227386715
-0.0023262206121707012,0.5929632088999433,0.9223836858941232,2.3071348986062516,0.4812923295699198
-0.0025676397893499023,0.5952025923204691,0.9226756423525074,2.3121421248740837,0.48135693484010056
-0.0028084427453047827,0.5974128191606233,0.9229652329266395,2.317140551866669,0.4814129629619321
-0.003048571688481794,0.599592101829315,0.9232524368288219,2.3221300258930655,0.48146044986911996
-0.0032879689890872527,0.6017386958420634,0.9235371399826037,2.3271103950499827,0.4814994634288742
-0.003526577192918182,0.6038509001149249,0.9238254324277513,2.3320815083421294,0.4815300159985933
-0.003764339035150994,0.6059270572155656,0.9241123791755822,2.337043215532272,0.48155213707971967
-0.004001197454084883,0.6079655535752021,0.923730413199568,2.341995338494598,0.48156023492769995
-0.004237095604836258,0.609964819664921,0.923402420444008,2.3469375080421884,0.481546227676484
-0.004471976872981297,0.6119233301397105,0.9228533351319859,2.3518692895723325,0.48150760827118566
-0.004705784888143136,0.6138396039532767,0.9225932487922167,2.35679017683079,0.48144341080510644
-0.004938463537520447,0.6157122044465769,0.9226145259333531,2.36169977276072,0.4813653801582987
-0.005169956979354265,0.61753973941277,0.9229464381914011,2.366597966078927,0.48128280802421
-0.005400209656329788,0.6193208611411226,0.9232704357386639,2.3714846448547466,0.48119240451471257
-0.005629166308909785,0.6210542664422337,0.9227187667349945,2.3763596348819784,0.48108617283214017
-0.005856771988596712,0.6227386966567645,0.9221371740020831,2.3812224876372565,0.4809526254730067
-0.006082972071119923,0.6243729376497046,0.9215294476073823,2.3860726897050326,0.48079253463326255
-0.006307712269545466,0.6259558197920801,0.9209322951233486,2.390909749621657,0.480607944094922
-0.006530938647304504,0.6274862179318202,0.9208915873605727,2.395733276829453,0.4804093377847754
-0.0067525976311379275,0.6289630513554079,0.9212685894503869,2.400543169146186,0.48020676775085797
-0.006972636023953574,0.6303852837418037,0.9214372145505354,2.405339343224077,0.4799991463830257
-0.0071910010175934075,0.6317519231099887,0.9208341265753549,2.410121720495705,0.479780395963748
-0.007407640205507196,0.6330620217614066,0.9212180130231602,2.4148899611037162,0.47954410871982917
-0.007622501595329703,0.6343146762184374,0.9205913644146536,2.4196438505062745,0.47929410362421854
-0.007835533621358762,0.6355090271599698,0.9200593551086712,2.424383015011006,0.479021457863683
-0.008046685156930727,0.6366442593550296,0.9204681357263946,2.4291070829441117,0.4787336974288326
-0.008255905526690609,0.6377196015953459,0.9196385608204799,2.4338158712728855,0.4784340774105455
-0.008463144518753985,0.6387343266276639,0.9200509768853296,2.4385090941673164,0.4781201010726189
-0.008668352396757542,0.6396877510865201,0.920463496048687,2.4431866057343856,0.47780004569478723
-0.00887147991179558,0.6405792354281505,0.919841038382446,2.4478482873164964,0.4774681278777436
-0.009072478314239558,0.6414081838661321,0.9200749407572841,2.4524938586740195,0.47712355443772186
-0.009271299365437741,0.6421740443092833,0.9202708383936811,2.4571232497830864,0.4767776045529402
-0.009467895349292167,0.6428763083023227,0.9206920485129731,2.4617364571683282,0.47642857929251786
-0.00966221908371045,0.6435145109697163,0.9211321288826334,2.46633342535137,0.4760754840213939
-0.00985422393192911,0.6440882309630988,0.9205114767080871,2.4709141016937206,0.4757136917075172
-0.010043863813706248,0.6445970904126065,0.9209298114037151,2.475478234876392,0.47533839546343926
-0.010231093216380516,0.6450407548824416,0.9213572195400318,2.480025696954153,0.47495770487190203
-0.01041586720579404,0.6454189333309189,0.9217834372710075,2.484556413862192,0.474571752315479
-0.01059814143707631,0.6457313780752266,0.921582397297715,2.4890703246632673,0.4741824211250669
-0.010777872165286759,0.6459778847610924,0.9220053070818254,2.4935674233786234,0.47379085711725855
-0.01095501625591334,0.6461582923375344,0.9206862723278182,2.4980476429574545,0.47339010722127917
-0.011129531195224663,0.6462724830368013,0.9211071212839393,2.5025107733571867,0.4729784243140518
-0.011301375100472981,0.6463203823596331,0.9215294451670154,2.5069567161088226,0.4725622634322924
-0.011470506729945932,0.6463019590658916,0.9219456439994768,2.5113854168675545,0.4721416841514264
-0.011636885492864263,0.646217225170634,0.9223634635021705,2.5157968214258974,0.4717166721134198
-0.011800471459123604,0.6460662359456202,0.9227749730222382,2.520190877299657,0.4712873723216405
-0.01196122536887724,0.64584908992627,0.9230350290582339,2.52456754047749,0.4708551411697897
-0.012119108641958502,0.645565928924024,0.9234409685232939,2.5289268071067057,0.47042065238897096
-0.012274083387139693,0.6452169380440452,0.922860697846914,2.5332686199695456,0.4699778843344799
-0.01242611241122589,0.6448023457081823,0.9232873932184296,2.5375927922912282,0.4695252571702218
-0.012575159227981093,0.6443224236830559,0.9226818947733282,2.5418992258637156,0.4690653298308496
-0.012721188066884773,0.6437774871131465,0.9229755130574845,2.546187765315185,0.46859765881238047
-0.012864163881716474,0.6431678945586699,0.9223585709442297,2.5504583630904376,0.4681250194977328
-0.013004052358966983,0.6424940480380593,0.9217045274946426,2.5547108777633944,0.4676419566538975
-0.01314081992607331,0.6417563930747858,0.9202893978128286,2.5589451541274597,0.4671502893953608
-0.013274433759475778,0.640955418748232,0.9188882208532686,2.5631610778746143,0.46665205404454707
-0.013404861792495773,0.6400916577483053,0.9193586916497857,2.5673585767645513,0.4661498187108565
-0.013532072723031448,0.639165686433419,0.9198245102383675,2.5715376348603107,0.46564565664205704
-0.013656036021070142,0.6381781248914121,0.9191636808795056,2.5756982465686042,0.46513867895837047
-0.013776721936015346,0.6371296370029725,0.9184805208671043,2.579840378616102,0.4646282725659592
-0.013894101503826794,0.6360209305070309,0.917773110095888,2.5839640145823464,0.46411592079240493
-0.014008146553971652,0.6348527570675534,0.9170421576326214,2.5880691671891025,0.46360308766448677
-0.014118829716185324,0.6336259123411148,0.9162946439970291,2.5921558787820644,0.463091298387037
-0.014226124427040174,0.6323412360445393,0.9160900692617164,2.596224218279968,0.4625811211022438
-0.014330004936320674,0.6309996120218408,0.9166289695909882,2.6002742414237177,0.46207130776113303
-0.014430446313203171,0.6296019683096387,0.9171634862866684,2.6043059854514996,0.46156145909632434
-0.014527424452239418,0.6281492772000912,0.9176431147956962,2.6083194905296017,0.461051912281205
-0.014620916079141528,0.6266425553003562,0.9180823452360097,2.612314797118662,0.46054248807700965
-0.014710898756367835,0.6250828635874642,0.9165165697657459,2.6162919572677823,0.46003592561034934
-0.014797350888507768,0.6234713074573907,0.9170559733402411,2.620251108025071,0.45953369547806905
-0.01488025172746451,0.6218090367670167,0.9163311601514633,2.6241923253392625,0.4590339225018469
-0.014959581377434718,0.6200972458675514,0.9168139196779835,2.6281157358955696,0.4585382504553715
-0.015035320799683227,0.618337173627845,0.9173420835801771,2.632021409159304,0.4580431919460602
-0.015107451817112202,0.6165301034459335,0.917884250887547,2.6359093950483956,0.4575487318683684
-0.015175957118623736,0.6146773632469764,0.916318981728186,2.639779759237317,0.45705934494343103
-0.015240820263274264,0.6127803254656218,0.916838172831814,2.6436327175942815,0.4565782162109866
-0.015302025684220469,0.6108404070106923,0.9173718267644565,2.6474683771231096,0.4560980852768996
-0.015359558692455096,0.6088590692098815,0.9166488549510269,2.651286803846452,0.4556224701010152
-0.015413405480332407,0.6068378177320329,0.9150800899212616,2.6550882218071057,0.4551605678332803
-0.015463553124881698,0.6047782024843473,0.9156067860254398,2.658872965053309,0.45471043987646526
-0.01550998959090904,0.6026818174817117,0.9161297496047671,2.662641174293079,0.4542624432605921
-0.015552703733885462,0.6005503006851238,0.9166485101350597,2.6663929266636464,0.4538167918645069
-0.015591685302621746,0.5983853338060059,0.9171861191316715,2.6701283008372476,0.45337300879020936
-0.01562692494172845,0.5961886420729713,0.9176959107994488,2.673847355612525,0.452930633684716
-0.01565841419386138,0.5939619939574226,0.9182051549112691,2.6775501629421417,0.4524901051143564
-0.01568614550175119,0.5917072008541062,0.918707476152797,2.681236781918435,0.4520510960222434
-0.015710112210017026,0.5894261167125563,0.9192062386504984,2.6849072903846807,0.4516147876276416
-0.0157303085667641,0.5871206376151238,0.9196994258536219,2.688561775280884,0.4511812409086149
-0.015746729724963576,0.5847927012970612,0.9201897814603239,2.6922003242497463,0.4507504956054575
-0.015759371743616385,0.5824442866039105,0.9195101751855373,2.6958230530294234,0.4503282265187069
-0.015768231588698757,0.5800774128812273,0.9200097999231882,2.699430252338353,0.44991767765961244
-0.01577330713389036,0.5776941392914601,0.919311579625968,2.703022102183043,0.44951637509542447
-0.015774597161084723,0.5752965640525803,0.9198233165981213,2.7065989181656502,0.4491280379693454
-0.015772101360681554,0.572886823592909,0.9203312152373312,2.7101608644887607,0.44874330590481204
-0.01576582033166093,0.5704670916163556,0.9208366131841577,2.7137080440746457,0.44836227609867746
-0.015755755581439667,0.5680395780721728,0.9201275339109066,2.7172405949683394,0.44799193948998534
-0.015741909525509513,0.5656065280231782,0.919396631916555,2.720758905616779,0.44764360780923823
-0.01572428548685742,0.56317022040629,0.92001937767139,2.7242634118164823,0.4473093627460639
-0.015702887695168078,0.5607329666791584,0.9205426419949571,2.7277542536490595,0.44697739103560014
-0.015677721285808802,0.5582971093466554,0.9197944390332169,2.7312315717572697,0.44665782890336186
-0.015648792298596944,0.5558650203609756,0.9203273036958479,2.734695762821055,0.4463548416617693
-0.015616107676350705,0.5534390993891921,0.9208550422487102,2.73814702528823,0.4460565002561571
-0.015579675263222426,0.5510217719422354,0.920094205672781,2.7415855199860095,0.4457713746167899
-0.015539503802816412,0.5486154873594309,0.9186201352836201,2.74501173914346,0.44551831647314455
-0.015495602936090348,0.5462227166430179,0.9192644166792108,2.74842638715604,0.4452903644751921
-0.015447983199041478,0.5438459501374008,0.9184827350243414,2.7518297247172265,0.4450746729179277
-0.015396656020178156,0.5414876950483026,0.9190176010486578,2.7552221977638705,0.44487869472360503
-0.015341633717776887,0.5391504727975063,0.9196038504898154,2.758604021736088,0.444686374667684
-0.015282929496926143,0.5368368162094933,0.9194429330732152,2.761975259583126,0.4444954899975989
-0.015220557446357164,0.5345492665269727,0.9199606230979313,2.765335972352333,0.4443078223761582
-0.015154532535062682,0.5322903702531426,0.9206200264929968,2.7686862684622016,0.44412407537977716
-0.015084870608704438,0.5300626758194333,0.9198444966695636,2.7720262713925643,0.44395344914917984
-0.015011588385810423,0.5278687300785223,0.920494713651458,2.7753564422468964,0.44380192892803544
-0.014934703453762303,0.5257110746235766,0.921021017336479,2.7786769527800246,0.4436533921365554
-0.014854234264574735,0.5235922419359265,0.9202286217898512,2.7819879718894134,0.44352120221501745
-0.01477020013046686,0.5215147513647618,0.9189171191932954,2.7852900924006767,0.4434284994107495
-0.014682621219227502,0.5194811049438998,0.9180905137337091,2.7885842349588352,0.44337970939381316
-0.014591518549374946,0.5174937830522813,0.9172363745802297,2.791871162577,0.44336520669524343
-0.014496913985112662,0.5155552399264719,0.916357740876894,2.795151580520619,0.4433855993733269
-0.01439883023108189,0.5136678990352217,0.917087227731459,2.798426136778551,0.44342771542485787
-0.014297290826912905,0.5118341483279029,0.9176281436181462,2.8016950145042783,0.44347308001413743
-0.01419232014157517,0.5100563353705106,0.9165712692258113,2.8049584305281225,0.4435448240193675
-0.014083943367529345,0.5083367623847497,0.9155319981013511,2.8082173254829335,0.44367327858399946
-0.013972186514680952,0.5066776812076033,0.9146211027484458,2.8114728054401597,0.44385065187400563
-0.013857076404138266,0.5050812881906066,0.913684125997147,2.8147256906563167,0.4440646609979996
-0.013738640661775237,0.5035497190598252,0.9143671757968147,2.8179766486840334,0.44430119043216904
-0.013616907711601473,0.5020850437592284,0.9134090922144547,2.8212259199568774,0.4445531187950559
-0.013491906768940765,0.5006892613017165,0.9124260925688099,2.824474099676974,0.44484176461274033
-0.013363667833419262,0.4993642946534994,0.9131369738890274,2.827721851246792,0.4451527321450688
-0.013232221681765917,0.49811198567875675,0.9121322247953424,2.830969408099928,0.44547896360671624
-0.013097599860426213,0.49693409017255435,0.9111023850291377,2.8342173587645973,0.4458415635491844
-0.012959834677990988,0.49583227301077926,0.9108657187879668,2.8374664740829996,0.44624987185734094
-0.012818959197442786,0.49480810344637455,0.9117607022329197,2.8407177353046533,0.4466943684445347
-0.012675007228220696,0.4938630505813993,0.9106964196986491,2.843971458036587,0.44715331735981656
-0.012528013318106315,0.4929984790443373,0.9096056682561027,2.8472281952610445,0.4476467137525738
-0.012378012744932509,0.4922156449016615,0.9084940833808486,2.850488623052141,0.44817401805914714
-0.012225041508116768,0.4915156918319116,0.907356489933843,2.853753403984783,0.4487343295362056
-0.01206913632002165,0.4908996475894256,0.9079623548818446,2.857023228729388,0.449336303133739
-0.011910334597143947,0.4903684207833904,0.9085926021572929,2.860298994016254,0.44997291369632425
-0.01174867445113484,0.48992279799613225,0.9092126729662767,2.8635809798456684,0.4506141271031463
-0.011584194679653366,0.48956344126237783,0.9107346124339429,2.8668693586538114,0.4512785064350816
-0.0114169347570552,0.48929088592886133,0.9095582897227414,2.8701649033069545,0.4519845032673019
-0.011246934824918823,0.4891055389109001,0.9101849083496273,2.8734681990443818,0.45270870270560154
-0.011074235682411981,0.4890076773596688,0.9089792544639296,2.8767794472025843,0.4534457285580997
-0.010898878776499818,0.48899744775071696,0.9077457132915303,2.880099066423911,0.4542085978142027
-0.010720906191998043,0.4890748654010245,0.9109523904331916,2.8834275745252493,0.455002394321859
-0.010540360641472634,0.48923981441845227,0.9139596072384844,2.8867656799817816,0.4558340410658562
-0.010357285454989068,0.489492048083989,0.9141931695051296,2.890114007296835,0.4566861024759925
-0.010171724569713292,0.4898311896637437,0.9195453516827478,2.8934727196207986,0.4575490455790403
-0.00998372251936705,0.49025673364418926,0.9201505967503032,2.8968421877868304,0.4584292014372798
-0.009793324423539987,0.4907680473808441,0.9207456473518547,2.9002225223392784,0.45931067037749046
-0.009600575976861113,0.49136437314740505,0.9213306390259276,2.9036137274137976,0.4601933841916878
-0.009405523438032512,0.4920448305693517,0.9219057174697998,2.9070158050442387,0.4610772473027106
-0.009208213618727085,0.4928084194232783,0.9206749574423349,2.9104287813859417,0.46196722352184855
-0.00900869387235439,0.49365402278072523,0.919412836985187,2.9138528505204446,0.46286988986472916
-0.008807012082695876,0.49458041047309814,0.9200013402224012,2.91728820557376,0.463779508864801
-0.008603216652412858,0.495586242852368,0.9210688741532984,2.9207348703787503,0.46468872170780895
-0.008397356491430412,0.4966700748207313,0.9216351725236342,2.9241928030984057,0.4655970930511475
-0.00818948100519898,0.49783036010119935,0.9226432267569167,2.927661974265134,0.46650494898458184
-0.007979640082837417,0.4990654557202635,0.921349790387662,2.931142359977091,0.4674155938741579
-0.007767884085159818,0.5003736266732642,0.9200248454309856,2.9346340722062685,0.468334475945115
-0.007554263832589149,0.501753050742943,0.9284040551721843,2.93813723124379,0.46925889365794893
-0.007338830592960656,0.5032018234418176,0.9354857312693794,2.941651878698477,0.4701842077406375
-0.007121636069217645,0.5047179630494555,0.9342633727179318,2.9451779719698403,0.47110764973899305
-0.006902732387003314,0.5062994157164793,0.9330047077911011,2.9487154497262003,0.4720286770557013
-0.006682172082150567,0.507944060608101,0.93171074090644,2.952264218837434,0.47294493644078167
-0.006460008088073856,0.5096497150611917,0.9413560170065072,2.955824127890634,0.47385194183259866
-0.00623629372306533,0.511414139730263,0.9489321266024666,2.9593949043566434,0.47474489954987953
-0.006011082677498712,0.5132350436993135,0.9493858529002969,2.962976272796373,0.47562854257014303
-0.005784429000943918,0.5151100895381117,0.9494256704587667,2.9665681149156304,0.4765095926485692
-0.005556387089195278,0.5170368982832964,0.9496851550614445,2.9701703559504318,0.4773876193543955
-0.0053270116712170025,0.51901305432645,0.9499382797193181,2.9737829045924693,0.4782618090365762
-0.005096357796008383,0.5210361101931951,0.9503669372538089,2.977405665248656,0.47913261042113353
-0.004864480819392236,0.5231035911991944,0.9507884904961339,2.9810385597705666,0.480000762643833
-0.004631436390729929,0.525212999970806,0.9496394870831044,2.9846814980138827,0.4808627265146294
-0.004397280439565679,0.5273618208199352,0.9541975420166332,2.9883342608405914,0.4817129656216113
-0.00416206916220376,0.52954752396439,0.9543622066992018,2.9919966140802745,0.48255459089013547
-0.003925859008221703,0.5317675695867189,0.9545223980541627,2.995668419335278,0.4833915911643122
-0.0036887066669225774,0.5340194117261149,0.9546781428576194,2.9993495648905584,0.48422390237109175
-0.003450669053729955,0.5363005019994636,0.9550129679207261,3.003039941435333,0.4850522258646533
-0.003211803296528366,0.5386082931490103,0.9551651911854279,3.0067394621560353,0.4858768994779506
-0.0029721667219528903,0.5409402424154214,0.9554917444662503,3.010448023573612,0.48669754484832317
-0.002731816841631189,0.5432938147361773,0.9556361251650431,3.0141655400377054,0.487514569176614
-0.0024908113383807777,0.5456664857703177,0.9559549714604516,3.017891907429368,0.48832745598939264
-0.002249208052365578,0.5480557447515042,0.9560885889175668,3.0216270389429445,0.48913671119289337
-0.002007064967214473,0.5504590971721988,0.956223094323615,3.0253708261447803,0.48994088452581447
-0.001764440196105607,0.5528740673025208,0.9563539463453112,3.02912314883364,0.4907398715594807
-0.001521391967819362,0.5552982005479447,0.9569136565532369,3.032883883531429,0.49153313204597554
-0.0012779786127638535,0.5577290656505667,0.957148705245046,3.0366528886769317,0.4923199496806697
-0.0010342585489758972,0.5601642567390854,0.9559910880919205,3.040429995784899,0.49309531101922194
-0.0007902902681008491,0.5626013952330217,0.9547765653776742,3.044214849632861,0.493850494631259
-0.0005461323213550444,0.5650381316069731,0.9535062957737603,3.048007013917166,0.49458375319033837
-0.00030184330547370557,0.5674721470208933,0.952997728705973,3.051806052991462,0.49530024319181254
-5.748184864801636e-05,0.5699011548225483,0.9531176700676537,3.055611745767498,0.49600978223692577
0.00018689340354538836,0.5723229019283682,0.9517770192968366,3.0594239103884915,0.4967054338122946
0.0004312238022190155,0.5747351700889308,0.9503809189530541,3.0632421009313777,0.4973751448856311
0.0006754507092500182,0.5771357770453199,0.9489346370111639,3.0670657725865302,0.49801747112956174
0.000919515511353038,0.5795225775825318,0.9490958747314555,3.0708943960465036,0.4986396912220578
0.001163359634147157,0.5818934644859709,0.947596011793724,3.0747276811778206,0.49924540736151213
0.0014069245562133724,0.5842463694070262,0.9460403829964391,3.078565108006837,0.4998206653120674
0.0016501518231395679,0.5865792636434818,0.9444417567782057,3.0824060451968083,0.5003641185414145
0.0018929830615491876,0.5888901588404178,0.9427854859449378,3.086249841460491,0.5008748303845664
0.002135359993110683,0.5911771076170136,0.9429791464528486,3.0900958763293374,0.5013619460736297
0.002377224448523925,0.5934382041244987,0.9434490456059123,3.093943882793719,0.5018423924526062
0.002618518381480604,0.5956715845402686,0.9425941407506994,3.097793744391186,0.5023153231208314
0.002859183882595084,0.5978754275029634,0.9430629207630595,3.1016452488071016,0.5027787330495571
0.00309916319330232,0.6000479544931033,0.9432448203542414,3.1054982697489963,0.5032364162314549
0.0033383987197196886,0.6021874301636132,0.9434371316470799,3.10935264866052,0.5036852677709565
0.003576833046469247,0.6042921626243921,0.9436248658351172,3.113208205781061,0.5041252136232857
0.0038144089504570755,0.6063605036848178,0.9437929526748723,3.117064760020482,0.5045562167883898
0.004051069414606659,0.6083908490578832,0.9444819486783911,3.1209221414071817,0.5049802933742729
0.004286757641542603,0.6103816385294362,0.9451188026825917,3.1247802487825855,0.5054003631282044
0.004521417067221771,0.6123313560957869,0.9442018476273614,3.1286389796052934,0.5058122475110177
0.004754991374508453,0.6142385300727482,0.9443778884798698,3.1324980961690723,0.5062118081657413
0.004987424506690066,0.6161017331789662,0.9434523699481817,3.1363573835691665,0.5065999944157782
0.005218660680930637,0.6179195825962264,0.9438874910762955,3.1402165895816996,0.5069777811670565
0.005448644401658304,0.6196907400092273,0.9440585418894295,3.144075596251659,0.5073518936470117
0.005677320473884068,0.6214139116271425,0.9441418701642711,3.1479343301096563,0.5077222444355446
0.0059046340164482765,0.6230878481891347,0.9424380101269331,3.151792649776435,0.5080754413372918
0.006130530475191875,0.6247113449558249,0.9428774710882111,3.155650010003938,0.5084046590535931
0.006354955636049125,0.6262832416885633,0.9433102574217284,3.1595062049419385,0.5087302621894965
0.00657785563805867,0.6278024226182256,0.9439085404735483,3.1633611633645033,0.509052059227691
0.006799176986290019,0.6292678164051132,0.9421684996860019,3.167214741009736,0.5093561816149695
0.007018866564681957,0.6306783960914183,0.9403762596708071,3.171066311375684,0.5096217945612234
0.007236871648790231,0.6320331790475908,0.9385335370368113,3.1749151060779583,0.5098486024534447
0.007453139918441151,0.6333312269138522,0.936641548254654,3.1787603522731054,0.5100363906581573
0.0076676194702880954,0.6345716455379666,0.9347027656422711,3.182601279175546,0.5101853174392462
0.007880258830268166,0.6357535849103315,0.9327141931278288,3.1864371192371927,0.5102954072274379
0.0080910069659557,0.6368762390973075,0.9306803001364348,3.1902671078756963,0.5103668318326529
0.008299813298809734,0.6379388461736668,0.9294052730833836,3.194090522902846,0.5104069830630258
0.008506627716312738,0.63894068815495,0.9296661591135124,3.197906917935706,0.5104310482003163
0.008711400583997211,0.6398810909304209,0.928389372564536,3.201716053730525,0.5104414202411672
0.008914082757357894,0.6407594241972994,0.9271120567304514,3.20551758398638,0.510431638972593
0.009114625593646048,0.6415751013968276,0.927864366310625,3.2093111563455228,0.5104083520481035
0.009312980963543693,0.6423275796527261,0.9257589224847937,3.2130965794430195,0.5103680111541004
0.009509101262714143,0.6430163597124812,0.9260310363761006,3.216873320738947,0.5103019919595311
0.009702939423226968,0.6436409858919208,0.9245654824940865,3.2206410846995106,0.5102223667599965
0.00989444892485419,0.6442010460234278,0.9248364413203264,3.2243995461345536,0.5101267575747724
0.010083583806234649,0.6446961714081532,0.9251010066288583,3.2281485013972566,0.5100224521596636
0.010270298675904727,0.6451260367724966,0.9253672059694459,3.2318877927180862,0.5099092393580945
0.01045454872319194,0.6454903602291328,0.9232047034150448,3.2356172111752377,0.5097767741063939
0.010636289728969421,0.6457889032427918,0.9209958937888669,3.2393361830755873,0.5096096115428754
0.010815478076268108,0.6460214706009901,0.9216072280283513,3.243044105057136,0.5094206108259692
0.010992070760744845,0.646187910389859,0.9218868357956316,3.2467407995444932,0.5092263514030033
0.011166025401003034,0.6462881139752084,0.9221617732830761,3.250426145756328,0.50902402216153
0.011337300248763988,0.6463220159889088,0.9205296275820509,3.254099980767713,0.5088087164247008
0.011505854198886424,0.6462895943206726,0.9208065989247528,3.2577619975098555,0.5085782468549278
0.011671646799231446,0.6461908701152723,0.9215862935312932,3.261412023149654,0.5083417056635277
0.01183463826037071,0.6460259077751979,0.9193330460715847,3.2650499395132857,0.5080905268273616
0.01199478946513603,0.6457948149687607,0.9196091521171323,3.2686753045913695,0.5078176811454458
0.012152061978006964,0.6454977426435864,0.91793794402749,3.272287876616065,0.5075325828531548
0.012306418054335388,0.6451348850454356,0.9182131716259991,3.275887364095033,0.5072329003406689
0.012457820649403905,0.6447064797422597,0.916519038689917,3.279473575913895,0.5069211382067804
0.012606233427316456,0.6442128076533581,0.9167937212217954,3.2830462245570944,0.5065949782160349
0.012751620769718778,0.6436541930834884,0.9170622081035128,3.2866051500320506,0.5062619865892642
0.012893947784346571,0.6430310037617362,0.9147503058791737,3.2901502041873614,0.5059143320602429
0.013033180313399492,0.6423436508849364,0.915033070723111,3.293681006563808,0.5055483787884628
0.013169284941738984,0.6415925891653663,0.9153097977917761,3.2971973793385043,0.5051761383177842
0.01330222900490748,0.6407783168824499,0.9155801620149739,3.300699228949979,0.504797880483855
0.01343198059696805,0.6399013759381027,0.9158447394327255,3.3041864632871922,0.5044135223784797
0.013558508578161392,0.6389623519153713,0.916103523411035,3.3076589913507575,0.5040232695518189
0.013681782582379426,0.637961874139929,0.9163576607483847,3.3111167257529623,0.5036272026751037
0.013801773024452839,0.6369006157439493,0.916603935432621,3.314559581291687,0.5032254432706209
0.013918451107251498,0.6357792937318519,0.9173783631951915,3.3179874798039193,0.5028191877855821
0.014031788828595656,0.6345986690473144,0.9176153046560814,3.3214003803829057,0.5024091533045892
0.014141758987976176,0.6333595466409149,0.9152657044963659,3.324798181364782,0.5019870772530202
0.014248335193082771,0.6320627755376943,0.9155067982451168,3.328180578476331,0.5015500730407247
0.014351491866137708,0.6307092489038537,0.9137730779995962,3.3315474154107245,0.5011040314562795
0.014451204250034698,0.6292999041117161,0.9120436349144065,3.3348984671664694,0.5006435655922793
0.014547448414280179,0.6278357228020197,0.9128162787449562,3.338233510662197,0.5001740859273461
0.014640201260736774,0.6263177309425078,0.9130617087088734,3.3415524845328273,0.49970161586719586
0.014729440529166572,0.6247469988816754,0.9133006119027142,3.34485534624209,0.49922504622881064
0.014815144802573505,0.6231246413964602,0.9138714002394229,3.348142050099766,0.4987452740234263
0.014897293512343295,0.6214518177325208,0.9114878779425918,3.3514125573968245,0.4982585194977088
0.014975866943179995,0.6197297316356584,0.9117311662183872,3.3546666815023047,0.4977616261404526
0.015050846237837376,0.6179596313727937,0.9123104116308951,3.3579043453417055,0.4972620807606806
0.015122213401644581,0.6161428097407948,0.9130484830091206,3.3611255443674493,0.4967609690683955
0.015189951306824918,0.6142806040612921,0.9133681491337403,3.36433027845158,0.4962582854086899
0.015254043696606302,0.6123743961595037,0.9116142463537195,3.3675185356266026,0.49575081522127357
0.015314475189122791,0.6104256123248893,0.9098319526166384,3.370690186527366,0.49523392136863764
0.015371231281106318,0.6084357232513288,0.9100632783725368,3.373845101166909,0.4947110385096977
0.015424298351367247,0.6064062439543355,0.9082907770173946,3.3769832310141124,0.49418390308643406
0.01547366366406345,0.6043387336626189,0.9058805456927393,3.380104494543131,0.493650593099857
0.015519315371756767,0.6022347956811505,0.9061267665749575,3.3832088247835514,0.4931139452468296
0.015561242518256588,0.6000960772226599,0.9036860683894755,3.3862962140001978,0.49257542733931364
0.015599435041248945,0.5979242692043187,0.901217576954573,3.3893666576571824,0.49203567087078265
0.015633883774711685,0.5957211060061314,0.9014837042690297,3.3924201852681706,0.49149602676928067
0.015664580451114136,0.5934883651873455,0.9021007924012642,3.395456823965912,0.4909557567116836
0.015691517703401284,0.5912278671569958,0.9023537213791026,3.398476594932805,0.4904149317113214
0.015714689066761975,0.5889414747944368,0.9004715015783231,3.4014795266412694,0.48987466816993636
0.01573408898018013,0.5866310930155266,0.8979876786631216,3.404465695934398,0.4893383184861933
0.01574971278776963,0.584298668279881,0.8954813322563308,3.4074352477123195,0.4888089497747686
0.015761556739891762,0.5819461880344015,0.8957698355271445,3.4103883605445704,0.48828512599421653
0.01576961799405484,0.5795756800880655,0.8961442732571219,3.4133251158101032,0.4877620882362339
0.015773894615596504,0.5771892119127375,0.8964438140580415,3.4162455585854064,0.48723955731301244
0.015774385578148132,0.5747888898645923,0.8967067762371861,3.4191497307546577,0.4867176747521401
0.015771090763881095,0.57237685832051,0.894734558463227,3.422037702870147,0.4862005760419552
0.01576401096353502,0.5699552987236597,0.8949983182322293,3.4249096607010547,0.4856904971617179
0.015753147876227915,0.5675264285323364,0.8952568866968631,3.427765706797398,0.4851822258041224
0.015738504109048687,0.5650925000659605,0.8955018878369756,3.4306059108633047,0.48467593724296126
0.015720083176431157,0.5626557992420997,0.8935268906598703,3.4334303680939993,0.48417640996115796
0.015697889499310703,0.5602186441982568,0.8943975269418948,3.4362393154982778,0.4836854609261982
0.015671928404063236,0.5577833837922035,0.8946524330193835,3.4390328463970836,0.4831954925692528
0.015642206121227135,0.5553523959746144,0.8952601939531284,3.441811027689704,0.48270724427891976
0.015608729784007513,0.5529280860278722,0.8954834648541404,3.4445739115343597,0.48222033283247956
0.015571507426564626,0.5505128846650383,0.8957026467351366,3.447321576176953,0.48173641632611086
0.01553054798208561,0.5481092459831814,0.8959188777494435,3.4500541125571043,0.48125547972910276
0.015485861280640504,0.5457196452655516,0.8961308921473464,3.452771609973215,0.4807775785362283
0.015437458046823145,0.5433465766274227,0.8963388409683386,3.4554741606738095,0.4803028199376781
0.015385349897177342,0.5409925505008837,0.893852931794296,3.458161893248594,0.4798383854137466
0.015329549337408876,0.5386600909543899,0.8940724803698319,3.460835154411984,0.47938823029891975
0.015270069759384186,0.5363517328435039,0.8942723700008499,3.4634941180978087,0.478941879674606
0.015206925437916555,0.5340700187900087,0.8944665939498987,3.466138887900838,0.4784992078082521
0.01514013152733996,0.5318174959874041,0.894654655857067,3.4687695666015737,0.4780603221444367
0.0150697040578724,0.529596712831746,0.8948378379391176,3.4713862593967466,0.47762536732705074
0.014995659931768417,0.5274102153778722,0.8950173631458324,3.4739890735477803,0.47719440643566036
0.014918016919262863,0.5252605436221982,0.8951933101614553,3.4765781157547164,0.4767673860749439
0.014836793654306025,0.5231502276145924,0.8953683218085631,3.479153494800061,0.4763445395712353
0.014752009630091672,0.521081783403207,0.893508876438282,3.4817153645302237,0.4759345456891454
0.01466368519437858,0.5190577088176623,0.891021911707931,3.4842641911493586,0.47555185212046985
0.01457184154460733,0.5170804790975516,0.8916005476819433,3.486800514263997,0.4751871139366399
0.014476500722813049,0.5151525423749336,0.8917699593817492,3.4893245013323053,0.4748250324059176
0.014377685610335304,0.5132763150212264,0.8892785295580512,3.4918363133226875,0.474478463529944
0.01427541992232674,0.5114541768707139,0.8874235066132005,3.4943365017998875,0.47416443101391487
0.014169728202061605,0.5096884663347343,0.8875970264542996,3.496825707052742,0.4738733175362056
0.01406063581504536,0.5079814754224703,0.8877688707495057,3.499304179285696,0.47358792528972293
0.013948168942927316,0.506335444686136,0.8879308666825556,3.5017720560764936,0.47330841006443564
0.013832354577216887,0.5047525581101461,0.8854306721424676,3.5042295348196077,0.4730466817775897
0.013713220512805905,0.5032349379656466,0.8829296533920593,3.506677237637267,0.4728216043860953
0.013590795341297965,0.5017846396534321,0.8804313376268698,3.509115930535363,0.4726345458643861
0.013465108444146558,0.5004036465598306,0.8779392395528675,3.511546403879253,0.4724867935521586
0.013336189985603673,0.49909386495152236,0.8785728687565509,3.513969392406427,0.47236366612156666
0.013204070905480534,0.49785711893647133,0.878781531014075,3.5163851032023183,0.47224390781245035
0.013068782911722223,0.49669514551912075,0.8789991830555193,3.5187936611312534,0.4721308589180249
0.012930358472797781,0.49560958977875946,0.8777668560077202,3.5211952946767964,0.4720404092642613
0.012788830809908055,0.49460200020040623,0.8752581132809966,3.5235907809749776,0.4719950731981002
0.012644233889012873,0.4936738241877483,0.8727630849622764,3.525981004063936,0.47199280892277495
0.012496602412679088,0.4928264037875018,0.8730010116907271,3.5283667690946516,0.47201953487189235
0.012345971811752338,0.4920609716540606,0.8732185345642357,3.5307483718647075,0.47205332013974405
0.012192378236853894,0.4913786472824984,0.8732486271843803,3.5331183129101116,0.4713276952069686
0.012035858549704388,0.4907804335367639,0.8734619861460683,3.535469020364726,0.4706023360583869
0.011876450314277351,0.4902672134984188,0.873685827293209,3.5378005503180354,0.4698781669581502
0.01171419178778421,0.48983974765937416,0.8739060032683774,3.540112965492541,0.46915523332306985
0.011549121911492382,0.4894986714799114,0.8741075580545108,3.5424063264283716,0.46843317078771524
0.011381280301379856,0.4892444933307832,0.8716068646402866,3.5446806902236982,0.46771326120448053
0.01121070723862734,0.4890775928354345,0.8718145312765136,3.546936169782319,0.46699696951511604
0.011037443659951117,0.48899821962541734,0.8720181428450605,3.5491728463732723,0.46628210130395553
0.01086153114777842,0.48900649251886397,0.8722176662389862,3.5513907817682724,0.4655683416226776
0.010683011920267714,0.4891023991286033,0.8728411929566442,3.5535900354705787,0.46485549448346825
0.010501928821176669,0.48928579590303783,0.8703830270273468,3.55577066686481,0.4641451201731868
0.010318325309579887,0.489556408599473,0.8705878670944527,3.557932793665621,0.4634383948611168
0.010132245449438757,0.4899138331860912,0.870791776759829,3.5600764907722886,0.4627327676671356
0.009943733899026549,0.49035753716538666,0.871377345303045,3.5622018170282317,0.4620280714104999
0.009752835900210404,0.4908868613085569,0.8722527283811536,3.564308820407281,0.46132367444953415
0.009559597267593754,0.4915010217872076,0.8735696606102987,3.5663975388989155,0.46061869357534596
0.009364064377520818,0.4921991126857993,0.8710766001932094,3.5684679934765033,0.45991471081655383
0.009166284156946617,0.4929801088755352,0.871272403498951,3.570520291654677,0.45921444832141195
0.00896630407217471,0.493842869227986,0.8718953027474848,3.5725545077964473,0.45851500159302006
0.008764172117465501,0.4947861401445966,0.8720804687928718,3.574570689338143,0.45781618307363076
0.00855993680351785,0.49580855937643536,0.8726906571169454,3.5765688904693613,0.457118251321486
0.008353647145826733,0.49690866010707224,0.8702399089296257,3.5785491677081387,0.4564226273021351
0.008145352652919761,0.4980848752703573,0.8718281838261416,3.5805116281044285,0.45572931434155917
0.007935103314475405,0.49933554207409897,0.8720162790311945,3.582456298734776,0.45503498505388973
0.007722949589325607,0.5006589067002298,0.8722007431680068,3.584383218479829,0.4543414217396414
0.00750894239334607,0.5020531291519189,0.8723821739201895,3.586292445339453,0.4536494406722193
0.007293133087236526,0.5035162882183694,0.87257870375228,3.588184044310587,0.45295858790263427
0.007075573464194515,0.505046386528491,0.8727494312366638,3.5900580706559637,0.4522687465508516
0.006856315737485287,0.5066413556654763,0.8729165871641595,3.5919145809470403,0.4515800685080385
0.006635412527910713,0.5082990613153128,0.8730805445452451,3.5937536338500196,0.4508925686345695
0.006412916851180756,0.5100173084235099,0.8732410611486435,3.5955752891054713,0.4502063432378971
0.006188882105189774,0.511793846335745,0.8733987088919564,3.5973796095411013,0.4495218068391443
0.005963362057201419,0.513626373899703,0.873553285710864,3.5991666616543903,0.44883852416273146
0.0057364108309446386,0.5155125445070698,0.873701805842413,3.6009365012907377,0.44815623058709897
0.005508082893624381,0.5174499710564151,0.8744707913134672,3.6026891816555113,0.44747468579265476
0.005278433042849537,0.5194362308195334,0.8770520097817833,3.6044247370875335,0.4467917840153035
0.005047516393481931,0.5214688701956719,0.8777839860060661,3.606143150495046,0.44610664224764873
0.004815388364408998,0.5235454093399237,0.8784681599563537,3.6078444404582597,0.4454213783150126
0.004582104665243451,0.525663346653915,0.8785809480627648,3.6095286430885167,0.44473665682454505
0.004347721282953255,0.5278201631287185,0.8787195874109258,3.6111958091475977,0.4440528584141953
0.004112294468425104,0.5300133265316449,0.8788550292115472,3.61284599091769,0.4433699464877675
0.003875880722964369,0.5322402954302474,0.8794726514722923,3.614479238156534,0.44268762757394853
0.0036385367847351496,0.5344985230484421,0.8800036489125151,3.6160955930023095,0.442005671452674
0.0034003196151433045,0.5367854609511241,0.8800940807417711,3.6176950957686884,0.4413241161533215
0.003161286385166065,0.5390985625550436,0.8837993070443529,3.6192777827616696,0.4406411223187688
0.0029214944616312026,0.5414352864649676,0.8876607261109525,3.6208436106222526,0.43995302259485985
0.0026810013934493375,0.5437930996353059,0.8882219068209275,3.6223925202597975,0.4392618933336061
0.002439864897802407,0.5461694803584211,0.8883240013629615,3.623924534476891,0.43857184493370205
0.0021981428462918796,0.54856192108179,0.8884234469546314,3.6254397166669308,0.4378832875235185
0.0019558932510497836,0.5509679310569682,0.885878348964167,3.626938132463787,0.4371973757642096
0.0017131742508161585,0.5533850388240668,0.8864043577171643,3.628419890125942,0.43651447912300384
0.0014700440969859334,0.55581079453602,0.8864758070405915,3.6298850485097085,0.4358323797987328
0.0012265611396289784,0.5582427721274802,0.8869947940753172,3.6313336607259603,0.4351510280105855
0.0009827838134862947,0.5606785713335634,0.8870938406369933,3.632765769218014,0.4344702103343122
0.0007387706239459739,0.563115819564039,0.8871524300540016,3.634181424017778,0.4337905135427015
0.0004945801330021801,0.5655521736387966,0.8872087131846438,3.6355806830312676,0.4331120927202654
0.00025027094520060916,0.5679853213906357,0.892758565216165,3.6369635880067963,0.4324317625821438
5.9016935735778375e-06,0.5704129831415325,0.8928374802401883,3.638330085576391,0.43174783068947664
-0.00023846897443153815,0.572832913058623,0.8932597016325416,3.63968019823089,0.43106482947987557
-0.0004827824110274462,0.575242900396137,0.8933315595808364,3.641013973299149,0.4303825532973649
-0.0007269799821621059,0.5776407706295162,0.8908192992649204,3.6423314694450926,0.42970291625348656
-0.0009710030815906297,0.5800243864878616,0.8913043096769795,3.6436327974188716,0.42902665023827646
-0.0012147931449405305,0.5823916488907531,0.8888097508484506,3.6449180279254456,0.4283527070549741
-0.0014582916637668486,0.5847404977953673,0.8863393248395118,3.6461872718503363,0.42768342820972327
-0.0017014401995938835,0.5870689129596514,0.8838991606362779,3.6474406552208873,0.4270189153409159
-0.0019441803979402263,0.5893749146271338,0.8814899873226336,3.6486783063105572,0.4263593036177937
-0.0021864540023234283,0.5916565641387661,0.8791045196905842,3.649900353928299,0.4257045573278182
-0.0024282028682414435,0.5939119644769931,0.8767693063830586,3.65110692706037,0.4250546771748528
-0.0026693689771268864,0.596139260747014,0.8769558976485765,3.652298145548837,0.4244080843217671
-0.0029098944502712405,0.5983366405999938,0.8771383622140245,3.6534740729657527,0.42376232006121756
-0.0031497215627155437,0.6005023346027694,0.8748657407711067,3.654634765298871,0.4231189647614668
-0.0033887927571040074,0.6026346165583393,0.8840035190339065,3.655780304658133,0.42247506147238817
-0.003627050657497592,0.6047318037812344,0.8844948379831263,3.6569106248696617,0.4218264038726114
-0.0038644380831438442,0.6067922573316241,0.8849705221253493,3.6580257316491265,0.4211782454376505
-0.004100898062200162,0.6088143822118083,0.8850761887347125,3.6591256661674763,0.42053079812382443
-0.004336373845406595,0.6107966275285129,0.8855084050925298,3.6602104772823476,0.41988421221940986
-0.00457080891970551,0.612737486624219,0.8859025049098223,3.661280205075203,0.41923798914758903
-0.004804147021804434,0.6146354971805482,0.8859947986693886,3.662334890377965,0.41859251232153016
-0.005036332151678883,0.6164892412965134,0.8945657416991961,3.663374565402176,0.41794481104867137
-0.005267308586012253,0.6182973455442912,0.9011555042003089,3.6643991562672475,0.4172910343641585
-0.005497020891569025,0.6200584810049633,0.9055512218132313,3.665408599779103,0.41663404854484776
-0.005725413938498555,0.6217713632865167,0.9058687743966907,3.666402888842785,0.4159763749183158
-0.005952432913565854,0.6234347525262327,0.9058627744376151,3.667382059351722,0.4153196543422505
-0.006178023333306686,0.6250474533794284,0.9058547969801116,3.6683461654926948,0.4146642605033532
-0.0064021310571031765,0.6266083149963856,0.9058444509571628,3.66929526229845,0.41401006106242305
-0.0066247023001773965,0.628116230989134,0.9058311498144468,3.6702294056828366,0.41335723532696017
-0.0068456836464993445,0.6295701393896722,0.9061899907040734,3.6711486523160746,0.4127056888075681
-0.0070650220616067065,0.6309690226010288,0.9044065812587898,3.6720530613076283,0.4120563984850087
-0.0072826649053326885,0.6323119073425155,0.9043660451182223,3.672942724908683,0.4114100965571632
-0.007498559944439555,0.6335978645903516,0.9046114513438556,3.6738177128022254,0.4107651571893414
-0.007712655365154244,0.6348260095147948,0.9045948892514953,3.6746780782686184,0.4101214587097304
-0.007924899785603482,0.6359955014147745,0.9036638519472793,3.6755238802860193,0.4094797188063039
-0.008135242268145172,0.6371055436509754,0.9036549356039281,3.67635519566862,0.4088402075648078
-0.008343632331593165,0.6381553835781992,0.9036421475798037,3.6771720865009474,0.4082021028736019
-0.008550019963332609,0.6391443124777896,0.9036287843356345,3.677974610283213,0.4075653934215315
-0.00875435563132252,0.6400716654908082,0.9036178781621804,3.6787628215319166,0.4069299654905699
-0.008956590295983495,0.6409368215526041,0.9038860964478678,3.6795367748819636,0.4062957156717823
-0.009156675421966727,0.6417392033293485,0.9038723698515253,3.680296519232325,0.40566253349627857
-0.009354562989802457,0.6424782771570414,0.9038551932526012,3.6810421093245567,0.40503085037129954
-0.009550205507424296,0.6431535529834673,0.9038382447143355,3.6817736031035087,0.4044005670158432
-0.009743556021567124,0.643764584313507,0.902271868784377,3.682491061545607,0.4037727234181334
-0.009934568129035669,0.6443109681581657,0.9022703319572261,3.6831945758545688,0.4031477426354684
-0.010123195987841064,0.6447923449876678,0.9022678328845617,3.6838842079773,0.4025237015156728
-0.010309394328202609,0.6452083986888699,0.9007581796799019,3.6845600075927516,0.4019015955454654
-0.010493118463412443,0.6455588565272861,0.8992901062517203,3.6852220631579335,0.40128303292107115
-0.010674324300560005,0.6458434891138826,0.899323061871721,3.685870465196666,0.40066688019201124
-0.010852968351114173,0.6460621103768849,0.8995886807393775,3.686505273555213,0.40005190227668735
-0.011029007741360418,0.6462145775386959,0.8981855329093683,3.687126540773117,0.3994388926282116
-0.011202400222690026,0.6463007910980784,0.8968276321179243,3.6877343536859577,0.3988293703937771
-0.01137310418173983,0.6463206948176686,0.8969007684019592,3.6883288040830404,0.39822244129916623
-0.011541078650379075,0.6462742757169064,0.8969753331169056,3.688909953288837,0.3976167857789912
-0.011706283315541592,0.6461615640703952,0.8970514385501154,3.689477852591376,0.39701237369653375
-0.011868678528900735,0.6459826334117179,0.8971284701658827,3.690032553901658,0.3964092501093054
-0.012028225316384858,0.6457376005426775,0.8972072033986591,3.690574109982871,0.3958074584545068
-0.01218488538753081,0.645426625547925,0.8972875962681607,3.691102572422763,0.3952069183469307
-0.012338621144673528,0.6450499118148894,0.8966675675884525,3.6916179964873446,0.3946081865359258
-0.012489395691969225,0.6446077060589269,0.8967699475976352,3.6921204489491712,0.39401132748217554
-0.012637172844250305,0.6441002983535329,0.8956638625383575,3.6926099877764544,0.393416368190372
-0.012781917135709621,0.6435280221654753,0.8958226706577437,3.6930866867344028,0.3928235751866774
-0.012923593828411989,0.6428912543946466,0.8947766440664644,3.6935506028342333,0.39223250188832703
-0.013062168920631246,0.6421904154184052,0.8937924299791603,3.6940018106109296,0.39164422278254035
-0.013197609155010436,0.6414259691401444,0.8928716839700908,3.6944403894328053,0.39105856810412226
-0.01332988202654344,0.6405984230417913,0.8920149568991741,3.694866415565611,0.39047535395286087
-0.013458955790376061,0.6397083282398861,0.8922454292690208,3.6952799574394875,0.389893844080055
-0.013584799469424542,0.6387562795448506,0.8924782318708846,3.6956810645654135,0.3893133593006952
-0.013707382861809963,0.6377429155230369,0.8923434161566239,3.696069783508715,0.3887340136176289
-0.013826676548106612,0.6366689185610382,0.8926003919508904,3.6964461602793226,0.3881556051920915
-0.013942651898402417,0.635535014931751,0.8927555724257671,3.6968102365617543,0.3875780166339052
-0.014055281079169951,0.6343419748615751,0.8930131144589294,3.697162054260792,0.3870013290525593
-0.014164537059946523,0.6330906125981097,0.8932730536866547,3.6975016551025526,0.38642546545353773
-0.014270393619821183,0.6317817864775866,0.8935353994541614,3.6978290802369105,0.385850469336882
-0.014372825353727702,0.6304163989912893,0.893800553496955,3.6981443715021127,0.3852763397673362
-0.014471807678541613,0.6289953968500237,0.8939180391884675,3.6984475690504,0.38470294985841214
-0.014567316838980127,0.6275197710457228,0.8941840408110064,3.6987387131993485,0.384130425803089
-0.014659329913303173,0.6259905569091121,0.8944527097175381,3.6990178448961046,0.3835587463166973
-0.0147478248188146,0.6244088341622827,0.89472392133452,3.699285004885469,0.38298784536520764
-0.0148327803171619,0.6227757269649331,0.8950318104236967,3.699540232458646,0.3824177949532112
-0.014914176019433257,0.6210924039529049,0.8952820585476176,3.69978356935406,0.3818486137678036
-0.014991992391050857,0.6193600782675324,0.8955545321439127,3.700015056992919,0.3812803570307431
-0.015066210756458982,0.6175800075742071,0.895640327201951,3.7002347371717055,0.38071302121829587
-0.015136813303606299,0.6157534940684007,0.8959155507689547,3.7004426532033166,0.38014663843004176
-0.015203783088220311,0.613881884467287,0.8961933867113298,3.700638844920653,0.3795810139041281
-0.015267104037874213,0.6119665699849033,0.8962505777583293,3.7008233525874323,0.3790163494901227
-0.015326760955844083,0.6100089862886912,0.8965300640078975,3.7009962202744413,0.37845272572921884
-0.01538273952475591,0.6080106134350396,0.896830875695189,3.701157489799721,0.3778899284859896
-0.015435026310021888,0.6059729757813098,0.8971297958725272,3.7013072019814013,0.3773281302825947
-0.015483608763064552,0.6038976418716326,0.8974111984433298,3.701445399426614,0.3767671576942726
-0.015528475224328354,0.6017862242935654,0.8976958858740606,3.7015721193456663,0.37620690282713026
-0.015569614926077975,0.5996403795025275,0.8979813255091925,3.70168739988184,0.3756474241279696
-0.015607017994982493,0.5974618076106917,0.8976423044934412,3.701791281199332,0.3750889782345547
-0.015640675454484828,0.595252252136827,0.897956454093655,3.7018838081701833,0.3745315141919876
-0.015670579226956357,0.5930134997133693,0.8980035199566663,3.7019650187113293,0.3739748009216636
-0.015696722135635225,0.5907473797467492,0.8981144882601853,3.70203495335993,0.3734188788247972
-0.015719097906348838,0.5884557640268336,0.8982919960878892,3.7020936439154704,0.3728632291449752
-0.015737701169019545,0.5861405662810517,0.8986456752738402,3.702141118704634,0.3723080035557087
-0.01575252745895369,0.5838037416686119,0.8987070429614413,3.70217740948799,0.37175319840350857
-0.01576357321791286,0.5814472862099426,0.8987417648308943,3.702202550406409,0.3711992457646969
-0.0157708357949679,0.5790732361463091,0.8991164163441026,3.702216581952764,0.37064613604252533
-0.015774313447135164,0.5766836672243325,0.8994923803930758,3.702219542808979,0.37009381652137935
-0.01577400533979481,0.574280693899937,0.8998695843506795,3.702211467037802,0.3695419563709336
-0.01576991154689124,0.5718664684560625,0.9002488579106154,3.7021923855925825,0.3689905345154491
-0.015762033050915027,0.5694431800283357,0.9006294772327135,3.7021623291124963,0.36843951632909006
-0.015750371742667347,0.5670130535327017,0.9010109948336127,3.702121327694668,0.3678889698987122
-0.01573493042080623,0.5645783484889441,0.9013901289634908,3.70206941314364,0.3673388789805129
-0.015715712791174823,0.5621413577339034,0.9009254646614775,3.7020066170871413,0.36678952530497644
-0.015692723465911936,0.5597044060181497,0.9013262496634984,3.7019329811329387,0.36624108586138115
-0.015665967962345366,0.5572698484798773,0.9017233275019498,3.7018485395890925,0.36569316730340884
-0.01563545270166744,0.5548400689898038,0.9017577484794049,3.701753324909294,0.36514589555618665
-0.015601185007394368,0.5524174783609533,0.9021559534226115,3.7016473743183043,0.36459935889065165
-0.01556317310360819,0.5500045124173611,0.9025597840251227,3.701530720667156,0.36405331379982575
-0.015521426112983364,0.5476036299159467,0.9029641923666282,3.7014033939458573,0.36350765899777887
-0.015475954054597252,0.5452173103161126,0.9033644442490606,3.70126542269076,0.3629622917260207
-0.015426767841525581,0.542848051391965,0.9035432761434393,3.701116832624526,0.3624170571390725
-0.015373879278223423,0.5404983666825651,0.9039609933861023,3.700957645206714,0.3618718627591446
-0.015317301057692074,0.5381707827761156,0.904378082411278,3.700787885740561,0.36132694475006677
-0.015257046758432856,0.5358678364246913,0.9044168997753643,3.700607581182827,0.36078248655212203
-0.01519313084118838,0.5335920714868414,0.9048346525771014,3.7004167679778153,0.3602388611889287
-0.015125568645472019,0.5313460356962728,0.9051565718535437,3.7002154785050716,0.35969569053650396
-0.015054376385886343,0.5291322772557953,0.9055723166756956,3.700003744422394,0.35915302544461924
-0.014979571148231955,0.5269533412567985,0.9059865952259433,3.6997815929650035,0.3586105756196614
-0.01490117088540687,0.5248117659257213,0.9064001239718906,3.6995490508430997,0.3580684999456801
-0.01481919441309775,0.5227100787002965,0.9068140649445191,3.6993061464452204,0.3575267990741873
-0.014733661405264515,0.5206507921397643,0.9072266324414558,3.699052907428112,0.3569854064197443
-0.014644592389418395,0.5186363996747668,0.9064624627143371,3.6987893632526285,0.3564449291389033
-0.01455200874169571,0.5166693712042648,0.9067803025784482,3.6985155637714584,0.3559059004892222
-0.014455932681727466,0.5147521485484752,0.9070835317211055,3.6982315447061582,0.3553669211170493
-0.014356387267306878,0.5128871407686487,0.9074081494908607,3.6979373205789337,0.3548278180547106
-0.014253396388855595,0.5110767193662655,0.9078376847807154,3.6976329184877477,0.35428919539231435
-0.014146984763690038,0.5093232133761241,0.9082666527841948,3.6973183655469932,0.353750835043647
-0.014037177930089436,0.5076289043696326,0.9085574283336223,3.6969936856064756,0.3532124309833977
-0.013924002241166794,0.5059960213864757,0.9088142810908998,3.696658892695919,0.3526735981965976
-0.013807484858544163,0.504426735814642,0.9092472792461218,3.696314000181375,0.35213464316644294
-0.013687653745834097,0.5029231562405267,0.9096766723379108,3.695959031480644,0.3515960052586123
-0.01356453766192842,0.5014873232924949,0.910103556976704,3.6955940127264135,0.3510576210444122
-0.01343816615409631,0.5001212045027742,0.9105274990899362,3.6952189697388786,0.35051959436319163
-0.013308569550892959,0.4988266892139304,0.9109482210787133,3.6948339293576447,0.3499818623680415
-0.01317577895488115,0.49760558355732454,0.911365749840326,3.6944389167228366,0.3494443126930329
-0.013039826235166451,0.496459605531874,0.911262129444053,3.6940339550985457,0.34890711424090554
-0.012900744019749031,0.49539038021216025,0.9099539540831232,3.693619081287332,0.3483714949303703
-0.012758565687692937,0.4943994351152788,0.9103795549847794,3.6931943574623833,0.34783760593955554
-0.012613325361115363,0.49348819575596947,0.9106152664642178,3.6927598125726604,0.3473033424218672
-0.012465057896997539,0.4926579814193096,0.9109491492493885,3.6923154570293297,0.34676890479401407
-0.012313798878819162,0.4919100011797039,0.9111411224597408,3.69186131799553,0.34623512238346066
-0.012159584608018484,0.49124535019400234,0.9115600279541305,3.691397426632243,0.3457018123262689
-0.012002452095280253,0.49066500629529974,0.9113850812529016,3.6909238094395542,0.3451688923727456
-0.011842439051653234,0.4901698269123922,0.9115754303672129,3.6904404963771587,0.3446362896603032
-0.011679583879499873,0.48976054633792376,0.9116940592545386,3.689947503793084,0.3441033443568609
-0.011513925663279677,0.4894377733659964,0.911733269678695,3.689444845624278,0.34357022582093166
-0.011345504160169403,0.48920198931748154,0.9116876756295351,3.6889325410280853,0.3430371770805828
-0.01117435979052129,0.4890535464684733,0.9115551608401239,3.688410608486048,0.34250412816476655
-0.011000533628162583,0.48899266689427767,0.9119428048325522,3.6878790742653242,0.34197166988267347
-0.010824067390537803,0.48901944173814316,0.9123251750680831,3.6873379690609034,0.3414397292470235
-0.010645003428696937,0.48913383091056656,0.9126179018660721,3.6867873208400086,0.3409082360174153
-0.010463384717131286,0.48933566322159444,0.9128588875204534,3.6862271586900124,0.34037723655831426
-0.010279254843459824,0.4896246369450544,0.9132345436606866,3.685657512258387,0.33984682069680816
-0.010092657997968348,0.4900003208101979,0.9136048184077211,3.6850784107795254,0.33931684129674894
-0.009903638963004056,0.4904621554128563,0.9121273078740623,3.6844898866538442,0.3387883053315943
-0.009712243102228107,0.4910094550349281,0.9106757293362482,3.683892008229147,0.33826277327540877
-0.009518516349728258,0.4916414098579228,0.9110533165017857,3.6832848489833356,0.33773919920720236
-0.00932250519899526,0.4923570885533872,0.9114257444276553,3.682668445891377,0.3372160400104835
-0.009124256691764296,0.493155441230385,0.9117925223038921,3.6820428250632595,0.33669318350912153
-0.008923818406725577,0.49403530271784085,0.9102882969991669,3.6814080149567676,0.3361716057205207
-0.008721238448105293,0.49499539615750116,0.9088120981374694,3.680764081597792,0.33565298028661456
-0.008516565434121116,0.49603433688151993,0.9091865703994293,3.680111096656703,0.3351362504107435
-0.008309848485313973,0.4971506365472973,0.909556519791982,3.6794490961777226,0.33461996075492995
-0.008101137212759237,0.498342707501149,0.9098657293196537,3.6787781078433115,0.33410413488317525
-0.0078904817061605,0.49960886734169585,0.9102308634610752,3.6780981579652035,0.33358872188551647
-0.007677932521828159,0.500947343653496,0.9105910147643733,3.677409272791741,0.33307370402987424
-0.007463540670546166,0.5023562788814284,0.9108704278334813,3.676711486027516,0.33256011861543955
-0.007247357605329714,0.5038337353166148,0.9112134159509939,3.6760048410779596,0.33204726797655243
-0.007029435209076707,0.5053777001652513,0.9115663254287791,3.675289366603301,0.33153490955943055
-0.006809825782116238,0.5069860906725536,0.9119144834112735,3.6745650892723685,0.331023008420639
-0.0065885820296565575,0.5086567592750959,0.9122575254901283,3.6738320357799203,0.33051159860138846
-0.006365757049136273,0.5103874987561177,0.912595877904928,3.673090234190423,0.33000068854117104
-0.006141404317481086,0.5121760473798181,0.9128639583971481,3.6723397205811237,0.32949141280011135
-0.005915577678269658,0.5140200939822526,0.9130822582294615,3.6715805414725686,0.32898294795161853
-0.0056883313288114004,0.5159172829981757,0.9134086438748956,3.6708127265157713,0.3284751315282224
-0.005459719807139369,0.517865219404933,0.9137379918029248,3.6700363056502763,0.3279678818735896
-0.005229797978921352,0.5198614735663781,0.9140627401552872,3.669251304239223,0.3274609527198513
-0.004998621024292462,0.5219035859616141,0.9137769538603249,3.6684577481978993,0.3269546121072423
-0.004766244424612154,0.5239890717852529,0.9140853847411357,3.667655666691618,0.3264487747861455
-0.004532723949148867,0.5261154254076923,0.9125717092388758,3.666845090715679,0.32594449384308105
-0.00429811564169577,0.5282801246857121,0.9128788770770285,3.666026087287333,0.3254425086882394
-0.004062475807120499,0.5304806351154103,0.9131807449582994,3.6651986965920935,0.32494112641988077
-0.0038258609978522166,0.5327144138211425,0.9134771020456435,3.6643629461289837,0.32444018475512515
-0.003588328000309372,0.5349789133757008,0.9130186149377496,3.6635188620613257,0.32393992290068896
-0.003349933821271151,0.5372715854483988,0.9133457463605921,3.6626664780042417,0.32344043433646397
-0.0031107356741961957,0.5395898842791148,0.91181711367525,3.661805827444538,0.32294248391390323
-0.002870790965491622,0.5419312699775584,0.9112443723022909,3.660936975738379,0.32244699154704803
-0.0026301572807357074,0.5442932116481851,0.9105481255440904,3.660059973912039,0.32195297196930006
-0.0023888923708577396,0.5466731903421729,0.9090407788184546,3.6591748718243604,0.32146100995037546
-0.0021470541382779475,0.5490687018388092,0.9093058765760704,3.658281734268495,0.3209711238918579
-0.001904700623011293,0.5514772592594105,0.9096496843216277,3.6573805988077237,0.32048178950299155
-0.0016618899887380753,0.5538963955176016,0.9099068614418869,3.6564714931392857,0.31999310710418977
-0.001418680508845017,0.556323665610382,0.9090716857258616,3.6555544486630014,0.3195054778900252
-0.0011751305524398158,0.5587566487548742,0.9081137411951539,3.65462950942137,0.31901946543681137
-0.0009312985703429084,0.5611929503760844,0.9065997988728137,3.653696728868991,0.3185358456097064
-0.0006872430810596,0.5636302039513202,0.9069596859817703,3.652756175065645,0.31805426807234805
-0.0004430226567357756,0.566066072717145,0.9073159451446087,3.65180788389333,0.3175732383069456
-0.00019869590910096685,0.568498251244946,0.9075433361157975,3.650851881980453,0.31709279970769116
4.567852459818528e-05,0.570924466891298,0.9064491482569202,3.649888201013785,0.31661364589376717
0.0002900419956706662,0.5733424811293468,0.9066639142684132,3.6489168920967616,0.3161362510761139
0.0005343358580563898,0.5757500907674761,0.9068737956399133,3.64793799202598,0.3156594651173479
0.0007785014824010434,0.5781451290614575,0.907078506582199,3.646951528767074,0.31518342042325553
0.001022480270126843,0.5805254667262105,0.9072781837810353,3.645957532470198,0.31470809487087736
0.0012662136674958513,0.5828890128532067,0.9074707817847353,3.644956032108816,0.31423347937518176
0.0015096431796626844,0.5852337157393923,0.907660615606257,3.643947055943748,0.3137594140204829
0.0017527103847129362,0.5875575636333641,0.9081589863539724,3.642930628844208,0.31328582368700564
0.0019953569476841653,0.5898585854043356,0.9083427980241651,3.6419067752809697,0.31281282571092633
0.002237524634565978,0.592134851139255,0.9085222231935228,3.6408755244042643,0.3123405629144736
0.0024791553262760177,0.594384472673202,0.9086972816811429,3.6398369052326562,0.3118690162366563
0.002720191032608111,0.5966056040580164,0.908868158112851,3.6387909476835514,0.3113982581114144
0.002960573906149769,0.5987964419738449,0.9093637975169824,3.6377376809312603,0.31092814551554576
0.0032002462561652343,0.6009552260881038,0.909528629051861,3.6366771311110764,0.3104585851182582
0.0034391505624409764,0.6030802393661185,0.9093182189761753,3.6356093249632657,0.3099896811048718
0.0036772294890902754,0.6051698083374676,0.9090352950429361,3.6345342903353917,0.30952145711843737
0.003914425898313533,0.6072223033218546,0.9092014026044162,3.633452056046222,0.309053991695945
0.004150682864111177,0.6092361386181032,0.9096653775335144,3.632362649151229,0.30858695596442093
0.004385943685945425,0.6112097726596577,0.909825044912525,3.6312660900573888,0.30812020826294545
0.004620151902348396,0.6131417081397689,0.9099824935011819,3.6301624027120782,0.3076541495011749
0.004853251304472373,0.6150304921093394,0.9101360418652968,3.629051613755116,0.3071885369771962
0.005085185949579767,0.6168747160502278,0.910285917565293,3.627933747518763,0.3067236950684852
0.005315900174469091,0.6186730159265846,0.908905970028984,3.626808843245132,0.3062607636053578
0.00554533860883383,0.6204240722166693,0.9090459357743921,3.6256769602100425,0.30579983455850585
0.005773446188551088,0.6221266099273809,0.9093725550154997,3.6245381399290335,0.30533985187700974
0.00600016816889672,0.6237793985936114,0.9090662415865525,3.6233924103940165,0.3048805151077527
0.006225450137683722,0.625381252264344,0.9075783412301122,3.622239804709295,0.3044227533151506
0.006449238028321002,0.6269310294773011,0.9059789212658318,3.6210803818963493,0.3039676319741974
0.006671478132789015,0.628427633223805,0.9063262618960102,3.6199142058165283,0.3035144305174975
0.006892117114529492,0.6298700109053618,0.9046265765862627,3.6187413152872647,0.3030627375998701
0.007111102021245917,0.6312571542833976,0.9030968781294672,3.6175617719134876,0.30261386868596135
0.007328380297611855,0.6325880994234334,0.9032140505690717,3.616375637858505,0.3021666587010557
0.0075438997978839835,0.6338619266348866,0.9016565211472206,3.615182949120256,0.30172097867587344
0.007757608798416727,0.6350777604075871,0.8997694662095514,3.6139837676772673,0.3012782507894619
0.007969456010075827,0.6362347693460176,0.9001422881008663,3.612778161825745,0.3008375415691544
0.008179390590547378,0.6373321661021686,0.9002400696472368,3.611566164185854,0.3003973576893402
0.008387362156539806,0.6383692073078585,0.9003348866171464,3.610347800226742,0.29995790480342643
0.008593320795875565,0.6393451935072544,0.9004356588287837,3.6091230992647554,0.29951933574656064
0.008797217079469883,0.6402594690902986,0.9005338344876553,3.607892091158424,0.29908162150615863
0.0089990020731934,0.6411114222276427,0.9006203848256473,3.606654802255568,0.298644334095917
0.009198627349616288,0.6419004848076644,0.9007040400741593,3.6054112537035343,0.29820765725676945
0.009396044999630372,0.6426261323760591,0.8986942376735423,3.604161476995735,0.2977726547212665
0.009591207643947304,0.6432878840784721,0.8976008311870607,3.6029055342894374,0.29734021236667296
0.00978406844446934,0.6438853026065621,0.8976882518206779,3.601643476047198,0.29690908154684487
0.00997458111553006,0.6444179941478682,0.8980658806896724,3.6003753310915485,0.2964784585021475
0.010162699935002906,0.6448856083397879,0.8959317976694917,3.599101126272917,0.2960494624508019
0.01034837975527423,0.6452878382279484,0.8966617057718953,3.597820922694706,0.29562252230714886
0.010531576014078461,0.6456244202292138,0.8967461363106851,3.596534749798359,0.29519601415356217
0.010712244745192894,0.6458951340995372,0.896827926634394,3.5952426342473087,0.29477042996162395
0.010890342588989233,0.6460998029068221,0.8967218291088057,3.593944605966585,0.29434564447155076
0.011065826802839938,0.6462382930089504,0.8945524060182292,3.5926406942180944,0.29392244897795
0.011238655271376023,0.6463105140370787,0.8923386873329309,3.5913309651144387,0.29350254265440884
0.011408786516594644,0.6463164188842969,0.8924330520698767,3.590015489205107,0.29308470076717846
0.01157617970781362,0.6462560036996949,0.8931899840436229,3.5886942984408545,0.2926673260418058
0.011740794671470567,0.646129307887881,0.8909449228466472,3.5873674169611047,0.2922514282792073
0.011902591900764387,0.6459364141139411,0.8913513980848222,3.586034902916196,0.29183752793828227
0.012061532565136725,0.6456774483138223,0.8914451503548065,3.5846967848200335,0.29142403540740663
0.012217578519591111,0.6453525797100885,0.8918478072850469,3.583353083754765,0.2910110093288127
0.012370692313847428,0.6449620208329602,0.8919380958488258,3.582003820381172,0.29059855070350565
0.012520837201330121,0.6445060275465415,0.8920167259654789,3.58064901520599,0.29018620163049547
0.012667977147986871,0.6439848990800916,0.8921575164718892,3.5792886737828282,0.28977340257855305
0.012812076840936808,0.6433989780641655,0.8897457426254317,3.577922805929067,0.28936174065030656
0.012953101696945357,0.6427486505714367,0.8898293597585089,3.5765514714381577,0.28895245322400875
0.01309101787072393,0.6420343461619537,0.8874025576924328,3.575174710918716,0.2885448562748182
0.013225792263052915,0.6412565379325652,0.8874699345792931,3.573792584448905,0.28813937145482044
0.013357392528725118,0.6404157425702033,0.8875637664227065,3.5724051221311552,0.28773440174331305
0.01348578708430842,0.6395125204086695,0.8876563845805006,3.5710123491211276,0.2873302527783906
0.01361094511572585,0.638547475488531,0.8877476248865084,3.569614290105337,0.28692673656370954
0.01373283658565061,0.6375212556196843,0.8878371342245416,3.5682109703088907,0.2865240033194763
0.013851432240715073,0.6364345524460873,0.888666200967924,3.5668024120351567,0.28612162806435953
0.013966703618531244,0.6352881015121077,0.8912722327506636,3.565388623932193,0.2857180818192095
0.014078623054521821,0.6340826823298913,0.8913509487748287,3.563969572984432,0.28531286615570195
0.014187163688559361,0.6328191184470585,0.8888933082835211,3.5625452739758345,0.28490949012506034
0.014292299471412768,0.6314982775140001,0.8889783213086462,3.5611157910792453,0.2845085583515235
0.014394005170998798,0.6301210713499517,0.8925854925178343,3.5596811515352362,0.2841064534374094
0.01449225637843773,0.6286884560069533,0.8926624885027414,3.558241314118737,0.2837022660439891
0.01458702951391145,0.6272014318307068,0.8927383754378635,3.5567962851351185,0.2832988275894267
0.014678301832322344,0.6256610435172651,0.89281303868293,3.555346090479141,0.28289617375372367
0.014766051428752144,0.62406838016438,0.8928863667666455,3.553890756122217,0.2824943417130756
0.014850257243718858,0.6224245753162333,0.8970043565686597,3.5524303002309514,0.2820913610398487
0.0149308990682312,0.6207308070001617,0.897069560121371,3.5509646777962014,0.2816861433737187
0.015007957548638352,0.6189882977538673,0.9011655200483909,3.549493884883978,0.2812795937394811
0.015081414191274848,0.6171983146414858,0.9012217198526592,3.548017873425974,0.28087067874991895
0.015151251366899137,0.6153621692567309,0.9012766383821472,3.5465366494819874,0.2804626130634646
0.015217452314924253,0.6134812177112138,0.9013299429508335,3.545050239710466,0.2800553302232411
0.01528000114744048,0.6115568606058682,0.9013814015097378,3.543558670511828,0.2796488852166423
0.01533888285302824,0.6095905429832542,0.9022115699834621,3.542061967413757,0.2792429749994252
0.015394083300360859,0.6075837542583599,0.9022562072684142,3.5405601483519273,0.27883757704370726
0.015445589241595907,0.6055380281253183,0.9022995528493623,3.5390532378125217,0.27843293067181973
0.015493388315554777,0.6034549424373024,0.8997384552113128,3.5375412681696417,0.2780304337783098
0.01553746905068917,0.6013361190566521,0.8997870431803979,3.5360243116183923,0.2776307187375437
0.015577820867834156,0.5991832236720805,0.8998351684875907,3.5345024087485792,0.27723188811020466
0.015614434082747443,0.5969979655796293,0.899882297862503,3.5329755853233107,0.27683380471556507
0.015647299908433113,0.5947820974238018,0.9056861106609806,3.5314438551532628,0.27643412647662424
0.015676410457250822,0.5925374148950995,0.9057201218480444,3.529907158535694,0.27603155156551107
0.01570175874280855,0.5902657563799698,0.9057523339828245,3.5283654960993425,0.2756296805846222
0.015723338681639464,0.5879690025589415,0.9057845970180459,3.526818892775109,0.2752286756072789
0.0157411450946618,0.585649075948503,0.9058158928589625,3.5252673765825246,0.2748285820139892
0.015755173708421964,0.5833079403820534,0.9058462233497768,3.5237109743287562,0.2744292103926059
0.015765421156119966,0.5809476004250375,0.911310042774914,3.522149696455875,0.2740280928138573
0.0157718849784175,0.5785701007191575,0.9116110548494286,3.5205834825068925,0.27362396897293156
0.015774563624028296,0.5761775252503459,0.9091023254988481,3.519012334538275,0.27322170544386787
0.015773456450090328,0.5737719965349899,0.9065740049612794,3.517436329752013,0.2728235793865768
0.01576856372231989,0.5713556747187102,0.906608108401476,3.5158555544227346,0.27242832381826637
0.015759886614948232,0.568930756581834,0.9066421829715158,3.514270049586006,0.2720339981737271
0.015747427210439497,0.5664994744455719,0.9066757231339871,3.512679843030588,0.27164058342172315
0.01573118849899094,0.5640640949727682,0.9136252747998251,3.5110849492806033,0.2712454571995935
0.0157111743778153,0.5616269178570392,0.9136309358565342,3.5094853044225958,0.27084734095684027
0.015687389650205715,0.5591902743940581,0.9206601284334908,3.5078808979658125,0.27044764074714855
0.015659840024382535,0.5567565259287323,0.9206374124573518,3.506271670141688,0.27004507352428847
0.015628532112123752,0.5543280621720912,0.920613535120835,3.5046576231537947,0.26964340113498847
0.015593473427177977,0.5519072993817832,0.9205886998118362,3.503038784447589,0.2692426215603944
0.015554672383461405,0.5494966784002576,0.9205634255861445,3.5014151824467366,0.2688428347117624
0.015512138293038219,0.5470986625449438,0.9205372855474202,3.499786846490055,0.2684440277234225
0.015465881363885917,0.5447157353450363,0.9205107138111317,3.4981538053152352,0.26804617181325674
0.015415912697445511,0.5423503981199033,0.9204832862837298,3.496516087098838,0.26764923379744693
0.015362244285957073,0.5400051673945991,0.9204551404621143,3.4948737191138983,0.2672531922949664
0.015304889009581726,0.5376825721485528,0.920426534596021,3.493226728912031,0.2668580934592703
0.015243860633310524,0.535385150894152,0.9203984097851287,3.4915751460992213,0.26646407311332887
0.01517917380366078,0.5331154485827636,0.9179987617863308,3.4899190065719403,0.2660722805702637
0.015110844045161092,0.5308760133365646,0.915599930131195,3.4882583891863606,0.2656845964214408
0.015038887756625565,0.5286693930056049,0.9155906617523212,3.486593378872579,0.26529980540074466
0.014963322207218006,0.5264981315506007,0.9155812349924973,3.484924017242069,0.2649160181050424
0.014884165532307569,0.5243647652532011,0.9132144891015097,3.4832503384789604,0.2645343961265036
0.014801436729116208,0.5222718187567871,0.9108767687653492,3.4815724186853036,0.2641567437688941
0.014715155652159627,0.5202218009423214,0.9113612338976487,3.479890337567571,0.26378153304466323
0.014625343008482134,0.5182172006452872,0.909078300816928,3.4782041312117244,0.26340810456671737
0.014532020352687023,0.5162604822214053,0.9095227285761764,3.47651386359247,0.26303701857066836
0.014435210081763813,0.5143540809705088,0.909556376565392,3.4748195617212194,0.2626663473626469
0.014334935429712769,0.5125003984297579,0.9095902426684521,3.4731212470070942,0.2622964777610775
0.014231220461969077,0.5107017975491746,0.9096241487283637,3.4714189440390504,0.26192746510918036
0.014124090069627098,0.5089605977643551,0.909490846530396,3.469712676811196,0.26155912677163323
0.014013569963466803,0.5072790699830722,0.9095312870562496,3.4680024649651036,0.2611914026187208
0.013899686667783118,0.5056594315043175,0.907396424475892,3.466288335792604,0.26082550105012275
0.013782467514020309,0.504103840890146,0.9074545902293204,3.4645703497434863,0.2604619562552712
0.013661940634212673,0.5026143928124017,0.907787152275765,3.462848539375477,0.26009903148546676
0.013538134954232797,0.5011931128980284,0.9057418133805862,3.461122928000843,0.2597376864019606
0.013411080186849566,0.4998419525981457,0.9058155759286528,3.4593935724365954,0.2593785815949015
0.013280806824597296,0.49856278410740196,0.9058890584774408,3.4576605034890964,0.2590201797061765
0.013147346132457537,0.49735739536121304,0.9063776814639262,3.455923746661802,0.2586626977288378
0.013010730140355788,0.4962274851393955,0.9064471008767719,3.4541833224380833,0.2583057877634084
0.01287099163547442,0.4951746583053148,0.9045265765669838,3.452439257344165,0.2579506215798086
0.012728164154383794,0.49420042121002655,0.9046160269648661,3.450691606249176,0.25759760819769956
0.012582281974993755,0.4933061772908981,0.9050504864355313,3.4489404044434657,0.2572455044543856
0.012433380108327115,0.49249322289391995,0.9054281480680548,3.447185668688169,0.2568936364758051
0.012281494290117129,0.4917627433482762,0.905510420020561,3.445427412406283,0.25654222096049717
0.012126660972231097,0.49111580932076154,0.9055960274745971,3.44366565496885,0.25619153846703785
0.011968917313922012,0.4905533734762991,0.903809952291731,3.441900422492061,0.25584241421982495
0.011808301172910766,0.4900762674691458,0.9039174403822849,3.4401317643623983,0.25549516323208576
0.01164485109630011,0.48968519928737253,0.904025562076228,3.438359708570801,0.25514854840873125
0.011478606311323924,0.4893807509708752,0.9041306854842608,3.436584274726752,0.25480269145793205
0.011309606715932606,0.4891633767205911,0.9042394198246779,3.434805485161138,0.2544574637299677
0.011137892869217705,0.48903340141372853,0.9026260597436999,3.4330233598952535,0.2541133917045629
0.010963505981678282,0.4889910195367542,0.901123650333345,3.4312379446396886,0.253771681484426
0.010786487905330266,0.48903629454462405,0.8997376534766708,3.429449289689267,0.25343195610510755
0.010606881123662155,0.48916915865140326,0.8999171037934034,3.4276574363766166,0.2530935226460036
0.010424728741439482,0.4893894130539339,0.9002571506982492,3.425862405916641,0.25275548991191804
0.01024007447435962,0.48969672858676955,0.9005936336538786,3.4240642093469784,0.25241762839380416
0.010052962638560233,0.490090646803137,0.9007671109804143,3.4222628592486783,0.2520801978993568
0.009863438139983798,0.4905705814733103,0.9009328971798166,3.4204583710227237,0.2517432337464603
0.00967154646360022,0.4911358204885618,0.9011081454996753,3.4186507595781648,0.2514066500400315
0.009477333662490652,0.4917855281557768,0.9012840478472215,3.41684003881204,0.2510704893309796
0.009280846346795175,0.492518747864973,0.9011445214125506,3.4150262244366063,0.2507347948768128
0.00908213167252636,0.49333440510938514,0.9013368538328608,3.413209330107825,0.25039945743583486
0.00888123733025214,0.4942313108354476,0.9002816494357225,3.411389371923115,0.25006487473487055
0.008678211533650323,0.4952081650980475,0.9005006949105081,3.4095663760655843,0.2497312307397038
0.008473103007937587,0.49626356099472785,0.9007173782998555,3.4077403597539595,0.24939792532144417
0.008265960978175465,0.49739598885121905,0.9009368743059507,3.4059113366888423,0.24906506041525334
0.008056835157456825,0.49860384062970164,0.9012654334717505,3.4040793218231546,0.24873261032420496
0.00784577573497483,0.4998854145305904,0.9014802878682594,3.4022443267691607,0.24840034350284282
0.007632833363977681,0.5012389197583245,0.9006162615797703,3.400406363911214,0.24806855139808187
0.007418059149612286,0.502662481421707,0.8998605163276275,3.3985654466357973,0.2477370734192022
0.007201504636659128,0.5041541455396907,0.9001256967823397,3.3967215905681014,0.24740612342846177
0.00698322179716186,0.5057118841241198,0.9003943124421259,3.394874809386235,0.24707551333903782
0.006763263017954062,0.5073336003118522,0.8997781893519602,3.3930251161341287,0.24674525594895566
0.006541681088086983,0.5090171335197978,0.9000705861682269,3.391172523865497,0.24641536704739866
0.006318529186160135,0.5107602645977352,0.9003635781414172,3.389317044209479,0.24608570585022643
0.0060938608675588,0.5125607209552491,0.9006511462935087,3.3874586834295957,0.24575576405202418
0.005867730051601012,0.5144161816407748,0.9009439071666557,3.38559744297824,0.24542588083992262
0.005640191008597085,0.5163242823524385,0.9004859369618441,3.383733332224555,0.24509618358153207
0.005411298346825154,0.5182826203622108,0.9006002414780914,3.381866358970903,0.2447663853029615
0.005181106999425324,0.5202887593367083,0.9009315136347711,3.3799965218957886,0.24443624274713188
0.004949672211215942,0.522340234039869,0.9012619855362546,3.378123825245012,0.24410618153759117
0.00471704952543529,0.5244345549045576,0.901591851644805,3.3762482774128775,0.2437763259583505
0.0044832947704113646,0.5265692124620045,0.9016540463223788,3.3743698868368073,0.24344642200562241
0.004248464046163236,0.5287416816197279,0.9020008786338559,3.372488656188138,0.24311642172669698
0.0040126137109375215,0.5309494257803309,0.9023464726845878,3.3706045917015195,0.24278651451338612
0.0037758003676825144,0.533189900795172,0.902690547454905,3.368717701232863,0.2424567346668638
0.0035380808504639006,0.5354605587484407,0.9030336561680598,3.366827993456357,0.24212709383853587
0.003299512210824692,0.5377588515686392,0.9033754881514836,3.3649354742438176,0.24179737551566755
0.0030601517040932382,0.540082234465748,0.90324182681335,3.363040148267579,0.24146754821446334
0.002820056775642125,0.5424281691936276,0.9035905791684398,3.3611420166963573,0.24113761163967098
0.0025792850471017463,0.5447941271382786,0.903940915928437,3.359241088494727,0.2408079622931699
0.0023378943025311534,0.5471775922335917,0.9036859052318859,3.357337375937324,0.24047876303043567
0.002095942474550348,0.5495760637070962,0.9036696811160251,3.355430890826594,0.24014943937659178
0.0018534876304366259,0.5519870586590101,0.9036551770895358,3.3535216284542035,0.23981949328499355
0.001610587958188756,0.5544081144785229,0.9040328899887214,3.351609584031876,0.23948925009892136
0.0013673017525620767,0.5568367911018678,0.904406512421752,3.349694763097057,0.23915914100809735
0.0011236874010781541,0.5592706731171695,0.9049425329137403,3.347777172828071,0.2388290754384518
0.000879803370011937,0.561707371721472,0.9053085447883954,3.3458568195519485,0.23849905530398088
0.0006357081903601765,0.5641445265356411,0.9056539748829721,3.3439337107866027,0.23816919151683316
0.0003914604437942944,0.5665798072830812,0.9060134314465222,3.3420078558116733,0.23783954227893475
0.00014711874860103919,0.5690109153383617,0.9063689604056608,3.340079263288216,0.2375098660137784
-9.725825438562869e-05,0.5714355851519387,0.9057161946672257,3.3381479346595824,0.2371802814788635
-0.0003416119158580751,0.5738515855572399,0.9060843163879055,3.3362138910348644,0.23685160589142715
-0.0005858835921104373,0.5762567209663264,0.9064490660181469,3.3342771430456826,0.23652267014952716
-0.0008300146591130149,0.5786488324603491,0.9067833155553094,3.3323376920114325,0.2361938282321999
-0.001073946526581595,0.5810257987808972,0.9068271200836496,3.3303955483807566,0.23586505694864537
-0.001317620652038884,0.5833855372282406,0.9071823707011615,3.3284507122952527,0.2355360313935088
-0.0015609785548644877,0.5857260044723142,0.9063052688013054,3.326503193117209,0.2352077964634188
-0.0018039618303298587,0.588045197282149,0.906672757761481,3.32455301921364,0.23488048393207958
-0.002046512163615277,0.5903411531792282,0.9070345739672124,3.322600203134362,0.23455328694770222
-0.002288571343805024,0.5926119510201028,0.9073935247037026,3.320644752604926,0.23422621056568946
-0.0025300812778578075,0.594855711513352,0.9077469505005951,3.3186866750978457,0.23389923467569165
-0.002770984004548718,0.5970705976757742,0.9080977839858174,3.3167259777446447,0.23357234157664067
-0.003011221708379766,0.5992548152324699,0.9084426124437605,3.314762667545591,0.23324555192558888
-0.0032507367334551744,0.6014066129652633,0.9087846809457482,3.312796751714734,0.23291887332762956
-0.0034894715973186894,0.6035242830136562,0.9091226802869735,3.3108282391412605,0.2325924598214996
-0.0037273690047489164,0.6056061611323256,0.9084383322048826,3.3088571430199223,0.23226678330415904
-0.003964371861510057,0.607650626908917,0.9087889353890857,3.3068834897652866,0.23194199352944175
-0.004200423288054144,0.609656103945693,0.9091058470012497,3.3049072912605753,0.23161732964080142
-0.00443546663317188,0.6116210600083832,0.9094500863434272,3.302928557299254,0.23129291662397788
-0.0046694454875887,0.6135440071453553,0.9097907934861428,3.3009472967475846,0.2309686638285763
-0.004902303697502686,0.6154235017800535,0.9101270842418653,3.298963518138772,0.23064463262644852
-0.005133985378061222,0.6172581447794561,0.9104594844558217,3.2969772297327453,0.2303206235996898
-0.005364434926773115,0.6190465815010991,0.910787791242158,3.294988435779138,0.22999662711202207
-0.0055935970368528294,0.6207875018210596,0.9107894843052818,3.292997144121342,0.22967276680019943
-0.0058214167104940154,0.6224796401451136,0.9106826783930845,3.2910033589167313,0.2293487611785536
-0.006047839272068558,0.6241217754051364,0.9109792512567934,3.2890070827107096,0.22902474374691079
-0.006272810381248542,0.6257127310426406,0.91144917883055,3.287008323013105,0.2287008817407876
-0.006496276046047682,0.627251374981224,0.9107045215056727,3.2850070910174822,0.22837783018014673
-0.006718182635779092,0.6287366195895574,0.91053801373638,3.2830034165622166,0.22805581024314964
-0.006938476893926446,0.6301674216364124,0.9102402670552242,3.2809973123633305,0.22773389753320628
-0.007157105950925219,0.6315427822391203,0.9098037208626765,3.2789887858115954,0.22741218006957034
-0.00737401733685122,0.6328617468067286,0.909223872657537,3.276977849287993,0.2270910175764479
-0.0075891589940130615,0.6341234049790164,0.9094629273607221,3.2749645205831213,0.22677044337754895
-0.007802479289445692,0.6353268905624584,0.9097940396522525,3.272948812623845,0.22645018102505235
-0.008013927027302224,0.6364713814640913,0.910041548086134,3.270930736324222,0.22613024842807114
-0.008223451461140542,0.6375560996241989,0.9102835977676599,3.268910303660392,0.22581068623610775
-0.008431002306102291,0.6385803109486015,0.9105207191901815,3.266887527295765,0.22549165362284587
-0.00863652975098096,0.6395433252413282,0.9097161698734207,3.2648624286507473,0.22517376963207172
-0.008839984470176379,0.6404444961382978,0.9084241165226304,3.2628350395998083,0.22485751495957795
-0.009041317635532512,0.6412832210426574,0.9075091370356186,3.260805401173969,0.22454296805967192
-0.00924048092805616,0.6420589410622985,0.9064474284204115,3.2587735468257515,0.2242298255046798
-0.009437426549513113,0.6427711409500548,0.9066486132181762,3.256739508548654,0.22391776733792748
-0.009632107233899588,0.6434193490470266,0.9054272262339785,3.25470330599982,0.2236066364695499
-0.00982447625878587,0.644003137229419,0.9058535466415161,3.252664969807835,0.22329663896349797
-0.010014487456529388,0.6445221208592523,0.9062469213444007,3.2506245142762955,0.22298682818895288
-0.010202095225354754,0.6449759587392434,0.9048823211865181,3.248581951414076,0.22267795923434894
-0.010387254540298008,0.6453643530721357,0.9052390978288465,3.2465373145038816,0.22237035143259123
-0.010569920964012375,0.6456870494247187,0.9058355141044511,3.2444906199775145,0.22206308034745964
-0.010750050657432982,0.6459438366967164,0.9063466370787374,3.242441878345039,0.22175603430276436
-0.010927600390298102,0.6461345470947347,0.9066824203025561,3.240391094966345,0.2214489971244731
-0.011102527551524088,0.6462590561113875,0.9070280328868123,3.2383382768703592,0.22114220937463336
-0.011274790159431926,0.6463172825097228,0.9055512258580832,3.236283437369718,0.22083649595140833
-0.011444346871822641,0.6463091883130165,0.9057015085755402,3.2342266144672687,0.22053234001025987
-0.011611156995899144,0.6462347787999898,0.9040804031095033,3.232167832994971,0.22022948276456242
-0.011775180498032375,0.6460941025054752,0.9023415282955228,3.230107139036159,0.2199291818406488
-0.011936378013369182,0.645887251226525,0.9024761087798402,3.228044584558005,0.21963066598804637
-0.012094710855279646,0.6456143600339334,0.9026037492871353,3.2259801916723214,0.21933264567244978
-0.012250141024641767,0.6452756072891147,0.9027277353353874,3.2239139749763024,0.21903527867865055
-0.012402631218960963,0.6448712146662464,0.9028521727129403,3.2218459524196086,0.2187385844358173
-0.012552144841322591,0.6444014471795791,0.9032164580568545,3.219776138228232,0.21844227277254186
-0.012698646009174959,0.6438666132157427,0.9033358958036221,3.2177045422194372,0.21814633750670448
-0.012842099562941049,0.6432670645709005,0.9034524617223664,3.2156311788024876,0.2178510261829999
-0.012982471074456544,0.6426031964925247,0.9035660855344824,3.213556064482317,0.21755642193535388
-0.013119726855232522,0.6418754477255569,0.9036765631887472,3.211479215483902,0.21726231865421086
-0.013253833964540374,0.6410843005626744,0.9017472449933468,3.209400649362115,0.21696967449291818
-0.013384760217317717,0.6402302808983449,0.9018509712228141,3.2073204143399017,0.216679070188862
-0.013512474191892283,0.6393139582863033,0.8998243173663932,3.2052385402937507,0.21639006002562655
-0.01363694523752321,0.6383359460000504,0.897726831682436,3.203155082112049,0.21610414366883035
-0.013758143481757098,0.6372969010959147,0.8978281756614918,3.2010701019902905,0.21582052929797496
-0.01387603983759705,0.636197524478173,0.8982105891716913,3.198983627426463,0.2155374627906277
-0.013990606010483598,0.6350385609656711,0.8983076598388223,3.196895669036414,0.21525475192244917
-0.014101814505085226,0.6338207993593155,0.8961452406178464,3.1948062447763124,0.21497370504974841
-0.014209638631897024,0.6325450725097518,0.893943389334496,3.1927154134874813,0.21469603950003832
-0.014314052513646145,0.6312122573844738,0.8940414340711667,3.1906232407346566,0.21442068169475195
-0.014415031091502144,0.6298232751335261,0.8941373612999478,3.1885297524423044,0.21414592548594513
-0.014512550131091147,0.6283790911528958,0.8945270193400118,3.186434962383202,0.213871594951638
-0.01460658622831161,0.6268807151445812,0.894618197249811,3.184338879544031,0.21359764399596137
-0.014697116814951748,0.6253292011722564,0.8927265990866141,3.18224152130947,0.21332511039550967
-0.014784120164105234,0.6237256477113324,0.8928222263767854,3.1801429302649837,0.21305433254532122
-0.014867575395385956,0.6220711976921146,0.8929164380468352,3.1780431265152433,0.21278403117139733
-0.014947462479938951,0.6203670385346524,0.8910017303726229,3.1759421276534017,0.2125151469810421
-0.015023762245247435,0.6186144021737382,0.8910983688574347,3.1738399764541434,0.21224807615110786
-0.015096456379733994,0.616814565072399,0.8911934613951494,3.1717366955093786,0.211981627057018
-0.015165527437155305,0.6149688482220759,0.891405824040621,3.169632298083497,0.21171557504690341
-0.015230958840789123,0.6130786171275557,0.8892237817702643,3.1675267979070236,0.21145101778777928
-0.015292734887412632,0.6111452817745494,0.887347328087484,3.165420250713496,0.2111894844358359
-0.015350840751071286,0.6091702965776632,0.8874487808502737,3.1633127085973944,0.21092971834466534
-0.015405262486636621,0.6071551603063379,0.887614189157753,3.161204192573912,0.21067044191638512
-0.015455987033153354,0.6051014159861372,0.8877124360110408,3.159094713409537,0.2104116633980337
-0.015503002216973845,0.603010650772615,0.8858231977009237,3.1569842868016824,0.21015406975968973
-0.015546296754679624,0.600884495794757,0.8859250369953204,3.1548729511595504,0.20989822076105788
-0.01558586025578946,0.5987246259648276,0.8838229028356214,3.1527607337391,0.20964405801123362
-0.01562168322525308,0.5965327597512179,0.8839336100085586,3.1506476853223813,0.20939206377427055
-0.015653757065729697,0.5943106589107041,0.8821250808252635,3.1485338335409083,0.2091413942991335
-0.01568207407965154,0.5920601281762756,0.8822359788731128,3.1464192172815677,0.2088924147360573
-0.015706627471071235,0.5897830148965076,0.8823460669357137,3.144303857005191,0.20864398731453282
-0.015727411347292716,0.5874812086222015,0.8824553241097208,3.1421877661253155,0.2083962200493728
-0.015744420720285424,0.5851566406357969,0.8825644461342402,3.140070959531133,0.20814913185007175
-0.01575765150788148,0.5828112834188467,0.8826731578052012,3.1379534513380163,0.20790259825580806
-0.01576710053475546,0.580447150052618,0.8827813084676944,3.135835254122844,0.20765670208070242
-0.01577276553318612,0.5780662935466566,0.88288869041236,3.133716384814874,0.20741168442053218
-0.01577464514360119,0.5756708060899745,0.8809026306990752,3.131596865567468,0.20716836707508976
-0.015772738914903096,0.5732628182192954,0.8809869681284564,3.129476746258052,0.2069271290001252
-0.015767047304577595,0.5708444978986346,0.8811049894321142,3.1273560469248713,0.20668633426280386
-0.01575757167858384,0.5684180495043165,0.8814934855834967,3.125234778653949,0.2064459815959835
-0.015744314311026623,0.56598571270941,0.8818208746369423,3.123112949758911,0.20620596858739354
-0.015727278383610484,0.5635497612614447,0.8819344219017734,3.120990568030792,0.20596630871934002
-0.015706467984876217,0.5611125016471914,0.8800285625175747,3.1188676482471624,0.2057281374227888
-0.015681888109219673,0.558676271638269,0.878205484206797,3.1167442420625098,0.20549303731645138
-0.015653544655692977,0.5562434387113396,0.8785813229157824,3.114620406373409,0.20525991407699984
-0.015621444426588959,0.553816398336708,0.8787228893031429,3.1124961599368146,0.2050272346086211
-0.01558559512580847,0.5513975721292703,0.8788659647078544,3.1103715162728323,0.20479524289985554
-0.01554600535701168,0.5489894058559188,0.8790092977150042,3.1082464854232494,0.20456358714542777
-0.015502684621553015,0.5465943672937866,0.8793784599463388,3.1061210772552608,0.20433238738253287
-0.015455643316201008,0.5442149439339975,0.8795198693934609,3.103995298394609,0.20410147694213335
-0.015404892730643202,0.5418536405260599,0.8780510470706809,3.101869162224897,0.20387169742267353
-0.015350445044776518,0.5395129764584665,0.8781841184418565,3.099742697763221,0.20364314326872604
-0.015292313325784151,0.5371954829717311,0.8783177587186177,3.0976159210421232,0.20341516396926132
-0.01523051152499969,0.5349037002007309,0.8765910615039575,3.095488849519928,0.20318868570742804
-0.015165054474558598,0.5326401740440563,0.8767453216515699,3.093361525141589,0.20296401622653815
-0.015095957883838749,0.5304074528589755,0.8768992088936451,3.0912339676918523,0.20273989310322366
-0.015023238335690331,0.528208083981629,0.8770488757810505,3.089106190253864,0.20251648567533176
-0.014946913282455803,0.5260446100732207,0.8772042152910422,3.086978207384332,0.2022938252716902
-0.014867001041781508,0.523919565294216,0.8773608835548236,3.0848500338775655,0.20207175839995478
-0.01478352079222169,0.5218354713098958,0.8774399934826459,3.0827216811402587,0.20185020612963875
-0.014696492568635484,0.519794833132113,0.8775955553028535,3.0805931580997075,0.2016290559761949
-0.014605937257378823,0.5178001348036162,0.8760568442564419,3.0784644772862553,0.20140901811673947
-0.014511876591291726,0.5158538349329844,0.8762341815739506,3.076335669696251,0.20119027457208272
-0.014414333144482485,0.5139583620899391,0.8764126570075582,3.0742067470792365,0.20097178831148918
-0.014313330326910187,0.5121161100725733,0.8750255808533304,3.0720777201027554,0.2007542980519097
-0.014208892378766165,0.5103294330598853,0.8751606773620539,3.069948615751517,0.2005379524121499
-0.014101044364656671,0.5086006406648639,0.875361332041614,3.0678194459179933,0.2003219250871157
-0.013989812167587429,0.5069319929052203,0.8755629993943529,3.0656902170037985,0.20010621385748045
-0.013875222482751724,0.5053256951107223,0.8742952327565372,3.0635609380969497,0.1998912836620579
-0.013757302811123969,0.5037838927878352,0.87295119580237,3.0614316338286938,0.1996778342307368
-0.01363608145285924,0.5023086664641256,0.8731723537801099,3.0593023317585244,0.1994654079402901
-0.013511587500501635,0.5009020265364452,0.8719765621371343,3.0571730451857757,0.1992537014780508
-0.013383850832002164,0.4995659081483716,0.8722252553306472,3.055043792987369,0.19904280344609382
-0.013252902103548106,0.4983021661236642,0.8724757528879403,3.052914583851698,0.1988321654896953
-0.013118772742205667,0.4971125699835663,0.8714483574327075,3.050785424030502,0.1986219791608771
-0.01298149493837777,0.4959987990765935,0.8705425864244929,3.0486563253914842,0.19841239610928862
-0.012841101638078362,0.49496243785005395,0.8697525462393731,3.0465272959551846,0.19820301316948383
-0.012697626535025557,0.49400497129278154,0.8700811667448788,3.04439833878951,0.19799387228121973
-0.012551104062555439,0.49312778057855805,0.8703033815145812,3.0422694581560172,0.19778486317794636
-0.012401569385358075,0.49233213893931577,0.8696520482586079,3.040140655565467,0.19757581886941677
-0.012249058391038114,0.49161920779651835,0.8690970659095213,3.0380119262197427,0.19736636746593356
-0.012093607681502212,0.4909900331780474,0.8694444945600734,3.0358832596412166,0.19715647965269173
-0.011935254564174403,0.49044554244653527,0.8698599891470605,3.033754652725827,0.19694664595441108
-0.011774037043042725,0.4899865413633289,0.8694034875633168,3.0316261051518,0.1967364881604614
-0.011609993809538413,0.4896137115102006,0.8690157151771875,3.0294976027344926,0.19652541561383882
-0.011443164233250038,0.4893276080885568,0.869419242657033,3.0273691341745694,0.19631452672759134
-0.011273588352475066,0.4891286581132136,0.8697114147784384,3.0252407066647264,0.19610372065132797
-0.011101306864610963,0.4890171590149299,0.8700848414341151,3.023112320068518,0.19589290562076495
-0.010926361116387763,0.48899327766276723,0.8697891488771406,3.020983970649422,0.1956815145806555
-0.010748793093945302,0.4890570498140581,0.8697708292782949,3.0188556399322373,0.1954693999423769
-0.01056864541275659,0.489208379996405,0.8701789045046748,3.016727325489717,0.19525742230786186
-0.01038596130740041,0.4894470418226401,0.8698178360641895,3.01459902360773,0.19504475902307047
-0.010200784621185056,0.48977267873623176,0.8702277034317103,3.012470714188838,0.19483121810662504
-0.010013159795626407,0.49018480518117236,0.8706353544943182,3.0103423877774653,0.19461740273114808
-0.009823131859781944,0.4906828081870513,0.8710403528969703,3.008214039295852,0.194403345236582
-0.009630746419444038,0.4912659493568015,0.8714425819670479,3.006085664242128,0.19418907344196149
-0.009436049646194976,0.49193336724159,0.871841958440934,3.0039572583512806,0.19397458723554767
-0.00923908826632573,0.49268408008452896,0.8722388684874153,3.0018288177513854,0.19375991344804935
-0.009039909549621925,0.4935169889123483,0.8726038368143827,2.9997003386112477,0.19354506225781234
-0.008838561298019628,0.4944308809519241,0.8730262083894468,2.9975718191241314,0.19333024310749844
-0.008635091834132589,0.4954244333466468,0.8726759969370788,2.995443259647897,0.19311505328471454
-0.008429549989655527,0.49649621714600983,0.8730640841140297,2.9933146425095,0.1928989603957743
-0.00822198509364443,0.4976447015405605,0.8734482729627191,2.9911859582725286,0.19268264823672837
-0.008012446960677995,0.4988682583134559,0.873865234641919,2.989057204604325,0.19246632823589369
-0.007800985878902347,0.500165166479318,0.8742429911559786,2.9869283830832236,0.19225007520972817
-0.0075876525979620205,0.5015336170808744,0.87461657379273,2.9847994943207947,0.1920335590222349
-0.00737249831682042,0.5029717181139586,0.8750128888607351,2.9826705173139305,0.19181577940106417
-0.007155574671472228,0.5044774995518815,0.8753807465168261,2.980541444940329,0.19159815265098026
-0.006936933722551051,0.5060489184408582,0.8767528795269359,2.978412274886973,0.19137999168418646
-0.00671662794283511,0.5076838640391312,0.8762471388897636,2.9762829873514867,0.19116051234176773
-0.006494710204654028,0.5093801629735824,0.8756822122793243,2.9741535566878134,0.19093987483154248
-0.00627123376719977,0.5111355843890057,0.8760224856643211,2.9720239645953366,0.19071837593654595
-0.006046252263744502,0.5129478450667108,0.8763555989883467,2.969894184540002,0.1904954125614442
-0.0058198196887692,0.5148146144908045,0.8766850955880329,2.9677642039893035,0.19027234410135016
-0.005591990385004842,0.516733519842212,0.8769826523565073,2.965634021527219,0.19004923578738864
-0.005362819030390807,0.5187021509023397,0.8773800720470537,2.9635036380799527,0.1898262046076667
-0.005132360624952041,0.5207180648501122,0.8766933602370419,2.961373053549465,0.18960287164000933
-0.004900670477599667,0.5227787909380027,0.8766276573456403,2.9592422591123206,0.18937924363192774
-0.004667804192856854,0.5248818350344898,0.8770203140213618,2.957111255734817,0.18915582329517186
-0.004433817657514167,0.5270246840222391,0.8773210718598695,2.954980049313579,0.18893268221198703
-0.0041987670272169006,0.5292048100430155,0.8776126812307138,2.9528486424258786,0.1887095112007243
-0.003962708712988039,0.5314196745820771,0.876818859338615,2.9507170360594124,0.1884863518281891
-0.0037256993676898532,0.5336667323863666,0.8770950649813556,2.9485852269530497,0.18826295218663158
-0.003487795872427549,0.5359434352123713,0.8773659052477965,2.9464532121426985,0.1880393964414839
-0.0032490553228980007,0.5382472354009015,0.8776315640555975,2.9443209898658775,0.1878157730195505
-0.003009535015687091,0.5405755892773756,0.8780958455031044,2.9421885592932577,0.1875921495270318
-0.002769292434518779,0.5429259603773776,0.8808529526725603,2.9400559193791462,0.18736799382203048
-0.0025283852364594074,0.5452958224983377,0.8836451660572502,2.937923046493073,0.18714220798331066
-0.0022868712380800346,0.5476826625791643,0.8825209582576738,2.93578990689788,0.18691514042644602
-0.0020448084015810115,0.5500839834105142,0.882743122252429,2.933656492335699,0.18668805858395257
-0.0018022548208811175,0.5524973061791303,0.883114226243034,2.9315228043404122,0.18646110149575376
-0.001559268707675443,0.5549201728503439,0.8830026173846425,2.929388847536865,0.18623446599787333
-0.0013159083774647517,0.5573501483933716,0.8868790370565476,2.9272546231748957,0.18600687973530675
-0.0010722322355601244,0.5597848228545046,0.8873266630070924,2.9251200938898845,0.18577771179781405
-0.0008282987630659266,0.5622218132836516,0.8876851391228395,2.922985253913825,0.18554888346511011
-0.0005841665028446347,0.564658765520004,0.8874861071319158,2.9208501108337956,0.18532043234036974
-0.00033989404546682576,0.567093355842775,0.8878985057865942,2.918714673028397,0.18509231017641004
-9.554001514969607e-05,0.5695232924931599,0.8876361460662251,2.9165789464858096,0.1848646536365344
0.00014883694431239673,0.5719463170737076,0.8879891905275282,2.914442953513902,0.18463830461889938
0.0003931781836222626,0.5743602058313677,0.8881860074410629,2.9123067096732584,0.18441227494652526
0.0006374250620553471,0.5767627708304378,0.8869272897858005,2.91017021836443,0.18418641957944476
0.0008815189615332473,0.5791518610215893,0.8855483753240707,2.9080334902722655,0.1839613325544595
0.0011254013006917714,0.5815253632130761,0.8896602533495713,2.9058965358463813,0.18373565470709946
0.0013690135489402536,0.5838812029500738,0.8898093612806068,2.9037593195967704,0.1835083408081935
0.001612297240508489,0.5862173453079851,0.8882465801881714,2.9016218355191463,0.18328163824622853
0.001855193988478257,0.5885317956053593,0.8865755416220311,2.8994841066304233,0.18305639574930962
0.0020976454987960366,0.5908226000418868,0.8848116238905752,2.897346165520361,0.1828329264383325
0.0023395935842631514,0.5930878462667357,0.8829724331577001,2.895208051635343,0.18261152960380736
0.002580980178500515,0.5953256638822881,0.8810765530163795,2.8930698080689554,0.18239239120991318
0.0028217473498841827,0.5975342248881098,0.8815824661298873,2.8909314777204136,0.18217469245205864
0.0030618373154487804,0.5997117440697646,0.8817017853642073,2.888793070998186,0.18195718343055967
0.0033011924547550007,0.6018564793368739,0.8818181040436684,2.8866545955103686,0.18174007254206645
0.003539755323718413,0.6039667320145761,0.8819323150731873,2.8845160567058445,0.18152320109255204
0.00377746866839558,0.6060408470923349,0.8818105138198472,2.8823774620111164,0.18130674412130526
0.004014275438724859,0.6080772134338179,0.8819269092435122,2.8802388193260593,0.1810907067107509
0.0042501188022180955,0.6100742639513489,0.8800106743276537,2.8781001420773937,0.18087597156717156
0.004484942157600141,0.6120304757482405,0.8803731905899339,2.8759614680054253,0.18066281103472773
0.004718689148392908,0.6139443702320839,0.8808709320671689,2.8738228091806333,0.180449788931835
0.0049513036764406194,0.6158145132019067,0.8813310882063677,2.8716841712815295,0.18023713446971268
0.005182729915373167,0.6176395149118948,0.8811810421670999,2.8695455589447354,0.18002463816042705
0.005412912324004076,0.6194180301142066,0.88129109300172,2.867406976100913,0.1798124116015853
0.005641795659660171,0.6211487580832249,0.879381399870729,2.8652684346110244,0.17960155028425476
0.0058693249914396235,0.6228304426234379,0.8774671714459633,2.8631299825371688,0.179393712538938
0.006095445713394982,0.6244618720629663,0.8755691066568484,2.8609916828973656,0.17918912101118273
0.006320103557638378,0.6260418792346162,0.8737061775173584,2.8588535987482935,0.178987630428494
0.006543244607365625,0.6275693414462062,0.8718987558995743,2.8567157934950482,0.1787894393905358
0.006764815309795881,0.629043180441748,0.8799146446347943,2.854578319636283,0.17859194528397412
0.006984762489024153,0.6304623623549795,0.8862403683274255,2.852441139354605,0.1783914294803858
0.007203033358783218,0.6318258976566012,0.8845718667328211,2.8503042076292906,0.1781905481815396
0.0074195755351120765,0.6331328410964616,0.8829589087430865,2.84816756357126,0.17799285811894694
0.0076343370489278485,0.6343822916418518,0.8832552522316125,2.846031265901247,0.17779730611635003
0.007847266358498133,0.6355733924129368,0.8835495990513152,2.8438953318700015,0.17760196956929944
0.008058312361810717,0.6367053306163108,0.8838418268069084,2.841759763960893,0.17740677443084146
0.008267424408837876,0.6377773374775244,0.8823009447174591,2.8396245706107193,0.1772129405800904
0.00847455231369208,0.6387886881734056,0.8808487743410709,2.8374898030439386,0.17702237110580116
0.00867964636667046,0.6397387017648835,0.8795004133332717,2.8353555242017165,0.17683482067040066
0.008882657346184757,0.6406267411309733,0.8796432432281966,2.8332217852220825,0.1766491484687594
0.009083536530574391,0.6414522129045326,0.8784305427714232,2.8310886117027367,0.17646507103413145
0.009282235709799386,0.6422145674103001,0.878595356960415,2.828956045826921,0.17628289415944612
0.009478707197010473,0.6429132986057209,0.8787601498360366,2.826824106268687,0.17610126045011842
0.009672903839993861,0.6435479440249834,0.8789267827674727,2.8246928031968386,0.17592021862040697
0.009864779032487413,0.6441180847266404,0.8790950402365976,2.8225621467155912,0.175739731253492
0.010054286725365989,0.6446233452451814,0.8794034197703305,2.8204321462191384,0.1755596540430978
0.010241381437692917,0.6450633935468308,0.8795899299314518,2.8183028060456263,0.17537988905876192
0.010426018267635371,0.6454379409898469,0.879913954114044,2.816174132370598,0.1752004672425758
0.010608152903240442,0.6457467422895556,0.880097616752955,2.8140461273359647,0.17502107476410664
0.010787741633069886,0.6459895954882917,0.8802598755667932,2.811918791451351,0.174841801070182
0.010964741356690576,0.6461663419304322,0.8804442879256995,2.8097921250794684,0.17466272601910154
0.011139109595018501,0.646276866242629,0.8807337404496337,2.807666133968356,0.17448401865572505
0.011310804500513439,0.6463210963193682,0.8810263034629361,2.805540822835966,0.1743056136522179
0.01147978486722227,0.6462990033138968,0.8812035185543889,2.803416197538413,0.17412763423947727
0.01164601014066809,0.6462106016345976,0.8813818941348014,2.8012922656259827,0.17395008392848046
0.011809440427583194,0.6460559489467999,0.8817201206670291,2.799169033408574,0.1737728098911461
0.011970036505483268,0.6458351461800358,0.8819241017380427,2.797046502690776,0.17359574545408094
0.012127759832080434,0.6455483375406982,0.8812135911985683,2.7949246835361428,0.1734198433189651
0.012282572554533454,0.645195710530038,0.8806210855718749,2.792803607816803,0.17324572268477784
0.012434437518532071,0.6447774959674095,0.8808718042749893,2.79068330541368,0.17307276892495127
0.012583318277213868,0.6442939680186468,0.8811244263105655,2.7885637867871194,0.17290011035653333
0.012729179099911486,0.6437454442294088,0.8813784937657975,2.786445055740552,0.17272769305312788
0.012871984980727568,0.643132285563328,0.8816347539995754,2.784327115000693,0.1725554945474222
0.013011701646936269,0.6424548964447321,0.8818995640621264,2.7822099676989063,0.17238349185949553
0.013148295567208361,0.6417137248056954,0.8824877071903895,2.780093613384434,0.1722113027712569
0.013281733959658606,0.6409092621371342,0.8831268341874741,2.777978042295762,0.17203859305049482
0.01341198479971339,0.6400420435436168,0.8834155780034694,2.775863242119248,0.17186553946619165
0.01353901682779633,0.6391126478015057,0.8837056670356449,2.7737492115906193,0.1716926759452601
0.013662799556830484,0.6381216974200444,0.8835101662032995,2.7716359542981897,0.17152023279022727
0.013783303279554977,0.6370698587048971,0.8833947164622803,2.769523481162588,0.1713484947400726
0.01390049907565486,0.6359578418236308,0.883350957209501,2.767411802738992,0.171177223528025
0.014014358818701689,0.6347864008725794,0.8836923928695265,2.765300923593846,0.17100613155153882
0.014124855182903554,0.6335563339444272,0.8840343340817364,2.763190844541986,0.17083513769390246
0.01423196164966356,0.6322684831958382,0.8840732598302983,2.7610815655755956,0.1706641806883449
0.014335652513943758,0.6309237349143374,0.8843731710671467,2.7589730851838232,0.17049326064786408
0.01443590289043446,0.6295230195836065,0.8847259712505193,2.7568654026765618,0.17032225209838453
0.014532688719526591,0.6280673119462598,0.8850560175970223,2.7547585114876316,0.17015102002659646
0.01462598677308565,0.6265576310630772,0.885407712400772,2.752652409491942,0.16997983825381172
0.01471577466002673,0.6249950403675876,0.8856860575480808,2.7505470949984714,0.16980869178737623
0.014802030831687941,0.6233806477147883,0.8860366459697814,2.748442568872435,0.16963766395298518
0.014884734587002074,0.621715605422667,0.8863875709463389,2.746338831769326,0.16946674524297442
0.014963866077464978,0.6200011103051065,0.8867385813114719,2.744235882635095,0.1692957837701256
0.015039406311898616,0.6182384036945957,0.8870894871185611,2.742133719166999,0.16912483035454892
0.015111337161009484,0.6164287714530678,0.8874407113357079,2.740032340676707,0.16895389746113912
0.01517964136173899,0.6145735439690273,0.8877640414524608,2.737931744645434,0.1687828885532383
0.015244302521406858,0.6126740961390005,0.8883374640226029,2.7358319268834093,0.16861145671924685
0.015305305121645152,0.6107318473311663,0.8887041342457296,2.733732869297143,0.1684392526524815
0.015362634522122656,0.6087482613288883,0.8890699596621112,2.7316345657278265,0.16826710140452508
0.015416276964058397,0.6067248462516699,0.8894354227821871,2.729537013877283,0.1680948789280261
0.01546621957352385,0.6046631544508996,0.8898010016394738,2.7274402141891736,0.16792285555481826
0.015512450364532523,0.6025647823775455,0.890164752751364,2.7253441683809556,0.16775102059259409
0.015554958241916404,0.6004313704187837,0.8900663077742513,2.7232488773835044,0.16757917952269516
0.015593733003989007,0.5982646027003218,0.8899020256539785,2.721154340053018,0.1674074198455205
0.015628765344993547,0.5960662068509869,0.890374412739531,2.71906055491685,0.16723533957898923
0.01566004685733637,0.5938379537259333,0.8907486530189871,2.716967506948385,0.1670626201245477
0.01568757003360466,0.5915816570845904,0.8911481111199634,2.7148751864517324,0.16688942647317176
0.015711328268368234,0.589299173219262,0.891601147396864,2.7127835779262663,0.1667154103621149
0.015731315859764755,0.5869924005300731,0.8920061971108723,2.710692664333459,0.16654080946390984
0.015747528010868286,0.58466327904171,0.8924123102583527,2.7086024388178003,0.16636611154157024
0.01575996083084037,0.582313789857196,0.8927937894622555,2.706512900073876,0.1661915990827564
0.015768611335863852,0.5799459545437246,0.8931938572217649,2.7044240506524995,0.16601713041646216
0.015773477449859147,0.5775618344453498,0.893590876429251,2.7023358887637334,0.16584264633591494
0.01577455800498215,0.5751635299171272,0.8940450682756846,2.7002484111541523,0.16566782675573058
0.015771852741904874,0.572753179475135,0.8944571170858593,2.6981616031302034,0.1654923082931265
0.01576536230987748,0.5703329588565877,0.8949299567993129,2.69607545303358,0.1653161215535814
0.015755088266572438,0.5679050799841311,0.8952966221791597,2.693989938381415,0.1651387071723281
0.015741033077710916,0.5654717898282663,0.8957010618679425,2.6919050349533045,0.16496024497375228
0.015723200116470704,0.5630353691617457,0.8960870996570666,2.6898207237124745,0.1647811828233767
0.015701593662676944,0.5605981311997229,0.8963689656675939,2.687736996828074,0.16460166104433163
0.015676218901774806,0.5581624201194083,0.8965046576452401,2.6856538341985865,0.16442093118308276
0.01564708192358509,0.5557306094529981,0.8964034289187592,2.6835712151685573,0.16423967491321978
0.01561418972084269,0.553305100347722,0.8964744304636305,2.6814891338597433,0.1640580445199587
0.015577550187518458,0.5508883196869736,0.8964975829593436,2.6794075770954913,0.1638758765618564
0.015537172116924432,0.5484827180666975,0.8968138614640969,2.677326537296639,0.16369356983331662
0.015493065199603756,0.5460907676214476,0.8971565271700798,2.6752460135318907,0.16351127170805696
0.0154452400210049,0.5437149596949029,0.8974955453119345,2.6731660033610556,0.1633288933822752
0.01539370805894109,0.5413578023500313,0.8974414675068252,2.6710865036328246,0.1631462052483366
0.01533848168083591,0.5390218177146183,0.8972138521675956,2.6690075002674956,0.16296273132040465
0.01527957414075503,0.5367095391585133,0.8975098564238859,2.666928980935138,0.16277899913231736
0.015216999576225222,0.5344235082996182,0.8970127058344147,2.6648509455663363,0.1625954997460209
0.015150773004841682,0.5321662718365143,0.8965776046852904,2.6627733984119466,0.1624122298776572
0.015080910320663611,0.5299403782065367,0.8963538075060927,2.6606963405085278,0.16222882743949932
0.015007428290399843,0.5277483740691354,0.8959549591616586,2.658619764261015,0.16204519683633134
0.014930344549384992,0.5255928006155555,0.8966434141015699,2.6565436705414704,0.16186175766374702
0.01484967759734673,0.5234761897071115,0.8969383410908054,2.6544680595590218,0.16167827407321106
0.014765446793966469,0.5214010598457204,0.8963580743735636,2.6523929281243563,0.16149467869409653
0.01467767235423269,0.5193699119818355,0.8966995852959115,2.6503182755488326,0.16131120164706514
0.0145863753435895,0.5173852251665212,0.8959622458405321,2.648244103654089,0.16112791101400004
0.014491577672881291,0.5154494520560433,0.8950570994538001,2.6461704183222223,0.16094510349513544
0.014393302093093948,0.5135650142791227,0.894434738120244,2.6440972287206836,0.16076275830174602
0.014291572189894916,0.5117342976787819,0.8947087589329821,2.642024540935125,0.1605806372006352
0.0141864123779726,0.5099596474425551,0.8947471808854673,2.639952355850202,0.16039854707694062
0.014077847895177074,0.5082433631367073,0.8947318044289319,2.637880673750115,0.1602165571265408
0.013965904796463145,0.5065876936619457,0.895008026615802,2.635809496416142,0.16003475237841513
0.013850609947637111,0.5049948321499556,0.8952810620478943,2.6337388263246817,0.15985307459627013
0.013731991018909234,0.5034669108218521,0.8955500113579578,2.6316686643402276,0.15967148356596197
0.013610076478253018,0.5020059958313282,0.8958158701313135,2.629599011271837,0.15948996577612826
0.013484895584573024,0.5006140821168433,0.8960799212605142,2.6275298669586595,0.15930850607591107
0.013356478380682876,0.4992930882886235,0.8963407923997359,2.6254612326358644,0.15912717131684875
0.01322485568609504,0.49804485157746575,0.8965980791701099,2.623393107148465,0.15894568262075448
0.013090059089624429,0.49687112287337265,0.896851899468615,2.6213254881003776,0.15876429310584952
0.012952120941807106,0.495773561882808,0.8976010431333324,2.619258377467034,0.1585829964778283
0.01281107434713644,0.494753732433895,0.897848430298565,2.617191773896692,0.15840167341736736
0.012666953156118092,0.4938130979590622,0.89674998334015,2.6151256823552593,0.15822118980421995
0.012519791957146148,0.4929530171845599,0.8971132569943072,2.6130601219924823,0.15804134587206087
0.012369626068201914,0.4921747400558234,0.8973427517789792,2.6109950963149164,0.15786163391285837
0.012216491528377903,0.49147940392687883,0.8975684098723447,2.6089306074758847,0.15768207218056088
0.012060425089228615,0.490868030040861,0.8979272476379159,2.606866657340333,0.15750264467477568
0.011901464205950295,0.49034152032723594,0.8986344839273757,2.604803246813648,0.15732327076666838
0.01173964702839193,0.4899006545395076,0.8988495118850403,2.6027403749026243,0.157143917629553
0.011575012391899299,0.48954608775504904,0.8989739490475461,2.600678042377172,0.156964669710061
0.011407599807994936,0.489278348256261,0.899188209635528,2.5986162600832245,0.15678681614757303
0.01123744945489537,0.48909783580954236,0.8978594412313126,2.596555053856799,0.15660995287519608
0.011064602167868556,0.48900482035562337,0.897964333645362,2.594494442484256,0.15643386817379268
0.010889099429433696,0.48899944112164034,0.8981601967000749,2.592434431696293,0.15625798441501038
0.010710983359405627,0.48908170616204255,0.8983523553650834,2.5903750256645055,0.15608239232195134
0.010530296704786078,0.48925149233200954,0.8985379230152599,2.5883162279923324,0.15590699090794644
0.010347082829504828,0.48950854569359364,0.8987219765398159,2.5862580413972824,0.15573181054680635
0.010161385704012562,0.4898524823513257,0.8989017327495628,2.584200469093899,0.15555683335894066
0.009973249894727946,0.49028278971062356,0.8990772377214623,2.5821435136676594,0.15538204956594848
0.009782720553342159,0.49079882814899833,0.8992487261885805,2.580087177806229,0.155207465692977
0.00958984340598255,0.49139983308690666,0.8994161238220645,2.5780314650678378,0.15503316088672864
0.00939466474223864,0.4920849174421015,0.8995799143268988,2.575976379621469,0.1548591223795429
0.009197231404052797,0.49285307444860166,0.8979228803471594,2.573921929028019,0.15468606297341161
0.008997590774478476,0.493703180818924,0.8966793954713919,2.5718681463434074,0.15451500918182604
0.008795790766308514,0.4946340002260404,0.8968355570884043,2.5698150639016903,0.15434511115969793
0.008591879810576162,0.49564418707967645,0.8969879380745579,2.5677626918024,0.1541754955561744
0.008385906844932007,0.49673229057004076,0.8971363118559428,2.565711034483436,0.15400619038514934
0.008177921301899014,0.49789675895091307,0.8953619904217373,2.563660100321968,0.15383797451280765
0.007967973097009232,0.49913594403318584,0.8941474717177866,2.561609926056672,0.15367192515303665
0.0077561126168240015,0.5004481058594816,0.8923431688000796,2.5595605483863615,0.15350782139695843
0.007542390706841605,0.5018314175303212,0.8924736234001042,2.557512002667844,0.15334471066493102
0.007326858659294549,0.5032839701524969,0.8926001471413075,2.555464286213533,0.15318132189450992
0.007109568200839586,0.5048037778807726,0.8927229057315733,2.553417399669441,0.15301824312537976
0.006890571480143782,0.5063887830247706,0.8907976134170602,2.5513713525876245,0.1528564346171908
0.006669921055368865,0.5080368611939262,0.8888150393999409,2.549326187465798,0.15269736871192102
0.0064476698815575904,0.5097458264545712,0.8889166730203848,2.5472819541065186,0.15254017384269303
0.0062238712979248425,0.5115134364746181,0.8890151965215253,2.54523866868943,0.15238316812817787
0.005998579015056403,0.5133373976328712,0.8891103467084389,2.543196318287575,0.15222534051840678
0.005771847102018741,0.5152153700716512,0.8892023747484369,2.5411548982008414,0.1520678138802989
0.005543729973382606,0.5171449726731919,0.889291182136703,2.5391144131268715,0.1519106673075045
0.005314282376163843,0.5191237879420896,0.8893769389631739,2.537074869570042,0.15175398506696905
0.005083559376684442,0.521149366777936,0.8873366947668482,2.5350362792409418,0.15159863884383756
0.0048516163473567514,0.5232192331241347,0.8853061200301847,2.532998686327805,0.15144604433596653
0.0046185089533944184,0.5253308884807463,0.8833145386436629,2.530962141018107,0.15129610146853545
0.00438429313945307,0.5274818162710031,0.8834054441309983,2.528926694240522,0.15114816920089794
0.004149025116203712,0.529669486052892,0.8835228297768136,2.5268923622079447,0.15100056310389717
0.003912761346842645,0.5318913575688914,0.8815875940991594,2.5248591538884266,0.15085430754274715
0.003675558533540389,0.5341448846285036,0.8820055894917167,2.5228271089717285,0.1507098255031557
0.003437473603833521,0.5364275188197684,0.880146566373948,2.5207962431224393,0.15056643390859245
0.003198563696962268,0.5387367130472834,0.8802533935136121,2.5187665921061004,0.15042479955558083
0.002958886150157547,0.5410699248955995,0.8785290160519654,2.516738175011133,0.15028446575094534
0.0027184984848800504,0.5434246198179642,0.877172242666703,2.5147110311760157,0.1501463361956494
0.002477458393015546,0.5457982741515132,0.8759240761289214,2.5126851923542777,0.15000964853530194
0.002235823723029043,0.5481883779609015,0.8760897548756781,2.510660681612894,0.14987391609836725
0.001993652466081446,0.550592437713243,0.8746431131549763,2.508637510332446,0.1497390501397969
0.0017510027421119279,0.5530079787879293,0.8749693993697183,2.506615698546468,0.14960507447471386
0.001507932785889523,0.5554325478255491,0.8751491221768526,2.5045952508154987,0.14947128181146066
0.0012645009330369064,0.5578637149206411,0.8755153049811594,2.5025761692523183,0.1493376919521721
0.0010207656060302597,0.5602990756634677,0.8758386452261137,2.5005584519679416,0.14920401727366814
0.0007767853001780882,0.5627362530363331,0.8760072976978758,2.4985420970608403,0.14907058005043566
0.0005326185695826374,0.5651728991702676,0.8748629013651923,2.4965271096533206,0.14893788158957974
0.0002883240130871994,0.5676066969680744,0.8738953963915274,2.494513512555366,0.14880669997970924
4.396026021267035e-05,0.5700353615998924,0.8731090520572882,2.4925013329784775,0.14867707245558412
-0.00020041404291324576,0.5724566418775,0.8733744157008706,2.4904905928216103,0.14854808563971555
-0.0004447402476308242,0.5748683215136019,0.8727910679288322,2.488481294609395,0.14841936923698376
-0.0006889597168237787,0.577268220272331,0.8712042431289326,2.4864734473589194,0.14829169736405554
-0.0009330138389917684,0.5796541950171276,0.8696799839000248,2.484467078754391,0.1481658199860699
-0.001176844042317013,0.5820241406620615,0.8699998503889486,2.482462217857987,0.14804100951408286
-0.001420391808721138,0.5843759910325333,0.8703210537067111,2.4804588696925958,0.14791623625809075
-0.00166359868790927,0.5867077196411568,0.8701519788119148,2.4784570311267062,0.14779149309099499
-0.00190640631139785,0.589017340384402,0.870122399877076,2.476456699769003,0.14766672492870755
-0.0021487564065227572,0.5913029081654662,0.8701412295188643,2.4744578727019335,0.14754194060032227
-0.002390590810424493,0.5935625194485602,0.8704779367864885,2.4724605438944685,0.14741699347322998
-0.0026318514840070035,0.5957943127496307,0.8708480751369906,2.470464709057903,0.14729199559462214
-0.002872480525866665,0.5979964690683153,0.8712187552703158,2.4684703627949736,0.14716685262209267
-0.003112420186188557,0.600167212265687,0.8714310226609349,2.466477499491059,0.14704145210835529
-0.0033516128806059206,0.6023048093921347,0.8718206878705498,2.464486107775535,0.1469156543281675
-0.003590001204020277,0.6044075709695043,0.8721635694740051,2.462496177975459,0.14678956189693673
-0.0038275279443783124,0.6064738512313843,0.8700913006986946,2.460507708425912,0.14666422075781183
-0.004064136096402536,0.6085020483252231,0.8704760656452767,2.458520722556369,0.14654000623288377
-0.004299768875272199,0.6104906044797366,0.8708131155653872,2.4565352245305343,0.1464157327338607
-0.004534369730251465,0.6124380061408562,0.8687612291631696,2.454551212951787,0.14629210745648055
-0.004767882358261288,0.6143427840792708,0.8667661889479505,2.452568714244247,0.14617043328138943
-0.005000250717391807,0.6162035134724191,0.8671454171760767,2.4505877649780246,0.14605023845557874
-0.00523141904035229,0.6180188139635957,0.8675265792977348,2.448608370741178,0.1459299198141445
-0.0054613318478548365,0.6197873497006531,0.8679077226635117,2.4466305281892917,0.14580970494673015
-0.005689933961929326,0.6215078293566263,0.8682892188234144,2.4446542352519294,0.14568940387401805
-0.005917170519165678,0.6231790061344178,0.8686707455571068,2.442679485772967,0.1455689770998195
-0.006142986983880932,0.6247996777575414,0.8685647875968915,2.4407062763909266,0.14544869368092447
-0.006367329161207532,0.6263686864487749,0.869063854022847,2.4387346057265913,0.1453280698633671
-0.0065901432100997975,0.6278849188984189,0.8696846994459798,2.4367644530156185,0.14520627472490724
-0.006811375656255534,0.6293473062237529,0.8700976929165066,2.43479579267151,0.14508366509504494
-0.007030973404949666,0.6307548239211243,0.8708235112138754,2.4328286115391378,0.14496032762465685
-0.007248883753776591,0.6321064918120242,0.8707184858003753,2.4308628848998275,0.14483617349537387
-0.007465054405298591,0.6334013739843518,0.871142276437173,2.4288986063810145,0.14471209671579566
-0.007679433479596965,0.6346385787300257,0.8715652977997889,2.426935774204654,0.1445880690642464
-0.007891969526722952,0.6358172584799425,0.8719875545261869,2.4249743845412373,0.14446394030332985
-0.008102611539045472,0.6369366097372403,0.8724083905971315,2.423014432901101,0.1443397153215236
-0.008311308963492659,0.6379958730097247,0.8728273652452755,2.4210559133569265,0.1442153366011339
-0.008518011713684452,0.6389943327422319,0.8732459154635329,2.4190988232266455,0.14409107105981023
-0.008722670181952998,0.6399313172496512,0.8736624733188741,2.4171431586242385,0.1439666328718667
-0.008925235251248349,0.6408061986512282,0.8718209058161865,2.4151889178620713,0.14384281122666837
-0.009125658306926174,0.6416183928067689,0.8721268867003934,2.4132361220592973,0.143720110564301
-0.009323891248415239,0.6423673592552225,0.870484308065948,2.41128478075597,0.14359809494101475
-0.009519886500761096,0.6430526011561521,0.8689181461923529,2.4093349137657323,0.14347738339386876
-0.009713597026044032,0.6436736652344961,0.8674291833020086,2.4073865426503596,0.1433578458254901
-0.009904976334667796,0.644230141729,0.8677987286241406,2.4054396854109426,0.14323901601067485
-0.010093978496516982,0.6447216643446515,0.8681676974475406,2.4034943432268325,0.1431201437917773
-0.010280558151980012,0.6451479102094114,0.8685360548547569,2.4015505125826153,0.14300123362947192
-0.010464670522835213,0.6455085998354965,0.8690286245659392,2.3996081877383952,0.14288192331109112
-0.010646271422997292,0.6458034970854265,0.8695711737028039,2.3976673507269353,0.1427616876536552
-0.010825317269121983,0.6460324091430393,0.8701427991902829,2.3957279786140435,0.1426403857321882
-0.011001765091065641,0.646195186489597,0.8700689176649472,2.3937900493967215,0.14251850837557678
-0.011175572542197965,0.6462917228851505,0.8699337131571163,2.3918535584948675,0.14239675947249325
-0.011346697909565074,0.6463219553552145,0.8702443293990761,2.3899185056232515,0.1422751673955186
-0.011515100123900154,0.6462858641828505,0.8708903702251676,2.387984888549053,0.14215316374904202
-0.011680738769480163,0.6461834729061801,0.8713100677243174,2.3860526870173424,0.1420304507092432
-0.011843574093825257,0.6460148483213546,0.8717018082400412,2.384121895165256,0.14190779772822945
-0.012003567017239227,0.6457801004909497,0.8720967173308858,2.3821925107051776,0.1417851474931899
-0.01216067914218847,0.6454793827577583,0.872718893834649,2.38026452702194,0.14166185883897242
-0.012314872762517134,0.6451128917639053,0.8731132277692691,2.378337918266565,0.14153743650028727
-0.012466110872496508,0.6446808674751852,0.8735114754232775,2.3764126710836355,0.14141285715109791
-0.0126143571757062,0.6441835932105016,0.8738847928743457,2.374488781032707,0.14128827973953212
-0.012759576093745027,0.643621395676244,0.8742310157375535,2.372566248417922,0.14116399320376552
-0.012901732774769739,0.6429946450054174,0.874622689233004,2.3706450753723582,0.14103981486711417
-0.013040793101859287,0.6423037548013011,0.875013544293972,2.3687252600168502,0.14091562365517254
-0.013176723701202635,0.6415491821853821,0.8753207297101514,2.366806797837271,0.1407913701850493
-0.013309491950108528,0.6407314278492577,0.8756480463542294,2.3648896879469166,0.14066729077965345
-0.013439065984834422,0.6398510361101847,0.8762082565268203,2.3629739279473543,0.14054277137722287
-0.013565414708234056,0.6389085949698801,0.8767047577722294,2.361059494050076,0.1404168839066433
-0.013688507797220303,0.6379047361761628,0.8754553426020847,2.359146360981415,0.14029063106260112
-0.013808315710042637,0.636840135286952,0.8758349573328728,2.3572345385499798,0.14016517669751502
-0.01392480969337713,0.6357155117360853,0.8762113616800717,2.355324029370381,0.14003972588578656
-0.014037961789226935,0.6345316289003954,0.8765895191256272,2.353414829592477,0.13991413223232452
-0.014147744841632205,0.6332892941673621,0.876966474249918,2.3515069338431127,0.13978841656824928
-0.01425413250318737,0.6319893590026509,0.8759165283221302,2.349600339608724,0.13966308034056535
-0.014357099241364281,0.6306327190167293,0.8762833510803857,2.3476950589371257,0.1395383378746535
-0.01445662034464016,0.6292203140297163,0.8766107782808993,2.345791090152307,0.13941335568864288
-0.0145526719284278,0.6277531281334973,0.8769758845333969,2.34388842777207,0.13928830421153243
-0.01464523094080821,0.626232189750067,0.8773017164708733,2.3419870671854874,0.13916316484970231
-0.014734275168062758,0.6246585716849874,0.8776648080179317,2.3400870046279745,0.13903791153563624
-0.014819783240004273,0.6230333911746953,0.8780285467702866,2.338188230523331,0.1389120845281656
-0.014901734635106016,0.6213578099263317,0.8783919400698864,2.3362907335617944,0.13878607324859024
-0.01498010968542649,0.6196330341486311,0.8787544765657682,2.334394509102675,0.13865995025573016
-0.015054889581329826,0.617860314572268,0.8790794380288578,2.332499552492022,0.13853379359115336
-0.015126056376000011,0.616040946457961,0.8794237131746953,2.330605862224029,0.13840771163706456
-0.015193592989747913,0.6141762695904605,0.8797819366344927,2.328713436280776,0.13828156321553453
-0.015257483214110416,0.6122676682564175,0.8801393200954309,2.326822269445842,0.13815526444147874
-0.015317711715740394,0.6103165712039736,0.8804615890556182,2.324932356049975,0.138028836658809
-0.015374264040086495,0.6083244515817379,0.880467562010371,2.3230436929145726,0.13790243755885975
-0.015427126614862435,0.6062928268546421,0.8804109229863011,2.321156277444118,0.13777597777584025
-0.01547628675330393,0.6042232586940154,0.8807721662573234,2.3192701052908924,0.13764943470709526
-0.015521732657213797,0.6021173528389748,0.8809385375949893,2.3173851731409223,0.13752269052699223
-0.015563453419793202,0.5999767589260914,0.8809758838820497,2.3155014666668525,0.13739518970514553
-0.015601439028259431,0.5978031702840398,0.8813227669792392,2.3136189725232525,0.13726741778312831
-0.01563568036624877,0.5955983236897697,0.8812109576149968,2.3117376849843527,0.13713943530477513
-0.01566616921600446,0.593363999082481,0.8815435878083785,2.3098575977034312,0.13701128002769877
-0.015692898260348944,0.59110201923151,0.8814968079441257,2.3079787027622705,0.13688283667692647
-0.015715861084439803,0.588814249353971,0.8818374628155128,2.306100995745906,0.13675442135331276
-0.015735052177309607,0.5865025966778009,0.8815793872107849,2.3042244750447027,0.13662607821044415
-0.01575046693318812,0.5841690099456159,0.8805886406820713,2.3023491441887565,0.13649839505578099
-0.015762101652607885,0.5818154788545685,0.8800893613446686,2.3004750177094633,0.13637146477199574
-0.015769953543292196,0.5794440334271813,0.880387352040351,2.298602104854179,0.13624503781695924
-0.015774020720824882,0.5770567433079119,0.8806825029637583,2.29673041348386,0.1361190592846677
-0.015774302209102902,0.5746557169800189,0.8809750666539091,2.2948599448538975,0.13599309318593705
-0.015770797940570385,0.5722431008970854,0.8807151551991501,2.292990696844019,0.13586718325124447
-0.015763508756235067,0.5698210785234058,0.8805375906345096,2.2911226697605223,0.13574143880569536
-0.015752436405466082,0.5673918692772908,0.8808125944618911,2.289255862992728,0.13561573704758328
-0.01573758354557444,0.5649577273712055,0.8810853250174864,2.2873902754841784,0.13549011566223382
-0.015718953741175382,0.5625209405425681,0.8813553243958672,2.285525905972041,0.13536453219415004
-0.015696551463332452,0.5600838286689899,0.8816228079164566,2.283662752608988,0.13523899915334298
-0.0156703820884847,0.5576487422617018,0.8818883027522115,2.281800816220349,0.1351137459296807
-0.015640451897156623,0.555218060830941,0.8821515712158289,2.2799400987437672,0.13498858943011893
-0.01560676807245035,0.552794191117181,0.8824114251548317,2.2780805995461444,0.13486354338230944
-0.015569338698322265,0.5503795651821852,0.882668450567128,2.276222316973987,0.13473850640875557
-0.015528172757642312,0.547976638354119,0.8831088618452331,2.274365250728006,0.13461361171991523
-0.015483280130038794,0.5455878870212032,0.8835120641071911,2.2725093995375087,0.1344887325589947
-0.015434671589526763,0.5432158062687639,0.8837660022922417,2.2706547620831516,0.1343639501756824
-0.015382358801922706,0.540862907354987,0.8840157123721355,2.2688013388506105,0.13423934398543286
-0.015326354322044393,0.5385317150212149,0.8847003798920636,2.2669491289626875,0.13411454701431064
-0.015266671590698305,0.5362247646332567,0.8849426320378069,2.2650981201103737,0.1339893021218448
-0.01520332493145337,0.5339445991509411,0.8851828812753701,2.2632483096477123,0.13386429861562968
-0.015136329547203845,0.5316937659239627,0.8863706078527862,2.26139969562484,0.13373881733789103
-0.015065701516520221,0.5294748133130566,0.8866013307522906,2.2595522576855536,0.13361263686485214
-0.014991457789790955,0.5272902871365739,0.8868295275245434,2.2577059949724454,0.1334870183637691
-0.01491361618515397,0.5251427269437543,0.8885043907671049,2.2558609137445007,0.13336119721597844
-0.014832195384220835,0.5230346621172348,0.8870623317262575,2.2540169962619157,0.13323526797758362
-0.014747214927592879,0.5209686078087895,0.8872668358828173,2.25217426503323,0.13311078035125673
-0.014658695210171753,0.5189470607137507,0.8876973058469685,2.2503327312763393,0.13298653614476347
-0.014566657476264759,0.5169724946911969,0.8878980766744129,2.2484923964433805,0.1328625385532205
-0.014471123814486266,0.5150473562386528,0.8880967114758973,2.2466532639970347,0.1327388115572286
-0.014372117152456442,0.5131740598318195,0.8882928301903901,2.2448153358288283,0.13261523026704833
-0.014269661251299005,0.5113549831416503,0.8884862328674727,2.2429786118059276,0.1324917923740427
-0.014163780699938395,0.5095924621429342,0.888889503479685,2.2411430935924277,0.13236854413294846
-0.014054500909198667,0.5078887861304249,0.8890786863972215,2.2393118072151723,0.13254806593935334
-0.01394184810570506,0.5062461926603964,0.8892662788271279,2.2374877507402045,0.13272600252380132
-0.013825849325589659,0.5046668624373226,0.8894518628071478,2.235670878138248,0.13290235869539296
-0.013706532408002839,0.5031529141671492,0.8895228607180802,2.233861143598231,0.1330771944074372
-0.01358392598843212,0.5017063994002734,0.8897063659787978,2.2320585043615333,0.1332506154177318
-0.013458059491829688,0.5003292973888882,0.8900904266170327,2.2302629161163425,0.13342248136518742
-0.013328963125550456,0.4990235099847449,0.8904305655694835,2.2284743344357265,0.13359286749572416
-0.013196667872102772,0.497790856604552,0.8906089818712779,2.2266927145179674,0.13376157186524276
-0.013061205481712315,0.49663306929122714,0.890789624683548,2.2249180086136615,0.1339286767655431
-0.012922608464702556,0.4955517878999299,0.8909620735638892,2.223150171216143,0.13409417386310052
-0.012780910083692313,0.49454855543825077,0.8911378203143512,2.2213891576134897,0.13425816506122173
-0.012636144345612811,0.49362481359008276,0.8914533529179551,2.219634924037607,0.13442070178093046
-0.012488345993546285,0.4927818984525247,0.8916191362592636,2.2178874292846023,0.13458183839524432
-0.01233755049838783,0.4920210365146604,0.8940791688447323,2.216146580082178,0.13473148765333837
-0.01218379405033242,0.49134334090619863,0.8965533171213506,2.2144119389617227,0.13485532193628944
-0.012027113550189457,0.4907498079427608,0.8990197093353438,2.2126829895335374,0.13495453538279006
-0.011867546600526984,0.4902413139930598,0.9014565865687236,2.210959240251879,0.13503032701098924
-0.011705131496646905,0.4898186126913092,0.9016013439119747,2.2092402660872064,0.13509204709077674
-0.011539907217394521,0.48948233251603107,0.9017430656823174,2.2075259481523624,0.1351527887421901
-0.011371913415803785,0.4892329747539012,0.9018828636179989,2.205816268690137,0.13521339297109564
-0.01120119040958065,0.4890709118645218,0.9020195851456476,2.2041112069955733,0.13527306688723606
-0.01102777917142712,0.4889963862590123,0.9021532354752874,2.2024107351430273,0.1353318225509989
-0.010851721319207901,0.48900950950212024,0.9024407349631117,2.2007148247023016,0.13538954857289479
-0.010673059105962506,0.48911026194422463,0.9026838085712201,2.1990234458620344,0.13544628460021682
-0.010491835409764408,0.4892984927861886,0.9067637047756333,2.197336525690284,0.1354931988176901
-0.010308093723430868,0.48957392057653126,0.9071029731483866,2.1956537290147,0.13552601789278768
-0.010121878144084535,0.4899361341369442,0.911089280185146,2.193974898565466,0.1355496270172858
-0.009933233362570612,0.49038459390876626,0.9111986844666324,2.1922997233740675,0.13556022462145406
-0.009742204652731132,0.49091863370974426,0.9115227585202268,2.190628099576102,0.13557007894584136
-0.009548837860539505,0.49153746288726236,0.9116274903212462,2.1889600046771407,0.1355791528860979
-0.009353179393097646,0.4922401688513178,0.9094900705135616,2.187295415134588,0.13558721601580523
-0.009155276207498548,0.4930257199677938,0.9071081761064367,2.185634300066185,0.13559417282011008
-0.00895517579955673,0.4938929687902021,0.9073007507645023,2.183976635901559,0.13560040580723112
-0.008752926192409636,0.49484065560593565,0.9076391658977573,2.1823224008656266,0.13560587417817635
-0.008548575924992122,0.4958674122712978,0.9050591398381896,2.180671573685497,0.1356108966405708
-0.008342174040387462,0.496971766308122,0.9051162270860005,2.179024146538406,0.1356159271710816
-0.00813377007405721,0.498152145233709,0.9051705550920398,2.177380107781401,0.1356205772544356
-0.007923414041952851,0.49940688109503995,0.9052220988315565,2.175739442415086,0.13562479531269972
-0.00771115642851239,0.5007342151778392,0.902430717638352,2.1741021382575556,0.13562921272327513
-0.007497048174544151,0.5021323028609709,0.8995199449216835,2.17246821404336,0.13563594161258952
-0.007281140665001326,0.5035992185868905,0.8995524869623647,2.170837704571589,0.13564365271884246
-0.0070634857166498545,0.5051329609194138,0.8965618137627451,2.1692106074239876,0.13565188267302453
-0.006844135565632454,0.506731457660865,0.8965870078533994,2.1675869416410314,0.13566125573816668
-0.006623142854932545,0.5083925710017031,0.8966097559291596,2.165966704392714,0.13567035109330214
-0.006400560621739857,0.5101141026769794,0.8966307865262503,2.164349883312073,0.13567916336519711
-0.006176442284721903,0.5118937991054171,0.8966493744560844,2.16273647436992,0.13568874397343003
-0.0059508416312037595,0.5137293564884718,0.8936272574891259,2.16112648687875,0.13569929600144928
-0.005723812804259353,0.515618425848434,0.8936424352014821,2.1595199463256467,0.13571127979023895
-0.005495410289717386,0.5175586179864111,0.8936556814440006,2.1579168544801504,0.1357232152243383
-0.005265688903084926,0.5195475083428538,0.8906755928980656,2.1563172084172533,0.13573608858613703
-0.005034703776392121,0.5215826417451621,0.8877849141400113,2.154721041972234,0.1357516051745391
-0.004802510344960552,0.5236615370287534,0.8850303774693508,2.1531283936749346,0.13576865250448206
-0.004569164334099222,0.5257816915198191,0.8824539025165772,2.1515392802806725,0.13578725096829633
-0.0043347217457306,0.5279405853698069,0.880093219886615,2.1499537376929903,0.1358081840233604
-0.004099238844950566,0.530135685733356,0.8779809539145966,2.1483718028808916,0.135831213587088
-0.0038627721465249103,0.5323644507831407,0.876141598037612,2.1467935051121314,0.13585575069633382
-0.0036253784013261974,0.5346243335565757,0.8762786571472628,2.1452188608177507,0.1358809724791969
-0.0033871145827136916,0.5369127856308703,0.8764169322870433,2.1436478648256725,0.13590603149049532
-0.003148037872860199,0.5392272606242482,0.8765563759760081,2.1420805071200824,0.1359309880701742
-0.0029082056490284556,0.5415652175224408,0.8830157726858359,2.140516765951282,0.13595343221670353
-0.00266767546980092,0.5439241238306782,0.8831267833902855,2.1389565523942995,0.13597250254415286
-0.002426505061266079,0.5463014585524703,0.8887112703971478,2.137399830859404,0.13599038931932506
-0.002184752303164193,0.5486947149973721,0.8887932735186379,2.135846556573348,0.13600679772882673
-0.0019424752149969013,0.551101403420749,0.8888769648076228,2.1342967156009554,0.13602339064576607
-0.0016997319421022767,0.553519053499267,0.8891303219087985,2.132750304144161,0.13604009939739634
-0.00145658074170063,0.5559452166464361,0.8892148313621854,2.131207317137532,0.1360569102739782
-0.001213079968912904,0.5583774681730598,0.887824610319507,2.129667753749687,0.13607461011983346
-0.0009692880627556867,0.5608134092978277,0.8881279121180446,2.1281316371869745,0.13609357377648884
-0.0007252635321162282,0.5632506690136759,0.8883906982015956,2.1265989679118045,0.13611249591341032
-0.0004810649417105123,0.5656869058157594,0.8885053353375361,2.125069740541221,0.13613158871232767
-0.00023675089802803823,0.5681198092970717,0.8886225945513165,2.123543951004182,0.13615075378234756
7.619964733464269e-06,0.5705471016179012,0.8887416609895992,2.1220215906983513,0.13616962720038428
0.0002519889987399543,0.5729665388553292,0.8888625447431631,2.1205026483469673,0.13618848777700696
0.0004962975565963008,0.5753759122390476,0.8889748317161974,2.1189871193412793,0.13620756404085974
0.000740487005421344,0.5777730492796878,0.8895013841721601,2.1174749995423885,0.13622639434607683
0.0009844987409195333,0.5801558147958156,0.8886169372891324,2.1159662724752533,0.13624523143610956
0.0012282742014456153,0.5825221118456397,0.8888675818809286,2.114460947756341,0.13626491512030794
0.0014717548820592605,0.5848698825693361,0.889028653788193,2.112959023697876,0.1362845847761962
0.0017148823485658743,0.587197108947736,0.8892769466696722,2.111460493466107,0.13630426675025972
0.0019575982515405437,0.589501813482965,0.889532882805345,2.1099653511513976,0.1363240012582321
0.002199844340331647,0.5917820598064027,0.8901184815361798,2.108473588430866,0.13634328382929653
0.0024415624770407025,0.5940359532191435,0.8902887448768061,2.1069851814881835,0.1363618157305562
0.002682694650475188,0.5962616411699289,0.8904599226685171,2.105500119462342,0.1363804143496555
0.0029231829900709765,0.5984573136752803,0.8907041285605066,2.1040183960287924,0.13639901168548876
0.0031629697797809146,0.6006212036863703,0.8908745512443198,2.1025400054739602,0.13641770879821258
0.003401997471926543,0.6027515874069128,0.8910282232882731,2.101064940928179,0.13643618189972406
0.003640208701009097,0.6048467845661504,0.8911819307999823,2.0995931925639644,0.13645473223168839
0.0038775462974770547,0.6069051586507893,0.8913537550459997,2.09812475663741,0.13647340405689712
0.004113953301446555,0.6089251170995074,0.8915078717630243,2.096659630091538,0.13649232025497746
0.0043493729763714245,0.6109051114634537,0.8910403377657907,2.0951978126295603,0.1365117950799262
0.0045837488226597375,0.6128436375359612,0.8907150987509909,2.0937393155588535,0.13653236819829168
0.004817024591233441,0.6147392354544617,0.8909207761158573,2.0922841596861836,0.1365544525689359
0.005049144297027851,0.6165904897774278,0.8911000664987604,2.0908323578179093,0.13657694220464284
0.005280052232427796,0.6183960295389759,0.8911560120357002,2.0893839088798303,0.13659974015976492
0.0055096929806371766,0.6201545282835672,0.891359862149363,2.087938812257038,0.13662278464215377
0.005738011428978751,0.6218647040830897,0.891563442665614,2.0864970632423168,0.136645782331463
0.005964952782120874,0.6235253195384409,0.8917395863580458,2.0850586545507888,0.13666883769394114
0.0061904625752281575,0.6251351817675735,0.8919151744973867,2.0836235836096026,0.136692247283815
0.0064144866870327584,0.6266931423818116,0.8920898906427988,2.0821918501862746,0.136715867742043
0.006636971352823206,0.6281980974521308,0.8922921864209827,2.0807634504783623,0.13673959614849868
0.006857863177347655,0.6296489874669373,0.8924951779217277,2.0793383801703067,0.13676345746236446
0.007077109147628544,0.6310447972827855,0.8927255111740589,2.0779166347153923,0.13678741263643898
0.007294656645685485,0.6323845560693301,0.892927133311528,2.076498209714608,0.13681147027666324
0.007510453461163145,0.6336673372497413,0.8927869907011726,2.0750831030710524,0.13683623203667258
0.007724447803861697,0.6348922584376658,0.8929974823212654,2.0736713342744535,0.13686225684625983
0.007936588316166114,0.6360584813717524,0.8931755590946102,2.072262908936044,0.13688855548905648
0.008146824085371774,0.6371652118486735,0.8930999298858824,2.0708578282231076,0.136915683240914
0.008355104655903218,0.6382116996554712,0.8932807768725965,2.069456112158503,0.1369440645930426
0.008561380041423311,0.6391972385020064,0.8934609028753195,2.0680577684674284,0.13697286960492766
0.008765600736829691,0.6401211659541954,0.8934177380587691,2.0666627998095373,0.1370026076171721
0.008967717730135771,0.6409828633686758,0.8933804046756499,2.0652712374123223,0.13703496835040752
0.009167682514233336,0.6417817558294612,0.8933311285850853,2.063883127792359,0.13706992011800953
0.00936544709853406,0.6425173120871029,0.8935153893804872,2.0624985134517697,0.13710674209711876
0.00956096402048708,0.643189044500818,0.8937388819472795,2.0611174055170536,0.13714398536910072
0.009754186356969584,0.643796508984001,0.8939219105575585,2.0597398046212763,0.13718157571953218
0.009945067735548358,0.6443393049534653,0.8942535642334192,2.0583657110061235,0.1372195032101628
0.010133562345608813,0.6448170752827703,0.8944353549401189,2.056995120434176,0.1372573751738104
0.010319624949349302,0.6452295062598888,0.8946560895588462,2.0556280268557092,0.1372955065401845
0.010503210892638072,0.6455763275494807,0.8953569209254693,2.054264429636794,0.13733389350358127
0.010684276115730045,0.6458573121599714,0.8955460800766392,2.0529043269768437,0.13737268409607484
0.010862777163840778,0.6460722764156304,0.8962706892505101,2.051547722073646,0.13741186076327708
0.01103867119757556,0.6462210799337813,0.8965051018332664,2.0501946107989055,0.13745115524319468
0.011211916003210629,0.6463036256072745,0.8971906488317457,2.0488449910968862,0.13749068363820802
0.01138247000282426,0.6463198595923061,0.8974306800883511,2.0474988589290017,0.13753042117411987
0.011550292264275208,0.6462697713016361,0.897628580475838,2.0461562153185526,0.13757066630151207
0.011715342511026332,0.6461533934032613,0.8978648173654565,2.044817063792563,0.13761143007307158
0.011877581131810668,0.6459708018245258,0.8980989179434301,2.04348140572632,0.13765254578675018
0.012036969190138015,0.6457221157616657,0.8984563906289436,2.0421492427280628,0.13769412710059817
0.012193468433639427,0.6454074976947244,0.8984406599594522,2.040820583513601,0.13773757034254278
0.012347041303247751,0.6450271534077867,0.8990166552261986,2.0394954791281608,0.13778352447810044
0.012497650942211436,0.6445813320143996,0.8989114319712618,2.0381739534694105,0.1378316141232702
0.012645261204940089,0.6440703259880681,0.8990876607707291,2.03685606822496,0.1378828418348249
0.012789836665679196,0.6434944711976547,0.8992992480119983,2.035541846033413,0.1379346414810104
0.012931342627012182,0.6428541469474826,0.8994716766324339,2.0342312900049326,0.13798699799779043
0.0130697451281876,0.6421497760219224,0.8998301017600815,2.032924402732523,0.1380397211529656
0.013205010953269489,0.6413818247341841,0.8999999993733782,2.031621182266507,0.1380927084061194
0.013337107639109183,0.6405508029790229,0.9001677428591034,2.0303216301117,0.13814631437558783
0.01346600348313612,0.6396572642890059,0.9003336192566906,2.02902575216773,0.13820057939385744
0.013591667550966488,0.6387018058939524,0.900497511298454,2.0277335545116553,0.13825554845825305
0.013714069683827209,0.6376850687831092,0.9006938915605872,2.026445043879975,0.13831117420420314
0.013833180505793977,0.6366077377695817,0.9008535039756459,2.02516022421686,0.13836733823213895
0.01394897143084125,0.635470541556473,0.9010452948493938,2.023879100293097,0.13842414259581431
0.01406141466970282,0.634274252804131,0.9005738927711202,2.022601687771481,0.13848369358517756
0.01417048323654114,0.6330196881978395,0.8998967419205732,2.0213280778873903,0.13854942259785324
0.014276150955423714,0.6317077085152365,0.9000498651717618,2.0200583803944268,0.1386194320674378
0.014378392466605222,0.6303392186926262,0.9002005851046018,2.0187926258346973,0.13869016297667597
0.014477183232613782,0.6289151678893369,0.8992765086857373,2.017530833368441,0.13876419612638954
0.01457249954413978,0.6274365495491231,0.8994051951765674,2.0162731010766812,0.1388429258078263
0.014664318525725892,0.6259044014575864,0.8982602075026669,2.0150194766223275,0.13892527507483948
0.0147526181412574,0.6243198057944294,0.8983668758348391,2.013770068352177,0.13901280029007285
0.014837377199250382,0.6226838891793095,0.8983428385817459,2.0125249130586056,0.1391011031886202
0.014918575357937792,0.6209978227099043,0.8984478660376328,2.0112840170475055,0.13919017801022082
0.014996193130151296,0.6192628219907105,0.8988398371628381,2.010047388429148,0.13927998109232478
0.015070211887998168,0.6174801471509563,0.8987621022742099,2.008815029795542,0.13937029986117558
0.0151406138673318,0.6156511028498858,0.8990078459667279,2.007586943463885,0.13946110709908063
0.015207382172015105,0.6137770382675151,0.8991091175710524,2.0063631284919654,0.1395523751404578
0.015270500777975496,0.6118593470788303,0.8977179472874786,2.0051436069600372,0.13964766547623242
0.015329954537050503,0.6098994674092261,0.8961500539091461,2.0039285139772107,0.13975187014603402
0.015385729180623328,0.6078988817688137,0.8962992446539074,2.0027180111526994,0.13986296540421078
0.015437811323047217,0.6058591169630719,0.8961992815439338,2.001512182026141,0.13997769790882283
0.015486188464858025,0.6037817439771024,0.8961485390229921,2.000311094012988,0.14009633918517245
0.015530848995773963,0.6016683778305976,0.8946274176930632,1.9991148232931424,0.14022082052674156
0.015571782197481928,0.5995206774003847,0.8948763518782199,1.9979235057844151,0.1403511369554395
0.015608978246210095,0.5973403452072616,0.8951248621067615,1.9967371781163066,0.1404820235332175
0.015642428215085227,0.5951291271635665,0.8951959052725131,1.9955558415236023,0.14061359922266917
0.01567212407627537,0.5928888122777661,0.8934948722801253,1.9943795220643041,0.14074965301816222
0.015698058702916413,0.5906212323120863,0.8935439568362741,1.993208348816274,0.14089177087378585
0.01572022587082242,0.5883282613890013,0.8937896509998865,1.9920423644743985,0.14103472236628908
0.01573862025997957,0.5860118155421751,0.8919437910117834,1.9908815897835086,0.14118194688680774
0.015753237455822692,0.5836738522072183,0.8900053529898629,1.9897261757243476,0.14133909740902292
0.01576407395029502,0.5813163696474011,0.8898133810160964,1.9885762959404176,0.1415039502733225
0.015771127142689825,0.5789414063092567,0.8901597895774396,1.9874320513079402,0.14167234634008402
0.015774395340274826,0.5765510401027816,0.8901944795967407,1.986293467454476,0.14184181094753184
0.015773877758698283,0.5741473876007664,0.8902276397878813,1.9851605566660493,0.1420124871125706
0.01576957452217731,0.5717326031515694,0.8905397928897869,1.9840333302640434,0.1421841347525965
0.015761486663467977,0.5693088778995131,0.8886116600480451,1.982911811033096,0.1423601758198265
0.015749616123617614,0.5668784387069261,0.8888796664152475,1.9817961307672827,0.1425424679690364
0.01573396575149874,0.5644435469717142,0.8889137074599915,1.9806863282785214,0.14272538366062001
0.01571453930312555,0.5620064973342979,0.8889403621413112,1.9795824045086907,0.14290907444562606
0.015691341440752463,0.5595696162676502,0.8889666391759357,1.9784843680640662,0.1430939308632254
0.015664377731755018,0.5571352605442224,0.888992989698154,1.9773922291748467,0.1432797639751396
0.015633654647293986,0.5547058155735207,0.8886566574263061,1.9763060057004855,0.14346862263207433
0.01559917956076213,0.5522836936042406,0.8887062065408664,1.9752257742708057,0.14366135312924797
0.01556096074601478,0.5498713317849908,0.886922178173645,1.9741515798420968,0.14385856315022905
0.01551900737538398,0.547471190077886,0.886979735320152,1.973083549571764,0.14406186824826356
0.01547332951747733,0.5450857490195629,0.8870374658498836,1.9720217266022215,0.1442663161623273
0.015423938134761455,0.5427175073245567,0.8870965744824952,1.9709661213863796,0.14447189711984224
0.015370845080931082,0.5403689793264644,0.8873431389116143,1.969916742681991,0.14467836783042784
0.015314063098064322,0.5380426922528387,0.8855996083541177,1.96887360935088,0.14488889240707237
0.015253605813564478,0.5357411833304557,0.8858693342681555,1.9678368396140558,0.14510496136806275
0.015189487736889632,0.5334669967183318,0.8841992191553808,1.9668064792123567,0.14532483422624537
0.015121724256070347,0.5312226802667516,0.8826278892764345,1.9657826590158634,0.14555349023960126
0.015050331634016874,0.5290107821015432,0.8828036228000046,1.9647655323699253,0.1457894359747851
0.014975327004615688,0.5268338470339327,0.8829399202281214,1.96375519427227,0.14602869783768818
0.014896728368617876,0.5246944127975061,0.8830787454910557,1.962751663635446,0.14626880265946232
0.01481455458931875,0.522595006115148,0.8818261938801457,1.9617549578232496,0.14651256455072642
0.014728825388030902,0.5205381386002198,0.8822755239883336,1.9607651871737903,0.14676311997001829
0.014639561339351164,0.5185263024977846,0.8824596419639482,1.9597824426848875,0.14701708207563732
0.014546783866222688,0.5165619662732999,0.8826456307390252,1.9588067442471349,0.14727185748324087
0.014450515234793697,0.5146475700578967,0.8829512721017784,1.9578380920436502,0.14752718607352616
0.014350778549073642,0.5127855209611345,0.883178443603327,1.9568764804799352,0.14778293128061265
0.014247597745388271,0.5109781882639309,0.8833658388490794,1.9559219045974556,0.14803911549312732
0.014140997586635251,0.5092278985062404,0.8835183601548691,1.9549743584893613,0.1482957063722981
0.014031003656340961,0.5075369304858875,0.8837022493481468,1.9540338375769137,0.1485528811848261
0.013917642352520684,0.505907510186844,0.8840448518101939,1.9531003522216739,0.14881292437135007
0.013800940881343184,0.5043418056570095,0.8832592495423097,1.9521739890826448,0.1490792619964644
0.013680927250601362,0.502841921857333,0.8834860298168629,1.9512548537249044,0.1493499151663675
0.01355763026299044,0.5014098955057231,0.8838810736884626,1.9503429796084273,0.14962336955510883
0.013431079509195733,0.5000476899407126,0.8841313224431707,1.9494384393973203,0.14990056939612073
0.013301305360790555,0.49875719003119023,0.8843822978732105,1.9485412502306787,0.15017823435894076
0.013168338962947624,0.4975401971596569,0.884633697484336,1.947651403265941,0.15045617894978422
0.01303221222696422,0.49639842430738634,0.8844859974037804,1.9467689078675712,0.15073749027097674
0.012892957822603412,0.4953334912705378,0.8847626408320787,1.9458938557709535,0.15102337205200111
0.012750609170253937,0.4943469200366588,0.8850387077245795,1.9450262681478758,0.1513097184877136
0.012605200432908996,0.4934401303510883,0.885315111637205,1.9441661420656622,0.1515967088475133
0.012456766507967579,0.4926144355025325,0.8855917668348056,1.9433134720665382,0.15188404767889493
0.01230534301885912,0.4918710383565094,0.8858688515496267,1.9424682513213236,0.15217186886964892
0.012150966306494192,0.4912110276644175,0.8861456356022767,1.9416304755862348,0.15246025426563217
0.011993673420542686,0.4906353746747198,0.886421149772236,1.9408001410259725,0.1527491706442694
0.011833502110542248,0.4901449300711144,0.8866966808982375,1.9399772434980962,0.15303861999521529
0.011670490816838354,0.4897404212605973,0.8867077534062888,1.9391617777514818,0.15332847905355396
0.011504678661359038,0.48942245003207446,0.8869847101196763,1.9383537352583409,0.15361847925535688
0.011336105438225746,0.48919149060360495,0.8872614261122362,1.937553096983691,0.1539081719292998
0.01116481160420274,0.4890478880735461,0.8872145316366753,1.93675985202176,0.15419844757019968
0.010990838268988022,0.48899185728783945,0.8874892656892525,1.935973996533994,0.15448920783906783
0.010814227185346926,0.4890234821324378,0.8877645525737118,1.935195526454527,0.15478056269441737
0.010635020739091705,0.48914271525654285,0.8874998113949262,1.9344244497213414,0.15507469537652863
0.010453261938909327,0.48934937822886226,0.8877765996208676,1.9336608403193971,0.15537268791985834
0.010268994406039261,0.48964316212564046,0.8880524709619099,1.93290471502998,0.1556711642358199
0.01008226236380499,0.4900236285457508,0.8883276693625487,1.9321560693092557,0.15597015588198962
0.00989311062700021,0.49049021104476503,0.8886036432240412,1.9314148983122024,0.15626965950833394
0.009701584591133806,0.4910422169766471,0.8888784415273142,1.9306811970286,0.15656962186473675
0.009507730221535043,0.49167882972862054,0.8891520425651821,1.9299549598599954,0.15687008945669345
0.009311594042322084,0.49239911133189684,0.8894234571385176,1.9292361822854074,0.15717109927473888
0.009113223125236427,0.49320200542827763,0.8896917705084595,1.928524861039831,0.15747269687585044
0.008912665078345988,0.49408634057034434,0.8899594073312386,1.9278209920548184,0.15777481737593796
0.008709968034619273,0.495050833830853,0.8902251160248248,1.927124571506182,0.15807749745996577
0.008505180640373835,0.4960940946952856,0.8894629971069318,1.9264356121316968,0.15838408673010854
0.008298352043601215,0.49721462921009807,0.8897519933568818,1.9257542278016482,0.15869628219920334
0.008089531882171862,0.49841084435820887,0.8900369748430964,1.9250804477256338,0.15900899261141616
0.007878770271922129,0.49968105263257756,0.8902652830299307,1.92441426617343,0.15932207097833093
0.007666117794626771,0.5010234767783933,0.8905508198535128,1.923755672528551,0.15963533657528778
0.007451625485859621,0.5024362546743933,0.8908323193646299,1.9231046681338788,0.15995034078846831
0.0072353448227451276,0.5039174443241116,0.8899086581734054,1.9224612862460633,0.16026959054670967
0.00701732771160425,0.5054650289284766,0.8902112287170478,1.9218256418333997,0.16059446278806447
0.006797626475497156,0.5070769220120153,0.8903424176687613,1.9211977725256724,0.1609217700357405
0.0065762938416658945,0.5087509725760099,0.8906422001421811,1.920577743219625,0.16125265196625377
0.006353382928880166,0.510484970253253,0.8909402283100847,1.9199655682324552,0.16158398779506952
0.00612894723468897,0.5122766504405104,0.8912349885167912,1.919361253624655,0.16191734079362322
0.005903040622581647,0.5141236993863982,0.8915271642814697,1.9187648172212188,0.1622514302050471
0.005675717309060677,0.516023759214112,0.8913368062069549,1.9181762520300976,0.1625859387225705
0.005447031850630108,0.517974432860217,0.8916288282011853,1.9175955500253101,0.16292083680628597
0.0052170391307022005,0.5199732889125683,0.891919283429714,1.9170227034066782,0.1632561269532311
0.0049857943464257735,0.5220178663322804,0.8922049145802348,1.9164577047414884,0.16359185764200582
0.004753352995439004,0.5241056790465184,0.8923570116320192,1.91590055067861,0.16392925716537604
0.004519770862550419,0.526234220400735,0.8925125790640465,1.915351306192783,0.16427237586321972
0.004285104006350616,0.5284009674607342,0.8926658450275695,1.914810073720699,0.16462142550655928
0.004049408745758659,0.5306033851566853,0.8928114936843948,1.9142769566333129,0.16497650423748605
0.0038127416465057063,0.5328389302628368,0.8931178647491982,1.9137520480277415,0.16533525352549422
0.003575159507559497,0.5351050552082414,0.89339078149935,1.9132353574766425,0.16569424503093855
0.0033367193474930197,0.5373992117152592,0.8936614859354691,1.9127268766684369,0.16605370854239518
0.00309747839080007,0.5397188542639291,0.8939302754922906,1.9122265986899876,0.16641365195682148
0.002857494054161853,0.5420614433815771,0.8940487907681808,1.9117345274273634,0.16677625407119082
0.002616823932667202,0.5444244487581074,0.8941371547434555,1.9112507444854887,0.16714491639735804
0.0023755257859900095,0.5468053521884781,0.8944172484740309,1.9107753437795238,0.16751742929357252
0.00213365752452723,0.5492016503447287,0.8946782970034666,1.9103083403527479,0.1678904070848146
0.0018912771955005593,0.5516108573807427,0.8947259030438175,1.9098497379548318,0.16826606656189613
0.0016484429690254892,0.5540305073735952,0.8943091681779847,1.9093996212202093,0.1686485830646875
0.0014052131241507819,0.5564581566059494,0.8945882259402396,1.9089581135164608,0.16903620952046125
0.0011616460348715977,0.5588913856944174,0.8948651785708694,1.9085252360849971,0.16942416959200585
0.0009178001561202175,0.5613278015692431,0.895140313704968,1.9081009789589283,0.16981255595370826
0.0006737340097370353,0.5637650393109518,0.8943021369581239,1.907685351260113,0.17020481494189038
0.0004295061704256169,0.5662007638498839,0.8945927310338212,1.9072784630849942,0.17060253969587794
0.00018517525169505105,0.5686326715346649,0.8936555088961419,1.9068803548970845,0.1710040228591709
-5.920010820702404e-05,0.5710584915758251,0.8939318074735378,1.9064911338604345,0.17141071394461355
-0.0003035612603672022,0.5734759873707862,0.8942853633629724,1.9061108251379881,0.1718192949760514
-0.0005478495592820267,0.5758829577164699,0.8945703699421929,1.905739485124061,0.17223234303992485
-0.0007920063769323604,0.5782772379157342,0.8948925162730487,1.9053771753021456,0.17264812534866522
-0.0010359731168539607,0.5806567007837573,0.8951813635102155,1.9050238993565995,0.17306415920506185
-0.0012796912282003387,0.5830192575603924,0.8954996336543308,1.9046796435611832,0.1734803824483215
-0.0015231022197946806,0.5853628587343649,0.8958160559834397,1.9043443932946449,0.17389676163849163
-0.0017661476741673886,0.5876854947850318,0.894341773757378,1.9040181515921282,0.1743169093479972
-0.0020087692615761007,0.5899851968472389,0.8947204228105713,1.9037010295067833,0.17474248003629994
-0.002250908754004472,0.5922600373046043,0.8950386060537049,1.9033930414785079,0.17516785605519594
-0.0024925080391366167,0.5945081303163843,0.8953209943701378,1.9030941664986312,0.1755930653507869
-0.0027335091343038648,0.5967276322828114,0.8956367564889046,1.9028043826181686,0.17601813806358585
-0.0029738542004001836,0.598916742253622,0.8955185711793908,1.902523669803611,0.17644308890423518
-0.0032134855557634312,0.6010737022842348,0.8953356423087558,1.9022520064737685,0.17686786157779036
-0.0034523456900185964,0.6031967977438366,0.8950886875129849,1.9019893646454502,0.17729161967186322
-0.003690377277880048,0.6052843575793873,0.8952796802743095,1.9017357159986066,0.17771654081767224
-0.003927523192909262,0.6073347545393636,0.8936480379757203,1.9014911129197893,0.17814735474726207
-0.0041637265212250115,0.6093464053608074,0.8939241656728494,1.9012556757570909,0.17858332338640634
-0.0043989305751623055,0.6113177709230748,0.8936245990890229,1.9010294157021153,0.17901881929396898
-0.004633078906877227,0.6132473563714272,0.8939117077123087,1.900812304293661,0.17945390260278912
-0.004866115321894111,0.6151337112134564,0.8941859486057384,1.9006043146387188,0.17988848017925604
-0.0050979838925920016,0.6169754293910964,0.8942581568487297,1.9004054291410744,0.18032439264094038
-0.00532862897162692,0.6187711493308224,0.894549154430748,1.9002156768206653,0.18076222636792902
-0.005557995205287038,0.6205195539744568,0.8948349066885549,1.900035051425798,0.18120008811405577
-0.005786027546777303,0.6222193707928011,0.8951197903788285,1.899863535671585,0.1816379324995855
-0.006012671269430338,0.623869371784215,0.8953984692512177,1.8997011091618714,0.18207563993700276
-0.006237871979840623,0.6254683734600237,0.8956386981740895,1.8995477515789179,0.18251320762991305
-0.006461575630918698,0.6270152368185936,0.8952896540660967,1.8994034398647122,0.1829504316380796
-0.006683728534862118,0.6285088673096875,0.8935103079187409,1.8992681666132838,0.18339080305265737
-0.006904277376040307,0.6299482147906408,0.8937889981136503,1.8991420268392598,0.18383594700565756
-0.00712316922379006,0.631332273475751,0.8940719495566917,1.8990250292803386,0.18428070056021095
-0.007340351545118642,0.6326600818801865,0.8943464384103463,1.89891714814603,0.18472513336012447
-0.007555772217311452,0.6339307227595744,0.894617068212038,1.89881835963912,0.18516931514328208
-0.007769379540441221,0.6351433230463657,0.8948973676407852,1.8987286414268365,0.18561325577548216
-0.007981122249775752,0.6362970537839787,0.8951767783921353,1.8986479681361195,0.18605676841068314
-0.008190949528081222,0.6373911300596009,0.8949784900302803,1.8985763190064424,0.18650106714892634
-0.008398811017818041,0.6384248109365006,0.8953835641544936,1.8985137106195722,0.18694681363873084
-0.008604656833226455,0.6393973993865851,0.895751930342954,1.8984601294506591,0.18739215515672483
-0.008808437572298851,0.6403082422238897,0.8960842118751149,1.8984155498329356,0.1878371491837366
-0.009010104328636047,0.6411567300396139,0.8963173476519966,1.8983799450015506,0.18828163540765838
-0.009209608703184569,0.641942297139271,0.8958589436349175,1.898353295028533,0.1887269932162889
-0.009406902815852162,0.6426644214824341,0.8960651464428413,1.898335616194376,0.18917376225110807
-0.009601939316998867,0.6433226246255463,0.8953940907242033,1.8983269019943037,0.18962137078566565
-0.009794671398800588,0.6439164716681939,0.8955720038311008,1.8983271676371012,0.19007033383217065
-0.00998505280648289,0.6444455712031786,0.8957459583060616,1.8983364003465268,0.19051904528194277
-0.01017303784942176,0.6449095752707457,0.8948412366746555,1.8983545792078,0.19096816543448245
-0.010358581412109269,0.6453081793171994,0.8937623961041538,1.8983817188759526,0.1914197565737619
-0.010541638964981028,0.6456411221581727,0.8925265600311459,1.8984178529789715,0.1918739881505295
-0.010722166575103019,0.6459081859467527,0.8926305526192585,1.8984630129098508,0.1923298233077795
-0.010900120916715425,0.6461091961466274,0.8928910422634186,1.8985171854584202,0.19278515600160231
-0.01107545928163045,0.6462440215103976,0.8932190041425417,1.8985803416817792,0.19323991985751296
-0.011248139589482188,0.6463125740631742,0.8918167600537177,1.8986524584272189,0.19369535414651848
-0.011418120397825655,0.646314809091528,0.8899508136847363,1.8987335595895876,0.19415417595425047
-0.01158536091208277,0.6462507251378615,0.890041763906691,1.8988237048413668,0.1946158171442679
-0.011749820995332885,0.6461203640002282,0.8901306014400299,1.8989228896940615,0.19507707578996558
-0.011911461177945528,0.6459238107375926,0.8904476646543463,1.899031086199566,0.19553763889218265
-0.01207024266705272,0.645661193680512,0.8905319068951552,1.89914826151164,0.19599756070202223
-0.012226127355859269,0.6453326844471872,0.8900484547350063,1.8992743852727123,0.19645675965611448
-0.012379077832788141,0.6449384979647913,0.8903647188907621,1.8994094251754712,0.19691531140569024
-0.012529057390459066,0.6444788924959844,0.8906462177406781,1.899553350440378,0.19737320823185428
-0.012676030034498137,0.6439541696704516,0.890723994944097,1.8997061312357901,0.19783057472253063
-0.01281996049217625,0.643364674521315,0.8891978333341433,1.8998677465811116,0.19828861325196503
-0.012960814220874521,0.6427107955262048,0.8892642542258389,1.9000382064466883,0.19874771985082554
-0.01309855741637413,0.641992964652754,0.8893290254030406,1.9002174929075495,0.19920622669375354
-0.013233157020969409,0.6412116574082479,0.8877196265422069,1.900405580659295,0.1996650644101508
-0.013364580731401276,0.6403673928931066,0.8877772983613623,1.9006024739008374,0.20012484503864753
-0.013492797006610149,0.6394607338578573,0.8880299251935753,1.9008081563464878,0.20058415359381393
-0.013617775075305455,0.638492286763192,0.8882821492842993,1.9010225964414993,0.20104262978368811
-0.013739484943350587,0.6374627018426583,0.8883380202977678,1.9012457613987526,0.20150048404623036
-0.013857897400961433,0.6363726731674996,0.8866830123730175,1.9014776293596245,0.20195885441858819
-0.0139729840297166,0.6352229387130769,0.8869360703929251,1.9017182043575644,0.20241792473348605
-0.014084717209377625,0.6340142804262736,0.8851904504764111,1.9019674692525816,0.20287748747604314
-0.01419307012451773,0.6327475242931868,0.8852503989783729,1.9022254366472922,0.2033382999925826
-0.014298016770957394,0.6314235404063808,0.885631640946755,1.9024920897816928,0.20379849790170784
-0.014399531962005201,0.6300432430308691,0.8856899767151898,1.9027673989243032,0.20425813840319473
-0.014497591334502662,0.6286075906679245,0.8851628583442741,1.903051335522739,0.2047170700736292
-0.01459217135467104,0.6271175861157395,0.8845711018074593,1.9033438643542024,0.2051750373646396
-0.014683249323759494,0.6255742765258483,0.884637243664383,1.9036449509086584,0.2056322643999518
-0.014770803383492629,0.6239787534541452,0.8847033364453942,1.9039545650155294,0.20608879806157124
-0.01485481252131643,0.6223321529052093,0.8831541844339715,1.904272676676443,0.20654518720448617
-0.014935256575441074,0.6206356553685418,0.8835734880683739,1.904599278719319,0.20700195251899478
-0.015012116239679634,0.6188904858452062,0.8839777429935394,1.9049343472131448,0.20745800765529515
-0.015085373068081748,0.6170979138632279,0.8840498082952992,1.905277851648748,0.2079134087379453
-0.015155009479360134,0.6152592534799706,0.884114881208548,1.9056297622119402,0.20836817622317838
-0.015221008761110462,0.6133758632695754,0.8841880825704613,1.9059900496792244,0.20882230874026567
-0.015283355073821859,0.6114491462933862,0.8827126495969213,1.9063586871540104,0.20927635868005726
-0.015342033454678576,0.6094805500511312,0.8827876860232371,1.9067356632375914,0.209730414781383
-0.01539702982115087,0.6074715664104583,0.881007081907895,1.907120953153547,0.21018410535139254
-0.015448330974374777,0.6054237315122406,0.8814523265825522,1.907514534901566,0.21063737854733702
-0.015495924602319768,0.6033386256489094,0.8815442363722694,1.907916378696886,0.21108979280152515
-0.015539799282743613,0.6012178731128324,0.8816255060934824,1.908326447851904,0.21154116024915193
-0.015579944485933623,0.5990631420116151,0.8817205158991805,1.9087447083271656,0.21199176404949507
-0.0156163505772337,0.5968761440469404,0.8799931970365613,1.9091711281517296,0.21244141185108736
-0.015649008819356734,0.5946586342533925,0.8783283941050318,1.9096056631588916,0.21288920280245405
-0.01567791137448133,0.592412410693467,0.8785864237376187,1.9100482545030215,0.21333505239934056
-0.015703051306133087,0.590139314104764,0.8786755464970242,1.910498859203333,0.2137798778012666
-0.015724422580848947,0.58784122749513,0.879160800533232,1.9109574419067306,0.21422374153015003
-0.0157420200696257,0.5855200756812864,0.877828858572046,1.9114239668162054,0.21466670455727857
-0.015755839549150483,0.5831778247662727,0.878304531288466,1.9118984008853999,0.21510862258215918
-0.015765877702814474,0.5808164815507872,0.8785654423358235,1.9123807055953481,0.21554951500223746
-0.01577213212150906,0.5784380928733275,0.8780833902817499,1.912870843570508,0.21598912577729343
-0.015774601304203738,0.5760447448737824,0.8781821220018169,1.913368775233058,0.21642775517476437
-0.015773284658306512,0.573638562174967,0.8765538323006812,1.9138744586658072,0.21686392071769067
-0.01576818249980611,0.5712217069763961,0.8766408496772224,1.9143878063154873,0.21729682019330096
-0.01575929605319598,0.5687963780544236,0.8767500405536662,1.91490876699502,0.2177286393033272
-0.01574662745118081,0.5663648096627371,0.8755373241156972,1.9154373032830057,0.21815930217166238
-0.015730179734164188,0.5639292703271059,0.875676101738163,1.9159733751807635,0.21858867153937106
-0.015709956849519237,0.5614920615281564,0.8758184863092654,1.916516942249401,0.21901680096034717
-0.015685963650641222,0.5590555162659535,0.8748446150982135,1.9170679650175297,0.21944362074239238
-0.01565820589578269,0.5566219975001323,0.8753918707403009,1.9176264000753447,0.21986906823002816
-0.015626690246671553,0.554193896459392,0.8755663339996047,1.9181922084883063,0.22029338753242048
-0.015591424266912353,0.5517736308142795,0.8751369932742032,1.918765354433054,0.22071674163831367
-0.015552416420170924,0.5493636427073209,0.8754129967850691,1.919345801287915,0.2211387727774677
-0.015509676068143262,0.5469663966348546,0.8755941872859142,1.9199335086530678,0.22155962129436224
-0.015463213468308673,0.5445843771751829,0.8758706327991687,1.9205284378653675,0.2219792574397911
-0.015413039771468087,0.5422200865580719,0.8760556610803516,1.9211305528552676,0.22239789479724437
-0.015359167019067881,0.5398760420711385,0.8762436614522245,1.9217398165776993,0.22281522555319166
-0.015301608140310088,0.5375547732991998,0.8755905310171846,1.9223561853986673,0.22323075168540016
-0.015240376949049261,0.5352588191933727,0.8751271629408193,1.9229796007239788,0.22364374919225927
-0.015175488140477447,0.5329907249674851,0.8753723379180252,1.923609994089501,0.2240542293883856
-0.015106957287597174,0.5307530388202407,0.8751171019836248,1.9242473099214124,0.22446235269595038
-0.015034800837484175,0.5285483084826219,0.8753891875054617,1.924891471979197,0.22486736969767615
-0.01495903610734015,0.5263790775910746,0.8756636141213836,1.925542420385004,0.22527047719196897
-0.014879681280336588,0.5242478818883078,0.8738573523656094,1.9262000905203525,0.2256690043657088
-0.014796755401251126,0.5221572452548329,0.8741514999645049,1.9268643334447548,0.2260614706601299
-0.014710278371896632,0.5201096755758491,0.874818996479655,1.927535076831815,0.2264525500530303
-0.01462027094634506,0.5181076604495984,0.8730691208843631,1.9282122623233207,0.22683871707575068
-0.014526754725946486,0.5161536627449738,0.8728257181793074,1.9288957181463684,0.22721666842269966
-0.01442975215414488,0.5142501160178538,0.8727738350981012,1.9295853078312517,0.22758938614006824
-0.01432928651109192,0.5123994197974527,0.8730690670642681,1.9302809201993347,0.22795813554691732
-0.014225381908059668,0.5106039347557584,0.8733782039815227,1.9309824918143068,0.22832504161825473
-0.014118063281654018,0.508865977775028,0.8735331040621135,1.9316899654599542,0.22868842082026036
-0.014007356387830206,0.5071878169301485,0.8732850607139054,1.9324032348191895,0.22904760261960538
-0.013893287795711376,0.5055716664045204,0.873617308614037,1.9331222405244521,0.2294051734390915
-0.013775884881212045,0.5040196813599206,0.8739514253999091,1.9338469339136986,0.2297607297569048
-0.013655175820468102,0.5025339527825137,0.8742854007354385,1.9345772622898174,0.2301141600123828
-0.013531189583074728,0.5011165023288104,0.8746219369691157,1.9353131726841832,0.23046559940699982
-0.013403955925133782,0.4997692771968177,0.8749765772524845,1.9360546056383257,0.23081320626252955
-0.013273505382112378,0.4984941450489713,0.8747299828357346,1.9368014464882444,0.23115632249893897
-0.013139869261514664,0.49729288901451185,0.8750821973263576,1.9375536380815006,0.2314979806847716
-0.013003079635368111,0.4961672027998455,0.8754372698959085,1.9383111319119333,0.2318375261231804
-0.012863169332526398,0.4951186859360569,0.8761438102188733,1.9390738755861636,0.23217509616633053
-0.012720171930790548,0.4941488391930328,0.8764975989048442,1.9398418266767858,0.2325112869548736
-0.012574121748850626,0.4932590601897085,0.8769545693847068,1.9406149287308423,0.2328431808140854
-0.012425053838049194,0.4924506392295944,0.8773165735667399,1.9413930533043458,0.23316970105418788
-0.01227300397396931,0.49172475539012167,0.8778223679825375,1.942176113061159,0.2334917106665151
-0.012118008647848465,0.4910824728933209,0.8781221316705956,1.942963975649761,0.2338083520548609
-0.01196010505782093,0.49052473778401495,0.878640818935181,1.943756563674134,0.23412096929499826
-0.011799331099990372,0.4900523749399996,0.8791484736908457,1.9445537319406285,0.2344253239206397
-0.011635725359334877,0.4896660854366828,0.8795103467713287,1.9453553177625709,0.23472380404226684
-0.01146932710044689,0.48936644428630777,0.8802008361133623,1.9461612382810438,0.2350195123973648
-0.01130017625810984,0.4891538985692718,0.8788666858212806,1.9469714083865832,0.23530767232740696
-0.011128313427713834,0.48902876597219563,0.8792169784483826,1.9477855853653976,0.23558540562175329
-0.010953779855513329,0.4889912337443005,0.8795669365748154,1.9486036616093358,0.23586076809740886
-0.010776617428727717,0.4890413580804078,0.8799162696350831,1.949425581099049,0.23613374182607552
-0.0105968686654891,0.48917906393550703,0.8802648893004225,1.9502512885743255,0.23640433242544207
-0.010414576704637787,0.4894041452723639,0.8806115016847645,1.9510807269890154,0.23667231375927414
-0.01022978529536938,0.4897162657401961,0.8809564660616807,1.9519138371677625,0.23693778808633012
-0.010042538786735056,0.4901149597789876,0.8812997007391021,1.9527505620889554,0.23720077559521038
-0.009852882116998054,0.4905996341406387,0.8816430306556592,1.9535908451829989,0.23746130766128815
-0.009660860802848762,0.4911695698149528,0.8819847217064982,1.9544346303896463,0.2377194095512813
-0.00946652092848076,0.4918239243453701,0.8810535456503769,1.9552818312073657,0.23796881336100661
-0.009269909134531108,0.4925617345165526,0.8801840655577045,1.9561321390669633,0.23819967068206707
-0.009071072606886561,0.4933819193933294,0.8793951801394353,1.956985167274794,0.2384110731217083
-0.008870059065359282,0.4942832836882361,0.8801238046603276,1.957840552910509,0.2386098830532167
-0.008666916752234296,0.4952645214328994,0.880418346506067,1.9586981834098316,0.23880671943828458
-0.008461694420691746,0.4963242199268808,0.8802472242354,1.9595579968783483,0.2389987049383889
-0.008254441323106005,0.49746086393628514,0.8805322432976793,1.960419855386794,0.23918464676268153
-0.008045207199225633,0.49867284011350205,0.8802844606916328,1.9612836727908798,0.23936590981049852
-0.007834042264236058,0.4999584416088325,0.8805682641146069,1.9621493127424863,0.23954109991346267
-0.007620997196708001,0.501315872844493,0.8812533910249224,1.963016703100109,0.2397143190716633
-0.007406123126435034,0.5027432544215482,0.8818920638417006,1.9638857998591213,0.239885463641367
-0.007189471622162542,0.5042386281306886,0.882498251105885,1.9647565645269665,0.24005512150540348
-0.0069710946792116615,0.5057999620384169,0.882133946862895,1.965628950573075,0.2402205329244327
-0.006751044707000399,0.5074251556211197,0.8824343453853353,1.966502827455591,0.24038019306707736
-0.006529374516465765,0.5091120449206269,0.8819784291212757,1.967378119099085,0.24053560848802777
-0.00630613730738953,0.5108584076961964,0.8822325561868051,1.9682546975501714,0.240685186403672
-0.0060813866556302006,0.5126619685493685,0.8828001901883797,1.9691324879260264,0.2408324437407314
-0.005855176500265428,0.5145204039997446,0.8830451605953966,1.970011449810917,0.24097785254188261
-0.005627561130646549,0.516431347491502,0.8824612323809781,1.9708915265935576,0.24111876233958046
-0.005398595173369757,0.5183923943122422,0.8824968829819639,1.9717725518427691,0.24124569276721045
-0.005168333579165721,0.5204011064076306,0.8827131290332161,1.9726541618119484,0.24135773839626443
-0.004936831609711688,0.5224550170771382,0.8818615577055287,1.973536217882482,0.24146567938342575
-0.004704144824369113,0.5245516355380564,0.8809160572662035,1.974418603630039,0.24156737207327592
-0.0044703290668495314,0.5266884513467768,0.8812171037419986,1.9753012045079836,0.24166464589711864
-0.004235440451812396,0.5288629386680971,0.8814046871791951,1.976183971261259,0.24176031724644254
-0.0039995353513977835,0.5310725603850212,0.8803704122026589,1.9770668560660478,0.2418521951425514
-0.003762670381697444,0.533314772043148,0.8792759585106847,1.9779497505194994,0.24193791346714358
-0.003524902389167057,0.5355870256252674,0.87814682397272,1.9788325357754257,0.24201795695088518
-0.0032862884369835397,0.5378867731532249,0.8791547181232532,1.9797150613153993,0.24208447431819807
-0.0030468857913500307,0.540211470115423,0.8778146126005552,1.980596939312662,0.2421337348515538
-0.0028067519077522394,0.5425585787195575,0.8781064710410912,1.9814779968285168,0.24217948095278308
-0.002565944417169594,0.544925570971285,0.878232968909997,1.982358195484349,0.24222385524482756
-0.0023245211122439034,0.5473099315804896,0.8787578347664823,1.9832375041112436,0.24226647495198914
-0.0020825399334094634,0.5497091606977212,0.8805131273743706,1.9841158413135596,0.2422975167988457
-0.001840058954987641,0.5521207764841236,0.8789458332617458,1.9849928257410783,0.24231121375003975
-0.0015971363712493141,0.5545423175188443,0.8794342300186582,1.9858682973656052,0.24232200010743396
-0.001353830482448493,0.5569713450484937,0.8795464593180773,1.9867422213023505,0.24233133049165315
-0.001110199680830577,0.5594054450836687,0.8796566570007388,1.9876145690838132,0.2423389888509903
-0.0008663024366184917,0.5618422303479648,0.8799380835370513,1.9884853109868126,0.2423451941676952
-0.0006221972839800531,0.5642793420851884,0.880044832647084,1.9893544265244143,0.24235025168070157
-0.0003779428069801817,0.5667144517307157,0.8784486496317344,1.9902218878270919,0.24235301735511358
-0.0001335976255209077,0.5691452624530948,0.8768857863933651,1.9910876360461744,0.24235209046584588
0.0001107796187271758,0.5715695105721034,0.8769943093109243,1.991951594202287,0.24234763038049312
0.0003551302763984795,0.5739849668594988,0.8772658263510315,1.9928137268920496,0.24234216393306252
0.000599395704508079,0.5763894377287038,0.8793726897790103,1.9936739699573933,0.2423261544437274
0.0008435172805257849,0.5787807663196154,0.8798060942915515,1.994531973889483,0.24229481655090834
0.0010874364164451446,0.5811568334846463,0.8802022668373078,1.9953876258980578,0.24226231390626216
0.0013310945728444345,0.5835155586819903,0.8802806137899999,1.9962409075896952,0.24222868089194072
0.001574433272935678,0.5858549007819487,0.8803581464417286,1.997091801244409,0.2421938944910748
0.0018173941165989605,0.5881728587920044,0.8804350112425312,1.9979402861173194,0.2421577658806486
0.002059918794398064,0.5904674725061323,0.8828714268328615,1.9987862947726673,0.24211109519815624
0.0023019491015744587,0.592736823083646,0.8853412649223863,1.999629439816439,0.24204056773658464
0.0025434269520162463,0.5949790335626753,0.8853798861918742,2.000469304645606,0.24195581280867098
0.002784294392198432,0.5971922693131297,0.885417467997672,2.0013057891621613,0.24187015440979276
0.003024493615091581,0.5993747384338107,0.8854581544461283,2.0021388812811103,0.2417835898826089
0.0032639669740352293,0.6015246920980956,0.8854390121425582,2.0029685746830532,0.24169660087207007
0.0035026569965727035,0.60364042485239,0.8833900126878225,2.0037948669588346,0.24160904948742903
0.003740506398244411,0.6057202748713273,0.8813970566914229,2.0046177538074303,0.24152102705397996
0.003977458096335643,0.6077626241734719,0.8814565521079514,2.005437235672157,0.24143276657673904
0.004213455223576263,0.609765898801074,0.8817216650074574,2.006253313145812,0.24134407642921274
0.004448441141788568,0.6117285689671866,0.8798400070830792,2.007065979160808,0.24125453984262424
0.004682359455480173,0.6136491491732887,0.8801052610095228,2.007875228822026,0.2411646113098493
0.004915154025378645,0.615526198300331,0.8783616880026855,2.00868105765659,0.24107400102512172
0.005146768981904653,0.6173583196759319,0.8784492011784124,2.0094834641296924,0.24098313201312768
0.005377148738580454,0.6191441611202957,0.8784549313958286,2.0102824440826095,0.2408915268832606
0.005606238005370295,0.6208824149732015,0.8769196494387173,2.0110779924887265,0.24079950884655818
0.005833981801949811,0.6225718181043016,0.8755817193001715,2.011870113416714,0.24070749650623874
0.006060325470901042,0.6242111519087508,0.8793955163005859,2.012658771181546,0.2406074830731822
0.006285214690829955,0.6257992422900929,0.8796525180585973,2.0134437004925183,0.24049576247323415
0.0065085954894032625,0.6273349596321419,0.8833422619965062,2.014224790119556,0.24037686751821963
0.006730414256301576,0.62881721876149,0.886884725877621,2.015001781519639,0.2402421852515737
0.0069506177560856005,0.630244978902141,0.8869571006865141,2.015774413428214,0.24009871370004235
0.007169153140972459,0.6316172436236385,0.8854986928282864,2.016542637351426,0.2399558516535267
0.007385967963518718,0.6329330607839648,0.8855898363600253,2.0173064858577696,0.23981405109921383
0.00760101018920777,0.6341915224683632,0.8843108518263788,2.0180659809052375,0.23967320151201335
0.007814228208937684,0.6353917649251568,0.883217215553712,2.0188211626559456,0.23953408562928677
0.008025570851407189,0.6365329684995343,0.8834610483866551,2.019572067408198,0.23939580054420545
0.00823498739539661,0.637614357566181,0.8825702364022404,2.0203187100779205,0.2392578752643717
0.008442427581940607,0.638635200461585,0.8827296130487203,2.021061114616348,0.239120659767392
0.00864784162639019,0.6395948094167344,0.8829476244068742,2.021799293386373,0.23898332632101552
0.008851180230360682,0.6404925404908852,0.8831273387861899,2.0225332515863585,0.23884582744585703
0.009052394593563237,0.6413277935070012,0.8833693943669481,2.0232629947145946,0.23870816711423395
0.009251436425516488,0.6421000119894067,0.8836105972506944,2.023988527612255,0.23857037732846387
0.009448257957136268,0.6428086831041475,0.8883797663530401,2.024709838390599,0.23842887304683827
0.009642811952199761,0.6434533376025001,0.8885994961586969,2.0254268107271964,0.23828214092223557
0.009835051718682038,0.6440335497680141,0.8887736576663616,2.0261394202830387,0.2381355449547347
0.010024931119961916,0.644548937367443,0.8889156689784933,2.026847678180969,0.23798908826735454
0.01021240458589457,0.6449991616058712,0.8890650818794257,2.0275515991559443,0.2378430753302934
0.01039742712374807,0.6453839270862961,0.8891820387958368,2.0282511983415557,0.23769724348566437
0.01057995432900148,0.6457029817739064,0.8940750767440501,2.02894647459092,0.2375491392754521
0.010759942396001733,0.6459561169652529,0.8941431252891585,2.0296373587131966,0.23739772830047098
0.010937348128476682,0.6461431672624748,0.8942689531924557,2.030323837968894,0.23724644245978602
0.011112128949902123,0.6462640105527201,0.898136300972834,2.031005919376987,0.23709422841569
0.011284242913719916,0.6463185679928667,0.8975077891497273,2.0316835807432,0.2369414355354191
0.011453648713404931,0.6463068039996088,0.8970073462175177,2.032356862564239,0.2367913330039303
0.011620305692378383,0.6462287262449854,0.8966380927377099,2.0330258254202116,0.23664370254853287
0.011784173853765333,0.6460843856573392,0.8978624311809719,2.0336905163499566,0.23649665951769158
0.011945213869993658,0.6458738764277316,0.8990789571090374,2.034350921674934,0.23634768865195288
0.012103387092232474,0.6455973360217593,0.8992802806019139,2.0350070176585313,0.23619781458236916
0.0122586555596677,0.6452549451967248,0.8994835050354206,2.035658813503752,0.2360484928130442
0.01241098200861246,0.6448469280240778,0.8993517725440491,2.036306330806219,0.23590014779283083
0.01256032988145023,0.6443735519169937,0.8992850858752667,2.0369496095871464,0.23575369946266342
0.012706663335408444,0.6438351276629595,0.9006272493489863,2.037588686632086,0.23560741209103075
0.012849947251160536,0.64323200946119,0.90071104108755,2.0382235478201687,0.23546005148753008
0.012990147241254529,0.6425645949646486,0.900743992425879,2.0388542039117814,0.2353136846467635
0.013127229658365793,0.6418333253264448,0.9009917113049172,2.0394806900254023,0.23516848911208235
0.013261161603372255,0.6410386852503217,0.9012401265314857,2.0401030267678153,0.23502365402508218
0.013391910933250007,0.6401812030449048,0.9014502050441916,2.0407212299992175,0.23487916532304579
0.013519446268787512,0.6392614506813588,0.9015025928672762,2.0413353173322584,0.23473559362192847
0.01364373700211637,0.6382800438540415,0.901551323612236,2.0419453281345303,0.23459391905128088
0.013764753304057303,0.6372376420436923,0.9015784948728758,2.0425513083231532,0.23445416268478284
0.013882466131278687,0.6361349485826532,0.9018350528081575,2.0431533028715445,0.23431583175594206
0.013996847233267037,0.6349727107215516,0.9020626814622876,2.043751335449441,0.2341779640945027
0.014107869159106936,0.6337517196968204,0.9020512302616751,2.0443454259333684,0.2340411711543264
0.014215505264069093,0.6324728107983707,0.9019828327397701,2.0449356180408995,0.23390659501664168
0.014319729716005042,0.6311368634366362,0.9022202300826556,2.045521962369609,0.23377367215051956
0.014420517501546543,0.6297448012081855,0.9024663528339748,2.0461044845990357,0.2336413428823512
0.014517844432108929,0.6282975919589429,0.9023176459009336,2.0466832112985944,0.23351057827192973
0.014611687149696042,0.626796247844054,0.9025578085304444,2.0472581901602993,0.23338150357317272
0.014702023132506096,0.6252418253832649,0.9027920144706981,2.0478294461833544,0.2332529754991889
0.014788830700336843,0.6236354255106428,0.9025355057270983,2.048397004536954,0.23312610288872715
0.014872089019788757,0.6219781936173044,0.9021678461061002,2.0489609262257944,0.23300251513264741
0.014951778109264761,0.6202713195857693,0.9023494800926666,2.0495212812571104,0.23288133573817377
0.01502787884376596,0.6185160378143617,0.902543592431069,2.050078103814102,0.2327609751380136
0.015100372959481342,0.6167136272300139,0.9027343897506075,2.0506314171062936,0.23264142332144364
0.015169243058171094,0.6148654112876569,0.9029211160429506,2.0511812444161492,0.2325226933911223
0.0152344726113422,0.6129727579542492,0.9023447991430372,2.051727615450012,0.23240612643938058
0.015296045964214916,0.6110370796753255,0.9016294105179234,2.052270610329975,0.23229412958757795
0.015353948339480164,0.6090598333218187,0.901855399420539,2.052810324878989,0.2321854728472838
0.015408165840845865,0.6070425201147007,0.9019897359367002,2.0533467967160415,0.23207758764969028
0.015458685456371926,0.6049866855248358,0.9021182506318561,2.0538800520863747,0.2319707866624876
0.015505495061593011,0.6028939191452346,0.9025080140600953,2.0544101155021406,0.23186453074302765
0.015548583422428727,0.6007658545327283,0.9026322378676324,2.0549370008069685,0.23175885362882417
0.015587940197879223,0.5986041690158586,0.9029970472978015,2.0554607306859,0.2316539047474829
0.015623555942507337,0.5964105834655733,0.9020612414461213,2.055981331366733,0.23155149022108876
0.015655422108705283,0.5941868620251283,0.9009724978372035,2.056498905235297,0.23145513975015683
0.015683531048746206,0.5919348117953477,0.9017038417727351,2.057013572998149,0.23136297514070234
0.01570787601661936,0.5896562824711856,0.901771462831836,2.0575253803103863,0.231271815925171
0.015728451169649365,0.587353165925322,0.9005090396895494,2.0580343678126534,0.2311842882938431
0.015745251569898207,0.5850273957342751,0.9007161138852188,2.058540648854577,0.2311013639592468
0.0157582731853505,0.5826809466423059,0.9007616281046673,2.0590442727363554,0.23101977359979026
0.015767512890881054,0.5803158339581662,0.9008048396358344,2.0595452759269843,0.23093972550882058
0.015772968469004896,0.5779341128795306,0.9008457063758734,2.0600436938253965,0.23086115497039283
0.015774638610409435,0.5755378777397353,0.9008841504210443,2.060539560700228,0.2307840734539744
0.015772522914268755,0.5731292611712745,0.9010903727635771,2.0610329108362535,0.23070825017342297
0.015766621888339803,0.5707104331802965,0.9014377252194302,2.0615237678971026,0.23063315617324778
0.01575693694884048,0.5682836001262239,0.9017504141359519,2.062012150352077,0.2305587287648234
0.0157434704201097,0.5658510036004354,0.9017853989674818,2.06249807926533,0.23048539799951737
0.015726225534049867,0.5634149191979028,0.901962147825932,2.062981590332699,0.23041412442385226
0.015705206429350707,0.5609776551755388,0.9018987882266793,2.0634627346096757,0.23034481268065135
0.015680418150496523,0.5585415509910274,0.9021099210984487,2.06394154140983,0.23027635489380388
0.01565186664655529,0.5561089757158988,0.9007271033961076,2.064418046029063,0.23021161242748975
0.015619558769750769,0.5536823263166695,0.9009417139451541,2.0648923739011176,0.23015226607089867
0.015583502273818462,0.5512640257979983,0.8994273645109274,2.0653645902676216,0.23009672592811797
0.015543705812144207,0.5488565212019885,0.8997831094164956,2.0658348309370456,0.23004772296662826
0.01550017893568786,0.5464622814580117,0.8998273549119268,2.0663031779442815,0.23000095981638344
0.015452932090690765,0.5440837950777733,0.9002180707417199,2.0667696722981037,0.2299561878742994
0.015401976616168959,0.5417235676907426,0.9002799980501358,2.0672343650497953,0.22991368015378671
0.015347324741191718,0.539384119415584,0.9003367852490693,2.0676972956766893,0.22987276079789853
0.01528898958194667,0.5370679820638194,0.9005637716724832,2.068158497953239,0.22983301750808763
0.015226985138592131,0.5347776961726524,0.9006198591767229,2.0686179916393885,0.22979420272206227
0.01516132629189676,0.5325158078646964,0.9006799841164388,2.0690758080104064,0.22975701081582783
0.01509202879966861,0.5302848655332664,0.9011136930039382,2.069531985500388,0.22972200406489074
0.015019109292973192,0.5280874163529192,0.9013977465545548,2.0699865803701725,0.2296893820052253
0.01494258527214211,0.5259260026160633,0.9014670384423568,2.070439624967455,0.22965793081378594
0.014862475102573016,0.5238031578977201,0.9017160402855259,2.0708911511863937,0.22962779144295256
0.014778798010322038,0.5217214030518825,0.9017771493432132,2.071341182393497,0.22959876199206383
0.014691574077489633,0.5196832420443701,0.9019880145267257,2.071789748877305,0.2295710015808366
0.01460082423740103,0.517691157628669,0.9021598306465941,2.0722368733267698,0.2295441725988953
0.014506570269582249,0.5157476068728668,0.9023974199860711,2.072682583719054,0.22951939023945342
0.014408834794533091,0.5138550165475579,0.9025339815845667,2.0731269451557295,0.22949838154556254
0.014307641268298452,0.5120157783863619,0.9026274117884666,2.0735700341994647,0.22948036244104542
0.014203013976838845,0.5102322442325398,0.9027623159441299,2.0740118901890745,0.22946342923119029
0.014094978030202012,0.5085067210870545,0.9028540614110265,2.0744525319904046,0.2294472238826697
0.013983559356496608,0.5068414660752898,0.9014941946373755,2.074891995366399,0.22943531733573147
0.013868784695669363,0.5052386813514562,0.9015694583855827,2.0753304215328687,0.2294297174937254
0.013750681593088074,0.5037005089615171,0.9016381759153405,2.0757678815014073,0.22942684374274788
0.013629278392930311,0.50222902568716,0.9017288888801491,2.0762044484642095,0.22942725000067213
0.013504604231381483,0.5008262378949131,0.9019806206003056,2.0766401652889597,0.22942888092705988
0.013376689029641828,0.49949407641598487,0.902068216034389,2.077075053190829,0.22943160209299868
0.013245563486745703,0.4982343914836184,0.9021547444186492,2.0775091416055442,0.22943593986465374
0.013111259072194075,0.49704894775586067,0.902239323667744,2.0779424730634566,0.22944253752900665
0.01297380801840171,0.49593941945242886,0.9007417617094668,2.078375103395774,0.2294540872330819
0.01283324331296173,0.4949073856349309,0.9009975370000791,2.0788071805771318,0.22947182486221843
0.012689598690728672,0.49395432565993264,0.9010687396278099,2.0792387541546606,0.22949023481729963
0.01254290862572239,0.4930816148343409,0.9011384334069287,2.0796698483339604,0.22951021608330274
0.012393208322854342,0.49229052030215636,0.8994587653857593,2.0801005146909644,0.22953534384587818
0.012240533709478613,0.4915821971909477,0.8994663742997941,2.0805309147880884,0.22956869562732096
0.012084921426769557,0.4909576850453104,0.8995401556051725,2.0809611675597752,0.2296059480794828
0.011926408820928045,0.4904179045731505,0.8996123063239582,2.0813913207363957,0.22964476621053947
0.011765033934218563,0.48996365472889036,0.8994826666301848,2.081821404823035,0.22968492481538114
0.011600835495839354,0.4895956101555718,0.8993039528561907,2.082251441109125,0.22972600248883324
0.011433852912627402,0.4893143190054739,0.8975714580373124,2.08268147466865,0.2297727582040873
0.011264126259601154,0.4891202011561669,0.8976310685561124,2.0831116742284044,0.22982671021102036
0.011091696270342599,0.4890135468360105,0.8957990702944473,2.083542129238926,0.22988613184471735
0.01091660432722145,0.4889945156700013,0.895849350269615,2.0839729991090192,0.22995250104134057
0.010738892451463597,0.48906313615356534,0.893965019697862,2.084404368696243,0.2300241504586442
0.010558603293066182,0.48921930555851517,0.8940108777223155,2.0848363970786323,0.23010290050024546
0.010375780120561789,0.48946279027192957,0.8921235422514419,2.0852691694315837,0.230186816340797
0.010190466810634227,0.48979322656522883,0.8921679441843412,2.0857028418376595,0.23027775306990833
0.010002707837588366,0.4902101217873116,0.8922120384142942,2.086137480913704,0.23037031774854924
0.00981254826267643,0.4907128559722631,0.8918620137746321,2.086573127976875,0.23046665626086013
0.009620033723283582,0.49130068384895287,0.8919288843969558,2.0870098889392086,0.23056785076351177
0.009425210421975203,0.4919727372368396,0.8919959429861244,2.0874478143792627,0.23067059143861626
0.009228125115408423,0.49272802780949826,0.8920612760746945,2.0878869336458927,0.2307749300347297
0.009028825103110748,0.4935654502048931,0.8904229712938189,2.0883272928621617,0.23088419691566675
0.008827358216128452,0.494483785459164,0.8904945015753978,2.088769038002874,0.2310000671121842
0.008623772805547313,0.4954817047388251,0.890566295655284,2.0892122313841623,0.23111750405366746
0.00841811773088872,0.4965577733446605,0.89058025082102,2.089656899919907,0.2312362171254676
0.008210442348383263,0.4977104549594227,0.8906511845472647,2.090103061429595,0.2313560319162836
0.00800079649912596,0.49893811611052097,0.8907228779542377,2.0905507394531297,0.2314771958720585
0.007789230497114265,0.5002390308183783,0.8907944894689971,2.0909999562464434,0.23159964219974327
0.007575795117173108,0.5016113854009407,0.8908667280269229,2.091450736986293,0.23172322442221935
0.007360541582769143,0.5030532834049247,0.8906606165345234,2.0919030907391196,0.23184877809725646
0.007143521553717351,0.5045627506348613,0.8907583198707392,2.092357109692433,0.23197922887481054
0.0069247871137830125,0.5061377402516364,0.8907732398124798,2.0928128410606224,0.23211081511220927
0.006704390758181679,0.5077761379132609,0.8908705838861866,2.093270298814683,0.23224337598988123
0.006482385380980822,0.5094757669317105,0.8909684614191844,2.093729506469596,0.23237744807598518
0.0062588242624052656,0.5112343934210942,0.89106653548744,2.0941904898170383,0.2325125904464208
0.00603376105605029,0.5130497314139177,0.8911652358013986,2.094653244073299,0.23264729179373822
0.005807249776005151,0.5149194479238676,0.8909565968007694,2.0951177915189074,0.23278583270037603
0.005579344783889725,0.5168411679352906,0.8910807483385907,2.0955842411630656,0.2329293974093566
0.0053501007758081425,0.5188124793013648,0.8913187432684272,2.0960526396123242,0.23307405664140352
0.005119572769221917,0.520830937534799,0.8913450768286569,2.0965229992360905,0.23321938784302904
0.004887816089746027,0.5228940704767846,0.891033940335866,2.096995342609634,0.23336851252036425
0.004654886357871127,0.5249993828317341,0.8910326853406243,2.0974698081884178,0.2335244435308168
0.004420839475614738,0.5271443605571978,0.891179253834218,2.097946447727343,0.23368116933173486
0.00418573161310513,0.5293264751000738,0.8903172289480594,2.0984252929907705,0.23384193697519343
0.003949619195100702,0.5315431874719345,0.8905555567012051,2.0989064594801454,0.2340077878988944
0.003712558887448429,0.5337919521578958,0.8898126529902548,2.099389998867839,0.23417713028495798
0.003474607583484239,0.5360702208549479,0.8893783926408279,2.0998760193077506,0.2343514399185608
0.003235822390378815,0.538375446037115,0.8887964823288825,2.1003645720210966,0.23452912770901937
0.002996260615432333,0.5407050843460643,0.8889923913354495,2.1008557586502548,0.2347115665996795
0.0027559797523208237,0.5430565998070099,0.8891893088524472,2.1013496198991244,0.2348951024974377
0.002515037467297997,0.5454274668708211,0.8893875751070239,2.101846173470248,0.23507990665926298
0.0022734915853557594,0.5478151732842015,0.8894197591760478,2.102345440469057,0.2352657871536535
0.002031400076346278,0.5502172227906856,0.889618466832112,2.102847427217643,0.23545218802919812
0.0017888210410696261,0.5526311376659081,0.8898174123394542,2.103352147109722,0.2356397418931111
0.0015458126973298513,0.5550544610912816,0.8898343949652732,2.103859614296602,0.23582803249201972
0.0013024333659629567,0.5574847593707425,0.8894731017098214,2.104369846979924,0.23601931052818376
0.0010587414568402171,0.559919623995679,0.8896883342769493,2.104882938007599,0.23621510551122427
0.0008147954548500376,0.5623566735635253,0.8894743300977946,2.1053989397763724,0.23641431539662514
0.0005706539058618959,0.5647935555558055,0.8893871149045468,2.105917954346695,0.2366198209204924
0.0003263754026756767,0.5672279479815848,0.88963545032859,2.106440088210728,0.23682934927520494
8.201857095951564e-05,0.5696575608924868,0.8896717994879351,2.106965384172274,0.23704188130231654
-0.00016235794481993316,0.5720801377754606,0.889933851024043,2.1074939351888315,0.23725914896731692
-0.0004066954954719151,0.5744934568295772,0.8901962789393606,2.1080257803946885,0.23747718796847872
-0.0006509354411571659,0.5768953321330628,0.8904661888177098,2.1085609236592853,0.23769575654298716
-0.0008950191654610938,0.5792836147067612,0.8907366716332473,2.10909937343545,0.23791519724606242
-0.0011388880894615352,0.5816561934800929,0.8910070978602919,2.109641139157534,0.23813536109114533
-0.0013824836857873346,0.5840109961654931,0.8905968474949739,2.1101862441688524,0.23835937065982668
-0.0016257474926646856,0.5863459900471222,0.8908844176295119,2.1107348046950896,0.23858868382737625
-0.0018686211279476624,0.5886591826894929,0.8911823429323499,2.111286856918,0.238818634449333
-0.002111046303129628,0.5909486225714796,0.8914806934824187,2.1118424077257494,0.23904928876099402
-0.0023529648373322083,0.5932123996509505,0.8917789661765058,2.1124014641081255,0.23928067329807484
-0.002594318671268464,0.5954486458650704,0.8920774139272191,2.1129640339324265,0.2395127857632226
-0.0028350498811768143,0.5976555355711003,0.8923434614147293,2.11353012285389,0.23974531654533449
-0.003075100692722416,0.5998312859322931,0.8926419690675231,2.1140997284827776,0.23997815086505395
-0.003314413494862773,0.6019741572532648,0.8929393640217839,2.114672854267639,0.2402115813178558
-0.0035529308536741563,0.6040824532689958,0.8932361258028211,2.115249504463858,0.24044559960508097
-0.0037905955261353422,0.6061545213913881,0.89357381151122,2.1158296933854635,0.24068199360580164
-0.004027350473865827,0.6081887529170965,0.8938689535087674,2.116413495929214,0.24092341732415065
-0.004263138876814567,0.6101835832001139,0.8941406318232419,2.117000998290356,0.2411680940923983
-0.004497904146896725,0.6121374917924259,0.894351795740908,2.1175922277341015,0.24141503184892418
-0.0047315899415743806,0.6140490025557719,0.894441103836995,2.118187263416609,0.241667446823929
-0.004964140177378557,0.615916683747446,0.8947085190244053,2.1187862017442245,0.2419235036078445
-0.005195499043368948,0.6177391480827932,0.8949567507953919,2.1193890588765334,0.24217961507501762
-0.005425611014528292,0.6195150527769338,0.8948570645919244,2.119995843209927,0.24243826661368656
-0.005654420865088046,0.6212430995680612,0.8945644631623205,2.1206066393189777,0.2427025793696832
-0.005881873681782452,0.6229220347244708,0.8940565847466043,2.1212215570926802,0.2429731066245141
-0.006107914877027313,0.6245506490373511,0.8933209846243565,2.1218407165055657,0.24325024626217434
-0.006332490202020801,0.6261277778012021,0.892349109404025,2.1224642450095477,0.24353431741858708
-0.006555545759762952,0.6276523007836103,0.8911470667255369,2.1230922786007254,0.24382636381787534
-0.006777028017990576,0.6291231421859731,0.8913883325740413,2.123724967800287,0.2441240975527241
-0.006996883822024874,0.6305392705966444,0.8899662580585332,2.1243623623959604,0.24442580634277822
-0.007215060407528238,0.6318996989378666,0.8900807992140111,2.1250045885525215,0.24473345599728313
-0.007431505413167438,0.6332034844077075,0.890321502778639,2.125651685161505,0.24504164624719862
-0.0076461668931800675,0.6344497284181645,0.8893459167762652,2.1263036597257523,0.24535247102898225
-0.007858993329841366,0.6356375765304805,0.8881696270021756,2.1269606082083095,0.2456700001004026
-0.00806993364582814,0.6367662183886085,0.888337712920924,2.1276226436709527,0.24599167054016058
-0.008278937216477123,0.637834887651715,0.8869751163701591,2.1282897968122536,0.24631608766164131
-0.008485953881934577,0.6388428619265057,0.885444140124098,2.128962169272128,0.246647629742759
-0.008690933959194538,0.6397894627000965,0.8837581649435372,2.1296398956150653,0.24698649124347172
-0.00889382825402242,0.6406740552740895,0.8819600534058375,2.130323110738672,0.24733258299356875
-0.009094588072761374,0.6414960487004301,0.8805633868893656,2.1310119504046536,0.24768633733654283
-0.009293165234018592,0.6422548957195959,0.8792384968725807,2.131706561674916,0.24804797218626115
-0.009489512080228586,0.6429500927015894,0.8775321813246937,2.1324070872138847,0.24841736263801462
-0.00968358148909077,0.6435811795901564,0.8758891202818325,2.1331136724058615,0.24879453880235305
-0.009875326884878593,0.6441477398506266,0.8759712652240382,2.1338264406756275,0.2491761882776085
-0.010064702249617433,0.6446494004217026,0.8760533795936412,2.1345454127544867,0.2495582245129413
-0.010251662134128875,0.6450858316715078,0.8761358194598335,2.1352705916209334,0.24994114102065262
-0.010436161668938014,0.6454567473581405,0.8762031280881415,2.1360019746336025,0.2503243067730681
-0.010618156575042186,0.6457619045949706,0.8762861799337472,2.1367395527440376,0.2507074901656884
-0.010797603174537464,0.6460011038208636,0.876369267411575,2.1374833134627336,0.25109075339446335
-0.010974458401101415,0.6461741887754946,0.8764367288568247,2.1382332482096214,0.25147427099809677
-0.01114867981032853,0.6462810464798768,0.8765204294932807,2.1389893496136527,0.2518580124484361
-0.011320225589916988,0.6463216072222119,0.8767755074392268,2.139751607970486,0.252241677518947
-0.01148905456970306,0.6462958445491213,0.8768599611185945,2.1405200059015366,0.2526251709419416
-0.011655126231542039,0.6462037752623205,0.876944918751962,2.1412945332364908,0.25300891357064265
-0.011818400719032271,0.6460454594207282,0.8770302581124209,2.1420751830232994,0.2533929416188173
-0.011978838847080509,0.6458210003480291,0.8771159189030351,2.1428619483320888,0.2537771886979953
-0.012136402111306132,0.6455305446456245,0.8772022474975106,2.143654820727355,0.25416160609396415
-0.012291052697282055,0.6451742822109203,0.8772890642588947,2.1444537920247173,0.2545462674137586
-0.012442753489610024,0.644752446260869,0.8760013279365908,2.1452588612507313,0.2549326314746423
-0.012591468080828063,0.6442653133606157,0.8747546611542233,2.1460700841410634,0.2553232197554696
-0.01273716078014815,0.6437132034571177,0.8735834467679862,2.146887529967426,0.2557177636539672
-0.012879796622021773,0.6430964799175534,0.8732683059004077,2.1477112562770606,0.25611451206607727
-0.013019341374531595,0.6424155495722879,0.8728891210569506,2.148541257526724,0.25651059220096534
-0.013155761547606825,0.6416708627621578,0.8731516888314368,2.1493775096889958,0.2569062789479534
-0.013289024401060803,0.6408629133897819,0.8734141853994444,2.1502199914753564,0.257301417797566
-0.013419097952448365,0.6399922389745603,0.8735298961158021,2.1510686818307145,0.2576963588751877
-0.01354595098474155,0.6390594207110003,0.8736499306277044,2.1519235669624037,0.25809123294998093
-0.013669553053821556,0.6380650835299416,0.8717507459144028,2.152784644421201,0.2584882517232753
-0.013789874495785084,0.6370098961622233,0.8718800718117345,2.153651974995622,0.25888828960712745
-0.01390688643406364,0.6358945712042587,0.8723341023970342,2.1545255628136544,0.25928803741824497
-0.014020560786353744,0.6347198651849504,0.8714258542930443,2.155405392620513,0.25968840758816636
-0.014130870271356453,0.6334865786333013,0.8695603108693182,2.1562914919517806,0.26009187184144794
-0.014237788415324946,0.6321955561460232,0.8698162798869982,2.1571839116752733,0.26049741348631283
-0.014341289558417805,0.6308476864543486,0.8691875692356672,2.1580826495899825,0.2609032278892527
-0.014441348860857602,0.6294439024892172,0.8687712891141709,2.158987717220573,0.2613107452693919
-0.014537942308892047,0.6279851814438778,0.8685893628051569,2.159899129003157,0.2617190504591085
-0.014631046720557218,0.6264725448329019,0.8682044111206899,2.16081687786419,0.26212720913577536
-0.01472063975124128,0.6249070585464662,0.8684588206325045,2.1617409411210042,0.26253465441500096
-0.014806699899046946,0.623289832898716,0.8687133243014717,2.1626712943462554,0.26294173745729743
-0.014889206509951769,0.6216220226688464,0.8687863822470108,2.163607917560952,0.26334834056982054
-0.014968139782765316,0.6199048271334867,0.8690570632287632,2.164550789308323,0.26375447486165454
-0.015043480773880853,0.6181394900887958,0.8693310924131534,2.165499884692742,0.26415988810089724
-0.01511521140182231,0.6163272998605962,0.8696096737824925,2.166455175995494,0.2645644881632425
-0.015183314451583175,0.6144695893006821,0.8700143210842036,2.167416633124065,0.26496803679701425
-0.015247773578758478,0.612567735767345,0.8702706496668321,2.1683842185571467,0.2653703788871366
-0.015308573313467128,0.6106231610879502,0.8705272796701425,2.1693579037605377,0.2657721324389706
-0.015365699064064636,0.6086373315012891,0.870839149497332,2.170337662327606,0.26617305130449825
-0.015419137120645014,0.6066117575772074,0.871151912357928,2.1713234653808025,0.2665731148890116
-0.015468874658331282,0.6045479941108747,0.8718452540721375,2.172315281566452,0.2669718421852494
-0.01551489974035311,0.6024476399888434,0.872191289597699,2.1733130584591103,0.267368331696048
-0.015557201320911743,0.6003123380238613,0.8731195303616454,2.1743167482992543,0.2677629493273295
-0.015595769247830887,0.5981437747552039,0.8734942003333014,2.175326287787166,0.26815495652683763
-0.015630594264993247,0.5959436802110645,0.8738719246533938,2.176341630022855,0.26854579696620756
-0.015661668014561852,0.5937138276293651,0.875021305162937,2.1773627359343033,0.2689343787457642
-0.015688983038985953,0.5914560331330798,0.8763106676411521,2.1783895230494386,0.2693185752122619
-0.01571253278279081,0.5891721553559847,0.8777029952954996,2.1794218886154675,0.2696981009980618
-0.01573231159415105,0.5868640950144985,0.8781317383334121,2.1804597314243903,0.2700740011128622
-0.015748314726246705,0.5845337944210709,0.8785604443818182,2.181502996660376,0.2704484907225528
-0.01576053833840305,0.5821832369343295,0.8800270684013258,2.182551638505598,0.27082007942124087
-0.01576897949701178,0.5798144463410004,0.8804609059340988,2.183605563558979,0.27118779864098674
-0.015773636176235322,0.5774294861644006,0.8786471098004407,2.1846647111184,0.27155337680671027
-0.015774507258493067,0.5750304588940689,0.8800434948625301,2.185729010947955,0.2719147420669228
-0.015771592534729456,0.5726195051309662,0.8814171859924521,2.1867983422613633,0.2722698849224411
-0.015764892704464184,0.5701988026424415,0.8795161472597232,2.187872573449448,0.2726193704103317
-0.015754409375624334,0.5677705653210526,0.8776719421414236,2.188951591094208,0.2729637024631622
-0.01574014506415852,0.5653370420411721,0.8779498747491009,2.19003528478267,0.2733041547789498
-0.01572210319343305,0.5629005154072262,0.878364765801138,2.1911236024069245,0.27364316167720343
-0.015700288093410283,0.5604633003873394,0.8767149560492439,2.1922164902338364,0.27397814287395866
-0.015674704999609466,0.5580277428261445,0.8751018087628589,2.193313809709023,0.27430515340176265
-0.01564536005185034,0.5555962178305145,0.8754866161132364,2.194415396939776,0.2746261415162759
-0.01561226029277952,0.5531711280220817,0.875870874170501,2.195521177236886,0.2749452823448322
-0.015575413666180286,0.5507549016505119,0.8762571187021535,2.1966311081017196,0.27526271462484536
-0.015534829015066181,0.548349990561713,0.8772825684634389,2.1977451339134535,0.27557607239397613
-0.015490516079558595,0.5459588680154245,0.8758437232372863,2.198863113971213,0.2758806313471234
-0.015442485494549373,0.5435840263469782,0.8762115237444553,2.1999848529908723,0.27617774296329556
-0.015390748787148372,0.5412279744684588,0.8762041470477433,2.201110268604225,0.2764731780507555
-0.015335318373917035,0.5388932352050181,0.8765713348363978,2.2022393249817616,0.2767670865575791
-0.015276207557888432,0.5365823424627046,0.8769428944267944,2.2033719762443673,0.277058840738046
-0.01521343052537465,0.5342978382249159,0.8773083358172014,2.2045081734587844,0.2773485805444403
-0.015147002342562162,0.5320422693753886,0.8775897000689289,2.205647871130105,0.27763661950375523
-0.015076938951896058,0.5298181843465933,0.8779616209550607,2.2067910321295874,0.2779230155349162
-0.015003257168253648,0.5276281295934546,0.8783312134123848,2.2079376083814983,0.27820712583292073
-0.014925974674909465,0.5254746458934738,0.8791591644410555,2.2090875367269214,0.27848667761819285
-0.01484511001929078,0.5233602644756117,0.8799111488778465,2.2102406702081567,0.2787579687333807
-0.014760682608526896,0.5212875029816748,0.880271265847724,2.211396850541234,0.27902347456735666
-0.014672712704791098,0.5192588612654426,0.8809149072256877,2.21255599100249,0.2792843611562387
-0.014581221420438002,0.5172768170363353,0.8812459007803813,2.2137179607113593,0.27953971287457285
-0.014486230712936681,0.5153438213561338,0.8817598698690726,2.2148826791949583,0.27979071937849725
-0.014387763379600944,0.5134622939989605,0.8821019301272786,2.2160500166947825,0.28003598349616554
-0.014285843052118151,0.5116346186865729,0.8824429470660816,2.2172199003449924,0.28027904044910806
-0.01418049419087769,0.5098631382128399,0.882782753625793,2.2183922803629526,0.2805198655959783
-0.014071742079100504,0.5081501494731371,0.8831206834350298,2.2195671068218994,0.2807583915740262
-0.013959612816771412,0.5064978984162665,0.8834563203220016,2.2207443296485434,0.2809947150866679
-0.013844133314375142,0.5049085749383188,0.8842976112809761,2.221923901107678,0.28122908988880496
-0.013725331286437993,0.5033843077396631,0.8850933357898992,2.223105783798912,0.2814619860522516
-0.013603235244876286,0.5019271591679498,0.8854217078794786,2.224289941870462,0.2816930600423457
-0.013477874492153987,0.5005391200715376,0.8857495859208,2.22547632761087,0.2819218207521772
-0.013349279114249988,0.49922210468919714,0.8860777712143298,2.226664890652797,0.2821482784412921
-0.013217479973437697,0.49797794560314834,0.8863588938939888,2.2278555873025185,0.28237342137837684
-0.013082508700878267,0.49680838878349354,0.8866110282043046,2.229048378291948,0.282594564929325
-0.012944397689029165,0.49571508875289627,0.8866817310307774,2.2302431220979355,0.28280751922372943
-0.012803180083870339,0.49469960390082074,0.8865763017342116,2.231439654182292,0.28301257311243716
-0.012658889776949133,0.4937633919768609,0.8868497585660152,2.232637826197102,0.283212067194946
-0.012511561397246577,0.4929078057925542,0.886554240536173,2.2338375565674826,0.2834072252591176
-0.012361230302866599,0.49213408916062357,0.8853619171159409,2.23503869657453,0.28359101217690275
-0.012207932572550302,0.49144337309979996,0.884770124389905,2.2362409515971797,0.2837612330574827
-0.012051704997016981,0.4908366723322045,0.8840604032429711,2.2374441365353586,0.28392463934510853
-0.011892585070134925,0.4903148820988137,0.8832565522257185,2.238648116782082,0.2840815209086047
-0.011730610979922763,0.48987877531665164,0.8820603904802918,2.2398527369658883,0.28422685280112514
-0.011565821599384601,0.4895290000992457,0.8822456317889241,2.2410576921372756,0.28435956286718767
-0.011398256477180837,0.48926607765938973,0.8812263517522146,2.2422628686939934,0.2844891233113469
-0.01122795582813635,0.4890904006105526,0.880191169278547,2.2434681644858703,0.2846126029354615
-0.011054960523589535,0.48900223168030166,0.8804934490106289,2.244673469574481,0.2847320040263839
-0.010879312081582973,0.4890017028459518,0.8794742264761315,2.245878731002054,0.28484847713169853
-0.010701052656899683,0.48908881489934064,0.8785074341493757,2.247083857766524,0.2849595288887054
-0.010520225030945901,0.4892634374442121,0.8776198141480036,2.2482887384283954,0.28506483814517947
-0.010336872601483795,0.4895253093262383,0.8775541994622791,2.2494932240671797,0.2851575245964545
-0.010151039372216338,0.48987403949222896,0.8777414697950142,2.2506969662550005,0.2852355057592324
-0.009962769942226527,0.4903091082716681,0.8767682863418768,2.2518998336342,0.28531000364604364
-0.009772109495273844,0.4908298690704029,0.8773953080098282,2.253101738518641,0.2853805688400935
-0.009579103788950317,0.4914355504631677,0.8765377239941905,2.2543026289165153,0.28544795154667785
-0.009383799143699006,0.49212525866862417,0.8767505451465992,2.2555024156830457,0.28551103305175646
-0.00918624243169732,0.4928979803879043,0.8776516895284778,2.2567009979136357,0.2855626500667757
-0.008986481065607772,0.49375258598516564,0.87784537825259,2.257898008828802,0.2855981823145594
-0.008784562987199339,0.4946878329865163,0.8780396473144289,2.259093319566867,0.28563189060325106
-0.008580536655841601,0.4957023698718207,0.878236367523123,2.2602868977722292,0.2856637690103612
-0.008374451036874713,0.49679474013242275,0.8787808538341164,2.2614787091850115,0.28569390308713966
-0.008166355589858032,0.4979633865666332,0.8800686723242744,2.2626686786951553,0.2857128016739839
-0.007956300256699871,0.4992066557840641,0.8802319357847522,2.263856435846084,0.2857152972913941
-0.007744335449671927,0.5005228028894031,0.8803950123051605,2.2650418524800076,0.2857160553358542
-0.0075305120393103645,0.5019099963161061,0.8792844707930345,2.266224875129278,0.2857116906742096
-0.007314881342207358,0.5033663227806852,0.8795987927909751,2.2674053958293032,0.28570341344253
-0.007097495108695084,0.5048897923287385,0.8801516757251356,2.268583381402462,0.2856940166209415
-0.006878405510426084,0.5064783434446466,0.8804621697954028,2.269758814203954,0.28568346396829086
-0.00665766512785231,0.5081298481978639,0.8794874978670231,2.2709316665472152,0.2856699613416345
-0.0064353269376059554,0.5098421173999378,0.8786537956508877,2.272101851453252,0.28565099730027543
-0.006211444299785435,0.5116129057478297,0.8803458871008822,2.2732692243620867,0.28561820397202486
-0.005986070945149135,0.5134399169306229,0.8805428157399363,2.274433381924179,0.2855676937144586
-0.005759260962220306,0.515320808678429,0.880739851325825,2.2755941872840073,0.28551548426615153
-0.00553106878430617,0.51725319773403,0.8809363345162929,2.2767516129163297,0.28546155535561646
-0.0053015491764340245,0.5192346647296502,0.8800559789213556,2.2779056243381537,0.28540449763306064
-0.005070757222208033,0.521262758953085,0.8804695149207885,2.279056146971265,0.285343961341939
-0.0048387483105893645,0.5233350029892986,0.8808401282844884,2.280203150547239,0.2852823580112446
-0.004605578122603141,0.5254488972254234,0.8810448608048529,2.281346620090452,0.28521945593644743
-0.004371302617975171,0.5276019242089115,0.8812489067128093,2.282486531641788,0.28515490769173846
-0.00413597802170205,0.5297915528503341,0.8817627004305565,2.283622860855882,0.2850889678418946
-0.0038996608105572286,0.5320152424639832,0.882221529144175,2.28475559091553,0.2850219096315908
-0.0036624076995370675,0.5342704466410347,0.8825156492617995,2.2858847068819745,0.2849537295570582
-0.0034242756282493007,0.5365546169515112,0.8826831226997796,2.2870101927060458,0.28488422476652747
-0.0031853217472479715,0.5388652064726641,0.8828492963490499,2.2881320229928646,0.2848129235348101
-0.002945603404317522,0.5411996731426877,0.8830461661219015,2.28925017168179,0.28474003542793785
-0.0027051781307095395,0.5435554829398296,0.8832885452875545,2.2903646138131455,0.2846657356756653
-0.0024641036273355937,0.5459301128880235,0.8825667890198313,2.2914753285776857,0.2845888573680255
-0.002222437750919324,0.5483210538911089,0.8827338061218989,2.292582239841222,0.2845079643262221
-0.0019802385001109982,0.5507258133985322,0.8828991173755091,2.2936853099440486,0.28442571595210536
-0.0017375640015682308,0.5531419179061473,0.8822897016479213,2.2947845094637502,0.2843403437979143
-0.0014944724960057553,0.5555669152963687,0.8817723129821735,2.2958797529937667,0.2842495355094673
-0.0012510223242180563,0.557998377022429,0.8819417862196127,2.296970945697806,0.2841547328408195
-0.0010072719130777529,0.5604339001419568,0.8821094779966637,2.2980580500958325,0.2840585331087324
-0.0007632797615134237,0.562871109205417,0.8822757050275001,2.299141046440414,0.28396099569206773
-0.00051910442647028,0.5653076580052396,0.8818456975886023,2.300219909066358,0.2838604487847662
-0.00027480450885662916,0.5677412311916539,0.8820632490335741,2.301294559985718,0.2837560261061596
-3.043863948000336e-05,0.5701695457613769,0.8822798688946688,2.302364967342643,0.28365067403764754
0.00021393453502392673,0.5725903524253911,0.8847451504002198,2.3034310751794687,0.2835354059199854
0.0004582563662663246,0.575001436862048,0.8850050126504881,2.304492567912127,0.283406360264293
0.0007024682181804963,0.5774006208617333,0.8852024372213341,2.3055493585249205,0.28327700203285466
0.0009465114810942507,0.5797857633692467,0.884658254999659,2.306601439685161,0.28314547944306406
0.0011903275857959277,0.5821547614299518,0.8841373447159114,2.307648745335794,0.28300940069654285
0.0014338580175907696,0.5845055510456431,0.8836321245760342,2.308691193546997,0.2828686991188711
0.0016770443303441174,0.5868361079458859,0.886666273017123,2.309728669791334,0.28271710897849966
0.0019198281605082856,0.5891444482804511,0.8868524402207615,2.310760883510842,0.2825532102883737
0.0021621512411294256,0.5914286292382498,0.8870481445565106,2.311787751555257,0.2823885787611819
0.002403955415831385,0.5936867495979715,0.8872358158965744,2.3128092739464536,0.28222337596860864
0.002645182652772946,0.5959169502154393,0.8874229089774701,2.313825446164039,0.2820573116985065
0.0028857750585751926,0.5981174144524404,0.8876097561994609,2.3148362600026196,0.2818902557010772
0.003125674892215608,0.6002863685516053,0.8877953865015712,2.3158417085041907,0.2817224081965211
0.0033648245788856688,0.6024220819616504,0.8879271371030991,2.3168417860266133,0.2815536574793531
0.003603166723808565,0.6045228676171007,0.8881126393315083,2.31783648278142,0.28138387818307137
0.003840644126013598,0.6065870821763746,0.8882969392497546,2.3188257923455904,0.28121332386221376
0.0040771997920641696,0.6086131262218886,0.8884807386002405,2.319809710778725,0.28104212413186985
0.004312776949735927,0.6105994444256411,0.8886640870492702,2.3207882351751024,0.2808701880632585
0.004547319061641892,0.6125445256835125,0.8889151172343449,2.32176136627256,0.2806979709788886
0.004780769838800997,0.6144469032213197,0.8890985501781917,2.322729106922904,0.2805252263975641
0.005013073254147369,0.6163051546754751,0.8892806455295155,2.3236914587067745,0.2803520504372596
0.005244173555976399,0.6181179021508952,0.889461778347156,2.324648421390556,0.2801782511119356
0.005474015281325004,0.619883812258654,0.888787155565083,2.3255999888906276,0.2800030287578734
0.00570254326928237,0.621601596135661,0.8880561873141168,2.326546130455412,0.27982548249377154
0.005929702674228368,0.6232700094485283,0.8882397018233325,2.327486816864577,0.2796464985505844
0.006155438978996225,0.6248878523835993,0.8874466142785964,2.3284220401770193,0.27946658175893174
0.006379698007956351,0.6264539696249776,0.8876274634542588,2.3293517864484357,0.279285502700018
0.006602425940018315,0.6279672503222674,0.8878600874327619,2.330276050629565,0.2791036944820163
0.006823569321547534,0.6294266280495779,0.8880423979412752,2.33119482945339,0.2789213415835505
0.007043075079193974,0.6308310807572488,0.8883075156847754,2.3321081254712928,0.2787386645254564
0.007260890532629488,0.6321796307176283,0.8885046321794275,2.333015943789804,0.2785556165176777
0.007476963407190803,0.6334713444661055,0.888769681756508,2.3339182848900264,0.27837192699531593
0.007691241846425211,0.6347053327385522,0.8889341308300496,2.3348151449298835,0.2781875028035279
0.007903674424535857,0.6358807504061598,0.8890694715662836,2.3357065243857007,0.27800271547855987
0.008114210158723767,0.636996796408638,0.8892567605285167,2.3365924286518145,0.2778176580141342
0.008322798521423284,0.6380527136866158,0.8894421875561594,2.337472859766319,0.2776320586843041
0.008529389452428633,0.6390477891140248,0.8896280942051525,2.338347817148514,0.27744570870444757
0.008733933370908099,0.6399813534311708,0.8898125221906062,2.339217296491691,0.2772588132341967
0.008936381187303033,0.6408527811791395,0.8899961835909163,2.340081303083685,0.27707184226915293
0.009136684315109344,0.6416614906361042,0.8901789019512242,2.3409398443557095,0.27688445781984916
0.009334794682537811,0.6424069437560671,0.8904430439660994,2.3417929229088164,0.27669678710291173
0.009530664744051266,0.6430886461104994,0.8906239389714729,2.342640545717877,0.2765089103122998
0.009724247491775105,0.6437061468332899,0.8897352110834524,2.3434827177320567,0.2763206989236733
0.00991549646677914,0.6442590385694023,0.888739970070402,2.3443194432755656,0.2761322385696346
0.010104365770227393,0.6447469574275285,0.8888655263326551,2.3451507319905565,0.27594373449137194
0.010290810074393666,0.6451695829370727,0.8889623166742068,2.345976592571451,0.2757551673424362
0.010474784633539909,0.6455266380096868,0.8890297849350169,2.3467970334196995,0.27556638996547983
0.01065624529465506,0.6458178889055959,0.8879457919170561,2.347612063683066,0.27537782209487444
0.010835148508051487,0.6460431452048798,0.888102898666995,2.3484217067537765,0.27519003905141837
0.011011451337816674,0.6462022597838812,0.8884344004822944,2.3492259808680873,0.27500222212262093
0.011185111472117879,0.6462951287968471,0.8885908725559915,2.35002489325019,0.2748141896073942
0.011356087233356441,0.6463216916629142,0.8888638778197994,2.350818451461545,0.27462610705253826
0.011524337588170334,0.6462819310584821,0.8876466976368896,2.351606670454138,0.27443872240409545
0.011689822157282065,0.6461758729150356,0.8877841344970697,2.352389583125895,0.27425230149890506
0.01185250122518944,0.6460035864224085,0.8879201078676314,2.3531672077643098,0.27406598447737274
0.012012335749696991,0.6457651840374855,0.8880521332914747,2.3539395579197984,0.27387983657005177
0.012169287371286135,0.6454608214982844,0.8881832984872581,2.354706647016613,0.27369386454756206
0.012323318422320994,0.6450906978433695,0.8883097615604164,2.3554684931440453,0.2735084216162575
0.012474391936088826,0.6446550554364685,0.8884331695125787,2.3562251135634478,0.2733231010470728
0.012622471655671388,0.6441541799961947,0.8870287274995419,2.356976525193164,0.2731388161620815
0.01276752204264688,0.6435884006306901,0.8871362219545145,2.3577227737623887,0.2729561149013209
0.012909508285618682,0.6429580898770088,0.8856422119311305,2.3584638885150415,0.2727746406731204
0.013048396308570003,0.6422636637450263,0.8840975633899503,2.359199922457294,0.2725957913464668
0.013184152779042061,0.6415055817655939,0.8825308210117868,2.3599309415298095,0.2724198443497701
0.013316745116133556,0.6406843470426573,0.8826023505175971,2.360657007882231,0.2722457503244656
0.013446141498320095,0.6398005063089907,0.8826723013878234,2.3613781497697257,0.2720721246910658
0.013572310871091104,0.6388546499851712,0.8880165275194178,2.362094375366075,0.27189686920674444
0.013695222954402701,0.6378474122413629,0.8882323545773514,2.36280563288706,0.2717189455581558
0.013814848249944932,0.6367794710614245,0.8882655961606236,2.3635119156072157,0.27154126884558777
0.013931158048221079,0.6356515483088252,0.8883078261861372,2.3642132439479515,0.27136427157252274
0.014044124435437861,0.6344644097937571,0.8884415307668578,2.3649096409075305,0.2711878347243468
0.014153720300204616,0.633218865340808,0.8884796584722116,2.3656011257889102,0.27101192341430136
0.014259919340039834,0.6319157688564695,0.8885166508045047,2.3662877215619913,0.27083673147432064
0.014362696067683797,0.6305560183956797,0.8895292156019646,2.3669694474828713,0.27066135123701957
0.014462025817215212,0.6291405562265431,0.8878653015958,2.367646308959615,0.27048740694266576
0.014557884749970964,0.6276703688922664,0.8861701212795225,2.3683183893868422,0.2703180421845115
0.01465024986026733,0.6261464872692659,0.8861925755508465,2.368985781011716,0.2701517161763575
0.01473909898092127,0.6245699866203112,0.8844882882724311,2.369648532115017,0.2699878048279122
0.014824410788570247,0.6229419866414612,0.8827998223320229,2.37030673468126,0.2698290215420721
0.01490616480878998,0.6212636515014366,0.8828270579740619,2.37096049114114,0.2696735414824047
0.014984341421008027,0.6195361898719657,0.8828546894784148,2.3716098438639817,0.26951895936668696
0.015058921863212725,0.6177608549475034,0.8828881032823158,2.37225482023759,0.26936534308198873
0.015129888236455958,0.6159389444526019,0.8829225037981746,2.3728954477138964,0.2692126101496509
0.01519722350914883,0.6140718006350603,0.8829516619569804,2.373531751092902,0.26906060004252047
0.015260911521149029,0.6121608102428425,0.8829810405791865,2.3741637540012555,0.2689094314757971
0.015320936987639526,0.6102074044825875,0.8830106589788843,2.374791482786947,0.2687591515652391
0.015377285502796363,0.608213058957371,0.8830477494888977,2.3754149629988217,0.2686097028578648
0.015429943543246408,0.6061792935812138,0.881405624381058,2.3760342272720028,0.2684625564699412
0.015478898471312806,0.6041076724676354,0.8814521782293787,2.376649353163086,0.26831849549015
0.015524138538047747,0.6019998037893831,0.8798463531338624,2.377260384977932,0.26817667619176455
0.015565652886052399,0.5998573396062375,0.878277757573135,2.3778674139736684,0.2680400157907605
0.015603431552082521,0.5976819756576339,0.8767527015719714,2.378470551519296,0.2679085607178868
0.01563746546943958,0.5954754511165896,0.8768238982808397,2.379069901428126,0.26778067206031636
0.015667746470146834,0.5932395483012428,0.8776389062771275,2.37966550612403,0.26765315410687845
0.0156942672869094,0.5909760923400604,0.8785050020630868,2.380257364896862,0.2675247873271519
0.015717021554858622,0.588686950786582,0.8771398559344403,2.3808454788796736,0.2673979386489917
0.015736003813079373,0.586374033179305,0.8757702986968794,2.381429937055983,0.26727653841102644
0.015751209505920887,0.5840392905421325,0.8759450736257567,2.3820108502008863,0.26715890239662815
0.015762634984089748,0.5816847148205415,0.8760382593257746,2.3825882572916086,0.2670418918731171
0.015770277505526082,0.5793123382484486,0.8761317710520652,2.383162186121579,0.26692618953013375
0.01577413523606149,0.5769242326405102,0.8762252955869356,2.3837326640119825,0.2668112740847176
0.015774207249859097,0.5745225086044095,0.8763538208259799,2.3842997172584135,0.26669737593693515
0.015770493529636,0.5721093146674955,0.8764507899084206,2.38486336872363,0.26658424275675574
0.01576299496666717,0.5696868363119554,0.875111611742576,2.385423654257326,0.26647420565184116
0.015751713360571705,0.5672572949125692,0.8752713422352809,2.385980673496936,0.2663682330813868
0.01573665141888096,0.5648229465709567,0.8739533920854466,2.3865344802547517,0.2662651805664064
0.01571781275638867,0.562386080840153,0.8742104429835619,2.3870851739159704,0.26616620867179763
0.01569520189428338,0.5599490193332662,0.8743163453983056,2.3876327972935543,0.266068106738449
0.015668824259063397,0.5575141142099826,0.8744222338395289,2.3881773765900385,0.2659709686286816
0.01563868618123463,0.5550837465346923,0.874529364484081,2.3887189380093448,0.2658750074565608
0.01560479489379108,0.5526603245001122,0.8747863104794119,2.3892575111433687,0.26577993638693825
0.015567158530479033,0.5502462815104194,0.8735342319132442,2.389793123536224,0.2656876691120266
0.015525786123844998,0.5478440741181245,0.8723611508314721,2.390325892164547,0.2656024408892726
0.015480687603068066,0.5454561798091844,0.8725050871736207,2.3908559513719885,0.265521705627887
0.015431873791576638,0.543085094631251,0.8726390419262778,2.3913833462517218,0.26544189159414816
0.015379356404451204,0.5407333306603738,0.8727751342892711,2.391908106145211,0.26536345439667225
0.015323148045612568,0.538403413302031,0.8729122990099815,2.3924302645680893,0.2652863943602861
