step,time,active_area,total_signal,max_signal,activation_events,inadmissible_activation_count,inadmissible_activation_fraction,signal_outside_domain_fraction,traceability_failures,traceability_failure_fraction,trace_depth_mean,admissible_area_fraction,signal_active_fraction
0,0.0,28.651999999999997,5.800000000000001,0.2,29,0,0.0,0.0,0,0.0,0.0,0.007080078125,0.007080078125
1,0.1,28.302153020000002,11.597100000000001,0.39990000000000003,20,20,1.0,0.0356778849884885,20,1.0,0.0,0.007080078125,0.011962890625
2,0.2,27.959599475764037,17.39130145,0.59970005,24,24,1.0,0.06421199046339456,24,1.0,0.0,0.007080078125,0.017822265625
3,0.30000000000000004,27.63211572810947,23.182605799275002,0.799400199975,0,0,0.0,0.0877438087932624,0,0.0,0.0,0.007080078125,0.017822265625
4,0.4,27.326228428803958,28.971014496375364,0.9973967449636046,0,0,0.0,0.10759346270728652,0,0.0,0.0,0.007080078125,0.017822265625
5,0.5,27.047283544583767,34.756528989127176,1.1924978312950616,0,0,0.0,0.1246492247637811,0,0.0,0.0,0.007080078125,0.017822265625
6,0.6000000000000001,26.799519752272097,40.53915072463261,1.3839549737081438,0,0,0.0,0.1395367323003006,0,0.0,0.0,0.007080078125,0.017822265625
7,0.7000000000000001,26.58615764854736,46.3188811492703,1.5713797421340963,0,0,0.0,0.1527120689859604,0,0.0,0.0,0.007080078125,0.017822265625
8,0.8,26.40950210329411,52.09572170869566,1.7546320084809905,8,8,1.0,0.16451692061576964,8,1.0,0.0,0.007080078125,0.019775390625
9,0.9,26.271051826521678,57.86967384784131,1.9337282555990187,0,0,0.0,0.17521238859495397,0,0.0,0.0,0.007080078125,0.019775390625
10,1.0,26.171610300444662,63.6407390109174,2.108775334967332,8,8,1.0,0.1850023829742445,8,1.0,0.0,0.007080078125,0.021728515625
11,1.1,26.111393546378288,69.40891864141193,2.279925934831883,0,0,0.0,0.1940476281855774,0,0.0,0.0,0.007080078125,0.021728515625
12,1.2000000000000002,26.090131769806902,75.17421418209123,2.4473502318189335,8,8,1.0,0.09729238031710934,8,1.0,0.0,0.007080078125,0.023681640625
13,1.3,26.10716332907515,80.93662707500019,2.6112188164057284,4,4,1.0,0.10225969091822534,4,1.0,0.0,0.009033203125,0.024658203125
14,1.4000000000000001,26.161520532982998,86.6961587614627,2.771693134288794,0,0,0.0,0.10711971242271404,0,0.0,0.0,0.009033203125,0.024658203125
15,1.5,26.25200745334084,92.45281068208196,2.928920762064834,0,0,0.0,0.11190320575309451,0,0.0,0.0,0.009033203125,0.024658203125
16,1.6,26.37727027217619,98.20658427674093,3.0830336787726127,0,0,0.0,0.1166368032600041,0,0.0,0.0,0.009033203125,0.024658203125
17,1.7000000000000002,26.53586073384049,103.95748098460257,3.2341483053701285,0,0,0.0,0.12134383543935856,0,0.0,0.0,0.009033203125,0.024658203125
18,1.8,26.726293115508604,109.70550224411025,3.382366508120918,0,0,0.0,0.12604491391875994,0,0.0,0.0,0.009033203125,0.024658203125
19,1.9000000000000001,26.947094842047683,115.45064949298818,3.5277770492019735,0,0,0.0,0.1307583707572164,0,0.0,0.0,0.009033203125,0.024658203125
20,2.0,27.196850524816256,121.19292416824169,3.6704571600626554,0,0,0.0,0.13550058820584268,0,0.0,0.0,0.009033203125,0.024658203125
21,2.1,27.47423886320358,126.9323277061576,3.8104740409632383,0,0,0.0,0.14028624212906426,0,0.0,0.0,0.009033203125,0.024658203125
22,2.2,27.77806156872351,132.6688615423045,3.9478861753514876,0,0,0.0,0.1451284749757879,0,0.0,0.0,0.009033203125,0.024658203125
23,2.3000000000000003,28.10726330134591,138.40252711153335,4.082744404991892,0,0,0.0,0.06169962819831405,0,0.0,0.0,0.009033203125,0.024658203125
24,2.4000000000000004,28.460941584383633,144.13332584797757,4.215092750780709,0,0,0.0,0.06508772685533937,0,0.0,0.0,0.010986328125,0.024658203125
25,2.5,28.838345816038235,149.8612591850536,4.344968991282176,0,0,0.0,0.06865307851143865,0,0.0,0.0,0.010986328125,0.024658203125
26,2.6,29.23886484059334,155.58632855546108,4.472405030228424,0,0,0.0,0.07240594757876116,0,0.0,0.0,0.010986328125,0.024658203125
27,2.7,29.662003085560706,161.30853539118334,4.597427098023102,0,0,0.0,0.03737485100593554,0,0.0,0.0,0.010986328125,0.024658203125
28,2.8000000000000003,30.10734600147469,167.02788112348776,4.720055842126644,0,0,0.0,0.04106958362251162,0,0.0,0.0,0.011962890625,0.024658203125
29,2.9000000000000004,30.57451642444085,172.744367182926,4.840306367807179,0,0,0.0,0.04501216002139758,0,0.0,0.0,0.011962890625,0.024658203125
30,3.0,31.063124454246008,178.45799499933452,4.958188294308906,0,0,0.0,0.04920878072165989,0,0.0,0.0,0.011962890625,0.024658203125
31,3.1,31.572714403939052,184.16876600183485,5.073705891800056,8,8,1.0,0.05366360738779102,8,1.0,0.0,0.011962890625,0.026611328125
32,3.2,32.102713196119424,189.87668161883394,5.186858360988277,4,4,1.0,0.058378151978995936,4,1.0,0.0,0.011962890625,0.027587890625
33,3.3000000000000003,32.65238509697776,195.58174327802453,5.297640309334982,0,0,0.0,0.06335106221624387,0,0.0,0.0,0.011962890625,0.027587890625
34,3.4000000000000004,33.22079772901985,201.2839524063855,5.406042464700936,8,8,1.0,0.06857776636986752,8,1.0,0.0,0.011962890625,0.029541015625
35,3.5,33.8068037583383,206.9833104301823,5.5120526486797745,0,0,0.0,0.0740499750115026,0,0.0,0.0,0.011962890625,0.029541015625
36,3.6,34.40904146007472,212.67981877496726,5.615657008175565,0,0,0.0,0.07975577877316986,0,0.0,0.0,0.011962890625,0.029541015625
37,3.7,35.025955590067,218.37347886557973,5.716841476339092,0,0,0.0,0.08567944925679553,0,0.0,0.0,0.011962890625,0.029541015625
38,3.8000000000000003,35.65583783019905,224.06429212614694,5.815593405429897,0,0,0.0,0.0918015846923113,0,0.0,0.0,0.011962890625,0.029541015625
39,3.9000000000000004,36.296883847459,229.75225998008386,5.911903288331088,0,0,0.0,0.09809938346237129,0,0.0,0.0,0.011962890625,0.029541015625
40,4.0,36.94726209281686,235.43738385009385,6.005766466814471,0,0,0.0,0.10454708693082679,0,0.0,0.0,0.011962890625,0.029541015625
41,4.1000000000000005,37.605188220586925,241.1196651581688,6.097184717488238,0,0,0.0,0.11111658578892233,0,0.0,0.0,0.011962890625,0.029541015625
42,4.2,38.26899866368236,246.7991053255897,6.186167613429666,8,8,1.0,0.11777821077567698,8,1.0,0.0,0.011962890625,0.031494140625
43,4.3,38.93721749080761,252.47570577292691,6.272733580920922,0,0,0.0,0.12450146187112472,0,0.0,0.0,0.011962890625,0.031494140625
44,4.4,39.608612018717245,258.1494679200405,6.356910603262349,0,0,0.0,0.1312561500229695,0,0.0,0.0,0.011962890625,0.031494140625
45,4.5,40.28223440839757,263.8203931860804,6.438736561096378,0,0,0.0,0.13801324701437254,0,0.0,0.0,0.011962890625,0.031494140625
46,4.6000000000000005,40.957448222106336,269.4884829894874,6.518259233112887,0,0,0.0,0.0763204519169473,0,0.0,0.0,0.011962890625,0.031494140625
47,4.7,41.633940292725185,275.15373874799263,6.595536004945355,4,4,1.0,0.08134457375299291,4,1.0,0.0,0.013916015625,0.032470703125
48,4.800000000000001,42.311719039599396,280.8161618786187,6.670633342722234,0,0,0.0,0.0864815069926954,0,0.0,0.0,0.013916015625,0.032470703125
49,4.9,42.9911005311706,286.4757537976794,6.743626080579238,0,0,0.0,0.09171719458129159,0,0.0,0.0,0.013916015625,0.032470703125
50,5.0,43.67268329856522,292.1325159207805,6.814596552446432,0,0,0.0,0.06571232294670525,0,0.0,0.0,0.013916015625,0.032470703125
51,5.1000000000000005,44.35731241697172,297.78644966282013,6.88363357490048,0,0,0.0,0.0701956687886177,0,0.0,0.0,0.014892578125,0.032470703125
52,5.2,45.04603299472954,303.43755643798875,6.950831268201553,0,0,0.0,0.07483918746419344,0,0.0,0.0,0.014892578125,0.032470703125
53,5.300000000000001,45.74003319133362,309.0858376597697,7.016287693775786,0,0,0.0,0.07963846295177945,0,0.0,0.0,0.014892578125,0.032470703125
54,5.4,46.44057735698915,314.73129474093986,7.080103291958107,0,0,0.0,0.08458859664381162,0,0.0,0.0,0.014892578125,0.032470703125
55,5.5,47.14893083643067,320.37392909356936,7.142379123228682,0,0,0.0,0.0896840308475658,0,0.0,0.0,0.014892578125,0.032470703125
56,5.6000000000000005,47.86627926235042,326.0137421290226,7.203214945246981,0,0,0.0,0.09491834970907541,0,0.0,0.0,0.014892578125,0.032470703125
57,5.7,48.59364653660501,331.6507352579581,7.262707190272209,0,0,0.0,0.04343977974782836,0,0.0,0.0,0.014892578125,0.032470703125
58,5.800000000000001,49.33181687619019,337.2849098903291,7.320946936209767,0,0,0.0,0.04741925219878535,0,0.0,0.0,0.016845703125,0.032470703125
59,5.9,50.08126701573156,342.91626743538393,7.378017983892363,0,0,0.0,0.051661664970386906,0,0.0,0.0,0.016845703125,0.032470703125
60,6.0,50.84211470043006,348.54480930166625,7.433995159850813,8,8,1.0,0.05616325868170869,8,1.0,0.0,0.016845703125,0.034423828125
61,6.1000000000000005,51.61408886143978,354.1705368970154,7.488942956814519,0,0,0.0,0.060916218132252446,0,0.0,0.0,0.016845703125,0.034423828125
62,6.2,52.396525348998374,359.7934516285669,7.542914604776766,8,8,1.0,0.06590861441571831,8,1.0,0.0,0.016845703125,0.036376953125
63,6.300000000000001,53.188389950066565,365.4135549027527,7.5959516365230595,0,0,0.0,0.07112419272404402,0,0.0,0.0,0.016845703125,0.036376953125
64,6.4,53.988327907069596,371.03084812530125,7.6480839767897795,8,8,1.0,0.07654266282238097,8,1.0,0.0,0.016845703125,0.038330078125
65,6.5,54.79473664600472,376.6453327012386,7.699330547688221,0,0,0.0,0.08213983791199181,0,0.0,0.0,0.016845703125,0.038330078125
66,6.6000000000000005,55.60585630328974,382.25701003488797,7.749700348457663,0,0,0.0,0.0643738670982736,0,0.0,0.0,0.016845703125,0.038330078125
67,6.7,56.41987122947026,387.86588152987053,7.799193938172152,0,0,0.0,0.06981039925330058,0,0.0,0.0,0.017822265625,0.038330078125
68,6.800000000000001,57.23501510525246,393.4719485891056,7.847805228037113,0,0,0.0,0.07537810972983279,0,0.0,0.0,0.017822265625,0.038330078125
69,6.9,58.04967259326254,399.07521261481105,7.89552347666605,0,0,0.0,0.08104367302153218,0,0.0,0.0,0.017822265625,0.038330078125
70,7.0,58.86247136065576,404.6756750085036,7.942335377432194,0,0,0.0,0.08677358006579806,0,0.0,0.0,0.017822265625,0.038330078125
71,7.1000000000000005,59.67235955956904,410.2733371709994,7.988227130847294,0,0,0.0,0.09253529706387759,0,0.0,0.0,0.017822265625,0.038330078125
72,7.2,60.47866519083106,415.8682005024139,8.033186405338306,0,0,0.0,0.09829837754787767,0,0.0,0.0,0.017822265625,0.038330078125
73,7.300000000000001,61.281135043848565,421.4602664021627,8.077204104690503,0,0,0.0,0.10403546031679622,0,0.0,0.0,0.017822265625,0.038330078125
74,7.4,62.07995203913842,427.0495362689616,8.12027587757059,8,8,1.0,0.10972311630467162,8,1.0,0.0,0.017822265625,0.040283203125
75,7.5,62.875730781562496,432.63601150082707,8.162403321887856,0,0,0.0,0.11534237059871039,0,0.0,0.0,0.017822265625,0.040283203125
76,7.6000000000000005,63.66949194223079,438.21969349507674,8.20359485273361,0,0,0.0,0.03207313393597113,0,0.0,0.0,0.017822265625,0.040283203125
77,7.7,64.46261670039863,443.8005836483292,8.243866216417498,0,0,0.0,0.03516591613801289,0,0.0,0.0,0.021728515625,0.040283203125
78,7.800000000000001,65.25678290353859,449.378683356505,8.283240644678704,0,0,0.0,0.03843981306562847,0,0.0,0.0,0.021728515625,0.040283203125
79,7.9,66.05388493403052,454.9539940148268,8.32174865320493,0,0,0.0,0.04189561428318069,0,0.0,0.0,0.021728515625,0.040283203125
80,8.0,66.85593967734664,460.52651701781934,8.359427498264651,0,0,0.0,0.04553325136201209,0,0.0,0.0,0.021728515625,0.040283203125
81,8.1,67.6649816652305,466.0962537593104,8.396320315600871,0,0,0.0,0.04935146682946904,0,0.0,0.0,0.021728515625,0.040283203125
82,8.200000000000001,68.4829515349501,471.6632056324308,8.432474977263944,0,0,0.0,0.053347435508607995,0,0.0,0.0,0.021728515625,0.040283203125
83,8.3,69.31158334262595,477.22737402961457,8.467942714489016,0,0,0.0,0.05751637355297239,0,0.0,0.0,0.021728515625,0.040283203125
84,8.4,70.1522977177732,482.78876034259974,8.50277656699556,4,4,1.0,0.06185118872927117,4,1.0,0.0,0.021728515625,0.041259765625
85,8.5,71.00610889767586,488.3473659624285,8.53702972970076,4,4,1.0,0.06634217978672485,4,1.0,0.0,0.021728515625,0.042236328125
86,8.6,71.8735538389337,493.90319227944724,8.570753875300843,8,8,1.0,0.07097691966862579,8,1.0,0.0,0.021728515625,0.044189453125
87,8.700000000000001,72.75465050409555,499.45624068330756,8.603997534401591,0,0,0.0,0.03721544676267495,0,0.0,0.0,0.021728515625,0.044189453125
88,8.8,73.64888999140138,505.0065125629659,8.636804613410023,0,0,0.0,0.04108427236636361,0,0.0,0.0,0.023681640625,0.044189453125
89,8.9,74.5552637219632,510.5540093066844,8.669213124371439,0,0,0.0,0.04515544870754718,0,0.0,0.0,0.023681640625,0.044189453125
90,9.0,75.47232306577396,516.0987323020311,8.701254190886347,0,0,0.0,0.04941091823230912,0,0.0,0.0,0.023681640625,0.044189453125
91,9.1,76.39826538342743,521.64068293588,8.73295138084348,0,0,0.0,0.053829866238119424,0,0.0,0.0,0.023681640625,0.044189453125
92,9.200000000000001,77.33103819827951,527.179862594412,8.76432040056612,8,8,1.0,0.05838941023379989,8,1.0,0.0,0.023681640625,0.046142578125
93,9.3,78.26845247372418,532.716272663115,8.79536916657212,8,8,1.0,0.06306526829337411,8,1.0,0.0,0.023681640625,0.048095703125
94,9.4,79.20829667749462,538.2499145267834,8.826098250954576,0,0,0.0,0.06783253890803745,0,0.0,0.0,0.023681640625,0.048095703125
95,9.5,80.14844499465147,543.7807895695199,8.856501675057684,0,0,0.0,0.07266642480624885,0,0.0,0.0,0.023681640625,0.048095703125
96,9.600000000000001,81.08695503222069,549.3088991747352,8.886568004733224,0,0,0.0,0.07754283160198193,0,0.0,0.0,0.023681640625,0.048095703125
97,9.700000000000001,82.02215203375353,554.8342447251478,8.916281680642534,0,0,0.0,0.08243894014849976,0,0.0,0.0,0.023681640625,0.048095703125
98,9.8,82.95269765165479,560.3568276027852,8.945624500890336,0,0,0.0,0.08733368707762613,0,0.0,0.0,0.023681640625,0.048095703125
99,9.9,83.8776417118167,565.8766491889838,8.974577162928416,0,0,0.0,0.07531924980853662,0,0.0,0.0,0.023681640625,0.048095703125
100,10.0,84.79645542969186,571.3937108643894,9.003120768947358,0,0,0.0,0.06430425343097705,0,0.0,0.0,0.024658203125,0.048095703125
101,10.100000000000001,85.70904460037474,576.9080140089573,9.031238204768115,0,0,0.0,0.06833908705652328,0,0.0,0.0,0.025634765625,0.048095703125
102,10.200000000000001,86.6157417304423,582.4195600019527,9.058915316165413,0,0,0.0,0.07240063882053821,0,0.0,0.0,0.025634765625,0.048095703125
103,10.3,87.51727705974136,587.9283502219517,9.086141826891508,0,0,0.0,0.07647950307564691,0,0.0,0.0,0.025634765625,0.048095703125
104,10.4,88.41472985629557,593.4343860468407,9.112911966679697,8,8,1.0,0.04854660401101312,8,1.0,0.0,0.025634765625,0.050048828125
105,10.5,89.30946298740471,598.9376688538173,9.13922480197711,0,0,0.0,0.05179027165190939,0,0.0,0.0,0.027587890625,0.050048828125
106,10.600000000000001,90.20304522286625,604.4382000193904,9.165084284055752,0,0,0.0,0.055137768884533776,0,0.0,0.0,0.027587890625,0.050048828125
107,10.700000000000001,91.09716669899268,609.9359809193807,9.190499046207796,0,0,0.0,0.028835029453165777,0,0.0,0.0,0.027587890625,0.050048828125
108,10.8,91.99355328174917,615.4310129289211,9.215481992776525,0,0,0.0,0.03169315711982474,0,0.0,0.0,0.029541015625,0.050048828125
109,10.9,92.89388519679622,620.9232974224565,9.240049727797118,8,8,1.0,0.03471295923185116,8,1.0,0.0,0.029541015625,0.052001953125
110,11.0,93.79972437252178,626.4128357737453,9.264221870960958,0,0,0.0,0.03788893572001703,0,0.0,0.0,0.029541015625,0.052001953125
111,11.100000000000001,94.71245368817485,631.8996293558585,9.288020304988454,0,0,0.0,0.04121354140393713,0,0.0,0.0,0.029541015625,0.052001953125
112,11.200000000000001,95.63322997426006,637.3836795411805,9.31146839296477,8,8,1.0,0.04467716322287056,8,1.0,0.0,0.029541015625,0.053955078125
113,11.3,96.5629513823267,642.86498770141,9.334590198213581,0,0,0.0,0.04826818469460631,0,0.0,0.0,0.029541015625,0.053955078125
114,11.4,97.5022387604838,648.3435552075592,9.357409733863255,0,0,0.0,0.051973267854620746,0,0.0,0.0,0.029541015625,0.053955078125
115,11.5,98.45142999110023,653.8193834299555,9.379950264876463,0,0,0.0,0.05577762581593272,0,0.0,0.0,0.029541015625,0.053955078125
116,11.600000000000001,99.41058584909348,659.2924737382405,9.402233681969419,0,0,0.0,0.05966543384487285,0,0.0,0.0,0.029541015625,0.053955078125
117,11.700000000000001,100.37950575978525,664.7628275013714,9.424279964200686,0,0,0.0,0.06362029354145142,0,0.0,0.0,0.029541015625,0.053955078125
118,11.8,101.35775179753456,670.2304460876206,9.446106744553132,0,0,0.0,0.04060109341319927,0,0.0,0.0,0.029541015625,0.053955078125
119,11.9,102.34467930226275,675.6953308645768,9.46772899005412,4,4,1.0,0.043986182517693734,4,1.0,0.0,0.031494140625,0.054931640625
120,12.0,103.33947255136093,681.1574831991445,9.48915880449378,8,8,1.0,0.047458914744952736,8,1.0,0.0,0.031494140625,0.056884765625
121,12.100000000000001,104.34118397833873,686.616904457545,9.510405357434104,0,0,0.0,0.05100641539566045,0,0.0,0.0,0.031494140625,0.056884765625
122,12.200000000000001,105.34877546048298,692.0735960053162,9.531474938017265,0,0,0.0,0.054616326565092785,0,0.0,0.0,0.031494140625,0.056884765625
123,12.3,106.36116020248399,697.5275592073136,9.552371126367536,0,0,0.0,0.05827696868154629,0,0.0,0.0,0.031494140625,0.056884765625
124,12.4,107.37724373222066,702.9787954277099,9.573095069591659,0,0,0.0,0.06197748394453842,0,0.0,0.0,0.031494140625,0.056884765625
125,12.5,108.39596252232933,708.4273060299961,9.59364584405791,8,8,1.0,0.040033100661909245,8,1.0,0.0,0.031494140625,0.058837890625
126,12.600000000000001,109.41631878748174,713.873092376981,9.614020881310175,0,0,0.0,0.04309891048359847,0,0.0,0.0,0.033447265625,0.058837890625
127,12.700000000000001,110.4374101113757,719.3161558307925,9.634216432096734,0,0,0.0,0.046258289696669584,0,0.0,0.0,0.033447265625,0.058837890625
128,12.8,111.45845274957601,724.7564977528773,9.654228041857936,0,0,0.0,0.04950320483678845,0,0.0,0.0,0.033447265625,0.058837890625
129,12.9,112.47879774440003,730.1941195040007,9.67405101172539,0,0,0.0,0.05282526022471134,0,0.0,0.0,0.033447265625,0.058837890625
130,13.0,113.49793937710625,735.6290224442487,9.693680821544268,0,0,0.0,0.05621578729619253,0,0.0,0.0,0.033447265625,0.058837890625
131,13.100000000000001,114.51551596296778,741.0612079330267,9.713113495371125,0,0,0.0,0.05966593493398967,0,0.0,0.0,0.033447265625,0.058837890625
132,13.200000000000001,115.53130354432145,746.4906773290602,9.732345894921709,0,0,0.0,0.06316676008207074,0,0.0,0.0,0.033447265625,0.058837890625
133,13.3,116.54520360991928,751.9174319903956,9.751375932069537,4,4,1.0,0.043781593806890104,4,1.0,0.0,0.033447265625,0.059814453125
134,13.4,117.55722649206207,757.3414732744004,9.770202697233817,0,0,0.0,0.046729007381428524,0,0.0,0.0,0.035400390625,0.059814453125
135,13.5,118.56747247165859,762.7628025377632,9.788826505888851,16,16,1.0,0.049764673728090306,16,1.0,0.0,0.035400390625,0.063720703125
136,13.600000000000001,119.57611276401352,768.1814211364942,9.80724887010241,0,0,0.0,0.04199560581265536,0,0.0,0.0,0.035400390625,0.063720703125
137,13.700000000000001,120.5833724085583,773.5973304259262,9.82547240570149,0,0,0.0,0.04497376114856664,0,0.0,0.0,0.036376953125,0.063720703125
138,13.8,121.58951664982337,779.0105317607131,9.843500688225157,0,0,0.0,0.04803362781638182,0,0.0,0.0,0.036376953125,0.063720703125
139,13.9,122.5948417494417,784.4210264948327,9.861338072226523,0,0,0.0,0.05116547096291515,0,0.0,0.0,0.036376953125,0.063720703125
140,14.0,123.59967043390922,789.8288159815854,9.878989488801531,8,8,1.0,0.05435894996028328,8,1.0,0.0,0.036376953125,0.065673828125
141,14.100000000000001,124.60435149479143,795.2339015735945,9.896460235599218,0,0,0.0,0.03640706769200824,0,0.0,0.0,0.036376953125,0.065673828125
142,14.200000000000001,125.60926252137007,800.6362846228078,9.913755772201291,0,0,0.0,0.03924697752076025,0,0.0,0.0,0.038330078125,0.065673828125
143,14.3,126.61481440938121,806.0359664804963,9.930881531859292,0,0,0.0,0.04215435732748548,0,0.0,0.0,0.038330078125,0.065673828125
144,14.4,127.62145614747783,811.4329484972561,9.94784275834678,0,0,0.0,0.045118502518485926,0,0.0,0.0,0.038330078125,0.065673828125
145,14.5,128.62967839597948,816.8272320230074,9.964644374295482,0,0,0.0,0.04812901081930648,0,0.0,0.0,0.038330078125,0.065673828125
146,14.600000000000001,129.64001449704264,822.218818406996,9.981290884975593,0,0,0.0,0.051176030048266576,0,0.0,0.0,0.038330078125,0.065673828125
147,14.700000000000001,130.6530377659101,827.6077089977923,9.997786319155008,0,0,0.0,0.05425047230775763,0,0.0,0.0,0.038330078125,0.065673828125
148,14.8,131.66935420572736,832.9939051432937,10.014134206508254,0,0,0.0,0.05734418754785375,0,0.0,0.0,0.038330078125,0.065673828125
149,14.9,132.6895901701792,838.377408190722,10.030337589107358,0,0,0.0,0.050376681767666964,0,0.0,0.0,0.038330078125,0.065673828125
150,15.0,133.71437496681736,843.7582194866266,10.046399062872188,8,8,1.0,0.053212322003012485,8,1.0,0.0,0.039306640625,0.067626953125
151,15.100000000000001,134.744318923653,849.1363403768834,10.062320843542476,0,0,0.0,0.036497706998785434,0,0.0,0.0,0.039306640625,0.067626953125
152,15.200000000000001,135.77998797972424,854.5117722066948,10.078104850805701,0,0,0.0,0.038951871990345846,0,0.0,0.0,0.041259765625,0.067626953125
153,15.3,136.82187633702176,859.8845163205915,10.093752803706886,0,0,0.0,0.02217794169506193,0,0.0,0.0,0.041259765625,0.067626953125
154,15.4,137.87037905684312,865.2545740624312,10.109266320385444,4,4,1.0,0.02424111475544021,4,1.0,0.0,0.043212890625,0.068603515625
155,15.5,138.92576664712894,870.6219467753999,10.124647015507515,0,0,0.0,0.026417511807740286,0,0.0,0.0,0.043212890625,0.068603515625
156,15.600000000000001,139.9881636472062,875.9866358020122,10.139896589436843,0,0,0.0,0.028704836452509465,0,0.0,0.0,0.043212890625,0.068603515625
157,15.700000000000001,141.05753298294962,881.3486424841112,10.155016904136733,0,0,0.0,0.031099688294030172,0,0.0,0.0,0.043212890625,0.068603515625
158,15.8,142.13366747386556,886.7079681628692,10.170010041931029,0,0,0.0,0.03359751825916385,0,0.0,0.0,0.043212890625,0.068603515625
159,15.9,143.21618937244466,892.0646141787879,10.184878344483586,16,16,1.0,0.036192632347770835,16,1.0,0.0,0.043212890625,0.072509765625
160,16.0,144.30455825554708,897.4185818716984,10.199624430602622,0,0,0.0,0.03887813630996891,0,0.0,0.0,0.043212890625,0.072509765625
161,16.1,145.39808701236095,902.7698725807625,10.214251192672794,0,0,0.0,0.041646104838602746,0,0.0,0.0,0.043212890625,0.072509765625
162,16.2,146.49596512152524,908.1184876444722,10.228761772615163,8,8,1.0,0.044487639145020866,8,1.0,0.0,0.043212890625,0.074462890625
163,16.3,147.59728791551527,913.4644284006499,10.243159519239999,0,0,0.0,0.04739300016115455,0,0.0,0.0,0.043212890625,0.074462890625
164,16.400000000000002,148.70109012810732,918.8076961864496,10.257447929668942,0,0,0.0,0.0503518626653969,0,0.0,0.0,0.043212890625,0.074462890625
165,16.5,149.80638174762169,924.1482923383563,10.271630578149189,0,0,0.0,0.05335351738423533,0,0.0,0.0,0.043212890625,0.074462890625
166,16.6,150.91218409019876,929.4862181921872,10.285711036057041,0,0,0.0,0.038839851329568555,0,0.0,0.0,0.043212890625,0.074462890625
167,16.7,152.0175640888587,934.8214750830911,10.299692787188976,0,0,0.0,0.04149382555092655,0,0.0,0.0,0.045166015625,0.074462890625
168,16.8,153.12166506945755,940.1540643455496,10.31357914256575,0,0,0.0,0.044199728746808234,0,0.0,0.0,0.045166015625,0.074462890625
169,16.900000000000002,154.22373272766504,945.4839873133767,10.327373158931273,16,16,1.0,0.04694827287368813,16,1.0,0.0,0.045166015625,0.078369140625
170,17.0,155.32313557326236,950.8112453197201,10.341077564917835,0,0,0.0,0.049730275979056,0,0.0,0.0,0.045166015625,0.078369140625
171,17.1,156.41937968565526,956.1358396970602,10.354694698479314,0,0,0.0,0.052536934718697505,0,0.0,0.0,0.045166015625,0.078369140625
172,17.2,157.51211813388392,961.4577717772117,10.368226458674338,0,0,0.0,0.0553599181209451,0,0.0,0.0,0.045166015625,0.078369140625
173,17.3,158.6011557721883,966.7770428913229,10.381674274226091,0,0,0.0,0.05026914621064472,0,0.0,0.0,0.045166015625,0.078369140625
174,17.400000000000002,159.68645027446763,972.0936543698774,10.39503909051446,0,0,0.0,0.05294999016743378,0,0.0,0.0,0.046142578125,0.078369140625
175,17.5,160.7681102065592,977.4076075426924,10.408321375796858,0,0,0.0,0.05563721228907707,0,0.0,0.0,0.046142578125,0.078369140625
176,17.6,161.84639068892605,982.718903738921,10.421521146541691,0,0,0.0,0.058325343006488554,0,0.0,0.0,0.046142578125,0.078369140625
177,17.7,162.92168684743038,988.0275442870516,10.434638010836801,0,0,0.0,0.029299544493609737,0,0.0,0.0,0.046142578125,0.078369140625
178,17.8,163.99452488201234,993.3335305149081,10.44767122795397,0,0,0.0,0.031266198893576624,0,0.0,0.0,0.050048828125,0.078369140625
179,17.900000000000002,165.0655502991652,998.6368637496507,10.460619781362592,0,0,0.0,0.03328668314898986,0,0.0,0.0,0.050048828125,0.078369140625
180,18.0,166.13551273122965,1003.9375453177759,10.473482461841513,0,0,0.0,0.03535835727888708,0,0.0,0.0,0.050048828125,0.078369140625
181,18.1,167.20524684499958,1009.2355765451168,10.48625795688119,0,0,0.0,0.037478651465277804,0,0.0,0.0,0.050048828125,0.078369140625
182,18.2,168.27564912138752,1014.5309587568444,10.498944942329288,0,0,0.0,0.0396450779504959,0,0.0,0.0,0.050048828125,0.078369140625
183,18.3,169.34765072215504,1019.8236932774661,10.511542172225687,8,8,1.0,0.0418552370327032,8,1.0,0.0,0.050048828125,0.080322265625
184,18.400000000000002,170.42218717231867,1025.1137814308272,10.524048562992732,0,0,0.0,0.044106770186969124,0,0.0,0.0,0.050048828125,0.080322265625
185,18.5,171.5001660856878,1030.4012245401118,10.536463268570476,4,4,1.0,0.031188412579744414,4,1.0,0.0,0.050048828125,0.081298828125
186,18.6,172.58243455716593,1035.6860239278417,10.548785743675788,8,8,1.0,0.03316822986408981,8,1.0,0.0,0.052001953125,0.083251953125
187,18.7,173.66974807010126,1040.968180915878,10.561015793068776,0,0,0.0,0.020427096320867706,0,0.0,0.0,0.052001953125,0.083251953125
188,18.8,174.7627427830468,1046.24769682542,10.573153605474994,0,0,0.0,0.02224949039632895,0,0.0,0.0,0.053955078125,0.083251953125
189,18.900000000000002,175.86191286712273,1051.5245729770072,10.585199771582937,0,0,0.0,0.02416006925133924,0,0.0,0.0,0.053955078125,0.083251953125
190,19.0,176.96759419570816,1056.7988106905186,10.597155286265233,0,0,0.0,0.02615487974376019,0,0.0,0.0,0.053955078125,0.083251953125
191,19.1,178.0799551998591,1062.0704112851736,10.609021535820357,8,8,1.0,0.02822911539504364,8,1.0,0.0,0.053955078125,0.085205078125
192,19.200000000000003,179.19899516481286,1067.339376079531,10.620800271573975,4,4,1.0,0.030377156632348513,4,1.0,0.0,0.053955078125,0.086181640625
193,19.3,180.3245497225052,1072.6057063914911,10.63249357160145,0,0,0.0,0.03259268737258059,0,0.0,0.0,0.053955078125,0.086181640625
194,19.400000000000002,181.45630284653572,1077.8694035382953,10.644103792634235,0,0,0.0,0.03486880953651335,0,0.0,0.0,0.053955078125,0.086181640625
195,19.5,182.59380431415775,1083.1304688365262,10.655633514399208,0,0,0.0,0.03719817142029826,0,0.0,0.0,0.053955078125,0.086181640625
196,19.6,183.73649137834371,1088.3889036021078,10.667085478724605,8,8,1.0,0.03957313259492747,8,1.0,0.0,0.053955078125,0.088134765625
197,19.700000000000003,184.8837132877892,1093.6447091503069,10.678462525744182,0,0,0.0,0.04198589205992062,0,0.0,0.0,0.053955078125,0.088134765625
198,19.8,186.03475728823815,1098.8978867957317,10.689767529458,0,0,0.0,0.044428700779736006,0,0.0,0.0,0.053955078125,0.088134765625
199,19.900000000000002,187.18887481414902,1104.148437852334,10.701003334777425,0,0,0.0,0.046893994451834176,0,0.0,0.0,0.053955078125,0.088134765625
200,20.0,188.34530671518087,1109.3963636334076,10.71217269800404,0,0,0.0,0.04937455380973281,0,0.0,0.0,0.053955078125,0.088134765625
201,20.1,189.50330654025453,1114.641665451591,10.72327823247547,0,0,0.0,0.03838343325630823,0,0.0,0.0,0.053955078125,0.088134765625
202,20.200000000000003,190.6621611097722,1119.8843446188653,10.73432236086127,8,8,1.0,0.04059468299639947,8,1.0,0.0,0.055908203125,0.090087890625
203,20.3,191.82120783327005,1125.1244024465557,10.74530727531391,0,0,0.0,0.04282865638011307,0,0.0,0.0,0.055908203125,0.090087890625
204,20.400000000000002,192.97984846522354,1130.3618402453326,10.756234906378694,0,0,0.0,0.03838707676324415,0,0.0,0.0,0.055908203125,0.090087890625
205,20.5,194.13755922471685,1135.5966593252099,10.767106901247946,8,8,1.0,0.04050066897197562,8,1.0,0.0,0.056884765625,0.092041015625
206,20.6,195.29389742212402,1140.828860995547,10.777924611617069,0,0,0.0,0.04263969912963364,0,0.0,0.0,0.056884765625,0.092041015625
207,20.700000000000003,196.44850492324474,1146.0584465650495,10.788689091072452,0,0,0.0,0.044800687793119985,0,0.0,0.0,0.056884765625,0.092041015625
208,20.8,197.60110892405254,1151.2854173417668,10.799401101624614,0,0,0.0,0.033913097556936875,0,0.0,0.0,0.056884765625,0.092041015625
209,20.900000000000002,198.75152059537174,1156.509774633096,10.810061128705806,0,0,0.0,0.035823153276327395,0,0.0,0.0,0.058837890625,0.092041015625
210,21.0,199.89963217950992,1161.7315197457795,10.82066940369084,0,0,0.0,0.037774289373628,0,0.0,0.0,0.058837890625,0.092041015625
211,21.1,201.045413080316,1166.9506539859067,10.8312259327828,0,0,0.0,0.03976361146227601,0,0.0,0.0,0.058837890625,0.092041015625
212,21.200000000000003,202.1889053925256,1172.1671786589136,10.841730530939607,0,0,0.0,0.04178806955067886,0,0.0,0.0,0.058837890625,0.092041015625
213,21.3,203.33021918120312,1177.3810950695843,10.85218285940825,8,8,1.0,0.03779250449264511,8,1.0,0.0,0.058837890625,0.093994140625
214,21.400000000000002,204.46952766850285,1182.5924045220495,10.862582465383394,0,0,0.0,0.03977118309302128,0,0.0,0.0,0.059814453125,0.093994140625
215,21.5,205.60706233581612,1187.8011083197885,10.8729288223155,0,0,0.0,0.041782218710945875,0,0.0,0.0,0.059814453125,0.093994140625
216,21.6,206.7431078260239,1193.0072077656287,10.88322136945766,8,8,1.0,0.032000848871078166,8,1.0,0.0,0.059814453125,0.095947265625
217,21.700000000000003,207.87799644956345,1198.2107041617455,10.89345954935454,0,0,0.0,0.03384535645776604,0,0.0,0.0,0.061767578125,0.095947265625
218,21.8,209.01210206880197,1203.4115988096648,10.903642842133905,0,0,0.0,0.035726280793554555,0,0.0,0.0,0.061767578125,0.095947265625
219,21.900000000000002,210.14583315930636,1208.6098930102598,10.913770795652749,8,8,1.0,0.025722324244441607,8,1.0,0.0,0.061767578125,0.097900390625
220,22.0,211.27962491809924,1213.8055880637548,10.923843050766035,0,0,0.0,0.02740794212521502,0,0.0,0.0,0.063720703125,0.097900390625
221,22.1,212.4139303960159,1218.998685269723,10.93385936121685,0,0,0.0,0.029142473470571934,0,0.0,0.0,0.063720703125,0.097900390625
222,22.200000000000003,213.54921075802326,1224.1891859270881,10.943819607881792,0,0,0.0,0.030922391631100724,0,0.0,0.0,0.063720703125,0.097900390625
223,22.3,214.68592490423333,1229.3770913341245,10.95372380733526,8,8,1.0,0.03274397793872186,8,1.0,0.0,0.063720703125,0.099853515625
224,22.400000000000002,215.8245187979882,1234.5624027884573,10.963572114911724,0,0,0.0,0.03460335313483849,0,0.0,0.0,0.063720703125,0.099853515625
225,22.5,216.96541493049165,1239.7451215870633,10.973364822638235,0,0,0.0,0.0251933725261597,0,0.0,0.0,0.063720703125,0.099853515625
226,22.6,218.10900239235298,1244.9252490262697,10.9831023525739,0,0,0.0,0.026901123138203174,0,0.0,0.0,0.065673828125,0.099853515625
227,22.700000000000003,219.25562801441038,1250.1027864017567,10.992785246223812,0,0,0.0,0.028650251774431378,0,0.0,0.0,0.065673828125,0.099853515625
228,22.8,220.40558898264004,1255.2777350085557,11.002414150788919,0,0,0.0,0.03043695867342388,0,0.0,0.0,0.065673828125,0.099853515625
229,22.900000000000002,221.55912723053288,1260.4500961410515,11.011989803068964,0,0,0.0,0.03225746058783481,0,0.0,0.0,0.065673828125,0.099853515625
230,23.0,222.7164257787033,1265.619871092981,11.02151301185359,0,0,0.0,0.03410803994164172,0,0.0,0.0,0.065673828125,0.099853515625
231,23.1,223.87760704195756,1270.7870611574344,11.030984639618545,0,0,0.0,0.03598508969140271,0,0.0,0.0,0.065673828125,0.099853515625
232,23.200000000000003,225.04273297725706,1275.9516676268559,11.040405584293461,4,4,1.0,0.0378851574233919,4,1.0,0.0,0.065673828125,0.100830078125
233,23.3,226.21180682027574,1281.1136917930423,11.04977676178938,0,0,0.0,0.0398049659930826,0,0.0,0.0,0.065673828125,0.100830078125
234,23.400000000000002,227.3847760687794,1286.273134947146,11.059099089873632,0,0,0.0,0.030705811068588076,0,0.0,0.0,0.065673828125,0.100830078125
235,23.5,228.56153632765734,1291.4299983796723,11.068373473863272,8,8,1.0,0.03242021131461208,8,1.0,0.0,0.067626953125,0.102783203125
236,23.6,229.7419356362464,1296.5842833804825,11.077600794482416,8,8,1.0,0.034167832776683685,8,1.0,0.0,0.067626953125,0.104736328125
237,23.700000000000003,230.92577894985635,1301.7359912387922,11.086781898100266,0,0,0.0,0.03594605853449411,0,0.0,0.0,0.067626953125,0.104736328125
238,23.8,232.11283253447291,1306.8851232431728,11.095917589441326,0,0,0.0,0.03775230624737109,0,0.0,0.0,0.067626953125,0.104736328125
239,23.900000000000002,233.30282814267673,1312.0316806815513,11.105008626743125,0,0,0.0,0.028977298765761588,0,0.0,0.0,0.067626953125,0.104736328125
240,24.0,234.4954669541035,1317.1756648412104,11.114055719234027,0,0,0.0,0.030634425084723027,0,0.0,0.0,0.069580078125,0.104736328125
241,24.1,235.69042336979845,1322.3170770087897,11.1230595267182,4,4,1.0,0.021919489051471487,4,1.0,0.0,0.069580078125,0.105712890625
242,24.200000000000003,236.88734883319853,1327.4559184702857,11.132020660988484,8,8,1.0,0.023423184861378687,8,1.0,0.0,0.071533203125,0.107666015625
243,24.3,238.0858759013468,1332.5921905110504,11.140939688742073,0,0,0.0,0.024978331626905197,0,0.0,0.0,0.071533203125,0.107666015625
244,24.400000000000002,239.2856228026791,1337.7258944157948,11.14981713564799,8,8,1.0,0.026582247109550268,8,1.0,0.0,0.071533203125,0.109619140625
245,24.5,240.48619869123328,1342.8570314685871,11.158653491208403,0,0,0.0,0.028231868629122386,0,0.0,0.0,0.071533203125,0.109619140625
246,24.6,241.6872097446381,1347.9856029528528,11.167449214065401,0,0,0.0,0.029923821971020476,0,0.0,0.0,0.071533203125,0.109619140625
247,24.700000000000003,242.88826616174714,1353.1116101513762,11.176204737428563,8,8,1.0,0.03165443689706087,8,1.0,0.0,0.071533203125,0.111572265625
248,24.8,244.0889900052897,1358.2350543463008,11.184920474333245,0,0,0.0,0.0334197745906158,0,0.0,0.0,0.071533203125,0.111572265625
249,24.900000000000002,245.28902371739457,1363.3559368191272,11.193596822482116,0,0,0.0,0.03521570993445033,0,0.0,0.0,0.071533203125,0.111572265625
250,25.0,246.48803902410486,1368.474258850718,11.20223416847008,0,0,0.0,0.03703797252182058,0,0.0,0.0,0.071533203125,0.111572265625
251,25.1,247.6857458514645,1373.5900217212923,11.210832891242802,0,0,0.0,0.038882217071942615,0,0.0,0.0,0.071533203125,0.111572265625
252,25.200000000000003,248.88190081118375,1378.7032267104319,11.219393364689402,0,0,0.0,0.04074409378136485,0,0.0,0.0,0.071533203125,0.111572265625
253,25.3,250.07631478631993,1383.8138750970766,11.227915959318716,0,0,0.0,0.04261932076163613,0,0.0,0.0,0.071533203125,0.111572265625
254,25.400000000000002,251.2688591611875,1388.921968159528,11.23640104301445,0,0,0.0,0.04450375609540138,0,0.0,0.0,0.071533203125,0.111572265625
255,25.5,252.4594702949709,1394.0275071754481,11.24484898090666,0,0,0.0,0.0416902707607577,0,0.0,0.0,0.071533203125,0.111572265625
256,25.6,253.64815193096774,1399.1304934218606,11.253260134434315,0,0,0.0,0.03399920126577618,0,0.0,0.0,0.072509765625,0.111572265625
257,25.700000000000003,254.8349753547275,1404.2309281751495,11.26163485970587,8,8,1.0,0.035623828272831615,8,1.0,0.0,0.074462890625,0.113525390625
258,25.8,256.0200772530335,1409.328812711062,11.269973505291283,8,8,1.0,0.02798425717124362,8,1.0,0.0,0.074462890625,0.115478515625
259,25.900000000000002,257.2036553682362,1414.4241483047063,11.278276409599352,0,0,0.0,0.02948010703175846,0,0.0,0.0,0.076416015625,0.115478515625
260,26.0,258.3859621750684,1419.5169362305542,11.286543898008386,0,0,0.0,0.030996722680518184,0,0.0,0.0,0.076416015625,0.115478515625
261,26.1,259.5672969172532,1424.6071777624388,11.294776279925873,0,0,0.0,0.03253194745117589,0,0.0,0.0,0.076416015625,0.115478515625
262,26.200000000000003,260.7479964192857,1429.6948741735578,11.302973845953723,0,0,0.0,0.034083800334283626,0,0.0,0.0,0.076416015625,0.115478515625
263,26.3,261.9284251290554,1434.780026736471,11.311136865329928,0,0,0.0,0.03103080212197401,0,0.0,0.0,0.076416015625,0.115478515625
264,26.400000000000002,263.10896484836746,1439.8626367231027,11.319265583805215,0,0,0.0,0.03251259586910214,0,0.0,0.0,0.077392578125,0.115478515625
265,26.5,264.2900045743312,1444.9427054047414,11.32736022209476,0,0,0.0,0.03401447755875166,0,0.0,0.0,0.077392578125,0.115478515625
266,26.6,265.47193081225663,1450.0202340520386,11.335420975020998,0,0,0.0,0.026661258037678805,0,0.0,0.0,0.077392578125,0.115478515625
267,26.700000000000003,266.65511864002315,1455.0952239350127,11.343448011434724,0,0,0.0,0.01892464896546876,0,0.0,0.0,0.079345703125,0.115478515625
268,26.8,267.8399237158801,1460.1676763230453,11.351441474969025,0,0,0.0,0.020146447919700407,0,0.0,0.0,0.081298828125,0.115478515625
269,26.900000000000002,269.02667533688293,1465.2375924848839,11.3594014856457,0,0,0.0,0.021409377060489714,0,0.0,0.0,0.081298828125,0.115478515625
270,27.0,270.21567058239026,1470.3049736886414,11.367328142317618,0,0,0.0,0.02271221483992216,0,0.0,0.0,0.081298828125,0.115478515625
271,27.1,271.4071695220948,1475.3698212017969,11.375221525895016,8,8,1.0,0.024053569049246187,8,1.0,0.0,0.081298828125,0.117431640625
272,27.200000000000003,272.60139143342957,1480.432136291196,11.383081703270099,0,0,0.0,0.025431859998456076,0,0.0,0.0,0.081298828125,0.117431640625
273,27.3,273.7985119580706,1485.4919202230503,11.390908731824215,0,0,0.0,0.026845358140072266,0,0.0,0.0,0.081298828125,0.117431640625
274,27.400000000000002,274.9986611281713,1490.5491742629388,11.398702664376573,20,20,1.0,0.028292189593920422,20,1.0,0.0,0.081298828125,0.122314453125
275,27.5,276.20192220469903,1495.6038996758075,11.406463554413957,0,0,0.0,0.029770298665697158,0,0.0,0.0,0.081298828125,0.122314453125
276,27.6,277.40833128702025,1500.6560977259696,11.414191461428091,0,0,0.0,0.03127753833093949,0,0.0,0.0,0.081298828125,0.122314453125
277,27.700000000000003,278.61787766937096,1505.7057696771067,11.421886456181603,8,8,1.0,0.03281164622654735,8,1.0,0.0,0.081298828125,0.124267578125
278,27.8,279.83050493202813,1510.752916792268,11.429548625725054,0,0,0.0,0.025802120210214618,0,0.0,0.0,0.081298828125,0.124267578125
279,27.900000000000002,281.0461127605165,1515.797540333872,11.437178077996096,0,0,0.0,0.027219529622746843,0,0.0,0.0,0.083251953125,0.124267578125
280,28.0,282.26455948441117,1520.839641563705,11.44477494584688,0,0,0.0,0.020162367983729983,0,0.0,0.0,0.083251953125,0.124267578125
281,28.1,283.4856653189787,1525.8792217429232,11.452339390366552,0,0,0.0,0.02150089938725649,0,0.0,0.0,0.085205078125,0.124267578125
282,28.200000000000003,284.70921627961826,1530.9162821320515,11.459871603390955,8,8,1.0,0.02287780984764726,8,1.0,0.0,0.085205078125,0.126220703125
283,28.3,285.93496872268304,1535.9508239909856,11.467371809120504,0,0,0.0,0.024290170261604623,0,0.0,0.0,0.085205078125,0.126220703125
284,28.400000000000002,287.16265444842435,1540.9828485789903,11.474840264797919,0,0,0.0,0.02573489175395477,0,0.0,0.0,0.085205078125,0.126220703125
285,28.5,288.3919862836871,1546.0123571547006,11.48227726042929,8,8,1.0,0.02720875408435028,8,1.0,0.0,0.085205078125,0.128173828125
286,28.6,289.62266404427885,1551.0393509761234,11.489683117563123,0,0,0.0,0.02870843452823417,0,0.0,0.0,0.085205078125,0.128173828125
287,28.700000000000003,290.8543807599823,1556.0638313006352,11.4970581871717,0,0,0.0,0.030230584770575938,0,0.0,0.0,0.085205078125,0.128173828125
288,28.8,292.0868290292855,1561.085799384985,11.504402846706183,0,0,0.0,0.03177185897044429,0,0.0,0.0,0.085205078125,0.128173828125
289,28.900000000000002,293.31970735661776,1566.1052564852923,11.511717496420617,0,0,0.0,0.033328964649907665,0,0.0,0.0,0.085205078125,0.128173828125
290,29.0,294.55272631319264,1571.12220385705,11.519002555079656,0,0,0.0,0.03489870737500562,0,0.0,0.0,0.085205078125,0.128173828125
291,29.1,295.7856143549619,1576.1366427551213,11.526258455180162,0,0,0.0,0.0364780327949313,0,0.0,0.0,0.085205078125,0.128173828125
292,29.200000000000003,297.01812312948334,1581.1485744337438,11.5334856378274,0,0,0.0,0.03806406514607638,0,0.0,0.0,0.085205078125,0.128173828125
293,29.3,298.25003210960523,1586.1580001465268,11.54068454741244,0,0,0.0,0.03965414139851347,0,0.0,0.0,0.085205078125,0.128173828125
294,29.400000000000002,299.48115240731295,1591.1649211464537,11.547855626238556,0,0,0.0,0.04124584031081235,0,0.0,0.0,0.085205078125,0.128173828125
295,29.5,300.7113296467211,1596.1693386858803,11.554999309241287,8,8,1.0,0.04283701161565178,8,1.0,0.0,0.085205078125,0.130126953125
296,29.6,301.9404458108563,1601.1712540165372,11.562116018939392,0,0,0.0,0.036545392574001564,0,0.0,0.0,0.085205078125,0.130126953125
297,29.700000000000003,303.16842002117613,1606.170668389529,11.569206160743118,0,0,0.0,0.03014595899675812,0,0.0,0.0,0.087158203125,0.130126953125
298,29.8,304.3952082591333,1611.167583055334,11.57627011873195,8,8,1.0,0.031453985695115205,8,1.0,0.0,0.089111328125,0.132080078125
299,29.900000000000002,305.6208020919034,1616.1619992638066,11.583308251997389,0,0,0.0,0.0327785003359419,0,0.0,0.0,0.089111328125,0.132080078125
300,30.0,306.84522651535417,1621.1539182641745,11.59032089162757,0,0,0.0,0.03036244071562314,0,0.0,0.0,0.089111328125,0.132080078125
301,30.1,308.0685370718862,1626.1433413050427,11.597308338390517,0,0,0.0,0.031658235306249255,0,0.0,0.0,0.090087890625,0.132080078125
302,30.200000000000003,309.29081643464684,1631.13026963439,11.604270861152063,4,4,1.0,0.032970600989453466,4,1.0,0.0,0.090087890625,0.133056640625
303,30.3,310.51217066931247,1636.114704499573,11.611208696043652,0,0,0.0,0.0192759513778405,0,0.0,0.0,0.090087890625,0.133056640625
304,30.400000000000002,311.7327253878782,1641.0966471473232,11.618122046374916,8,8,1.0,0.020359876959761592,8,1.0,0.0,0.093994140625,0.135009765625
305,30.5,312.952621994985,1646.0760988237496,11.625011083266665,0,0,0.0,0.02147526723086323,0,0.0,0.0,0.093994140625,0.135009765625
306,30.6,314.1720141972596,1651.0530607743378,11.631875946962264,0,0,0.0,0.022621004994562037,0,0.0,0.0,0.093994140625,0.135009765625
307,30.700000000000003,315.39106490265954,1656.0275342439504,11.638716748759595,0,0,0.0,0.02379582040272515,0,0.0,0.0,0.093994140625,0.135009765625
308,30.8,316.6099435840602,1660.9995204768286,11.645533573492443,0,0,0.0,0.024998303614133896,0,0.0,0.0,0.093994140625,0.135009765625
309,30.900000000000002,317.8288241245009,1665.9690207165902,11.652326482479166,8,8,1.0,0.026226922001333516,8,1.0,0.0,0.093994140625,0.136962890625
310,31.0,319.0478831063074,1670.9360362062318,11.659095516848387,0,0,0.0,0.02748001321819251,0,0.0,0.0,0.093994140625,0.136962890625
311,31.1,320.267298458254,1675.9005681881285,11.665840701145914,0,0,0.0,0.021520116076204476,0,0.0,0.0,0.093994140625,0.136962890625
312,31.200000000000003,321.4872483387881,1680.8626179040346,11.672562047124456,0,0,0.0,0.022703783070851635,0,0.0,0.0,0.095947265625,0.136962890625
313,31.3,322.70791011255494,1685.8221865950827,11.679259557617577,0,0,0.0,0.023913326486790853,0,0.0,0.0,0.095947265625,0.136962890625
314,31.400000000000002,323.9294592738281,1690.7792755017852,11.685933230401835,0,0,0.0,0.02514683917269936,0,0.0,0.0,0.095947265625,0.136962890625
315,31.5,325.15206818391266,1695.7338858640342,11.692583061955842,8,8,1.0,0.02640237675749768,8,1.0,0.0,0.095947265625,0.138916015625
316,31.6,326.3759045183118,1700.686018921102,11.699209051031781,0,0,0.0,0.027677961867015443,0,0.0,0.0,0.095947265625,0.138916015625
317,31.700000000000003,327.60112936009966,1705.6356759116416,11.705811201963648,0,0,0.0,0.028971639731692568,0,0.0,0.0,0.095947265625,0.138916015625
318,31.8,328.8278949240499,1710.5828580736859,11.712389527646666,0,0,0.0,0.023172232331143593,0,0.0,0.0,0.095947265625,0.138916015625
319,31.900000000000002,330.0563419465903,1715.527566644649,11.718944052133665,12,12,1.0,0.024375698398507416,12,1.0,0.0,0.097900390625,0.141845703125
320,32.0,331.2865968244727,1720.4698028613268,11.725474812806505,0,0,0.0,0.02560117285363696,0,0.0,0.0,0.097900390625,0.141845703125
321,32.1,332.518768625516,1725.4095679598963,11.731981862093356,0,0,0.0,0.026846824058323414,0,0.0,0.0,0.097900390625,0.141845703125
322,32.2,333.75294612413603,1730.346863175916,11.738465268715625,8,8,1.0,0.02811082038919199,8,1.0,0.0,0.097900390625,0.143798828125
323,32.300000000000004,334.98919503009677,1735.281689744328,11.74492511846104,0,0,0.0,0.029391333009114697,0,0.0,0.0,0.097900390625,0.143798828125
324,32.4,336.2275555798522,1740.214048899456,11.75136151449172,0,0,0.0,0.023753902239317594,0,0.0,0.0,0.097900390625,0.143798828125
325,32.5,337.46804064635523,1745.143941875006,11.757774577207512,0,0,0.0,0.024956619344660598,0,0.0,0.0,0.099853515625,0.143798828125
326,32.6,338.71063449694407,1750.0713699040687,11.764164443695206,0,0,0.0,0.026177762111030466,0,0.0,0.0,0.099853515625,0.143798828125
327,32.7,339.95529229270556,1754.9963342191168,11.77053126680329,0,0,0.0,0.027415704066829194,0,0.0,0.0,0.099853515625,0.143798828125
328,32.800000000000004,341.20194038016064,1759.918836052007,11.776875213889348,0,0,0.0,0.025284455448333916,0,0.0,0.0,0.099853515625,0.143798828125
329,32.9,342.45047738119314,1764.8388766339813,11.78319646529292,8,8,1.0,0.02648883514585958,8,1.0,0.0,0.100830078125,0.145751953125
330,33.0,343.70077604382806,1769.756457195664,11.789495212590651,0,0,0.0,0.02771013584129306,0,0.0,0.0,0.100830078125,0.145751953125
331,33.1,344.9526857782389,1774.6715789670664,11.795771656692537,0,0,0.0,0.028946861214037504,0,0.0,0.0,0.100830078125,0.145751953125
332,33.2,346.20603577196823,1779.5842431775827,11.80202600583846,0,0,0.0,0.023484320305259085,0,0.0,0.0,0.100830078125,0.145751953125
333,33.300000000000004,347.4606385575066,1784.494451055994,11.808258473552653,0,0,0.0,0.024630426049831487,0,0.0,0.0,0.102783203125,0.145751953125
334,33.4,348.7162938947365,1789.402203830466,11.814469276610692,0,0,0.0,0.025796775110330385,0,0.0,0.0,0.102783203125,0.145751953125
335,33.5,349.97279282990064,1794.3075027285508,11.820658633069186,16,16,1.0,0.02698189720841894,16,1.0,0.0,0.102783203125,0.149658203125
336,33.6,351.22992180046003,1799.2103489771864,11.826826760402657,0,0,0.0,0.02818427821841525,0,0.0,0.0,0.102783203125,0.149658203125
337,33.7,352.48746666955947,1804.1107438026977,11.832973873785571,0,0,0.0,0.029402424384210635,0,0.0,0.0,0.102783203125,0.149658203125
338,33.800000000000004,353.74521659265514,1809.0086884307964,11.839100184550295,8,8,1.0,0.03063484469662219,8,1.0,0.0,0.102783203125,0.151611328125
339,33.9,355.00296763994515,1813.904184086581,11.845205898844224,0,0,0.0,0.0318800513877508,0,0.0,0.0,0.102783203125,0.151611328125
340,34.0,356.2605261195795,1818.797231994538,11.851291216501696,0,0,0.0,0.02672817936864365,0,0.0,0.0,0.102783203125,0.151611328125
341,34.1,357.51771156657486,1823.6878333785405,11.857356330138897,0,0,0.0,0.027891508931526515,0,0.0,0.0,0.104736328125,0.151611328125
342,34.2,358.77435937972746,1828.5759894618513,11.86340142447291,8,8,1.0,0.029070603306679186,8,1.0,0.0,0.104736328125,0.153564453125
343,34.300000000000004,360.0303231028585,1833.4617014671203,11.869426675859668,0,0,0.0,0.023838766824396153,0,0.0,0.0,0.104736328125,0.153564453125
344,34.4,361.28547635707326,1838.344970616387,11.875432252039895,0,0,0.0,0.024940268143373388,0,0.0,0.0,0.106689453125,0.153564453125
345,34.5,362.53971443728386,1843.2257981310786,11.881418312077347,0,0,0.0,0.026061453053886525,0,0.0,0.0,0.106689453125,0.153564453125
346,34.6,363.7929555891884,1848.1041852320127,11.887385006469835,8,8,1.0,0.027200807880493498,8,1.0,0.0,0.106689453125,0.155517578125
347,34.7,365.0451419824816,1852.980133139397,11.893332477410638,0,0,0.0,0.028356743947421745,0,0.0,0.0,0.106689453125,0.155517578125
348,34.800000000000004,366.2962403927141,1857.8536430728273,11.89926085917607,0,0,0.0,0.026466022417256204,0,0.0,0.0,0.106689453125,0.155517578125
349,34.9,367.54624259845593,1862.7247162512908,11.905170278613946,0,0,0.0,0.0276063250383627,0,0.0,0.0,0.107666015625,0.155517578125
350,35.0,368.79516549293714,1867.5933538931654,11.911060855707639,0,0,0.0,0.028760572315840626,0,0.0,0.0,0.107666015625,0.155517578125
351,35.1,370.04305090102577,1872.4595572162184,11.91693270419111,0,0,0.0,0.023823550867381645,0,0.0,0.0,0.107666015625,0.155517578125
352,35.2,371.2899650842781,1877.3233274376107,11.92278593219158,0,0,0.0,0.02491502368720533,0,0.0,0.0,0.109619140625,0.155517578125
353,35.300000000000004,372.5359979100656,1882.184665773892,11.928620642878476,0,0,0.0,0.02602016939571973,0,0.0,0.0,0.109619140625,0.155517578125
354,35.4,373.78126165663787,1887.043573441005,11.93443693509959,0,0,0.0,0.02713741997570037,0,0.0,0.0,0.109619140625,0.155517578125
355,35.5,375.02588942557634,1891.9000516542842,11.940234903988083,0,0,0.0,0.028265262928861477,0,0.0,0.0,0.109619140625,0.155517578125
356,35.6,376.27003313729375,1896.7541016284572,11.946014641526842,0,0,0.0,0.029402259060521855,0,0.0,0.0,0.109619140625,0.155517578125
357,35.7,377.5138610945594,1901.6057245776433,11.951776237059697,0,0,0.0,0.030547058484034762,0,0.0,0.0,0.109619140625,0.155517578125
358,35.800000000000004,378.75755511342857,1906.4549217153542,11.957519777742027,8,8,1.0,0.03169841894592153,8,1.0,0.0,0.109619140625,0.157470703125
359,35.9,380.0013072398674,1911.3016942544966,11.96324534892626,8,8,1.0,0.026873936843937223,8,1.0,0.0,0.109619140625,0.159423828125
360,36.0,381.2453160925945,1916.1460434073692,11.968953034480522,0,0,0.0,0.02795273601503626,0,0.0,0.0,0.111572265625,0.159423828125
361,36.1,382.48978289660056,1920.9879703856657,11.974642917041377,0,0,0.0,0.0230994660614169,0,0.0,0.0,0.111572265625,0.159423828125
362,36.2,383.73490729546626,1925.827476400473,11.980315078203873,0,0,0.0,0.024102611892658152,0,0.0,0.0,0.113525390625,0.159423828125
363,36.300000000000004,384.9808830518931,1930.6645626622724,11.985969598654208,0,0,0.0,0.025119332627085822,0,0.0,0.0,0.113525390625,0.159423828125
364,36.4,386.2278937627886,1935.4992303809415,11.991606558251995,0,0,0.0,0.020249232951621468,0,0.0,0.0,0.113525390625,0.159423828125
365,36.5,387.4761087261003,1940.331480765751,11.997226036070453,0,0,0.0,0.021194149545811898,0,0.0,0.0,0.115478515625,0.159423828125
366,36.6,388.72567910014374,1945.1613150253684,12.002828110403842,0,0,0.0,0.022157971778895558,0,0.0,0.0,0.115478515625,0.159423828125
367,36.7,389.97673449178035,1949.9887343678554,12.008412858751981,4,4,1.0,0.02313999571228333,4,1.0,0.0,0.115478515625,0.160400390625
368,36.800000000000004,391.2293800974786,1954.8137400006717,12.013980357791947,4,4,1.0,0.02413948209787453,4,1.0,0.0,0.115478515625,0.161376953125
369,36.9,392.4836945016725,1959.6363331306711,12.019530683346815,8,8,1.0,0.025155665605158466,8,1.0,0.0,0.115478515625,0.163330078125
370,37.0,393.73972821111295,1964.4565149641057,12.025063910360826,8,8,1.0,0.0261877466997799,8,1.0,0.0,0.115478515625,0.165283203125
371,37.1,394.99750297371486,1969.2742867066236,12.030580112889538,0,0,0.0,0.015789407184301402,0,0.0,0.0,0.115478515625,0.165283203125
372,37.2,396.2570118976589,1974.08964956327,12.036079364112334,0,0,0.0,0.016678139125674635,0,0.0,0.0,0.119384765625,0.165283203125
373,37.300000000000004,397.51822035323505,1978.902604738489,12.041561736373406,0,0,0.0,0.017591825193735013,0,0.0,0.0,0.119384765625,0.165283203125
374,37.4,398.78106760810294,1983.7131534361197,12.047027301255715,0,0,0.0,0.018529428830069892,0,0.0,0.0,0.119384765625,0.165283203125
375,37.5,400.04546911809143,1988.5212968594012,12.05247612969081,8,8,1.0,0.0194898134524639,8,1.0,0.0,0.119384765625,0.167236328125
376,37.6,401.31131937184,1993.3270362109715,12.057908292105623,0,0,0.0,0.020471736730689406,0,0.0,0.0,0.119384765625,0.167236328125
377,37.7,402.5784951696181,1998.1303726928663,12.063323858605608,8,8,1.0,0.02147388709323457,8,1.0,0.0,0.119384765625,0.169189453125
378,37.800000000000004,403.84685920519337,2002.9313075065197,12.068722899191867,8,8,1.0,0.02249486966258722,8,1.0,0.0,0.119384765625,0.171142578125
379,37.9,405.1162638149149,2007.7298418527664,12.074105484008246,0,0,0.0,0.02353323208686382,0,0.0,0.0,0.119384765625,0.171142578125
380,38.0,406.3865547600539,2012.52597693184,12.079471683612969,0,0,0.0,0.024587485513762452,0,0.0,0.0,0.119384765625,0.171142578125
381,38.1,407.6575749163861,2017.3197139433744,12.084821569268003,0,0,0.0,0.02565610963501146,0,0.0,0.0,0.119384765625,0.171142578125
382,38.2,408.9291677581963,2022.1110540864022,12.090155213238347,0,0,0.0,0.02673757167822254,0,0.0,0.0,0.119384765625,0.171142578125
383,38.300000000000004,410.2011805413138,2026.8999985593591,12.095472689092594,0,0,0.0,0.027830342134896772,0,0.0,0.0,0.119384765625,0.171142578125
384,38.400000000000006,411.473467110273,2031.6865485600797,12.100774071995637,0,0,0.0,0.028932910231882335,0,0.0,0.0,0.119384765625,0.171142578125
385,38.5,412.7458902770047,2036.4707052857993,12.106059438984161,0,0,0.0,0.030043798833032473,0,0.0,0.0,0.119384765625,0.171142578125
386,38.6,414.01832374133403,2041.2524699331566,12.111328869215674,8,8,1.0,0.025691246886096863,8,1.0,0.0,0.119384765625,0.173095703125
387,38.7,415.29065354578273,2046.03184369819,12.11658244418225,0,0,0.0,0.02135707687626001,0,0.0,0.0,0.121337890625,0.173095703125
388,38.800000000000004,416.5627790776341,2050.808827776341,12.121820247880827,0,0,0.0,0.022335108210488286,0,0.0,0.0,0.123291015625,0.173095703125
389,38.900000000000006,417.83461364892344,2055.583423362453,12.127042366932944,8,8,1.0,0.023326790312366664,8,1.0,0.0,0.123291015625,0.175048828125
390,39.0,419.10608469920317,2060.355631650772,12.132248890647919,0,0,0.0,0.02433076923115142,0,0.0,0.0,0.123291015625,0.175048828125
391,39.1,420.37713367602043,2065.1254538349463,12.137439911024982,0,0,0.0,0.025345717258469652,0,0.0,0.0,0.123291015625,0.175048828125
392,39.2,421.64771565374826,2069.8928911080284,12.142615522691408,0,0,0.0,0.02637032875532436,0,0.0,0.0,0.123291015625,0.175048828125
393,39.300000000000004,422.9177987527316,2074.6579446624746,12.147775822775367,0,0,0.0,0.02740333457287976,0,0.0,0.0,0.123291015625,0.175048828125
394,39.400000000000006,424.1873634179181,2079.420615690143,12.15292091071397,0,0,0.0,0.028443512152450695,0,0.0,0.0,0.123291015625,0.175048828125
395,39.5,425.45640160982305,2084.1809053822985,12.158050887998728,0,0,0.0,0.02948969490456465,0,0.0,0.0,0.123291015625,0.175048828125
396,39.6,426.7249159516116,2088.9388149296074,12.16316585786233,0,0,0.0,0.030540780779583096,0,0.0,0.0,0.123291015625,0.175048828125
397,39.7,427.99291886527453,2093.6943455221426,12.168265924912193,0,0,0.0,0.03159573994297305,0,0.0,0.0,0.123291015625,0.175048828125
398,39.800000000000004,429.2604317183765,2098.4474983493815,12.17335119471777,0,0,0.0,0.03265362146802332,0,0.0,0.0,0.123291015625,0.175048828125
399,39.900000000000006,430.52748399176613,2103.198274600207,12.17842177335973,0,0,0.0,0.02860197095402766,0,0.0,0.0,0.123291015625,0.175048828125
400,40.0,431.7941124689296,2107.9466754629066,12.183477766950256,0,0,0.0,0.02958896502152388,0,0.0,0.0,0.125244140625,0.175048828125
401,40.1,433.06036044013786,2112.692702125175,12.18851928113438,0,0,0.0,0.030581030626876893,0,0.0,0.0,0.125244140625,0.175048828125
402,40.2,434.32627690975556,2117.4363557741126,12.193546420582864,8,8,1.0,0.02651191174058543,8,1.0,0.0,0.125244140625,0.177001953125
403,40.300000000000004,435.59191579327,2122.1776375962254,12.198559288487303,0,0,0.0,0.022320706516711326,0,0.0,0.0,0.127197265625,0.177001953125
404,40.400000000000006,436.85733509173383,2126.9165487774276,12.203557986068061,8,8,1.0,0.02318580167182707,8,1.0,0.0,0.129150390625,0.178955078125
405,40.5,438.12259603503264,2131.653090503039,12.208542612105383,8,8,1.0,0.024062512586029212,8,1.0,0.0,0.129150390625,0.180908203125
406,40.6,439.38776219110423,2136.387263957787,12.213513262503367,0,0,0.0,0.024950312707598763,0,0.0,0.0,0.129150390625,0.180908203125
407,40.7,440.6528985451913,2141.119070325808,12.21847002989571,0,0,0.0,0.025848699113500524,0,0.0,0.0,0.129150390625,0.180908203125
408,40.800000000000004,441.9180705605371,2145.8485107906454,12.2234130033011,8,8,1.0,0.021691826707756535,8,1.0,0.0,0.129150390625,0.182861328125
409,40.900000000000006,443.1833432387925,2150.5755865352503,12.228342267834941,0,0,0.0,0.017609164687740136,0,0.0,0.0,0.131103515625,0.182861328125
410,41.0,444.4487802039977,2155.3002987419823,12.233257904482775,0,0,0.0,0.018409381596359527,0,0.0,0.0,0.133056640625,0.182861328125
411,41.1,445.7144428377235,2160.0226485926114,12.238159989939328,0,0,0.0,0.019226252047601464,0,0.0,0.0,0.133056640625,0.182861328125
412,41.2,446.9803894943565,2164.7426372683153,12.243048596515653,0,0,0.0,0.020059179880069545,0,0.0,0.0,0.133056640625,0.182861328125
413,41.300000000000004,448.24667482441095,2169.460265949681,12.247923792115335,0,0,0.0,0.02090752856396208,0,0.0,0.0,0.133056640625,0.182861328125
414,41.400000000000006,449.5133492301658,2174.175535816706,12.25278564027929,0,0,0.0,0.016809357617407893,0,0.0,0.0,0.133056640625,0.182861328125
415,41.5,450.7804584721127,2178.8884480487977,12.257634200297215,8,8,1.0,0.017617147848698327,8,1.0,0.0,0.135009765625,0.184814453125
416,41.6,452.0480434371134,2183.5990038247733,12.262469527382514,0,0,0.0,0.01844316225061057,0,0.0,0.0,0.135009765625,0.184814453125
417,41.7,453.3161400703451,2188.307204322861,12.267291672906232,0,0,0.0,0.019286518974002447,0,0.0,0.0,0.135009765625,0.184814453125
418,41.800000000000004,454.5847794637604,2193.0130507206995,12.272100684684533,4,4,1.0,0.020146276507176254,4,1.0,0.0,0.135009765625,0.185791015625
419,41.900000000000006,455.8539880845679,2197.7165441953393,12.276896607313299,0,0,0.0,0.0210214367914423,0,0.0,0.0,0.135009765625,0.185791015625
420,42.0,457.12378811884133,2202.417685923241,12.281679482542703,8,8,1.0,0.021910970018164326,8,1.0,0.0,0.135009765625,0.187744140625
421,42.1,458.39419789838587,2207.1164770802798,12.286449349684048,0,0,0.0,0.018041886686720424,0,0.0,0.0,0.135009765625,0.187744140625
422,42.2,459.6652323739389,2211.8129188417397,12.291206246040765,0,0,0.0,0.018894491898602556,0,0.0,0.0,0.136962890625,0.187744140625
423,42.300000000000004,460.9369035950198,2216.5070123823184,12.295950207355247,0,0,0.0,0.01976164943210299,0,0.0,0.0,0.136962890625,0.187744140625
424,42.400000000000006,462.20922115649023,2221.198758876128,12.300681268263173,0,0,0.0,0.02064225102878381,0,0.0,0.0,0.136962890625,0.187744140625
425,42.5,463.482192574191,2225.8881594966897,12.305399462747102,8,8,1.0,0.021535186456330374,8,1.0,0.0,0.136962890625,0.189697265625
426,42.6,464.755823556774,2230.5752154169413,12.310104824581384,0,0,0.0,0.022439338181849202,0,0.0,0.0,0.136962890625,0.189697265625
427,42.7,466.0301181477829,2235.259927809233,12.314797387760844,8,8,1.0,0.023353618653331007,8,1.0,0.0,0.136962890625,0.191650390625
428,42.800000000000004,467.30507872075003,2239.942297845328,12.319477186906328,0,0,0.0,0.02427695135646287,0,0.0,0.0,0.136962890625,0.191650390625
429,42.900000000000006,468.5807058200462,2244.6223266964053,12.32414425764071,8,8,1.0,0.025208308057422784,8,1.0,0.0,0.136962890625,0.193603515625
430,43.0,469.85699785085467,2249.3000155330574,12.328798636929852,0,0,0.0,0.026146687958263047,0,0.0,0.0,0.136962890625,0.193603515625
431,43.1,471.13395063227716,2253.9753655252907,12.333440363383762,0,0,0.0,0.027091150956939706,0,0.0,0.0,0.136962890625,0.193603515625
432,43.2,472.41155683758586,2258.648377842528,12.338069477514065,0,0,0.0,0.023370865688003343,0,0.0,0.0,0.136962890625,0.193603515625
433,43.300000000000004,473.68980535438254,2263.3190536536067,12.34268602194489,0,0,0.0,0.024264153350649197,0,0.0,0.0,0.138916015625,0.193603515625
434,43.400000000000006,474.9686806043883,2267.98739412678,12.347290041575151,0,0,0.0,0.02516525018510679,0,0.0,0.0,0.138916015625,0.193603515625
435,43.5,476.24816186733585,2272.6534004297164,12.351881583691178,0,0,0.0,0.026073351597576948,0,0.0,0.0,0.138916015625,0.193603515625
436,43.6,477.5282226556968,2277.3170737295013,12.356460698029585,0,0,0.0,0.026987690164274398,0,0.0,0.0,0.138916015625,0.193603515625
437,43.7,478.8088301866168,2281.9784151926374,12.361027436791176,0,0,0.0,0.02336367851028261,0,0.0,0.0,0.138916015625,0.193603515625
438,43.800000000000004,480.0899449944935,2286.6374259850404,12.365581854607504,0,0,0.0,0.019674094381080795,0,0.0,0.0,0.140869140625,0.193603515625
439,43.900000000000006,481.3715207223096,2291.294107272048,12.370124008462549,8,8,1.0,0.020482944176330835,8,1.0,0.0,0.142822265625,0.195556640625
440,44.0,482.65350412244584,2295.948460218412,12.374653957572663,0,0,0.0,0.021303208673703156,0,0.0,0.0,0.142822265625,0.195556640625
441,44.1,483.93583528869374,2300.600485988303,12.379171763228602,4,4,1.0,0.02213419059794398,4,1.0,0.0,0.142822265625,0.196533203125
442,44.2,485.21844813106094,2305.250185745309,12.383677488603961,8,8,1.0,0.022975184935905026,8,1.0,0.0,0.142822265625,0.198486328125
443,44.300000000000004,486.5012710942742,2309.8975606524364,12.38817119853485,0,0,0.0,0.023825483183724086,0,0.0,0.0,0.142822265625,0.198486328125
444,44.400000000000006,487.78422811017185,2314.5426118721102,12.392652959275871,0,0,0.0,0.02468438826091305,0,0.0,0.0,0.142822265625,0.198486328125
445,44.5,489.06723976396614,2319.185340566174,12.397122838237793,0,0,0.0,0.021103155654523652,0,0.0,0.0,0.142822265625,0.198486328125
446,44.6,490.35022464510035,2323.8257478958913,12.401580903712361,0,0,0.0,0.021915311089718684,0,0.0,0.0,0.144775390625,0.198486328125
447,44.7,491.6331008455152,2328.463835021943,12.406027224589657,0,0,0.0,0.02273815594804625,0,0.0,0.0,0.144775390625,0.198486328125
448,44.800000000000004,492.9157875618678,2333.0996031044315,12.410461870073425,16,16,1.0,0.02357095301482957,16,1.0,0.0,0.144775390625,0.202392578125
449,44.900000000000006,494.1982067538247,2337.73305330288,12.414884909399415,0,0,0.0,0.024412935996503942,0,0.0,0.0,0.144775390625,0.202392578125
450,45.0,495.4802848080873,2342.364186776228,12.419296411561632,0,0,0.0,0.025263355547006264,0,0.0,0.0,0.144775390625,0.202392578125
451,45.1,496.7619541573439,2346.9930046828404,12.42369644505089,0,0,0.0,0.026121458325650587,0,0.0,0.0,0.144775390625,0.202392578125
452,45.2,498.04315480481785,2351.6195081804985,12.428085077609678,0,0,0.0,0.026986498294347704,0,0.0,0.0,0.144775390625,0.202392578125
453,45.300000000000004,499.3238357083833,2356.2436984264086,12.432462376006772,0,0,0.0,0.027857741768325252,0,0.0,0.0,0.144775390625,0.202392578125
454,45.400000000000006,500.6039559831648,2360.865576577195,12.436828405834525,0,0,0.0,0.026585556700852105,0,0.0,0.0,0.144775390625,0.202392578125
455,45.5,501.88348588788307,2365.4851437889074,12.4411832313311,8,8,1.0,0.027442041352558257,8,1.0,0.0,0.145751953125,0.204345703125
456,45.6,503.162407567671,2370.102401217012,12.445526915229372,0,0,0.0,0.024053862859083012,0,0.0,0.0,0.145751953125,0.204345703125
457,45.7,504.440715534325,2374.7173500164035,12.449859518633552,0,0,0.0,0.020591998960762605,0,0.0,0.0,0.147705078125,0.204345703125
458,45.800000000000004,505.71841687363167,2379.3299913413957,12.45418110092403,8,8,1.0,0.021360110890456738,8,1.0,0.0,0.149658203125,0.206298828125
459,45.900000000000006,506.9955311781238,2383.940326345725,12.458491719690343,0,0,0.0,0.022137455681777437,0,0.0,0.0,0.149658203125,0.206298828125
460,46.0,508.27209021201026,2388.548356182552,12.462791430691608,0,0,0.0,0.01862566387737446,0,0.0,0.0,0.149658203125,0.206298828125
461,46.1,509.54813732272453,2393.1540820044606,12.467080287843313,0,0,0.0,0.019366116889264203,0,0.0,0.0,0.151611328125,0.206298828125
462,46.2,510.82372662023346,2397.757504963459,12.471358343228898,0,0,0.0,0.020117585928654026,0,0.0,0.0,0.151611328125,0.206298828125
463,46.300000000000004,512.098921950676,2402.358626210977,12.475625647134164,0,0,0.0,0.01671367655524794,0,0.0,0.0,0.151611328125,0.206298828125
464,46.400000000000006,513.3737956949002,2406.9574468978713,12.479882248102278,0,0,0.0,0.017434914835173686,0,0.0,0.0,0.153564453125,0.206298828125
465,46.5,514.6484274249312,2411.553968174422,12.484128193006866,0,0,0.0,0.01816750965341771,0,0.0,0.0,0.153564453125,0.206298828125
466,46.6,515.9229024523771,2416.1481911903347,12.48836352714054,0,0,0.0,0.018910765132781674,0,0.0,0.0,0.153564453125,0.206298828125
467,46.7,517.1973103023647,2420.7401170947396,12.492588294316104,0,0,0.0,0.01966398745572522,0,0.0,0.0,0.153564453125,0.206298828125
468,46.800000000000004,518.4717431450166,2425.329747036192,12.496802536977624,0,0,0.0,0.02042649017242378,0,0.0,0.0,0.153564453125,0.206298828125
469,46.900000000000006,519.7462942140077,2429.917082162675,12.501006296318641,0,0,0.0,0.02119759931775972,0,0.0,0.0,0.153564453125,0.206298828125
470,47.0,521.0210562387058,2434.5021236215935,12.50519961240481,0,0,0.0,0.021976658267723416,0,0.0,0.0,0.153564453125,0.206298828125
471,47.1,522.2961199131374,2439.0848725597825,12.509382524298493,0,0,0.0,0.022763032265881215,0,0.0,0.0,0.153564453125,0.206298828125
472,47.2,523.5715724218504,2443.665330123503,12.513555070182903,4,4,1.0,0.02355611447659608,4,1.0,0.0,0.153564453125,0.207275390625
473,47.300000000000004,524.8474960399387,2448.2434974584407,12.517717287483755,0,0,0.0,0.024355322313667428,0,0.0,0.0,0.153564453125,0.207275390625
474,47.400000000000006,526.1239668222383,2452.8193757097115,12.521869212986504,16,16,1.0,0.025160118209150924,16,1.0,0.0,0.153564453125,0.211181640625
475,47.5,527.4010533951015,2457.3929660218564,12.526010882947608,8,8,1.0,0.02190834852112778,8,1.0,0.0,0.153564453125,0.213134765625
476,47.6,528.6788158632238,2461.9642695388457,12.530142333198517,0,0,0.0,0.02267529966968914,0,0.0,0.0,0.155517578125,0.213134765625
477,47.7,529.9573048436215,2466.5332874040764,12.534263599241362,0,0,0.0,0.021408752323061594,0,0.0,0.0,0.155517578125,0.213134765625
478,47.800000000000004,531.2365606388905,2471.100020760374,12.538374716335614,0,0,0.0,0.022162635133435027,0,0.0,0.0,0.156494140625,0.213134765625
479,47.900000000000006,532.516612562077,2475.664470749994,12.542475719575293,8,8,1.0,0.02292405306748057,8,1.0,0.0,0.156494140625,0.215087890625
480,48.0,533.7974784255979,2480.226638514619,12.546566643956497,0,0,0.0,0.019682718420477228,0,0.0,0.0,0.156494140625,0.215087890625
481,48.1,535.0791642064103,2484.7865251953617,12.550647524435337,8,8,1.0,0.016408403649795643,8,1.0,0.0,0.158447265625,0.217041015625
482,48.2,536.3616638987961,2489.344131932764,12.554718395976515,0,0,0.0,0.017092425513855293,0,0.0,0.0,0.160400390625,0.217041015625
483,48.300000000000004,537.6449595645324,2493.8994598667978,12.558779293593032,8,8,1.0,0.017788834757464636,8,1.0,0.0,0.160400390625,0.218994140625
484,48.400000000000006,538.9290215877377,2498.452510136864,12.562830252377598,0,0,0.0,0.018497107230185102,0,0.0,0.0,0.160400390625,0.218994140625
485,48.5,540.2138091382997,2503.0032838817956,12.56687130752651,0,0,0.0,0.01921670391694493,0,0.0,0.0,0.160400390625,0.218994140625
486,48.6,541.4992708435493,2507.551782239855,12.570902494356796,0,0,0.0,0.019947061133329707,0,0.0,0.0,0.160400390625,0.218994140625
487,48.7,542.7853456629123,2512.098006348735,12.574923848317532,0,0,0.0,0.02068759574396352,0,0.0,0.0,0.160400390625,0.218994140625
488,48.800000000000004,544.0719639548232,2516.6419573455605,12.578935404996246,0,0,0.0,0.021437707814492772,0,0.0,0.0,0.160400390625,0.218994140625
489,48.900000000000006,545.3590487195181,2521.183636366888,12.582937200121314,0,0,0.0,0.022196783528576427,0,0.0,0.0,0.160400390625,0.218994140625
490,49.0,546.646516995723,2525.7230445487044,12.586929269561265,0,0,0.0,0.0229641983543647,0,0.0,0.0,0.160400390625,0.218994140625
491,49.1,547.9342813839987,2530.2601830264302,12.590911649321813,8,8,1.0,0.0159255800343876,8,1.0,0.0,0.160400390625,0.220947265625
492,49.2,549.2222516649249,2534.7950529349173,12.594884375541428,8,8,1.0,0.01661554279705864,8,1.0,0.0,0.164306640625,0.222900390625
493,49.300000000000004,550.5103364766007,2539.3276554084496,12.598847484486125,0,0,0.0,0.017317509788634285,0,0.0,0.0,0.164306640625,0.222900390625
494,49.400000000000006,551.7984450133604,2543.8579915807454,12.602801012544068,0,0,0.0,0.018030738597741066,0,0.0,0.0,0.164306640625,0.222900390625
495,49.5,553.0864887062364,2548.3860625849547,12.606744996220485,0,0,0.0,0.018754460650264353,0,0.0,0.0,0.164306640625,0.222900390625
496,49.6,554.3743828456508,2552.9118695536617,12.610679472133276,0,0,0.0,0.01948789005811571,0,0.0,0.0,0.164306640625,0.222900390625
497,49.7,555.6620481080674,2557.4354136188854,12.614604477009582,8,8,1.0,0.020230233186901685,8,1.0,0.0,0.164306640625,0.224853515625
498,49.800000000000004,556.9494119508286,2561.956695912076,12.61852004768345,0,0,0.0,0.02098068274343564,0,0.0,0.0,0.164306640625,0.224853515625
499,49.900000000000006,558.2364098430195,2566.47571756412,12.622426221094651,0,0,0.0,0.021738441967196927,0,0.0,0.0,0.164306640625,0.224853515625
500,50.0,559.5229863048079,2570.992479705338,12.626323034288568,0,0,0.0,0.022502719824379264,0,0.0,0.0,0.164306640625,0.224853515625
501,50.1,560.809095733083,2575.5069834654855,12.630210524416995,0,0,0.0,0.023272740021006703,0,0.0,0.0,0.164306640625,0.224853515625
502,50.2,562.0947029972054,2580.0192299737528,12.634088728739606,0,0,0.0,0.024047747069344528,0,0.0,0.0,0.164306640625,0.224853515625
503,50.300000000000004,563.3797837950242,2584.529220358766,12.637957684625755,0,0,0.0,0.024827012015108847,0,0.0,0.0,0.164306640625,0.224853515625
504,50.400000000000006,564.6643247658528,2589.0369557485865,12.64181742955623,8,8,1.0,0.02560984088366173,8,1.0,0.0,0.164306640625,0.226806640625
505,50.5,565.9483233635801,2593.542437270712,12.645668001124532,0,0,0.0,0.026395567597600623,0,0.0,0.0,0.164306640625,0.226806640625
506,50.6,567.231787499363,2598.0456660520763,12.649509437037212,0,0,0.0,0.027183575141432745,0,0.0,0.0,0.164306640625,0.226806640625
507,50.7,568.5147349692012,2602.5466432190506,12.653341775112803,0,0,0.0,0.027973288412821234,0,0.0,0.0,0.164306640625,0.226806640625
508,50.800000000000004,569.7971926869839,2607.0453698974407,12.65716505327887,8,8,1.0,0.028764183305717728,8,1.0,0.0,0.164306640625,0.228759765625
509,50.900000000000006,571.0791957481581,2611.541847212492,12.660979309566708,0,0,0.0,0.025832448847827042,0,0.0,0.0,0.164306640625,0.228759765625
510,51.0,572.3607863528853,2616.036076288886,12.6647845821033,0,0,0.0,0.02658165654792279,0,0.0,0.0,0.166259765625,0.228759765625
511,51.1,573.6420126203222,2620.5280582507417,12.668580909100132,0,0,0.0,0.02361803906547092,0,0.0,0.0,0.166259765625,0.228759765625
512,51.2,574.9229273273952,2625.017794221616,12.672368328838568,0,0,0.0,0.02249750124195627,0,0.0,0.0,0.168212890625,0.228759765625
513,51.300000000000004,576.2035866061284,2629.505285324506,12.67614687965152,0,0,0.0,0.023196289117090617,0,0.0,0.0,0.169189453125,0.228759765625
514,51.400000000000006,577.4840486331902,2633.9905326818434,12.679916599901306,0,0,0.0,0.020264228715608595,0,0.0,0.0,0.169189453125,0.228759765625
515,51.5,578.7643723439176,2638.4735374155025,12.683677527953552,0,0,0.0,0.020933195127263413,0,0.0,0.0,0.171142578125,0.228759765625
516,51.6,580.0446162007163,2642.9543006467948,12.687429702147227,0,0,0.0,0.021607904813522566,0,0.0,0.0,0.171142578125,0.228759765625
517,51.7,581.3248370425526,2647.4328234964714,12.69117316076091,0,0,0.0,0.022288023396035982,0,0.0,0.0,0.171142578125,0.228759765625
518,51.800000000000004,582.605089038383,2651.909107084723,12.694907941975499,0,0,0.0,0.019384158946692872,0,0.0,0.0,0.171142578125,0.228759765625
519,51.900000000000006,583.8854227630113,2656.3831525311807,12.69863408383372,4,4,1.0,0.020028890702379752,4,1.0,0.0,0.173095703125,0.229736328125
520,52.0,585.1658844091988,2660.8549609549154,12.702351624196819,0,0,0.0,0.020680872701900995,0,0.0,0.0,0.173095703125,0.229736328125
521,52.1,586.4465151450831,2665.3245334744374,12.706060600698954,8,8,1.0,0.017759885429638703,8,1.0,0.0,0.173095703125,0.231689453125
522,52.2,587.7273506212969,2669.7918712077008,12.70976105069988,0,0,0.0,0.018387320913493762,0,0.0,0.0,0.175048828125,0.231689453125
523,52.300000000000004,589.0084206277752,2674.2569752720965,12.71345301123656,0,0,0.0,0.01902280185512449,0,0.0,0.0,0.175048828125,0.231689453125
524,52.400000000000006,590.2897488962763,2678.71984678446,12.717136518974414,8,8,1.0,0.019666008699009734,8,1.0,0.0,0.175048828125,0.233642578125
525,52.5,591.5713530412086,2683.180486861068,12.720811610158975,0,0,0.0,0.02031661427280916,0,0.0,0.0,0.175048828125,0.233642578125
526,52.6,592.8532446285692,2687.6388966176382,12.724478320568684,0,0,0.0,0.017410723461641596,0,0.0,0.0,0.175048828125,0.233642578125
527,52.7,594.1354293606557,2692.0950771693288,12.728136685469655,16,16,1.0,0.018034131923204917,16,1.0,0.0,0.177001953125,0.237548828125
528,52.800000000000004,595.4179073627643,2696.5490296307444,12.731786739573149,0,0,0.0,0.018666541127387574,0,0.0,0.0,0.177001953125,0.237548828125
529,52.900000000000006,596.7006735572387,2701.0007551159288,12.735428516996532,4,4,1.0,0.01930757687940839,4,1.0,0.0,0.177001953125,0.238525390625
530,53.0,597.9837181099927,2705.450254738371,12.739062051228432,0,0,0.0,0.019956846981128377,0,0.0,0.0,0.177001953125,0.238525390625
531,53.1,599.2670269348316,2709.897529611002,12.742687375098752,8,8,1.0,0.02061396095241018,8,1.0,0.0,0.177001953125,0.240478515625
532,53.2,600.5505822415151,2714.342580846196,12.746304520754123,0,0,0.0,0.01780540504241987,0,0.0,0.0,0.177001953125,0.240478515625
533,53.300000000000004,601.8343631143767,2718.785409555773,12.749913519639309,0,0,0.0,0.0184395405500222,0,0.0,0.0,0.178955078125,0.240478515625
534,53.400000000000006,603.1183461093634,2723.2260168509956,12.75351440248501,0,0,0.0,0.015613502654632946,0,0.0,0.0,0.178955078125,0.240478515625
535,53.5,604.402505858489,2727.66440384257,12.757107199302322,0,0,0.0,0.016226154616737837,0,0.0,0.0,0.180908203125,0.240478515625
536,53.6,605.6868156717983,2732.100571640649,12.760691939384118,0,0,0.0,0.0168486315467808,0,0.0,0.0,0.180908203125,0.240478515625
537,53.7,606.9712481279812,2736.534521354828,12.76426865131341,8,8,1.0,0.01748045093632325,8,1.0,0.0,0.180908203125,0.242431640625
538,53.800000000000004,608.2557756456833,2740.9662540941504,12.767837362978678,8,8,1.0,0.01812111073061271,8,1.0,0.0,0.180908203125,0.244384765625
539,53.900000000000006,609.5403710283174,2745.395770967104,12.771398101596041,0,0,0.0,0.01877009632486589,0,0.0,0.0,0.180908203125,0.244384765625
540,54.0,610.8250079757847,2749.8230730816204,12.774950893738003,0,0,0.0,0.01600129065175257,0,0.0,0.0,0.180908203125,0.244384765625
541,54.1,612.1096615569643,2754.248161545079,12.778495765368428,0,0,0.0,0.016626974363214968,0,0.0,0.0,0.182861328125,0.244384765625
542,54.2,613.3943086371694,2758.6710374643067,12.782032741883297,0,0,0.0,0.017261745913962873,0,0.0,0.0,0.182861328125,0.244384765625
543,54.300000000000004,614.6789282550287,2763.0917019455746,12.785561848156677,0,0,0.0,0.017905012726073043,0,0.0,0.0,0.182861328125,0.244384765625
544,54.400000000000006,615.9635019434927,2767.510156094602,12.789083108591283,0,0,0.0,0.018556174210222678,0,0.0,0.0,0.182861328125,0.244384765625
545,54.5,617.248013989931,2771.9264010165543,12.792596547172929,0,0,0.0,0.019214626078205257,0,0.0,0.0,0.182861328125,0.244384765625
546,54.6,618.5324516306716,2776.3404378160462,12.79610218752811,0,0,0.0,0.019879764683374032,0,0.0,0.0,0.182861328125,0.244384765625
547,54.7,619.8168051758403,2780.752267597138,12.799600052983916,0,0,0.0,0.02055099133186211,0,0.0,0.0,0.182861328125,0.244384765625
548,54.800000000000004,621.1010680610921,2785.16189146334,12.803090166629437,0,0,0.0,0.017862371709042032,0,0.0,0.0,0.182861328125,0.244384765625
549,54.900000000000006,622.3852368237958,2789.569310517608,12.806572551377815,8,8,1.0,0.0185093269183211,8,1.0,0.0,0.184814453125,0.246337890625
550,55.0,623.6693110024482,2793.974525862349,12.810047230028108,8,8,1.0,0.019162443858439255,8,1.0,0.0,0.184814453125,0.248291015625
551,55.1,624.9532929595991,2798.3775385994177,12.813514225326095,0,0,0.0,0.01982115797777049,0,0.0,0.0,0.184814453125,0.248291015625
552,55.2,626.2371876302973,2802.7783498301183,12.816973560023273,0,0,0.0,0.020484926636272386,0,0.0,0.0,0.184814453125,0.248291015625
553,55.300000000000004,627.5210022000151,2807.1769606552034,12.820425256933195,0,0,0.0,0.021153224031566477,0,0.0,0.0,0.184814453125,0.248291015625
554,55.400000000000006,628.8047457180946,2811.5733721748757,12.823869338984505,8,8,1.0,0.021825550226348182,8,1.0,0.0,0.184814453125,0.250244140625
555,55.5,630.0884286549096,2815.9675854887882,12.827305829269964,0,0,0.0,0.0225014210720684,0,0.0,0.0,0.184814453125,0.250244140625
556,55.6,631.3720624130594,2820.3596016960437,12.83073475109089,0,0,0.0,0.023180388717735437,0,0.0,0.0,0.184814453125,0.250244140625
557,55.7,632.6556588048904,2824.7494218951956,12.834156127996504,0,0,0.0,0.02386203187314455,0,0.0,0.0,0.184814453125,0.250244140625
558,55.800000000000004,633.9392295103796,2829.1370471842483,12.837569983817733,0,0,0.0,0.024545960062946872,0,0.0,0.0,0.184814453125,0.250244140625
559,55.900000000000006,635.2227855307976,2833.5224786606564,12.84097634269516,0,0,0.0,0.025231814666318103,0,0.0,0.0,0.184814453125,0.250244140625
560,56.0,636.5063366545121,2837.905717421326,12.844375229100837,0,0,0.0,0.02430228969814998,0,0.0,0.0,0.184814453125,0.250244140625
561,56.1,637.7898909516963,2842.286764562615,12.84776666785382,8,8,1.0,0.02497227013016644,8,1.0,0.0,0.185791015625,0.252197265625
562,56.2,639.0734543145372,2846.665621180334,12.851150684129353,0,0,0.0,0.022382763601799305,0,0.0,0.0,0.185791015625,0.252197265625
563,56.300000000000004,640.3570300587539,2851.042288369744,12.85452730346172,0,0,0.0,0.02302352141520655,0,0.0,0.0,0.187744140625,0.252197265625
564,56.400000000000006,641.6406186008244,2855.416767225559,12.8578965517409,8,8,1.0,0.02044403519870812,8,1.0,0.0,0.187744140625,0.254150390625
565,56.5,642.9242172233321,2859.789058841946,12.86125845520318,8,8,1.0,0.021055868183511295,8,1.0,0.0,0.189697265625,0.256103515625
566,56.6,644.2078199383255,2864.1591643125253,12.86461304041603,0,0,0.0,0.02167287990035195,0,0.0,0.0,0.189697265625,0.256103515625
567,56.7,645.4914174556095,2868.5270847303686,12.867960334257585,0,0,0.0,0.022294765809883096,0,0.0,0.0,0.189697265625,0.256103515625
568,56.800000000000004,646.7749972596001,2872.892821188004,12.871300363891127,0,0,0.0,0.019693374531283413,0,0.0,0.0,0.189697265625,0.256103515625
569,56.900000000000006,648.0585437948542,2877.2563747774093,12.874633156735053,0,0,0.0,0.02029277141032133,0,0.0,0.0,0.191650390625,0.256103515625
570,57.0,649.3420387568094,2881.6177465900205,12.877958740428845,0,0,0.0,0.020897889299141652,0,0.0,0.0,0.191650390625,0.256103515625
571,57.1,650.6254614807456,2885.976937716726,12.881277142795588,0,0,0.0,0.021508403165390003,0,0.0,0.0,0.191650390625,0.256103515625
572,57.2,651.908789418674,2890.333949247867,12.884588391801632,0,0,0.0,0.022123987180127702,0,0.0,0.0,0.191650390625,0.256103515625
573,57.300000000000004,653.1919986908738,2894.6887822732433,12.88789251551403,8,8,1.0,0.0211704675373717,8,1.0,0.0,0.191650390625,0.258056640625
574,57.400000000000006,654.4750646962626,2899.041437882107,12.891189542056335,0,0,0.0,0.021779937145120106,0,0.0,0.0,0.192626953125,0.258056640625
575,57.5,655.7579627637917,2903.391917163166,12.894479499563413,0,0,0.0,0.01611529190663578,0,0.0,0.0,0.192626953125,0.258056640625
576,57.6,657.0406688256618,2907.740221204584,12.89776241613589,8,8,1.0,0.016669959330601575,8,1.0,0.0,0.196533203125,0.260009765625
577,57.7,658.3231600924166,2912.086351093982,12.901038319794829,0,0,0.0,0.017231983966771662,0,0.0,0.0,0.196533203125,0.260009765625
578,57.800000000000004,659.6054157098979,2916.430307918435,12.904307238437227,0,0,0.0,0.01780098675635745,0,0.0,0.0,0.196533203125,0.260009765625
579,57.900000000000006,660.887417378626,2920.772092764476,12.9075691997929,0,0,0.0,0.018376581675358186,0,0.0,0.0,0.196533203125,0.260009765625
580,58.0,662.1691499173767,2925.111706718094,12.91082423138324,0,0,0.0,0.018958380608379243,0,0.0,0.0,0.196533203125,0.260009765625
581,58.1,663.4506017545008,2929.4491508647343,12.914072360482367,0,0,0.0,0.019545995863347456,0,0.0,0.0,0.196533203125,0.260009765625
582,58.2,664.7317653327989,2933.7844262893013,12.91731361408106,0,0,0.0,0.017052586776358042,0,0.0,0.0,0.196533203125,0.260009765625
583,58.300000000000004,666.0126374164369,2938.1175340761574,12.920548018853864,8,8,1.0,0.01762071577796437,8,1.0,0.0,0.198486328125,0.261962890625
584,58.400000000000006,667.2932192913698,2942.4484753091197,12.923775601129693,0,0,0.0,0.018194826775536868,0,0.0,0.0,0.198486328125,0.261962890625
585,58.5,668.5735168539156,2946.777251071465,12.926996386866165,0,0,0.0,0.018774549686955463,0,0.0,0.0,0.198486328125,0.261962890625
586,58.6,669.8535405853951,2951.103862445929,12.930210401627914,0,0,0.0,0.01935952022301934,0,0.0,0.0,0.198486328125,0.261962890625
587,58.7,671.1333054140027,2955.428310514706,12.933417670568963,8,8,1.0,0.019949387481583338,8,1.0,0.0,0.198486328125,0.263916015625
588,58.800000000000004,672.4128304682063,2959.750596359449,12.936618218419268,0,0,0.0,0.02054380345152511,0,0.0,0.0,0.198486328125,0.263916015625
589,58.900000000000006,673.6921387288837,2964.070721061269,12.939812069475456,4,4,1.0,0.02114244345227677,4,1.0,0.0,0.198486328125,0.264892578125
590,59.0,674.9712565900124,2968.3886857007383,12.942999247595687,0,0,0.0,0.021744990886163797,0,0.0,0.0,0.198486328125,0.264892578125
591,59.1,676.2502133399557,2972.7044913578884,12.946179776198564,8,8,1.0,0.019309563653195035,8,1.0,0.0,0.198486328125,0.266845703125
592,59.2,677.529040577183,2977.0181391122096,12.949353678265949,0,0,0.0,0.019889719160025708,0,0.0,0.0,0.200439453125,0.266845703125
593,59.300000000000004,678.807771575569,2981.329630042653,12.952520976349474,0,0,0.0,0.014434310769319164,0,0.0,0.0,0.200439453125,0.266845703125
594,59.400000000000006,680.0864406152342,2985.6389652276316,12.955681692580525,0,0,0.0,0.014964215713551323,0,0.0,0.0,0.204345703125,0.266845703125
595,59.5,681.3650822951879,2989.946145745018,12.9588358486834,0,0,0.0,0.01550127540879611,0,0.0,0.0,0.204345703125,0.266845703125
596,59.6,682.6437308438544,2994.251172672145,12.961983465991375,0,0,0.0,0.016045147121039306,0,0.0,0.0,0.204345703125,0.266845703125
597,59.7,683.9224194429212,2998.5540470858095,12.96512456546531,0,0,0.0,0.016595488030438806,0,0.0,0.0,0.204345703125,0.266845703125
598,59.800000000000004,685.2011795788967,3002.854770062266,12.968259167714445,8,8,1.0,0.017151959585677962,8,1.0,0.0,0.204345703125,0.268798828125
599,59.900000000000006,686.4800404353819,3007.1533426772357,12.971387293019061,0,0,0.0,0.017714218189603708,0,0.0,0.0,0.204345703125,0.268798828125
600,60.0,687.7590283373927,3011.449766005897,12.97450896135458,0,0,0.0,0.018281932250226767,0,0.0,0.0,0.204345703125,0.268798828125
601,60.1,689.0381662572395,3015.7440411228936,12.977624192416767,0,0,0.0,0.018854773547972957,0,0.0,0.0,0.204345703125,0.268798828125
602,60.2,690.3174733895041,3020.036169102332,12.980733005647654,0,0,0.0,0.019432420974734185,0,0.0,0.0,0.204345703125,0.268798828125
603,60.300000000000004,691.5969648007048,3024.326151017781,12.983835420261823,0,0,0.0,0.02001456176742797,0,0.0,0.0,0.204345703125,0.268798828125
604,60.400000000000006,692.8766511572992,3028.613987942272,12.986931455272728,4,4,1.0,0.020600894230659455,4,1.0,0.0,0.204345703125,0.269775390625
605,60.5,694.1565385338879,3032.899680948301,12.99002112951869,8,8,1.0,0.02119112539179425,8,1.0,0.0,0.204345703125,0.271728515625
606,60.6,695.4366283018272,3037.183231107827,12.993104461688306,16,16,1.0,0.018855657968937654,16,1.0,0.0,0.204345703125,0.275634765625
607,60.7,696.716917097026,3041.4646394922734,12.996181470344986,0,0,0.0,0.01942259363453346,0,0.0,0.0,0.206298828125,0.275634765625
608,60.800000000000004,697.99739686448,3045.7439071725266,12.999252173950351,0,0,0.0,0.01999431710520692,0,0.0,0.0,0.206298828125,0.275634765625
609,60.900000000000006,699.2780549760953,3050.0210352189406,13.00231659088633,8,8,1.0,0.017637015022275524,8,1.0,0.0,0.206298828125,0.277587890625
610,61.0,700.5588744175707,3054.2960247013316,13.005374739475727,0,0,0.0,0.018190453059493353,0,0.0,0.0,0.208251953125,0.277587890625
611,61.1,701.8398340395156,3058.5688766889807,13.008426638001136,0,0,0.0,0.018749123074534853,0,0.0,0.0,0.208251953125,0.277587890625
612,61.2,703.1209088675428,3062.839592250636,13.011472304722112,8,8,1.0,0.019312735439943947,8,1.0,0.0,0.208251953125,0.279541015625
613,61.300000000000004,704.4020704657744,3067.1081724545106,13.014511757890478,0,0,0.0,0.017000401941575323,0,0.0,0.0,0.208251953125,0.279541015625
614,61.400000000000006,705.6832873479816,3071.3746183682833,13.017545015763753,0,0,0.0,0.01754363217688256,0,0.0,0.0,0.210205078125,0.279541015625
615,61.5,706.9645254304054,3075.6389310590994,13.020572096616688,0,0,0.0,0.018092587135609454,0,0.0,0.0,0.210205078125,0.279541015625
616,61.6,708.2457485201755,3079.9011115935696,13.023593018750903,0,0,0.0,0.01864694530736688,0,0.0,0.0,0.210205078125,0.279541015625
617,61.7,709.5269188330941,3084.161161037773,13.02660780050269,0,0,0.0,0.01920638551504471,0,0.0,0.0,0.210205078125,0.279541015625
618,61.800000000000004,710.807997534385,3088.419080457254,13.02961646024902,0,0,0.0,0.016916985824515084,0,0.0,0.0,0.210205078125,0.279541015625
619,61.900000000000006,712.0889452958345,3092.674870917025,13.03261901641186,0,0,0.0,0.017458494991004683,0,0.0,0.0,0.212158203125,0.279541015625
620,62.0,713.3697228625273,3096.928533481567,13.035615487460893,0,0,0.0,0.018005605258049576,0,0.0,0.0,0.212158203125,0.279541015625
621,62.1,714.6502916221639,3101.1800692148263,13.03860589191475,0,0,0.0,0.018557958531264383,0,0.0,0.0,0.212158203125,0.279541015625
622,62.2,715.9306141697259,3105.4294791802186,13.041590248340897,0,0,0.0,0.019115195881534885,0,0.0,0.0,0.212158203125,0.279541015625
623,62.300000000000004,717.2106548600543,3109.676764440628,13.044568575354292,8,8,1.0,0.019676962270827318,8,1.0,0.0,0.212158203125,0.281494140625
624,62.400000000000006,718.4903803407587,3113.9219260584086,13.047540891614958,8,8,1.0,0.02024289938949609,8,1.0,0.0,0.212158203125,0.283447265625
625,62.5,719.7697600578007,3118.1649650953796,13.050507215824629,0,0,0.0,0.020812653398214236,0,0.0,0.0,0.212158203125,0.283447265625
626,62.6,721.0487667261073,3122.405882612831,13.05346756672257,0,0,0.0,0.021385881211008824,0,0.0,0.0,0.212158203125,0.283447265625
627,62.7,722.3273767577139,3126.644679671525,13.05642196308076,0,0,0.0,0.021962244884272408,0,0.0,0.0,0.212158203125,0.283447265625
628,62.800000000000004,723.6055706401992,3130.8813573316893,13.059370423698502,0,0,0.0,0.016923138465017102,0,0.0,0.0,0.212158203125,0.283447265625
629,62.900000000000006,724.8833332585943,3135.1159166530233,13.062312967396654,0,0,0.0,0.017452867272797372,0,0.0,0.0,0.216064453125,0.283447265625
630,63.0,726.1606541545152,3139.348358694697,13.065249613011538,0,0,0.0,0.017987537409151242,0,0.0,0.0,0.216064453125,0.283447265625
631,63.1,727.4375277169887,3143.5786845153493,13.068180379388666,0,0,0.0,0.018526777556000264,0,0.0,0.0,0.216064453125,0.283447265625
632,63.2,728.7139533003149,3147.806895173092,13.071105285376357,8,8,1.0,0.019070222774342307,8,1.0,0.0,0.216064453125,0.285400390625
633,63.300000000000004,729.9899352653206,3152.032991725506,13.074024349819325,0,0,0.0,0.01961750677432267,0,0.0,0.0,0.216064453125,0.285400390625
634,63.400000000000006,731.2654829414993,3156.2569752296426,13.076937591552332,0,0,0.0,0.020168278265886384,0,0.0,0.0,0.216064453125,0.285400390625
635,63.5,732.5406105087858,3160.4788467420276,13.07984502939392,0,0,0.0,0.02072219387047653,0,0.0,0.0,0.216064453125,0.285400390625
636,63.6,733.8153367990528,3164.698607318657,13.082746682140318,0,0,0.0,0.021278922258225568,0,0.0,0.0,0.216064453125,0.285400390625
637,63.7,735.0896850188332,3168.9162580149973,13.085642568559491,0,0,0.0,0.021838145963789468,0,0.0,0.0,0.216064453125,0.285400390625
638,63.800000000000004,736.3636823962188,3173.13179988599,13.088532707385442,0,0,0.0,0.02103193645110554,0,0.0,0.0,0.216064453125,0.285400390625
639,63.900000000000006,737.6373597563635,3177.345233986047,13.09141711731268,8,8,1.0,0.021583200516355323,8,1.0,0.0,0.217041015625,0.287353515625
640,64.0,738.910751031463,3181.556561369054,13.094295816990952,0,0,0.0,0.022136589763227823,0,0.0,0.0,0.217041015625,0.287353515625
641,64.10000000000001,740.1838927125002,3185.765783088369,13.09716882502015,0,0,0.0,0.019949783266204932,0,0.0,0.0,0.217041015625,0.287353515625
642,64.2,741.4568232513643,3189.9729001968253,13.100036159945455,0,0,0.0,0.020483430792580984,0,0.0,0.0,0.218994140625,0.287353515625
643,64.3,742.7295824231683,3194.1779137467265,13.102897840252655,8,8,1.0,0.02101947707090039,8,1.0,0.0,0.218994140625,0.289306640625
644,64.4,744.0022106596449,3198.3808247898532,13.105753884363626,0,0,0.0,0.021557714762549637,0,0.0,0.0,0.218994140625,0.289306640625
645,64.5,745.2747483653818,3202.5816343774586,13.108604310631977,0,0,0.0,0.022097962567132826,0,0.0,0.0,0.218994140625,0.289306640625
646,64.60000000000001,746.5472352293034,3206.78034356027,13.111449137338788,0,0,0.0,0.022640055710767104,0,0.0,0.0,0.218994140625,0.289306640625
647,64.7,747.8197095442172,3210.9769533884896,13.114288382688466,0,0,0.0,0.020492185085714945,0,0.0,0.0,0.218994140625,0.289306640625
648,64.8,749.0922075473701,3215.1714649117957,13.117122064804661,0,0,0.0,0.02101402372665847,0,0.0,0.0,0.220947265625,0.289306640625
649,64.9,750.3647627947942,3219.36387917934,13.119950201726231,8,8,1.0,0.018866578423369116,8,1.0,0.0,0.220947265625,0.291259765625
650,65.0,751.637405581751,3223.5541972397505,13.122772811403221,0,0,0.0,0.019368534850549433,0,0.0,0.0,0.222900390625,0.291259765625
651,65.10000000000001,752.9101624208031,3227.74242014113,13.12558991169288,0,0,0.0,0.018551619994207385,0,0.0,0.0,0.222900390625,0.291259765625
652,65.2,754.1830555879657,3231.9285489310596,13.128401520355641,0,0,0.0,0.01635986227019575,0,0.0,0.0,0.223876953125,0.291259765625
653,65.3,755.4561027460262,3236.1125846565938,13.131207655051124,12,12,1.0,0.01683703436284365,12,1.0,0.0,0.225830078125,0.294189453125
654,65.4,756.7293166525167,3240.2945283642657,13.134008333334098,0,0,0.0,0.017319266546950166,0,0.0,0.0,0.225830078125,0.294189453125
655,65.5,758.0027049579982,3244.4743811000835,13.136803572650454,0,0,0.0,0.015169073195458174,0,0.0,0.0,0.225830078125,0.294189453125
656,65.60000000000001,759.2762700983352,3248.652143909533,13.139593390333173,8,8,1.0,0.01563573553058086,8,1.0,0.0,0.227783203125,0.296142578125
657,65.7,760.5500092825519,3252.8278178375786,13.14237780359831,0,0,0.0,0.016108304643818867,0,0.0,0.0,0.227783203125,0.296142578125
658,65.8,761.8239145757268,3257.00140392866,13.145156829541008,0,0,0.0,0.013950386752412993,0,0.0,0.0,0.227783203125,0.296142578125
659,65.9,763.0979730742781,3261.1729032266953,13.147930485131594,0,0,0.0,0.014411302025966698,0,0.0,0.0,0.229736328125,0.296142578125
660,66.0,764.372167168952,3265.3423167750825,13.150698787211757,0,0,0.0,0.014878458172783209,0,0.0,0.0,0.229736328125,0.296142578125
661,66.10000000000001,765.6464748889557,3269.509645616695,13.153461752490857,0,0,0.0,0.0153516202921755,0,0.0,0.0,0.229736328125,0.296142578125
662,66.2,766.9208703189818,3273.6748907938863,13.156219397542422,24,24,1.0,0.01583055578990315,24,1.0,0.0,0.229736328125,0.302001953125
663,66.3,768.1953240794414,3277.8380533484897,13.158971738800854,0,0,0.0,0.016315004546436192,0,0.0,0.0,0.229736328125,0.302001953125
664,66.4,769.4698038590625,3281.9991343218153,13.161718792558396,0,0,0.0,0.01680472421257183,0,0.0,0.0,0.229736328125,0.302001953125
665,66.5,770.744274988177,3286.1581347546544,13.164460574962423,0,0,0.0,0.01729946280794748,0,0.0,0.0,0.229736328125,0.302001953125
666,66.60000000000001,772.0187010404941,3290.3150556872765,13.167197102013088,8,8,1.0,0.01521102799632568,8,1.0,0.0,0.229736328125,0.303955078125
667,66.7,773.2930444509741,3294.469898159433,13.169928389561385,0,0,0.0,0.01569137564073414,0,0.0,0.0,0.231689453125,0.303955078125
668,66.8,774.5672671375411,3298.622663210353,13.172654453307667,0,0,0.0,0.016177230525118918,0,0.0,0.0,0.231689453125,0.303955078125
669,66.9,775.8413311148026,3302.773351878748,13.175375308800678,0,0,0.0,0.01666829709641035,0,0.0,0.0,0.231689453125,0.303955078125
670,67.0,777.1151990886335,3306.9219652028087,13.178090971437122,0,0,0.0,0.017164277849697797,0,0.0,0.0,0.231689453125,0.303955078125
671,67.10000000000001,778.3888350214148,3311.0685042202076,13.180801456461829,0,0,0.0,0.017664874785235842,0,0.0,0.0,0.231689453125,0.303955078125
672,67.2,779.6622046588247,3315.2129699680972,13.18350677896854,0,0,0.0,0.018169790840005143,0,0.0,0.0,0.231689453125,0.303955078125
673,67.3,780.9352760103445,3319.3553634831137,13.186206953901335,8,8,1.0,0.016121667211894893,8,1.0,0.0,0.231689453125,0.305908203125
674,67.4,782.2080197769926,3323.495685801372,13.188901996056728,0,0,0.0,0.016612355314688687,0,0.0,0.0,0.233642578125,0.305908203125
675,67.5,783.4804097212041,3327.6339379584715,13.191591920086456,8,8,1.0,0.017107472607320092,8,1.0,0.0,0.233642578125,0.307861328125
676,67.60000000000001,784.7524229751864,3331.7701209894917,13.194276740500946,0,0,0.0,0.01760672124652643,0,0.0,0.0,0.233642578125,0.307861328125
677,67.7,786.0240402854549,3335.904235928997,13.196956471673467,0,0,0.0,0.01810981401844905,0,0.0,0.0,0.233642578125,0.307861328125
678,67.8,787.295246192563,3340.0362838110323,13.19963112784495,0,0,0.0,0.018616467047006906,0,0.0,0.0,0.233642578125,0.307861328125
679,67.9,788.5660291462495,3344.166265669127,13.202300723129486,0,0,0.0,0.01658776956181862,0,0.0,0.0,0.233642578125,0.307861328125
680,68.0,789.8363815573226,3348.2941825362923,13.20496527152041,0,0,0.0,0.017079761934777258,0,0.0,0.0,0.235595703125,0.307861328125
681,68.10000000000001,791.106299788551,3352.420035445024,13.207624786897004,0,0,0.0,0.017575569277932617,0,0.0,0.0,0.235595703125,0.307861328125
682,68.2,792.3757840876563,3356.5438254273013,13.210279283031719,0,0,0.0,0.018074899817596215,0,0.0,0.0,0.235595703125,0.307861328125
683,68.3,793.6448384661624,3360.6655535145883,13.212928773597895,0,0,0.0,0.018577468426251437,0,0.0,0.0,0.235595703125,0.307861328125
684,68.4,794.9134705283968,3364.785220737831,13.215573272177899,0,0,0.0,0.0165849385023464,0,0.0,0.0,0.235595703125,0.307861328125
685,68.5,796.1816912553245,3368.902828127462,13.218212792271615,0,0,0.0,0.0170713287336028,0,0.0,0.0,0.237548828125,0.307861328125
686,68.60000000000001,797.4495147481832,3373.018376713398,13.220847347305217,0,0,0.0,0.017561282978615613,0,0.0,0.0,0.237548828125,0.307861328125
687,68.7,798.7169579370491,3377.1318675250413,13.22347695064015,0,0,0.0,0.018054513460053063,0,0.0,0.0,0.237548828125,0.307861328125
688,68.8,799.9840402595537,3381.2433015912793,13.226101615582216,8,8,1.0,0.018550742860549578,8,1.0,0.0,0.237548828125,0.309814453125
689,68.9,801.2507833149864,3385.3526799404835,13.228721355390695,0,0,0.0,0.019049695294648148,0,0.0,0.0,0.237548828125,0.309814453125
690,69.0,802.5172104989706,3389.460003600513,13.231336183287407,0,0,0.0,0.0195511122610167,0,0.0,0.0,0.237548828125,0.309814453125
691,69.10000000000001,803.7833466238365,3393.565273598713,13.233946112465624,0,0,0.0,0.020054744136517675,0,0.0,0.0,0.237548828125,0.309814453125
692,69.2,805.0492175297064,3397.6684909619134,13.236551156098743,8,8,1.0,0.020560355945599584,8,1.0,0.0,0.237548828125,0.311767578125
693,69.3,806.3148496912067,3401.769656716432,13.239151327348633,0,0,0.0,0.01858706930619842,0,0.0,0.0,0.237548828125,0.311767578125
694,69.4,807.5802698245941,3405.8687718880747,13.241746639373577,0,0,0.0,0.019076097809233306,0,0.0,0.0,0.239501953125,0.311767578125
695,69.5,808.8455044999764,3409.9658375021304,13.24433710533571,12,12,1.0,0.019567419730026837,12,1.0,0.0,0.239501953125,0.314697265625
696,69.60000000000001,810.1105797631835,3414.0608545833793,13.246922738407902,0,0,0.0,0.020060824939031597,0,0.0,0.0,0.239501953125,0.314697265625
697,69.7,811.3755207717231,3418.1538241560875,13.249503551779995,8,8,1.0,0.02055612735990455,8,1.0,0.0,0.239501953125,0.316650390625
698,69.8,812.6403514491176,3422.2447472440094,13.25207955866434,0,0,0.0,0.021053143327022458,0,0.0,0.0,0.239501953125,0.316650390625
699,69.9,813.9050941617652,3426.3336248703877,13.254650772300586,0,0,0.0,0.021551708357554607,0,0.0,0.0,0.239501953125,0.316650390625
700,70.0,815.1697694222846,3430.4204580579526,13.257217205959652,0,0,0.0,0.0220516687749265,0,0.0,0.0,0.239501953125,0.316650390625
701,70.10000000000001,816.4343956230725,3434.5052478289235,13.259778872946873,0,0,0.0,0.020132852034096368,0,0.0,0.0,0.239501953125,0.316650390625
702,70.2,817.6989888035309,3438.587995205009,13.262335786604266,0,0,0.0,0.020614064421319425,0,0.0,0.0,0.241455078125,0.316650390625
703,70.3,818.9635624540863,3442.6687012074062,13.26488796031192,0,0,0.0,0.02109735988369087,0,0.0,0.0,0.241455078125,0.316650390625
704,70.4,820.2281273597247,3446.747366856802,13.26743540748848,8,8,1.0,0.02158260013868258,8,1.0,0.0,0.241455078125,0.318603515625
705,70.5,821.492691485294,3450.823993173374,13.26997814159074,0,0,0.0,0.022069648324360744,0,0.0,0.0,0.241455078125,0.318603515625
706,70.60000000000001,822.7572599042962,3454.898581176787,13.272516176112362,8,8,1.0,0.02255838622026671,8,1.0,0.0,0.241455078125,0.320556640625
707,70.7,824.021834772286,3458.9711318861987,13.275049524581727,0,0,0.0,0.02184917163877197,0,0.0,0.0,0.241455078125,0.320556640625
708,70.8,825.2864153453363,3463.041646320256,13.277578200558956,0,0,0.0,0.019947197373004242,0,0.0,0.0,0.242431640625,0.320556640625
709,70.9,826.5509980433283,3467.1101254970963,13.280102217632148,0,0,0.0,0.02041047679781931,0,0.0,0.0,0.244384765625,0.320556640625
710,71.0,827.8155765570805,3471.176570434347,13.28262158941287,0,0,0.0,0.016080123314973868,0,0.0,0.0,0.244384765625,0.320556640625
711,71.10000000000001,829.0801419975845,3475.24098214913,13.285136329530964,0,0,0.0,0.016511089693661524,0,0.0,0.0,0.248291015625,0.320556640625
712,71.2,830.3446830848566,3479.303361658056,13.28764645162873,0,0,0.0,0.0169461750813006,0,0.0,0.0,0.248291015625,0.320556640625
713,71.3,831.6091863731893,3483.363709977227,13.290151969354554,0,0,0.0,0.017385217920637873,0,0.0,0.0,0.248291015625,0.320556640625
714,71.4,832.8736365088926,3487.422028122238,13.292652896356056,0,0,0.0,0.017828055956430642,0,0.0,0.0,0.248291015625,0.320556640625
715,71.5,834.1380165159876,3491.478317108177,13.295149246272835,8,8,1.0,0.01827452921323507,8,1.0,0.0,0.248291015625,0.322509765625
716,71.60000000000001,835.4023081047648,3495.5325779496225,13.297641032728887,0,0,0.0,0.013988372818641452,0,0.0,0.0,0.248291015625,0.322509765625
717,71.7,836.6664919976567,3499.5848116606476,13.300128269324787,0,0,0.0,0.014404523149506356,0,0.0,0.0,0.252197265625,0.322509765625
718,71.8,837.9305482665309,3503.635019254818,13.302610969629727,0,0,0.0,0.014825439181305815,0,0.0,0.0,0.252197265625,0.322509765625
719,71.9,839.1944566752668,3507.6832017451907,13.30508914717346,0,0,0.0,0.015250926945893497,0,0.0,0.0,0.252197265625,0.322509765625
720,72.0,840.4581970213831,3511.729360144318,13.30756281543827,0,0,0.0,0.015680790292769458,0,0.0,0.0,0.252197265625,0.322509765625
721,72.10000000000001,841.7217494704848,3515.7734954642456,13.310031987851051,4,4,1.0,0.01611483291563202,4,1.0,0.0,0.252197265625,0.323486328125
722,72.2,842.9850948774633,3519.815608716513,13.312496677775533,8,8,1.0,0.016552857042518975,8,1.0,0.0,0.252197265625,0.325439453125
723,72.3,844.2482150886385,3523.855700912155,13.314956898504777,8,8,1.0,0.014661087803555536,8,1.0,0.0,0.252197265625,0.327392578125
724,72.4,845.511093219437,3527.893773061699,13.31741266325399,0,0,0.0,0.015087567351259084,0,0.0,0.0,0.254150390625,0.327392578125
725,72.5,846.7737139026895,3531.9298261751683,13.31986398515372,0,0,0.0,0.015518383352921149,0,0.0,0.0,0.254150390625,0.327392578125
726,72.60000000000001,848.0360635032378,3535.9638612620806,13.322310877243515,0,0,0.0,0.015953307932377533,0,0.0,0.0,0.254150390625,0.327392578125
727,72.7,849.2981302952239,3539.9958793314495,13.324753352466072,0,0,0.0,0.014066991516002842,0,0.0,0.0,0.254150390625,0.327392578125
728,72.8,850.5599045991921,3544.0258813917835,13.327191423661956,0,0,0.0,0.014491499129742808,0,0.0,0.0,0.256103515625,0.327392578125
729,72.9,851.8213788769435,3548.053868451088,13.329625103564899,8,8,1.0,0.014920173964525283,8,1.0,0.0,0.256103515625,0.329345703125
730,73.0,853.0825477829353,3552.0798415168624,13.332054404797741,8,8,1.0,0.015352786626165342,8,1.0,0.0,0.256103515625,0.331298828125
731,73.10000000000001,854.3434081718854,3556.103801596104,13.334479339869036,0,0,0.0,0.015789110435005246,0,0.0,0.0,0.256103515625,0.331298828125
732,73.2,855.6039590631156,3560.125749695306,13.336899921170309,8,8,1.0,0.01622893033511593,8,1.0,0.0,0.256103515625,0.333251953125
733,73.3,856.8642015630262,3564.145686820458,13.33931616097404,0,0,0.0,0.016672027389814624,0,0.0,0.0,0.256103515625,0.333251953125
734,73.4,858.124138747921,3568.163613977048,13.341728071432312,0,0,0.0,0.01711819539397861,0,0.0,0.0,0.256103515625,0.333251953125
735,73.5,859.3837755101729,3572.1795321700592,13.344135664576184,0,0,0.0,0.017567232893530314,0,0.0,0.0,0.256103515625,0.333251953125
736,73.60000000000001,860.6431183714407,3576.193442403974,13.346538952315715,0,0,0.0,0.018018945945314658,0,0.0,0.0,0.256103515625,0.333251953125
737,73.7,861.9021752672704,3580.2053456827725,13.348937946440696,0,0,0.0,0.01847314867980357,0,0.0,0.0,0.256103515625,0.333251953125
738,73.8,863.1609553079502,3584.215243009931,13.351332658621994,0,0,0.0,0.01892966376768273,0,0.0,0.0,0.256103515625,0.333251953125
739,73.9,864.4194685209254,3588.2231353884263,13.353723100413546,0,0,0.0,0.019388322788668054,0,0.0,0.0,0.256103515625,0.333251953125
740,74.0,865.6777255803852,3592.229023820732,13.35610928325492,8,8,1.0,0.019848968767146646,8,1.0,0.0,0.256103515625,0.335205078125
741,74.10000000000001,866.9357375298282,3596.2329093088215,13.358491218474434,0,0,0.0,0.020311447609089327,0,0.0,0.0,0.256103515625,0.335205078125
742,74.2,868.1935155034755,3600.234792854167,13.360868917292779,0,0,0.0,0.01851147643834581,0,0.0,0.0,0.256103515625,0.335205078125
743,74.3,869.451070452334,3604.23467545774,13.363242390827093,0,0,0.0,0.016709426893978408,0,0.0,0.0,0.258056640625,0.335205078125
744,74.4,870.7084128805177,3608.232558120011,13.365611650095467,8,8,1.0,0.017142919502277237,8,1.0,0.0,0.260009765625,0.337158203125
745,74.5,871.9655525971184,3612.228441840951,13.367976706021784,0,0,0.0,0.015331586224197035,0,0.0,0.0,0.260009765625,0.337158203125
746,74.60000000000001,873.2224984884891,3616.2223276200307,13.370337569440869,0,0,0.0,0.015753460859440637,0,0.0,0.0,0.261962890625,0.337158203125
747,74.7,874.4792583152677,3620.214216456221,13.372694251103894,0,0,0.0,0.016178728163270834,0,0.0,0.0,0.261962890625,0.337158203125
748,74.8,875.7358385378507,3624.2041093479925,13.375046761683967,8,8,1.0,0.01660722050967052,8,1.0,0.0,0.261962890625,0.339111328125
749,74.9,876.9922441733345,3628.1920072933185,13.377395111781851,0,0,0.0,0.01703876672091002,0,0.0,0.0,0.261962890625,0.339111328125
750,75.0,878.2484786861993,3632.177911289672,13.379739311931779,0,0,0.0,0.016370545756037254,0,0.0,0.0,0.261962890625,0.339111328125
751,75.10000000000001,879.5045439142341,3636.161822334027,13.382079372607269,0,0,0.0,0.01679855035885324,0,0.0,0.0,0.262939453125,0.339111328125
752,75.2,880.7604400304175,3640.1437414228603,13.384415304226929,0,0,0.0,0.01722956548512824,0,0.0,0.0,0.262939453125,0.339111328125
753,75.3,882.0161655406894,3644.123669552149,13.386747117160178,0,0,0.0,0.017663422722877638,0,0.0,0.0,0.262939453125,0.339111328125
754,75.4,883.2717173168065,3648.1016077173726,13.389074821732834,0,0,0.0,0.015901015734541713,0,0.0,0.0,0.262939453125,0.339111328125
755,75.5,884.5270906627657,3652.077556913514,13.391398428232522,24,24,1.0,0.016322342259105768,24,1.0,0.0,0.264892578125,0.344970703125
756,75.60000000000001,885.7822794126536,3656.0515181350574,13.393717946913888,0,0,0.0,0.01674686745487184,0,0.0,0.0,0.264892578125,0.344970703125
757,75.7,887.03727605721,3660.02349237599,13.396033388003536,8,8,1.0,0.017174414954436,8,1.0,0.0,0.264892578125,0.346923828125
758,75.8,888.2920718959283,3663.9934806298015,13.398344761704696,0,0,0.0,0.017604798862238532,0,0.0,0.0,0.264892578125,0.346923828125
759,75.9,889.5466572111303,3667.9614838894868,13.400652078201553,0,0,0.0,0.01803784244636243,0,0.0,0.0,0.264892578125,0.346923828125
760,76.0,890.801021460177,3671.9275031475418,13.40295534766326,0,0,0.0,0.018473370828640676,0,0.0,0.0,0.264892578125,0.346923828125
761,76.10000000000001,892.0551534817871,3675.8915393959687,13.405254580247563,0,0,0.0,0.016723509129123258,0,0.0,0.0,0.264892578125,0.346923828125
762,76.2,893.3090417123539,3679.8535936262706,13.407549786104058,0,0,0.0,0.017147158429938622,0,0.0,0.0,0.266845703125,0.346923828125
763,76.3,894.5626744081434,3683.813666829457,13.409840975377055,0,0,0.0,0.017573507187527645,0,0.0,0.0,0.266845703125,0.346923828125
764,76.4,895.8160398693517,3687.771759996042,13.41212815820804,0,0,0.0,0.018002385160895258,0,0.0,0.0,0.266845703125,0.346923828125
765,76.5,897.069126662142,3691.7278741160444,13.414411344737731,0,0,0.0,0.016272419948716043,0,0.0,0.0,0.266845703125,0.346923828125
766,76.60000000000001,898.3219238350116,3695.6820101789863,13.416690545107745,0,0,0.0,0.01668898607784037,0,0.0,0.0,0.268798828125,0.346923828125
767,76.7,899.5744211260965,3699.6341691738967,13.418965769461852,0,0,0.0,0.017108395442506447,0,0.0,0.0,0.268798828125,0.346923828125
768,76.80000000000001,900.8266091583364,3703.58435208931,13.42123702794686,0,0,0.0,0.017530465658146952,0,0.0,0.0,0.268798828125,0.346923828125
769,76.9,902.0784796197481,3707.5325599132657,13.423504330713106,0,0,0.0,0.017955017809070998,0,0.0,0.0,0.268798828125,0.346923828125
770,77.0,903.330025426407,3711.478793633308,13.425767687914604,0,0,0.0,0.01838187701632952,0,0.0,0.0,0.268798828125,0.346923828125
771,77.10000000000001,904.5812408660959,3715.423054236492,13.42802710970884,0,0,0.0,0.018810872972426194,0,0.0,0.0,0.268798828125,0.346923828125
772,77.2,905.8321217209291,3719.365342709374,13.430282606256252,8,8,1.0,0.01924184288201372,8,1.0,0.0,0.268798828125,0.348876953125
773,77.30000000000001,907.0826653676093,3723.3056600380187,13.432534187719419,0,0,0.0,0.019674622561668294,0,0.0,0.0,0.268798828125,0.348876953125
774,77.4,908.3328708543054,3727.244007208,13.434781864261959,8,8,1.0,0.017978478614554236,8,1.0,0.0,0.268798828125,0.350830078125
775,77.5,909.5827389534545,3731.180385204396,13.437025646047195,0,0,0.0,0.01839864565332561,0,0.0,0.0,0.270751953125,0.350830078125
776,77.60000000000001,910.8322721900909,3735.114795011794,13.439265543236596,0,0,0.0,0.018820899610385248,0,0.0,0.0,0.270751953125,0.350830078125
777,77.7,912.0814748455714,3739.047237614288,13.441501565988032,0,0,0.0,0.019245079182162072,0,0.0,0.0,0.270751953125,0.350830078125
778,77.80000000000001,913.3303529368345,3742.9777139954804,13.443733724453843,0,0,0.0,0.019671028644572885,0,0.0,0.0,0.270751953125,0.350830078125
779,77.9,914.5789141715518,3746.906225138483,13.445962028778794,0,0,0.0,0.020098598355478517,0,0.0,0.0,0.270751953125,0.350830078125
780,78.0,915.8271678797661,3750.832772025914,13.448186489097909,0,0,0.0,0.02052764521461894,0,0.0,0.0,0.270751953125,0.350830078125
781,78.10000000000001,917.0751249228035,3754.757355639901,13.450407115534215,0,0,0.0,0.019891370777935034,0,0.0,0.0,0.270751953125,0.350830078125
782,78.2,918.3227975804439,3758.679976962081,13.452623918196446,0,0,0.0,0.02031561152320296,0,0.0,0.0,0.271728515625,0.350830078125
783,78.30000000000001,919.5701994175218,3762.6006369735996,13.454836907176686,0,0,0.0,0.0165248648808237,0,0.0,0.0,0.271728515625,0.350830078125
784,78.4,920.8173451313008,3766.519336655113,13.457046092548024,0,0,0.0,0.01692108202486986,0,0.0,0.0,0.275634765625,0.350830078125
785,78.5,922.0642503811428,3770.4360769867853,13.459251484362209,8,8,1.0,0.015204978387818943,8,1.0,0.0,0.275634765625,0.352783203125
786,78.60000000000001,923.3109316021596,3774.3508589482926,13.461453092647327,0,0,0.0,0.015591287797421149,0,0.0,0.0,0.277587890625,0.352783203125
787,78.7,924.5574058047068,3778.2636835188177,13.463650927405542,0,0,0.0,0.015980406410036636,0,0.0,0.0,0.277587890625,0.352783203125
788,78.80000000000001,925.8036903617406,3782.174551677059,13.465844998610883,0,0,0.0,0.01637218771073214,0,0.0,0.0,0.277587890625,0.352783203125
789,78.9,927.0498027862302,3786.08346440122,13.468035316207125,0,0,0.0,0.014672838895132642,0,0.0,0.0,0.277587890625,0.352783203125
790,79.0,928.2957605009758,3789.9904226690187,13.47022189010573,0,0,0.0,0.015054708159286934,0,0.0,0.0,0.279541015625,0.352783203125
791,79.10000000000001,929.5415806033373,3793.895427457685,13.472404730183923,0,0,0.0,0.01543938157318034,0,0.0,0.0,0.279541015625,0.352783203125
792,79.2,930.7872796275315,3797.7984797439567,13.474583846282847,8,8,1.0,0.01582672786761442,8,1.0,0.0,0.279541015625,0.354736328125
793,79.30000000000001,932.0328733072841,3801.699580504084,13.476759248205843,4,4,1.0,0.01621661555728631,4,1.0,0.0,0.279541015625,0.355712890625
794,79.4,933.2783763417472,3805.5987307138316,13.47893094571684,4,4,1.0,0.016608922424392346,4,1.0,0.0,0.279541015625,0.356689453125
795,79.5,934.5238021676794,3809.495931348475,13.481098948538872,8,8,1.0,0.017003532285377074,8,1.0,0.0,0.279541015625,0.358642578125
796,79.60000000000001,935.7691627409635,3813.3911833828006,13.483263266352713,16,16,1.0,0.017400334470235843,16,1.0,0.0,0.279541015625,0.362548828125
797,79.7,937.0144683305562,3817.2844877911093,13.485423908795642,0,0,0.0,0.01779921755311888,0,0.0,0.0,0.279541015625,0.362548828125
798,79.80000000000001,938.2597273279692,3821.1758455472136,13.487580885460305,0,0,0.0,0.018200085668613007,0,0.0,0.0,0.279541015625,0.362548828125
799,79.9,939.5049460753172,3825.06525762444,13.489734205893726,0,0,0.0,0.018602845416740097,0,0.0,0.0,0.279541015625,0.362548828125
