x_mean,x_rms,order_parameter,residue_mean,mismatch_mean
-0.009763459981777058,0.49085534866202174,0.03441049717751197,1.0236775083191202e-05,0.0010243866229732003
-0.009570349650717878,0.4914648376676423,0.034616317711487404,4.0921450014632915e-05,0.0020488827739287554
-0.009374942481682037,0.4921583103615534,0.0348235216074452,9.20153640462152e-05,0.0030734896617511027
-0.009177285371452166,0.4929347481301235,0.03503921996040336,0.00016347996131061896,0.004098206732784818
-0.008977425756785954,0.49379301617379406,0.03524820527633013,0.0002552767169518266,0.005123032977375455
-0.008775411603031455,0.4947318670197619,0.03545940672611124,0.0003673672161022191,0.00614797021030768
-0.008571291392615973,0.49574994432636793,0.035674073028216784,0.0004997131049981102,0.007173016583640543
-0.008365114113410146,0.4968457869521442,0.03589355278882432,0.0006522761210818514,0.008198174960434007
-0.008156929246971307,0.498017833261347,0.0361147908763729,0.0008250181517664879,0.009223450161844749
-0.007946786756667998,0.49926442563701146,0.05142346054533519,0.0010179262471054652,0.010253815890694793
-0.007734737075689288,0.5005838151721188,0.05175751838268873,0.0012311359120108184,0.011291757263203658
-0.007520831094940653,0.5019741665093559,0.05209526194187545,0.0014646593900466828,0.012329869916141942
-0.007305120150830721,0.5034335628001507,0.05243466512587261,0.0017184595619320244,0.013368160831628546
-0.007087656012950597,0.5049600107541709,0.05280022999690161,0.0019924994004760993,0.014406619016837265
-0.006868490871649515,0.5065514457512469,0.05317260594641787,0.002286741787411648,0.015445245253651992
-0.006647677325509359,0.5082057369886878,0.05352456780565594,0.00260114973251579,0.016484041317236072
-0.006425268368721284,0.5099206926382034,0.05388290339880059,0.002935686385507356,0.017523012479315585
-0.006201317378367213,0.5116940649880518,0.0542705643803467,0.003290315046021371,0.0185621573657866
-0.0059758781016099214,0.5135235555475876,0.05466313457579525,0.0036649989564434145,0.01960146954082861
-0.005749004642793668,0.515406820093089,0.055057225205522746,0.004059701459312932,0.020640956064215687
-0.005520751450459487,0.5173414736354903,0.05545411627852636,0.004474386058289503,0.021680621333049856
-0.005291173304277931,0.5193250952924897,0.055824186354244215,0.004909016449057427,0.02272046701573208
-0.0050603253019020225,0.521355233049354,0.056090185740113416,0.005363556305694748,0.02376047666386496
-0.004828262845744248,0.5234294083946018,0.05635773931436718,0.005837968809538943,0.02480062917721253
-0.004595041629680113,0.5255451208185916,0.05676135275375857,0.0063322171316483634,0.02584092985680779
-0.004360717625682007,0.5276998521648417,0.07215748261326728,0.006846288686879889,0.026886133596812918
-0.0041253470703860404,0.5298910708256535,0.07266964171967821,0.007380312290728691,0.027938600633988626
-0.0038889864515956937,0.5321162357752672,0.07316489798154972,0.007934299250917308,0.02899127113077756
-0.0036516924947248676,0.5343728004353795,0.0736884467547601,0.0085082137560495,0.030044142849852556
-0.0034135221491842205,0.5366582163693209,0.07421048808762273,0.009102019990548481,0.031097218406178385
-0.00317453257471335,0.538969936802582,0.07474702091367552,0.009715682169730405,0.03215048466295794
-0.0029347811276629527,0.5413054199686443,0.07527753662125415,0.010349164583544604,0.033203957364044606
-0.0026943253472294874,0.5436621322802425,0.09041829556775323,0.01100245453859678,0.03426216951730746
-0.0024532229416460057,0.5460375513272188,0.09100824842102684,0.011675674715045792,0.03532738368701908
-0.0022115317743325352,0.5484291687030798,0.10598993062217318,0.012368857381885446,0.03639724507515141
-0.0019693098500090257,0.5508344926631775,0.10666769577260403,0.0130821209837277,0.03747393775377134
-0.0017266153007746412,0.5532510506181805,0.10735009320710712,0.013815474554238826,0.03855090538520788
-0.0014835063721561977,0.5556763914670861,0.10803877452771322,0.014568883365956848,0.0396281368687434
-0.001240041409129589,0.5581080877745754,0.1087326451689652,0.01534231263856656,0.040705635039064
-0.0009962788421172832,0.5605437377979291,0.1094338918552375,0.01613572760713974,0.04178340152917274
-0.0007522771729652358,0.5629809673690568,0.11016767092842662,0.016949093877566955,0.0428614211938617
-0.0005080949609028207,0.5654174316374904,0.1108794247880999,0.017782376009677248,0.043939670848586194
-0.0002637908084887673,0.5678508166803521,0.11159585532405905,0.01863553961367534,0.04501821153404524
-1.9423347546990987e-05,0.5702788409854606,0.11218360320376192,0.01950855023085998,0.04609696643009755
0.0002249487749049312,0.5726992568138012,0.11294156417611476,0.020401371692273376,0.04717589478048391
0.00046926691073061953,0.5751098514476143,0.11370776863778381,0.02131396835248283,0.04825502778006839
0.0007134724247502517,0.5775084483303122,0.12828111445955012,0.02224632590497932,0.049338555537392914
0.0009575067088127242,0.5798929081043961,0.12909375800173423,0.02319855492267984,0.05042856236296446
0.0012013111958612396,0.582261129553409,0.14364046899732089,0.02417068197119864,0.05152273714473541
0.0014448273739892047,0.5846110504538641,0.14451662500308116,0.025162808553188455,0.052622997140033774
0.0016879968004828406,0.58694064834292,0.14542236503593753,0.026174938495897884,0.053723494794396955
0.0019307611158470106,0.5892479412073766,0.16007219272018822,0.027207055601499445,0.05482803450758746
0.0021730620578113637,0.5915309880994262,0.16104116946732427,0.028259257244182625,0.05593847466158257
0.0024148414753128998,0.5937878896843342,0.16200239931914162,0.02933154492551528,0.05704910332666711
0.002656041342452039,0.5960167887250514,0.1629946872047672,0.03042388283372481,0.05815994036521024
0.0028966037724184207,0.5982158705085188,0.16396992101529556,0.03153623435563255,0.05927095390176834
0.0031364710313836488,0.6003833632182164,0.16498062581705647,0.03266856352361401,0.06038215965705021
0.0033755855523569583,0.6025175382572702,0.165972766235199,0.03382083407941114,0.06149357984856786
0.0036138899490011163,0.6046167105262125,0.16697068707866194,0.03499301138556023,0.06260528010019603
0.0038513270294048426,0.6066792386592808,0.168002770656607,0.03618506100852781,0.06371719649991091
0.0040878398098085494,0.6087035252228915,0.18197037062635493,0.037396964612407685,0.06483289953428759
0.004323371528280279,0.6106880168797455,0.18304217116557267,0.038628812460166674,0.06595417551010287
0.004557865658338204,0.6126312045217921,0.19663699126454293,0.03988062129252457,0.06707912097902348
0.004791265922516723,0.614531623375081,0.19776004538162514,0.04115247680586954,0.06820945552823793
0.005023516305872768,0.6163878530793343,0.21118435751217154,0.04244439362309564,0.06934330951656817
0.005254561069429203,0.6181985177448969,0.2123804014800792,0.043756452214255746,0.07048234328431759
0.005484344763551828,0.6199622859895269,0.2135847183671116,0.045088648231983254,0.07162148020347273
0.005712812241257084,0.6216778709573155,0.21479217082045984,0.04644094321196058,0.07276068338242768
0.005939908671446976,0.6233440303218944,0.21597971224042994,0.047813298143819065,0.07389994255175697
0.006165579552068388,0.6249595662758759,0.21720015983384464,0.04920567411950663,0.07503925178842184
0.006389770723193224,0.6265233255083937,0.2184298228302544,0.05061803140658607,0.07617854106473732
0.006612428380016564,0.6280341991724068,0.21966624634135262,0.052050329661575835,0.07731781912729076
0.006833499085769609,0.6294911228433493,0.22092763461984552,0.053502528664552566,0.07845706765161349
0.007052929784544098,0.6308930764705655,0.22220040206344793,0.054974588133634726,0.07959628124398617
0.007270667814025688,0.6322390843228349,0.22348236489078863,0.05646646686914207,0.0807353680539457
0.007486660918132485,0.633528214929237,0.22478096387507793,0.05797812211080091,0.08187432084046044
0.007700857259556283,0.6347595810164378,0.22608607339779577,0.05950951327541288,0.08301326256658541
0.007913205432203361,0.6359323394434432,0.22739848574141933,0.061060600070624936,0.08415211641973461
0.008123654473531569,0.6370456911347451,0.22869082194365464,0.06263134165730103,0.08529098207590657
0.008332153876781172,0.6380988810126944,0.2300185872544812,0.06422170050528278,0.0864299017913774
0.008538653603096254,0.6390911979299141,0.2313056232346173,0.06583163635086686,0.08756871698248705
0.008743104093533708,0.6400219746024098,0.23264156250835508,0.06746110827212402,0.08870744197164994
0.008945456280957305,0.6408905875440501,0.23398836708019052,0.06911007439620827,0.0898459728686311
0.0091456616018133,0.6416964570029738,0.2353739519413421,0.07077849201395163,0.09098432699743313
0.00934367200778576,0.6424390469004538,0.23674120130655124,0.07246631831146752,0.092122473062556
0.009539439977327728,0.6431178647726757,0.2381474322328729,0.07417351152549236,0.0932606131777167
0.009732918527066266,0.6437324617158465,0.2395227586446069,0.07590003593421422,0.09439886746042948
0.009924061223078125,0.6442824323350241,0.24094651067839634,0.07764585094388632,0.09553691657823675
0.010112822192033818,0.644767414696962,0.242376898707939,0.07941091404448715,0.09667474633309962
0.010299156132206866,0.6451870902872914,0.24377232270773402,0.08119518163011268,0.09781231319975717
0.010483018324346094,0.6455411839722707,0.2452280960869796,0.08299861050705841,0.09894962825632048
0.010664364642407935,0.6458294639653276,0.24666435312074583,0.08482115751837262,0.10008681136299635
0.01084315156414655,0.6460517417985692,0.2481405486120214,0.08666278373870721,0.10122386492754987
0.011019336181558956,0.6462078722994259,0.2495401391700641,0.08852344494940587,0.10236055984468104
0.011192876211182682,0.6462977535725305,0.2509904964957419,0.09040309750853177,0.1034971139681225
0.011363730004243636,0.6463213269869426,0.2524402722044713,0.09230170378698535,0.1046337516310893
0.011531856556651635,0.6462785771687714,0.2538623498836919,0.09421922629788934,0.10577026318085841
0.011697215518841132,0.6461695319992435,0.25529031246934536,0.096155621591149,0.1069064255640726
0.011859767205454955,0.6459942626182049,0.26756581201486485,0.09811085686363512,0.1080445937229979
0.012019472604868596,0.6457528834330748,0.2690226937302058,0.10008496874025478,0.10918583736552388
0.012176293388552807,0.6454455521331672,0.27049826825296075,0.10207793361843459,0.1103266000759875
0.012330191920272297,0.6450724697093387,0.27208200472703753,0.10408970394181045,0.11146683673947434
0.01248113126511818,0.6446338804788428,0.2735848837880528,0.10612023059741756,0.11260645430258343
0.012629075198372237,0.6441300721152735,0.27497048543980135,0.10816946406922216,0.11374557982185807
0.012773988214200617,0.6435613756834281,0.27649717600164764,0.11023735924084443,0.11488424621251228
0.012915835534175147,0.6429281656789013,0.27808420496751296,0.11232386625100241,0.11602221142182065
0.013054583115619967,0.6422308600721903,0.27963553436072996,0.11442893394188941,0.11715944957725595
0.013190197659781527,0.6414699203570341,0.2810418700657018,0.11655251110035837,0.11829614547565846
0.013322646619820149,0.6406458516027006,0.28271245031550984,0.11869455333241571,0.11943241674808384
0.013451898208621289,0.6397592025098822,0.29391371454011794,0.1208550214175381,0.12056992999228586
0.013577921406424021,0.6388105654697993,0.2955968705544428,0.12303393062366032,0.12170950796730017
0.013700685968265808,0.6378005766261029,0.2972870155270092,0.12523124688838255,0.12284825569552908
0.01382016243124113,0.6367299159390759,0.30742782923748946,0.1274469260124503,0.12398798317761536
0.013936322121572347,0.6355993072516152,0.3091685735613628,0.12968097682501073,0.12512948028338788
0.0140491371614914,0.6344095183563834,0.31080390245815087,0.1319333612724802,0.12626999777756587
0.014158580475930205,0.6331613610634927,0.312569150396275,0.1342040231581643,0.12740951815147322
0.01426462579901871,0.6318556912679817,0.31423534973094847,0.1364929055704263,0.12854799457529817
0.014367247680388348,0.630493409016305,0.3237220557419351,0.13879995812326593,0.1296869075753019
0.014466421491280204,0.6290754585709374,0.32548396026515075,0.14112517906178543,0.13082743683757342
0.014562123430455738,0.6276028284721675,0.32729086182754097,0.14346853547036184,0.1319671322982314
0.014654330529908973,0.6260765515960038,0.32910992291870605,0.14582996836290243,0.1331055733109473
0.014743020660378574,0.6244977052070702,0.33081671684498043,0.1482094183042639,0.13424306630511437
0.014828172536659015,0.6228674110052228,0.3326531483740566,0.15060683495575503,0.13537980794360494
0.014909765722708695,0.6211868351645593,0.3342936507157579,0.15302216249201583,0.13651553948463757
0.014987780636554666,0.619457188363307,0.3360258726516356,0.1554553500289563,0.13765066908884693
0.015062198554992074,0.6176797258030404,0.3378889846904849,0.15790634857020444,0.13878493090578226
0.015133001618077704,0.6158557472154357,0.33979604003022085,0.16037509965131191,0.13991786165925935
0.01520017283341632,0.6139865968547451,0.3415531700417595,0.16286154092530078,0.14104962303267826
0.015263696080238632,0.6120736634739274,0.343396568989201,0.16536562034935495,0.14218076257011236
0.015323556113270314,0.610118380282273,0.3452931125174835,0.16788728959463303,0.14331099379155726
0.015379738566390848,0.6081222248821808,0.3534077470579681,0.17042649392603676,0.14444094199045768
0.015432229956081147,0.6060867191825465,0.3553675392233113,0.17298320896729105,0.14557103338055224
0.015481017684659626,0.6040134292860871,0.35734296808642374,0.17555737750471728,0.14669939432462314
0.015526090043305619,0.6019039653476946,0.35932305125209507,0.17814893091154735,0.1478260944973129
0.015567436214869465,0.5997599814007312,0.36132578521477027,0.18075780098807465,0.1489510962990688
0.015605046276468375,0.5975831751479804,0.3631626031935515,0.18338392023197095,0.15007467187756252
0.015638911201868187,0.5953752877137494,0.36508074603078483,0.18602723241244012,0.15119735828681732
0.015669022863649292,0.5931381033533997,0.3670306219795718,0.18868768490052482,0.1523189156398017
0.015695374035157427,0.5908734491163761,0.3690856348454903,0.1913652131264587,0.15343867322230412
0.015717958392237916,0.58858319445857,0.37115451179735415,0.19405974466124015,0.15455646647770938
0.015736770514753497,0.5862692507996331,0.3731064116824894,0.19677120627008682,0.15567221176559712
0.015751805887885044,0.5839335710206224,0.3752064506158294,0.19949952093762235,0.1567858221002974
0.01576306090321521,0.5815781488971665,0.37720735479964895,0.20224461484624306,0.15789747182698657
0.015770532859594316,0.5792050184630754,0.3791082537786533,0.20500641717800877,0.15900750745687095
0.015774219963788687,0.5768162532991579,0.38107999278782195,0.2077848678182181,0.16011637790656896
0.015774121330911047,0.5744139657417705,0.3831054523825082,0.21057991055865938,0.16122386793388588
0.015770236984632827,0.572000306005458,0.3851465657594394,0.21339147545178042,0.16232915072580176
0.015762567857178406,0.5695774612138635,0.3872035825060708,0.2162194803863902,0.16343178996162347
0.015751115789101655,0.5671476543329534,0.3893611479860975,0.21906383928863077,0.16453189036882
0.01573588352884385,0.5647131430004505,0.3915718485734383,0.22192447297988369,0.16562976033455262
0.01571687473207444,0.5622762182453199,0.3937914086115181,0.22480130352780614,0.16672531949466718
0.015694093960813348,0.559839203091057,0.3960186455308592,0.22769425220841255,0.1678185352841718
0.01566754668233632,0.5574044510365344,0.3982560237639177,0.23060323845405828,0.16890927111946402
0.015637239267862778,0.554974344408203,0.4002357990962336,0.2335281840740827,0.16999809906128385
0.015603178991026688,0.5525512925775053,0.4024456731840019,0.23646902498479128,0.1710851347087586
0.015565374026131031,0.5501377300375389,0.4046656294003921,0.23942568367901157,0.17216963731919058
0.015523833446185884,0.5477361143332046,0.40693196731213255,0.24239807839802407,0.1732516418343997
0.015478567220731005,0.5453489238393592,0.4092397967130282,0.24538612695427398,0.17433102673150652
0.015429586213443333,0.5429786553818761,0.4113048733959107,0.24838974677558806,0.17540821035559873
0.015376902179529377,0.5406278216969663,0.41671575873077593,0.25140887345644286,0.17648386971679572
0.015320527762904393,0.5382989487246509,0.4189296613642256,0.2544434365617109,0.17755693706918468
0.015260476493157855,0.5359945727329454,0.4211701403504673,0.257493342234689,0.1786265635277592
0.01519676278230615,0.533717237270037,0.4232693473399126,0.2605584939354015,0.17969343443117464
0.015129401921334088,0.5314694899426272,0.42553771758207853,0.26363881803957123,0.18075795006968098
0.015058410076524973,0.5292538790195461,0.42760513194937716,0.26673422443634187,0.18181964034786327
0.014983804285580762,0.5270729498608567,0.4298979255897527,0.2698446384426701,0.18287886014091045
0.01490560245353317,0.5249292411738345,0.43230609610619414,0.2729699650212678,0.18393461050399249
0.01482382334844648,0.5228252810985403,0.43472062135589806,0.27611010908465616,0.18498713473507708
0.014738486596913366,0.5207635831270764,0.43704264390832176,0.27926497519366933,0.18603618544079528
0.014649612679344568,0.5187466418621877,0.4393718771206203,0.282434458785704,0.1870813126271726
0.014557222925053754,0.5167769286224085,0.44148920506777567,0.28561845589964946,0.1881233224271885
0.014461339507138363,0.5148568869027136,0.44359295821906686,0.288816892951598,0.18916354121735057
0.014361985437158485,0.5129889277013427,0.4460569412540993,0.29202970179120064,0.1902013380962889
0.014259184559614013,0.5111754247253131,0.4485306271865076,0.29525679286775447,0.191235746259269
0.014152961546222064,0.5094187094889643,0.4508857947489079,0.298498068548276,0.19226647215166945
0.014043341889995968,0.507721066321766,0.45435944023017466,0.30175342154102497,0.19329324167357886
0.013930351899127042,0.506084727303438,0.45671222837370357,0.3050227467747637,0.19431605500401822
0.01381401869067071,0.5045118671462826,0.4593053755849082,0.3083059328470375,0.1953346669831657
0.013694370184038577,0.5030045980463517,0.4617297737110644,0.31160287049347696,0.19634904583177315
0.013571435094297944,0.5015649645267267,0.46409128935197885,0.314913440160921,0.19735866025149795
0.013445242925280156,0.5001949382977321,0.46663311460992163,0.3182375232851436,0.1983640328562663
0.013315823962500067,0.49889641316023003,0.4687822126018142,0.3215750173368691,0.19936620687018922
0.013183209265887534,0.4976711999793658,0.470908374512093,0.3249258441116028,0.200366175154267
0.013047430662333118,0.4965210217570265,0.47300823505494105,0.32828993367679293,0.20136397141866735
0.012908520738049977,0.49544750883201993,0.4755894456317207,0.33166721089556017,0.20235869095602338
0.012766512830753078,0.4944521942373762,0.47779615130497965,0.3350575780265253,0.2033500779743605
0.01262144102165856,0.4935365092442877,0.48000306180466873,0.3384609551432505,0.20433907389855807
0.012473340127304234,0.4927017791220066,0.4821927921625373,0.3418772687982457,0.20532570557374874
0.012322245691193777,0.4919492191424717,0.48474205607556675,0.3453064389399639,0.20630861424073618
0.012168193975266608,0.4912799308575476,0.4871576865455531,0.3487483410548377,0.20728616203410927
0.012011221951195087,0.49069489867552324,0.4895789461945935,0.35220284821350034,0.20825874184561952
0.01185136729151147,0.4901949867619262,0.4916315289900603,0.3556698335099094,0.20922598788981034
0.011688668360566755,0.48978093628781133,0.4940530611446825,0.3591491610203521,0.2101877275985997
0.011523164205323396,0.48945336304642584,0.4966396914799386,0.3626406991454616,0.21114396080121622
0.011354894545984212,0.4892127554566409,0.4990743387818704,0.36614430814047216,0.2120944742504098
0.011183899766459676,0.48905947296874414,0.5017519532088683,0.3696598562701145,0.2130399291230483
0.011010220904676073,0.48899374488516795,0.5044359511535415,0.37318722377743935,0.2139806711483765
0.010833899642726538,0.48901566960553355,0.5071325299695053,0.37672629084862935,0.2149165323890585
0.010654978296867632,0.4891252143020377,0.5098306937064881,0.38027693631685744,0.21584747519976788
0.010473499807363453,0.48932221502779655,0.5125293218347378,0.3838390387936356,0.21677350963145045
0.010289507728180347,0.48960637725725686,0.5138655515938383,0.38741247208849533,0.2176936335655256
0.010103046216534104,0.4899772768543724,0.5152911837009849,0.39099707691367347,0.21860640895703942
0.009914160022292503,0.49043436146080693,0.516991736283678,0.3945926794981467,0.2195113317129693
0.009722894477235457,0.49097695229317634,0.5196925891722514,0.39819910266787073,0.22040927514196157
0.00952929548417563,0.4916042463352099,0.522350723643521,0.4018162057727953,0.22130131181591706
0.009333409505942154,0.4923153189078211,0.5246547958217144,0.40544384258822497,0.22218791732145607
0.009135283554229412,0.4931091265973872,0.5273588213740859,0.4090819101676305,0.22307050861093838
0.008934965178314817,0.49398451052018544,0.5300976095977776,0.4127302894361795,0.22394773129276097
0.00873250245364701,0.49494019989883015,0.5328484610483678,0.41638885280918975,0.22481959596199189
0.00852794397030805,0.4959748159248131,0.5350361224304429,0.42005747610050165,0.2256869093227167
0.008321338821352026,0.4970868758798434,0.5377779387805869,0.4237360624341258,0.22655015470512777
0.008112736591022964,0.49827479748761455,0.5405186477155582,0.4274244913851415,0.2274078686218861
0.007902187342854772,0.4995369034669083,0.5432754678634232,0.431122631666418,0.22825992319354235
0.007689741607656352,0.5008714262565804,0.5455451829847997,0.43483035580915513,0.2291073245898482
0.007475450371384357,0.5022765128829225,0.5441869568672054,0.4385475594835278,0.2299493951131278
0.007259365062906899,0.5037502299401718,0.5469427414591715,0.4422740849455933,0.23078436387069232
0.007041537541660716,0.5052905686554845,0.5496962917100467,0.4460097895263349,0.23161353317206876
0.0068220200852052775,0.5068954500105449,0.5524150376679042,0.4497545344054569,0.23243593690382652
0.006600865376676503,0.5085627298930067,0.5551170617521157,0.45350815148556856,0.23325110212353864
0.006378126492142719,0.5102902042522829,0.5572428278599384,0.4572705033791431,0.23406150838164835
0.006153856887867147,0.5120756142355959,0.5599800159906871,0.46104148617230006,0.2348665064968258
0.005928110387478196,0.5139166512818352,0.5626681416369127,0.464820939541483,0.23566412459262373
0.0057009411690523756,0.5158109621524519,0.5654146438175454,0.46860871396048137,0.2364548124386521
0.005472403752111627,0.5177561538804094,0.5681569581050123,0.47240463874747146,0.2372380003021041
0.005242552984539009,0.5197497986200357,0.5709124664162911,0.47620856014142054,0.2380139897352975
0.005011444029415405,0.5217894383825126,0.5731345954282081,0.4800203105962117,0.23878345338994694
0.004779132351780693,0.5238725896435544,0.575396947407886,0.48383978253565,0.23954927887571079
0.004545673705322343,0.5259967478117027,0.5781347880396686,0.48766688294424254,0.24031041961055175
0.004311124118994863,0.5281593915474293,0.5808388849299547,0.49150148162092117,0.24106529808140334
0.0040755398835731,0.5303579869249725,0.5835635334028182,0.49534343927950053,0.24181398875471155
0.00383897753814269,0.5325899914304949,0.58628108719735,0.49919261757656075,0.24255644097145307
0.0036014938565310114,0.5348528577916937,0.5889894456249979,0.503048876160736,0.24329255612903844
0.0033631458336816507,0.5371440376354745,0.5917139852250592,0.5069120732849687,0.24402222318362335
0.003123990671976032,0.5394609849716513,0.5944326629058746,0.5107820670148269,0.24474557680902753
0.0028840857675049075,0.5418011595018882,0.5965897562135914,0.5146587227406576,0.24546359105509805
0.0026434886962938085,0.5441620297542268,0.5987148135750493,0.5185419408553705,0.24617782042198327
0.0024022572004848935,0.546541076044579,0.6013752297021605,0.5224316286133684,0.24688733480875646
0.0021604491744792106,0.5489357932674828,0.6035569314964415,0.5263276631063881,0.24759157421948852
0.0019181226510422626,0.5513436935191858,0.6057308551166911,0.5302299464085208,0.24829206929630657
0.001675335787376483,0.553762308556878,0.6084132406339158,0.5341383859947604,0.24898768558057302
0.0014321468511636864,0.5561891920984342,0.6110831447850815,0.5380528492239206,0.24967674963329325
0.0011886142065812512,0.5586219219675705,0.6131404789631842,0.5419731987617562,0.25036034189972
0.000944796300294866,0.5610581020897021,0.6157349142953297,0.5458993303351115,0.2510390706881553
0.000700751647431653,0.563495364344141,0.6183179556536824,0.5498311137363261,0.2517113296150752
0.00045653881753685233,0.5659313702784974,0.6204297016218646,0.553768414597048,0.2523782518753658
0.00021221642051736056,0.5683638126913597,0.6224379337738959,0.5577111354036737,0.25304132804950397
-3.215690742433641e-05,0.5707904170894185,0.625098770114957,0.561659177536762,0.2536983232144522
-0.0002765225178625541,0.5732089430252747,0.6277479124507037,0.5656123624413366,0.25434571326975675
-0.0005208217642237903,0.5756171853221772,0.630383768251466,0.5695704881449796,0.2549835401277843
-0.0007649960158616389,0.5780129751919081,0.6329835348602616,0.5735333590221665,0.25561293530560547
-0.001008986672127738,0.5803941812519344,0.6350316813460921,0.5775008279364942,0.2562369302366155
-0.0012527351764358237,0.5827587104478825,0.636963641220441,0.5814727987367224,0.25685708061546586
-0.0014961830303148694,0.5851045088872019,0.6388617892624388,0.5854491858091814,0.25747340930299933
-0.0017392718074485814,0.5874295625897755,0.6414228636866125,0.5894298992883259,0.25808482311605047
-0.0019819431676972817,0.5897318981610142,0.6438719337783293,0.5934148082330105,0.25868955472881794
-0.0022241388710993936,0.5920095833928144,0.6464100450143181,0.5974037705086117,0.25928747984556877
-0.002465800791848699,0.5942607277975159,0.6482516612354496,0.6013966460909491,0.2598796940957181
-0.002706870932244227,0.5964834830798247,0.6507653330545479,0.6053933321511992,0.26046687450024103
-0.002947291436609468,0.5986760435513931,0.6532639778445543,0.609393695232461,0.26104709995178194
-0.0031870046051774505,0.6008366464925866,0.6557570479799026,0.6133975903719298,0.2616205528805313
-0.0034259529079383624,0.6029635724656843,0.658222851010376,0.617404876070477,0.2621872444828841
-0.0036640789984465683,0.6050551455835712,0.6606725250873938,0.6214154092349022,0.26274708411859754
-0.0039013257275833757,0.6071097337377593,0.6631280862998913,0.6254290461481838,0.26330000660322145
-0.004137636157272631,0.6091257487893278,0.6655705017731205,0.6294456416994666,0.2638460007754057
-0.004372953574145557,0.6111016467261913,0.6679972683024041,0.6334650520520285,0.2643850852010429
-0.004607221503151633,0.6130359277898856,0.6704064468801035,0.637487133444729,0.2649172522257023
-0.004840383721112478,0.6149271365748551,0.6677749259968349,0.64151172923562,0.26543993992951015
-0.0050723842702149885,0.6167738621030358,0.6696441541674686,0.6455386151809953,0.2659533119276983
-0.005303167471440989,0.6185747378763486,0.6713809149914752,0.6495676751900445,0.26646293236776597
-0.005532677937930052,0.6203284419095355,0.6737794946993337,0.6535988230434266,0.26696745999193144
-0.005760860588271878,0.6220336967455904,0.6760251767375,0.657631926921999,0.26746505424450745
-0.005987660659725698,0.6236892694558956,0.6733707124430653,0.6616668349117405,0.26795333130750476
-0.006213023721363062,0.6252939716270121,0.6757525798269997,0.6657033169474507,0.2684309228016869
-0.006436895687130987,0.6268466593359141,0.6774527617439235,0.6697412161655244,0.26890310654904875
-0.006659222828832266,0.6283462331153468,0.6800528947278321,0.6737804313198545,0.26936873463201183
-0.006879951789020137,0.6297916379108335,0.682641171307144,0.6778207681194643,0.2698232110268904
-0.007099029593803697,0.6311818630307572,0.684964802236888,0.681862010514577,0.2702683386842964
-0.007316403665561423,0.6325159420908083,0.6872738365056877,0.6859040042170693,0.2707066564963011
-0.007532021835559484,0.6337929529539991,0.6894066665839853,0.6899466131187212,0.27113840199144806
-0.007745832356472123,0.6350120176673366,0.6916826099521024,0.6939897059562083,0.2715635358322267
-0.007957783914800665,0.6361723023961635,0.6937868551743027,0.6980331480921482,0.2719820914851629
-0.0081678256431885,0.6372730173570647,0.6960387586030812,0.7020768110088709,0.27239425631701397
-0.00837590713262907,0.6383134167502003,0.693408029889713,0.706120548071623,0.27279680575322646
-0.008581978444563718,0.6392927986917968,0.6951214409890328,0.7101641321273368,0.27318973968380994
-0.008785990122866787,0.6402105051475027,0.6973557300943397,0.7142074457902327,0.27357786862175115
-0.008987893205714744,0.6410659218672287,0.6998522289540294,0.718250362474194,0.273957794422715
-0.009187639237336917,0.6418584783220312,0.7020483825863395,0.7222926923697861,0.27432857418819534
-0.009385180279644537,0.6425876476435524,0.6989260346008496,0.7263342745212785,0.27469007155080133
-0.009580468923735663,0.6432529465664738,0.7011240374275836,0.7303748858763777,0.2750410805912478
-0.009773458301273144,0.6438539353743762,0.7031208619750021,0.7344143737992413,0.2753858258210318
-0.009964102095732766,0.6443902178493921,0.7052838428463605,0.7384526188557383,0.27572451658928365
-0.01015235455351895,0.6448614412259437,0.7077052629927807,0.7424894905029671,0.276055063787268
-0.010338170494945521,0.645267296148868,0.7098408294397627,0.7465248012663831,0.2763765680221872
-0.01052150532507846,0.6456075166361648,0.7113806637484055,0.7505584158376373,0.27669291536317736
-0.010702315044438634,0.6458818800465652,0.713486056493081,0.7545902516031644,0.27700464569234207
-0.010880556259561242,0.6460902070521245,0.7155753679747254,0.7586201973939856,0.27731010903006825
-0.011056186193410266,0.6462323616159522,0.7122685766677911,0.762648118073301,0.2776066707053022
-0.01122916269564468,0.6463082509752189,0.7091044739996497,0.7666737921122438,0.27789090181115006
-0.011399444252734243,0.6463178256295123,0.7111909032933297,0.7706969945642915,0.2781656150732105
-0.011566989997922644,0.6462610793346106,0.7122838748166357,0.774717593462484,0.27843551625286433
-0.011731759721035247,0.6461380491016898,0.7143551905367869,0.7787355163971522,0.2787012759625222
-0.011893713878129505,0.6459488152019914,0.7164106937065112,0.7827506618682367,0.27896110211387354
-0.012052813600985089,0.6456935011768994,0.7179443473227269,0.7867629239503914,0.27921619825954025
-0.012209020706432212,0.6453722738534056,0.7199742627179131,0.7907722291251387,0.2794670337020852
-0.0123622977055154,0.6449853433648559,0.7219975246291167,0.7947784764152444,0.2797119737346122
-0.012512607812490655,0.6445329631768982,0.7239868906350754,0.7987815554299879,0.27995116253842167
-0.012659914953653801,0.6440154301184718,0.7259771136484169,0.8027813572559693,0.2801845073290592
-0.012804183775998033,0.6434330844176948,0.7279567019119124,0.8067777708368297,0.2804119972224191
-0.01294537965569857,0.6427863097424195,0.7302265451216161,0.8107706787586221,0.2806320082009519
-0.01308346870642204,0.6420755332452612,0.7316794624201667,0.8147599198391877,0.2808449417334689
-0.013218417787459058,0.6413012256127977,0.7336196371299488,0.8187454094794582,0.2810538137243551
-0.01335019451167803,0.6404639011186432,0.7350434130955908,0.8227270584411788,0.2812580968948368
-0.013478767253297661,0.6395641176800575,0.7369607556060193,0.8267047982106153,0.2814583161498627
-0.013604105155477155,0.6386024769176788,0.7388625965138153,0.8306785346305159,0.2816529253288103
-0.01372617813772161,0.6375796242179481,0.740753133123951,0.8346481644823207,0.28184201263220143
-0.0138449569031013,0.6364962487977412,0.742952220390721,0.8386135783754852,0.282023983335824
-0.013960412945282647,0.6353530837706388,0.7448120282774479,0.8425746170792526,0.2821980018779153
-0.014072518555369793,0.634150906214256,0.7466591252298582,0.8465311651720907,0.28236668682406185
-0.014181246828554398,0.6328905372379433,0.7484944113583311,0.8504831250084982,0.2825300327171696
-0.014286571670572876,0.6315728420501195,0.7503146649073823,0.854430399553099,0.28268809451849647
-0.014388467803968658,0.6301987300244414,0.7521199244012557,0.8583728926189816,0.2828409001187224
-0.014486910774158828,0.6287691547639008,0.7539129306992007,0.86231051220158,0.282988723427211
-0.014581876955303217,0.6272851141618823,0.7560264790246544,0.8662431573199774,0.2831296582876387
-0.014673343555974093,0.6257476504591151,0.7573667655642283,0.8701706810600467,0.28326389697758025
-0.014761288624626388,0.6241578502953464,0.7591233288173131,0.874093006417893,0.2833943540992353
-0.014845691054865745,0.6225168447544744,0.7608676605134588,0.8780100513699726,0.2835198040155439
-0.014926530590514119,0.6208258094017536,0.76162605300603,0.8819217325167834,0.28364143031336675
-0.015003787830470941,0.6190859643115745,0.7633507434377842,0.8858280025016454,0.2837599337479518
-0.015077444233369505,0.6172985740841928,0.7650652443391712,0.889728786772658,0.28387356064495894
-0.015147482122026686,0.6154649478496369,0.7663721068413532,0.8936240031813542,0.28398318988322796
-0.015213884687685374,0.6135864392569038,0.7676442389752588,0.8975136012720685,0.28409020858699263
-0.01527663599404858,0.6116644464463691,0.7693242408702027,0.901397535281231,0.28419369018328533
-0.015335720981104,0.6097004120032151,0.7662164866586472,0.9052757183440578,0.2842904437473054
-0.015391125468738318,0.6076958228894835,0.7678867921035059,0.9091480035859709,0.2843798643929953
-0.015442836160140501,0.6056522103521983,0.7695463080321366,0.9130142925249121,0.28446469203064195
-0.01549084064499281,0.6035711498048234,0.7664238283139018,0.9168744989219807,0.2845435772531967
-0.015535127402449358,0.6014542606791048,0.767069867004853,0.9207285028773613,0.2846170910577798
-0.01557568580390088,0.5993032062441974,0.7687174937399736,0.9245762525868337,0.2846878313650207
-0.015612506115525714,0.5971196933897104,0.7703522233245776,0.9284176863374247,0.2847544309301186
-0.01564557950062587,0.594905472369139,0.7716205696717287,0.9322527376268722,0.2848175793749847
-0.015674898021747645,0.5926623364999204,0.7684718218836375,0.9360813559292798,0.28487670700464773
-0.01570045464258674,0.5903921218161211,0.7700882527397216,0.9399034483627629,0.2849305403638781
-0.01572224322967676,0.5880967066695503,0.7716923537193561,0.9437189412627079,0.2849805181571628
-0.015740258553861495,0.5857780112748748,0.7732841958947817,0.9475277711317867,0.2850266711888725
-0.01575449629154954,0.5834379971940673,0.7748662430555239,0.9513298745689012,0.28506898273376313
-0.015764953025752197,0.5810786667553085,0.7761044078799687,0.9551251936626458,0.2851083011610352
-0.015771626246903477,0.5787020624012679,0.7772416872516745,0.9589136915947384,0.2851451993949434
-0.015774514353462357,0.5763102659614321,0.7791525282396425,0.962695326269081,0.2851781768956894
-0.015773616652297064,0.573905397843002,0.781030640586557,0.9664700001457819,0.2852047793968793
-0.01576893335885164,0.5714896161346593,0.7825502893023255,0.9702376086376158,0.28522644129244523
-0.015760465597093983,0.5690651156173623,0.7795367498232257,0.973998088299361,0.2852447369414472
-0.015748215399246326,0.56663412667617,0.7810472721845808,0.9777513893676734,0.28525995064139537
-0.015732185705297285,0.5641989141069913,0.7779970211575716,0.981497467736891,0.28527275421241366
-0.015712380362296448,0.5617617758120611,0.7794947988874567,0.9852363017243467,0.28528369709428936
-0.015688804123431144,0.5593250413779076,0.7809756885216647,0.9889678567786571,0.28529191426378797
-0.01566146264688548,0.5568910705295607,0.7824521108904378,0.9926920938134365,0.2852974887368641
-0.015630362494482623,0.5544622514548088,0.7839184716954963,0.9964089755825037,0.28530050885978153
-0.015595511130109829,0.5520409989923991,0.7853738993749144,1.0001184654839037,0.28530092185863143
-0.015556916917927243,0.5496297526782459,0.7868201306820414,1.0038205267228462,0.2852988119267049
-0.015514589120360566,0.54723097464394,0.7886038480763945,1.0075151209580995,0.28529363324038914
-0.015468537895877989,0.544847147362159,0.7856724851486263,1.0112022039003326,0.28528705174832675
-0.015418774296552407,0.5424807712339604,0.7828278716634363,1.0148818159723094,0.28528357260408466
-0.015365310265408723,0.5401343620134156,0.7842335186939431,1.0185540374433715,0.28528196711669157
-0.015308158633557821,0.5378104480656182,0.7856374661370189,1.0222188724371346,0.28527862997056286
-0.015247333117116907,0.5355115674547573,0.7870306900922741,1.025876300882541,0.2852735553208636
-0.015182848313918055,0.5332402648597343,0.7880354816003836,1.0295263063944349,0.28526719855872956
-0.01511471970000445,0.5309990883156582,0.7894026151474408,1.0331688800949874,0.2852595223029001
-0.015042963625916438,0.5287905857805713,0.7911246615048547,1.0368040074206282,0.2852503401867933
-0.01496759731276731,0.526617301527858,0.7923404904907564,1.0404316746873006,0.28523984207120523
-0.014888638848110482,0.5244817723659847,0.7936830137070039,1.0440518712199984,0.2852280070414832
-0.014806107181598478,0.5223865236885756,0.7909119969084177,1.047664601992864,0.2852185294584004
-0.014720022120435022,0.5203340653592422,0.7926041841820697,1.0512699919999822,0.28521396913053754
-0.014630404324621626,0.518326887437131,0.7930445438222202,1.0548680855520898,0.2852092316008982
-0.014537275301999076,0.5163674557507771,0.7943512635691418,1.0584588916243778,0.2852039750103296
-0.014440657403085819,0.5144582073295572,0.7956486528542962,1.0620424077239556,0.2851976552564123
-0.014340573815713749,0.5126015457038015,0.7969365968603698,1.0656186289399836,0.28519049190088447
-0.014237048559463391,0.5107998360864782,0.798213779533272,1.069187554106756,0.2851825752269824
-0.014130106479899388,0.5090554004511698,0.7994814099321161,1.0727491828849727,0.2851738980013637
-0.01401977324260742,0.5073705125229747,0.7969343423106288,1.0763035412734787,0.2851698985373464
-0.013906075327034877,0.5057473927007697,0.7944861815640032,1.0798508534763558,0.2851798156145155
-0.013789040020135705,0.5041882029311046,0.7957402457904411,1.0833913976415552,0.28519883702955173
-0.013668695409821748,0.5026950415557168,0.79737309319592,1.0869252537548275,0.2852189914232094
-0.01354507037822181,0.5012699381562675,0.7986016391467785,1.0904524749533464,0.2852409522980717
-0.013418194594750077,0.4999148484214294,0.799788092285413,1.0939730882424599,0.2852628092453573
-0.013288098508985552,0.4986316490627377,0.8010045698775478,1.0974870997491515,0.28528442884325134
-0.013154813343364312,0.49742213280678876,0.8021486068064396,1.1009945246633857,0.2853061181612556
-0.013018371085686306,0.49628800349222335,0.8032595013951414,1.1044953708819005,0.2853274058502162
-0.012878804481438447,0.4952308713006145,0.8044470688207237,1.1079896449393425,0.2853485505273764
-0.012736147025935857,0.4942522481507009,0.8055205196739822,1.111477362537057,0.2853698033124456
-0.012590432956282918,0.4933535432854862,0.8066960290299423,1.114958533406082,0.2853909453835781
-0.012441697243157048,0.4925360590814164,0.8078594224807735,1.1184331755907353,0.28541252095049563
-0.012289975582415413,0.49180098710826176,0.8090140453313109,1.1219013125375898,0.28543466372458226
-0.01213530438652824,0.49114940446734995,0.8101594701816875,1.1253629659830215,0.28545717977684343
-0.01197772077584011,0.49058227043448777,0.8112979235408292,1.1288181583348211,0.28548024136149885
-0.011817262569661183,0.49010042343225874,0.8092814096789502,1.1322669548750408,0.28551227073763197
-0.011653968277190667,0.4897045783544049,0.8103994852169011,1.1357096792280272,0.2855578945033323
-0.011487877088274985,0.4893953242626833,0.8115160246451852,1.1391464436343481,0.2856042970146293
-0.01131902886400218,0.489173122474022,0.8126228458243591,1.1425772789049353,0.2856517158896173
-0.011147464127135484,0.4890383050529497,0.8107795568520484,1.1460022642816257,0.2857097635042813
-0.010973224052388314,0.48899107372121353,0.8118658214249738,1.1494217741983999,0.2857838167799097
-0.0107963504565422,0.48903149919326344,0.81226324448246,1.1528359441398968,0.28585895282288065
-0.010616885788411117,0.48915952094292653,0.8132912106841524,1.1562447992614033,0.285934537822212
-0.010434873118653893,0.4893749474031254,0.8142737158659858,1.1596483551108252,0.2860102518464485
-0.01025035612943768,0.48967745659706263,0.8153261307224661,1.1630466266906736,0.2860865962444665
-0.01006337910395408,0.49006659719579754,0.8136873004659629,1.1664397041546863,0.2861754690041934
-0.009873986915791716,0.4905417899938104,0.8121760123352675,1.1698280732527517,0.2862942772717811
-0.00968222501816661,0.4911023297908727,0.8132156006931535,1.1732123003883246,0.28643269879210687
-0.009488139433013777,0.4917473876654863,0.812067251961896,1.1765926158694409,0.28658599078998875
-0.009291776739941878,0.49247601362227683,0.8136129383544077,1.1799695344999956,0.2867637749343782
-0.009093184065054792,0.49328713959314485,0.813972055605147,1.1833433374428821,0.28694777304070684
-0.008892409069641173,0.49417958276962237,0.8149886858778433,1.186714088882185,0.2871333753477083
-0.008689499938736104,0.49515204924190814,0.815965123724677,1.1900818358514955,0.28732078071780537
-0.00848450536955709,0.49620313791834814,0.8169569319819745,1.1934466078640724,0.2875095239006137
-0.008277474559816655,0.4973313446977985,0.8178803569553026,1.1968084496502722,0.28770002956956764
-0.008068457195915377,0.4985350668663311,0.81877448737016,1.2001673866372167,0.2878911202160954
-0.007857503441017252,0.4998126076890699,0.8197546660967712,1.203523440502897,0.2880836180476791
-0.007644663923010862,0.5011621811676855,0.8205066660531201,1.2068766579546772,0.2882779287767041
-0.007429989722358843,0.5025819169340535,0.820804441487747,1.2102270602405352,0.28847265475165
-0.007213532359838845,0.5040698652509568,0.8217458494848587,1.2135746756481192,0.2886693517308773
-0.006995343784178906,0.5056240020912978,0.8226786865670079,1.2169195596099223,0.2888687631529584
-0.006775476359589769,0.5072422342681949,0.8236063203622039,1.2202617730278504,0.28907096217569384
-0.006553982853197993,0.5089224045894204,0.8245259908157301,1.2236013737290505,0.28927569333780606
-0.006330916422381846,0.5106622970109723,0.8252436153512482,1.2269384166973576,0.2894824807482383
-0.006106330602013992,0.5124596417660372,0.8261492467154816,1.2302729324519142,0.28969043113145343
-0.0058802792916132435,0.5143121204472266,0.8270464211425473,1.2336049677340217,0.2899011891799669
-0.005652816742409053,0.5162173710216998,0.8279223559141309,1.2369345858267855,0.29011490444641486
-0.005423997544321308,0.5181729927605545,0.8287886879223086,1.2402618535776,0.29033185033828224
-0.005193876612859207,0.5201765510657596,0.829660082509058,1.2435868389702363,0.29055188943559707
-0.004962509175941657,0.5222255821797188,0.830991458761997,1.2469096263198247,0.2907785581516857
-0.004729950760642925,0.5243175977644355,0.8318209574510989,1.25023040701679,0.2910139028415878
-0.004496257179866357,0.5264500893390752,0.8326624979928461,1.2535492883673631,0.29125253284604063
-0.004261484518949577,0.5286205325664871,0.8322543338112621,1.2568664179608913,0.2915103454761583
-0.004025689122204237,0.530826391380982,0.8329308713280303,1.2601824208162453,0.29179468991371027
-0.0037889275793936833,0.5330651219512577,0.8337423229436938,1.263497494944888,0.2920810490635394
-0.003551256712151683,0.5353341764739661,0.8336052082940053,1.2668117849178473,0.2923876725498161
-0.003312733560345568,0.5376310067947858,0.8336246107841319,1.2701260396689813,0.29274063076076673
-0.0030734153683867377,0.539953067855265,0.8337928680489536,1.273441203126159,0.29314203083585527
-0.0028333595714925557,0.5422978209648818,0.8346086176043953,1.2767581688718048,0.2935747689438788
-0.002592623781901909,0.5446627368989065,0.8354325317909885,1.2800771898509518,0.29401119364326994
-0.002351265775048751,0.5470452988236394,0.8367777361960342,1.2833983583034227,0.29445567858393773
-0.002109343475696158,0.5494430050514887,0.8376837684777211,1.2867218905117555,0.2949093349352228
-0.001866914944034691,0.5518533716291387,0.8383714357257424,1.2900478568965121,0.29536404941569605
-0.00162403836174825,0.5542739347627353,0.8396650238987324,1.2933763014261823,0.2958253807790483
-0.00138077201805072,0.5567022530845763,0.8409178170407869,1.2967074642296508,0.29630178565590215
-0.0011371742956968957,0.5591359097663033,0.8416874826909815,1.3000416138951154,0.29678839273498653
-0.0008933036569708131,0.5615725144839637,0.8424210339570299,1.3033788637344836,0.2972789881586041
-0.0006492186296551208,0.5640097052406202,0.8431464199241137,1.3067192883949246,0.2977736362049844
-0.00040497779298471803,0.5664451500524478,0.8438676709858398,1.3100629623919204,0.2982722994809122
-0.00016063976358803784,0.5688765485043931,0.844728549594293,1.313409951007713,0.29877363672819196
8.373681858075883e-05,0.5713016331815938,0.845430257627887,1.3167602871380417,0.29927733421121944
0.0003280933043149996,0.5737181709828035,0.8460742942370442,1.3201140289288484,0.29978404673773673
0.0005723710492310792,0.5761239643220619,0.8467638433098766,1.3234712120978145,0.30029316239019516
0.0008165114278427854,0.5785168522248066,0.8473987327249576,1.3268318953040334,0.3008052450305951
0.0010604558476311572,0.5808947113245515,0.848073605022913,1.3301961139551728,0.3013197809012725
0.0013041457631064609,0.5832554567661205,0.8487426673192633,1.33356393428395,0.30183865102836793
0.0015475226898587166,0.5855970430213203,0.8494060779371794,1.3369354344391988,0.30236164552689326
0.0017905282185937549,0.5879174646227244,0.8502193470811868,1.3403106830977167,0.30288754841505294
0.0020331040291511927,0.590214756821108,0.8508699968356336,1.3436897109520949,0.30341562487830737
0.002275191904500856,0.5924869961718402,0.8520170428979909,1.3470726807593247,0.3039680041084092
0.002516733744714747,0.5947323010553456,0.8526711296748526,1.3504603715303112,0.30455469306926963
0.0027576715809106587,0.5969488321365339,0.8532845989083077,1.3538530496257537,0.30514415929010924
0.0029979475891644654,0.5991347927678735,0.8539285669874832,1.3572507431891565,0.30573590606783274
0.003237504104387578,0.601288429340553,0.8552622057476423,1.3606536159738791,0.3063523845207335
0.0034762836341662127,0.6034080315879585,0.856358573080249,1.364062481304122,0.3070084223710399
0.003714228872559423,0.6054919328454771,0.8569747757886903,1.3674777722885503,0.3076743623394185
0.003951282713852192,0.607538510270387,0.8580265403467768,1.3708995834921618,0.3083471708927085
0.004187388266260506,0.6095461850254248,0.8590370288617222,1.3743281606090596,0.3090359675931019
0.00442248886558513,0.611513422429357,0.8596502562819786,1.3777637841751764,0.30973585041779417
0.004656528088810766,0.6134387320777188,0.8602276586572355,1.3812065663752742,0.310439704771585
0.004889449767647292,0.6153206679366631,0.8610267127901828,1.38465656836311,0.3111464590419747
0.005121198002009826,0.6171578284126696,0.8615915088028584,1.3881138136425748,0.3118554474353557
0.005351717173434567,0.61894885640069,0.8621830793311422,1.391578359335562,0.312568603621482
0.005580951958426905,0.6206924393131303,0.863096964340398,1.3950502954604487,0.3132905659367938
0.00580884734173881,0.6223873090918841,0.8636765183459527,1.398529855583131,0.3140237168119795
0.006035348629572248,0.6240322422054944,0.864256390560502,1.4020171446420893,0.3147595496841983
0.006260401462705365,0.6256260596333566,0.8662061874140189,1.4055122867207346,0.31551800169698574
0.006483951829538532,0.6271676268387402,0.8682424579894209,1.4090161424748386,0.3163304360423225
0.006705946079056765,0.6286558537322536,0.8705213290205601,1.4125297567395114,0.31719541869341183
0.006926330933705831,0.6300896946272815,0.871117649308858,1.4160540472601624,0.31809153507379495
0.007145053502178471,0.6314681481887688,0.8719820664206098,1.419589230693716,0.3189934118428639
0.0073620612921081905,0.6327902573766386,0.8725417632146909,1.4231354853790803,0.31990455372353627
0.00757730222266705,0.6340551093850121,0.8731281972399412,1.4266928830244676,0.3208175882362039
0.007790724637064949,0.6352618355783097,0.8736781793713007,1.4302614232428312,0.3217319292248146
0.008002277314946868,0.6364096114252139,0.8741707250346094,1.4338411314539534,0.322649266231499
0.008211909484685634,0.6374976564313929,0.8744089807301603,1.4374320413423338,0.32356856639037895
0.008419570835566772,0.6385252340718016,0.8772326092152761,1.4410342428071121,0.3245071812605864
0.008625211529862906,0.6394916517232996,0.8777116029429256,1.4446483848352947,0.3254753499754154
0.008828782214794516,0.640396260598275,0.8781818253555201,1.4482746771727215,0.3264462170543008
0.009030234034374345,0.6412384556798645,0.8786523857204606,1.451913147892458,0.3274196364962055
0.009229518641132774,0.6420176756593442,0.8791182496477675,1.455563822708219,0.3283955662112276
0.00942658820772072,0.6427334028761611,0.8799158899025952,1.4592267226862576,0.329372976173529
0.00962139543838824,0.6433851632610793,0.8806741512006644,1.4629018318012428,0.3303502780792901
0.009813893580335065,0.643972526282807,0.8811159328566671,1.4665891288757522,0.3313285495460093
0.010004036434931122,0.6444951048984922,0.8815517827919238,1.470288630478982,0.33230943371520705
0.01019177836880405,0.6449525555083574,0.8822803086092451,1.4740003598834015,0.333291908918456
0.010377074324790944,0.6453445779147879,0.8829709845426109,1.4777243019962876,0.3342742575493918
0.010559879832751798,0.6456709152860747,0.8836326943244563,1.481460429227016,0.33525643788745535
0.010740151020242191,0.6459313541250371,0.8842615443773792,1.4852087145566675,0.33623847877668755
0.010917844623042506,0.6461257242426804,0.8849410282562402,1.4889691534083953,0.3372250969096956
0.011092917995540973,0.6462538987370395,0.885349637501298,1.4927418908917371,0.3382197668614671
0.011265329120968613,0.6463157939773019,0.8859829088020451,1.4965270062209421,0.3392204777824697
0.01143503662148296,0.6463113695933072,0.8865951808649782,1.5003246433179396,0.34022786348845463
0.011601999768098479,0.6462406284704648,0.8869933621604864,1.504134822251966,0.3412359619565762
0.011766178490461444,0.6461036167501127,0.890406894806909,1.5079576273042814,0.34226097081256474
0.011927533386466552,0.645900423835332,0.8907913536099736,1.5117935816780688,0.34330947733886735
0.012086025731713392,0.645631182402165,0.8945230791222644,1.5156429023421056,0.3443723822728607
0.012241617488799764,0.645296068416201,0.8977551290202155,1.5195060896132433,0.3454663545289433
0.012394271316450947,0.6448953011544374,0.8978303264965074,1.523383632284129,0.34657626556558613
0.012543950578481055,0.644429143232293,0.8981842628636287,1.52727559335182,0.34768545688071795
0.012690619352585636,0.6438979006356571,0.8985240723529999,1.5311819433165024,0.3487950029362981
0.012834242438962999,0.6433019227577688,0.8989819154258927,1.5351026711276032,0.34990701634580534
0.012974785368761786,0.6426416024407499,0.8993996434874624,1.5390378387382542,0.3510244968087125
0.013112214412353558,0.6419173760215259,0.8998681684349308,1.5429875090406262,0.35214446890503676
0.013246496587427416,0.6411297233818783,0.9002382972840085,1.5469516635363818,0.3532654719763028
0.013377599666906029,0.6402791680022913,0.9047678563703214,1.5509303637451548,0.3543953719617738
0.013505492186679588,0.6393662770192567,0.9053765849381681,1.5549238030283206,0.3555333826523292
0.013630143453157283,0.638391661285608,0.9056772810227074,1.5589319872688399,0.35667020600824795
0.013751523550633532,0.637355975433463,0.9059503406756707,1.5629548759266492,0.35780747620261855
0.013869603348467529,0.6362599179392395,0.9062473872798431,1.566992462339703,0.35894545317002285
0.013984354508074623,0.6351042311902085,0.911359810304174,1.5710447231164908,0.3600849791175577
0.014095749489727347,0.6338897015519557,0.9115415739091297,1.5751116892109867,0.3612269362394692
0.014203761559164842,0.6326171594360701,0.9116872923143938,1.5791933365424284,0.36236782176322896
0.014308364794008883,0.6312874793673018,0.9117982945811851,1.5832896079599672,0.3635070474228686
0.014409534089985257,0.6299015800493706,0.9122295686895153,1.5874004354179603,0.364644123568493
0.014507245166948509,0.6284604244285078,0.9122731104222757,1.591525747227696,0.3657790066768767
0.014601474574709257,0.6269650197537361,0.912869881056658,1.595665466631506,0.36691145104814904
0.014692199698661932,0.6254164176328103,0.9128365152364705,1.5998195177931227,0.3680415036928863
0.014779398765212297,0.623815714082618,0.9127170724250139,1.6039878225201674,0.36916903088158876
0.014863050847002951,0.6221640495727613,0.9125127242687461,1.608170300792307,0.37029394306940105
0.014943135867935803,0.6204626090608965,0.9127757336792246,1.6123668723729836,0.3714163222779232
0.015019634607990247,0.6187126220183254,0.9128505835016766,1.6165774594612725,0.372536021319135
0.015092528707835869,0.6169153624441698,0.919179332092208,1.6208019636919297,0.37365076671226055
0.015161800673238668,0.6150721488663354,0.9193801600244069,1.6250402343110886,0.3747598435997158
0.01522743387925943,0.6131843443273406,0.919468605247105,1.6292921635650572,0.37586521774208903
0.015289412574243781,0.6112533563529124,0.9196689461994254,1.633557635079098,0.37696619881896276
0.015347721883602361,0.6092806369011063,0.9198672273128466,1.6378365496236391,0.37806395733243164
0.015402347813380946,0.6072676822895255,0.92006459237994,1.6421288155286042,0.3791584578810726
0.015453277253618468,0.6052160330980536,0.9234044208448946,1.646434335192692,0.38024857004360896
0.015500497981493838,0.6031272740443048,0.9235679094947296,1.65075297640751,0.38133352873190746
0.015543998664258991,0.6010030338288409,0.9237320812819353,1.6550846317033574,0.38241501505749786
0.015583768861958905,0.5988449849469529,0.9238956003001058,1.6594292050738375,0.3834929750122661
0.01561979902993702,0.5966548434636597,0.9240582949102424,1.6637866006862436,0.3845674167281597
0.01565208052112599,0.5944343687482968,0.9254951239762235,1.6681567196062714,0.3856378782627688
0.01568060558812287,0.592185363164922,0.9256450401536468,1.6725394507474605,0.38670407959669817
0.015705367385048484,0.5899096717144652,0.9257956224743836,1.6769346885687073,0.38776630835510034
0.015726359969190497,0.5876091816244076,0.9259459882070806,1.6813423288602467,0.38882464741738515
0.01574357830242945,0.5852858218814836,0.9262175455730367,1.6857622719712277,0.3898795736964807
0.015757018252448022,0.5829415627027048,0.9263642354725797,1.690194431094768,0.39093118606542937
0.015766676593722658,0.5805784149397968,0.92651273354988,1.6946387043834719,0.39197867411280296
0.015772551008297945,0.5781984294118884,0.9270456331324735,1.6990949879156487,0.3930224685862371
0.015774640086342454,0.5758036961611187,0.9271924448504477,1.7035631917759793,0.3940629335868225
0.015772943326487578,0.5733963436256292,0.9273386809018096,1.7080432150874694,0.3950992238736482
0.015767461135947472,0.5709785377241919,0.9274792804997469,1.7125349504974245,0.3961313153923043
0.015758194830421624,0.5685524808466232,0.9274612305528921,1.717038278717992,0.3971569068077072
0.015745146633778802,0.5661204107439403,0.927403611038108,1.7215530005638633,0.3981723711205721
0.015728319677523615,0.563684599312144,0.9273074012411573,1.7260788846311748,0.3991770822133372
0.015707718000044762,0.5612473512634126,0.9275925441986825,1.7306157044304766,0.4001738330743599
0.015683346545646012,0.5588110026784651,0.9277417883989684,1.7351633406651492,0.4011668063002463
0.01565521116335932,0.5563779194338563,0.9282902472226409,1.7397216844704517,0.4021555635134366
0.015623318605541501,0.5539504954980223,0.9284384707711082,1.7442906414432384,0.40314046127712266
0.015587676526253248,0.5515311510899951,0.9291026769854575,1.748870095323996,0.4041199279524983
0.015548293479422595,0.5491223306949035,0.9289524974198744,1.7534598970577844,0.4050908335925492
0.015505178916791615,0.5467265009306094,0.9291019153949633,1.7580598142514008,0.40605192461167483
0.015458343185648468,0.5443461482601435,0.9292478410298219,1.7626696897485667,0.4070076364380262
0.015407797526343813,0.54198377654503,0.9297713882683862,1.7672894011369775,0.4079589426506627
0.015353554069593222,0.5396419044350619,0.9295870102125281,1.771918837221429,0.4089028938548874
0.015295625833565982,0.5373230625906893,0.9293673609620405,1.7765577455645702,0.4098329097470996
0.01523402672076055,0.5350297907348783,0.9296654054488085,1.7812058450950115,0.4107529355182856
0.015168771514668496,0.5327646345320811,0.9294026249166386,1.7858629836535331,0.4116649610625844
0.015099875876225874,0.530530142292863,0.9291058630727628,1.79052888578368,0.41256148160319683
0.015027356340055302,0.5283288615037611,0.9294209651847158,1.7952032440067551,0.41344708047327794
0.014951230310497346,0.5261633351830641,0.9297328641518197,1.7998859225828034,0.41432925047488606
0.014871516057433629,0.5240360980644473,0.9298961260342332,1.8045768315762092,0.4152068834773242
0.014788232711902275,0.5219496726117524,0.9295650656298307,1.8092758187576998,0.41607398340971213
0.014701400261506466,0.519906564869649,0.9292002723789249,1.813982573146416,0.41692408227312777
0.014611039545617436,0.5179092601564745,0.9293657640237472,1.81869675596438,0.41776109638266967
0.014517172250373295,0.515960218607202,0.9289699390303618,1.8234181553054145,0.4185869968541599
0.014419820903474248,0.5140618705761861,0.9291412468810998,1.8281464638138394,0.4193992598588297
0.014319008868776342,0.5122166119111483,0.9293114349331524,1.832881486703944,0.42020477188045124
0.014214760340683927,0.5104267991116763,0.9288865489464148,1.8376230514136511,0.42099867790268436
0.014107100338343328,0.5086947443873812,0.9290628565097618,1.842370838933226,0.42177840865752725
0.01399605469963837,0.5070227106327098,0.9294098431972112,1.8471246576942018,0.4225526306268496
0.013881650074989257,0.5054129063372543,0.9295462136403498,1.8518843971003967,0.42332035870491924
0.013763913920956744,0.503867480452194,0.9296994366060801,1.8566498554715207,0.42407700715237795
0.013642874493652639,0.5023885172351987,0.9298624897716266,1.8614207980306914,0.42482236644281635
0.01351856084195858,0.5009780310977506,0.9294187285676075,1.8661969680339576,0.42555271067483935
0.013391002800554047,0.4996379614802787,0.9296233286638592,1.8709780094280795,0.4262677743436228
0.013260230982756825,0.4983701677818003,0.9298285028605129,1.8757637090892971,0.4269752565474321
0.013126276773175446,0.49717642437183357,0.9300300126134038,1.8805539084090332,0.4276753103346826
0.012989172320177197,0.4960584157132112,0.9302322233826739,1.8853484486021286,0.4283677561156086
0.012848950528172618,0.4950177316249822,0.9304306749255932,1.8901471649087802,0.4290522983955608
0.012705645049718774,0.4940558627149024,0.9310390585671806,1.8949499024943144,0.429730843124556
0.012559290277442507,0.4931741960109879,0.9309023098117924,1.8997565469857705,0.4304021211593462
0.012409921335786727,0.49237401082125215,0.9307969361070857,1.9045668729640064,0.43106063096234776
0.012257574072580364,0.49165647485007674,0.9310080937164154,1.9093806240474218,0.4317080411693009
0.01210228505043533,0.4910226405986083,0.9315552352772624,1.9141976214537213,0.4323491976753373
0.0119440915379715,0.4904734420752113,0.9317626397313649,1.91901775896386,0.43298492456012716
0.011783031500872546,0.4900096918402575,0.931969222214957,1.9238408881903253,0.4336126984279718
0.01161914359277422,0.48963207840750944,0.9321749879401909,1.9286668434950343,0.43423241079141417
0.011452467145987752,0.489341164021966,0.9326580614439084,1.9334954678432454,0.43484600371643634
0.011283042162060327,0.48913738283140845,0.9321876068184725,1.938326627847852,0.43544791183755077
0.011110909302174874,0.4890210394660014,0.9316870017697184,1.9431599254891534,0.43602623150135367
0.010936109877391362,0.4889923080371839,0.9311570524133634,1.9479948819492388,0.43658049348052236
0.010758685838732771,0.48905123156383445,0.931379682441224,1.9528310405702418,0.43711678654313424
0.01057867976711664,0.48919772183031074,0.9316067711754235,1.95766816877206,0.4376447738086591
0.010396134863136178,0.48943155967748236,0.9313448312124746,1.9625060829010819,0.43816135475683693
0.010211094936691974,0.4897523957244482,0.9307925199439654,1.9673444733806948,0.43865821669823246
0.010023604396478267,0.49015975151515095,0.9310366976269191,1.9721829055831386,0.43913655686597786
0.009833708239324702,0.4906530210807746,0.9308216123646823,1.977021124954735,0.43960283847865933
0.009641452039397341,0.491231472905589,0.9312005090704538,1.9818588481869215,0.44005729891318246
0.009446881937261413,0.4918942522808759,0.9314358757582886,1.9866959406116804,0.440506250639667
0.009250044628807413,0.4926403840287549,0.9316810180054159,1.991532253441556,0.44094666654360337
0.009050987354044545,0.4934687755751875,0.9319250899611413,1.9963676168754165,0.4413784716076374
0.008849757885763228,0.4943782203491691,0.931358776109926,2.0012018250919734,0.4417945959800865
0.00864640451806991,0.49536740148319114,0.9316131198663328,2.006034461550819,0.4421915040743978
0.008440976054796668,0.4964348957884262,0.9318633437082209,2.01086528678678,0.4425798316456518
0.00823352179778862,0.4975791779768527,0.9312711355218156,2.0156940967373185,0.44295234942210476
0.008024091535071658,0.49879862510158357,0.9315293500608516,2.0205204720146392,0.4433054474140933
0.007812735528903474,0.5000915211861341,0.9309120261123608,2.025344135195548,0.4436425902841161
0.007599504503711058,0.501456062013099,0.9302670436311111,2.0301646309266945,0.4439529827071894
0.007384449633916835,0.5028903600428142,0.9297426965674407,2.034981436121378,0.44423875516451333
0.007167622531657313,0.5043924494329806,0.930028112393561,2.0397941504097785,0.4445090985253629
0.006949075234396185,0.5059602911308809,0.9303180643627124,2.0446025638377234,0.44477076516155983
0.00672886019243572,0.5075917780107821,0.9307350437004073,2.0494065197474236,0.4450255881113767
0.006507030256328974,0.5092847400302445,0.9310171924896284,2.0542059228192726,0.4452748598788784
0.006283638664195735,0.5110369493804194,0.9314194800770133,2.059000641443909,0.4455174311639556
0.006058739028945797,0.5128461256069385,0.9316862604041988,2.0637905737147166,0.44575380710444684
0.005832385325412079,0.5147099406796213,0.9319612515093562,2.068575572168739,0.44598152164697114
0.005604631877396849,0.5166260239909888,0.9323087637601747,2.0733554833054377,0.4462026034061429
0.005375533344634408,0.5185919672653644,0.9317692964368828,2.0781301915798966,0.4464132378853487
0.0051451447096729,0.5206053293622097,0.932227143848762,2.08289939547589,0.4466100601858187
0.004913521264678782,0.5226636409591853,0.932502713761787,2.087662956599765,0.44680116519796975
0.00468071859816704,0.5247644091023062,0.9328997411219282,2.0924207443141354,0.4469859258440158
0.004446792581660129,0.526905121612347,0.9322813815897502,2.097172635471201,0.44715766816667696
0.004211799356279133,0.5290832513384494,0.9325572998187923,2.101918227590139,0.4473095564945196
0.00397579531927011,0.5312962602515501,0.9328260906387086,2.1066572986025665,0.4474550686219036
0.003738837110469086,0.5335416033718976,0.9331680557227069,2.1113897755109168,0.44759731165967526
0.0035009815987087404,0.5358167325264168,0.9325372762847355,2.1161155580908133,0.4477266408870662
0.00326228586817012,0.5381190999331146,0.9329269014592833,2.120834257048258,0.447838221064584
0.003022807204682804,0.5404461616110371,0.9322741276609146,2.12554567759942,0.4479370837249168
0.002782603081976439,0.5427953806154778,0.9326733670870213,2.1302494383777333,0.44801850312176067
0.0025417311478874893,0.5451642300992456,0.9319990713712024,2.1349453482823733,0.4480872510649333
0.0023002492105238977,0.5475501962017489,0.9324082333768924,2.1396330297604,0.4481387551154575
0.0020582152243914455,0.5499507807685553,0.9319581761553853,2.1443123043043473,0.44817934778853535
0.0018156872764850318,0.5523635039048086,0.9312722888344873,2.1489828075554818,0.44819595886715835
0.0015727235723479577,0.5547859063665702,0.9316206276049477,2.153644097591929,0.448195780572547
0.0013293824221029234,0.557215551794682,0.9309135899158547,2.158295996253659,0.44818365893689
0.0010857222264579356,0.559650028796235,0.930181339511965,2.1629381048813827,0.44814628799726164
0.0008418014626903143,0.5620869528790801,0.929425133888582,2.1675699444764467,0.4480842559585025
0.0005976786706124973,0.564523968245124,0.9297595748774098,2.1721910820819215,0.4480047774625712
0.0003534124385227581,0.5669587494483881,0.9289813453076889,2.1768012915596744,0.4479113128143202
0.00010906138914427733,0.5693890029239216,0.9293460617069303,2.181400217811244,0.44780064271845904
-0.00013531583444404438,0.5718124683938,0.9296841662249581,2.1859876715349382,0.4476827120391982
-0.0003796605828815888,0.5742269201564413,0.9300405988150857,2.190563530843885,0.4475575392002526
-0.0006239142146016421,0.5766301682654824,0.9292540796127349,2.1951276447827595,0.4474192119885706
-0.0008680181099050467,0.5790200596044,0.9296163983156215,2.1996796862184316,0.4472649065499681
-0.0011119136850287123,0.5813944788629667,0.9300765920488656,2.2042194885040063,0.44710535872606044
-0.0013555424062052818,0.5837513494215256,0.9292324405293867,2.2087469685407637,0.4469356240892624
-0.0015988458037111903,0.5860886341489069,0.929591488714256,2.213261826314666,0.44675032117868013
-0.001841765485898943,0.588404336119647,0.9299188379210545,2.2177638943756803,0.4465583470155448
-0.002084243153210849,0.590696499255989,0.9291514709689555,2.2222530334589146,0.4463534960294194
-0.0023262206121707012,0.5929632088999433,0.9283604417476128,2.2267288929272877,0.44612705088580973
-0.0025676397893499023,0.5952025923204691,0.9274526539766176,2.2311910761837277,0.44587986190813933
-0.0028084427453047827,0.5974128191606233,0.9265594369421044,2.2356392053356045,0.4456127671091589
-0.003048571688481794,0.599592101829315,0.9269177800362836,2.24007294302281,0.4453316785721537
-0.0032879689890872527,0.6017386958420634,0.9273064390175988,2.244492156740693,0.44504642197952876
-0.003526577192918182,0.6038509001149249,0.9275017496144592,2.2488968225128487,0.44475927627162676
-0.003764339035150994,0.6059270572155656,0.9266283436069163,2.253286897483722,0.4444634224726802
-0.004001197454084883,0.6079655535752021,0.9270976261605545,2.257662135904825,0.444155537675827
-0.004237095604836258,0.609964819664921,0.927477723593434,2.262022455788613,0.4438444207642991
-0.004471976872981297,0.6119233301397105,0.9278556018764718,2.266367795282115,0.44352810502904594
-0.004705784888143136,0.6138396039532767,0.9282289888389286,2.270698081036966,0.4432066152870583
-0.004938463537520447,0.6157122044465769,0.9273323040182435,2.275013215648345,0.4428750621948158
-0.005169956979354265,0.61753973941277,0.9273939873083039,2.279312962809969,0.4425325730087827
-0.005400209656329788,0.6193208611411226,0.9266397509277681,2.2835972343259887,0.4421830155222634
-0.005629166308909785,0.6210542664422337,0.9256728244410094,2.287865804476028,0.44181769773033286
-0.005856771988596712,0.6227386966567645,0.9260676696955127,2.2921184129266083,0.4414412566542092
-0.006082972071119923,0.6243729376497046,0.9250611248725511,2.2963549403181513,0.4410565196673421
-0.006307712269545466,0.6259558197920801,0.9239984146754057,2.300575177498963,0.4406581250613717
-0.006530938647304504,0.6274862179318202,0.9244634577109633,2.3047789175050597,0.44025153655597044
-0.0067525976311379275,0.6289630513554079,0.9248226258325047,2.308966123249124,0.43984383535073784
-0.006972636023953574,0.6303852837418037,0.9251378369586227,2.3131368074551077,0.4394351860311674
-0.0071910010175934075,0.6317519231099887,0.924035167087599,2.317290962468993,0.43902130970885983
-0.007407640205507196,0.6330620217614066,0.9244213449446237,2.321428452640639,0.43859953321535255
-0.007622501595329703,0.6343146762184374,0.9236704247354922,2.32554920630574,0.4381722511693509
-0.007835533621358762,0.6355090271599698,0.9228986230944227,2.329653102575022,0.43773651874363173
-0.008046685156930727,0.6366442593550296,0.9233093884769134,2.3337400281902294,0.43729531949294986
-0.008255905526690609,0.6377196015953459,0.923715496780349,2.3378099497691793,0.43685181028333003
-0.008463144518753985,0.6387343266276639,0.9225885177617189,2.341862845687759,0.43640417377530616
-0.008668352396757542,0.6396877510865201,0.9224990240937961,2.3458986488451568,0.435952686339617
-0.00887147991179558,0.6405792354281505,0.9229029790103968,2.3499173638690265,0.4355004668796465
-0.009072478314239558,0.6414081838661321,0.9233000929737769,2.3539189992301486,0.4350468116532302
-0.009271299365437741,0.6421740443092833,0.9236931904279478,2.3579035601722422,0.4345916130857682
-0.009467895349292167,0.6428763083023227,0.9240826061551923,2.361871049784962,0.4341348885368125
-0.00966221908371045,0.6435145109697163,0.9229863628393179,2.3658214676283067,0.4336758780060522
-0.00985422393192911,0.6440882309630988,0.9233498456250031,2.369754796463024,0.43321495688503825
-0.010043863813706248,0.6445970904126065,0.923739487563049,2.3736710543878834,0.4327535565862345
-0.010231093216380516,0.6450407548824416,0.9241256273473618,2.3775702582816516,0.4322911111097698
-0.01041586720579404,0.6454189333309189,0.9244624830967889,2.3814524240697086,0.4318280602614489
-0.01059814143707631,0.6457313780752266,0.923339605331012,2.3853175797099553,0.43136481230958634
-0.010777872165286759,0.6459778847610924,0.9237187090469904,2.3891657567799682,0.4309014724899481
-0.01095501625591334,0.6461582923375344,0.9240963594128215,2.3929969842969863,0.4304377915164194
-0.011129531195224663,0.6462724830368013,0.9244706823011182,2.3968112893975837,0.42997379254450924
-0.011301375100472981,0.6463203823596331,0.9233341020277116,2.4006087065009685,0.42951084312105137
-0.011470506729945932,0.6463019590658916,0.9222029558294316,2.4043893232421056,0.4290519526820413
-0.011636885492864263,0.646217225170634,0.9225774201040274,2.4081532625457447,0.42859661008610606
-0.011800471459123604,0.6460662359456202,0.9223062210597088,2.411900592001127,0.4281421748344318
-0.01196122536887724,0.64584908992627,0.9226723832805077,2.4156313652194483,0.42768874469121626
-0.012119108641958502,0.645565928924024,0.9223059111175634,2.41934563498893,0.42723640548561415
-0.012274083387139693,0.6452169380440452,0.9226662570725589,2.423043457352222,0.42678512547325337
-0.01242611241122589,0.6448023457081823,0.9215127324690203,2.426724899198769,0.426337956662871
-0.012575159227981093,0.6443224236830559,0.9218695806091826,2.4303901292162235,0.42589699839787293
-0.012721188066884773,0.6437774871131465,0.9222239779002023,2.4340392393142674,0.4254574029518857
-0.012864163881716474,0.6431678945586699,0.9210752120849575,2.4376723111013945,0.42502363874695126
-0.013004052358966983,0.6424940480380593,0.9214688846185726,2.4412895628204807,0.42459803396507134
-0.01314081992607331,0.6417563930747858,0.921811890348594,2.444891094735351,0.42417375341761465
-0.013274433759475778,0.640955418748232,0.9221525464088624,2.4484769735610716,0.4237514674102121
-0.013404861792495773,0.6400916577483053,0.9224911453820503,2.452047271027745,0.42333124069349426
-0.013532072723031448,0.639165686433419,0.9228284930069309,2.45560206030766,0.4229131805687544
-0.013656036021070142,0.6381781248914121,0.9223488627533025,2.459141415892335,0.4224971957784533
-0.013776721936015346,0.6371296370029725,0.922682484799713,2.4626654086852175,0.4220833589431245
-0.013894101503826794,0.6360209305070309,0.9230139922422075,2.466174116322547,0.42167194315895273
-0.014008146553971652,0.6348527570675534,0.922445697866719,2.469667616827844,0.4212627620151632
-0.014118829716185324,0.6336259123411148,0.922772185109321,2.4731459821746165,0.42085570889108737
-0.014226124427040174,0.6323412360445393,0.9230982308737531,2.4766092897099456,0.4204511629554949
-0.014330004936320674,0.6309996120218408,0.9224454051972474,2.4800576193013857,0.42004898768139853
-0.014430446313203171,0.6296019683096387,0.9227689347108016,2.483491045881808,0.4196491778557017
-0.014527424452239418,0.6281492772000912,0.9216027593188859,2.4869096868361664,0.41925908720247174
-0.014620916079141528,0.6266425553003562,0.9219182854384808,2.4903138718098226,0.41888241074360777
-0.014710898756367835,0.6250828635874642,0.9222325725465038,2.4937037600817997,0.4185088197744503
-0.014797350888507768,0.6234713074573907,0.9225453149680967,2.497079441358198,0.41813825523062575
-0.01488025172746451,0.6218090367670167,0.9228574348986978,2.5004410049223966,0.4177708056333695
-0.014959581377434718,0.6200972458675514,0.9231668428512962,2.5037885427422775,0.41740662942921963
-0.015035320799683227,0.618337173627845,0.9234752718762602,2.507122150813693,0.4170459268700273
-0.015107451817112202,0.6165301034459335,0.9228449547546909,2.510441952091871,0.4166940225940232
-0.015175957118623736,0.6146773632469764,0.9231646238049559,2.513748234448586,0.4163539362676663
-0.015240820263274264,0.6127803254656218,0.923484185024715,2.517041152558826,0.41601753965477195
-0.015302025684220469,0.6108404070106923,0.9238005248156075,2.5203208081208444,0.4156849132133245
-0.015359558692455096,0.6088590692098815,0.9241161343911266,2.523587302706029,0.4153560894432655
-0.015413405480332407,0.6068378177320329,0.9234842587763947,2.5268407708511136,0.4150373977750296
-0.015463553124881698,0.6047782024843473,0.922323671953533,2.530081590096599,0.41474302193181356
-0.01550998959090904,0.6026818174817117,0.9216481472382556,2.533310351050727,0.4144766125506035
-0.015552703733885462,0.6005503006851238,0.9219841377793465,2.5365275263497904,0.41422549502667777
-0.015591685302621746,0.5983853338060059,0.9223187906371183,2.539733303839231,0.4139791682349585
-0.01562692494172845,0.5961886420729713,0.922652598138804,2.5429278021109547,0.41373756242515913
-0.01565841419386138,0.5939619939574226,0.9233549341182342,2.5461111302072132,0.4134992432475341
-0.01568614550175119,0.5917072008541062,0.9237305025145762,2.5492833494772853,0.4132623026900323
-0.015710112210017026,0.5894261167125563,0.9240552658354952,2.552444519594612,0.4130283186484523
-0.0157303085667641,0.5871206376151238,0.9228958041331485,2.555594813349778,0.4128125564563745
-0.015746729724963576,0.5847927012970612,0.922293246976332,2.5587348165889265,0.4126210265041274
-0.015759371743616385,0.5824442866039105,0.9226647083632677,2.561864741990781,0.41243161491336283
-0.015768231588698757,0.5800774128812273,0.922977164511476,2.564984653375647,0.4122452759463003
-0.01577330713389036,0.5776941392914601,0.9218856652050632,2.5680947311096354,0.4120786491053458
-0.015774597161084723,0.5752965640525803,0.9212123277025868,2.571195658904818,0.41194850166268493
-0.015772101360681554,0.572886823592909,0.9220054623217443,2.574288016843244,0.41183568713900265
-0.01576582033166093,0.5704670916163556,0.9227624580556254,2.577371957180803,0.4117243895093742
-0.015755755581439667,0.5680395780721728,0.9230715498120865,2.5804475345990467,0.4116161627786339
-0.015741909525509513,0.5656065280231782,0.9238014863737987,2.5835148524831326,0.4115118937655366
-0.01572428548685742,0.56317022040629,0.9231279811716362,2.586574027070027,0.41141998197495483
-0.015702887695168078,0.5607329666791584,0.9234476323132388,2.5896254972453283,0.41134784995392476
-0.015677721285808802,0.5582971093466554,0.92377392684966,2.592669487530651,0.4112815638199515
-0.015648792298596944,0.5558650203609756,0.9240889518995092,2.5957061298154684,0.4112210967204656
-0.015616107676350705,0.5534390993891921,0.9234112304735078,2.5987356040090086,0.41117626190957257
-0.015579675263222426,0.5510217719422354,0.923743478525336,2.601758384282165,0.41115203769529196
-0.015539503802816412,0.5486154873594309,0.9226966078446875,2.6047747913002657,0.41115201130874107
-0.015495602936090348,0.5462227166430179,0.9216814233318931,2.60778569130282,0.4112042792635991
-0.015447983199041478,0.5438459501374008,0.9220001774894292,2.6107920559022557,0.4112908344866961
-0.015396656020178156,0.5414876950483026,0.9223207708248455,2.613794206519777,0.4113837099140639
-0.015341633717776887,0.5391504727975063,0.9216017648042901,2.616792329571969,0.41149345614184313
-0.015282929496926143,0.5368368162094933,0.921158626826473,2.6197869230478537,0.41162381276984245
-0.015220557446357164,0.5345492665269727,0.9214873383872636,2.62277816579979,0.41175782536243444
-0.015154532535062682,0.5322903702531426,0.9207170202001682,2.625766274321263,0.4119185130172259
-0.015084870608704438,0.5300626758194333,0.9210407581665243,2.62875209378461,0.4121160908854776
-0.015011588385810423,0.5278687300785223,0.9213704125490839,2.631735957486443,0.4123198943959144
-0.014934703453762303,0.5257110746235766,0.9206372121558485,2.6347180481051953,0.41254091060062925
-0.014854234264574735,0.5235922419359265,0.9215798597247038,2.6376988699771324,0.4127827849536907
-0.01477020013046686,0.5215147513647618,0.9219962269962176,2.6406785828695103,0.4130261295713527
-0.014682621219227502,0.5194811049438998,0.9223223784065555,2.6436572292112346,0.41327289330357375
-0.014591518549374946,0.5174937830522813,0.9215863242397466,2.6466349730755656,0.41353709149029655
-0.014496913985112662,0.5155552399264719,0.9208270865722697,2.649612387392898,0.41383541029698206
-0.01439883023108189,0.5136678990352217,0.9217895534973852,2.652590085836638,0.41415444016813857
-0.014297290826912905,0.5118341483279029,0.9221403131312952,2.655568230366376,0.4144765994151687
-0.01419232014157517,0.5100563353705106,0.922485783080981,2.6585469227211287,0.4148049161387243
-0.014083943367529345,0.5083367623847497,0.9228284047148222,2.6615262841486222,0.41513929131071725
-0.013972186514680952,0.5066776812076033,0.923169024879874,2.6645064344379286,0.4154797487306273
-0.013857076404138266,0.5050812881906066,0.9235092000476559,2.6674874936301802,0.41582632303656125
-0.013738640661775237,0.5035497190598252,0.9238485089684665,2.67046958295135,0.4161790735983852
-0.013616907711601473,0.5020850437592284,0.9248001996298871,2.6734528136603632,0.4165359877116144
-0.013491906768940765,0.5006892613017165,0.9240666019895504,2.676437292635881,0.416907277606483
-0.013363667833419262,0.4993642946534994,0.9244972732828154,2.6794235022562067,0.4172995368538496
-0.013232221681765917,0.49811198567875675,0.9254270874464783,2.68241159773982,0.4176933278986443
-0.013097599860426213,0.49693409017255435,0.9257609821404135,2.685401613308635,0.41809026291601736
-0.012959834677990988,0.49583227301077926,0.9260934477527547,2.6883936456353927,0.41849321454348126
-0.012818959197442786,0.49480810344637455,0.9264232242175122,2.691387810438937,0.4189021204264107
-0.012675007228220696,0.4938630505813993,0.9267532292697122,2.6943842235087865,0.4193171161115505
-0.012528013318106315,0.4929984790443373,0.9270787242098258,2.6973830015028666,0.41973811472772077
-0.012378012744932509,0.4922156449016615,0.9274044843288527,2.7003842600918526,0.4201651944746134
-0.012225041508116768,0.4915156918319116,0.9277267988244542,2.7033881139962763,0.42059810580726537
-0.01206913632002165,0.4908996475894256,0.9280477236615983,2.706394674911744,0.42103695743707037
-0.011910334597143947,0.4903684207833904,0.9289621399344401,2.709404046025667,0.42147974622361
-0.01174867445113484,0.48992279799613225,0.9298234677239646,2.7124162622030394,0.421923617084893
-0.011584194679653366,0.48956344126237783,0.9301340545135641,2.71543134826663,0.4223704379022783
-0.0114169347570552,0.48929088592886133,0.9304433630164594,2.7184493975585458,0.42282327134339576
-0.011246934824918823,0.4891055389109001,0.9297546135596972,2.7214705793002363,0.4232931056334135
-0.011074235682411981,0.4890076773596688,0.9290346728790526,2.7244954456971744,0.4237962774468948
-0.010898878776499818,0.48899744775071696,0.929151714837715,2.727524707959921,0.42434337578766196
-0.010720906191998043,0.4890748654010245,0.9294761455034772,2.730559335261129,0.4249283219756161
-0.010540360641472634,0.48923981441845227,0.9298912430815476,2.7335996304113714,0.42551674484792756
-0.010357285454989068,0.489492048083989,0.9302084653627658,2.736645623616941,0.42610763273050234
-0.010171724569713292,0.4898311896637437,0.9305242417038072,2.739697389118298,0.42670376559754924
-0.00998372251936705,0.49025673364418926,0.9308567772406978,2.7427551249066138,0.4273259514854415
-0.009793324423539987,0.4907680473808441,0.9300898788776856,2.7458196962295287,0.4279940151639508
-0.009600575976861113,0.49136437314740505,0.9301046284642381,2.7488917262475243,0.42867970832998625
-0.009405523438032512,0.4920448305693517,0.9305269520825148,2.7519713218093704,0.4293657619145388
-0.009208213618727085,0.4928084194232783,0.9308419350636947,2.7550584843841195,0.43005389296792546
-0.00900869387235439,0.49365402278072523,0.9316104097975606,2.758153370005763,0.43076578889715333
-0.008807012082695876,0.49458041047309814,0.9308171373274731,2.7612567637964736,0.4315193072820306
-0.008603216652412858,0.495586242852368,0.9317545920986035,2.764369219006252,0.4322883738259081
-0.008397356491430412,0.4966700748207313,0.9320702039864414,2.7674908297009138,0.433058991144006
-0.00818948100519898,0.49783036010119935,0.9337089009182871,2.770621724194031,0.4338503565895914
-0.007979640082837417,0.4990654557202635,0.93402025142591,2.77376254396016,0.43467023836812557
-0.007767884085159818,0.5003736266732642,0.9343287227264332,2.776913500464192,0.4354932096521628
-0.007554263832589149,0.501753050742943,0.9346345109443549,2.780074635135083,0.43631913450574483
-0.007338830592960656,0.5032018234418176,0.9349381443191659,2.7832459788294552,0.437147452770553
-0.007121636069217645,0.5047179630494555,0.9341200351861861,2.7864276016344087,0.4379859053479644
-0.006902732387003314,0.5062994157164793,0.9350403253377185,2.789619783588614,0.4388365435205797
-0.006682172082150567,0.507944060608101,0.9341905796057731,2.7928226156288325,0.43969423747041736
-0.006460008088073856,0.5096497150611917,0.9346275846831373,2.796036333963515,0.44056298226695073
-0.00623629372306533,0.511414139730263,0.9350589454404737,2.799260983065813,0.44143105192834214
-0.006011082677498712,0.5132350436993135,0.937848519339816,2.802496590690968,0.4423115536005972
-0.005784429000943918,0.5151100895381117,0.9369801074163261,2.805743613439369,0.44321729565473533
-0.005556387089195278,0.5170368982832964,0.939548738270451,2.809002410710357,0.4441413769956996
-0.0053270116712170025,0.51901305432645,0.9386522940406207,2.8122733657453325,0.4450833151337774
-0.005096357796008383,0.5210361101931951,0.9377177361743163,2.8155566974673656,0.44603416590454703
-0.004864480819392236,0.5231035911991944,0.9367456084548924,2.818852541590486,0.4469921829394055
-0.004631436390729929,0.525212999970806,0.9429410097561195,2.8221610046681946,0.4479561591664277
-0.004397280439565679,0.5273618208199352,0.9432549722197595,2.8254821492976645,0.4489221497626331
-0.00416206916220376,0.52954752396439,0.9435124778216618,2.8288159435195652,0.4498865062106632
-0.003925859008221703,0.5317675695867189,0.9437007654820418,2.832162325322941,0.4508489343762487
-0.0036887066669225774,0.5340194117261149,0.9438203013527833,2.83552123047208,0.45180935788972243
-0.003450669053729955,0.5363005019994636,0.9429086711356858,2.8388925986434237,0.4527686952760117
-0.003211803296528366,0.5386082931490103,0.9430129986896878,2.8422763934691258,0.45372710489447576
-0.0029721667219528903,0.5409402424154214,0.9430475468849245,2.8456725556910705,0.4546834348990272
-0.002731816841631189,0.5432938147361773,0.9433538959261283,2.8490810183695334,0.4556376418117179
-0.0024908113383807777,0.5456664857703177,0.9433173674415279,2.8525017152882324,0.4565897463332768
-0.002249208052365578,0.5480557447515042,0.9511047632681248,2.855934569348,0.4575377067281744
-0.002007064967214473,0.5504590971721988,0.9503002810499165,2.859379436227467,0.45847934995384815
-0.001764440196105607,0.5528740673025208,0.9561762064385528,2.862836176061157,0.4594142276457727
-0.001521391967819362,0.5552982005479447,0.9563494085420562,2.8663046042845504,0.4603419696333157
-0.0012779786127638535,0.5577290656505667,0.9565204748817827,2.8697846058312915,0.46126638612202214
-0.0010342585489758972,0.5601642567390854,0.9570760807743056,2.8732760927702667,0.46218785641161625
-0.0007902902681008491,0.5626013952330217,0.9572416023642536,2.876778988571952,0.46310650823745414
-0.0005461323213550444,0.5650381316069731,0.9574028894590098,2.880293205469389,0.46402167479448864
-0.00030184330547370557,0.5674721470208933,0.9575648271669737,2.8838186507615946,0.4649332862644713
-5.748184864801636e-05,0.5699011548225483,0.9577214794386263,2.8873552292234987,0.4658411991342016
0.00018689340354538836,0.5723229019283682,0.958233407869846,2.890902847413809,0.46674591461796333
0.0004312238022190155,0.5747351700889308,0.9583880093656205,2.8944614261110804,0.46764763801147263
0.0006754507092500182,0.5771357770453199,0.9585410650911056,2.898030874202785,0.4685456308870252
0.000919515511353038,0.5795225775825318,0.9586917713166401,2.9016110938293322,0.46943975250063635
0.001163359634147157,0.5818934644859709,0.96098533749314,2.9052019786734022,0.4703286834363315
0.0014069245562133724,0.5842463694070262,0.9611841211213453,2.9088033902773978,0.47121252206149006
0.0016501518231395679,0.5865792636434818,0.9613047507758347,2.912415236568507,0.47209316686565833
0.0018929830615491876,0.5888901588404178,0.9614232581655624,2.9160374196284162,0.4729695883993757
0.002135359993110683,0.5911771076170136,0.9615410826296243,2.9196698338430123,0.47384173036606886
0.002377224448523925,0.5934382041244987,0.9608420403928045,2.9233123538909194,0.47470574173332647
0.002618518381480604,0.5956715845402686,0.9612758813487854,2.926964740178399,0.4755601036585875
0.002859183882595084,0.5978754275029634,0.9616632876834971,2.93062687079248,0.4764116249417304
0.00309916319330232,0.6000479544931033,0.9615820379078317,2.9342986694261843,0.477260295190894
0.0033383987197196886,0.6021874301636132,0.9617500113735654,2.9379800546991452,0.47810516375730744
0.003576833046469247,0.6042921626243921,0.9618620533933053,2.941670913997089,0.47894495315510127
0.0038144089504570755,0.6063605036848178,0.962199535560777,2.945371131918957,0.4797805615156433
0.004051069414606659,0.6083908490578832,0.9614266117079262,2.9490805966629368,0.48060780915583556
0.004286757641542603,0.6103816385294362,0.9605822445850449,2.952799005299756,0.4814174353310554
0.004521417067221771,0.6123313560957869,0.9606914298007787,2.9565259999048252,0.48221352101844017
0.004754991374508453,0.6142385300727482,0.9607952235017446,2.9602613952779024,0.483003770035095
0.004987424506690066,0.6161017331789662,0.9598675849554172,2.9640050296375415,0.4837822977683545
0.005218660680930637,0.6179195825962264,0.9588662278891398,2.9677565262221677,0.4845391645640133
0.005448644401658304,0.6196907400092273,0.9577992025220721,2.971515418942915,0.48527276211337056
0.005677320473884068,0.6214139116271425,0.9566572713617972,2.9752812141261615,0.4859814692366844
0.0059046340164482765,0.6230878481891347,0.9554460510602379,2.9790533834396187,0.48666378290345347
0.006130530475191875,0.6247113449558249,0.9557371045404484,2.9828314238327107,0.48732837922109074
0.006354955636049125,0.6262832416885633,0.9558441346959291,2.986615152538871,0.48798797283049594
0.00657785563805867,0.6278024226182256,0.9545763488201918,2.9904043848317117,0.4886318992257578
0.006799176986290019,0.6292678164051132,0.9546950456385904,2.994198669857257,0.4892556931868411
0.007018866564681957,0.6306783960914183,0.9533587775832064,2.997997715459242,0.48986294672221903
0.007236871648790231,0.6320331790475908,0.9519403489693957,3.0018010038368024,0.4904398390312145
0.007453139918441151,0.6333312269138522,0.9504555648033032,3.0056079023642144,0.49098481740142946
0.0076676194702880954,0.6345716455379666,0.9505871580673265,3.0094178054804304,0.4915067942147668
0.007880258830268166,0.6357535849103315,0.9507146973957582,3.01323044038462,0.49202025027820184
0.0080910069659557,0.6368762390973075,0.9491543284955664,3.017045580798832,0.4925150619568825
0.008299813298809734,0.6379388461736668,0.9492896675857264,3.0208626957991584,0.49298598547003464
0.008506627716312738,0.63894068815495,0.9494216904370802,3.0246815054980716,0.4934481064524049
0.008711400583997211,0.6398810909304209,0.9494609777718512,3.028501840550474,0.49390345370228694
0.008914082757357894,0.6407594241972994,0.9478320855082858,3.032323540781423,0.4943425948447793
0.009114625593646048,0.6415751013968276,0.9461406444275516,3.036146027804141,0.4947464428263548
0.009312980963543693,0.6423275796527261,0.9443889474294592,3.0399685897250666,0.49511453990601156
0.009509101262714143,0.6430163597124812,0.9425789379731961,3.0437905084860666,0.495446531324532
0.009702939423226968,0.6436409858919208,0.943009984117492,3.047611126662257,0.4957552605532566
0.00989444892485419,0.6442010460234278,0.9411440322819169,3.0514301758128917,0.4960470223577864
0.010083583806234649,0.6446961714081532,0.9392285933066266,3.055247058889074,0.4963022659762897
0.010270298675904727,0.6451260367724966,0.9372603379211168,3.0590610493343773,0.4965208661649136
0.01045454872319194,0.6454903602291328,0.9377446538531469,3.0628714871172944,0.49671602062815806
0.010636289728969421,0.6457889032427918,0.9357205174403632,3.066678107354107,0.4968941971470268
0.010815478076268108,0.6460214706009901,0.9336581747420911,3.0704803151581728,0.49703582050597844
0.010992070760744845,0.646187910389859,0.9315487296726878,3.0742773945840525,0.49714135863306025
0.011166025401003034,0.6462881139752084,0.9293794049375584,3.0780686385202323,0.49721113135695066
0.011337300248763988,0.6463220159889088,0.9296030503533372,3.081853397770442,0.4972558475346595
0.011505854198886424,0.6462895943206726,0.9274055863522408,3.0856313474021584,0.4972813207650011
0.011671646799231446,0.6461908701152723,0.9251455556386387,3.089401912058815,0.4972722318870096
0.01183463826037071,0.6460259077751979,0.9259887784835049,3.0931644784032803,0.49724091457317193
0.01199478946513603,0.6457948149687607,0.9267871713310815,3.0969188626050674,0.4972057215012224
0.012152061978006964,0.6454977426435864,0.9275411941383694,3.1006650045055926,0.4971667697290441
0.012306418054335388,0.6451348850454356,0.927779494068494,3.1044028463602764,0.49712416106633667
0.012457820649403905,0.6447064797422597,0.9280031949084926,3.1081323238051852,0.4970760378662905
0.012606233427316456,0.6442128076533581,0.9282237820385506,3.111853302937004,0.49701939865126754
0.012751620769718778,0.6436541930834884,0.9284398209715159,3.1155656309840296,0.49695425380007435
0.012893947784346571,0.6430310037617362,0.9286494036061577,3.119269156185944,0.4968807035843545
0.013033180313399492,0.6423436508849364,0.9293652875206626,3.122963736469548,0.4968005277415671
0.013169284941738984,0.6415925891653663,0.9280947568348525,3.126649260107669,0.49670953855746913
0.01330222900490748,0.6407783168824499,0.9286313743404139,3.1303254267103924,0.49660459463480733
0.01343198059696805,0.6399013759381027,0.9288367556925702,3.133992109747465,0.49649449514571187
0.013558508578161392,0.6389623519153713,0.9289773699756214,3.137649196283066,0.4963783357614561
0.013681782582379426,0.637961874139929,0.9291709411428845,3.1412966142405376,0.4962570823503978
0.013801773024452839,0.6369006157439493,0.9293593202693974,3.1449342419195343,0.49612781911155296
0.013918451107251498,0.6357792937318519,0.9270901954144586,3.148561890210362,0.495980863818801
0.014031788828595656,0.6345986690473144,0.9272850506274009,3.1521790827117955,0.49581159569195965
0.014141758987976176,0.6333595466409149,0.9274836728248811,3.1557855893292133,0.4956346440144342
0.014248335193082771,0.6320627755376943,0.9276776516122427,3.1593812779669705,0.49545005308313156
0.014351491866137708,0.6307092489038537,0.9283954193610573,3.1629660282428396,0.49525969739102604
0.014451204250034698,0.6292999041117161,0.9285702732635116,3.1665397715775914,0.4950643644162782
0.014547448414280179,0.6278357228020197,0.9262624745577287,3.170102350670914,0.49485237436184176
0.014640201260736774,0.6263177309425078,0.9264569817452672,3.1736533212521687,0.4946194755337948
0.014729440529166572,0.6247469988816754,0.9269784918353863,3.1771924817782122,0.4943812260397238
0.014815144802573505,0.6231246413964602,0.9276808383018665,3.1807197821526665,0.49414008883058724
0.014897293512343295,0.6214518177325208,0.9253486840274043,3.184235135883021,0.4938857565494716
0.014975866943179995,0.6197297316356584,0.9255279069646004,3.1877381454835607,0.49361181583704344
0.015050846237837376,0.6179596313727937,0.9257194217957885,3.191228615561118,0.4933311701364969
0.015122213401644581,0.6161428097407948,0.9233523555499589,3.194706398288363,0.4930359952559445
0.015189951306824918,0.6142806040612921,0.9209514910006651,3.198171075716933,0.492715202068046
0.015254043696606302,0.6123743961595037,0.9211632409079133,3.201622214082411,0.49237739227783694
0.015314475189122791,0.6104256123248893,0.9213720478892578,3.2050596488012935,0.4920337095317951
0.015371231281106318,0.6084357232513288,0.9189431371969599,3.208483257712763,0.4916776651550406
0.015424298351367247,0.6064062439543355,0.9164887380379879,3.2118926950633253,0.4913001949157863
0.01547366366406345,0.6043387336626189,0.9140103519680675,3.2152875795285856,0.4909031871029036
0.015519315371756767,0.6022347956811505,0.914255786853158,3.2186675959960502,0.4904936584609008
0.015561242518256588,0.6000960772226599,0.9144938434726249,3.22203263188223,0.49007961010355666
0.015599435041248945,0.5979242692043187,0.9147269572015425,3.2253826272550414,0.4896611266085437
0.015633883774711685,0.5957211060061314,0.914955253919189,3.2287175249010454,0.4892383480883713
0.015664580451114136,0.5934883651873455,0.9155352689811559,3.2320372746173196,0.48881226983620363
0.015691517703401284,0.5912278671569958,0.9157549405834124,3.2353418549009243,0.48838336032037827
0.015714689066761975,0.5889414747944368,0.9159710388191984,3.238631220929861,0.4879502807630836
0.01573408898018013,0.5866310930155266,0.9161828738967361,3.241905323011052,0.48751334092604304
0.01574971278776963,0.584298668279881,0.9163891022253036,3.245164114792765,0.48707252166531484
0.015761556739891762,0.5819461880344015,0.9166658373518859,3.248407551587697,0.4866285234775622
0.01576961799405484,0.5795756800880655,0.9168644518280242,3.2516356174453853,0.48618217685911064
0.015773894615596504,0.5771892119127375,0.9170586230032269,3.2548482800226672,0.48573225119555485
0.015774385578148132,0.5747888898645923,0.9172664495236125,3.258045502235541,0.4852795962669195
0.015771090763881095,0.57237685832051,0.9174530603452455,3.261227274932244,0.48482477056563256
0.01576401096353502,0.5699552987236597,0.9182516807942658,3.2643935715697125,0.4843670941026343
0.015753147876227915,0.5675264285323364,0.9190051167216291,3.267544377943177,0.4839074738777572
0.015738504109048687,0.5650925000659605,0.9197135800381868,3.2706796877702886,0.48344607263500433
0.015720083176431157,0.5626557992420997,0.9202264644068902,3.273799497592882,0.4829830302709045
0.015697889499310703,0.5602186441982568,0.9203869484275883,3.276903803918346,0.48251778248470206
0.015671928404063236,0.5577833837922035,0.9205433785778341,3.2799925792568363,0.48204923638739805
0.015642206121227135,0.5553523959746144,0.9206950000231746,3.2830657907645904,0.48157764515931917
0.015608729784007513,0.5529280860278722,0.9191542766914317,3.2861233952124254,0.4811002183589271
0.015571507426564626,0.5505128846650383,0.9193103069901403,3.2891652688067676,0.48061598766182345
0.01553054798208561,0.5481092459831814,0.9168967399368012,3.292191353906166,0.4801270441154311
0.015485861280640504,0.5457196452655516,0.9170608335087758,3.2952015574454045,0.4796326390567379
0.015437458046823145,0.5433465766274227,0.9146350666616444,3.2981958408047727,0.47913483191817485
0.015385349897177342,0.5409925505008837,0.9148100310437098,3.3011741530922993,0.47863351907966656
0.015329549337408876,0.5386600909543899,0.9149815782344137,3.3041364843324965,0.47813080947609865
0.015270069759384186,0.5363517328435039,0.9151499999623965,3.3070828409653807,0.4776269301668413
0.015206925437916555,0.5340700187900087,0.9153151311468962,3.3100132307203354,0.47712180165005363
0.01514013152733996,0.5318174959874041,0.9154785821098859,3.3129276613322944,0.47661549360004357
0.0150697040578724,0.529596712831746,0.9130637813395447,3.3158261410823653,0.47610809147560373
0.014995659931768417,0.5274102153778722,0.9137813702797553,3.3187086856943,0.4756000862676769
0.014918016919262863,0.5252605436221982,0.9142948869655476,3.3215753160443904,0.4750915776748027
0.014836793654306025,0.5231502276145924,0.9149553309310599,3.324426052820957,0.47458244344465667
0.014752009630091672,0.521081783403207,0.9152280734538842,3.327260915174436,0.47407280249468253
0.01466368519437858,0.5190577088176623,0.9154356660401183,3.3300799294467347,0.4735630288218606
0.01457184154460733,0.5170804790975516,0.9130528266024871,3.332883128909501,0.47305403359867304
0.014476500722813049,0.5151525423749336,0.9132196006410235,3.3356705783297897,0.4725465885918336
0.014377685610335304,0.5132763150212264,0.9108323256996379,3.3384423287443683,0.4720410413990766
0.01427541992232674,0.5114541768707139,0.9091800528987278,3.3411984906982775,0.471540538579137
0.014169728202061605,0.5096884663347343,0.909354584077226,3.3439391901624016,0.4710436074479025
0.01406063581504536,0.5079814754224703,0.9095258434791889,3.346664495088461,0.47054772713884874
0.013948168942927316,0.506335444686136,0.907158470790421,3.3493744761733004,0.47005656658999095
0.013832354577216887,0.5047525581101461,0.9047987657424585,3.352069335734573,0.4695764504490736
0.013713220512805905,0.5032349379656466,0.90499995358126,3.3547493230734253,0.4691047136781413
0.013590795341297965,0.5017846396534321,0.9026604647513489,3.357414574888979,0.4686400221576109
0.013465108444146558,0.5004036465598306,0.9008978272368618,3.3600653694071894,0.4681907656520708
0.013336189985603673,0.49909386495152236,0.9011134002060713,3.3627020265938223,0.4677523550784305
0.013204070905480534,0.49785711893647133,0.8993584423752152,3.365324713157977,0.46732278382928366
0.013068782911722223,0.49669514551912075,0.9000816086498319,3.367933729408433,0.46690487460887714
0.012930358472797781,0.49560958977875946,0.9007532987136961,3.3705291890844395,0.4664874893316363
0.012788830809908055,0.49460200020040623,0.9009639198486075,3.373111131572003,0.466071532558413
0.012644233889012873,0.4936738241877483,0.901171387933156,3.375679639697524,0.4656591139198236
0.012496602412679088,0.4928264037875018,0.9013588806578414,3.378234810754401,0.46525017489459364
0.012345971811752338,0.4920609716540606,0.9015548113855294,3.3807767410409024,0.46484471024114055
0.012192378236853894,0.4913786472824984,0.8992963608069071,3.3833021609927063,0.4641065521947625
0.012035858549704388,0.4907804335367639,0.8998283045212054,3.3858078307313524,0.4633718452672816
0.011876450314277351,0.4902672134984188,0.9000201452728385,3.3882938213934786,0.4626379465357353
0.01171419178778421,0.48983974765937416,0.9005419920499254,3.3907601935587848,0.46190509821903797
0.011549121911492382,0.4894986714799114,0.9007245143034258,3.393207002023598,0.4611731129247525
0.011381280301379856,0.4892444933307832,0.898517964211354,3.395634323305881,0.4604445897555675
0.01121070723862734,0.4890775928354345,0.8991422794147259,3.3980422878342877,0.4597199499112654
0.011037443659951117,0.48899821962541734,0.8969653062926995,3.400430979777936,0.4589978932704982
0.01086153114777842,0.48900649251886397,0.8948234285132507,3.40280052262074,0.4582808541845147
0.010683011920267714,0.4891023991286033,0.8954200328931301,3.40515104605258,0.45756705097341155
0.010501928821176669,0.48928579590303783,0.895966093907531,3.407482617102798,0.45685382936560925
0.010318325309579887,0.489556408599473,0.8938600011255374,3.4097952929003568,0.4561427858769255
0.010132245449438757,0.4899138331860912,0.8942244642861414,3.4120891813058543,0.4554349330059085
0.009943733899026549,0.49035753716538666,0.8944744855224263,3.4143643514778916,0.45472792303365683
0.009752835900210404,0.4908868613085569,0.8947074809370036,3.4166208591303904,0.45402187388634707
0.009559597267593754,0.4915010217872076,0.8933082601134761,3.4188587665702816,0.4533176909095545
0.009364064377520818,0.4921991126857993,0.8935502059481816,3.4210781578089,0.4526156191269084
0.009166284156946617,0.4929801088755352,0.8937724945223702,3.423279097460916,0.45191457047685274
0.00896630407217471,0.493842869227986,0.8940079181703569,3.4254616432325053,0.4512145770872701
0.008764172117465501,0.4947861401445966,0.8942242058823674,3.4276258529954324,0.45051564836986907
0.00855993680351785,0.49580855937643536,0.8947240726188226,3.429771784148024,0.449817622620459
0.008353647145826733,0.49690866010707224,0.8926940876810677,3.4318994946122867,0.4491217569426715
0.008145352652919761,0.4980848752703573,0.8929227679264562,3.4340090895873954,0.4484290812208189
0.007935103314475405,0.49933554207409897,0.890954093777104,3.436100646692994,0.4477387433436601
0.007722949589325607,0.5006589067002298,0.889034390224059,3.438174274373773,0.44705263502860004
0.00750894239334607,0.5020531291519189,0.8893050638171682,3.440230085678525,0.4463693904217071
0.007293133087236526,0.5035162882183694,0.8874524652614594,3.4422681535812947,0.44568831830060085
0.007075573464194515,0.505046386528491,0.8877431711756824,3.4442885759795216,0.4450100394458173
0.006856315737485287,0.5066413556654763,0.8880419308483366,3.4462914174546246,0.4443325464735757
0.006635412527910713,0.5082990613153128,0.8883374753335093,3.448276729954643,0.44365599674174
0.006412916851180756,0.5100173084235099,0.888629097826427,3.4502445691583956,0.4429804910831374
0.006188882105189774,0.511793846335745,0.8891006747413704,3.45219498786777,0.4423057227412073
0.005963362057201419,0.513626373899703,0.8893710523015553,3.4541280338671014,0.44163160014901454
0.0057364108309446386,0.5155125445070698,0.8896386494417176,3.4560437561233344,0.4409582426685003
0.005508082893624381,0.5174499710564151,0.8879274862417172,3.457942211793016,0.4402869265715608
0.005278433042849537,0.5194362308195334,0.8882166030751688,3.4598234918675757,0.4396180863719722
0.005047516393481931,0.5214688701956719,0.8885029888528532,3.461687658011323,0.4389500535070266
0.004815388364408998,0.5235454093399237,0.8868795281538613,3.4635347627791164,0.43828334368005656
0.004582104665243451,0.525663346653915,0.8853139822902051,3.465364876167471,0.43761884543027146
0.004347721282953255,0.5278201631287185,0.8856459768255736,3.4671780823898746,0.4369564668439168
0.004112294468425104,0.5300133265316449,0.8841592047602179,3.468974442588145,0.4362956515676654
0.003875880722964369,0.5322402954302474,0.8835387899240629,3.470754035484625,0.43563698585392685
0.0036385367847351496,0.5344985230484421,0.8838902263662606,3.472516924012801,0.43497934079339423
0.0034003196151433045,0.5367854609511241,0.883328583225759,3.474263155608698,0.434322269827229
0.003161286385166065,0.5390985625550436,0.8836716200714047,3.475992779158085,0.4336660598958857
0.0029214944616312026,0.5414352864649676,0.8821256914011482,3.477705846971391,0.4330114605738902
0.0026810013934493375,0.5437930996353059,0.882482915079309,3.479402439401711,0.4323590063603542
0.002439864897802407,0.5461694803584211,0.881013242209533,3.481082620675692,0.4317085868123345
0.0021981428462918796,0.54856192108179,0.8819988566990663,3.4827464752113038,0.43105982465362824
0.0019558932510497836,0.5509679310569682,0.880515223546922,3.4843940401702427,0.4304115676263521
0.0017131742508161585,0.5533850388240668,0.879089506100677,3.4860253905592358,0.4297661612808055
0.0014700440969859334,0.55581079453602,0.8795114263986888,3.4876406060976026,0.4291223586408975
0.0012265611396289784,0.5582427721274802,0.8798556620417576,3.4892397355027867,0.42847892836355567
0.0009827838134862947,0.5606785713335634,0.8785096147649991,3.490822820868568,0.42783659591418205
0.0007387706239459739,0.563115819564039,0.8772195279302741,3.492389934329626,0.42719676964096465
0.0004945801330021801,0.5655521736387966,0.8776796328256644,3.4939411533922975,0.42655858583097617
0.00025027094520060916,0.5679853213906357,0.8764578178295828,3.4954765304795528,0.4259215654539941
5.9016935735778375e-06,0.5704129831415325,0.8769378680608652,3.4969961307700674,0.4252860881352872
-0.00023846897443153815,0.572832913058623,0.8757800526476116,3.4985000076804638,0.424651943153599
-0.0004827824110274462,0.575242900396137,0.8746689011637933,3.499988232553548,0.42402000809149737
-0.0007269799821621059,0.5776407706295162,0.8776772236214871,3.501460868064871,0.4233881634567859
-0.0009710030815906297,0.5800243864878616,0.8781812920209796,3.502917915319089,0.4227547331388578
-0.0012147931449405305,0.5823916488907531,0.8786803880074654,3.5043593987301818,0.42212162787207314
-0.0014582916637668486,0.5847404977953673,0.8791841353032182,3.5057853537804506,0.42148865473125974
-0.0017014401995938835,0.5870689129596514,0.8835169795656047,3.5071958071708953,0.42085425195293047
-0.0019441803979402263,0.5893749146271338,0.8840024375097355,3.5085907359952886,0.4202175865382534
-0.0021864540023234283,0.5916565641387661,0.8828972553232625,3.509970163213048,0.41958185623721606
-0.0024282028682414435,0.5939119644769931,0.8833900754050552,3.5113341487001297,0.4189474490120326
-0.0026693689771268864,0.596139260747014,0.8888560427052011,3.5126827271394285,0.4183113137914557
-0.0029098944502712405,0.5983366405999938,0.8893347457235712,3.514015861001834,0.41767222453896924
-0.0031497215627155437,0.6005023346027694,0.8882633729181415,3.51533356681578,0.4170338983726058
-0.0033887927571040074,0.6026346165583393,0.8887571504159573,3.516635900215433,0.41639666790774715
-0.003627050657497592,0.6047318037812344,0.8892351315499663,3.517922902373596,0.4157597449770445
-0.0038644380831438442,0.6067922573316241,0.889719237687307,3.519194610874324,0.4151231423165464
-0.004100898062200162,0.6088143822118083,0.8887071312885806,3.520451063650776,0.41448726061842067
-0.004336373845406595,0.6107966275285129,0.8877160991098377,3.5216923173720662,0.4138529950460706
-0.00457080891970551,0.612737486624219,0.8879804503625099,3.522918430958868,0.41321977333999976
-0.004804147021804434,0.6146354971805482,0.8885541402818415,3.5241294471145923,0.4125869173914375
-0.005036332151678883,0.6164892412965134,0.8890857197960672,3.525325401021326,0.41195423999194125
-0.005267308586012253,0.6182973455442912,0.8896802467341268,3.5265063264644816,0.41132176481242255
-0.005497020891569025,0.6200584810049633,0.8901565689972104,3.527672259181292,0.41068965732336493
-0.005725413938498555,0.6217713632865167,0.8906407729146071,3.528823236530711,0.4100579614766171
-0.005952432913565854,0.6234347525262327,0.8896885240774044,3.529959299308497,0.4094271093201647
-0.006178023333306686,0.6250474533794284,0.890168651577761,3.531080499106659,0.408797128544143
-0.0064021310571031765,0.6266083149963856,0.8907517229197514,3.5321868752120693,0.40816747352489474
-0.0066247023001773965,0.628116230989134,0.8898129629487509,3.5332784632122087,0.4075384142518409
-0.0068456836464993445,0.6295701393896722,0.8899574869837712,3.5343553150527938,0.406910473197757
-0.0070650220616067065,0.6309690226010288,0.8904322008674829,3.5354174738562794,0.40628298873471963
-0.0072826649053326885,0.6323119073425155,0.890901562138771,3.5364649771726095,0.4056558875542911
-0.007498559944439555,0.6335978645903516,0.8899816868673074,3.537497864103463,0.40502965599852525
-0.007712655365154244,0.6348260095147948,0.8890551615353233,3.5385161919021,0.4044050820508557
-0.007924899785603482,0.6359955014147745,0.8895543164306369,3.53952002000296,0.40378164659479443
-0.008135242268145172,0.6371055436509754,0.8886186028138603,3.540509391846262,0.4031590306411702
-0.008343632331593165,0.6381553835781992,0.8891058464102416,3.5414843610526874,0.402537565310693
-0.008550019963332609,0.6391443124777896,0.8896997872742298,3.5424449691256275,0.40191650219976305
-0.00875435563132252,0.6400716654908082,0.8887464274582079,3.543391258166997,0.40129662919533166
-0.008956590295983495,0.6409368215526041,0.8892284682408731,3.5443232883693017,0.4006782083752299
-0.009156675421966727,0.6417392033293485,0.8897159934634119,3.5452411056885818,0.4000602667574156
-0.009354562989802457,0.6424782771570414,0.8966795943882593,3.546144729155054,0.3994393199406831
-0.009550205507424296,0.6431535529834673,0.8970528569129526,3.5470340787373247,0.39881385141943915
-0.009743556021567124,0.643764584313507,0.8961228252311286,3.5479091626522505,0.3981894334529889
-0.009934568129035669,0.6443109681581657,0.8951531138255969,3.5487700402238676,0.3975668526395531
-0.010123195987841064,0.6447923449876678,0.8955269832767444,3.5496167760195165,0.39694575593149073
-0.010309394328202609,0.6452083986888699,0.8945099400410412,3.550449418801665,0.3963257482384902
-0.010493118463412443,0.6455588565272861,0.8945220811972641,3.5512680273596473,0.3957071855886846
-0.010674324300560005,0.6458434891138826,0.894833063366626,3.5520726456705356,0.39508895703671365
-0.010852968351114173,0.6460621103768849,0.8953445705893603,3.5528633062302823,0.3944710161980488
-0.011029007741360418,0.6462145775386959,0.8956976388924712,3.553640046730764,0.39385371919111634
-0.011202400222690026,0.6463007910980784,0.8960454431400351,3.5544029082192075,0.3932370707923114
-0.01137310418173983,0.6463206948176686,0.8963869514384742,3.555151932495776,0.3926212537543478
-0.011541078650379075,0.6462742757169064,0.8967248346760167,3.55588716613167,0.3920063638356273
-0.011706283315541592,0.6461615640703952,0.8972155063819206,3.556608651907215,0.39139212792643635
-0.011868678528900735,0.6459826334117179,0.8975434261485506,3.5573164295922948,0.3907784936583732
-0.012028225316384858,0.6457376005426775,0.8978661712400194,3.558010541205392,0.3901657582130222
-0.01218488538753081,0.645426625547925,0.8981840409031291,3.558691032156225,0.389553861523764
-0.012338621144673528,0.6450499118148894,0.8984968096042117,3.559357947701638,0.3889429769534693
-0.012489395691969225,0.6446077060589269,0.8989662262598708,3.5600113323069698,0.3883327427283782
-0.012637172844250305,0.6441002983535329,0.8988723022809145,3.5606512260813323,0.38772327225025416
-0.012781917135709621,0.6435280221654753,0.8993174567683956,3.5612776724120994,0.38711457525882736
-0.012923593828411989,0.6428912543946466,0.899147674255117,3.5618907122484527,0.38650663187428425
-0.013062168920631246,0.6421904154184052,0.8980679595584256,3.562490393358171,0.38590027453673226
-0.013197609155010436,0.6414259691401444,0.8983654595936157,3.5630767824874097,0.3852957321445118
-0.01332988202654344,0.6405984230417913,0.8988105589044506,3.5636499292772896,0.38469192474918884
-0.013458955790376061,0.6397083282398861,0.8991014769008537,3.564209872095925,0.3840887003436677
-0.013584799469424542,0.6387562795448506,0.897951122589294,3.5647566557245995,0.383487047091774
-0.013707382861809963,0.6377429155230369,0.8983992244777836,3.5652903488441687,0.3828873075175617
-0.013826676548106612,0.6366689185610382,0.8986827564610654,3.5658110006135715,0.38228836244481956
-0.013942651898402417,0.635535014931751,0.8974670797669863,3.566318656195082,0.3816908753535284
-0.014055281079169951,0.6343419748615751,0.8977476244775635,3.566813382213407,0.3810952909223839
-0.014164537059946523,0.6330906125981097,0.898198492118634,3.567295227851456,0.3805004601573799
-0.014270393619821183,0.6317817864775866,0.8984720533077963,3.5677642333318484,0.379906407877797
-0.014372825353727702,0.6304163989912893,0.8982521862880207,3.5682204416389918,0.37931326108206603
-0.014471807678541613,0.6289953968500237,0.8986967105548508,3.5686638938235573,0.3787206581636524
-0.014567316838980127,0.6275197710457228,0.8989617006770568,3.5690946254827645,0.3781287134052717
-0.014659329913303173,0.6259905569091121,0.8976818914218497,3.5695126818339826,0.377538424983801
-0.0147478248188146,0.6244088341622827,0.8974035644788105,3.569918133925522,0.3769502078769919
-0.0148327803171619,0.6227757269649331,0.8979438538728904,3.5703110300463528,0.3763626413707409
-0.014914176019433257,0.6210924039529049,0.898203985584729,3.5706914087153505,0.3757758303087512
-0.014991992391050857,0.6193600782675324,0.8968634430570103,3.571059315838521,0.37519074704961647
-0.015066210756458982,0.6175800075742071,0.8973236770300754,3.571414822994167,0.374607685374166
-0.015136813303606299,0.6157534940684007,0.8975797734698151,3.5717579766410945,0.37402532596549254
-0.015203783088220311,0.613881884467287,0.8978320830993839,3.5720888181693105,0.3734438604700022
-0.015267104037874213,0.6119665699849033,0.89808067778657,3.572407389516091,0.372863274306758
-0.015326760955844083,0.6100089862886912,0.8966653984706339,3.572713739748122,0.3722847082338678
-0.01538273952475591,0.6080106134350396,0.8971308387946444,3.5730079443574825,0.37170821038102153
-0.015435026310021888,0.6059729757813098,0.8963245164516672,3.5732900522522155,0.3711329557690055
-0.015483608763064552,0.6038976418716326,0.8955337681789975,3.573560121378895,0.37055950158672235
-0.015528475224328354,0.6017862242935654,0.8941184045931327,3.573818213652302,0.3699883652783021
-0.015569614926077975,0.5996403795025275,0.8931802937106988,3.574064407651667,0.3694198506461291
-0.015607017994982493,0.5974618076106917,0.8917297915472002,3.574298772889218,0.3688538435571134
-0.015640675454484828,0.595252252136827,0.8924196671718515,3.5745213886830105,0.3682900066088824
-0.015670579226956357,0.5930134997133693,0.8930784092861895,3.574732297358206,0.367726477373149
-0.015696722135635225,0.5907473797467492,0.8933687606544862,3.574931529533489,0.36716346181962467
-0.015719097906348838,0.5884557640268336,0.8936560553940086,3.5751191219666616,0.36660118195134117
-0.015737701169019545,0.5861405662810517,0.8939404208416022,3.5752951139047213,0.3660397638428005
-0.01575252745895369,0.5838037416686119,0.8942217169683945,3.5754595435133507,0.36547902609088395
-0.01576357321791286,0.5814472862099426,0.8939748700213731,3.5756124508426157,0.3649192317068102
-0.0157708357949679,0.5790732361463091,0.8944683301495916,3.575753874502265,0.36436005641392455
-0.015774313447135164,0.5766836672243325,0.8947440071969807,3.5758838505353236,0.3638016572534585
-0.01577400533979481,0.574280693899937,0.8950170275442124,3.576002417890226,0.3632440306348444
-0.01576991154689124,0.5718664684560625,0.8934930904620272,3.5761096195956954,0.36268821925373734
-0.015762033050915027,0.5694431800283357,0.8925102506072916,3.576205533861771,0.36213524832125227
-0.015750371742667347,0.5670130535327017,0.8927933491752489,3.5762902241894325,0.3615836950985982
-0.01573493042080623,0.5645783484889441,0.8930728573379454,3.5763637330225375,0.3610329024526848
-0.015715712791174823,0.5621413577339034,0.8933496807623313,3.57642609722125,0.3604828122176039
-0.015692723465911936,0.5597044060181497,0.8917720804727011,3.576477358428163,0.35993451279432565
-0.015665967962345366,0.5572698484798773,0.8901358345869389,3.57651759625433,0.3593896430630576
-0.01563545270166744,0.5548400689898038,0.888446122212458,3.576546903176581,0.35884840024772585
-0.015601185007394368,0.5524174783609533,0.8892419049615737,3.576565367583693,0.35830950814210377
-0.01556317310360819,0.5500045124173611,0.8895166542200417,3.5765730321575746,0.35777111413148854
-0.015521426112983364,0.5476036299159467,0.8897872691979204,3.5765699326603686,0.35723356858244704
-0.015475954054597252,0.5452173103161126,0.8900546478012129,3.5765561071371095,0.3566968013307834
-0.015426767841525581,0.542848051391965,0.890828695126501,3.57653159281195,0.35616081082559287
-0.015373879278223423,0.5404983666825651,0.8890778034789822,3.5764964299288318,0.3556266315065141
-0.015317301057692074,0.5381707827761156,0.8893390176880409,3.5764506965100566,0.3550950786696042
-0.015257046758432856,0.5358678364246913,0.8895956527508858,3.5763944427783683,0.3545643585772618
-0.01519313084118838,0.5335920714868414,0.889847978250075,3.576327704913547,0.35403441232975574
-0.015125568645472019,0.5313460356962728,0.8880401174635352,3.5762505267812936,0.353506542209143
-0.015054376385886343,0.5291322772557953,0.88619592519268,3.5761629954932506,0.3529826132244051
-0.014979571148231955,0.5269533412567985,0.8843227864486936,3.5760652078618573,0.35246237262596236
-0.01490117088540687,0.5248117659257213,0.882427745818318,3.575957260411572,0.35194609093404006
-0.01481919441309775,0.5227100787002965,0.8826903799420001,3.57583924688457,0.35143251435161205
-0.014733661405264515,0.5206507921397643,0.880779031682889,3.5757112225973495,0.3509210863079342
-0.014644592389418395,0.5186363996747668,0.8810438548402909,3.575573270209727,0.3504124356673382
-0.01455200874169571,0.5166693712042648,0.8813029862111084,3.575425439170368,0.3499046658774122
-0.014455932681727466,0.5147521485484752,0.8815592199132247,3.5752677667007764,0.3493977079784921
-0.014356387267306878,0.5128871407686487,0.8818115283900974,3.57510028770387,0.3488914975989625
-0.014253396388855595,0.5110767193662655,0.8820599442319059,3.57492303700551,0.34838609166268353
-0.014146984763690038,0.5093232133761241,0.8823032502048996,3.5747360511544732,0.3478815282915986
-0.014037177930089436,0.5076289043696326,0.8803901479869036,3.5745393720462224,0.34737907272123464
-0.013924002241166794,0.5059960213864757,0.880636907679268,3.574333080904364,0.3468793696826589
-0.013807484858544163,0.504426735814642,0.8808800057839339,3.5741172265716865,0.34638056067792133
-0.013687653745834097,0.5029231562405267,0.8811161601091831,3.573891846568327,0.3458826680928282
-0.01356453766192842,0.5014873232924949,0.881351942689568,3.5736569787291868,0.34538575479398653
-0.01343816615409631,0.5001212045027742,0.8815844883254651,3.5734126600470533,0.34488965673424193
-0.013308569550892959,0.4988266892139304,0.8796936077347697,3.5731589322613573,0.34439564556516
-0.01317577895488115,0.49760558355732454,0.8799291935429708,3.5728958768422756,0.34390467254226414
-0.013039826235166451,0.496459605531874,0.8780602162119598,3.5726235529067507,0.34341578767318454
-0.012900744019749031,0.49539038021216025,0.8763030994218949,3.5723420416423908,0.3429304143961429
-0.012758565687692937,0.4943994351152788,0.8765593727252742,3.5720514228220837,0.34244729052562767
-0.012613325361115363,0.49348819575596947,0.8746569368939242,3.571751741706755,0.34196573331239155
-0.012465057896997539,0.4926579814193096,0.8749218012427159,3.5714430663693677,0.34148648736941284
-0.012313798878819162,0.4919100011797039,0.8751824282016538,3.571125439552501,0.3410079427597577
-0.012159584608018484,0.49124535019400234,0.8754421519087534,3.5707988920380953,0.34053001770202873
-0.012002452095280253,0.49066500629529974,0.8756985425712488,3.5704634548930456,0.3400527834248634
-0.011842439051653234,0.4901698269123922,0.8759529394768288,3.5701191599218998,0.33957626626638443
-0.011679583879499873,0.48976054633792376,0.8768889296174558,3.5697660392933774,0.33910037712528673
-0.011513925663279677,0.4894377733659964,0.8771340946688848,3.5694041192873667,0.3386249301367423
-0.011345504160169403,0.48920198931748154,0.8751897471942378,3.5690334363517002,0.33815120135452437
-0.01117435979052129,0.4890535464684733,0.873291802633233,3.56865405425533,0.3376801251299559
-0.011000533628162583,0.48899266689427767,0.8713737709817009,3.5682660511312303,0.3372123667325074
-0.010824067390537803,0.48901944173814316,0.8718669996378763,3.567869505960001,0.33674690706739
-0.010645003428696937,0.48913383091056656,0.8721336621726574,3.567464459328322,0.33628212606398905
-0.010463384717131286,0.48933566322159444,0.8706081718843283,3.5670509482354187,0.3358190535574307
-0.010279254843459824,0.4896246369450544,0.869138165848335,3.5666290424885543,0.3353591207062051
-0.010092657997968348,0.4900003208101979,0.8692042332574728,3.5661988166803007,0.3349013198255643
-0.009903638963004056,0.4904621554128563,0.8694962176095204,3.5657603104153917,0.33444425503613856
-0.009712243102228107,0.4910094550349281,0.8697876201001088,3.565313555664103,0.3339879148716998
-0.009518516349728258,0.4916414098579228,0.8684025477721536,3.5648585872228518,0.33353316503147623
-0.00932250519899526,0.4923570885533872,0.8687091765794612,3.5643954671484597,0.33308048509964006
-0.009124256691764296,0.493155441230385,0.8687680619582684,3.5639242338880925,0.33262838164277714
-0.008923818406725577,0.49403530271784085,0.8674629884477166,3.5634449197644793,0.3321778072194686
-0.008721238448105293,0.49499539615750116,0.8677847438102396,3.5629575850570863,0.33172924581466146
-0.008516565434121116,0.49603433688151993,0.8657189600186305,3.5624622745174594,0.33128243407489877
-0.008309848485313973,0.4971506365472973,0.8636685889510353,3.561959057757094,0.3308387913364398
-0.008101137212759237,0.498342707501149,0.8640095029773011,3.561448009084558,0.33039724280120986
-0.0078904817061605,0.49960886734169585,0.8643492455406235,3.5609291632147504,0.3299561171717312
-0.007677932521828159,0.500947343653496,0.8632637042081928,3.5604025494931184,0.3295162099243253
-0.007463540670546166,0.5023562788814284,0.8622627892932732,3.5598682169314984,0.32907803782769085
-0.007247357605329714,0.5038337353166148,0.8613478625559148,3.559326215944736,0.32864180764316947
-0.007029435209076707,0.5053777001652513,0.8617563652496746,3.558776597821948,0.32820685397736843
-0.006809825782116238,0.5069860906725536,0.8621634844740891,3.558219391645154,0.32777230523864
-0.0065885820296565575,0.5086567592750959,0.8625686839168981,3.5576546198841332,0.32733815406788086
-0.006365757049136273,0.5103874987561177,0.8629725717068784,3.557082307881535,0.3269045345732995
-0.006141404317481086,0.5121760473798181,0.8608657067346422,3.556502483756615,0.32647218384827065
-0.005915577678269658,0.5140200939822526,0.8612679227752852,3.5559152027920695,0.32604168323218696
-0.0056883313288114004,0.5159172829981757,0.8616687001218117,3.5553204983932547,0.32561164876996357
-0.005459719807139369,0.517865219404933,0.8620678816293885,3.554718395203495,0.32518211698280663
-0.005229797978921352,0.5198614735663781,0.862466010049295,3.5541089168761317,0.3247529655853498
-0.004998621024292462,0.5219035859616141,0.8617672762423754,3.55349208718258,0.32432450958783543
-0.004766244424612154,0.5239890717852529,0.8621873155885248,3.5528679387967403,0.32389682374314727
-0.004532723949148867,0.5261154254076923,0.8626059523252205,3.552236495785148,0.32346953272755075
-0.00429811564169577,0.5282801246857121,0.8630880193146174,3.551597783039948,0.3230427964566371
-0.004062475807120499,0.5304806351154103,0.8635033991978577,3.55095182436489,0.3226164897681973
-0.0038258609978522166,0.5327144138211425,0.862940428941424,3.550298643971252,0.3221907440964634
-0.003588328000309372,0.5349789133757008,0.8634242319245163,3.549638267478166,0.32176547961594565
-0.003349933821271151,0.5372715854483988,0.8638570944643472,3.5489707162360182,0.32134043058748496
-0.0031107356741961957,0.5395898842791148,0.8643318164470596,3.5482960091215814,0.3209157122175149
-0.002870790965491622,0.5419312699775584,0.862270943108255,3.547614172805116,0.3204923359651546
-0.0026301572807357074,0.5442932116481851,0.8617611957828802,3.54692526363391,0.3200709493826575
-0.0023888923708577396,0.5466731903421729,0.8622446127168858,3.546229317008348,0.31964998366308195
-0.0021470541382779475,0.5490687018388092,0.8602172858736279,3.545526357423566,0.3192302782032187
-0.001904700623011293,0.5514772592594105,0.860649466150017,3.544816439577402,0.31881238457001887
-0.0016618899887380753,0.5538963955176016,0.8610805254381467,3.5440995939527826,0.3183947906327189
-0.001418680508845017,0.556323665610382,0.8615105594600935,3.543375838524297,0.31797734786840787
-0.0011751305524398158,0.5587566487548742,0.8619393182030374,3.5426451903301057,0.317560091890107
-0.0009312985703429084,0.5611929503760844,0.8615200882673125,3.5419076675674415,0.31714307573912454
-0.0006872430810596,0.5636302039513202,0.8611656622483214,3.5411632883429185,0.31672621322683786
-0.0004430226567357756,0.566066072717145,0.8616381456634812,3.5404120695779393,0.31630958668493836
-0.00019869590910096685,0.568498251244946,0.8621103594959495,3.539654028646853,0.3158931514202679
4.567852459818528e-05,0.570924466891298,0.8603568736075364,3.538889194012748,0.3154782810288047
0.0002900419956706662,0.5733424811293468,0.8608162730932293,3.5381176199220006,0.3150651869857265
0.0005343358580563898,0.5757500907674761,0.8612966287622016,3.5373393377626807,0.3146524669618134
0.0007785014824010434,0.5781451290614575,0.8609772679957278,3.5365543675403557,0.31423997932838993
0.001022480270126843,0.5805254667262105,0.8614509608685115,3.535762725330116,0.31382764410347935
0.0012662136674958513,0.5828890128532067,0.8625627712333082,3.5349644289068207,0.31341557733700964
0.0015096431796626844,0.5852337157393923,0.8636301199590083,3.5341594941400674,0.31300344402353836
0.0017527103847129362,0.5875575636333641,0.8633719870356475,3.5333479352857244,0.31259150494198623
0.0019953569476841653,0.5898585854043356,0.8638485320518293,3.5325297678668885,0.3121796845866489
0.002237524634565978,0.592134851139255,0.8643204848664403,3.531705009489502,0.3117680772424041
0.0024791553262760177,0.594384472673202,0.8647910911382403,3.5308736766300406,0.3113566490257328
0.002720191032608111,0.5966056040580164,0.8646013372011078,3.530035786153867,0.31094529878007365
0.002960573906149769,0.5987964419738449,0.8644174870785023,3.529191347912363,0.31053364513363524
0.0032002462561652343,0.6009552260881038,0.8649069288381033,3.5283403713417676,0.31012202321327453
0.0034391505624409764,0.6030802393661185,0.8647532946198958,3.5274828701313403,0.30971016077193736
0.0036772294890902754,0.6051698083374676,0.8652612410266333,3.526618850228585,0.30929813892515273
0.003914425898313533,0.6072223033218546,0.8651097959209552,3.525748324696258,0.3088860440928334
0.004150682864111177,0.6092361386181032,0.8656234380961311,3.5248713002116787,0.30847355231323753
0.004385943685945425,0.6112097726596577,0.8666480688592363,3.5239877844555725,0.30806083609796625
0.004620151902348396,0.6131417081397689,0.8652378300612154,3.523097790889468,0.3076488221283412
0.004853251304472373,0.6150304921093394,0.8657331449884348,3.522201355082626,0.307237585711207
0.005085185949579767,0.6168747160502278,0.8662242204077679,3.5212984969541923,0.3068267881676593
0.005315900174469091,0.6186730159265846,0.8648901215889493,3.520389244677637,0.30641726114134227
0.00554533860883383,0.6204240722166693,0.8653820279574523,3.5194736419701242,0.3060088626655788
0.005773446188551088,0.6221266099273809,0.8643919251380686,3.5185517119692076,0.30560104676084304
0.00600016816889672,0.6237793985936114,0.8651885891708313,3.5176234874933243,0.3051941620256087
0.006225450137683722,0.625381252264344,0.8648270744154305,3.516688989809689,0.30478742325055347
0.006449238028321002,0.6269310294773011,0.8639331139493707,3.5157482353329974,0.30438120013492653
0.006671478132789015,0.628427633223805,0.8643911224091958,3.5148012553791146,0.30397588298683115
0.006892117114529492,0.6298700109053618,0.8648902358158986,3.513848071810455,0.303570831931886
0.007111102021245917,0.6312571542833976,0.8653404329503241,3.5128887008573573,0.3031658603858867
0.007328380297611855,0.6325880994234334,0.8648803907550268,3.5119231558790167,0.3027609886390343
0.0075438997978839835,0.6338619266348866,0.8658129151089319,3.5109514553210843,0.30235656542370953
0.007757608798416727,0.6350777604075871,0.8666268610276354,3.509973619061773,0.3019524530671599
0.007969456010075827,0.6362347693460176,0.8661379125707904,3.508989664836831,0.30154862484841544
0.008179390590547378,0.6373321661021686,0.866633302571417,3.50799961195127,0.3011451592284845
0.008387362156539806,0.6383692073078585,0.8670730435889895,3.5070034788166304,0.300741948737932
0.008593320795875565,0.6393451935072544,0.8665398410302274,3.5060012808802385,0.3003389482954057
0.008797217079469883,0.6402594690902986,0.8674027323774618,3.5049930386222643,0.29993636901288445
0.0089990020731934,0.6411114222276427,0.8668333154616361,3.5039787684955805,0.2995340239960431
0.009198627349616288,0.6419004848076644,0.867664138103489,3.502958493196222,0.2991323040387881
0.009396044999630372,0.6426261323760591,0.8684712738826013,3.501932232019808,0.29873079468861197
0.009591207643947304,0.6432878840784721,0.8688915840504295,3.500900002814983,0.2983296707426307
0.00978406844446934,0.6438853026065621,0.8698889367624983,3.4998618236099164,0.2979285984759895
0.00997458111553006,0.6444179941478682,0.8702992644225779,3.4988177024849003,0.2975273821489873
0.010162699935002906,0.6448856083397879,0.8707056584740149,3.4977676513972296,0.29712613948834765
0.01034837975527423,0.6452878382279484,0.8699968775945113,3.496711685144958,0.29672549494817724
0.010531576014078461,0.6456244202292138,0.8703983359887568,3.4956498342634363,0.2963257860900873
0.010712244745192894,0.6458951340995372,0.8711440068741209,3.494582125909527,0.29592669599465016
0.010890342588989233,0.6460998029068221,0.8718497286068039,3.4935085786060345,0.29552775407200194
0.011065826802839938,0.6462382930089504,0.8725198521579411,3.4924292067679588,0.29512896607784667
0.011238655271376023,0.6463105140370787,0.8729005164592533,3.4913440258711796,0.2947304372129932
0.011408786516594644,0.6463164188842969,0.8732784596178428,3.490253055820693,0.29433243973600276
0.01157617970781362,0.6462560036996949,0.8736532223170247,3.4891563172801323,0.2939347964498695
0.011740794671470567,0.646129307887881,0.8740249144025471,3.48805382862986,0.29353751077340307
0.011902591900764387,0.6459364141139411,0.8743931962206685,3.486945608975312,0.29314062667422924
0.012061532565136725,0.6456774483138223,0.8735856609524969,3.4858316792262554,0.2927444947555907
0.012217578519591111,0.6453525797100885,0.8739482854066178,3.4847120725304266,0.2923493872047641
0.012370692313847428,0.6449620208329602,0.8743068885385136,3.483586813456324,0.2919547514830485
0.012520837201330121,0.6445060275465415,0.8746624566889095,3.4824559212056503,0.29156045098615324
0.012667977147986871,0.6439848990800916,0.873762242965352,3.4813194166229113,0.29116704604968263
0.012812076840936808,0.6433989780641655,0.8742295287572542,3.4801773355952386,0.2907746487778469
0.012953101696945357,0.6427486505714367,0.8768594903817623,3.4790296944165138,0.290381595839036
0.01309101787072393,0.6420343461619537,0.8795624399679038,3.477876471651453,0.28998635743290135
0.013225792263052915,0.6412565379325652,0.8822109952134971,3.476717631985912,0.289588667870789
0.013357392528725118,0.6404157425702033,0.8830077933775461,3.475553143239355,0.28918966154264925
0.01348578708430842,0.6395125204086695,0.883334696853625,3.474383011877808,0.28879100465185903
0.01361094511572585,0.638547475488531,0.8822359172064101,3.4732072612840006,0.28839348232185613
0.01373283658565061,0.6375212556196843,0.8810492585158974,3.4720259397914153,0.28799824528947604
0.013851432240715073,0.6364345524460873,0.8797797864783641,3.470839105294821,0.2876053987537101
0.013966703618531244,0.6352881015121077,0.8784342733016548,3.469646819180673,0.28721519702319626
0.014078623054521821,0.6340826823298913,0.8787541477022355,3.4684491418017123,0.286826851580282
0.014187163688559361,0.6328191184470585,0.8790710315535385,3.4672461033548516,0.28643901162909496
0.014292299471412768,0.6314982775140001,0.87985663026906,3.4660377252568466,0.28605170613465314
0.014394005170998798,0.6301210713499517,0.8803554853804759,3.464824025772698,0.2856647366930237
0.01449225637843773,0.6286884560069533,0.8789383369186847,3.4636050321717162,0.28527942957995034
0.01458702951391145,0.6272014318307068,0.8792458741101072,3.4623807977497005,0.2848958854197645
0.014678301832322344,0.6256610435172651,0.8777608417956299,3.4611513556927074,0.28451377568704755
0.014766051428752144,0.62406838016438,0.8842514302727488,3.4599167470909316,0.284131112015644
0.014850257243718858,0.6224245753162333,0.8847417875204728,3.4586769144898515,0.28374512891782405
0.0149308990682312,0.6207308070001617,0.885023947899652,3.457431850747241,0.28335956739759083
0.015007957548638352,0.6189882977538673,0.8853023374054316,3.4561815772156708,0.28297461136693375
0.015081414191274848,0.6171983146414858,0.8855770234015179,3.454926115781038,0.28259022035742815
0.015151251366899137,0.6153621692567309,0.8858484650504731,3.453665488727341,0.2822064396406139
0.015217452314924253,0.6134812177112138,0.8863554327156054,3.4523997186656286,0.28182318852553856
0.01528000114744048,0.6115568606058682,0.8866196388883104,3.4511288239608073,0.2814404172142368
0.01533888285302824,0.6095905429832542,0.8936446872440689,3.4498528132014665,0.2810554889924491
0.015394083300360859,0.6075837542583599,0.900192511325487,3.448571598725817,0.28066446959394625
0.015445589241595907,0.6055380281253183,0.8987132909450813,3.4472850928943894,0.28027127003916374
0.015493388315554777,0.6034549424373024,0.8991278164112461,3.445993325174596,0.27987988645793477
0.01553746905068917,0.6013361190566521,0.8975668588134712,3.444696324024323,0.27948967535801145
0.015577820867834156,0.5991832236720805,0.8977701388763115,3.4433941449617893,0.279101708676441
0.015614434082747443,0.5969979655796293,0.8979709449806358,3.442086824925412,0.27871459475861377
0.015647299908433113,0.5947820974238018,0.8981684680610684,3.4407743889615614,0.27832812758439324
0.015676410457250822,0.5925374148950995,0.8983612137065522,3.439456860080097,0.2779423160004096
0.01570175874280855,0.5902657563799698,0.8985520945902769,3.438134260250257,0.2775569569860247
0.015723338681639464,0.5879690025589415,0.8987387550384695,3.4368066078220907,0.2771721050199789
0.0157411450946618,0.585649075948503,0.8970605019876717,3.4354739311435325,0.2767889994629282
0.015755173708421964,0.5833079403820534,0.8976837879874158,3.4341362889701164,0.27640794182393924
0.015765421156119966,0.5809476004250375,0.8982366598945815,3.4327937084330267,0.27602710941201025
0.0157718849784175,0.5785701007191575,0.8965167063711258,3.4314462042977074,0.27564707751560624
0.015774563624028296,0.5761775252503459,0.8947505206223538,3.4300938302984814,0.2752702918662522
0.015773456450090328,0.5737719965349899,0.8929525895063382,3.4287366648866486,0.2748969949825874
0.01576856372231989,0.5713556747187102,0.8911380863039575,3.4273747885238888,0.2745273015725011
0.015759886614948232,0.568930756581834,0.8893214851322948,3.4260082826639677,0.2741612051151393
0.015747427210439497,0.5664994744455719,0.8897662227050398,3.4246372220001495,0.27379740979137934
0.01573118849899094,0.5640640949727682,0.8879640592479671,3.4232616418545234,0.2734352394723838
0.0157111743778153,0.5616269178570392,0.8861897167105417,3.4218816094909466,0.27307659455194644
0.015687389650205715,0.5591902743940581,0.8866414580811005,3.420497196319639,0.27272005322060716
0.015659840024382535,0.5567565259287323,0.8863319906701687,3.4191084274086188,0.27236382739605536
0.015628532112123752,0.5543280621720912,0.8867690015917258,3.4177153222056815,0.27200812490227166
0.015593473427177977,0.5519072993817832,0.8851009899594261,3.416317900343026,0.2716536976690353
0.015554672383461405,0.5494966784002576,0.8834902829699355,3.414916221064954,0.2713024627684496
0.015512138293038219,0.5470986625449438,0.8819499880334998,3.4135103551084156,0.27095422550277104
0.015465881363885917,0.5447157353450363,0.8822166624018478,3.41210036408642,0.270607912457283
0.015415912697445511,0.5423503981199033,0.8826240416784158,3.4106862757736125,0.2702620286160975
0.015362244285957073,0.5400051673945991,0.8811856925571204,3.409268109125688,0.26991730826179355
0.015304889009581726,0.5376825721485528,0.8798434698344473,3.4078459139707973,0.26957511776281684
0.015243860633310524,0.535385150894152,0.8801470856129741,3.4064197424846876,0.26923441533366366
0.01517917380366078,0.5331154485827636,0.8789278828357329,3.404989621097284,0.26889486436848764
0.015110844045161092,0.5308760133365646,0.8778222923432296,3.403555593244832,0.2685572720199995
0.015038887756625565,0.5286693930056049,0.8781638850337284,3.4021176987983255,0.26822072424736104
0.014963322207218006,0.5264981315506007,0.877196255671492,3.4006759584635398,0.26788493597390245
0.014884165532307569,0.5243647652532011,0.8775710255707632,3.399230402518926,0.26755022607179707
0.014801436729116208,0.5222718187567871,0.8777012518826038,3.397781049500661,0.2672156382759286
0.014715155652159627,0.5202218009423214,0.8769661226795928,3.3963279077306847,0.26688132335975084
0.014625343008482134,0.5182172006452872,0.8763502536699794,3.394870999776306,0.26654797459788243
0.014532020352687023,0.5162604822214053,0.8768570974675594,3.3934103490968797,0.2662151751838929
0.014435210081763813,0.5143540809705088,0.8770271913746637,3.391945966755638,0.265882166449341
0.014334935429712769,0.5125003984297579,0.8766108126021169,3.3904778528974338,0.2655489167503044
0.014231220461969077,0.5107017975491746,0.8762990660292642,3.389006015514681,0.2652157951228502
0.014124090069627098,0.5089605977643551,0.8760840372415328,3.3875304636547416,0.26488270324350066
0.014013569963466803,0.5072790699830722,0.8766083892754027,3.386051204197248,0.2645495719247627
0.013899686667783118,0.5056594315043175,0.876494260549973,3.384568243758605,0.26421627369989614
0.013782467514020309,0.504103840890146,0.876455565626125,3.3830815811915516,0.263882369105909
0.013661940634212673,0.5026143928124017,0.8764810467817145,3.3815912103226613,0.2635476942704816
0.013538134954232797,0.5011931128980284,0.8765580896965197,3.3800971215237485,0.2632121449312796
0.013411080186849566,0.4998419525981457,0.8766801833165172,3.3785993049312713,0.26287569003716554
0.013280806824597296,0.49856278410740196,0.8768252064611848,3.3770977479042137,0.26253821071026506
0.013147346132457537,0.49735739536121304,0.8769710993622395,3.3755924410940916,0.26219997555113184
0.013010730140355788,0.4962274851393955,0.8775820432222571,3.3740833758595303,0.261861124908236
0.01287099163547442,0.4951746583053148,0.8781860795982684,3.372570553811903,0.26152208660858045
0.012728164154383794,0.49420042121002655,0.8787857527813417,3.3710539786897797,0.26118288641779525
0.012582281974993755,0.4933061772908981,0.878928482870154,3.3695336536175455,0.2608432117202188
0.012433380108327115,0.49249322289391995,0.879041369771784,3.3680095684933242,0.2605024785942806
0.012281494290117129,0.4917627433482762,0.8796315977625078,3.366481712743807,0.2601610988453284
0.012126660972231097,0.49111580932076154,0.880072630620965,3.364950089011297,0.25981985763262655
0.011968917313922012,0.4905533734762991,0.8806530637770121,3.363414711295812,0.2594788930019328
0.011808301172910766,0.4900762674691458,0.881226845512726,3.3618755884195095,0.25913792539350394
0.01164485109630011,0.48968519928737253,0.8817878190660322,3.3603327295213816,0.25879705585254253
0.011478606311323924,0.4893807509708752,0.8808436617040382,3.358786147583987,0.25845709950768425
0.011309606715932606,0.4891633767205911,0.8812083825640888,3.3572358798633397,0.2581184720047571
0.011137892869217705,0.48903340141372853,0.8817656577675499,3.3556819465629193,0.2577800902286799
0.010963505981678282,0.4889910195367542,0.8823376781429219,3.354124360535678,0.2574419871069186
0.010786487905330266,0.48903629454462405,0.8824630991019802,3.352563129654009,0.2571036162418011
0.010606881123662155,0.48916915865140326,0.8825148654098625,3.3509982518853354,0.25676472848847737
0.010424728741439482,0.4893894130539339,0.8824811060910878,3.349429726862975,0.25642555101022474
0.01024007447435962,0.48969672858676955,0.88235230997586,3.347857555353541,0.2560860650950871
0.010052962638560233,0.490090646803137,0.8828861133019883,3.3462817411382644,0.2557465158347015
0.009863438139983798,0.4905705814733103,0.8834128586919116,3.3447022918977996,0.2554070248749876
0.00967154646360022,0.4911358204885618,0.8837011190238724,3.343119216452951,0.2550676859458956
0.009477333662490652,0.4917855281557768,0.883939021882158,3.3415325261767377,0.2547285826754513
0.009280846346795175,0.492518747864973,0.8844515308898223,3.3399422339661373,0.25438973499687245
0.00908213167252636,0.49333440510938514,0.8849566648139963,3.338348349337755,0.2540509303969218
0.00888123733025214,0.4942313108354476,0.8846648868367685,3.3367508807081974,0.25371223888159533
0.008678211533650323,0.4952081650980475,0.8853378765436928,3.33514984009235,0.2533738513939346
0.008473103007937587,0.49626356099472785,0.8859541888789019,3.3335452379265136,0.2530355346622231
0.008265960978175465,0.49739598885121905,0.8864319379989617,3.331937084271397,0.2526973903074227
0.008056835157456825,0.49860384062970164,0.8869032005015026,3.330325387680844,0.2523592609450365
0.00784577573497483,0.4998854145305904,0.8874259607818392,3.3287101553357945,0.25202112417366096
0.007632833363977681,0.5012389197583245,0.8878853819328202,3.3270913942225637,0.25168278568410457
0.007418059149612286,0.502662481421707,0.8883850871291202,3.3254690971976655,0.25134365928477964
0.007201504636659128,0.5041541455396907,0.8885243957671826,3.3238432681453363,0.25100478849733937
0.00698322179716186,0.5057118841241198,0.8890307363205445,3.3222139200030036,0.25066618076542896
0.006763263017954062,0.5073336003118522,0.8891235190667035,3.3205810625127876,0.2503276974937001
0.006541681088086983,0.5090171335197978,0.8886614225527784,3.318944708762396,0.2499896710919103
0.006318529186160135,0.5107602645977352,0.887138687922091,3.317304879728372,0.249652858326492
0.0060938608675588,0.5125607209552491,0.8865939751984352,3.3156616072697056,0.24931650025836044
0.005867730051601012,0.5144161816407748,0.8849545308375567,3.314014901942956,0.24898113037005415
0.005640191008597085,0.5163242823524385,0.8854741385907743,3.312364805066429,0.24864723719215817
0.005411298346825154,0.5182826203622108,0.8859079422623207,3.3107113357805815,0.24831352460183806
0.005181106999425324,0.5202887593367083,0.886418510826986,3.3090545035272863,0.24797991529541222
0.004949672211215942,0.522340234039869,0.8868408655983757,3.3073943176597247,0.24764646290506828
0.00471704952543529,0.5244345549045576,0.8868889620034235,3.30573078548506,0.24731290005522738
0.0044832947704113646,0.5265692124620045,0.886896843958276,3.3040639152411844,0.24697965286559648
0.004248464046163236,0.5287416816197279,0.8850472100817139,3.302393725575977,0.24664772336468324
0.0040126137109375215,0.5309494257803309,0.8843992859379354,3.300720263690106,0.24631770947815787
0.0037758003676825144,0.533189900795172,0.8836213596457626,3.2990435604847406,0.24598862529899898
0.0035380808504639006,0.5354605587484407,0.8840207822471424,3.2973636419234107,0.24566036247696296
0.003299512210824692,0.5377588515686392,0.8820612121457534,3.295680530028636,0.24533347521779295
0.0030601517040932382,0.540082234465748,0.8801352820078762,3.2939942780029288,0.2450094020403677
0.002820056775642125,0.5424281691936276,0.8801082566254339,3.292304942955432,0.2446871376072406
0.0025792850471017463,0.5447941271382786,0.880511263089315,3.2906125478623367,0.24436521698354732
0.0023378943025311534,0.5471775922335917,0.8810194999215152,3.2889171074320376,0.24404381965710714
0.002095942474550348,0.5495760637070962,0.8814141476658504,3.287218634286323,0.24372250798756112
0.0018534876304366259,0.5519870586590101,0.8818034350986871,3.2855171373210195,0.24340146454272962
0.001610587958188756,0.5544081144785229,0.8821871314490479,3.2838126275863346,0.24308063726443926
0.0013673017525620767,0.5568367911018678,0.8825646136406475,3.2821051166470756,0.24276015429559542
0.0011236874010781541,0.5592706731171695,0.8804461564664817,3.28039462230299,0.24244101242397745
0.000879803370011937,0.561707371721472,0.8808202852887658,3.278681192686703,0.2421236960353243
0.0006357081903601765,0.5641445265356411,0.8811879918870817,3.276964849557251,0.24180668282477394
0.0003914604437942944,0.5665798072830812,0.8815518161038024,3.2752456043838434,0.24148995796499315
0.00014711874860103919,0.5690109153383617,0.8820294733018642,3.273523468223465,0.24117352372598755
-9.725825438562869e-05,0.5714355851519387,0.8823834074240102,3.271798460065569,0.2408579716105658
-0.0003416119158580751,0.5738515855572399,0.8827329074480444,3.2700705990095282,0.24054295386393776
-0.0005858835921104373,0.5762567209663264,0.8830782280315457,3.2683398970265283,0.24022792929585432
-0.0008300146591130149,0.5786488324603491,0.8834171290717117,3.2666063601323083,0.23991308748177742
-0.001073946526581595,0.5810257987808972,0.8823998565314123,3.2648700004450615,0.2395989154054223
-0.001317620652038884,0.5833855372282406,0.8812692788497171,3.2631308489934443,0.23928644243692376
-0.0015609785548644877,0.5857260044723142,0.8791666568460461,3.2613889494510575,0.23897617837797194
-0.0018039618303298587,0.588045197282149,0.8796393748282706,3.259644353206904,0.23866758259893323
-0.002046512163615277,0.5903411531792282,0.8801079855129122,3.2578970781489303,0.23835912080179827
-0.002288571343805024,0.5926119510201028,0.8804252226646256,3.2561471325299944,0.23805084721523093
-0.0025300812778578075,0.594855711513352,0.8804234050552543,3.254394527759234,0.2377429488284661
-0.002770984004548718,0.5970705976757742,0.8803860757336786,3.2526392755833706,0.23743531609024274
-0.003011221708379766,0.5992548152324699,0.8782682277066335,3.2508813925376456,0.2371290065457092
-0.0032507367334551744,0.6014066129652633,0.8761848989604211,3.2491209274300727,0.2368253015553639
-0.0034894715973186894,0.6035242830136562,0.8761390542090589,3.247357931270772,0.23652300566264045
-0.0037273690047489164,0.6056061611323256,0.8740181328923519,3.2455924251470005,0.23622200731863832
-0.003964371861510057,0.607650626908917,0.8719376279731388,3.243824460399967,0.23592380785270492
-0.004200423288054144,0.609656103945693,0.8707996656186201,3.2420540968797855,0.23562810439626009
-0.00443546663317188,0.6116210600083832,0.8712669547469845,3.2402813766765908,0.23533347207003322
-0.0046694454875887,0.6135440071453553,0.8700671306452027,3.2385063168531802,0.23503972514945784
-0.004902303697502686,0.6154235017800535,0.8703840079286239,3.236728952877997,0.2347475409074028
-0.005133985378061222,0.6172581447794561,0.8700957987048912,3.2349493065037382,0.23445578395640926
-0.005364434926773115,0.6190465815010991,0.8704065675807782,3.233167390862768,0.23416443960633607
-0.0055935970368528294,0.6207875018210596,0.8707137674757491,3.231383219235004,0.23387359995116702
-0.0058214167104940154,0.6224796401451136,0.8710169489764741,3.229596806667792,0.23358324607481615
-0.006047839272068558,0.6241217754051364,0.8714726953668049,3.227808165216239,0.23329319442377358
-0.006272810381248542,0.6257127310426406,0.8717691599586145,3.2260173054345977,0.23300348067391954
-0.006496276046047682,0.627251374981224,0.8720613706255226,3.2242242396325134,0.23271418659983
-0.006718182635779092,0.6287366195895574,0.8723502879295744,3.2224289795939267,0.23242525977274167
-0.006938476893926446,0.6301674216364124,0.8726359922724409,3.2206315387177513,0.23213679407482285
-0.007157105950925219,0.6315427822391203,0.872918684851861,3.218831928289786,0.23184861868815773
-0.00737401733685122,0.6328617468067286,0.8716098300590542,3.2170301634799623,0.2315615586592535
-0.0075891589940130615,0.6341234049790164,0.8702499424963289,3.215226285163188,0.2312767636501843
-0.007802479289445692,0.6353268905624584,0.8688507116875933,3.21342034427982,0.23099430453083206
-0.008013927027302224,0.6364713814640913,0.8689519083344939,3.2116123874213494,0.23071337186374768
-0.008223451461140542,0.6375560996241989,0.8692308263610699,3.209802433249066,0.23043279470069675
-0.008431002306102291,0.6385803109486015,0.8696816442712012,3.2079904931631815,0.23015258075536912
-0.00863652975098096,0.6395433252413282,0.8699540734761549,3.2061765792479213,0.2298728890356472
-0.008839984470176379,0.6404444961382978,0.8703990351040954,3.2043607069628677,0.2295937528011908
-0.009041317635532512,0.6412832210426574,0.870841443110974,3.202542891785787,0.229315157856551
-0.00924048092805616,0.6420589410622985,0.8687987871371443,3.2007231492533545,0.22903767380301862
-0.009437426549513113,0.6427711409500548,0.8673128708183299,3.1989015215882954,0.22876252336727884
-0.009632107233899588,0.6434193490470266,0.8675727346666793,3.1970780552109397,0.22848887419359276
-0.00982447625878587,0.644003137229419,0.8678301585081085,3.195252767168886,0.22821550961859186
-0.010014487456529388,0.6445221208592523,0.8680852269178554,3.1934256688330405,0.22794252123474787
-0.010202095225354754,0.6449759587392434,0.8674844343838821,3.1915967659884763,0.22766955631897856
-0.010387254540298008,0.6453643530721357,0.8677375261394825,3.189766067417223,0.22739697694280453
-0.010569920964012375,0.6456870494247187,0.8681762363966393,3.187933585855448,0.2271249260867806
-0.010750050657432982,0.6459438366967164,0.868424795654884,3.186099333909091,0.22685329548867994
-0.010927600390298102,0.6461345470947347,0.8677345858707978,3.1842633244767815,0.2265821304691483
-0.011102527551524088,0.6462590561113875,0.8679803825657187,3.182425569331009,0.22631133212135243
-0.011274790159431926,0.6463172825097228,0.8682254181334772,3.18058607855573,0.2260408463871145
-0.011444346871822641,0.6463091883130165,0.8684689160298558,3.1787448637052846,0.2257709001078561
-0.011611156995899144,0.6462347787999898,0.8669527626635946,3.1769019427927914,0.22550215350585878
-0.011775180498032375,0.6460941025054752,0.8671946317910016,3.1750573526743766,0.2252348710328717
-0.011936378013369182,0.645887251226525,0.8656702215410895,3.1732111164251053,0.22496883532023632
-0.012094710855279646,0.6456143600339334,0.8641505014310448,3.1713632768433655,0.22470507479062596
-0.012250141024641767,0.6452756072891147,0.8621693309118386,3.1695138808306433,0.22444354748440337
-0.012402631218960963,0.6448712146662464,0.8624137174787838,3.1676629748788945,0.22418361159218303
-0.012552144841322591,0.6444014471795791,0.860485264074959,3.1658105797870966,0.22392465806524176
-0.012698646009174959,0.6438666132157427,0.8588818306972539,3.1639567319492623,0.22366773851083988
-0.012842099562941049,0.6432670645709005,0.8573229932059402,3.162101476815314,0.22341298103733806
-0.012982471074456544,0.6426031964925247,0.8558197794140461,3.1602448587858625,0.2231602437961411
-0.013119726855232522,0.6418754477255569,0.8560789975870632,3.1583869165921525,0.2229087959346
-0.013253833964540374,0.6410843005626744,0.8563364084432357,3.1565276658500228,0.2226576572747573
-0.013384760217317717,0.6402302808983449,0.856592808266322,3.154667115369017,0.22240685369586535
-0.013512474191892283,0.6393139582863033,0.8568492791349117,3.152805274608772,0.22215640204107168
-0.01363694523752321,0.6383359460000504,0.8571042658796844,3.1509421539655365,0.22190636705135697
-0.013758143481757098,0.6372969010959147,0.8573577915087053,3.149077764993525,0.22165682671138592
-0.01387603983759705,0.636197524478173,0.8563622856776779,3.147212119896498,0.22140782788815996
-0.013990606010483598,0.6350385609656711,0.8554652872891084,3.145345234733828,0.2211595241676348
-0.014101814505085226,0.6338207993593155,0.8546633147010463,3.143477124637039,0.22091180649848155
-0.014209638631897024,0.6325450725097518,0.85525403987948,3.1416078018450753,0.22066445619759803
-0.014314052513646145,0.6312122573844738,0.855478254512505,3.1397372741359724,0.22041737091629104
-0.014415031091502144,0.6298232751335261,0.855701233437194,3.1378655510670375,0.22017062985937474
-0.014512550131091147,0.6283790911528958,0.8555139917596991,3.1359926365200934,0.21992369049572386
-0.01460658622831161,0.6268807151445812,0.855729200521046,3.1341185284422073,0.2196767240754457
-0.014697116814951748,0.6253292011722564,0.8559418607715187,3.132243235521687,0.21943024845106604
-0.014784120164105234,0.6237256477113324,0.8558318188403007,3.1303667663049413,0.21918369240342528
-0.014867575395385956,0.6220711976921146,0.8558253334380128,3.128489112402261,0.21893642061926047
-0.014947462479938951,0.6203670385346524,0.8560242660825765,3.126610267207156,0.21868910831012556
-0.015023762245247435,0.6186144021737382,0.8562226611434658,3.1247302396658916,0.21844229813103602
-0.015096456379733994,0.616814565072399,0.8564200536069886,3.1228490414895758,0.21819590811643377
-0.015165527437155305,0.6149688482220759,0.8544031250260896,3.1209666872342154,0.21795072052085013
-0.015230958840789123,0.6130786171275557,0.8546088292312628,3.1190832148552237,0.21770713633252364
-0.015292734887412632,0.6111452817745494,0.8559377077737789,3.117198639674176,0.2174632111481856
-0.015350840751071286,0.6091702965776632,0.8561357668732669,3.115312944650592,0.21721856012807006
-0.015405262486636621,0.6071551603063379,0.8541041052783345,3.1134261373134864,0.21697514488050745
-0.015455987033153354,0.6051014159861372,0.8543119997151357,3.111538259622036,0.21673363914915275
-0.015503002216973845,0.603010650772615,0.8545189836868425,3.1096493322818213,0.21649245228868635
-0.015546296754679624,0.600884495794757,0.8547254593522174,3.107759363800537,0.21625165759917941
-0.01558586025578946,0.5987246259648276,0.8549312761108726,3.1058683647353544,0.2160113710608186
-0.01562168322525308,0.5965327597512179,0.8576264372794956,3.103976345128825,0.21577064218650294
-0.015653757065729697,0.5943106589107041,0.8556204592530041,3.1020832811910233,0.2155294329354216
-0.01568207407965154,0.5920601281762756,0.8537194804147039,3.1001892027470643,0.21529038312872678
-0.015706627471071235,0.5897830148965076,0.8542047765347854,3.0982941505831425,0.21505279935822683
-0.015727411347292716,0.5874812086222015,0.852419806017736,3.0963981445254904,0.21481623597014463
-0.015744420720285424,0.5851566406357969,0.8507677580082992,3.094501220757367,0.2145817217160193
-0.01575765150788148,0.5828112834188467,0.8492577486959353,3.092603418383672,0.21434878829992282
-0.01576710053475546,0.580447150052618,0.8478982188855836,3.0907047700996926,0.21411753617512932
-0.01577276553318612,0.5780662935466566,0.8514849680046392,3.088805307080757,0.21388678272944664
-0.01577464514360119,0.5756708060899745,0.8501254591568872,3.0869050149167996,0.21365533940231762
-0.015772738914903096,0.5732628182192954,0.8504290943756204,3.0850039074921605,0.21342487074126265
-0.015767047304577595,0.5708444978986346,0.8492451015334184,3.083101999401631,0.21319515221689525
-0.01575757167858384,0.5684180495043165,0.8482155338308706,3.0811993126716692,0.2129664872310733
-0.015744314311026623,0.56598571270941,0.847341146667807,3.079295867222007,0.21273862913834402
-0.015727278383610484,0.5635497612614447,0.8477223410024737,3.0773916781665123,0.21251126342661164
-0.015706467984876217,0.5611125016471914,0.8529954779916097,3.0754867459867627,0.2122827316118923
-0.015681888109219673,0.558676271638269,0.8533548065683086,3.073581029300687,0.21205247709020877
-0.015653544655692977,0.5562434387113396,0.8538569529916525,3.071674524051223,0.2118225829017884
-0.015621444426588959,0.553816398336708,0.8596358589333704,3.06976722910028,0.21159145372418417
-0.01558559512580847,0.5513975721292703,0.8599682809970701,3.067859100995053,0.21135842204887
-0.01554600535701168,0.5489894058559188,0.8610626498656745,3.065950132248961,0.21112565737408678
-0.015502684621553015,0.5465943672937866,0.862114884333869,3.0640403278069797,0.21089296451109182
-0.015455643316201008,0.5442149439339975,0.8624371112026048,3.0621296913255955,0.21066046063354527
-0.015404892730643202,0.5418536405260599,0.8689526181620323,3.0602182226986865,0.21042675901964678
-0.015350445044776518,0.5395129764584665,0.8685910217725018,3.0583058755133323,0.21019100524719253
-0.015292313325784151,0.5371954829717311,0.8681783909891817,3.056392642599553,0.20995563518507016
-0.01523051152499969,0.5349037002007309,0.8672667446855657,3.0544785351189616,0.20972093980434042
-0.015165054474558598,0.5326401740440563,0.8664706285179705,3.052563571850406,0.2094870824386274
-0.015095957883838749,0.5304074528589755,0.8657849940074533,3.0506477685471443,0.20925382115119173
-0.015023238335690331,0.528208083981629,0.8652033806223385,3.0487311381761852,0.2090211440676059
-0.014946913282455803,0.5260446100732207,0.8647162325848595,3.046813693097298,0.20878888796659897
-0.014867001041781508,0.523919565294216,0.864312638865213,3.044895440082734,0.20855673313167458
-0.01478352079222169,0.5218354713098958,0.8730798737916257,3.0429763723006866,0.20832285931259154
-0.014696492568635484,0.519794833132113,0.872713159779615,3.0410564341686133,0.20808664202552454
-0.014605937257378823,0.5178001348036162,0.8730971251086238,3.039135613067813,0.20785045739236516
-0.014511876591291726,0.5158538349329844,0.8740914779771916,3.037213910246941,0.2076142511769085
-0.014414333144482485,0.5139583620899391,0.8808063678580177,3.035291321938991,0.20737679260546374
-0.014313330326910187,0.5121161100725733,0.8805114225439691,3.0333678033506546,0.20713726874752686
-0.014208892378766165,0.5103294330598853,0.8808424693313698,3.031443342790141,0.20689781502529897
-0.014101044364656671,0.5086006406648639,0.8811723804301945,3.029517943186086,0.20665837320543154
-0.013989812167587429,0.5069319929052203,0.8815012295710677,3.027591607132089,0.20641900508165298
-0.013875222482751724,0.5053256951107223,0.8812181881142822,3.025664338054702,0.20617969838104774
-0.013757302811123969,0.5037838927878352,0.8815503061667056,3.023736138741099,0.2059404597140577
-0.01363608145285924,0.5023086664641256,0.8818810581051731,3.021807013675095,0.20570140329025538
-0.013511587500501635,0.5009020265364452,0.8822107345981136,3.019876969447669,0.2054626142105738
-0.013383850832002164,0.4995659081483716,0.8825388532171339,3.0179460118039034,0.20522396134467902
-0.013252902103548106,0.4983021661236642,0.8822305358689773,3.016014145189469,0.20498541728698286
-0.013118772742205667,0.4971125699835663,0.882556921959583,3.014081373039018,0.2047469704516064
-0.01298149493837777,0.4959987990765935,0.882880928189719,3.01214770065271,0.20450874223184162
-0.012841101638078362,0.49496243785005395,0.8825187928825488,3.010213132277294,0.20427056187611595
-0.012697626535025557,0.49400497129278154,0.882097941886406,3.00827767514898,0.20403295692000778
-0.012551104062555439,0.49312778057855805,0.8816092035584041,3.0063413437096584,0.20379593820478079
-0.012401569385358075,0.49233213893931577,0.8819156050637216,3.0044041511263653,0.2035593996069311
-0.012249058391038114,0.49161920779651835,0.8813416943923813,3.0024661060735487,0.20332329392997098
-0.012093607681502212,0.4909900331780474,0.8806859716661286,3.0005272234595175,0.20308798274679676
-0.011935254564174403,0.49044554244653527,0.880973377138052,2.9985875217866425,0.2028533802007463
-0.011774037043042725,0.4899865413633289,0.8813695726808459,2.996647009345403,0.20261885965983278
-0.011609993809538413,0.4896137115102006,0.8816511404479785,2.994705690674778,0.20238462334377638
-0.011443164233250038,0.4893276080885568,0.8819293462794577,2.992763566862322,0.2021498000395605
-0.011273588352475066,0.4891286581132136,0.8822043506610492,2.9908206253969194,0.20191439400497865
-0.011101306864610963,0.4890171590149299,0.8823415659172018,2.988876861363929,0.20167885463112287
-0.010926361116387763,0.48899327766276723,0.8826182730491903,2.986932271096532,0.20144309740183833
-0.010748793093945302,0.4890570498140581,0.8828907035973316,2.984986858207555,0.2012075766663987
-0.01056864541275659,0.489208379996405,0.8831597130274466,2.983040628414695,0.20097222696239958
-0.01038596130740041,0.4894470418226401,0.8823467476628418,2.981093587742586,0.2007373667312226
-0.010200784621185056,0.48977267873623176,0.8826015813091403,2.9791457547873708,0.20050333113908958
-0.010013159795626407,0.49018480518117236,0.8828530852590157,2.9771971398360453,0.20026952923194472
-0.009823131859781944,0.4906828081870513,0.8830185531702183,2.975247749639604,0.20003598973159428
-0.009630746419444038,0.4912659493568015,0.8831371292054906,2.9732975906589623,0.19980270461070865
-0.009436049646194976,0.49193336724159,0.8835168863777659,2.9713466694497144,0.19956964326547055
-0.00923908826632573,0.49268408008452896,0.8837598692155336,2.9693949913513284,0.19933677229813349
-0.009039909549621925,0.4935169889123483,0.8839994731670163,2.9674425621328155,0.1991041109229386
-0.008838561298019628,0.4944308809519241,0.8842361142568372,2.965489388111147,0.19887177408073575
-0.008635091834132589,0.4954244333466468,0.884469713302053,2.9635354785195873,0.1986398119144487
-0.008429549989655527,0.49649621714600983,0.8847005837894012,2.961580840706112,0.19840809549561134
-0.00822198509364443,0.4976447015405605,0.8850689482624484,2.959625481103982,0.19817660026209732
-0.008012446960677995,0.4988682583134559,0.8852933156358659,2.9576694041283442,0.19794526183453895
-0.007800985878902347,0.500165166479318,0.8855147583185187,2.95571261586887,0.19771414501062742
-0.0075876525979620205,0.5015336170808744,0.8857326734362823,2.9537551208985944,0.19748317706860188
-0.00737249831682042,0.5029717181139586,0.8860927809684016,2.9517969237215893,0.19725233698497951
-0.007155574671472228,0.5044774995518815,0.8863041379395791,2.9498380280874366,0.1970216553020313
-0.006936933722551051,0.5060489184408582,0.8865143857976114,2.947878439092084,0.19679113519706773
-0.00671662794283511,0.5076838640391312,0.887229966926543,2.9459181619077572,0.19656083355727105
-0.006494710204654028,0.5093801629735824,0.8874307766119198,2.9439572015766173,0.19633074468418665
-0.00627123376719977,0.5111355843890057,0.8876286631157351,2.9419955653372605,0.19610096116794024
-0.006046252263744502,0.5129478450667108,0.8878234780638777,2.9400332594144043,0.19587139143368323
-0.0058198196887692,0.5148146144908045,0.8880152785368816,2.9380702905438745,0.19564214383697204
-0.005591990385004842,0.516733519842212,0.8882006016861251,2.9361066668821745,0.19541325265789805
-0.005362819030390807,0.5187021509023397,0.88838601652488,2.934142396708759,0.19518471179964472
-0.005132360624952041,0.5207180648501122,0.8885689681310944,2.932177488279904,0.1949565062591283
-0.004900670477599667,0.5227787909380027,0.8887493445294297,2.930211949196574,0.19472887198953992
-0.004667804192856854,0.5248818350344898,0.8889263230986519,2.9282458103646762,0.1945031212452989
-0.004433817657514167,0.5270246840222391,0.8895746209821576,2.9262790940491,0.19427781824242615
-0.0041987670272169006,0.5292048100430155,0.8897449295994173,2.924311809146745,0.19405284120411737
-0.003962708712988039,0.5314196745820771,0.8900733439171664,2.9223439621823264,0.19382807121710863
-0.0037256993676898532,0.5336667323863666,0.8902389544630006,2.9203755577007766,0.19360348850573203
-0.003487795872427549,0.5359434352123713,0.8900262958104911,2.9184066021638575,0.19337927244693076
-0.0032490553228980007,0.5382472354009015,0.890207936332218,2.916437105123368,0.19315543563626988
-0.003009535015687091,0.5405755892773756,0.8903862351074856,2.914467073250505,0.19293187651674035
-0.002769292434518779,0.5429259603773776,0.8905622409273082,2.9124965141466466,0.19270865044241514
-0.0025283852364594074,0.5452958224983377,0.890886740841579,2.9105254361347876,0.19248580047887537
-0.0022868712380800346,0.5476826625791643,0.8896809400874,2.9085538493059166,0.19226377930095148
-0.0020448084015810115,0.5500839834105142,0.8898445853412458,2.9065817794476483,0.19204284285257817
-0.0018022548208811175,0.5524973061791303,0.8900058814084362,2.9046092380080486,0.1918221731609309
-0.001559268707675443,0.5549201728503439,0.8901647320940338,2.9026362315981995,0.1916017804903792
-0.0013159083774647517,0.5573501483933716,0.8903240314789057,2.9006627657623403,0.19138158532069216
-0.0010722322355601244,0.5597848228545046,0.8903726255443836,2.898688845088838,0.19116147448592577
-0.0008282987630659266,0.5622218132836516,0.8904766516059447,2.896714468888826,0.19094120314754254
-0.0005841665028446347,0.564658765520004,0.8906613235391956,2.8947396367422065,0.19072107525392884
-0.00033989404546682576,0.567093355842775,0.890844970097729,2.892764355278033,0.1905012405027467
-9.554001514969607e-05,0.5695232924931599,0.8910257689973891,2.890788630542309,0.1902817218506601
0.00014883694431239673,0.5719463170737076,0.891198309735134,2.8888124755534266,0.19006295557885133
0.0003931781836222626,0.5743602058313677,0.8914499616554004,2.8868359014662315,0.18984448607553744
0.0006374250620553471,0.5767627708304378,0.8916204098088839,2.8848589118538808,0.18962610150223558
0.0008815189615332473,0.5791518610215893,0.8902984097749852,2.8828815148596076,0.18940852588048845
0.0011254013006917714,0.5815253632130761,0.8888404679282187,2.880903735666575,0.18919240355437797
0.0013690135489402536,0.5838812029500738,0.888744857719422,2.8789256025061984,0.18897719744999789
0.001612297240508489,0.5862173453079851,0.8889061372930507,2.8769471217372673,0.18876202656481278
0.001855193988478257,0.5885317956053593,0.8873732039396206,2.874968298740281,0.18854757805979985
0.0020976454987960366,0.5908226000418868,0.887520233109808,2.8729891602369824,0.18833438160224236
0.0023395935842631514,0.5930878462667357,0.8876641524869725,2.8710097193631734,0.18812146224746085
0.002580980178500515,0.5953256638822881,0.8882694815366371,2.8690299810203594,0.18790869041898747
0.0028217473498841827,0.5975342248881098,0.8865995706781616,2.867049951592186,0.1876967518696944
0.0030618373154487804,0.5997117440697646,0.8848344810425539,2.8650696637512514,0.1874868505560811
0.0033011924547550007,0.6018564793368739,0.8829968685449073,2.863089160573733,0.18727926972258124
0.003539755323718413,0.6039667320145761,0.8831063625414424,2.8611084915141247,0.18707365505889123
0.00377746866839558,0.6060408470923349,0.8834354519177131,2.859127674869714,0.18686831248404256
0.004014275438724859,0.6080772134338179,0.8835408364708066,2.857146715327486,0.18666326289015206
0.0042501188022180955,0.6100742639513489,0.8841213516210902,2.855165620930809,0.18645855972751949
0.004484942157600141,0.6120304757482405,0.8846624407247646,2.8531843962531362,0.18625399380224186
0.004718689148392908,0.6139443702320839,0.882768734996662,2.851203048282047,0.1860503580957367
0.0049513036764406194,0.6158145132019067,0.8808519659101508,2.849221610693132,0.1858488535431009
0.005182729915373167,0.6176395149118948,0.881170753738705,2.847240126730073,0.1856489584103423
0.005412912324004076,0.6194180301142066,0.8792613748031544,2.845258614641615,0.18545018619540654
0.005641795659660171,0.6211487580832249,0.8773853471360226,2.8432771147441738,0.18525386520689868
0.0058693249914396235,0.6228304426234379,0.8774869409183971,2.841295671397431,0.18505915596538552
0.006095445713394982,0.6244618720629663,0.877807978621716,2.8393143007708477,0.18486481624219064
0.006320103557638378,0.6260418792346162,0.8779012327159412,2.8373330081947516,0.184670720779149
0.006543244607365625,0.6275693414462062,0.8779988999927346,2.835351800200791,0.18447703862501466
0.006764815309795881,0.629043180441748,0.8780960432702077,2.833370685159864,0.18428377746423122
0.006984762489024153,0.6304623623549795,0.8763186533555583,2.831389674728175,0.1840916521160902
0.007203033358783218,0.6318258976566012,0.8764304498041713,2.8294088018528973,0.1839009503910471
0.0074195755351120765,0.6331328410964616,0.8747690581810238,2.827428082714144,0.18371123616901344
0.0076343370489278485,0.6343822916418518,0.8748988234433963,2.8254475476121,0.18352285311264355
0.007847266358498133,0.6355733924129368,0.8750322527896177,2.823467208829874,0.18333480950487796
0.008058312361810717,0.6367053306163108,0.873537684571352,2.8214870764864184,0.18314776284558948
0.008267424408837876,0.6377773374775244,0.8722002934964779,2.819507182302756,0.182962567530543
0.00847455231369208,0.6387886881734056,0.8723852476237279,2.8175275593841302,0.18277868720713994
0.00867964636667046,0.6397387017648835,0.8725722019956985,2.815548219572773,0.18259490969740663
0.008882657346184757,0.6406267411309733,0.8727612134476738,2.813569163311944,0.18241119419076848
0.009083536530574391,0.6414522129045326,0.8716721768474697,2.811590391914272,0.18222787043872232
0.009282235709799386,0.6422145674103001,0.8707754188532544,2.809611925242091,0.18204592607173264
0.009478707197010473,0.6429132986057209,0.8703325119669082,2.807633786564263,0.18186484295244615
0.009672903839993861,0.6435479440249834,0.8706094279397484,2.8056559859107137,0.18168409575416922
0.009864779032487413,0.6441180847266404,0.870888574550199,2.8036785266544135,0.18150343242509825
0.010054286725365989,0.6446233452451814,0.8697570332651178,2.8017014121561266,0.1813233760667688
0.010241381437692917,0.6450633935468308,0.8700582592445428,2.7997246612799946,0.1811441485331111
0.010426018267635371,0.6454379409898469,0.8705396337982014,2.797748279597833,0.18096497452242913
0.010608152903240442,0.6457467422895556,0.8708426398153393,2.7957722683145834,0.1807859715528042
0.010787741633069886,0.6459895954882917,0.8711481538914972,2.7937966317743,0.18060733058083284
0.010964741356690576,0.6461663419304322,0.8714561251597425,2.7918213750081797,0.1804288008586617
0.011139109595018501,0.646276866242629,0.8717664191050232,2.789846498969538,0.1802504115826426
0.011310804500513439,0.6463210963193682,0.8725729109905105,2.7878720064573383,0.18007218337528202
0.01147978486722227,0.6462990033138968,0.8729226134602749,2.785897898209635,0.17989398070658902
0.01164601014066809,0.6462106016345976,0.8727337700175003,2.7839241745313092,0.17971589143828826
0.011809440427583194,0.6460559489467999,0.87308728167982,2.781950837814181,0.17953793916794064
0.011970036505483268,0.6458351461800358,0.873870904892438,2.779977888435678,0.17935996445834956
0.012127759832080434,0.6455483375406982,0.8742148066442096,2.7780053240692784,0.1791819091172279
0.012282572554533454,0.645195710530038,0.8745615448022291,2.776033142767013,0.179003780309357
0.012434437518532071,0.6447774959674095,0.8749096224975178,2.774061342552327,0.1788256539561224
0.012583318277213868,0.6442939680186468,0.875258283045668,2.7720899237065013,0.17864760037740537
0.012729179099911486,0.6437454442294088,0.8755984666582062,2.770118886660827,0.1784695490222651
0.012871984980727568,0.643132285563328,0.8759424878866617,2.7681482297391042,0.17829146953919722
0.013011701646936269,0.6424548964447321,0.8762880359791062,2.7661779507026276,0.1781131871667099
0.013148295567208361,0.6417137248056954,0.8766370122369885,2.7642080453442226,0.17793491440137352
0.013281733959658606,0.6409092621371342,0.8769871297243418,2.7622385166193073,0.17775686642591493
0.01341198479971339,0.6400420435436168,0.8772581919411963,2.7602693659177726,0.17757888501133032
0.01353901682779633,0.6391126478015057,0.8773885968420202,2.758300595720817,0.17740105265977893
0.013662799556830484,0.6381216974200444,0.8777300928345716,2.756332204564929,0.1772231042712714
0.013783303279554977,0.6370698587048971,0.8780950837246368,2.754364190374807,0.177045111407629
0.01390049907565486,0.6359578418236308,0.8784606118753467,2.7523965546787434,0.1768674317932752
0.014014358818701689,0.6347864008725794,0.8788269684621406,2.7504293012394734,0.17668980816740767
0.014124855182903554,0.6335563339444272,0.8791938670504698,2.7484624300318847,0.17651224538488305
0.01423196164966356,0.6322684831958382,0.878060581586933,2.746495944669481,0.17633536237969158
0.014335652513943758,0.6309237349143374,0.8785104989958941,2.7445298660692248,0.176159247073584
0.01443590289043446,0.6295230195836065,0.8773844628316105,2.7425641971627486,0.175983625736436
0.014532688719526591,0.6280673119462598,0.8777217963645981,2.74059896154668,0.17580913646449925
0.01462598677308565,0.6265576310630772,0.8781390367039452,2.7386341666433482,0.17563465850989585
0.01471577466002673,0.6249950403675876,0.8785564175973634,2.7366698108911116,0.1754601342617087
0.014802030831687941,0.6233806477147883,0.8789739434639156,2.734705893523616,0.17528569649228334
0.014884734587002074,0.621715605422667,0.8793914748932811,2.7327424138881122,0.17511115857588572
0.014963866077464978,0.6200011103051065,0.8801037790212108,2.7307793684794874,0.17493630116904865
0.015039406311898616,0.6182384036945957,0.8808721506558815,2.7288167430391987,0.17476058183467608
0.015111337161009484,0.6164287714530678,0.8812957524274833,2.7268545210775663,0.174584319694988
0.01517964136173899,0.6145735439690273,0.881717631898957,2.7248926978552985,0.17440807477354084
0.015244302521406858,0.6126740961390005,0.8821384007926721,2.7229312730277386,0.1742318325283396
0.015305305121645152,0.6107318473311663,0.8825577900165115,2.7209702458349985,0.17405559513916632
0.015362634522122656,0.6087482613288883,0.882585740270504,2.7190096169066615,0.1738795477106335
0.015416276964058397,0.6067248462516699,0.882579111034664,2.7170493910258338,0.17370383597777
0.01546621957352385,0.6046631544508996,0.8833646395262624,2.7150895727137194,0.17352803547822282
0.015512450364532523,0.6025647823775455,0.8837748189254969,2.7131301457490284,0.17335110922568617
0.015554958241916404,0.6004313704187837,0.8841831986770137,2.711171096093706,0.17317403944518073
0.015593733003989007,0.5982646027003218,0.8845898958531148,2.7092124241946522,0.17299714401561364
0.015628765344993547,0.5960662068509869,0.8849949634743443,2.7072541319556356,0.17282026701575814
0.01566004685733637,0.5938379537259333,0.88312324892143,2.7052962225370973,0.17264426557166285
0.01568757003360466,0.5915816570845904,0.8835339393322568,2.7033387265657356,0.17246960859462576
0.015711328268368234,0.589299173219262,0.8839430882565423,2.7013816524179894,0.17229502226257948
0.015731315859764755,0.5869924005300731,0.884350757229909,2.6994250011058467,0.17212050693253766
0.015747528010868286,0.58466327904171,0.884756577077572,2.6974687726252813,0.17194600694249274
0.01575996083084037,0.582313789857196,0.8851609324323726,2.695512964985366,0.17177134477915695
0.015768611335863852,0.5799459545437246,0.8850203920145908,2.6935575746751073,0.17159670775791389
0.015773477449859147,0.5775618344453498,0.8831539974646081,2.691602607234195,0.17142299203733674
0.01577455800498215,0.5751635299171272,0.8813021127851458,2.689648096805544,0.17125142447299405
0.015771852741904874,0.572753179475135,0.881594735874945,2.687694080232268,0.17108115348450945
0.01576536230987748,0.5703329588565877,0.882540046045176,2.6857405640740284,0.17091042405680446
0.015755088266572438,0.5679050799841311,0.8829570648355077,2.683787529281846,0.17073888155412623
0.015741033077710916,0.5654717898282663,0.8838604195496419,2.6818349669867034,0.17056689033936862
0.015723200116470704,0.5630353691617457,0.8842723311069172,2.6798828597619573,0.1703941407025952
0.015701593662676944,0.5605981311997229,0.8840691995211573,2.677931201614007,0.1702215163959487
0.015676218901774806,0.5581624201194083,0.8838195608113548,2.675979998180451,0.1700493338096416
0.01564708192358509,0.5557306094529981,0.8842349902911906,2.674029255915624,0.16987732923759044
0.01561418972084269,0.553305100347722,0.8846492488584703,2.6720789748104066,0.1697053324951783
0.015577550187518458,0.5508883196869736,0.8854937728398622,2.6701291477468834,0.16953247847767206
0.015537172116924432,0.5484827180666975,0.8858996292934368,2.6681797513960017,0.1693587531854303
0.015493065199603756,0.5460907676214476,0.8863059107459346,2.6662307781209305,0.1691849444323105
0.0154452400210049,0.5437149596949029,0.8867087393953108,2.6642822251689466,0.1690110275842111
0.01539370805894109,0.5413578023500313,0.8870005319089358,2.662334091207237,0.16883723685986088
0.01533848168083591,0.5390218177146183,0.8867057034236819,2.6603863790795255,0.16866365810575004
0.01527957414075503,0.5367095391585133,0.8874379369997175,2.658439091392056,0.1684898868138368
0.015216999576225222,0.5344235082996182,0.8880304341130663,2.6564922111795686,0.16831499574475334
0.015150773004841682,0.5321662718365143,0.8877441838817686,2.6545457184273387,0.16813958177196572
0.015080910320663611,0.5299403782065367,0.8882059258101718,2.6525996108490766,0.16796399977526807
0.015007428290399843,0.5277483740691354,0.8885226440405785,2.650653874478347,0.16778764951214223
0.014930344549384992,0.5255928006155555,0.8882210789014385,2.648708501221999,0.1676113120209655
0.01484967759734673,0.5234761897071115,0.8878773909463267,2.646763494499142,0.1674352287421777
0.014765446793966469,0.5214010598457204,0.887495266037148,2.6448188562596493,0.16725921408573458
0.01467767235423269,0.5193699119818355,0.8857853302584364,2.6428745929427397,0.16708421797748166
0.0145863753435895,0.5173852251665212,0.8861901829296249,2.640930734251806,0.166910389532464
0.014491577672881291,0.5154494520560433,0.8866022715203404,2.6389872826612883,0.16673606096556784
0.014393302093093948,0.5135650142791227,0.886823332600382,2.6370442221242367,0.16656095082867342
0.014291572189894916,0.5117342976787819,0.8871889529021975,2.6351015416817396,0.166385560322015
0.0141864123779726,0.5099596474425551,0.887563050963613,2.6331592379417916,0.16621012005050323
0.014077847895177074,0.5082433631367073,0.887922556701015,2.6312173092062174,0.16603465184119603
0.013965904796463145,0.5065876936619457,0.8882943152938526,2.6292757542095453,0.1658591292308356
0.013850609947637111,0.5049948321499556,0.8886633478844936,2.6273345703344213,0.16568347578516907
0.013731991018909234,0.5034669108218521,0.8883134928409236,2.6253937544481962,0.1655077920747084
0.013610076478253018,0.5020059958313282,0.888670205481192,2.6234533076712543,0.1653322325989315
0.013484895584573024,0.5006140821168433,0.8885855372337743,2.621513230411349,0.16515669584525894
0.013356478380682876,0.4992930882886235,0.8882735882800679,2.61957352271875,0.16498128447104934
0.01322485568609504,0.49804485157746575,0.8864270061414994,2.6176341920839064,0.1648068644047879
0.013090059089624429,0.49687112287337265,0.8867398589868242,2.615695270542866,0.1646339217278951
0.012952120941807106,0.495773561882808,0.8848362028073015,2.613756772555637,0.1644619488931638
0.01281107434713644,0.494753732433895,0.884272643267584,2.6118187323188424,0.16429174861340876
0.012666953156118092,0.4938130979590622,0.8835087520001449,2.6098811702530713,0.16412218668492515
0.012519791957146148,0.4929530171845599,0.8838866860444112,2.607944100584314,0.1639534047899921
0.012369626068201914,0.4921747400558234,0.8841786799419823,2.606007530001407,0.16378470014391203
0.012216491528377903,0.49147940392687883,0.8832054590405934,2.604071461255846,0.16361660845144224
0.012060425089228615,0.490868030040861,0.8829803014760764,2.6021359142216225,0.16344944271168746
0.011901464205950295,0.49034152032723594,0.8832273520525853,2.6002008955796896,0.1632824085956062
0.01173964702839193,0.4899006545395076,0.8820881276096396,2.5982664106793303,0.16311616358234224
0.011575012391899299,0.48954608775504904,0.8807958867784337,2.5963324868476363,0.16295172001696734
0.011407599807994936,0.489278348256261,0.879379017661616,2.594399161179311,0.16278895649829653
0.01123744945489537,0.48909783580954236,0.8796077385226017,2.5924664429398336,0.16262582674470608
0.011064602167868556,0.48900482035562337,0.8798327860047528,2.590534330217883,0.1624630094334756
0.010889099429433696,0.48899944112164034,0.8800536523646368,2.588602826723044,0.16230040729449266
0.010710983359405627,0.48908170616204255,0.8781703480505932,2.586671940539367,0.16213886525580248
0.010530296704786078,0.48925149233200954,0.8785168695495366,2.5847417005846944,0.16197844761610797
0.010347082829504828,0.48950854569359364,0.8767240353161572,2.582812115196057,0.16181877795222224
0.010161385704012562,0.4898524823513257,0.8771131590638939,2.5808832108996653,0.16166031888233126
0.009973249894727946,0.49028278971062356,0.8772811059296778,2.578954994807231,0.16150195175664678
0.009782720553342159,0.49079882814899833,0.8774789768612039,2.577027470901021,0.16134395168270813
0.00958984340598255,0.49139983308690666,0.8758014638772653,2.5751006490851776,0.16118721654453866
0.00939466474223864,0.4920849174421015,0.8740518276639258,2.5731745711084684,0.16103286192532001
0.009197231404052797,0.49285307444860166,0.8723597533772879,2.5712492753802185,0.1608802719505781
0.008997590774478476,0.493703180818924,0.8725310500060911,2.569324791572564,0.16072878775591815
0.008795790766308514,0.4946340002260404,0.8727000970968305,2.567401129554259,0.16057766073395094
0.008591879810576162,0.49564418707967645,0.872866732079757,2.5654782943353376,0.16042681073097678
0.008385906844932007,0.49673229057004076,0.873030587673993,2.5635562908575453,0.16027637260899044
0.008177921301899014,0.49789675895091307,0.8731919040509074,2.5616351254677197,0.1601262712556112
0.007967973097009232,0.49913594403318584,0.8716178538112362,2.559714805799994,0.15997706500233486
0.0077561126168240015,0.5004481058594816,0.8717682405462787,2.5577953553279738,0.15982895421422222
0.007542390706841605,0.5018314175303212,0.871916142475558,2.5558767909762823,0.1596822440639578
0.007326858659294549,0.5032839701524969,0.8720616921747814,2.553959147078615,0.15953699906457738
0.007109568200839586,0.5048037778807726,0.8722045287831568,2.552042435112278,0.15939202435318073
0.006890571480143782,0.5063887830247706,0.8723452803904937,2.5501266588977654,0.159247278549128
0.006669921055368865,0.5080368611939262,0.8724840632786481,2.5482118200676993,0.15910272627015562
0.0064476698815575904,0.5097458264545712,0.8726206235053049,2.5462979223644813,0.15895854411346744
0.0062238712979248425,0.5115134364746181,0.8727552249199046,2.5443849716630464,0.15881510730758222
0.005998579015056403,0.5133373976328712,0.8728875395425258,2.542473003159516,0.1586738928295176
0.005771847102018741,0.5152153700716512,0.8730178460207328,2.5405620372724584,0.1585330709808103
0.005543729973382606,0.5171449726731919,0.8731468993605448,2.5386520789478344,0.15839255912279343
0.005314282376163843,0.5191237879420896,0.8732743889865547,2.5367431327795438,0.1582524195264867
0.005083559376684442,0.521149366777936,0.8734000106960732,2.5348352059294816,0.15811278629569817
0.0048516163473567514,0.5232192331241347,0.8735242516378057,2.5329283045005977,0.1579734017569291
0.0046185089533944184,0.5253308884807463,0.8736474159083648,2.531022426321211,0.15783387102099836
0.00438429313945307,0.5274818162710031,0.8737691770336466,2.5291175708097127,0.15769461904479817
0.004149025116203712,0.529669486052892,0.8719351907634505,2.5272137466647733,0.15755664663130578
0.003912761346842645,0.5318913575688914,0.8702228303258601,2.5253109985388966,0.15742152181542526
0.003675558533540389,0.5341448846285036,0.8703711272035413,2.5234093734164085,0.1572880469665648
0.003437473603833521,0.5364275188197684,0.8688411972409575,2.521508888200761,0.15715565900061618
0.003198563696962268,0.5387367130472834,0.8690104921259174,2.519609572667459,0.15702466773405707
0.002958886150157547,0.5410699248955995,0.8677044817390286,2.517711439412169,0.1568943944949166
0.0027184984848800504,0.5434246198179642,0.8666287149566639,2.515814511141584,0.15676560023943964
0.002477458393015546,0.5457982741515132,0.8668563580621202,2.5139188110524557,0.15663775724085285
0.002235823723029043,0.5481883779609015,0.8670856759646404,2.51202434655209,0.15651011631330458
0.001993652466081446,0.550592437713243,0.8673164483388376,2.5101311184345034,0.15638262081161344
0.0017510027421119279,0.5530079787879293,0.8675491109875739,2.5082391260704986,0.1562551457590666
0.001507932785889523,0.5554325478255491,0.8677790893964376,2.506348368157253,0.156127827295703
0.0012645009330369064,0.5578637149206411,0.8680098449245691,2.504458845654286,0.1560006617708079
0.0010207656060302597,0.5602990756634677,0.8677473174331763,2.50257056076131,0.1558738248356357
0.0007767853001780882,0.5627362530363331,0.8679809297654678,2.5006835165794525,0.15574718519645478
0.0005326185695826374,0.5651728991702676,0.8679477508760213,2.4987977149233807,0.15562079125424624
0.0002883240130871994,0.5676066969680744,0.8678862329923968,2.4969131582287565,0.15549462066126146
4.396026021267035e-05,0.5700353615998924,0.8681177846110293,2.4950298506162256,0.1553690292126083
-0.00020041404291324576,0.5724566418775,0.8683540579783996,2.4931477997788303,0.1552436722780222
-0.0004447402476308242,0.5748683215136019,0.8685911940205961,2.4912670070259066,0.15511853791308197
-0.0006889597168237787,0.577268220272331,0.868829201051475,2.4893874738457287,0.15499359769826668
-0.0009330138389917684,0.5796541950171276,0.8684260577620834,2.4875091999183083,0.15486866655803042
-0.001176844042317013,0.5820241406620615,0.8686634826362595,2.4856321831098023,0.15474374616949452
-0.001420391808721138,0.5843759910325333,0.8689017989659342,2.483756419825657,0.15461875995553145
-0.00166359868790927,0.5867077196411568,0.8683871399238208,2.481881906434897,0.15449371982634774
-0.00190640631139785,0.589017340384402,0.8686479065305853,2.4800086395701304,0.15436859547606555
-0.0021487564065227572,0.5913029081654662,0.8680551599856091,2.4781366147764072,0.15424344073046015
-0.002390590810424493,0.5935625194485602,0.8682992756809925,2.4762658308231145,0.154118411709713
-0.0026318514840070035,0.5957943127496307,0.8685516757052826,2.474396287731105,0.1539934646892082
-0.002872480525866665,0.5979964690683153,0.8688056904919609,2.4725279834255054,0.15386851744584615
-0.003112420186188557,0.600167212265687,0.8690534687799208,2.470660915589859,0.15374358646905853
-0.0033516128806059206,0.6023048093921347,0.8693101734912836,2.468795083262855,0.15361882376612943
-0.003590001204020277,0.6044075709695043,0.8695683710494866,2.4669304904934224,0.15349445199019845
-0.0038275279443783124,0.6064738512313843,0.8698276447139477,2.4650671388357868,0.15337010948561958
-0.004064136096402536,0.6085020483252231,0.87008837136401,2.46320502366048,0.15324554066616627
-0.004299768875272199,0.6104906044797366,0.8703505969963826,2.4613441396545883,0.15312100730244874
-0.004534369730251465,0.6124380061408562,0.8706146067449017,2.45948448924853,0.15299678558596116
-0.004767882358261288,0.6143427840792708,0.8699478545726997,2.4576260725123933,0.15287250636392627
-0.005000250717391807,0.6162035134724191,0.8700419634821385,2.4557688797521067,0.15274765614477415
-0.00523141904035229,0.6180188139635957,0.8702894241169138,2.453912901116758,0.15262261026778245
-0.0054613318478548365,0.6197873497006531,0.8705383812831269,2.452058131349981,0.15249748669073304
-0.005689933961929326,0.6215078293566263,0.8707890349602796,2.450204565124005,0.1523721088179519
-0.005917170519165678,0.6231790061344178,0.8710408766016957,2.4483521969369546,0.15224673240678124
-0.006142986983880932,0.6247996777575414,0.8709991142016992,2.446501024925513,0.152121318361433
-0.006367329161207532,0.6263686864487749,0.8712350978890945,2.444651043665826,0.15199575122756737
-0.0065901432100997975,0.6278849188984189,0.8714723445667274,2.4428022509202503,0.15187029522209694
-0.006811375656255534,0.6293473062237529,0.8717106340871571,2.4409546456909648,0.15174486587457922
-0.007030973404949666,0.6307548239211243,0.8719499191838932,2.439108226889829,0.15161953350596738
-0.007248883753776591,0.6321064918120242,0.8722673731608828,2.4372629924721756,0.1514940268278058
-0.007465054405298591,0.6334013739843518,0.8725785720907245,2.435418933441328,0.15136820172631896
-0.007679433479596965,0.6346385787300257,0.8728014144258391,2.4335760426893347,0.15124221709558797
-0.007891969526722952,0.6358172584799425,0.8722753058291066,2.4317343179708524,0.1511163534260633
-0.008102611539045472,0.6369366097372403,0.8724975696508103,2.4298937599910486,0.1509906500430486
-0.008311308963492659,0.6379958730097247,0.8728038869418174,2.4280543685660474,0.1508649966256269
-0.008518011713684452,0.6389943327422319,0.873049813986827,2.4262161425892437,0.15073950185629656
-0.008722670181952998,0.6399313172496512,0.8741069018989482,2.4243790827944904,0.15061383174730042
-0.008925235251248349,0.6408061986512282,0.8743478526608821,2.422543174929766,0.1504875848866691
-0.009125658306926174,0.6416183928067689,0.8745706364173939,2.4207084123988083,0.15036130938026812
-0.009323891248415239,0.6423673592552225,0.8760615570263394,2.4188747909613464,0.1502345778468956
-0.009519886500761096,0.6430526011561521,0.8776334651709321,2.4170422874496755,0.15010645044524018
-0.009713597026044032,0.6436736652344961,0.8778341785679674,2.415210873384065,0.14997747314926024
-0.009904976334667796,0.644230141729,0.8802310906319823,2.4133805392004932,0.14984785916654839
-0.010093978496516982,0.6447216643446515,0.8804181768394221,2.411551257806143,0.14971712202333964
-0.010280558151980012,0.6451479102094114,0.8795007125964719,2.40972301805789,0.14958646861940486
-0.010464670522835213,0.6455085998354965,0.8798261753546072,2.4078958271447504,0.14945631591518738
-0.010646271422997292,0.6458034970854265,0.8790104084856721,2.4060696865371396,0.14932619438072164
-0.010825317269121983,0.6460324091430393,0.8781297145440157,2.404244595045104,0.1491960626137023
-0.011001765091065641,0.646195186489597,0.8773253986963807,2.4024205524173645,0.14906627147851548
-0.011175572542197965,0.6462917228851505,0.8766522625887851,2.4005975657788334,0.14893691677194146
-0.011346697909565074,0.6463219553552145,0.8769033112161116,2.3987756400027176,0.14880784752942924
-0.011515100123900154,0.6462858641828505,0.8794080184090175,2.3969547743651347,0.14867827654003735
-0.011680738769480163,0.6461834729061801,0.87964705999716,2.3951349452920865,0.14854779903074725
-0.011843574093825257,0.6460148483213546,0.8799825548191202,2.3933161469665003,0.14841750335478926
-0.012003567017239227,0.6457801004909497,0.8828872973290346,2.391498377176163,0.14828654244854436
-0.01216067914218847,0.6454793827577583,0.8832224530309978,2.389681607235588,0.14815444101744216
-0.012314872762517134,0.6451128917639053,0.8834478420557197,2.3878658274415883,0.14802233068198103
-0.012466110872496508,0.6446808674751852,0.88367472417305,2.3860510373987736,0.14789035994288557
-0.0126143571757062,0.6441835932105016,0.8839031993787303,2.3842372376256744,0.1477584887107607
-0.012759576093745027,0.643621395676244,0.884133487126666,2.3824244275902204,0.1476266628630378
-0.012901732774769739,0.6429946450054174,0.8844657796233333,2.3806126064301214,0.1474949269433065
-0.013040793101859287,0.6423037548013011,0.8846978635712277,2.3788017749625925,0.14736337311480335
-0.013176723701202635,0.6415491821853821,0.8839920736002111,2.376991934229958,0.14723192173695546
-0.013309491950108528,0.6407314278492577,0.8843271716348824,2.375183083525957,0.1471004933449653
-0.013439065984834422,0.6398510361101847,0.8845770583197828,2.3733752210224237,0.14696907823574223
-0.013565414708234056,0.6389085949698801,0.8882107984894395,2.371568340991362,0.14683677552173344
-0.013688507797220303,0.6379047361761628,0.8874974396189642,2.369762408529754,0.14670308051026434
-0.013808315710042637,0.636840135286952,0.8868004437698831,2.3679574161240304,0.14656965981937625
-0.01392480969337713,0.6357155117360853,0.8871435507793456,2.3661533647566952,0.1464362740058834
-0.014037961789226935,0.6345316289003954,0.8914126206932741,2.364350247708645,0.14630179428338494
-0.014147744841632205,0.6332892941673621,0.8954842068477705,2.3625480178010565,0.14616446552045428
-0.01425413250318737,0.6319893590026509,0.8999642126790663,2.3607466168144446,0.14602430061759913
-0.014357099241364281,0.6306327190167293,0.9001886622693936,2.3589459913590654,0.14588241038120495
-0.01445662034464016,0.6292203140297163,0.9004131469063383,2.3571461290918196,0.1457405616565608
-0.0145526719284278,0.6277531281334973,0.9011188612314096,2.3553470284773987,0.1455986526438133
-0.01464523094080821,0.626232189750067,0.9003567015544852,2.353548685530802,0.14545657705887508
-0.014734275168062758,0.6246585716849874,0.8995048857322258,2.351751095507592,0.14531436342824097
-0.014819783240004273,0.6230333911746953,0.9059527111354826,2.3499542483313687,0.14517071446809307
-0.014901734635106016,0.6213578099263317,0.9051136061535175,2.3481580910269066,0.14502479215629083
-0.01498010968542649,0.6196330341486311,0.905319380687234,2.346362607627844,0.14487892083542916
-0.015054889581329826,0.617860314572268,0.9060226001653932,2.344567796341798,0.14473292994528408
-0.015126056376000011,0.616040946457961,0.9062254039894863,2.3427736518818243,0.14458673800993582
-0.015193592989747913,0.6141762695904605,0.9064261910019917,2.3409801715756897,0.14444061573239325
-0.015257483214110416,0.6122676682564175,0.9067235177077423,2.3391873552143374,0.1442944973832387
-0.015317711715740394,0.6103165712039736,0.9069222866648321,2.337395201633592,0.14414836435596834
-0.015374264040086495,0.6083244515817379,0.9059828350530265,2.3356037070960034,0.1440020279414619
-0.015427126614862435,0.6062928268546421,0.9061671067769462,2.3338128680685997,0.14385573030548834
-0.01547628675330393,0.6042232586940154,0.9050248244579506,2.332022684071565,0.14370942140572796
-0.015521732657213797,0.6021173528389748,0.912407251170752,2.3302331454505363,0.14356151906286874
-0.015563453419793202,0.5999767589260914,0.9187142255722518,2.3284441889058556,0.1434098591714758
-0.015601439028259431,0.5978031702840398,0.9233588217106548,2.3266557448811254,0.14325517961397163
-0.01563568036624877,0.5955983236897697,0.9235911305287422,2.3248677607599753,0.1430987431439997
-0.01566616921600446,0.593363999082481,0.9240642803940865,2.3230802228447267,0.14294225586810622
-0.015692898260348944,0.59110201923151,0.9241724384096509,2.3212931299642046,0.142785781284674
-0.015715861084439803,0.588814249353971,0.9242763276282568,2.319506481658267,0.14262934452912798
-0.015735052177309607,0.5865025966778009,0.9243775385216735,2.3177202774887244,0.142472890997676
-0.01575046693318812,0.5841690099456159,0.9244748563984347,2.315934515208666,0.14231641177631985
-0.015762101652607885,0.5818154788545685,0.9245682035956657,2.3141491977888524,0.14216019827472193
-0.015769953543292196,0.5794440334271813,0.9246574905280349,2.3123643253227826,0.14200384903433294
-0.015774020720824882,0.5770567433079119,0.9247404601384871,2.31057989262658,0.1418473008947135
-0.015774302209102902,0.5746557169800189,0.9233251083876919,2.308795898875937,0.14169103293352764
-0.015770797940570385,0.5722431008970854,0.9237768563124213,2.307012349685503,0.14153460379137822
-0.015763508756235067,0.5698210785234058,0.924099199831954,2.305229226112591,0.14137697665487867
-0.015752436405466082,0.5673918692772908,0.9243312868170442,2.3034465054695814,0.14121836069138047
-0.01573758354557444,0.5649577273712055,0.9245089897720469,2.301664169594592,0.14105896536745535
-0.015718953741175382,0.5625209405425681,0.9245153131328138,2.29988220475179,0.14089921694661037
-0.015696551463332452,0.5600838286689899,0.9245166304678305,2.2981006102321895,0.1407396398577582
-0.0156703820884847,0.5576487422617018,0.9245131117690111,2.2963193878765544,0.14058013506485814
-0.015640451897156623,0.555218060830941,0.92459145816592,2.294538537666437,0.14042053538875257
-0.01560676807245035,0.552794191117181,0.9243600236203435,2.2927580525764766,0.14026063216300677
-0.015569338698322265,0.5503795651821852,0.9243549532620124,2.2909779320835164,0.14010089554932376
-0.015528172757642312,0.547976638354119,0.9243510039833402,2.28919817698083,0.13994124079039508
-0.015483280130038794,0.5455878870212032,0.9243498313888932,2.2874187886858413,0.13978155783101132
-0.015434671589526763,0.5432158062687639,0.9243448872800413,2.285639762951838,0.13962176289901385
-0.015382358801922706,0.540862907354987,0.9243350275652804,2.283861101686095,0.13946223678869565
-0.015326354322044393,0.5385317150212149,0.9247485781041954,2.2820828088278784,0.13930288149396472
-0.015266671590698305,0.5362247646332567,0.9251244009467878,2.280304885204472,0.13914350064299538
-0.01520332493145337,0.5339445991509411,0.9254568921891456,2.2785273290655663,0.13898412226878076
-0.015136329547203845,0.5316937659239627,0.9254234422056197,2.276750141656417,0.13882493088023423
-0.015065701516520221,0.5294748133130566,0.9253849039476394,2.274973327290846,0.1386660040523197
-0.014991457789790955,0.5272902871365739,0.9228049986870727,2.273196893942423,0.1385082681091588
-0.01491361618515397,0.5251427269437543,0.9198667669730001,2.2714208885865417,0.1383537208547019
-0.014832195384220835,0.5230346621172348,0.9197605349242719,2.269645374212426,0.13820152758607507
-0.014747214927592879,0.5209686078087895,0.9196505445072697,2.267870369987415,0.13804968523165317
-0.014658695210171753,0.5189470607137507,0.9195375963696582,2.2660958817154015,0.1378981795692751
-0.014566657476264759,0.5169724946911969,0.9194210748133824,2.2643219171244295,0.13774725152705572
-0.014471123814486266,0.5150473562386528,0.9193004559120926,2.26254848706109,0.13759688092833386
-0.014372117152456442,0.5131740598318195,0.9191771658697533,2.26077560050411,0.13744694677359048
-0.014269661251299005,0.5113549831416503,0.9190695226203883,2.259003263921685,0.13729724813277286
-0.014163780699938395,0.5095924621429342,0.918944775106469,2.25723147777331,0.13714769477754746
-0.014054500909198667,0.5078887861304249,0.918817072845374,2.2554668326469725,0.13765720745941784
-0.01394184810570506,0.5062461926603964,0.9186844522721272,2.2537158771928776,0.1381651189490277
-0.013825849325589659,0.5046668624373226,0.9189408247369104,2.2519785527909666,0.1386714620423715
-0.013706532408002839,0.5031529141671492,0.9154272688285193,2.2502547982877483,0.13917588338590708
-0.01358392598843212,0.5017063994002734,0.9156905819200073,2.248544544056192,0.1396781987104246
-0.013458059491829688,0.5003292973888882,0.9155301034726762,2.2468477268076468,0.14017892914537253
-0.013328963125550456,0.4990235099847449,0.9117572588024313,2.245164288784615,0.14067799077102378
-0.013196667872102772,0.497790856604552,0.911582646265691,2.2434941723683255,0.14117599114275922
-0.013061205481712315,0.49663306929122714,0.9076248451537847,2.2418373302165326,0.14167250035528534
-0.012922608464702556,0.4955517878999299,0.9035741993441152,2.2401936998104035,0.1421671728650498
-0.012780910083692313,0.49454855543825077,0.8995061647665433,2.238563221006106,0.1426602199070371
-0.012636144345612811,0.49362481359008276,0.8990551186021613,2.2369458307245274,0.14315094464236738
-0.012488345993546285,0.4927818984525247,0.898855752102721,2.235341447762782,0.14363915368948008
-0.01233755049838783,0.4920210365146604,0.899115809234094,2.233750010358179,0.14412585203147005
-0.01218379405033242,0.49134334090619863,0.8951437793962029,2.232171458920327,0.14461071091487188
-0.012027113550189457,0.4907498079427608,0.8949417718291724,2.230605730529818,0.14509382823471537
-0.011867546600526984,0.4902413139930598,0.8911227025858507,2.2290527674668095,0.14557521129490472
-0.011705131496646905,0.4898186126913092,0.8875260172430811,2.227512501188353,0.1460541147222213
-0.011539907217394521,0.48948233251603107,0.887765226182157,2.2259848563878264,0.14653089400476066
-0.011371913415803785,0.4892329747539012,0.8869479761026602,2.224469779385237,0.1470065028305905
-0.01120119040958065,0.4890709118645218,0.8872081838230353,2.2229672208303772,0.14748098283313948
-0.01102777917142712,0.4889963862590123,0.8874245533511921,2.22147712885858,0.14795394121353772
-0.010851721319207901,0.48900950950212024,0.8875975359635213,2.2199994502164286,0.14842550871604426
-0.010673059105962506,0.48911026194422463,0.8874511568676542,2.2185341308650894,0.14889561259417355
-0.010491835409764408,0.4892984927861886,0.8873061135968303,2.2170811182396206,0.1493643017767961
-0.010308093723430868,0.48957392057653126,0.8871637812671059,2.21564035710567,0.14983138859647996
-0.010121878144084535,0.4899361341369442,0.8863660483212149,2.2142117885042505,0.15029631036885835
-0.009933233362570612,0.49038459390876626,0.8835052180254387,2.2127953314361326,0.1507579283679775
-0.009742204652731132,0.49091863370974426,0.8834220806840664,2.2113908950440804,0.15121672788975135
-0.009548837860539505,0.49153746288726236,0.883342435315974,2.2099984162263007,0.1516739862173037
-0.009353179393097646,0.4922401688513178,0.8832663429593942,2.208617840320104,0.15212972537528682
-0.009155276207498548,0.4930257199677938,0.880905226550092,2.207249107867111,0.15258279589116178
-0.00895517579955673,0.4938929687902021,0.878961813637299,2.2058921161725826,0.1530310937971282
-0.008752926192409636,0.49484065560593565,0.8774581538802583,2.204546739851075,0.15347395310813747
-0.008548575924992122,0.4958674122712978,0.8773963497372687,2.203212842891677,0.1539113231233477
-0.008342174040387462,0.496971766308122,0.8765673750289987,2.2018902964784943,0.154342894046737
-0.00813377007405721,0.498152145233709,0.8767294064022794,2.200578953032226,0.1547692910239752
-0.007923414041952851,0.49940688109503995,0.8768968654007064,2.1992787296278045,0.1551937585955894
-0.00771115642851239,0.5007342151778392,0.8770940399769785,2.1979895586931337,0.15561487647140737
-0.007497048174544151,0.5021323028609709,0.8774081682829945,2.196711310040022,0.15602888097151493
-0.007281140665001326,0.5035992185868905,0.8776401863656388,2.1954438297075347,0.15643819324824992
-0.0070634857166498545,0.5051329609194138,0.8780382320701342,2.1941870309898186,0.15684378103594435
-0.006844135565632454,0.506731457660865,0.87830796145146,2.1929407913863694,0.15724461484795432
-0.006623142854932545,0.5083925710017031,0.8785818020199364,2.191705029182061,0.15764334017456327
-0.006400560621739857,0.5101141026769794,0.8788599660842951,2.1904796809896347,0.15803990700862156
-0.006176442284721903,0.5118937991054171,0.8791114921377553,2.1892646722061455,0.15843303542693266
-0.0059508416312037595,0.5137293564884718,0.8797446943617824,2.188059912142396,0.1588220602232938
-0.005723812804259353,0.515618425848434,0.8805030031767066,2.1868652624853366,0.1592040842425213
-0.005495410289717386,0.5175586179864111,0.881366434869987,2.1856805607220897,0.15957888796756522
-0.005265688903084926,0.5195475083428538,0.8817397920440807,2.1845056512778376,0.1599483524248479
-0.005034703776392121,0.5215826417451621,0.8821157000515355,2.1833404468301256,0.16031537995084452
-0.004802510344960552,0.5236615370287534,0.882380220129189,2.182184881306721,0.16068029678105256
-0.004569164334099222,0.5257816915198191,0.8827933559760539,2.181038898217511,0.16104346030843397
-0.0043347217457306,0.5279405853698069,0.8831699519743231,2.1799024426077436,0.16140469142693148
-0.004099238844950566,0.530135685733356,0.8835487813668258,2.1787754520093263,0.16176358567773963
-0.0038627721465249103,0.5323644507831407,0.8839400590714502,2.177657857749224,0.1621198686283271
-0.0036253784013261974,0.5346243335565757,0.8851310783969507,2.1765495730489146,0.1624701903310249
-0.0033871145827136916,0.5369127856308703,0.8864184642167062,2.1754503879181573,0.16280904201015642
-0.003148037872860199,0.5392272606242482,0.8877321076575749,2.1743600544066157,0.1631364026314399
-0.0029082056490284556,0.5415652175224408,0.8889977725943866,2.173278324322537,0.16345220133128754
-0.00266767546980092,0.5439241238306782,0.8894383897651836,2.17220497003416,0.16376043409958255
-0.002426505061266079,0.5463014585524703,0.8898040377475859,2.1711398892035993,0.16406445018785665
-0.002184752303164193,0.5486947149973721,0.8902479442110874,2.170082942634255,0.16436277083745626
-0.0019424752149969013,0.551101403420749,0.8907022965941042,2.1690340333469615,0.16465649222189827
-0.0016997319421022767,0.553519053499267,0.891161514126472,2.1679930197788044,0.1649444568155316
-0.00145658074170063,0.5559452166464361,0.8916209940477182,2.166959804496504,0.16522771794553687
-0.001213079968912904,0.5583774681730598,0.8930971020105247,2.1659342223678046,0.16550118038262376
-0.0009692880627556867,0.5608134092978277,0.8933880566649842,2.1649160532275302,0.1657666813704197
-0.0007252635321162282,0.5632506690136759,0.8946195579687184,2.1639051869125003,0.16602660464406865
-0.0004810649417105123,0.5656869058157594,0.8955535849609427,2.1629014195247174,0.1662752415218994
-0.00023675089802803823,0.5681198092970717,0.8961496307263677,2.1619045169425593,0.16651311888823744
7.619964733464269e-06,0.5705471016179012,0.8963826195804875,2.160914258995622,0.16674123542922023
0.0002519889987399543,0.5729665388553292,0.8962333320228142,2.1599304460412907,0.1669603320548037
0.0004962975565963008,0.5753759122390476,0.8957044437396721,2.1589528909600837,0.16717103928429614
0.000740487005421344,0.5777730492796878,0.894810330392077,2.157981421422635,0.16737412262589782
0.0009844987409195333,0.5801558147958156,0.8949640308633711,2.1570158890259905,0.1675721151967573
0.0012282742014456153,0.5825221118456397,0.8951119222616125,2.1560562238107677,0.1677683272771261
0.0014717548820592605,0.5848698825693361,0.8952537109076748,2.1551023785783756,0.16796277984439367
0.0017148823485658743,0.587197108947736,0.8955248283801946,2.1541543071350753,0.1681555383738009
0.0019575982515405437,0.589501813482965,0.8956589821518097,2.15321196545327,0.16834670199580656
0.002199844340331647,0.5917820598064027,0.8957895082823647,2.1522753090788256,0.1685361529983622
0.0024415624770407025,0.5940359532191435,0.8943589934842481,2.15134428322146,0.16872214634290472
0.002682694650475188,0.5962616411699289,0.894450419035085,2.150418782846786,0.16890391242565417
0.0029231829900709765,0.5984573136752803,0.8945374911580706,2.1494987474300222,0.16908409452511938
0.0031629697797809146,0.6006212036863703,0.8948042000759358,2.148584134067499,0.16926267480482757
0.003401997471926543,0.6027515874069128,0.8948854467342066,2.147674901712345,0.1694398068949122
0.003640208701009097,0.6048467845661504,0.8949633761440298,2.146771009624943,0.1696153712227637
0.0038775462974770547,0.6069051586507893,0.8952268593842992,2.1458724154636006,0.16978939264523984
0.004113953301446555,0.6089251170995074,0.8952977967642979,2.1449790776080837,0.1699617195011862
0.0043493729763714245,0.6109051114634537,0.8953656680281279,2.1440909507440953,0.1701323698001537
0.0045837488226597375,0.6128436375359612,0.8954311015521272,2.1432079895071197,0.17030118503242478
0.004817024591233441,0.6147392354544617,0.8934966771470819,2.142330143257885,0.17046715404304047
0.005049144297027851,0.6165904897774278,0.891344991966468,2.1414573160516874,0.17062803754160136
0.005280052232427796,0.6183960295389759,0.8913640725017495,2.1405894085160053,0.17078572940888337
0.0055096929806371766,0.6201545282835672,0.8913812279655736,2.1397263717706547,0.17094201876708007
0.005738011428978751,0.6218647040830897,0.8918169586769384,2.1388681689301317,0.17109699983527482
0.005964952782120874,0.6235253195384409,0.8922172510204498,2.1380147637307108,0.17125062537823812
0.0061904625752281575,0.6251351817675735,0.8924731642152351,2.1371661198814595,0.17140294457820346
0.0064144866870327584,0.6266931423818116,0.8901584832264462,2.136322196312029,0.17155277440022237
0.006636971352823206,0.6281980974521308,0.8901594656908314,2.1354829143923966,0.17169938952750474
0.006857863177347655,0.6296489874669373,0.8901600933177156,2.1346482253067514,0.17184467449256308
0.007077109147628544,0.6310447972827855,0.8877501896978593,2.1338180881812314,0.1719875737504244
0.007294656645685485,0.6323845560693301,0.8853349493328415,2.1329924251890833,0.17212649412369274
0.007510453461163145,0.6336673372497413,0.885560567034417,2.13217115296002,0.17226255098020804
0.007724447803861697,0.6348922584376658,0.883215821059845,2.1313542249874895,0.1723965095399798
0.007936588316166114,0.6360584813717524,0.8810005785668806,2.1305415653560766,0.17252636916840405
0.008146824085371774,0.6371652118486735,0.8810306813560421,2.129733088190832,0.17265322750645593
0.008355104655903218,0.6382116996554712,0.8814382409293211,2.12892874718876,0.1727787571395421
0.008561380041423311,0.6391972385020064,0.8818147028886287,2.1281285110598795,0.17290317265998062
0.008765600736829691,0.6401211659541954,0.88184408221352,2.1273323450111157,0.1730261502299407
0.008967717730135771,0.6409828633686758,0.8818757437975162,2.126540211560041,0.17314756752847998
0.009167682514233336,0.6417817558294612,0.8819093428105338,2.125752071801211,0.17326751637541854
0.00936544709853406,0.6425173120871029,0.8821022540500861,2.1249678902118623,0.17338620259959409
0.00956096402048708,0.643189044500818,0.8801956600948905,2.1241876282739396,0.17350234481853155
0.009754186356969584,0.643796508984001,0.8802586839780961,2.123411206226934,0.1736151498215085
0.009945067735548358,0.6443393049534653,0.8803240098269298,2.122638574716906,0.1737265353536435
0.010133562345608813,0.6448170752827703,0.880674302227191,2.1218696972668583,0.1738363715340325
0.010319624949349302,0.6452295062598888,0.8790731932468646,2.1211045308332683,0.17394350569583644
0.010503210892638072,0.6455763275494807,0.87917596197555,2.1203429909483096,0.17404711510589846
0.010684276115730045,0.6458573121599714,0.8794143053345221,2.119585030781123,0.17414956078835112
0.010862777163840778,0.6460722764156304,0.8796519126585415,2.118830621049934,0.17425091010455862
0.01103867119757556,0.6462210799337813,0.8783690825273822,2.1180797239589064,0.1743494363559398
0.011211916003210629,0.6463036256072745,0.878509505862483,2.117332250156286,0.17444423064432568
0.01138247000282426,0.6463198595923061,0.8786561076138171,2.1165881502665043,0.17453763017168494
0.011550292264275208,0.6462697713016361,0.8788000514577946,2.11584738804584,0.17462952725240816
0.011715342511026332,0.6461533934032613,0.8779322146853736,2.115109918476112,0.17471811036048343
0.011877581131810668,0.6459708018245258,0.878173214510755,2.1143756416090604,0.17480265482979998
0.012036969190138015,0.6457221157616657,0.8783620363233949,2.1136445090029796,0.17488590156567857
0.012193468433639427,0.6454074976947244,0.8786023112085265,2.1129164858155214,0.1749677888671059
0.012347041303247751,0.6450271534077867,0.8780866055946664,2.112191533879751,0.17504660673870628
0.012497650942211436,0.6445813320143996,0.8783103169759687,2.111469549218189,0.17512085009287306
0.012645261204940089,0.6440703259880681,0.8785374762099266,2.1107504763666785,0.17519368221515486
0.012789836665679196,0.6434944711976547,0.8787806198579761,2.11003428107628,0.1752651759609063
0.012931342627012182,0.6428541469474826,0.878636247348502,2.1093209238585815,0.17533332064253265
0.0130697451281876,0.6421497760219224,0.878927208633113,2.108610295917697,0.17539690936403435
0.013205010953269489,0.6413818247341841,0.8791956464381931,2.1079023467743427,0.17545923699648322
0.013337107639109183,0.6405508029790229,0.8794522952285388,2.1071970435699785,0.17552031328422352
0.01346600348313612,0.6396572642890059,0.8795957601053047,2.1064943483274092,0.17557786554290514
0.013591667550966488,0.6387018058939524,0.8798149236497034,2.105794143129465,0.1756303657018435
0.013714069683827209,0.6376850687831092,0.8801309082612186,2.1050963750901626,0.17568167152716135
0.013833180505793977,0.6366077377695817,0.8804498892124402,2.104401009857495,0.17573132976838066
0.01394897143084125,0.635470541556473,0.8807713849397332,2.103708010588841,0.1757794519984812
0.01406141466970282,0.634274252804131,0.8810955193430301,2.1030173426561225,0.17582610396543533
0.01417048323654114,0.6330196881978395,0.8814224214842165,2.102328972249911,0.17587127378816894
0.014276150955423714,0.6317077085152365,0.8817546692791279,2.1016428635325375,0.17591483438887565
0.014378392466605222,0.6303392186926262,0.8806785200030395,2.1009589709205367,0.175954882590217
0.014477183232613782,0.6289151678893369,0.8810314760712072,2.1002771877419333,0.17599015081823277
0.01457249954413978,0.6274365495491231,0.8813868694898179,2.0995974552723187,0.17602387822496524
0.014664318525725892,0.6259044014575864,0.8817448922617482,2.0989197402271516,0.17605614460167165
0.0147526181412574,0.6243198057944294,0.8821101853114148,2.0982440090396284,0.17608690397157095
0.014837377199250382,0.6226838891793095,0.8824791353713259,2.097570228627522,0.17611631073384562
0.014918575357937792,0.6209978227099043,0.8828500757486951,2.096898367883607,0.17614427142547484
0.014996193130151296,0.6192628219907105,0.8832234540372228,2.0962283931397407,0.1761707388533042
0.015070211887998168,0.6174801471509563,0.8840439524252822,2.095560257987131,0.17619309525690072
0.0151406138673318,0.6156511028498858,0.8844376669914462,2.0948938372973926,0.1762100580477216
0.015207382172015105,0.6137770382675151,0.884835659499984,2.0942290727491915,0.1762255831025939
0.015270500777975496,0.6118593470788303,0.8852356932678996,2.0935659320503164,0.1762396216964442
0.015329954537050503,0.6098994674092261,0.8856371685975747,2.092904379108387,0.17625190905982263
0.015385729180623328,0.6078988817688137,0.8866121465164124,2.0922443667127366,0.17626021890888818
0.015437811323047217,0.6058591169630719,0.8870092782075177,2.0915857710007533,0.17626301367466432
0.015486188464858025,0.6037817439771024,0.885717111150813,2.0909285242677766,0.17626282668873297
0.015530848995773963,0.6016683778305976,0.8844930959004138,2.090272537981049,0.17625776834109447
0.015571782197481928,0.5995206774003847,0.8849160530366064,2.089617720414801,0.17624933997981931
0.015608978246210095,0.5973403452072616,0.8833655041436288,2.0889640240956373,0.17623842285568578
0.015642428215085227,0.5951291271635665,0.8838152733410278,2.088311379126355,0.17622444407227644
0.01567212407627537,0.5928888122777661,0.8842661624788078,2.0876597465074274,0.17620925944894544
0.015698058702916413,0.5906212323120863,0.8847179794410288,2.0870091007906657,0.17619288154091997
0.01572022587082242,0.5883282613890013,0.8832008613579079,2.086359410433978,0.1761742821013451
0.01573862025997957,0.5860118155421751,0.8817480611344006,2.085710611494104,0.17615222674662262
0.015753237455822692,0.5836738522072183,0.8822217356460391,2.0850626398070444,0.17612777507108215
0.01576407395029502,0.5813163696474011,0.8824861654995191,2.0844154648169946,0.1761025157498054
0.015771127142689825,0.5789414063092567,0.8826727712439328,2.0837690755427034,0.1760770192509506
0.015774395340274826,0.5765510401027816,0.8831452679339749,2.0831234632499633,0.17605083065848665
0.015773877758698283,0.5741473876007664,0.883622109632878,2.082478605901966,0.17602346334268912
0.01576957452217731,0.5717326031515694,0.8841005706420029,2.0818344782733154,0.17599489860560233
0.015761486663467977,0.5693088778995131,0.8842814669647528,2.081191056436854,0.17596546406658925
0.015749616123617614,0.5668784387069261,0.884763129618621,2.0805483268427243,0.1759353446782272
0.01573396575149874,0.5644435469717142,0.8852198769595027,2.0799062682233647,0.17590408809225663
0.01571453930312555,0.5620064973342979,0.8854878003389733,2.0792648580314177,0.1758719663174667
0.015691341440752463,0.5595696162676502,0.8859446495510155,2.078624081267523,0.17583909697343808
0.015664377731755018,0.5571352605442224,0.88643006719758,2.077983918339057,0.1758052543842655
0.015633654647293986,0.5547058155735207,0.884599890201525,2.0773443452721083,0.17577001900112776
0.01559917956076213,0.5522836936042406,0.8850555531578189,2.0767053352509826,0.17573382965851483
0.01556096074601478,0.5498713317849908,0.8855110912091774,2.0760668676795357,0.1756964532072958
0.01551900737538398,0.547471190077886,0.8857783429015137,2.0754289197821976,0.17565829923396367
0.01547332951747733,0.5450857490195629,0.8839594138572383,2.07479147836521,0.17561946222522823
0.015423938134761455,0.5427175073245567,0.8821919109435779,2.074154527571602,0.17558006884557342
0.015370845080931082,0.5403689793264644,0.8837922291803314,2.073518051572632,0.17553858023920255
0.015314063098064322,0.5380426922528387,0.881994742900703,2.0728819781867425,0.17549428872677145
0.015253605813564478,0.5357411833304557,0.8824507457372248,2.072246297300305,0.1754503369623088
0.015189487736889632,0.5334669967183318,0.8829442493667462,2.0716110017790674,0.17540570084012783
0.015121724256070347,0.5312226802667516,0.8811494319900495,2.070976080835075,0.17536127443725052
0.015050331634016874,0.5290107821015432,0.8794093816116111,2.070341559509331,0.17531889622840321
0.014975327004615688,0.5268338470339327,0.8798971556248941,2.0697074799778785,0.17527788332185718
0.014896728368617876,0.5246944127975061,0.8803866204664142,2.069073840382618,0.17523615475126816
0.01481455458931875,0.522595006115148,0.8820551606987,2.0684406205856107,0.17519258979393704
0.014728825388030902,0.5205381386002198,0.8837244992659351,2.067807760575712,0.1751455924233939
0.014639561339351164,0.5185263024977846,0.8839930946180113,2.0671752001046353,0.175096632948092
0.014546783866222688,0.5165619662732999,0.8856345845558798,2.066542920367664,0.17504666778732397
0.014450515234793697,0.5146475700578967,0.8871996117297883,2.0659108787462266,0.174994090788775
0.014350778549073642,0.5127855209611345,0.8876997532182841,2.0652790322748675,0.17494015149752576
0.014247597745388271,0.5109781882639309,0.8891589148368588,2.0646473644007814,0.17488538475276622
0.014140997586635251,0.5092278985062404,0.8905184101098136,2.064015850612029,0.174829366966094
0.014031003656340961,0.5075369304858875,0.89099776907821,2.0633844731247577,0.17477284859957432
0.013917642352520684,0.505907510186844,0.8910601334805738,2.0627532268699125,0.17471627960628275
0.013800940881343184,0.5043418056570095,0.8915424270037335,2.0621221115031814,0.17465963095337164
0.013680927250601362,0.502841921857333,0.8920234405559333,2.061491123251492,0.1746027964328629
0.01355763026299044,0.5014098955057231,0.8925022036797297,2.0608602575674184,0.1745456752782192
0.013431079509195733,0.5000476899407126,0.8907632529077568,2.0602295219399314,0.17449108435092126
0.013301305360790555,0.49875719003119023,0.8890680907776238,2.059599026962417,0.1744437784546408
0.013168338962947624,0.4975401971596569,0.8895275124397589,2.0589689099397597,0.17440125439121412
0.01303221222696422,0.49639842430738634,0.8899855478520008,2.0583392025368394,0.1743587613322771
0.012892957822603412,0.4953334912705378,0.8904421426250912,2.057709904519855,0.17431626217576082
0.012750609170253937,0.4943469200366588,0.8908922011909668,2.0570810136914632,0.17427375880949286
0.012605200432908996,0.4934401303510883,0.8913400893113262,2.0564525348895883,0.17423167647091278
0.012456766507967579,0.4926144355025325,0.8917856450913114,2.0558244725489163,0.17418973088334933
0.01230534301885912,0.4918710383565094,0.892768132762352,2.0551968303353365,0.1741484476969003
0.012150966306494192,0.4912110276644175,0.8936186781198674,2.0545696351844858,0.1741090524089002
0.011993673420542686,0.4906353746747198,0.894031403230336,2.053942924570253,0.17407111701070707
0.011833502110542248,0.4901449300711144,0.8943216811177229,2.053316710727159,0.17403338654095088
0.011670490816838354,0.4897404212605973,0.8947308929269929,2.052690994374353,0.1739957294737573
0.011504678661359038,0.48942245003207446,0.8951849282561599,2.052065778544593,0.1739582359222601
0.011336105438225746,0.48919149060360495,0.8958607507487408,2.0514410656271576,0.173921777513407
0.01116481160420274,0.4890478880735461,0.8962651490023394,2.050816903584406,0.17388779101539725
0.010990838268988022,0.48899185728783945,0.8966667583470692,2.050193312864225,0.17385411305617027
0.010814227185346926,0.4890234821324378,0.8971855938254237,2.0495703037319304,0.17382195664216268
0.010635020739091705,0.48914271525654285,0.8974780407982083,2.0489479269493343,0.1737921717845057
0.010453261938909327,0.48934937822886226,0.8978628801337006,2.048326202186282,0.17376270821450596
0.010268994406039261,0.48964316212564046,0.8962638014204587,2.047705156045639,0.1737381168886444
0.01008226236380499,0.4900236285457508,0.8966350864071104,2.047084956433316,0.17372090474735455
0.00989311062700021,0.49049021104476503,0.8969134243074371,2.0464656647050186,0.17370582237882418
0.009701584591133806,0.4910422169766471,0.8973174706528761,2.045847348997648,0.17369385772997747
0.009507730221535043,0.49167882972862054,0.8976723548184661,2.0452300329696493,0.173682267275345
0.009311594042322084,0.49239911133189684,0.8978192765768905,2.0446137334106833,0.1736730699141355
0.009113223125236427,0.49320200542827763,0.8981603148212602,2.043998524871501,0.17366729182762963
0.008912665078345988,0.49408634057034434,0.8967189172554988,2.0433844629094473,0.1736675671490874
0.008709968034619273,0.495050833830853,0.8970467953634187,2.0427717505768888,0.17367681978511962
0.008505180640373835,0.4960940946952856,0.89737234468009,2.042160454693003,0.17368680871460657
0.008298352043601215,0.49721462921009807,0.8977154545431791,2.0415505857761516,0.1736973239192397
0.008089531882171862,0.49841084435820887,0.8980351646503634,2.040942149470139,0.1737082950711261
0.007878770271922129,0.49968105263257756,0.8983524715525325,2.0403351537451684,0.17371985146248653
0.007666117794626771,0.5010234767783933,0.89866721529061,2.039729610021367,0.17373228408192729
0.007451625485859621,0.5024362546743933,0.8989591036723268,2.0391255205930854,0.17374393263530016
0.0072353448227451276,0.5039174443241116,0.8992681437050015,2.0385228700368345,0.1737558622656768
0.00701732771160425,0.5054650289284766,0.8994273830095777,2.037921669040816,0.17376843003695358
0.006797626475497156,0.5070769220120153,0.899536441568559,2.037321926093477,0.17378158368108365
0.0065762938416658945,0.5087509725760099,0.899595826664447,2.036723648211156,0.17379514719377273
0.006353382928880166,0.510484970253253,0.898244520622918,2.036126873810235,0.17381556917159235
0.00612894723468897,0.5122766504405104,0.8979679509776531,2.035531832106231,0.17384704146583368
0.005903040622581647,0.5141236993863982,0.897605138141804,2.0349386714529802,0.17388515837052987
0.005675717309060677,0.516023759214112,0.897895908453626,2.0343475137713622,0.17392761102524099
0.005447031850630108,0.517974432860217,0.898168247571622,2.033758391017256,0.1739706945259597
0.0052170391307022005,0.5199732889125683,0.8970168455789046,2.0331713487208267,0.17402151286012751
0.0049857943464257735,0.5220178663322804,0.8972739006453974,2.0325866423774723,0.17408362312739656
0.004753352995439004,0.5241056790465184,0.8975300725254002,2.032004365204912,0.17414806427467078
0.004519770862550419,0.526234220400735,0.896976393595319,2.0314245679675476,0.17421639638741407
0.004285104006350616,0.5284009674607342,0.8972653512134654,2.030847354729302,0.17428934984472041
0.004049408745758659,0.5306033851566853,0.8975108901716083,2.030272756936505,0.1743628793075371
0.0038127416465057063,0.5328389302628368,0.8977542606992093,2.029700785595673,0.17443732412401053
0.003575159507559497,0.5351050552082414,0.8976936873193392,2.029131454051798,0.17451271647043326
0.0033367193474930197,0.5373992117152592,0.8979320582310533,2.0285647752706395,0.17458903201051762
0.00309747839080007,0.5397188542639291,0.8981665951427278,2.0280007632945356,0.1746663062593822
0.002857494054161853,0.5420614433815771,0.8983988042103604,2.0274394320840723,0.17474460471291167
0.002616823932667202,0.5444244487581074,0.8977387444024767,2.0268808095559994,0.17482641239694036
0.0023755257859900095,0.5468053521884781,0.8975792508923909,2.0263249982036067,0.17491299880896133
0.00213365752452723,0.5492016503447287,0.897791900903442,2.025772033977741,0.17500016090156043
0.0018912771955005593,0.5516108573807427,0.8980099768538863,2.0252219214526814,0.17508798287640542
0.0016484429690254892,0.5540305073735952,0.8972634021159186,2.0246746850637805,0.17517931107578585
0.0014052131241507819,0.5564581566059494,0.897544413203955,2.024130428522586,0.1752754510710483
0.0011616460348715977,0.5588913856944174,0.8967585534419197,2.0235892001403872,0.17537496311315118
0.0009178001561202175,0.5613278015692431,0.8969600861150181,2.0230511048379025,0.17547955374914403
0.0006737340097370353,0.5637650393109518,0.8961394121268896,2.022516197477604,0.17558770788269198
0.0004295061704256169,0.5662007638498839,0.8963308523437189,2.0219845825385407,0.17570086711023458
0.00018517525169505105,0.5686326715346649,0.8959897313488144,2.021456300036875,0.1758147911658442
-5.920010820702404e-05,0.5710584915758251,0.8955899913536494,2.0209313506787288,0.17592897931285548
-0.0003035612603672022,0.5734759873707862,0.8957748048838371,2.020409740425981,0.17604407608939715
-0.0005478495592820267,0.5758829577164699,0.8959580302768637,2.0198914827965124,0.17616029379917758
-0.0007920063769323604,0.5782772379157342,0.8962315465262782,2.0193765925492837,0.17627737432695725
-0.0010359731168539607,0.5806567007837573,0.8965036818740806,2.018865075588047,0.1763949727643141
-0.0012796912282003387,0.5830192575603924,0.8967358229465876,2.0183569358132902,0.17651314116860095
-0.0015231022197946806,0.5853628587343649,0.8970048626705964,2.01785217755027,0.1766318314371034
-0.0017661476741673886,0.5876854947850318,0.8963466563416396,2.0173508463473455,0.17675941508884643
-0.0020087692615761007,0.5899851968472389,0.8965065387229286,2.0168532398615064,0.17690030818355879
-0.002250908754004472,0.5922600373046043,0.8966594925308108,2.0163594524286452,0.17704218474904676
-0.0024925080391366167,0.5945081303163843,0.8962348029827912,2.0158695384328813,0.1771934658910844
-0.0027335091343038648,0.5967276322828114,0.8963712802985206,2.0153838035216944,0.17735833989154068
-0.0029738542004001836,0.598916742253622,0.8962064282410759,2.014902385762963,0.17753269545182224
-0.0032134855557634312,0.6010737022842348,0.8963237999321523,2.014425593272756,0.1777208191153104
-0.0034523456900185964,0.6031967977438366,0.8964403656749839,2.0139535268698157,0.1779105114886905
-0.003690377277880048,0.6052843575793873,0.8967016524884861,2.01348620503246,0.1781011004496663
-0.003927523192909262,0.6073347545393636,0.8968127365288405,2.013023630428611,0.17829236439474233
-0.0041637265212250115,0.6093464053608074,0.8969216712917328,2.012565810792081,0.1784845897382966
-0.0043989305751623055,0.6113177709230748,0.8954983945512327,2.012112771853372,0.1786808344715681
-0.004633078906877227,0.6132473563714272,0.8955993510567696,2.0116646303440087,0.17888270824990365
-0.004866115321894111,0.6151337112134564,0.8941502594895604,2.0112214422177788,0.17908856271159532
-0.0050979838925920016,0.6169754293910964,0.8942456590064376,2.010783326093528,0.179300267137296
-0.00532862897162692,0.6187711493308224,0.8946902254879742,2.0103503699868126,0.1795217259866679
-0.005557995205287038,0.6205195539744568,0.8952271139735676,2.0099229274392543,0.17976553404290826
-0.005786027546777303,0.6222193707928011,0.8952862841198512,2.0095013902138956,0.18002312450648716
-0.006012671269430338,0.623869371784215,0.8953465146205667,2.009085852863883,0.18028179202510372
-0.006237871979840623,0.6254683734600237,0.8954015972447129,2.008676323273025,0.18054140039210712
-0.006461575630918698,0.6270152368185936,0.8968010854561177,2.0082728505875935,0.18081029490269895
-0.006683728534862118,0.6285088673096875,0.8968415066613281,2.0078757310853037,0.18109254503167496
-0.006904277376040307,0.6299482147906408,0.8968803206908891,2.0074850551921823,0.18137588689393758
-0.00712316922379006,0.631332273475751,0.8983060842865143,2.007100872033885,0.18166829352040323
-0.007340351545118642,0.6326600818801865,0.8987228301728312,2.006723465777068,0.1819732823385703
-0.007555772217311452,0.6339307227595744,0.8987392595981731,2.006352911952579,0.18227893834282166
-0.007769379540441221,0.6351433230463657,0.8987547399888879,2.0059892168481257,0.18258568083308677
-0.007981122249775752,0.6362970537839787,0.9009531572451761,2.005632426392843,0.18290126402640433
-0.008190949528081222,0.6373911300596009,0.9033128202582564,2.005282857444541,0.18323700973182444
-0.008398811017818041,0.6384248109365006,0.9032960660083579,2.0049408533727746,0.18358488644163348
-0.008604656833226455,0.6393973993865851,0.9056369548693353,2.0046065289292745,0.1839408333592733
-0.008808437572298851,0.6403082422238897,0.9059106913339005,2.004280131459272,0.1843078015669039
-0.009010104328636047,0.6411567300396139,0.9058774031801657,2.0039617189391796,0.184675020350004
-0.009209608703184569,0.641942297139271,0.9058426580307393,2.0036512879666146,0.18504309037050556
-0.009406902815852162,0.6426644214824341,0.9032599915738466,2.0033488560335018,0.18541524116939828
-0.009601939316998867,0.6433226246255463,0.9032211683190542,2.003054535448517,0.18579292422987106
-0.009794671398800588,0.6439164716681939,0.900584264401677,2.002768373256352,0.18617464892223407
-0.00998505280648289,0.6444455712031786,0.9005483284005357,2.00249048161244,0.186561962201499
-0.01017303784942176,0.6449095752707457,0.8979101841925684,2.002220905244492,0.1869529485501455
-0.010358581412109269,0.6453081793171994,0.8978833272302615,2.0019597481821583,0.18734931202904648
-0.010541638964981028,0.6456411221581727,0.898164498034797,2.001707039089954,0.1877462474414718
-0.010722166575103019,0.6459081859467527,0.895584081265432,2.001462785026178,0.18814675978851125
-0.010900120916715425,0.6461091961466274,0.8955714227500076,2.0012270912267023,0.1885527106289686
-0.01107545928163045,0.6462440215103976,0.8930957797832271,2.0009999994732226,0.1889620918892953
-0.011248139589482188,0.6463125740631742,0.8907500715445186,2.000781616301661,0.18937893183583226
-0.011418120397825655,0.646314809091528,0.8944443475200434,2.0005720853875952,0.18980591879559164
-0.01158536091208277,0.6462507251378615,0.89809521708893,2.000371640797412,0.19024613403250723
-0.011749820995332885,0.6461203640002282,0.9016745674635959,2.00018050776184,0.1906974947393476
-0.011911461177945528,0.6459238107375926,0.9013112130133378,1.9999988511472413,0.19115445310853202
-0.01207024266705272,0.645661193680512,0.9019532680740081,1.9998266816021157,0.19161082904873128
-0.012226127355859269,0.6453326844471872,0.8994028510568486,1.9996639819718494,0.19206917080267868
-0.012379077832788141,0.6449384979647913,0.9040955962684716,1.999510823239155,0.1925334973594242
-0.012529057390459066,0.6444788924959844,0.9047179944376986,1.999367296652211,0.19300132509774046
-0.012676030034498137,0.6439541696704516,0.9053059301649552,1.999233397487832,0.19346849626974139
-0.01281996049217625,0.643364674521315,0.9028205252414137,1.9991091024164245,0.19393690923188583
-0.012960814220874521,0.6427107955262048,0.9004311186061168,1.9989944563715172,0.1944094224321333
-0.01309855741637413,0.641992964652754,0.9004456117875099,1.998889510445551,0.19488412433227217
-0.013233157020969409,0.6412116574082479,0.8981958357334081,1.9987942605173945,0.19535966898973797
-0.013364580731401276,0.6403673928931066,0.8982273526058772,1.9987087254079818,0.1958368419417723
-0.013492797006610149,0.6394607338578573,0.8961412571622697,1.9986328956843717,0.1963146611005522
-0.013617775075305455,0.638492286763192,0.896190415862441,1.9985667834371434,0.1967938355565878
-0.013739484943350587,0.6374627018426583,0.9021364230658797,1.9985103765739396,0.19727316265175474
-0.013857897400961433,0.6363726731674996,0.9002085810148631,1.9984636676952634,0.19775338869075842
-0.0139729840297166,0.6352229387130769,0.9002605672169197,1.998426651825768,0.198233741969662
-0.014084717209377625,0.6340142804262736,0.900313528792412,1.9983992989816364,0.198713273096719
-0.01419307012451773,0.6327475242931868,0.9005766330738565,1.998381573953728,0.19919198728878837
-0.014298016770957394,0.6314235404063808,0.9006310401157176,1.9983734401871915,0.19966983830953167
-0.014399531962005201,0.6300432430308691,0.9012286353983455,1.9983748617941008,0.2001469069711646
-0.014497591334502662,0.6286075906679245,0.9012715248886147,1.9983858091869942,0.20062361767743367
-0.01459217135467104,0.6271175861157395,0.9013248886012708,1.9984062509663447,0.20109944677533653
-0.014683249323759494,0.6255742765258483,0.9015844248317032,1.9984361500314811,0.20157437751140095
-0.014770803383492629,0.6239787534541452,0.8998390272849799,1.99847547103402,0.20204870225378635
-0.01485481252131643,0.6223321529052093,0.89821171504654,1.9985241868191375,0.20252259650023416
-0.014935256575441074,0.6206356553685418,0.9043512627202671,1.998582260768467,0.20299450664605445
-0.015012116239679634,0.6188904858452062,0.904406747959125,1.9986496128311373,0.20346355487879647
-0.015085373068081748,0.6170979138632279,0.904463145854049,1.9987261906746052,0.2039314863887401
-0.015155009479360134,0.6152592534799706,0.904970581515177,1.998811953244846,0.2043982700973193
-0.015221008761110462,0.6133758632695754,0.9054355162769036,1.9989068604988989,0.20486399420111678
-0.015283355073821859,0.6114491462933862,0.9054911650351279,1.9990108709741958,0.2053284879443071
-0.015342033454678576,0.6094805500511312,0.9055485570154156,1.999123941077894,0.2057916323333665
-0.01539702982115087,0.6074715664104583,0.9056070290489727,1.99924602528186,0.20625343309840913
-0.015448330974374777,0.6054237315122406,0.9058430640000373,1.9993770789348402,0.20671389622113415
-0.015495924602319768,0.6033386256489094,0.9057318131848674,1.9995170581883535,0.20717312661882306
-0.015539799282743613,0.6012178731128324,0.9057929452066092,1.999665922240511,0.20763123049967447
-0.015579944485933623,0.5990631420116151,0.9058555908391275,1.999823629059328,0.208088135799042
-0.0156163505772337,0.5968761440469404,0.9060950344691452,1.9999901419801875,0.208544234153566
-0.015649008819356734,0.5946586342533925,0.9061596395627094,2.000165422912774,0.20899906107688923
-0.01567791137448133,0.592412410693467,0.9062256114415772,2.0003494273027926,0.20945249737257773
-0.015703051306133087,0.590139314104764,0.9062922785570137,2.0005421098379923,0.20990455016651016
-0.015724422580848947,0.58784122749513,0.9063598272668606,2.000743425732237,0.21035526506703336
-0.0157420200696257,0.5855200756812864,0.906428519606479,2.000953332027718,0.21080466773923395
-0.015755839549150483,0.5831778247662727,0.9064981241217094,2.0011717826485693,0.21125255390689507
-0.015765877702814474,0.5808164815507872,0.9065707262125473,2.001398731919915,0.21169906914754733
-0.01577213212150906,0.5784380928733275,0.9066441151295704,2.001634130062099,0.21214356162609005
-0.015774601304203738,0.5760447448737824,0.9051383949971241,2.001877919549185,0.2125859562502583
-0.015773284658306512,0.573638562174967,0.9054261429607502,2.0021300327662748,0.21302556948920337
-0.01576818249980611,0.5712217069763961,0.9057010113564885,2.0023903997269157,0.21346260490142552
-0.01575929605319598,0.5687963780544236,0.9058949772976478,2.0026589527868017,0.21389706405481948
-0.01574662745118081,0.5663648096627371,0.9057872592475774,2.002935626960316,0.21432949828177983
-0.015730179734164188,0.5639292703271059,0.9059329888782226,2.0032203727859326,0.21476010883439411
-0.015709956849519237,0.5614920615281564,0.9060200005819958,2.003513129286768,0.21518853345555056
-0.015685963650641222,0.5590555162659535,0.9061225986168117,2.003813843799859,0.21561504621784747
-0.01565820589578269,0.5566219975001323,0.906376637069227,2.0041224547495946,0.2160393621802328
-0.015626690246671553,0.554193896459392,0.9064823915076164,2.004438911681691,0.21646189330020632
-0.015591424266912353,0.5517736308142795,0.9065779424384394,2.00476315211424,0.21688179834084628
-0.015552416420170924,0.5493636427073209,0.9071824060555479,2.0050951126809293,0.21729982427809316
-0.015509676068143262,0.5469663966348546,0.907275263202099,2.005434749857329,0.21771653181669126
-0.015463213468308673,0.5445843771751829,0.9073656382021456,2.0057820188882065,0.21813168670337466
-0.015413039771468087,0.5422200865580719,0.9076151766506995,2.006136874060348,0.21854545503601583
-0.015359167019067881,0.5398760420711385,0.907701487849032,2.0064992746975157,0.21895787601398883
-0.015301608140310088,0.5375547732991998,0.9077981966242468,2.006869173872904,0.2193683254493029
-0.015240376949049261,0.5352588191933727,0.906248274739336,2.0072465064943406,0.2197757905885976
-0.015175488140477447,0.5329907249674851,0.9064921440958597,2.007631196315203,0.22018068371979868
-0.015106957287597174,0.5307530388202407,0.9065408173723543,2.0080231945112996,0.22058425010846844
-0.015034800837484175,0.5285483084826219,0.9065774655168962,2.008422457936741,0.22098633937483622
-0.01495903610734015,0.5263790775910746,0.9046664967399074,2.008828939718689,0.22138642200100847
-0.014879681280336588,0.5242478818883078,0.9046717006879087,2.009242578547563,0.22178432177648758
-0.014796755401251126,0.5221572452548329,0.9046720637750946,2.009663326950724,0.2221808135181731
-0.014710278371896632,0.5201096755758491,0.9052642899651109,2.010091142009523,0.22257583440802883
-0.01462027094634506,0.5181076604495984,0.9055029973308607,2.0105259802710376,0.2229694207622538
-0.014526754725946486,0.5161536627449738,0.9060553456626781,2.0109678004044884,0.22336167205196275
-0.01442975215414488,0.5142501160178538,0.9060192124827092,2.0114165590008337,0.2237521309003667
-0.01432928651109192,0.5123994197974527,0.9060129092023727,2.0118721993321778,0.22414047725838399
-0.014225381908059668,0.5106039347557584,0.903685407744769,2.0123346724354665,0.2245271352599303
-0.014118063281654018,0.508865977775028,0.90363809084279,2.0128039287603796,0.22491208045805106
-0.014007356387830206,0.5071878169301485,0.9035912230540698,2.0132799246752753,0.22529562148772078
-0.013893287795711376,0.5055716664045204,0.903541109484452,2.0137626190304467,0.22567779647904795
-0.013775884881212045,0.5040196813599206,0.9034885281281421,2.014251971248946,0.22605861840069805
-0.013655175820468102,0.5025339527825137,0.9034332591732331,2.0147479408634896,0.2264380969038669
-0.013531189583074728,0.5011165023288104,0.9033747019153336,2.015250488999964,0.22681629096087091
-0.013403955925133782,0.4997692771968177,0.9005259140517086,2.0157595764411145,0.22719328147714413
-0.013273505382112378,0.4984941450489713,0.9004389385113607,2.0162751685474336,0.2275692006372698
-0.013139869261514664,0.49729288901451185,0.9003483467924155,2.016797230600011,0.22794398731618704
-0.013003079635368111,0.4961672027998455,0.900255304460824,2.017325723979187,0.2283174137773078
-0.012863169332526398,0.4951186859360569,0.9001622794226888,2.017860608615169,0.22868939389564108
-0.012720171930790548,0.4941488391930328,0.9000687816475891,2.0184018432144626,0.22906008832296684
-0.012574121748850626,0.4932590601897085,0.8999732961290058,2.0189493903323004,0.22942950264687953
-0.012425053838049194,0.4924506392295944,0.8998007572477831,2.0195032084857925,0.22979710312100848
-0.01227300397396931,0.49172475539012167,0.896564661051958,2.0200632447288926,0.23016317604713185
-0.012118008647848465,0.4910824728933209,0.8971050991395043,2.0206294730995102,0.23052867957643924
-0.01196010505782093,0.49052473778401495,0.897368357851466,2.0212018577155306,0.23089264893155198
-0.011799331099990372,0.4900523749399996,0.8972546133564001,2.0217803555864604,0.23125510711477631
-0.011635725359334877,0.4896660854366828,0.897138382488075,2.0223649250539046,0.2316161280280188
-0.01146932710044689,0.48936644428630777,0.8976368335008502,2.022955533149708,0.23197666159709507
-0.01130017625810984,0.4891538985692718,0.8975190038828852,2.023552165753782,0.23233742400308643
-0.011128313427713834,0.48902876597219563,0.8973988477843314,2.024154806897583,0.23269717953011618
-0.010953779855513329,0.4889912337443005,0.897276100155611,2.024763419887972,0.23305573358509946
-0.010776617428727717,0.4890413580804078,0.8971475783468374,2.025377968152935,0.23341302228695185
-0.0105968686654891,0.48917906393550703,0.8970165007371619,2.0259984153517423,0.23376911474332907
-0.010414576704637787,0.4894041452723639,0.8968776767531909,2.0266247235612393,0.23412381089386836
-0.01022978529536938,0.4897162657401961,0.8967413237695129,2.0272568543387672,0.23447722753860176
-0.010042538786735056,0.4901149597789876,0.8966097178392174,2.0278947712564586,0.2348294194471828
-0.009852882116998054,0.4905996341406387,0.8929292469395917,2.02853844260473,0.23518129649054803
-0.009660860802848762,0.4911695698149528,0.8930747477518823,2.0291878627967233,0.23553310094250637
-0.00946652092848076,0.4918239243453701,0.8933421279836131,2.029842999658825,0.23588344045867518
-0.009269909134531108,0.4925617345165526,0.8931853206578722,2.030503813204317,0.23623239397126844
-0.009071072606886561,0.4933819193933294,0.893637691656205,2.0311702652777064,0.23657996859142486
-0.008870059065359282,0.4942832836882361,0.8934760287706578,2.031842315403838,0.23692612039393435
-0.008666916752234296,0.4952645214328994,0.893161511066394,2.0325199243308045,0.23727051495172555
-0.008461694420691746,0.4963242199268808,0.8894272962147963,2.0332030404493078,0.2376136748914598
-0.008254441323106005,0.49746086393628514,0.885669345027123,2.0338916589926397,0.23795797380377057
-0.008045207199225633,0.49867284011350205,0.8855229016634785,2.0345857888505585,0.23830254915868085
-0.007834042264236058,0.4999584416088325,0.881848810393984,2.035285408092543,0.2386467896321448
-0.007620997196708001,0.501315872844493,0.8817120854346073,2.0359905131957463,0.23899088675521227
-0.007406123126435034,0.5027432544215482,0.88146349719369,2.036701053738721,0.23933174378073627
-0.007189471622162542,0.5042386281306886,0.8813450444427896,2.037416955773262,0.23967005985744438
-0.0069710946792116615,0.5057999620384169,0.8812275930427987,2.0381381733326718,0.24000701151655932
-0.006751044707000399,0.5074251556211197,0.8779602688768297,2.0388646725852118,0.2403433717997534
-0.006529374516465765,0.5091120449206269,0.8782085293609964,2.0395964420470647,0.24067948405010822
-0.00630613730738953,0.5108584076961964,0.8781135275694858,2.040333450719837,0.24101393578383998
-0.0060813866556302006,0.5126619685493685,0.8778717100391263,2.041075637299526,0.24134498046993313
-0.005855176500265428,0.5145204039997446,0.8778006273525827,2.041822922338061,0.24167317058578025
-0.005627561130646549,0.516431347491502,0.8777313823155427,2.0425752567058018,0.24199988512208453
-0.005398595173369757,0.5183923943122422,0.875065049862432,2.043332604225331,0.242325623022513
-0.005168333579165721,0.5204011064076306,0.8728158232646724,2.0440949397310977,0.2426504810021714
-0.004936831609711688,0.5224550170771382,0.8730521288907375,2.0448622281957998,0.2429738775679606
-0.004704144824369113,0.5245516355380564,0.8730198457366634,2.0456344145026852,0.2432934614964401
-0.0044703290668495314,0.5266884513467768,0.8733794151124138,2.046411405011883,0.2436099913722942
-0.004235440451812396,0.5288629386680971,0.8734229938325209,2.0471931534025996,0.24392509004500598
-0.0039995353513977835,0.5310725603850212,0.8734710004008797,2.0479796200649467,0.24423864330557912
-0.003762670381697444,0.533314772043148,0.8735219431955645,2.0487707649513447,0.24455064708729726
-0.003524902389167057,0.5355870256252674,0.8735800933906185,2.0495665462289754,0.24486095334183042
-0.0032862884369835397,0.5378867731532249,0.873779488528962,2.050366913916588,0.2451683308046685
-0.0030468857913500307,0.540211470115423,0.87410749699378,2.0511717828313314,0.24547222884323738
-0.0028067519077522394,0.5425585787195575,0.8742006190056423,2.051981098559925,0.24577434734553014
-0.002565944417169594,0.544925570971285,0.8742987082208544,2.0527948155033537,0.2460746928165319
-0.0023245211122439034,0.5473099315804896,0.8745308760820486,2.053612890637815,0.24637338758965396
-0.0020825399334094634,0.5497091606977212,0.8745864184434067,2.0544352815981908,0.24667030655996414
-0.001840058954987641,0.5521207764841236,0.8748183684515249,2.05526194641895,0.24696571607614448
-0.0015971363712493141,0.5545423175188443,0.8748233602822895,2.056092847624337,0.24725973592341827
-0.001353830482448493,0.5569713450484937,0.8749264725721798,2.0569279489055043,0.24755220686599452
-0.001110199680830577,0.5594054450836687,0.8750314588043826,2.0577672066513477,0.24784283487234635
-0.0008663024366184917,0.5618422303479648,0.8751451917982601,2.0586105770714616,0.24813174329607518
-0.0006221972839800531,0.5642793420851884,0.8752604879493481,2.0594580172590473,0.2484188792485756
-0.0003779428069801817,0.5667144517307157,0.8753810975257639,2.060309482102187,0.24870408283008966
-0.0001335976255209077,0.5691452624530948,0.8755123687436492,2.0611649244140837,0.2489873598248897
0.0001107796187271758,0.5715695105721034,0.8756494869011486,2.0620242996078395,0.24926878904058083
0.0003551302763984795,0.5739849668594988,0.875878605021398,2.0628875620621625,0.2495484803838505
0.000599395704508079,0.5763894377287038,0.8760226782138814,2.06375467308004,0.24982658391123025
0.0008435172805257849,0.5787807663196154,0.8759838811158405,2.064625590183451,0.2501030154357911
0.0010874364164451446,0.5811568334846463,0.8761257549423224,2.0655002766301673,0.25037796160209197
0.0013310945728444345,0.5835155586819903,0.8765941224843923,2.0663786839177156,0.25064962745855957
0.001574433272935678,0.5858549007819487,0.8767808151449822,2.067260711945631,0.25091684362146177
0.0018173941165989605,0.5881728587920044,0.8765858293892563,2.068146289431027,0.25118045414075485
0.002059918794398064,0.5904674725061323,0.8768206700247098,2.069035309284541,0.25143939412766214
0.0023019491015744587,0.592736823083646,0.8771566874043797,2.069927694619889,0.25169402561313303
0.0025434269520162463,0.5949790335626753,0.8779477093490575,2.0708233064030472,0.2519406107783084
0.002784294392198432,0.5971922693131297,0.8791474843468534,2.071721963989337,0.25217777786238516
0.003024493615091581,0.5993747384338107,0.8795549661659653,2.072623479401561,0.25240795517134235
0.0032639669740352293,0.6015246920980956,0.8799666310959268,2.073527767281386,0.25263547435857997
0.0035026569965727035,0.60364042485239,0.8803817273678113,2.074434762028263,0.2528598991270413
0.003740506398244411,0.6057202748713273,0.8808001140107042,2.075344402939478,0.253081723470658
0.003977458096335643,0.6077626241734719,0.8812243223220684,2.076256632431915,0.25330095618047477
0.004213455223576263,0.609765898801074,0.8816490220790124,2.077171393186951,0.25351753927800474
0.004448441141788568,0.6117285689671866,0.88207677511335,2.0780886274430053,0.2537315293720706
0.004682359455480173,0.6136491491732887,0.8825114793174808,2.079008277909769,0.25394282196729484
0.004915154025378645,0.615526198300331,0.8829489537811441,2.0799302900722623,0.25415194326001034
0.005146768981904653,0.6173583196759319,0.8833861440676567,2.0808546129456817,0.2543585456381665
0.005377148738580454,0.6191441611202957,0.8838239554617668,2.0817811944978244,0.25456281559323024
0.005606238005370295,0.6208824149732015,0.884269767424737,2.082709979519452,0.25476439882466506
0.005833981801949811,0.6225718181043016,0.8845122127262033,2.08364091030069,0.25496365391587433
0.006060325470901042,0.6242111519087508,0.8849529969756681,2.084573945703199,0.25516102216210035
0.006285214690829955,0.6257992422900929,0.8868106850144,2.085509016803569,0.2553520348186582
0.0065085954894032625,0.6273349596321419,0.8872747518631728,2.0864459308254455,0.25553444791479335
0.006730414256301576,0.62881721876149,0.8892276505126899,2.0873845664105115,0.2557096797781223
0.0069506177560856005,0.630244978902141,0.8896969837865035,2.0883247154850593,0.25587572674928877
0.007169153140972459,0.6316172436236385,0.8899089499119168,2.089266263617034,0.2560367452381193
0.007385967963518718,0.6329330607839648,0.8920121615475596,2.0902090538613054,0.25618715152744653
0.00760101018920777,0.6341915224683632,0.8924864077035392,2.0911528451695527,0.2563277296468044
0.007814228208937684,0.6353917649251568,0.8929587507530757,2.0920975326476974,0.2564659552003085
0.008025570851407189,0.6365329684995343,0.8930910796018808,2.0930430661503303,0.25659999348789747
0.00823498739539661,0.637614357566181,0.8935825777135109,2.0939893167304233,0.2567278857043444
0.008442427581940607,0.638635200461585,0.8940776058712808,2.0949362021650004,0.25685280825823364
0.00864784162639019,0.6395948094167344,0.8945217035435915,2.095883664287128,0.2569752950288085
0.008851180230360682,0.6404925404908852,0.8949326768156228,2.0968316664649134,0.2570963968501967
0.009052394593563237,0.6413277935070012,0.8945948281566,2.0977801702201235,0.2572138461821989
0.009251436425516488,0.6421000119894067,0.8951074638148107,2.0987290587830536,0.25732551027189676
0.009448257957136268,0.6428086831041475,0.8956071829035455,2.0996782514698853,0.25743408418797814
0.009642811952199761,0.6434533376025001,0.8961124784196014,2.100627687077092,0.2575396652825934
0.009835051718682038,0.6440335497680141,0.8961970006962896,2.1015773074613273,0.25764279388376116
0.010024931119961916,0.644548937367443,0.8983026643652616,2.1025270499667865,0.25773905086236654
0.01021240458589457,0.6449991616058712,0.8987545545076426,2.103476691685948,0.25782517505735886
0.01039742712374807,0.6453839270862961,0.8989906771760547,2.104426131814379,0.25790905772870565
0.01057995432900148,0.6457029817739064,0.8994497768926057,2.105375330953705,0.25799053935445443
0.010759942396001733,0.6459561169652529,0.8991219657462334,2.106324219959831,0.2580669241191513
0.010937348128476682,0.6461431672624748,0.8995829861603704,2.107272669839499,0.25813736681482335
0.011112128949902123,0.6462640105527201,0.8993449609711756,2.108220591483794,0.25820264237310664
0.011284242913719916,0.6463185679928667,0.8998360437338203,2.1091678479822797,0.25826142782976613
0.011453648713404931,0.6463068039996088,0.9003051911827118,2.1101143560061737,0.258317233715656
0.011620305692378383,0.6462287262449854,0.8997730241363266,2.1110600485223316,0.25836809794163146
0.011784173853765333,0.6460843856573392,0.9016913798713929,2.1120047748757123,0.2584083274839406
0.011945213869993658,0.6458738764277316,0.9020781630850627,2.1129482978701835,0.25843921497431555
0.012103387092232474,0.6455973360217593,0.9034664978051635,2.1138905138661204,0.2584638108826669
0.0122586555596677,0.6452549451967248,0.9038085283503484,2.114831227889168,0.25847969676101507
0.01241098200861246,0.6448469280240778,0.904179103971163,2.1157703622528707,0.2584935614828194
0.01256032988145023,0.6443735519169937,0.9045411562186457,2.116707868859376,0.2585045928267997
0.012706663335408444,0.6438351276629595,0.9052068110943516,2.1176436763303603,0.2585092155359389
0.012849947251160536,0.64323200946119,0.9054875589432383,2.118577608152878,0.25850581628573815
0.012990147241254529,0.6425645949646486,0.9057125197758279,2.119509584019309,0.2585004884112881
0.013127229658365793,0.6418333253264448,0.9059834389557909,2.1204395766088764,0.2584934526369378
0.013261161603372255,0.6410386852503217,0.9062461829856311,2.1213675473555345,0.25848408001614076
0.013391910933250007,0.6401812030449048,0.9065002447280501,2.122293452594328,0.2584723006921686
0.013519446268787512,0.6392614506813588,0.9067438601842954,2.1232172490473395,0.2584581737003214
0.01364373700211637,0.6382800438540415,0.9069796758914072,2.1241388938211205,0.258441682269109
0.013764753304057303,0.6372376420436923,0.9071991784320378,2.125058345497589,0.25842315858082615
0.013882466131278687,0.6361349485826532,0.9074253999538116,2.12597557332113,0.2584027560998773
0.013996847233267037,0.6349727107215516,0.9076402637366014,2.126890536730846,0.25837996868291857
0.014107869159106936,0.6337517196968204,0.9079129572197489,2.1278031966730047,0.25835538532790364
0.014215505264069093,0.6324728107983707,0.9081181406076847,2.128713527495009,0.2583291501397977
0.014319729716005042,0.6311368634366362,0.9076378733118988,2.129621481461015,0.25829838620784307
0.014420517501546543,0.6297448012081855,0.9071187617555895,2.1305269241162046,0.25825920608451813
0.014517844432108929,0.6282975919589429,0.9072603348957523,2.131429699016752,0.25821377163759274
0.014611687149696042,0.626796247844054,0.9060447943063985,2.1323297326791564,0.2581645321070883
0.014702023132506096,0.6252418253832649,0.9042555231180338,2.133226924207861,0.25810962441422336
0.014788830700336843,0.6236354255106428,0.9042625686832345,2.1341211864964262,0.2580513014937692
0.014872089019788757,0.6219781936173044,0.904418727822945,2.1350124798183554,0.2579914214640456
0.014951778109264761,0.6202713195857693,0.9044052357898313,2.1359007852057967,0.257930380633336
0.01502787884376596,0.6185160378143617,0.9034829280900322,2.1367860697683274,0.25786554993750205
0.015100372959481342,0.6167136272300139,0.902604780815084,2.1376682180675597,0.2577934838580168
0.015169243058171094,0.6148654112876569,0.9026245606112231,2.138547102699682,0.25771645320705516
0.0152344726113422,0.6129727579542492,0.9026382967205459,2.139422678696805,0.25763810745576177
0.015296045964214916,0.6110370796753255,0.9026458535409069,2.14029492772064,0.2575585670520998
0.015353948339480164,0.6090598333218187,0.9026489126622469,2.14116383456347,0.2574779749556511
0.015408165840845865,0.6070425201147007,0.900249294083715,2.14202938148491,0.2573959577837915
0.015458685456371926,0.6049866855248358,0.9002017844206847,2.142891546966011,0.2573127343629937
0.015505495061593011,0.6028939191452346,0.9001499556234173,2.1437503207249784,0.2572289213851696
0.015548583422428727,0.6007658545327283,0.9000975288796196,2.1446056955390613,0.257144180234894
0.015587940197879223,0.5986041690158586,0.9000374513582698,2.145457658220112,0.2570584548753752
0.015623555942507337,0.5964105834655733,0.9002048612602989,2.1463061964453,0.2569718008985217
0.015655422108705283,0.5941868620251283,0.9002791484352377,2.147151300140028,0.2568843620213613
0.015683531048746206,0.5919348117953477,0.9002162630263891,2.1479929582511357,0.25679589622947546
0.01570787601661936,0.5896562824711856,0.8972691997584553,2.1488311599796197,0.2567070101129603
0.015728451169649365,0.587353165925322,0.8941148420688536,2.149665917753071,0.2566189815839943
0.015745251569898207,0.5850273957342751,0.8940058482741456,2.1504972600911323,0.2565316826750912
0.0157582731853505,0.5826809466423059,0.8938957398128136,2.1513251921674232,0.2564438627285775
0.015767512890881054,0.5803158339581662,0.8906484568564161,2.152149715232574,0.25635659650064857
0.015772968469004896,0.5779341128795306,0.8874584976289166,2.1529708680251782,0.25627135661312916
0.015774638610409435,0.5755378777397353,0.8844437336483459,2.153788699572384,0.25618838804272376
0.015772522914268755,0.5731292611712745,0.8845976300839377,2.1546032556807653,0.25610647404275577
0.015766621888339803,0.5707104331802965,0.8818724114552748,2.1554145459000513,0.25602485637148553
0.01575693694884048,0.5682836001262239,0.8820007109830043,2.1562225974273876,0.2559440818293488
0.0157434704201097,0.5658510036004354,0.8822373203839635,2.1570274142436836,0.2558626350920692
0.015726225534049867,0.5634149191979028,0.8822204184942724,2.1578289888237157,0.2557805448543425
0.015705206429350707,0.5609776551755388,0.8799278004013317,2.158627320010301,0.25569859295775405
0.015680418150496523,0.5585415509910274,0.879966873919463,2.1594224272789813,0.25561723050613333
0.01565186664655529,0.5561089757158988,0.8802112417312398,2.160214316588946,0.2555354201579345
0.015619558769750769,0.5536823263166695,0.8802559841658313,2.1610029830857598,0.2554530268800543
0.015583502273818462,0.5512640257979983,0.8791155299754063,2.1617884099210043,0.25536784521026024
0.015543705812144207,0.5488565212019885,0.879190042283682,2.1625705214719972,0.2552792569468989
0.01550017893568786,0.5464622814580117,0.8781583193557666,2.16334928485294,0.2551881813337319
0.015452932090690765,0.5440837950777733,0.8768504379784091,2.164124621515842,0.2550921505162854
0.015401976616168959,0.5417235676907426,0.8770973317732932,2.164896455871594,0.2549934866840993
0.015347324741191718,0.539384119415584,0.8760000646895777,2.1656647739176855,0.25489449286624094
0.01528898958194667,0.5370679820638194,0.8754278892462194,2.166429571696661,0.2547944272696497
0.015226985138592131,0.5347776961726524,0.8756807351170088,2.1671908246526463,0.2546930167490124
0.01516132629189676,0.5325158078646964,0.8759085965229874,2.167948526724204,0.2545911403120352
0.01509202879966861,0.5302848655332664,0.8759321197878829,2.168702667729874,0.2544875259851774
0.015019109292973192,0.5280874163529192,0.8762635554176361,2.169453201530248,0.2543814247742793
0.01494258527214211,0.5259260026160633,0.8768132763876384,2.170200098622941,0.2542727048081843
0.014862475102573016,0.5238031578977201,0.8772053653547316,2.170943288714353,0.25416060405273155
0.014778798010322038,0.5217214030518825,0.8774931692932713,2.171682746593161,0.25404784442420975
0.014691574077489633,0.5196832420443701,0.8784972838777496,2.172418460336607,0.25393261548410917
0.01460082423740103,0.517691157628669,0.8768801650138898,2.173150350425197,0.25381295204318277
0.014506570269582249,0.5157476068728668,0.8783063423015556,2.173878355059574,0.25368915430779154
0.014408834794533091,0.5138550165475579,0.8786822751348464,2.1746023772214373,0.25356120247231734
0.014307641268298452,0.5120157783863619,0.8791693385409057,2.1753223913059587,0.25343256283934307
0.014203013976838845,0.5102322442325398,0.8796590440097181,2.176038384195906,0.253302699961764
0.014094978030202012,0.5085067210870545,0.8776952275516265,2.176750340615512,0.25317186250023327
0.013983559356496608,0.5068414660752898,0.8781845888287696,2.1774582558097397,0.2530404133674834
0.013868784695669363,0.5052386813514562,0.8786703056036699,2.178162119192934,0.2529078386475219
0.013750681593088074,0.5037005089615171,0.8789615224897744,2.178861916487809,0.2527743471025704
0.013629278392930311,0.50222902568716,0.8807313863329309,2.179557631617168,0.2526378354552319
0.013504604231381483,0.5008262378949131,0.8812303242524634,2.1802491722175126,0.2524967986207952
0.013376689029641828,0.49949407641598487,0.8815192438992729,2.1809365035246375,0.25235496182321715
0.013245563486745703,0.4982343914836184,0.8820267119467913,2.1816196231083826,0.2522126148100643
0.013111259072194075,0.49704894775586067,0.8823150698333173,2.182298530777456,0.2520700454743163
0.01297380801840171,0.49593941945242886,0.8826034569824555,2.1829732320050512,0.2519272974134493
0.01283324331296173,0.4949073856349309,0.8844610599385151,2.183643716607401,0.251781562338565
0.012689598690728672,0.49395432565993264,0.8862744893716756,2.1843098792572855,0.25162877891501934
0.01254290862572239,0.4930816148343409,0.8865500278766544,2.184971602207676,0.25147177161410483
0.012393208322854342,0.49229052030215636,0.8870328484126982,2.1856288649864806,0.2513144602749199
0.012240533709478613,0.4915821971909477,0.8869972782404127,2.186281662938021,0.2511564958157801
0.012084921426769557,0.4909576850453104,0.887478115890517,2.186929999625641,0.250998267927305
0.011926408820928045,0.4904179045731505,0.8874051667749592,2.1875738726503435,0.2508395449578113
0.011765033934218563,0.48996365472889036,0.8878841126281051,2.1882132871865103,0.2506805443905543
0.011600835495839354,0.4895956101555718,0.8883436711911357,2.1888482375286467,0.25052053073870295
0.011433852912627402,0.4893143190054739,0.8888139576865428,2.1894787115480603,0.2503595134678442
0.011264126259601154,0.4891202011561669,0.8892639281722231,2.1901046987715937,0.25019743470531036
0.011091696270342599,0.4890135468360105,0.8873604266074107,2.190726194624885,0.2500357773677471
0.01091660432722145,0.4889945156700013,0.887262287921952,2.191343235384762,0.24987530853606268
0.010738892451463597,0.48906313615356534,0.8871175157529211,2.191955837169811,0.2497149336867949
0.010558603293066182,0.48921930555851517,0.8887124847246254,2.1925640042265604,0.24955282745620344
0.010375780120561789,0.48946279027192957,0.8900230272248552,2.193167666421467,0.24938579085088852
0.010190466810634227,0.48979322656522883,0.8904156086123788,2.193766750013484,0.24921599452838433
0.010002707837588366,0.4902101217873116,0.890666096460824,2.194361239966565,0.249045873921992
0.00981254826267643,0.4907128559722631,0.8915832943224219,2.1949511379560054,0.2488746787406146
0.009620033723283582,0.49130068384895287,0.8919892883193958,2.195536414405811,0.24870179246205854
0.009425210421975203,0.4919727372368396,0.8923501610656407,2.1961170669143204,0.2485288723851271
0.009228125115408423,0.49272802780949826,0.8906258642587562,2.196693112220264,0.24835758140047454
0.009028825103110748,0.4935654502048931,0.8911419051311618,2.1972646154977555,0.24818833515773236
0.008827358216128452,0.494483785459164,0.8912635965790361,2.197831585176617,0.24801836181522138
0.008623772805547313,0.4954817047388251,0.8909986409861804,2.19839403059992,0.2478490898905095
0.00841811773088872,0.4965577733446605,0.891245651814214,2.198951983038254,0.24768085645214183
0.008210442348383263,0.4977104549594227,0.8914780768000596,2.199505463145465,0.24751300978140908
0.00800079649912596,0.49893811611052097,0.8908182966711843,2.200054492095683,0.24734648641178386
0.007789230497114265,0.5002390308183783,0.8898309067466087,2.200599126928975,0.2471831445277787
0.007575795117173108,0.5016113854009407,0.8900672419880947,2.2011394403939444,0.24702161136936637
0.007360541582769143,0.5030532834049247,0.8901958764880382,2.201675418306061,0.24685780279419392
0.007143521553717351,0.5045627506348613,0.8903205705125476,2.202207058017377,0.24669456935376444
0.0069247871137830125,0.5061377402516364,0.890554768681807,2.2027343816212426,0.24653206419343013
0.006704390758181679,0.5077761379132609,0.8892438440043687,2.2032574165925234,0.24637157793581313
0.006482385380980822,0.5094757669317105,0.8893395919317331,2.2037762404193955,0.2462143678470495
0.0062588242624052656,0.5112343934210942,0.8895154559133974,2.2042908945488726,0.2460573127134149
0.00603376105605029,0.5130497314139177,0.8896068639102467,2.2048013551104,0.24589813204643973
0.005807249776005151,0.5149194479238676,0.8898412112406419,2.2053076223797925,0.24573958654152508
0.005579344783889725,0.5168411679352906,0.889622738380759,2.2058097148906257,0.2455815384530076
0.0053501007758081425,0.5188124793013648,0.8897093657528327,2.2063076533512995,0.2454242417158252
0.005119572769221917,0.520830937534799,0.8882214775610746,2.206801478729807,0.2452709043566797
0.004887816089746027,0.5228940704767846,0.888298295275988,2.2072913235343616,0.24512320089357698
0.004654886357871127,0.5249993828317341,0.8883723050198039,2.2077772570105636,0.24497716847824255
0.004420839475614738,0.5271443605571978,0.8870335741845418,2.2082593272314908,0.24483540610408985
0.00418573161310513,0.5293264751000738,0.8872648956328518,2.208737679186163,0.24469953533038763
0.003949619195100702,0.5315431874719345,0.885499326875286,2.2092123775109394,0.24456665668568225
0.003712558887448429,0.5337919521578958,0.8842044137727836,2.2096835491294575,0.24444230664691516
0.003474607583484239,0.5360702208549479,0.8844358425993815,2.210151386065264,0.24432493988328655
0.003235822390378815,0.538375446037115,0.8825306468352526,2.2106159630311466,0.24421105758081202
0.002996260615432333,0.5407050843460643,0.8806640531001119,2.211077417098183,0.24410526063653332
0.0027559797523208237,0.5430565998070099,0.8789220593158479,2.2115359180848424,0.24400776711524344
0.002515037467297997,0.5454274668708211,0.8789898021288658,2.211991625231483,0.24391598019020158
0.0022734915853557594,0.5478151732842015,0.8790443910392474,2.2124446053710343,0.24382581044522578
0.002031400076346278,0.5502172227906856,0.8790997582976164,2.212894889194497,0.24373673138155955
0.0017888210410696261,0.5526311376659081,0.879327413870477,2.2133425059194853,0.2436487128766685
0.0015458126973298513,0.5550544610912816,0.8795543957282423,2.2137874757709866,0.2435613457445991
0.0013024333659629567,0.5574847593707425,0.8796246075761003,2.2142298188322695,0.24347489178132523
0.0010587414568402171,0.559919623995679,0.8796965623591464,2.214669565394019,0.24338988798207659
0.0008147954548500376,0.5623566735635253,0.8799206235147267,2.2151067452040105,0.2433057794433316
0.0005706539058618959,0.5647935555558055,0.8801438165783932,2.2155413781246875,0.24322237056944096
0.0003263754026756767,0.5672279479815848,0.8787215623892954,2.215973497474724,0.24314261669915627
8.201857095951564e-05,0.5696575608924868,0.8771908986196073,2.216403254566143,0.24307391122237135
-0.00016235794481993316,0.5720801377754606,0.8774112884262233,2.2168309158685573,0.24301570129044311
-0.0004066954954719151,0.5744934568295772,0.8776700143630911,2.2172565680024183,0.24295825647474054
-0.0006509354411571659,0.5768953321330628,0.8778909991709054,2.2176802274216367,0.24290140784507303
-0.0008950191654610938,0.5792836147067612,0.8781064666606977,2.2181019105939233,0.2428451649507252
-0.0011388880894615352,0.5816561934800929,0.8768453935232771,2.218521650144151,0.24279271576506797
-0.0013824836857873346,0.5840109961654931,0.8754117674883215,2.2189396039957394,0.24275203717605165
-0.0016257474926646856,0.5863459900471222,0.8743564631378488,2.219356063741855,0.24272508200692622
-0.0018686211279476624,0.5886591826894929,0.8737217000588549,2.2197712353788104,0.24270619403887994
-0.002111046303129628,0.5909486225714796,0.8739792951960021,2.2201852623179654,0.24269215417852563
-0.0023529648373322083,0.5932123996509505,0.8741881112254634,2.220598188153608,0.2426787785513641
-0.002594318671268464,0.5954486458650704,0.8740060649908747,2.221010041515098,0.2426686446715617
-0.0028350498811768143,0.5976555355711003,0.8742743802503588,2.2214209382310957,0.24266521000998115
-0.003075100692722416,0.5998312859322931,0.8749837704228676,2.2218310060796247,0.2426677480669385
-0.003314413494862773,0.6019741572532648,0.8753288854644087,2.2222403539283557,0.2426743012306009
-0.0035529308536741563,0.6040824532689958,0.8755454139762212,2.222649027813625,0.24268203760632825
-0.0037905955261353422,0.6061545213913881,0.8758948160701215,2.2230570480697285,0.24269068035895847
-0.004027350473865827,0.6081887529170965,0.8762492806016919,2.2234644365941056,0.24270038909305353
-0.004263138876814567,0.6101835832001139,0.8751184664733346,2.2238712539833583,0.24271874859486398
-0.004497904146896725,0.6121374917924259,0.8754501397290096,2.224277787785848,0.24274960880349455
-0.0047315899415743806,0.6140490025557719,0.8765278967722543,2.224684145587359,0.2427833903542037
-0.004964140177378557,0.615916683747446,0.875521610661452,2.2250904589712754,0.2428294457344199
-0.005195499043368948,0.6177391480827932,0.8746049472972508,2.225497090714185,0.24289655482664246
-0.005425611014528292,0.6195150527769338,0.8737767255230916,2.225904463499675,0.24298504477092064
-0.005654420865088046,0.6212430995680612,0.8746236263682783,2.226312979964349,0.24308951628964393
-0.005881873681782452,0.6229220347244708,0.8758497197985945,2.226722833985684,0.24320047137303852
-0.006107914877027313,0.6245506490373511,0.8762549779189721,2.227134136276638,0.2433154963761259
-0.006332490202020801,0.6261277778012021,0.8778402629461394,2.2275469361335114,0.2434334608514061
-0.006555545759762952,0.6276523007836103,0.8782851290348153,2.227961315170979,0.2435553161583821
-0.006777028017990576,0.6291231421859731,0.8779547980568232,2.2283773569063934,0.24368720830818377
-0.006996883822024874,0.6305392705966444,0.8783905597544911,2.2287953922362154,0.2438335930853377
-0.007215060407528238,0.6318996989378666,0.8800895981748312,2.2292155362895723,0.24398277083204573
-0.007431505413167438,0.6332034844077075,0.8803497503981379,2.2296378654798805,0.24413534842852452
-0.0076461668931800675,0.6344497284181645,0.8822276859934938,2.230062410720868,0.24428993956574932
-0.007858993329841366,0.6356375765304805,0.8827026543152566,2.230489236932623,0.24444781324244635
-0.00806993364582814,0.6367662183886085,0.8831919009222332,2.230918373543383,0.24460655356826527
-0.008278937216477123,0.637834887651715,0.8836821004399297,2.2313498313966442,0.24476599220209688
-0.008485953881934577,0.6388428619265057,0.8856815060562995,2.23178362545731,0.24492735286613954
-0.008690933959194538,0.6397894627000965,0.8861779309617508,2.232219812561023,0.24509166042772154
-0.00889382825402242,0.6406740552740895,0.8866737852917418,2.2326584188890375,0.2452567487978354
-0.009094588072761374,0.6414960487004301,0.8870376196343701,2.233099455579376,0.24542258455609567
-0.009293165234018592,0.6422548957195959,0.8873056526329407,2.233542928437697,0.24558882360746392
-0.009489512080228586,0.6429500927015894,0.8877952887556074,2.2339888420178053,0.2457556201194976
-0.00968358148909077,0.6435811795901564,0.8882844221559685,2.234437203070903,0.24592301944627556
-0.009875326884878593,0.6441477398506266,0.8902146676514275,2.234888027316494,0.2460925741867931
-0.010064702249617433,0.6446494004217026,0.8906919703702129,2.2353413737341343,0.24626487257168247
-0.010251662134128875,0.6450858316715078,0.8907936920196661,2.2357973079205675,0.2464470096361074
-0.010436161668938014,0.6454567473581405,0.8924224462006932,2.236256171509235,0.24664536533123202
-0.010618156575042186,0.6457619045949706,0.8928623647333357,2.2367181167267582,0.2468464755710955
-0.010797603174537464,0.6460011038208636,0.8932978789128608,2.2371831599286223,0.2470478105173841
-0.010974458401101415,0.6461741887754946,0.8937297478968383,2.2376513019266593,0.2472497509506387
-0.01114867981032853,0.6462810464798768,0.8941581269839871,2.238122549491968,0.2474522948243441
-0.011320225589916988,0.6463216072222119,0.8944781162590764,2.2385969070870044,0.24765525212716025
-0.01148905456970306,0.6462958445491213,0.8952361654457904,2.2390744209401117,0.2478676127594964
-0.011655126231542039,0.6462037752623205,0.8960828920403157,2.239555451388706,0.24810264405420682
-0.011818400719032271,0.6460454594207282,0.8964746109389118,2.2400403947190095,0.2483511485218309
-0.011978838847080509,0.6458210003480291,0.8968620040808845,2.240529338600619,0.24860011653095654
-0.012136402111306132,0.6455305446456245,0.8977882298978282,2.241022293909082,0.2488512618253054
-0.012291052697282055,0.6451742822109203,0.8980956594892109,2.241519316992382,0.24910502106585247
-0.012442753489610024,0.644752446260869,0.8997317633481923,2.2420204595184865,0.24936696877258874
-0.012591468080828063,0.6442653133606157,0.9000079505410216,2.2425259930139294,0.2496408312399233
-0.01273716078014815,0.6437132034571177,0.9005001517627121,2.2430359976463823,0.24991649293867124
-0.012879796622021773,0.6430964799175534,0.9007939690646742,2.2435505260834026,0.25019487800045936
-0.013019341374531595,0.6424155495722879,0.9010825728533288,2.24406959099673,0.2504734571554967
-0.013155761547606825,0.6416708627621578,0.901163289470536,2.2445931955933762,0.25075400847645224
-0.013289024401060803,0.6408629133897819,0.9014055392537714,2.2451213970778854,0.2510374778148866
-0.013419097952448365,0.6399922389745603,0.9010944806890229,2.245654220988264,0.2513232882521789
-0.01354595098474155,0.6390594207110003,0.900432453524514,2.246191740226202,0.25161408720304357
-0.013669553053821556,0.6380650835299416,0.8994309880749447,2.246734049078235,0.25191029400367027
-0.013789874495785084,0.6370098961622233,0.8995471903487617,2.24728123599899,0.25220979826762474
-0.01390688643406364,0.6358945712042587,0.9023295445718561,2.2478333472377665,0.25251553714831393
-0.014020560786353744,0.6347198651849504,0.9024334659564581,2.248390582499224,0.2528302691021261
-0.014130870271356453,0.6334865786333013,0.9025329615990506,2.2489529961066985,0.2531453452466474
-0.014237788415324946,0.6321955561460232,0.9026285966416892,2.249520585330307,0.2534608269842239
-0.014341289558417805,0.6308476864543486,0.9027202972857082,2.2500933476473817,0.2537766974944947
-0.014441348860857602,0.6294439024892172,0.9060901167273991,2.2506713056763603,0.2540978223020909
-0.014537942308892047,0.6279851814438778,0.9064770883724296,2.251254621763075,0.25442618541721024
-0.014631046720557218,0.6264725448329019,0.9048533594885729,2.251843341822301,0.2547564452597558
-0.01472063975124128,0.6249070585464662,0.904897373418551,2.252437523607351,0.2550896998797298
-0.014806699899046946,0.623289832898716,0.9044521081417591,2.253037176670341,0.25542281076326656
-0.014889206509951769,0.6216220226688464,0.9039349124718311,2.2536422828127396,0.25575555610549844
-0.014968139782765316,0.6199048271334867,0.9033465273850645,2.254252827114242,0.2560881647184531
-0.015043480773880853,0.6181394900887958,0.9013432818657151,2.2548688046812857,0.25642262861432147
-0.01511521140182231,0.6163272998605962,0.9018207183806703,2.2554902741441296,0.2567599806564836
-0.015183314451583175,0.6144695893006821,0.899545107588522,2.256117247882464,0.2570990249569137
-0.015247773578758478,0.612567735767345,0.9035028504235599,2.256749799698769,0.25744410541520013
-0.015308573313467128,0.6106231610879502,0.9034867392323807,2.25738803801391,0.2577934206235828
-0.015365699064064636,0.6086373315012891,0.907289019085885,2.258031993447423,0.25814483051007137
-0.015419137120645014,0.6066117575772074,0.9109145292253069,2.2586817202018548,0.25849940706197966
-0.015468874658331282,0.6045479941108747,0.9108797230865251,2.259337245054941,0.2588548083000111
-0.01551489974035311,0.6024476399888434,0.9082239340209346,2.259998561892756,0.2592109790595995
-0.015557201320911743,0.6003123380238613,0.9137151946684757,2.2606656945941057,0.25956808529632636
-0.015595769247830887,0.5981437747552039,0.9139602367788847,2.261338606648952,0.2599233162288595
-0.015630594264993247,0.5959436802110645,0.9189379946820044,2.262017255667541,0.2602760898444644
-0.015661668014561852,0.5937138276293651,0.9236242454620516,2.2627015446727383,0.26062336318686835
-0.015688983038985953,0.5914560331330798,0.9235593635147112,2.263391350407471,0.260966254350466
-0.01571253278279081,0.5891721553559847,0.9234904599059072,2.264086618575242,0.2613081464746183
-0.01573231159415105,0.5868640950144985,0.9234171542320664,2.2647873189118988,0.26164905811441125
-0.015748314726246705,0.5845337944210709,0.9233398924685807,2.2654934215968874,0.2619890889351048
-0.01576053833840305,0.5821832369343295,0.9236892848179953,2.2662048989570587,0.2623282571675745
-0.01576897949701178,0.5798144463410004,0.9243460693777322,2.266921718073529,0.26266573511224894
-0.015773636176235322,0.5774294861644006,0.9215802447856809,2.2676438265258976,0.26300184320120723
-0.015774507258493067,0.5750304588940689,0.9214592132129696,2.2683712131484155,0.2633381316681673
-0.015771592534729456,0.5726195051309662,0.9213353761406634,2.269103856549081,0.26367352338660166
-0.015764892704464184,0.5701988026424415,0.9216901783802415,2.269841727819341,0.26400791988893085
-0.015754409375624334,0.5677705653210526,0.9220022107827847,2.2705847945800604,0.26434114733117053
-0.01574014506415852,0.5653370420411721,0.9218721525245598,2.2713330224906354,0.26467322909592783
-0.01572210319343305,0.5629005154072262,0.9217379566212363,2.272086380526638,0.26500431246902506
-0.015700288093410283,0.5604633003873394,0.9215994579356205,2.2728448389025506,0.2653344587658365
-0.015674704999609466,0.5580277428261445,0.9220903845383398,2.2736083669219966,0.26566315027754867
-0.01564536005185034,0.5555962178305145,0.9223935232988764,2.274376912634332,0.2659896963265552
-0.01561226029277952,0.5531711280220817,0.9226529646853369,2.275150434090569,0.266314876502538
-0.015575413666180286,0.5507549016505119,0.9228708000076598,2.275928891943736,0.266638607286217
-0.015534829015066181,0.548349990561713,0.9194159644834965,2.276712256465252,0.2669623542273925
-0.015490516079558595,0.5459588680154245,0.9192366652783583,2.2775005376145714,0.2672868566016168
-0.015442485494549373,0.5435840263469782,0.9194648701007306,2.2782937172344715,0.2676103070644239
-0.015390748787148372,0.5412279744684588,0.9197368662248632,2.279091760946254,0.2679321535193747
-0.015335318373917035,0.5388932352050181,0.915837009604151,2.2798946266577658,0.2682536146384706
-0.015276207557888432,0.5365823424627046,0.915624611197508,2.280702330708687,0.2685763383029516
-0.01521343052537465,0.5342978382249159,0.9154104381313872,2.2815148605992506,0.26889821394186736
-0.015147002342562162,0.5320422693753886,0.915554902211839,2.282332186797975,0.26921869327314873
-0.015076938951896058,0.5298181843465933,0.9158008379485435,2.2831542626063124,0.2695372721987515
-0.015003257168253648,0.5276281295934546,0.9115038072906363,2.28398105528523,0.26985619273909894
-0.014925974674909465,0.5254746458934738,0.9114909700785613,2.2848125903867866,0.2701764534419934
-0.01484511001929078,0.5233602644756117,0.9112577282537078,2.285648850569935,0.2704955898187557
-0.014760682608526896,0.5212875029816748,0.9110227714503274,2.2864898097446216,0.2708140506455777
-0.014672712704791098,0.5192588612654426,0.9112352154910857,2.287335441274364,0.27113138960311967
-0.014581221420438002,0.5172768170363353,0.910998767520305,2.2881857111318595,0.27144756577971535
-0.014486230712936681,0.5153438213561338,0.9107614050301616,2.2890405901168744,0.27176281460318213
-0.014387763379600944,0.5134622939989605,0.9106124856806048,2.28990004816588,0.2720767263522091
-0.014285843052118151,0.5116346186865729,0.9107937597057835,2.290764043670932,0.27238898712807413
-0.01418049419087769,0.5098631382128399,0.9105629561085568,2.2916325379487748,0.2726999403700052
-0.014071742079100504,0.5081501494731371,0.9104053728157508,2.2925054982911814,0.27300958794055774
-0.013959612816771412,0.5064978984162665,0.9101806093414178,2.2933828859235095,0.27331788071105517
-0.013844133314375142,0.5049085749383188,0.9057185693482864,2.294264679633514,0.27362700599006284
-0.013725331286437993,0.5033843077396631,0.9011879479342114,2.2951509235104557,0.2739397524315929
-0.013603235244876286,0.5019271591679498,0.9009534728149743,2.296041674516868,0.2742545379047205
-0.013477874492153987,0.5005391200715376,0.8964771548451831,2.296936938265198,0.2745704951957247
-0.013349279114249988,0.49922210468919714,0.896546030931783,2.2978367519761713,0.27488802416716923
-0.013217479973437697,0.49797794560314834,0.8963187118450339,2.2987410991958144,0.27520434283526146
-0.013082508700878267,0.49680838878349354,0.8965782272768589,2.299649948754859,0.275519504177998
-0.012944397689029165,0.49571508875289627,0.8922532723140882,2.300563275573219,0.2758352843771184
-0.012803180083870339,0.49469960390082074,0.8920445314354822,2.3014811142229017,0.27615287515679077
-0.012658889776949133,0.4937633919768609,0.8918373480845149,2.3024034550399937,0.2764695282934243
-0.012511561397246577,0.4929078057925542,0.891631831919685,2.303330270064041,0.27678520562764697
-0.012361230302866599,0.49213408916062357,0.8914283123624787,2.304261529478268,0.2770997828549933
-0.012207932572550302,0.49144337309979996,0.8912262613837133,2.305197202868588,0.2774132630735262
-0.012051704997016981,0.4908366723322045,0.8873210091392159,2.306137265542582,0.27772697394658086
-0.011892585070134925,0.4903148820988137,0.8872890204405474,2.3070817334057514,0.27804152533478854
-0.011730610979922763,0.48987877531665164,0.8872203230375846,2.308030586822813,0.27835488010609316
-0.011565821599384601,0.4895290000992457,0.8870444916462518,2.3089837915802174,0.27866677812699264
-0.011398256477180837,0.48926607765938973,0.886871377013073,2.3099413072889066,0.27897718993097254
-0.01122795582813635,0.4890904006105526,0.8867009418068599,2.3109031026593296,0.2792866321558429
-0.011054960523589535,0.48900223168030166,0.8865350078683514,2.311869148029222,0.2795949959171897
-0.010879312081582973,0.4890017028459518,0.8863698820021708,2.3128394139568047,0.2799022924782417
-0.010701052656899683,0.48908881489934064,0.8862077254609053,2.31381386871624,0.28020835752684775
-0.010520225030945901,0.4892634374442121,0.8861644586023625,2.3147924793529486,0.28051315285004114
-0.010336872601483795,0.4895253093262383,0.8860064745789181,2.315775212171012,0.2808167499363049
-0.010151039372216338,0.48987403949222896,0.885855568226299,2.316762035540257,0.2811191622036215
-0.009962769942226527,0.4903091082716681,0.8857082561114071,2.3177529174558633,0.2814203787405739
-0.009772109495273844,0.4908298690704029,0.8855921947494453,2.318747826226927,0.2817203935647956
-0.009579103788950317,0.4914355504631677,0.8852496314437927,2.3197467260448885,0.28201862119491555
-0.009383799143699006,0.49212525866862417,0.8854857552952677,2.3207495650111647,0.28231469524517216
-0.00918624243169732,0.4928979803879043,0.8853627106203688,2.321756301284027,0.2826093374859657
-0.008986481065607772,0.49375258598516564,0.8852436108523315,2.322766899120177,0.28290259160907016
-0.008784562987199339,0.4946878329865163,0.8851283332105754,2.3237813241475576,0.28319458111543855
-0.008580536655841601,0.4957023698718207,0.88469471029923,2.324799541219481,0.28348478138519334
-0.008374451036874713,0.49679474013242275,0.8846078428798777,2.3258214987362424,0.2837729043704213
-0.008166355589858032,0.4979633865666332,0.8843878965745817,2.3268471579757484,0.2840597340362967
-0.007956300256699871,0.4992066557840641,0.8843054797229687,2.3278764857854823,0.2843452338644046
-0.007744335449671927,0.5005228028894031,0.8845369355127735,2.3289094481313057,0.2846293882291571
-0.0075305120393103645,0.5019099963161061,0.8844576434856211,2.3299460081454533,0.28491198589533
-0.007314881342207358,0.5033663227806852,0.8819170326248728,2.330986130462741,0.2851932652769002
-0.007097495108695084,0.5048897923287385,0.8818863547789241,2.332029778499993,0.28547287640367963
-0.006878405510426084,0.5064783434446466,0.8818618474114948,2.3330769094235455,0.2857506489097869
-0.00665766512785231,0.5081298481978639,0.8798939611449508,2.33412747883331,0.2860262008101318
-0.0064353269376059554,0.5098421173999378,0.8801151959854173,2.3351814282103063,0.2862994899858954
-0.006211444299785435,0.5116129057478297,0.8800119867671591,2.3362387140690153,0.2865703916483976
-0.005986070945149135,0.5134399169306229,0.8800692408123818,2.337299263220875,0.2868380867214236
-0.005759260962220306,0.515320808678429,0.8797285911825502,2.3383630246179927,0.28710412636640525
-0.00553106878430617,0.51725319773403,0.8785213625511104,2.3394299554245075,0.2873673007405201
-0.0053015491764340245,0.5192346647296502,0.8787440823125424,2.3404999665983945,0.28762664041378777
-0.005070757222208033,0.521262758953085,0.8779711497914499,2.3415729994099332,0.2878827447385735
-0.0048387483105893645,0.5233350029892986,0.8775846827139197,2.342648937288711,0.2881316933271753
-0.004605578122603141,0.5254488972254234,0.8778117051979689,2.3437276298682943,0.28837512093465767
-0.004371302617975171,0.5276019242089115,0.8777445303174571,2.34480900418964,0.28861425149691333
-0.00413597802170205,0.5297915528503341,0.8779005915449802,2.345892917953832,0.28884716124504306
-0.0038996608105572286,0.5320152424639832,0.878327454650353,2.3469792937565113,0.2890764585920825
-0.0036624076995370675,0.5342704466410347,0.8785576467047747,2.348068025339981,0.2893012879756788
-0.0034242756282493007,0.5365546169515112,0.8788227666288103,2.3491590560648836,0.28952412173952197
-0.0031853217472479715,0.5388652064726641,0.8790897169221011,2.3502523340032844,0.2897444435305888
-0.002945603404317522,0.5411996731426877,0.8796771835982781,2.3513477949915322,0.28996034733785964
-0.0027051781307095395,0.5435554829398296,0.8799701681474835,2.3524453154017246,0.2901706165869073
-0.0024641036273355937,0.5459301128880235,0.8805679628510292,2.3535448013405245,0.29037479634879965
-0.002222437750919324,0.5483210538911089,0.8811526711476809,2.3546460503619975,0.2905669005402482
-0.0019802385001109982,0.5507258133985322,0.8820039736485483,2.355748822633709,0.2907483154547236
-0.0017375640015682308,0.5531419179061473,0.882555070631006,2.356852924711507,0.2909197456566756
-0.0014944724960057553,0.5555669152963687,0.8828516391579203,2.357958120876113,0.29107873470863577
-0.0012510223242180563,0.557998377022429,0.882824045095171,2.35906416569639,0.2912259011918201
-0.0010072719130777529,0.5604339001419568,0.8824289913048852,2.3601708295893093,0.291362118383216
-0.0007632797615134237,0.562871109205417,0.8825543298362298,2.3612779168165363,0.29149122794932875
-0.00051910442647028,0.5653076580052396,0.8817236927336937,2.362385336216279,0.29161544046074966
-0.00027480450885662916,0.5677412311916539,0.8817915677248531,2.363492947681814,0.29173323795672645
-3.043863948000336e-05,0.5701695457613769,0.8818579692988128,2.3646006819264023,0.2918494632118301
0.00021393453502392673,0.5725903524253911,0.881844424799354,2.3657085092971215,0.2919642154263551
0.0004582563662663246,0.575001436862048,0.8805809543206322,2.3668163933052626,0.2920753987793084
0.0007024682181804963,0.5774006208617333,0.8806086427770856,2.36792422302906,0.29218143326782353
0.0009465114810942507,0.5797857633692467,0.878977271434729,2.3690319298536293,0.2922838840353722
0.0011903275857959277,0.5821547614299518,0.8790747091399912,2.3701394090379835,0.2923800652949532
0.0014338580175907696,0.5845055510456431,0.8792540813288797,2.3712465302559362,0.2924694196801624
0.0016770443303441174,0.5868361079458859,0.8794529109113406,2.3723531668756124,0.292554199529659
0.0019198281605082856,0.5891444482804511,0.8797454100752079,2.3734592635969296,0.29263550867586446
0.0021621512411294256,0.5914286292382498,0.8801633180708198,2.3745647150808997,0.2927119744291675
0.002403955415831385,0.5936867495979715,0.8802209008297324,2.375669473124701,0.2927872553133355
0.002645182652772946,0.5959169502154393,0.8804248270226571,2.376773518192981,0.2928615097155395
0.0028857750585751926,0.5981174144524404,0.8805102232324149,2.3778768263919376,0.29293413415347197
0.003125674892215608,0.6002863685516053,0.8792782299142242,2.378979351627373,0.2930030149345227
0.0033648245788856688,0.6024220819616504,0.8793415836691735,2.3800809976999457,0.2930675693947373
0.003603166723808565,0.6045228676171007,0.8794048941248337,2.381181719716648,0.29313073655526145
0.003840644126013598,0.6065870821763746,0.8794670196687954,2.382281486551295,0.29319213123588506
0.0040771997920641696,0.6086131262218886,0.8795294119604258,2.383380263726677,0.2932515692672887
0.004312776949735927,0.6105994444256411,0.8795890395224325,2.384478013448513,0.2933090379343042
0.004547319061641892,0.6125445256835125,0.8796661677112966,2.38557469980916,0.2933648564034705
0.004780769838800997,0.6144469032213197,0.8797328078200322,2.3866702970955114,0.29341913507677286
0.005013073254147369,0.6163051546754751,0.8797983652053912,2.3877647658268955,0.29347107740047035
0.005244173555976399,0.6181179021508952,0.8801919280406136,2.3888580684077585,0.2935214665418396
0.005474015281325004,0.619883812258654,0.8804718877364304,2.3899501692040275,0.29356802761677736
0.00570254326928237,0.621601596135661,0.8806848832430881,2.391040948414738,0.29360891898923425
0.005929702674228368,0.6232700094485283,0.8807783879740755,2.39213035036724,0.2936482710841726
0.006155438978996225,0.6248878523835993,0.8808710026945047,2.3932183434573266,0.2936857278933529
0.006379698007956351,0.6264539696249776,0.8796394121644194,2.394304885726964,0.2937200939658867
0.006602425940018315,0.6279672503222674,0.8784194287925907,2.3953898940013256,0.2937495425136363
0.006823569321547534,0.6294266280495779,0.8773327672641678,2.396473280840889,0.29377492623838
0.007043075079193974,0.6308310807572488,0.8764990895152743,2.397554973135965,0.2937965700349551
0.007260890532629488,0.6321796307176283,0.8760297882124097,2.398634897132256,0.29381418137564896
0.007476963407190803,0.6334713444661055,0.8760220480947046,2.3997129728183473,0.2938274815671347
0.007691241846425211,0.6347053327385522,0.8762947233621443,2.4007891210348444,0.29383741093419324
0.007903674424535857,0.6358807504061598,0.8763203543764797,2.4018633012586075,0.2938458787944543
0.008114210158723767,0.636996796408638,0.8766103438923241,2.402935493065048,0.29385304414716057
0.008322798521423284,0.6380527136866158,0.8769069283905042,2.40400566825667,0.2938584571984753
0.008529389452428633,0.6390477891140248,0.8773132655166693,2.4050737954415804,0.2938621204615386
0.008733933370908099,0.6399813534311708,0.8776030615444277,2.406139845824282,0.2938641260543883
0.008936381187303033,0.6408527811791395,0.8779117696421419,2.4072037895359206,0.2938644975294509
0.009136684315109344,0.6416614906361042,0.8787149308565536,2.4082655872089926,0.29386107288904045
0.009334794682537811,0.6424069437560671,0.8791033919497542,2.4093251395753352,0.2938532130431786
0.009530664744051266,0.6430886461104994,0.8794620433890239,2.4103824057145817,0.29384414019424326
0.009724247491775105,0.6437061468332899,0.879082148267319,2.411437352797728,0.29383109044269645
0.00991549646677914,0.6442590385694023,0.879495542267049,2.4124898602271965,0.2938122056807429
0.010104365770227393,0.6447469574275285,0.8799163408503365,2.4135398649592608,0.29379091267808455
0.010290810074393666,0.6451695829370727,0.8803435977232091,2.41458731944823,0.29376706083224874
0.010474784633539909,0.6455266380096868,0.8807791476141137,2.4156321847154105,0.2937412692047091
0.01065624529465506,0.6458178889055959,0.8812215904536851,2.41667442865784,0.29371357465901
0.010835148508051487,0.6460431452048798,0.8831757322887934,2.417714003251817,0.29368110110997253
0.011011451337816674,0.6462022597838812,0.8836811817087674,2.4187507729036763,0.29364210871192353
0.011185111472117879,0.6462951287968471,0.8841971683244432,2.4197846690866394,0.2936008215225605
0.011356087233356441,0.6463216916629142,0.8847187883572367,2.4208156516683923,0.2935572474106282
0.011524337588170334,0.6462819310584821,0.8852415990873431,2.421843682260073,0.29351152969898736
0.011689822157282065,0.6461758729150356,0.885776268696112,2.422868723097226,0.2934635482125639
0.01185250122518944,0.6460035864224085,0.8863143742077934,2.4238907336182156,0.2934132145529457
0.012012335749696991,0.6457651840374855,0.8868525418461342,2.424909673849124,0.29336061497092203
0.012169287371286135,0.6454608214982844,0.8874004015739609,2.425925505086106,0.29330580828776914
0.012323318422320994,0.6450906978433695,0.8902412969886917,2.426938168280669,0.2932445756596263
0.012474391936088826,0.6446550554364685,0.8900272262182838,2.427947467336478,0.2931723577524976
0.012622471655671388,0.6441541799961947,0.8898970167334701,2.4289532190167518,0.29309137875600055
0.01276752204264688,0.6435884006306901,0.8898468807565248,2.4299552552993156,0.2930015488907068
0.012909508285618682,0.6429580898770088,0.8902709604368788,2.430953423667354,0.29290619308779303
0.013048396308570003,0.6422636637450263,0.8905191785765612,2.431947683390395,0.2928099423846279
0.013184152779042061,0.6415055817655939,0.8912155195102814,2.4329380220933348,0.2927121862127239
0.013316745116133556,0.6406843470426573,0.8914635637512164,2.4339244051474442,0.29261240663694377
0.013446141498320095,0.6398005063089907,0.8954143853550746,2.434906786686267,0.2925060446553699
0.013572310871091104,0.6388546499851712,0.8961370632296961,2.435884954290987,0.2923895919691538
0.013695222954402701,0.6378474122413629,0.8968601619274754,2.436858814159177,0.29227048998160177
0.013814848249944932,0.6367794710614245,0.8975827384518053,2.4378283234583464,0.2921488460768316
0.013931158048221079,0.6356515483088252,0.9017005473358639,2.4387934107480898,0.2920189745350703
0.014044124435437861,0.6344644097937571,0.9024197379033383,2.43975383830965,0.29187818070890414
0.014153720300204616,0.633218865340808,0.9031452789741261,2.4407095058476806,0.29173457565476857
0.014259919340039834,0.6319157688564695,0.907174616042347,2.4416603397598804,0.29158273435359233
0.014362696067683797,0.6305560183956797,0.9078733394137833,2.442606103401808,0.29141995105513246
0.014462025817215212,0.6291405562265431,0.911628625432487,2.443546669219275,0.2912488870269923
0.014557884749970964,0.6276703688922664,0.9105645328430418,2.444481795091502,0.2910655235893629
0.01465024986026733,0.6261464872692659,0.9112306511467899,2.445411334690329,0.2908774703769495
0.01473909898092127,0.6245699866203112,0.9114619741067733,2.4463352390695454,0.2906877193309061
0.014824410788570247,0.6229419866414612,0.9121210015852023,2.447253495910198,0.29049656610554203
0.01490616480878998,0.6212636515014366,0.9127733764458412,2.4481660738843316,0.2903029100817655
0.014984341421008027,0.6195361898719657,0.9134186601658069,2.4490729347188513,0.2901068033635926
0.015058921863212725,0.6177608549475034,0.914055934559739,2.449974040306561,0.2899081830441731
0.015129888236455958,0.6159389444526019,0.9172580596773138,2.45086932750455,0.2897021915392556
0.01519722350914883,0.6140718006350603,0.9160865490166569,2.4517585843485934,0.28948556463242386
0.015260911521149029,0.6121608102428425,0.9149048562861205,2.452641689836414,0.2892643453246888
0.015320936987639526,0.6102074044825875,0.9154778248803717,2.4535185726335724,0.2890397429161865
0.015377285502796363,0.608213058957371,0.9160418370231797,2.45438919400954,0.2888129704929537
0.015429943543246408,0.6061792935812138,0.9166171500589737,2.455253526149723,0.2885843364563984
0.015478898471312806,0.6041076724676354,0.9171631297462673,2.4561115431791856,0.28835381877035854
0.015524138538047747,0.6019998037893831,0.9176996062357471,2.4569632285978367,0.28812202994508723
0.015565652886052399,0.5998573396062375,0.9163389369345658,2.4578085597321895,0.2878878070080764
0.015603431552082521,0.5976819756576339,0.9150093882512977,2.458647491544969,0.2876506528280643
0.01563746546943958,0.5954754511165896,0.9152293642393956,2.4594799875812194,0.2874118489529263
0.015667746470146834,0.5932395483012428,0.915714767767911,2.460306047007593,0.2871728189555564
0.0156942672869094,0.5909760923400604,0.9183496451631142,2.461125655033312,0.2869291285893107
0.015717021554858622,0.588686950786582,0.9203310881613844,2.4619386480976475,0.2866749481177106
0.015736003813079373,0.586374033179305,0.9207402827527689,2.462744861696892,0.28641470679621334
0.015751209505920887,0.5840392905421325,0.9209511728248189,2.4635442557262666,0.28615371807493706
0.015762634984089748,0.5816847148205415,0.9213942804476561,2.4643368333240816,0.28589224061851604
0.015770277505526082,0.5793123382484486,0.9201013466105135,2.465122597480743,0.28563010234089276
0.01577413523606149,0.5769242326405102,0.91997982446253,2.465901546888872,0.28536739513655907
0.015774207249859097,0.5745225086044095,0.9203807048303346,2.466673688201489,0.28510421022784393
0.015770493529636,0.5721093146674955,0.9205899031364527,2.4674390192752793,0.2848403010564073
0.01576299496666717,0.5696868363119554,0.9209810475284277,2.4681975452244997,0.2845759163902721
0.015751713360571705,0.5672572949125692,0.9213627790708744,2.468949263046581,0.2843105033495992
0.01573665141888096,0.5648229465709567,0.922328648601718,2.469694156008618,0.28404223293775954
0.01571781275638867,0.562386080840153,0.9226197181755114,2.470432156824948,0.28377051167546974
0.01569520189428338,0.5599490193332662,0.9227603367149326,2.471163241917789,0.2834971456301651
0.015668824259063397,0.5575141142099826,0.922961570306099,2.4718873804792074,0.28322181990042167
0.01563868618123463,0.5550837465346923,0.9231537471309232,2.472604566916277,0.28294610067784254
0.01560479489379108,0.5526603245001122,0.9233356737850884,2.4733148095219613,0.2826701607024062
0.015567158530479033,0.5502462815104194,0.9235444990090268,2.4740181156800656,0.2823939062559498
0.015525786123844998,0.5478440741181245,0.9237172850167439,2.4747144969524277,0.28211759116469076
0.015480687603068066,0.5454561798091844,0.9228145828936195,2.4754039643127284,0.2818412848189213
0.015431873791576638,0.543085094631251,0.9229017458822961,2.476086539929235,0.2815654816098784
0.015379356404451204,0.5407333306603738,0.9212550867991712,2.47676224725472,0.2812908892208472
0.015323148045612568,0.538403413302031,0.9212654166920753,2.4774311435500573,0.28101828376480814
