x_mean,x_rms,order_parameter,residue_mean,mismatch_mean
0.013377080337122017,0.5108473862496795,0.011054406926739492,1.0054233099154005e-05,0.001006092739159617
0.013609314016076306,0.5109939720658194,0.011097411017171129,4.018973539508152e-05,0.0020121462423489766
0.013838281524994047,0.5112046380651253,0.011142154713640436,9.036558426460024e-05,0.003018159451667716
0.014063927912772145,0.5114791029953715,0.01119033342776582,0.00016054094993411559,0.004024134188974261
0.014286199025360675,0.511817000998341,0.010882323815475863,0.00025067496929347566,0.005030040711926129
0.014505041518759561,0.5122178825430487,0.010939540895462388,0.00036072593175028104,0.006035863747328451
0.014720402871820911,0.5126812155660728,0.010633767512152243,0.0004906528506395748,0.007041618229781353
0.014932231398853744,0.5132063868122205,0.010688518824846362,0.0006404141407091733,0.00804728586167738
0.015140476262028385,0.5137927033677138,0.010745553598354964,0.0008099690545372987,0.009052913112783906
0.015345087483577274,0.5144393943770162,0.01184497098505536,0.0009992501465905198,0.010053109508658415
0.015546015957789447,0.5151456129335357,0.011986886163889049,0.0012080290907055345,0.0110451773769358
0.01574321346279558,0.5159104381336161,0.011718964633152267,0.0014362117757160985,0.012037213466783221
0.01593663267214105,0.5167328772825117,0.011456066486558739,0.001683760124365395,0.01302931730985309
0.016126227166144026,0.5176118682404652,0.011598772232255146,0.0019506364805986652,0.014021425624438989
0.016311951443036116,0.5185462818965297,0.011744217038773768,0.0022368010221956603,0.015013439228036812
0.016493760929882344,0.5195349247574211,0.011933290815197667,0.002542213240803256,0.016005350197584155
0.016671611993278587,0.5205765416384444,0.01207108709494381,0.0028668325333520827,0.016997149313887714
0.016845461949823337,0.5216698184434241,0.012212768497198443,0.0032106183138516835,0.01798884145905098
0.01701526907636155,0.522813385020549,0.012353239487237825,0.0035735301070147817,0.0189804212771015
0.01718099261999796,0.5240058180811389,0.012488773321073026,0.00395552760977633,0.01997190483489954
0.017342592807877595,0.5252456441685391,0.012636519482493575,0.004356570653531624,0.020963277577299794
0.017500030856731068,0.5265313426646208,0.01277022468300909,0.004776618905817693,0.021954537209105774
0.01765326898218242,0.5278613488217567,0.0129123599800117,0.005215632220784136,0.022945689816462212
0.017802270407817112,0.529234056808562,0.028620713743012886,0.005673544233744655,0.0239315000320686
0.017946999374008187,0.530647822758228,0.0288511922122979,0.0061501324147846086,0.0249093524604274
0.018087421146498556,0.53210096780882,0.02908000641681772,0.00664530421772326,0.02588703765683605
0.018223502024736816,0.5335917811255505,0.029341953928765728,0.007159019080136564,0.02686454633831527
0.018355209349965398,0.5351185228956667,0.029609885205418143,0.007691236445516612,0.027841880632345658
0.018482511513058537,0.5366794272872998,0.02988383453041861,0.00824191570945574,0.028819025407035993
0.01860537796210808,0.5382727053643056,0.030162110265570693,0.008811016166680726,0.029795979001419826
0.0187237792097561,0.5398965479498518,0.03041661546654292,0.009398497210501584,0.030772740714200268
0.01883768684027146,0.5415491284322158,0.030692884239969066,0.0100043182606344,0.03174931613023803
0.018947073516369702,0.5432286055069834,0.03094930154972917,0.01062843908178134,0.03272570918933761
0.019051912985773547,0.5449331258505286,0.03123753584193907,0.011270819229740357,0.03370189134650991
0.01915218008751364,0.5466608267203545,0.03150212020312747,0.01193141784458874,0.03467786424409117
0.01924785075796685,0.5484098384785333,0.03176823467592065,0.012610194719703609,0.03565365291587992
0.01933890203663152,0.5501782870351365,0.048240390651464855,0.01330708410086681,0.036624144551934905
0.01942531207163777,0.5519642962091498,0.04863051730153864,0.014021867721702008,0.03758677445856154
0.019507060124992086,0.5537659900049527,0.06458697788593303,0.01475442937774034,0.03854426028358728
0.019584126577554033,0.5555814948029881,0.07999126024033443,0.015504534799086526,0.03948954897854908
0.01965649293374489,0.5574089414637636,0.09617926260704555,0.016271909348959845,0.04042281051291444
0.019724141825986585,0.5592464673447936,0.09687510550555761,0.01705629770159597,0.041348486170553284
0.019787057018869687,0.5610922182305249,0.09751020422315096,0.017857609580077545,0.04227373556183976
0.01984522341304995,0.5629443501757052,0.09814808861183195,0.01867580273331337,0.0431985665113848
0.019898627048871933,0.5648010312629811,0.0987625110601464,0.01951083523299841,0.04412300121720918
0.019947255109719387,0.5666604432758803,0.09938042866394309,0.020362665951748217,0.045047075903316976
0.01999109592509119,0.5685207832885736,0.1000000641045847,0.02123125383962268,0.045970756088859296
0.020030138973402025,0.5703802651741094,0.10064925656182842,0.02211655743108042,0.046894028993972534
0.02006437488450777,0.5722371210329888,0.1013037960555333,0.023018534965200933,0.047816882636367554
0.020093795441954096,0.5740896025441924,0.10196094281437161,0.02393714494532538,0.0487393326771416
0.020118393584948397,0.5759359822408633,0.10262251962967513,0.024872345691909898,0.049661330241912396
0.020138163410054484,0.5777745547130474,0.10328565967355732,0.025824094762435894,0.0505828645292511
0.020153100172609177,0.5796036377399405,0.10404632379038832,0.02679234993583676,0.05150393623608683
0.020163200287861182,0.5814215733542093,0.10467674575627191,0.027777069134473115,0.05242458487479817
0.02016846133183135,0.583226728841004,0.10534418069157467,0.02877821144888704,0.05334482612263839
0.020168882041894334,0.5850174976742909,0.1060173828846949,0.029795735857568936,0.05426466095838557
0.02016446231708183,0.5867923003932026,0.10669836680069421,0.03082960122728899,0.055184059862704526
0.0201552032181065,0.5885495854210633,0.10739492362297336,0.03187976631660465,0.05610303396618559
0.02014110696710763,0.5902878298297489,0.10808554279470065,0.03294618980651463,0.05702155553023648
0.02012217694711784,0.5920055400520325,0.10877892684331605,0.034028830103246914,0.057939630868980706
0.020098417701251068,0.593701252544502,0.1091617124447094,0.035127646915396465,0.05885741777365686
0.0200698349316123,0.5953735344036183,0.10982881283726753,0.036242604144595895,0.05977499048555768
0.02003643549792899,0.5970209839373982,0.11053771458841609,0.03737366255594688,0.0606921219515258
0.01999822741590492,0.5986422311951777,0.11127007412896288,0.03852078078151115,0.06160879508594786
0.019955219855296424,0.600235938457814,0.11200599698944504,0.03968391771157316,0.06252501500147706
0.019907423137711464,0.6018008006906256,0.11286827419175105,0.040863031673370555,0.06344070027750298
0.01985484873413295,0.6033355459612969,0.11373174637473961,0.042058079599836685,0.06435583958855289
0.01979750926216538,0.6048389358248827,0.11442214697557052,0.04326901922880302,0.06527049677581785
0.01973541848300669,0.6063097656779676,0.11530053777129767,0.0444958098761181,0.06618468135437257
0.019668591298145858,0.60774686508397,0.11604990786023764,0.04573840943268007,0.06709834406777479
0.01959704374578655,0.6091490980714579,0.11680574401110783,0.04699677639407539,0.0680115165661883
0.019520792996997854,0.6105153634073067,0.11756726732414129,0.048270869596106866,0.0689242222060156
0.019439857351593454,0.6118445948464027,0.11802073768198663,0.049560649209797206,0.06983661358139415
0.019354256233739667,0.6131357613595447,0.11894219398723288,0.050866079320728244,0.07074870372105742
0.019264010187294005,0.6143878673410815,0.1196947135316389,0.05218711926492299,0.07166025782178609
0.019169140870874346,0.6155999527977792,0.12016108959383554,0.0535237284420894,0.07257146744921866
0.0190696710526612,0.6167710935202991,0.12094981680788075,0.05487587106742362,0.07348239649143933
0.01896562460493356,0.6179004012386096,0.12171677028984146,0.0562435072348006,0.07439280843690572
0.018857026498339386,0.6189870237625773,0.12248560187838325,0.05762659593252912,0.0753027208596225
0.018743902795903006,0.6200301451088905,0.12345431837524644,0.05902509600504625,0.07621207822853973
0.018626280646770008,0.6210289856154401,0.12423312076532873,0.060438964840158635,0.0771208578459342
0.018504188279691434,0.6219828020441558,0.12505499703365225,0.06186816105533052,0.07802912302524552
0.018377654996249486,0.6228908876732868,0.12584426535854498,0.0633126437183244,0.07893686861939118
0.018246711163824758,0.6237525723800065,0.12661673920680744,0.06477237194121725,0.07984412444999242
0.01811138820830829,0.6245672227141896,0.12742585544926927,0.06624730631025606,0.08075092837960596
0.0179717186065601,0.6253342419641403,0.12827870866281088,0.06773740640865426,0.08165719424577884
0.017827735878614057,0.626053070214982,0.12909413917715462,0.06924263100690427,0.08256291682467229
0.017679474579633796,0.626723184400392,0.1299164472018913,0.07076293912948742,0.0834681012189033
0.01752697029161924,0.6273440983482758,0.1307450824998437,0.07229829001113784,0.08437275472413129
0.017370259614867548,0.6279153628209652,0.1471762542826,0.07384861960567513,0.08527225920902107
0.01720938015918893,0.6284365655504356,0.16339724628228283,0.07541370447114197,0.08615991049831292
0.017044370534880494,0.6289073312690341,0.16438578394131134,0.07699330433367232,0.08704042600452719
0.01687527034345996,0.6293273217361126,0.16538653193755126,0.07858733514528439,0.08792035388694465
0.01670212016816146,0.6296962357609769,0.16639656538271597,0.08019575589249461,0.08879966841399788
0.016524961564196156,0.6300138092224683,0.16740822641551184,0.08181852549565788,0.08967835381322486
0.016343837048778377,0.6302798150854868,0.16842833245217803,0.08345560251094583,0.09055639904203629
0.01615879009092252,0.6304940634147058,0.16946320904810785,0.08510694573841901,0.09143381303174244
0.01596986510101014,0.6306564013857124,0.1707199811533386,0.08677251364627804,0.0923105270476518
0.01577710742013206,0.630766713293737,0.17197854304871907,0.08845226249322131,0.09318643538864775
0.015580563309206241,0.6308249205601368,0.17324077728753542,0.09014614738566412,0.09406149378380793
0.015380279937875926,0.6308309817367295,0.1743038119095197,0.09185412372531791,0.09493579539204419
0.015176305373188906,0.630784892508061,0.17535922992698946,0.09357614912339976,0.09580940207006226
0.014968688568061512,0.6306866856916383,0.190850127674776,0.09531215990449199,0.09667799636700446
0.014757479349530452,0.6305364312361394,0.2059086638718727,0.09706194365711641,0.09753540627229061
0.014542728406794237,0.6303342362175651,0.20716750458969008,0.09882527472895065,0.09838603105544015
0.014324487279048325,0.6300802448332622,0.20836481609070648,0.10060207029434594,0.09923588285341646
0.014102808343115824,0.6297746383937276,0.2096356083317164,0.10239228819779579,0.10008495802835547
0.013877744800877166,0.629417635312045,0.224320714754446,0.10419586562702585,0.10092921188037951
0.013649350666502162,0.6290094910907863,0.23882184418239427,0.10601260040142303,0.10176283569850325
0.01341768075348676,0.628550498306163,0.2527371608122104,0.10784225968595891,0.10258646031627013
0.013182790661498058,0.628040986589177,0.25418221882921865,0.10968464226805355,0.10340409163096898
0.012944736763030474,0.6274813226034893,0.26764779513815823,0.11153965346552763,0.10421730577624774
0.012703576189877113,0.6268719100196705,0.2691403559527676,0.11340712791297482,0.10502442573091003
0.012459366819417783,0.6262131894854625,0.2706392436610548,0.11528698911810108,0.10583070739852386
0.0122121672607292,0.6255056385916434,0.2719068790742222,0.11717919556065491,0.10663620679161409
0.011962036840518844,0.6247497718330373,0.27341639612854846,0.11908370879455049,0.10744101410966529
0.011709035588886868,0.6239461405641492,0.2749328568318948,0.12100048893851242,0.1082450358884224
0.011453224224919272,0.6230953329489054,0.276360529709247,0.12292949567577185,0.10904824870351715
0.011194664142115429,0.6221979739038588,0.27779426681927094,0.1248706886333631,0.10985068765454556
0.010933417393653947,0.6212547250342326,0.29006442406719446,0.12682401033099713,0.1106488070400439
0.010669546677500674,0.6202662845620804,0.2915465656582041,0.12878929740593723,0.11144084703402643
0.010403115321360644,0.6192333872458075,0.2930288875524331,0.1307664747477896,0.1122320712044819
0.010134187267480574,0.6181568042902132,0.2945197410549248,0.13275550200705757,0.11302246302035399
0.00986282705730227,0.6170373432461944,0.29601964702888584,0.13475633856605432,0.11381197496514824
0.009589099815973825,0.6158758478991383,0.2973612516379453,0.13676894375546245,0.11460072964386518
0.009313071236719102,0.614673198145007,0.2988818805870986,0.138793280608727,0.11538878437142767
0.009034807565072168,0.6134303098530249,0.30040460313662787,0.1408293099514667,0.11617601463552715
0.008754375582978416,0.6121481347138226,0.30207526875521146,0.14287699161685333,0.11696238257882113
0.008471842592767577,0.6108276600718056,0.3036007599726907,0.14493628508294154,0.11774789200732784
0.008187276401000945,0.6094699087404499,0.30513125601834395,0.14700714961018546,0.11853251002930872
0.007900745302198628,0.6080759387991589,0.3068898592340411,0.14908954447793887,0.11931622130352698
0.007612318062448943,0.6066468433702014,0.30860191512264046,0.1511834272197249,0.12009893531848677
0.007322063902904888,0.6051837503742256,0.3205140402329558,0.15328873893652734,0.12087739224967772
0.007030052483171601,0.6036878222627018,0.3222727676562695,0.15540532235758045,0.12164993819251127
0.006736353884587853,0.6021602557256073,0.32403917449959985,0.1575331027031503,0.12242152816976778
0.006441038593407729,0.600602281372567,0.3258202313953984,0.1596720384809549,0.1231921445578701
0.006144177483883477,0.5990151633855688,0.32741718010950205,0.16182208825575212,0.12396184770653505
0.005845841801256385,0.597400199141313,0.3292049322359621,0.16398321213224293,0.12473065613782487
0.005546103144658246,0.5957587188011411,0.3404302769117795,0.16615535341260562,0.12549533404794713
0.0052450334499277215,0.5940920848664337,0.3422633646150343,0.1683383601487097,0.12625429490422935
0.00494270497234649,0.5924016916972721,0.35340436760001764,0.17053214411578274,0.12700921696592352
0.004639190269297865,0.5906889649920803,0.3548736374881353,0.17273655845551988,0.12775873707818133
0.004334562182853747,0.5889553612258983,0.3567745534238964,0.17495153724853346,0.12850753827382738
0.004028893822292429,0.587202367044859,0.35817965104803134,0.17717704305755094,0.1292555936851159
0.0037222585465533095,0.5854314986143906,0.3600972959631308,0.17941304347037076,0.13000304309936517
0.003414729946630632,0.5836443009185902,0.362011232058478,0.18165950106219303,0.13074955633615845
0.0031063818279122046,0.5818423470081837,0.3639391871655509,0.18391637585103343,0.1314950657980035
0.002797288192466382,0.5800272371944476,0.3656458087191,0.1861836259548737,0.1322395446280373
0.002487523221281918,0.5782005981864186,0.36760861185067756,0.18846121175180605,0.13298308683125415
0.0021771612564649976,0.5763640821687409,0.3693263521599545,0.19074909306248194,0.1337256856293669
0.0018662767833974021,0.5745193658174633,0.37949590980037995,0.1930472171874692,0.13446447213657067
0.001554944412860301,0.5726681492511286,0.3814731683724198,0.195355442110653,0.1351978360116751
0.0012432388631281866,0.570812154914547,0.3830163949916104,0.19767369716071173,0.1359302322491327
0.0009312349420367953,0.5689531263926659,0.38498784995188007,0.20000194689001138,0.13666186467219504
0.0006190075290295094,0.5670928271520522,0.3943407854379042,0.20234013789489408,0.13738960425241017
0.00030663155718666744,0.5652330392075887,0.40391954820491704,0.20468811667229975,0.13810927635509457
-5.818004757965567e-06,0.5633755617121103,0.4060501182648096,0.2070457176338955,0.13882376736813878
-0.0003182661704093149,0.561522209466865,0.40818781368481016,0.20941287273357967,0.13953717539095573
-0.0006306379537074759,0.5596748113508534,0.410330712340778,0.21178954232565353,0.14024958523375308
-0.0009428583869238449,0.5578352086673343,0.41220827056936993,0.21417568670589018,0.14096097822467604
-0.0012548525386532124,0.5560052534059986,0.4140548302501707,0.21657126838182814,0.1416714604350403
-0.0015665455317967689,0.554186806419625,0.41608434354347007,0.21897624911128075,0.14238091356234192
-0.001877862561532354,0.5523817355143249,0.4180999335638226,0.2213905884308418,0.1430892627956198
-0.002188728913267169,0.5505919134528453,0.4200985139792862,0.22381424610749756,0.14379654325136598
-0.0024990699805691424,0.5488192158707855,0.4222964692035209,0.22624718214646267,0.1445027717627689
-0.0028088112830716907,0.5470655191060125,0.4241673730741876,0.22868935766243997,0.1452080406628798
-0.00311787848434903,0.5453326979420222,0.4261608010478442,0.23114073618930653,0.1459123702667766
-0.003426197409756537,0.5436226232665008,0.4278715457111266,0.23360127894271218,0.14661574367309155
-0.0037336940642320703,0.5419371596468718,0.42974856850029874,0.2360709519700085,0.1473183815924173
-0.004040294650054509,0.5402781628251977,0.43144296537833193,0.23854972135232191,0.14802026876246632
-0.004345925584555146,0.5386474771354002,0.43369186314422525,0.24103755470577615,0.14872136367005287
-0.004650513517776644,0.5370469328464148,0.43557508538219347,0.24353441545652857,0.1494215059123863
-0.00495398535007719,0.5354783434355308,0.4378368479514799,0.24604026803228007,0.15012079474241422
-0.00525626824967377,0.5339435027968814,0.4397300625332044,0.24855507620240533,0.1508191702831559
-0.0055572896701214115,0.5324441823907379,0.4414822231274998,0.25107880604686234,0.151516838170396
-0.005856977367724285,0.5309821283399547,0.44375814090875354,0.2536114257334715,0.1522137265353967
-0.006155259418873409,0.5295590584806701,0.4460396343717133,0.25615289941393937,0.15290964646095512
-0.006452064237308395,0.5281766593750448,0.4483254192317988,0.25870319014696513,0.15360460911274723
-0.00674732059129753,0.5268365832945454,0.45001611609667147,0.26126226192049534,0.15429874622201728
-0.007040957620733122,0.5255404451829688,0.45171216767674416,0.2638300830562336,0.15499223719678992
-0.007332904854137638,0.5242898196090495,0.4536260968255473,0.2664066232092524,0.1556850587298348
-0.007623092225576433,0.5230862377191373,0.45554277120195436,0.26899185025251837,0.15637709747761352
-0.007911450091473338,0.5219311842009999,0.4578494120119627,0.2715857310538643,0.15706832157320685
-0.00819790924732474,0.5208260942703292,0.4601579011506148,0.2741882311721419,0.1577586794816726
-0.008482400944308265,0.5197723506920066,0.462507935179635,0.27679931616382447,0.1584481482568612
-0.008764856905782227,0.5187712808485466,0.46486491838695315,0.27941895125739796,0.1591367839309091
-0.009045209343671765,0.5178241538684805,0.4667852196093878,0.28204710351521717,0.1598246682343255
-0.009323390974737514,0.5169321778276105,0.46915257890803885,0.28468374124345,0.16051177184118365
-0.009599335036723337,0.5160964970362274,0.4710770052490285,0.2873288313366913,0.16119810515450533
-0.009872975304378927,0.5153181894253744,0.47301104387839205,0.28998234227126723,0.16188372497407363
-0.010144246105353591,0.5145982640451426,0.47494076619456016,0.2926442433552907,0.16256864521003636
-0.01041308233595727,0.5139376586877843,0.48339015300060306,0.2953144908970659,0.16325039163283825
-0.010679419476785053,0.5133372376480906,0.48536747362078725,0.2979929695709204,0.1639278332946752
-0.010943193608201616,0.5127977896330493,0.4871205298014802,0.30067962490400096,0.16460458730851957
-0.011204341425681592,0.5123200258322135,0.48909046684026775,0.303374428157235,0.16528075955261953
-0.011462800255002339,0.5119045781595544,0.4910634479317278,0.3060773497923801,0.16595619540396966
-0.011718508067285497,0.5115519976767716,0.493527660095341,0.3087883593631834,0.1666309146072
-0.011971403493883538,0.5112627532071365,0.49551985422682115,0.3115074253936531,0.16730488948735092
-0.012221425841108026,0.5110372301479589,0.49799629037184295,0.31423451807763053,0.16797815020481552
-0.012468515104795777,0.5108757294886793,0.4999969191036917,0.3169696057065221,0.1686506305678498
-0.01271261198470962,0.510778467040433,0.5019715339659958,0.31971265778506053,0.16932241676648732
-0.012953657898770054,0.5107455728817081,0.5044616966688247,0.3224636448888332,0.16999351122666226
-0.013191594997114791,0.5107770910234392,0.5064397410334578,0.3252225363350682,0.17066386656332838
-0.013426366175982342,0.5108729792955562,0.5084484641114392,0.3279893026998294,0.17133356311958992
-0.013657915091416768,0.5110331094556895,0.5104210154701585,0.3307639151536219,0.1720026203427019
-0.013886186172789815,0.5112572675193646,0.5121982166423623,0.33354634574919906,0.17267108323629574
-0.014111124636137718,0.511545154309685,0.5142124006585699,0.33633656657249533,0.17333891004431895
-0.014332676497309014,0.511896386223195,0.5161823416004229,0.33913454990637026,0.17400615019136886
-0.014550788584920489,0.5123104962073272,0.5239602424019211,0.34194025844157344,0.17467086080890884
-0.014765408553118142,0.5127869349436089,0.5318425221820807,0.3447535897021893,0.17533038458411418
-0.014976484894139802,0.5133250722296598,0.5397441328445854,0.3475744286375907,0.1759851610926067
-0.015183966950676801,0.5139241985518997,0.542351770355121,0.35040267771525363,0.17663709685047183
-0.015387804928031578,0.5145835268399228,0.5444328536440685,0.35323829706180027,0.17728856058258835
-0.015587949906067997,0.5153021943925705,0.5464658579552909,0.3560812624665046,0.1779395795997434
-0.01578435385095209,0.5160792649649636,0.5482615501586441,0.35893155102207597,0.17859016742694644
-0.01597696962667983,0.5169137310050544,0.5503424971775397,0.36178913764486237,0.17924017740696932
-0.0161657510063897,0.5178045160277118,0.5523684932305138,0.36465399706350443,0.17988972387910904
-0.01635065268345664,0.5187504771138902,0.5549859758097156,0.36752610661341073,0.18053888593948286
-0.016531630282365803,0.5197504075221068,0.5570047352791059,0.3704054439328359,0.18118763576028063
-0.01670864036936218,0.5208030393992494,0.5590212035249301,0.373291986650552,0.1818360341281059
-0.016881640462874544,0.5219070465776153,0.561066846801963,0.37618571287820374,0.18248389993197164
-0.01705058904371093,0.523061047445113,0.5636883011335911,0.3790865937003094,0.18313105866541537
-0.017215445565022868,0.5242636078756684,0.5656997367327845,0.3819946050446943,0.18377782888894045
-0.01737617046203662,0.5255132442070847,0.5677107441316939,0.38490972497838355,0.18442423934472324
-0.017532725161548402,0.5268084262539183,0.5695027680187176,0.38783193164182567,0.18507019605197467
-0.017685072091181808,0.5281475803433179,0.5715079382733529,0.39076120046405294,0.18571562299056593
-0.01783317468840509,0.5295290923622246,0.5741193113173331,0.39369750926459063,0.18636083100182047
-0.01797699740930573,0.5309513108048719,0.5761167907760126,0.3966408416618962,0.1870058886349415
-0.018116505737121192,0.5324125498100961,0.5780947494818123,0.39959117810596395,0.18765060318010723
-0.018251666190522445,0.5339110921785779,0.5800665532802151,0.40254849848869534,0.1882950614599475
-0.01838244633164938,0.5354451923608259,0.5820190082696748,0.40551278350624925,0.1889391106072911
-0.01850881477389604,0.5370130794073746,0.5846143422503159,0.40848400701507265,0.18958262341605964
-0.018630741189442752,0.5386129598733878,0.5866565386572112,0.4114621513797317,0.19022608106154332
-0.01874819631653512,0.5402430206705655,0.5884211790009115,0.4144471990458453,0.19086922933088826
-0.018861151966506434,0.5419014318599835,0.5903695222609177,0.41743912889580326,0.1915120704341902
-0.01896958103054291,0.543586349380185,0.5924124536402045,0.420437923380452,0.1921547158319852
-0.019073457486189726,0.5452959177055716,0.594358992571264,0.42344356380054937,0.19279714689441393
-0.019172756403596013,0.5470282724308027,0.5969413143117702,0.4264560339195837,0.19343955560536585
-0.019267453951498398,0.5487815427775871,0.5995157932243719,0.42947532303089603,0.19408225015153055
-0.01935752740293987,0.5505538540208859,0.6055055419519,0.4325014207201569,0.19472461727160043
-0.019442955140724433,0.5523433298321456,0.6074512592748942,0.4355342964865441,0.1953662107041045
-0.019523716662605124,0.5541480945377618,0.6094939891320477,0.43857393126929434,0.19600775390282893
-0.019599792586204392,0.5559662752915169,0.6115321530706047,0.44162030970502286,0.19664914967058278
-0.019671164653665744,0.5577960041602156,0.6133794065688913,0.44467341356453705,0.1972901785235797
-0.019737815736035516,0.5596354201222471,0.6153075331439329,0.44773322079820366,0.19793090002330252
-0.019799729837373936,0.5614826709791936,0.6172194895680723,0.4507997172368971,0.19857176307079516
-0.019856892098593894,0.5633359151810091,0.6191348390666263,0.45387289380787055,0.19921284688147356
-0.019909288801027106,0.5651933235656633,0.6210326032401869,0.45695274025158217,0.19985408251602463
-0.019956907369716424,0.5670530810144276,0.6229278402577483,0.4600392476951243,0.2004955578993679
-0.019999736376433975,0.5689133880242793,0.6246491585942284,0.4631324054123393,0.20113698624848902
-0.02003776554242376,0.5707724621991601,0.6265390497608021,0.46623219683927974,0.2017783353141611
-0.020070985740868498,0.5726285396620101,0.6290886848833311,0.4693386126590207,0.2024201633590288
-0.020099388999079995,0.5744798763896896,0.6309655412351485,0.47245165282811136,0.20306258597848542
-0.020122968500412692,0.5763247494730783,0.6334946769914405,0.4755713118090551,0.20370545087521955
-0.020141718585899304,0.578161458304715,0.6360183767916343,0.4786975917092723,0.2043492861910418
-0.020155634755609445,0.5799883256965045,0.6378510449217663,0.48183049755661056,0.20499382510524666
-0.020164713669729203,0.5818036989300265,0.6396768082992471,0.4849700252746258,0.20563872834669616
-0.02016895314936269,0.5836059507421005,0.6414923457688624,0.4881161689795079,0.2062840001577924
-0.020168352177055125,0.5853934802482358,0.6454888848840253,0.49126892672153316,0.20693030542670293
-0.020162910897037166,0.5871647138066589,0.6471753628239104,0.49442831237404566,0.20757757291183437
-0.020152630615189602,0.58891810582558,0.649017139846949,0.49759431663266906,0.20822485023155599
-0.020137513798730942,0.5906521395163571,0.6508546367840424,0.5007669325312295,0.2088725974070234
-0.02011756407562454,0.592365327595191,0.6533844484084128,0.503946158055031,0.2095211986154762
-0.0200927862337082,0.5940562129359471,0.6550457704608131,0.5071320020884922,0.21017061727016226
-0.02006318621954489,0.595723369176634,0.6568638394507297,0.5103244549338981,0.21082003089569612
-0.020028771136996113,0.5973654012820424,0.6586585842378915,0.5135235088665416,0.21146989757777707
-0.01998954924551647,0.5989809460649634,0.6606181835063026,0.5167291590594607,0.21211996535285454
-0.019945529958171462,0.6005686726683339,0.6623960876457552,0.5199413915097337,0.21277008629971123
-0.01989672383937901,0.6021272830106057,0.6648718614046469,0.5231602028861819,0.21342117185844178
-0.01984314260237312,0.603655512196522,0.6666329327720548,0.5263856065324712,0.21407353040586158
-0.01978479910639361,0.6051521288954514,0.6697134950537866,0.52961761388242,0.21472797117846165
-0.01972170735359942,0.6066159356892885,0.6713222904758744,0.5328562714135467,0.2153847669411929
-0.019653882485708245,0.608045769391912,0.6731086283111946,0.5361015812701777,0.21604176003470843
-0.019581340780363065,0.6094405013420386,0.6756117456631214,0.5393535422276695,0.21669982223180478
-0.019504099647224687,0.6107990376712945,0.6780986993368826,0.5426121720950614,0.2173597427960451
-0.019422177623794487,0.6121203195491821,0.6798523798213081,0.5458774935489087,0.21802113201224632
-0.019335594370964812,0.6134033234065738,0.6823178645716319,0.5491495155879139,0.2186838178266916
-0.019244370668300672,0.614647061139274,0.6840619835008248,0.5524282589790717,0.21934806548700236
-0.01914852840905275,0.6158505802930974,0.6856696474718121,0.5557137287655165,0.22001267960973914
-0.019048090594903325,0.6170129642318519,0.6881052871031955,0.5590059165712951,0.22067813347039475
-0.018943081330445574,0.6181333322895222,0.6898411052610585,0.562304842313529,0.22134527356140993
-0.018833525817399076,0.619210839907875,0.6915725120756536,0.5656105137568342,0.2220131843331118
-0.018719450348560956,0.6202446787606558,0.6930691956909084,0.568922931883862,0.22268154098297924
-0.018600882301496126,0.6212340768654412,0.6954641040009398,0.5722420895370584,0.22335083619457125
-0.018477850131966726,0.6221782986841736,0.6971412450599166,0.5755680094580287,0.22402194434712805
-0.018350383367102957,0.6230766452133251,0.6985929262134979,0.5789007005358726,0.2246936107978861
-0.018218512598316465,0.623928454064573,0.7002583849966578,0.5822401535631555,0.225365560240958
-0.01808226947395873,0.6247330995368138,0.7019178604889557,0.5855863694307187,0.2260384646746677
-0.017941686691725595,0.625489992680285,0.7034748440795773,0.5889393513352906,0.2267118729505476
-0.017796797990810104,0.6261985813534968,0.7051871573421886,0.5922990874661643,0.2273851175399253
-0.017647638143804906,0.6268583502736359,0.7065825512194635,0.5956655601392506,0.2280582201183198
-0.017494242948357195,0.6274688210610406,0.708212860629624,0.5990387578090783,0.22873179007245528
-0.01733664921857771,0.6280295522783087,0.709751327074191,0.6024186827347539,0.22940602581161326
-0.01717489477620498,0.6285401394645251,0.7120622054979115,0.6058053315865847,0.23008145603321065
-0.01700901844152886,0.629000215165092,0.7136873430584169,0.609198735594802,0.23075916187153198
-0.01683906002407327,0.6294094489575605,0.7153084935205055,0.6125989113181074,0.2314379756251249
-0.01666506031304271,0.6297675474738345,0.7169015705808635,0.616005867492095,0.23211794567686767
-0.016487061067532484,0.6300742544190876,0.7184863689933861,0.6194196144958595,0.23279912979136724
-0.016305105006507184,0.6303293505876723,0.7200661325846391,0.6228401629047834,0.2334815093828459
-0.01611923579854801,0.6305326538762742,0.7216406623173559,0.6262675234520081,0.2341651617379646
-0.015929498051372646,0.6306840192945279,0.7232030577445432,0.6297017092653173,0.23485020215597893
-0.015735937301129585,0.6307833389732678,0.725434896051319,0.6331427385564449,0.23553740174683802
-0.01553860000146985,0.6308305421705386,0.7269772000376867,0.6365906519802697,0.2362271225904005
-0.015337533512398051,0.6308255952755009,0.7284599909877789,0.6400454679323954,0.23691764531144588
-0.015132786088906405,0.6307685018102568,0.729765142084952,0.6435071772579972,0.237608131986808
-0.014924406869393829,0.6306593024296643,0.7310422256456265,0.646975767122849,0.23829872298700752
-0.014712445863872547,0.6304980749191103,0.7332389443790914,0.6504512321174787,0.23899081115324866
-0.014496953941966647,0.6302849341902229,0.7354167638648946,0.6539336196696885,0.23968676267101804
-0.0142779828207028,0.6300200322744376,0.7369402314891728,0.6574229875910682,0.24038552683009004
-0.014055585052099119,0.6297035583143119,0.7390882472334267,0.6609193643773169,0.24108675751389672
-0.013829814010552409,0.629335738552443,0.7410364181323841,0.6644228179606684,0.24179437343783852
-0.013600723880029027,0.6289168363178076,0.7425645607365675,0.6679334929656581,0.24250861693950196
-0.013368369641060543,0.6284471520093012,0.7447424076648143,0.6714514451340754,0.24322548051913057
-0.013132807057549028,0.6279270230762255,0.7462637045445037,0.6749767281563132,0.2439455008964357
-0.012894092663383743,0.6273568239954163,0.7477666276834806,0.678509369210293,0.24466709115566326
-0.012652283748873448,0.6267369662446903,0.7490109516213612,0.682049382814691,0.24538969955448825
-0.012407438346996792,0.62606789827221,0.7504661279182429,0.6855967612144218,0.24611228734203136
-0.012159615219475,0.6253501054613654,0.7519594488721075,0.6891514914631018,0.24683542403804984
-0.011908873842669084,0.6245841100906919,0.7534389069430818,0.6927135836149169,0.2475601714634897
-0.011655274393305888,0.6237704712883132,0.7549123802982387,0.6962830562055569,0.24828664608721945
-0.011398877734035832,0.6229097849803459,0.7570120643157203,0.6998599352492086,0.24901604319959714
-0.011139745398826504,0.6220026838326574,0.7583728270241479,0.7034442790864002,0.24974827122728321
-0.010877939578194395,0.6210498371853019,0.7598242923235213,0.7070360930016013,0.2504810324309968
-0.010613523104279864,0.6200519509789253,0.7611054215699968,0.7106353844803148,0.25121478246462897
-0.01034655943576715,0.6190097676723549,0.7625626754600675,0.7142421478576303,0.2519491807634166
-0.010077112642655447,0.6179240661505356,0.7640137877215009,0.7178563948416703,0.252685234688074
-0.009805247390881686,0.6167956616219267,0.7652201159697049,0.7214781398819785,0.25342226976292376
-0.009531028926801157,0.6156254055043835,0.7666341650376781,0.7251073781009317,0.25415998957113956
-0.009254523061529074,0.6144141852985087,0.7686463414427706,0.7287441289936138,0.2549008070066343
-0.008975796155145746,0.6131629244473678,0.7706334379386522,0.7323884663173437,0.255646742298892
-0.008694915100770733,0.6118725821814023,0.7717783254482596,0.736040467133081,0.25639574404820387
-0.00841194730850893,0.6105441533473137,0.7731677717023866,0.7397001358041336,0.2571447062501963
-0.00812696068927206,0.6091786682195814,0.7751079422546273,0.7433674671566225,0.25789581846555926
-0.007840023638480811,0.6077771922932361,0.7753813014157079,0.7470425521787788,0.2586561453584109
-0.007551205019649966,0.6063408260564143,0.7773495609280858,0.7507256140547577,0.2594274701611751
-0.007260574147861715,0.6048707047411302,0.7787779201730031,0.7544167751313227,0.2602027469990731
-0.006968200773130131,0.6033679980506447,0.7807052822304343,0.7581160765332622,0.2609813114077072
-0.0066741550636618295,0.6018339098616994,0.7820704686976034,0.7618235910922413,0.2617640157722549
-0.006378507589015492,0.6002696778998104,0.7834272887964019,0.7655393559493282,0.2625486861234643
-0.006081329303165975,0.598676573385746,0.7847798063066823,0.7692633945429624,0.263335342482197
-0.0057826915274752245,0.5970559006512035,0.7866414637889176,0.7729957371666313,0.2641255504751648
-0.005482665933575954,0.5954089967216274,0.7876373966376773,0.7767364584889987,0.26491926942511523
-0.005181324526170598,0.5937372308640435,0.7885632385770306,0.780485562677447,0.26571284172506976
-0.004878739625750341,0.5920420040976727,0.7898905096977655,0.7842430348204974,0.26650714493316474
-0.004574983851238888,0.5903247486650435,0.7912137207622244,0.7880088903207927,0.2673035197796205
-0.004270130102563945,0.5885869274612233,0.7925306057813447,0.7917831538003292,0.2681019599993952
-0.003964251543161882,0.5868300334187391,0.7937680371372575,0.7955658460425827,0.26890169360435134
-0.0036574215824187045,0.5850555888456842,0.7929958971553732,0.7993569949522547,0.2697084674251452
-0.0033497138580521496,0.5832651447144604,0.7943081897751363,0.8031568314312268,0.2705264716377702
-0.003041202218438981,0.5814602798985506,0.7936790289584172,0.8069654703380738,0.27135259297896464
-0.002731960704891816,0.5796426003546922,0.793160719031019,0.8107831768089409,0.2721958191877275
-0.0024220635338894686,0.5778137382477844,0.794547768596513,0.8146102426034436,0.27304996914155527
-0.0021115850792654003,0.5759753510158532,0.7964441853907072,0.8184467548876534,0.2739076910313763
-0.0018005998543583726,0.5741291203724171,0.7983023945187937,0.8222928008378197,0.2747716105605394
-0.0014891824941296056,0.5722767512435848,0.8001313594839579,0.8261484852442881,0.27564167973459136
-0.0011774077372506634,0.5704199706372846,0.8014782477871207,0.8300139031264772,0.27651623291359223
-0.0008653504081665714,0.5685605264420601,0.8028209381150682,0.8338890907556351,0.2773926985587542
-0.0005530853991385138,0.5667001861529651,0.8045853884793278,0.8377740751374545,0.278272857958242
-0.0002406876522696071,0.5648407355221784,0.8063134402775659,0.8416689483849021,0.27915957429262295
7.176785848043288e-05,0.5629839771320994,0.8075879395323456,0.8455738129806937,0.28005105888670223
0.0003842061452889194,0.5611317288888437,0.8088926217764477,0.8494887070800382,0.2809444922506612
0.0006965522244667014,0.5592858224342337,0.8071343905714903,0.8534136856089223,0.2818470379202199
0.0010087311344541495,0.5574481014746182,0.8084552775887278,0.8573490161126457,0.28276213408865036
0.0013206679538113647,0.5556204200250885,0.8097706538623768,0.8612947850611778,0.28367899206384983
0.0016322878191990617,0.5538046405679558,0.8110799265334913,0.8652510067973144,0.2845976112188894
0.0019435159433453916,0.5520026321246784,0.8127435840648656,0.8692177055132567,0.2855199616549601
0.0022542776329945073,0.5502162682407835,0.8143692972377976,0.8731949739673557,0.28644898047615863
0.002564498306832612,0.5484474248837218,0.8155912810658136,0.8771829152303245,0.2873828421943865
0.0028741035133870853,0.5466979782540418,0.8168279260098169,0.8811815677861417,0.28831875780803673
0.003183018948894556,0.5449698025107327,0.8180366293945583,0.8851909504706003,0.289256661108475
0.0034911704751333403,0.5432647674120928,0.8164015585504265,0.8892111186805993,0.29020387046902707
0.0037984841372162956,0.5415847358740418,0.8148571039808945,0.8932423787435009,0.29117087493073557
0.004104886181339738,0.5399315614483575,0.8160916945249062,0.897285064047997,0.2921502585775121
0.004410303072483807,0.5383070857239403,0.8174189434079767,0.9013392537958802,0.2931305972018371
0.004714661512060743,0.5367131356548541,0.8190204138245011,0.9054049416144677,0.2941134098576648
0.005017888455505997,0.5351515208195444,0.8202316856844435,0.9094821987773849,0.2951009087463619
0.005319911129808727,0.5336240306163396,0.8214964997507791,0.913571058415354,0.2960901964882523
0.005620657050976835,0.5321324314010348,0.8226910915766371,0.9176715310218749,0.29708119899174557
0.005920054041432858,0.5306784635730701,0.8239400307566976,0.9217836289105058,0.2980739082658041
0.006218030247336308,0.5292638386175453,0.8251207850159079,0.9259073605568393,0.29906822188289944
0.0065145141558280596,0.5278902361110089,0.8263543026154965,0.9300427366929817,0.3000641878895858
0.006809434612193268,0.5265593006996792,0.8275799704037912,0.9341897633062786,0.3010615434583871
0.007102720836938106,0.5252726390594247,0.8287973625604469,0.9383484478802675,0.3020605555740762
0.007394302442776434,0.5240318168474997,0.8295130629940766,0.9425187944267828,0.3030602072813235
0.0076841094515225136,0.5228383556566255,0.8309439857939673,0.9467007898622136,0.304062156550406
0.007972072310885365,0.5216937299826064,0.8323326364790252,0.9508945166158792,0.30507093113720046
0.008258121911161022,0.5205993642171549,0.8329841016504195,0.9551000731141877,0.30608356833368466
0.00854218960181852,0.5195566296780678,0.8340813740005012,0.9593174572195723,0.3070964477607087
0.008824207207975686,0.5185668416892522,0.835177565453688,0.9635466695435296,0.30811106600624816
0.009104107046760795,0.5176312567234039,0.8362681308729205,0.967787721260267,0.30912742381342734
0.009381821943556039,0.5167510696203166,0.8375643036097374,0.9720406201449778,0.3101447671457013
0.009657285248119353,0.5159274108939191,0.8388532924023953,0.9763053600681192,0.3111647119025531
0.00993043085057989,0.5151613441411022,0.8400984597337001,0.9805820257715853,0.31219146740536885
0.010201193197304202,0.5144538635653102,0.8406763304470843,0.9848707129702501,0.3132219045559356
0.0104695073066288,0.5138058916275995,0.8417082165524695,0.9891714172949627,0.3142526122349561
0.010735308784455394,0.5132182768375441,0.8427374722785953,0.993484139508133,0.3152850397201796
0.010998533839705222,0.5126917916958801,0.8437600803491038,0.997808889931574,0.3163191676078115
0.01125911929962854,0.5122271308001983,0.8447762123898038,1.0021456776780242,0.3173549391589716
0.011517002624965833,0.5118249091242961,0.8457793200994616,1.0064945127090692,0.31839245540753464
0.011772121924956906,0.5114856604809761,0.8470278667179029,1.010855400693173,0.31943078508339223
0.01202441597219437,0.5112098361771767,0.8480082307220228,1.015228321762016,0.3204695694362082
0.012273824217317986,0.5109978038692905,0.8489815835696156,1.0196132778702254,0.32151012132101436
0.012520286803546093,0.5108498466254496,0.8499438928533409,1.024010281660419,0.32255248305028833
0.0127637445810411,0.5107661622003534,0.8509074897489961,1.028419342850105,0.32359644831822043
0.013004139121105032,0.5107468625270094,0.8518538412434954,1.0328404686595767,0.32464200050856273
0.013241412730202207,0.5107919734284425,0.8527885080260593,1.037273668022737,0.32568921909612725
0.013475508463805429,0.5109014345511244,0.8538516342495377,1.041718944709548,0.32673710708769954
0.013706370140062303,0.5110750995205264,0.8521529748299821,1.0461763092469065,0.3277922582781584
0.013933942353278727,0.5113127363178506,0.8530982374151538,1.0506460050826456,0.3288593914995189
0.014158170487215934,0.5116140278756627,0.8541522125637165,1.055128100922827,0.3299269750277262
0.014379000728198078,0.5119785728888345,0.8550705827342572,1.059622567044365,0.3309945384795096
0.014596380078027401,0.5124058868359502,0.8562797010962561,1.0641293924817334,0.33206263123868973
0.014810256366703363,0.5128954032050841,0.8571853641047883,1.0686485499951772,0.3331307251959912
0.01502057826494336,0.5134464749167604,0.8580777350339331,1.07318003163799,0.3342001430198072
0.015227295296501377,0.5140583759357886,0.8589693207546462,1.0777238399246656,0.335270908686828
0.015430357850282166,0.5147303030627358,0.8601277680133893,1.0822799723135532,0.3363421291694625
0.015629717192247497,0.5154613778948929,0.8583748730101597,1.0868484366250384,0.3374203789764427
0.0158253254771123,0.5162506489458352,0.8593220689374197,1.0914294722711808,0.33851169582841545
0.016017135759827186,0.5170970939120214,0.8604424495008159,1.0960232023399517,0.33960598342997633
0.016205102006844992,0.5179996220743276,0.8613220414496431,1.1006296122064154,0.34070004288444156
0.016389179107168687,0.5189570768219912,0.86219539926337,1.1052486854596342,0.3417948726205484
0.016569322883177855,0.5199682382861426,0.8630655345706232,1.109880422376233,0.3428924162479127
0.016745490101230956,0.5210318260699058,0.8640503755173131,1.114524874154895,0.3439926567296152
0.016917638482041284,0.5221465020619581,0.8648691675669196,1.1191820301449862,0.34509427055632463
0.01708572671082381,0.5233108733205201,0.8656219113395142,1.1238519426199196,0.34620102832751154
0.017249714447210508,0.5245234950148293,0.8637621325292544,1.1285347101665175,0.34731713722749974
0.01740956233493176,0.5257828734114088,0.8645771698890878,1.1332305461398535,0.34844271776922864
0.01756523201126177,0.5270874688927861,0.8653848138882417,1.1379394936862886,0.3495687281769037
0.017716686116225636,0.5284356989966721,0.866185456800287,1.1426615333023318,0.35069508998114807
0.01786388830156505,0.5298259414641352,0.8669799470088051,1.1473966474337078,0.35182185599269256
0.018006803239462136,0.5312565372857981,0.8677708938061149,1.1521448164069532,0.35294888760173904
0.01814539663101783,0.5327257937357102,0.8685535371756248,1.1569060187715439,0.35407614064345244
0.01827963521448343,0.5342319873831644,0.8693330563353537,1.1616802333260847,0.35520362865109006
0.018409486773243285,0.5357733670733867,0.8701047019076829,1.1664674377373392,0.3563312824079292
0.018534920143546674,0.5373481568687369,0.8708703514245331,1.1712676097873913,0.3574591448623564
0.018655905221986707,0.5389545589427582,0.87198444644162,1.1760807251778982,0.3585866216887425
0.018772412972725375,0.5405907564201228,0.8727379780492724,1.1809067410514735,0.3597134348502664
0.018884415434461784,0.5422549161562533,0.8734910767480679,1.185745629670077,0.36084034416801475
0.018991885727142672,0.5439451914510954,0.8715579935028546,1.1905973913606602,0.36197229870692577
0.01909479805841374,0.5456597246922217,0.8723008358698408,1.195462173664024,0.36311153070552193
0.0191931277298095,0.5473966499231351,0.8726768346470619,1.2003399922234446,0.36424988843427286
0.019286851142680715,0.5491540953332744,0.8707184124127205,1.205230817224238,0.3653915647927497
0.019375945803858336,0.5509301856668827,0.8714482681330259,1.210134764016876,0.3665392408281419
0.01946039033105122,0.5527230445484863,0.8719855532518366,1.2150518423557084,0.3676873920807789
0.01954016445797829,0.5545307967232801,0.8724725149495778,1.219982055768283,0.36883742883003273
0.01961524903923189,0.5563515702112953,0.873188814334524,1.2249254087825592,0.36998820013553113
0.01968562605487311,0.5581834983746707,0.873902154365803,1.2298818683741268,0.371138050941018
0.019751278614755882,0.5600247218978275,0.8746114675392719,1.2348513892401438,0.3722869322259075
0.019812190962581043,0.561873390680788,0.8753153826330862,1.2398339258024298,0.3734348094757151
0.019868348479677472,0.5637276656462112,0.8756991855347079,1.2448294354166172,0.3745824599446902
0.019919737688510672,0.5655857204611261,0.8765941566310024,1.2498378973185316,0.37572982484326484
0.019966346255917203,0.5674457431745864,0.8769257663479854,1.2548592617961576,0.3768762547262501
0.020008162996064567,0.5693059377728029,0.8780641472481309,1.2598934997798243,0.3780221908517644
0.020045177873135922,0.5711645256535134,0.8787427470195838,1.2649405555854478,0.3791663107586671
0.020077382003738417,0.5730197470215509,0.8798371610875371,1.2700003713014871,0.38030872595303505
0.020104767659035308,0.5748698622077899,0.8805039400975264,1.275072883407396,0.3814493237830323
0.02012732826660073,0.5767131529137394,0.8811664897764121,1.2801580345727075,0.38258838659480565
0.02014505841199722,0.5785479233842208,0.8818240669823355,1.2852557684368835,0.38372587099264677
0.020157953840074957,0.5803725015106246,0.8824764030639946,1.290366027203567,0.3848616613463405
0.02016601145599308,0.5821852398673398,0.883533199479925,1.295488750565998,0.38599552444100815
0.020169229325962646,0.5839845166839862,0.8841763024998431,1.3006238717349516,0.38712732763603097
0.020167606677710056,0.5857687367560972,0.8848153440597353,1.3057713285751356,0.3882573549481043
0.020161143900663214,0.5875363322969474,0.8854505178085276,1.3109310609360358,0.3893855890271499
0.0201498425458576,0.5892857637331752,0.8856284503736711,1.316103009336708,0.3905123355667213
0.020133705325563987,0.591015520446872,0.8857539109510109,1.3212871274575135,0.39163810566828877
0.020112736112637995,0.5927241214667409,0.8863824873337023,1.3264833660817958,0.3927622415688342
0.02008693993958997,0.5944101161109309,0.887440834947081,1.3316916603286566,0.39388406150165817
0.02005632299737751,0.5960720845840549,0.8884507193780933,1.336911937355269,0.3950033631742674
0.020020892633920002,0.5977086385308927,0.8885054435224369,1.3421441241109664,0.3961204505116007
0.01998065735233447,0.5993184215491569,0.889119428376551,1.3473881571085133,0.3972354774351345
0.01993562680889537,0.6009001096637023,0.8897294619082708,1.3526439657183464,0.39834793981730965
0.019885811810716972,0.6024524117644002,0.8897084133670083,1.3579114727136563,0.3994577247974474
0.01983122431315971,0.6039740700099042,0.8896336371385952,1.3631906029635794,0.4005648665755346
0.019771877416961077,0.6054638601993847,0.8902420825531487,1.3684812777312498,0.40166914379667445
0.01970778536509104,0.6069205921142737,0.8908370854199376,1.3737834154274664,0.40277043758231446
0.01963896353933457,0.608343109831949,0.8906781717757939,1.3790969325942948,0.4038685494940325
0.01956542845659954,0.6097302920132137,0.890481046978292,1.3844217365133413,0.404962871722099
0.01948719776495272,0.611081052165352,0.8910725615200631,1.38975772748293,0.4060534782370258
0.019404290239384645,0.6123943388824298,0.8921394417045546,1.3951048152760346,0.4071409491997669
0.019316725777303388,0.6136691360644612,0.8918611416328996,1.4004629152020132,0.40822489774485915
0.019224525393759666,0.6149044631169426,0.8924437768451415,1.4058319233368766,0.40930468078044235
0.01912771121640288,0.616099375132219,0.8930209377965814,1.4112117425273034,0.41038088432623426
0.019026306480170813,0.6172529630540194,0.8936092157858156,1.416602279620029,0.41145348401303516
0.018920335521713454,0.618364353826468,0.8941929665037075,1.422003439302587,0.4125223033923245
0.01880982377355211,0.6194327105287653,0.8947551281927112,1.4274151239240938,0.4135872593068665
0.018694797757975935,0.6204572324966896,0.8953301779523924,1.4328372353155612,0.41464835774968184
0.01857528508067651,0.6214371554319803,0.8963752976477873,1.4382696761595966,0.41570580081968306
0.01845131442412273,0.6223717515006039,0.8959829862517765,1.4437123535466585,0.4167589692764542
0.01832291554067697,0.6232603294208505,0.8965469534182796,1.44916514154307,0.41780678566854407
0.0181901192454549,0.6241022345421032,0.897106221327341,1.4546279278103764,0.4188503421796019
0.018052957408930096,0.6248968489151373,0.8956203090833751,1.4601005892141192,0.41988596575025144
0.017911462949284886,0.6256435913546552,0.8961782510230178,1.4655828872730918,0.420911324751024
0.01776566982451024,0.6263419174947973,0.8956952277050114,1.4710746639990149,0.42193057821044055
0.01761561302425648,0.6269913198382389,0.895158448022339,1.476575751144735,0.42294162006233815
0.017461328561435147,0.6275913277994943,0.8936903636056522,1.4820859427217412,0.42393999767728335
0.01730285346357682,0.6281415077429473,0.8942569111727056,1.4876049066682007,0.42492453168512156
0.017140225763944392,0.6286414630161186,0.8953296686183405,1.4931324628271465,0.42590423618164736
0.016973484492404937,0.62909083397862,0.894729444253345,1.49866849978213,0.4268777326095318
0.016802669666063336,0.6294892980271856,0.8940560660119736,1.5042128249819409,0.42784100417513865
0.01662782227965799,0.6298365696171605,0.8933308145537688,1.509765212738549,0.42879360624167756
0.01644898429572225,0.6301324002807593,0.8939064321902397,1.5153254404655339,0.42973721298932743
0.01626619863451383,0.6303765786423701,0.8931163830888437,1.5208933394777946,0.4306724904400418
0.016079509163714083,0.6305689304311636,0.8937002922916878,1.5264686958184235,0.4315983081455151
0.015888960687899828,0.6307093184911927,0.8948167524996019,1.5320513518380445,0.4325187446539894
0.01569459893779056,0.6307976427891568,0.8958858958360546,1.537641203568151,0.43343515698329677
0.01549647055927329,0.6308338404199673,0.8950405008793273,1.5432381425170711,0.43434445167621016
0.015294623102207978,0.630817885610206,0.8941424845297177,1.5488419421206394,0.4352412660591911
0.015089105009015225,0.6307497897195249,0.8931946740410559,1.554452336746746,0.4361253221081553
0.014879965603050977,0.6306296012400304,0.8938278145055517,1.56006907284678,0.43699984170279677
0.014667255076768759,0.6304574057936304,0.8947527335324836,1.565692015916037,0.4378700222706699
0.014451024479673759,0.6302333261272955,0.8953306836693947,1.5713210634119883,0.4387349527866357
0.014231325706071387,0.629957522106161,0.895911994945967,1.576956075550713,0.43959285388768077
0.014008211482612644,0.6296301907043523,0.8964890210215115,1.5825968983958174,0.4404436141994097
0.01378173535564025,0.6292515659933714,0.8973816266787911,1.5882433832922487,0.4412883879050229
0.013551951678337554,0.6288219191278679,0.8979333305808251,1.5938954179956397,0.4421278472623545
0.013318915597684096,0.628341558328556,0.8984798188668396,1.5995528609052136,0.4429601577387566
0.013082683041220445,0.6278108288620159,0.8990376357900383,1.605215557412315,0.44378520011179395
0.012843310703626524,0.6272301130170792,0.8995919395276755,1.6108833507750577,0.44460288403517056
0.012600856033113969,0.6265998300774436,0.9001236965923108,1.6165560830976557,0.4454131673014991
0.012355377217640146,0.625920436290129,0.900650441491358,1.622233597279759,0.44621609214410624
0.012106933170942219,0.6251924248293533,0.9011911152772065,1.6279157357578382,0.4470115383254413
0.01185558351839908,0.62441632575534,0.9001542779911563,1.6336023235258106,0.4477963164316827
0.011601388582720517,0.6235927059675291,0.9007021788765347,1.6392930892922906,0.44856862387179824
0.011344409369471163,0.6227221691516399,0.9012251492417609,1.644987838358106,0.4493332279576952
0.011084707552428383,0.6218053557199336,0.9017777720245383,1.650686416020073,0.4500914395968762
0.010822345458781883,0.6208429427440215,0.9006867830766278,1.6563886878659626,0.45084038498876006
0.010557386054174608,0.6198356438794723,0.9012093731124013,1.6620943839230182,0.4515763724080805
0.010289892927591913,0.618784209281436,0.9001479387302536,1.6678032410908716,0.4522912210298231
0.010019930276100084,0.6176894255104364,0.9007035545839122,1.6735146246327304,0.4529776759141414
0.009747562889439633,0.6165521154274146,0.9018234402879195,1.6792282354502575,0.4536572386540504
0.009472856134475953,0.6153731380770581,0.902674618866711,1.6849439633803585,0.45433232591125167
0.009195875939511588,0.6141533885583632,0.9015130839145478,1.6906616877745841,0.45499759987328364
0.008916688778463695,0.6128937978813298,0.900313247164245,1.6963811037908165,0.45564519634285156
0.008635361654910925,0.6115953328085958,0.9008785163862837,1.7021018721975985,0.45627870366953494
0.008351962086012417,0.6102589956807662,0.9014378105999145,1.7078237816723556,0.45690356914264535
0.008066558086304345,0.6088858242240947,0.9019924130954937,1.713546657361019,0.4575198025915479
0.007779218151376588,0.6074768913391162,0.9010010560993755,1.7192702467981253,0.4581117552713978
0.00749001124143431,0.6060333048687335,0.8997040541426258,1.7249938050673017,0.45866710344542044
0.007199006764747617,0.6045562073441904,0.8983551182023853,1.7307168278449931,0.459202889768221
0.006906274560994157,0.6030467757072802,0.8974408881831744,1.7364388616580426,0.45970618494872273
0.006611884884497539,0.601506221007047,0.8980469444076259,1.742159082599626,0.46017438950021483
0.006315908387366892,0.5999357880691593,0.8986491236217784,1.7478771347377728,0.46063317611577953
0.006018416102541018,0.598336755136051,0.8992454037706132,1.7535928351598389,0.46108257600803293
0.005719479426740129,0.5967104334758364,0.9001700754862033,1.7593060103917704,0.4615244718653976
0.00541917010333146,0.5950581669579315,0.9007522506690249,1.7650165432849998,0.461959805499765
0.005117560205111082,0.593381331593211,0.9019189708003875,1.7707242806995256,0.46238765537034826
0.004814722117006853,0.5916813350364846,0.9030303376316227,1.7764291145626827,0.46281071698891674
0.004510728518706115,0.5899596160489652,0.9022380035357409,1.7821308539679372,0.4632086878240619
0.004205652367213358,0.5882176439183567,0.9033155038651193,1.7878286974417048,0.4635712829762017
0.0038995668793405263,0.5864569178341005,0.9018907835774218,1.793522321072594,0.4639226180966507
0.00359254551413533,0.5846789662152799,0.9024612013302243,1.799211402212056,0.46425762346431565
0.003284661955251662,0.5828853459886097,0.9030427670475081,1.8048957161474215,0.4645832265387384
0.0029759900932658633,0.5810776418139056,0.9015608754595494,1.810575060464075,0.46489473218673144
0.0026666040079430346,0.5792574652543929,0.9000316178340878,1.816249072477044,0.46518539117300084
0.002356577950458578,0.577426453889184,0.8984528714294315,1.8219173479846609,0.46545534243048137
0.0020459863255780954,0.5755862703652557,0.8980905661620879,1.8275794079516292,0.46568908510728346
0.0017349036738006822,0.5737386013862541,0.8989658459266788,1.8332343391778037,0.4658851309073906
0.0014234046534694793,0.5718851566354884,0.8996104110679263,1.8388818319364966,0.4660745676721865
0.0011115640228540836,0.5700276676305004,0.900217828530628,1.8445217326656833,0.4662546971503086
0.0007994566222090069,0.5681678865066786,0.8985787828079562,1.8501538491770213,0.46642112968785016
0.0004871573558122233,0.566307584727458,0.8992338119933222,1.8557778571468337,0.466571684938721
0.00017474117398851585,0.5644485517187541,0.900065355299769,1.8613935536548099,0.46671484988699763
-0.0001377169448780521,0.5625925934254253,0.9012191045156612,1.867000842614403,0.466853218989352
-0.0004501420123388783,0.560741530787715,0.9018184168130424,1.8725996368094613,0.4669851176646683
-0.0007624590478774654,0.5588971981358236,0.9024518994111513,1.8781897886218204,0.46710785920021003
-0.0010745930969044356,0.5570614415009769,0.9030793306338154,1.8837711321053532,0.4672214483829858
-0.0013864692487463588,0.5552361168416298,0.9036610807560712,1.889343502195069,0.4673259125744748
-0.0016980126546238103,0.553423088183736,0.9042769164162735,1.8949067354980815,0.4674213165651249
-0.0020091485456149023,0.5516242256743309,0.9048872258253617,1.9004606692739536,0.46750768930245507
-0.002319802250599283,0.5498414035480712,0.9055032269697763,1.906005141188698,0.46758495912143505
-0.002629899214178982,0.5480764980067481,0.906061573980242,1.911539988601688,0.46765321888715505
-0.0029393650145711925,0.5463313850122516,0.9066667045977378,1.9170650526564326,0.4677125988885035
-0.0032481253814693823,0.5446079379939605,0.905005593423496,1.9225801515792615,0.4677584450087552
-0.0035561062138675698,0.5429080254720036,0.906079383171298,1.9280849757494893,0.4677902980754
-0.0038632335978443914,0.5412335085984434,0.9066954720989433,1.9335793841261946,0.46781591005547885
-0.0041694338243019324,0.5395862386189891,0.9073062244437654,1.9390632387089402,0.46783276238452043
-0.004474633406655657,0.5379680542584698,0.9078493111525225,1.9445363861114593,0.4678409319513072
-0.004778759098470813,0.5363807790339624,0.9084482161276488,1.949998675390318,0.4678404405193297
-0.005081737911041244,0.5348262185001105,0.909040711586161,1.9554499548587088,0.46783139013523645
-0.005383497130906282,0.533306157431897,0.909565771606587,1.9608900776947955,0.4678139082737754
-0.005683964337301675,0.5318223569508076,0.9103219588872977,1.9663189053011418,0.46778961017516074
-0.00598306741954016,0.5303765516010649,0.9108338767664453,1.9717363502250846,0.4677594389886132
-0.006280734594317796,0.5289704463833108,0.9116997732898896,1.977142293129077,0.46772259003807115
-0.006576894422941452,0.527605713753831,0.912268046203093,1.9825366484199283,0.4676798426743162
-0.006871475828473927,0.52628399059813,0.9132135284466614,1.987919296358167,0.46763042003708066
-0.0071644081127918815,0.5250068751883156,0.9138808097145501,1.9932901610064606,0.46757689829485927
-0.007455620973553272,0.5237759241344285,0.9122250214034386,1.9986491535578004,0.46751303870670596
-0.007745044521069351,0.5225926493404305,0.9127204159755513,2.0039959891518677,0.467434132394311
-0.008032609295078017,0.521458514976154,0.9110064167720756,2.009330463085117,0.46734287806621966
-0.008318246281413887,0.5203749344769844,0.9115157149231891,2.014652292031496,0.46723741151605697
-0.008601886928571337,0.519343267583506,0.9123917530005131,2.019961309448535,0.4671255925667968
-0.008883463164156571,0.5183648174336837,0.9106321663728093,2.025257416796877,0.46700408596067383
-0.0091629074112247,0.517440827720409,0.911147588246158,2.03054035491,0.4668686667364696
-0.009440152604497792,0.5165724799274553,0.9120383333702928,2.0358099629574715,0.46672709250951755
-0.009715132206460277,0.5157608906569039,0.912916138796376,2.041066174906087,0.4665816303022222
-0.009987780223327683,0.5150071090611297,0.9111205951762923,2.0463089119059625,0.46642677567985663
-0.010258031220884705,0.5143121143922434,0.9117298722041756,2.051537925875411,0.46625847059117076
-0.01052582034018916,0.5136768136816515,0.9133494993758046,2.0567529523866646,0.4660625672763101
-0.010791083313137878,0.5131020395620163,0.9142379140779592,2.0619531830655604,0.4658310707711098
-0.011053756477890687,0.5125885482433955,0.9149328013895768,2.0671383627535707,0.46559604917874875
-0.011313776794148885,0.5121370176547313,0.9130973200782427,2.0723084288030056,0.4653528855684841
-0.011571081858284739,0.5117480457611328,0.9112043681841652,2.0774631572134434,0.4650949168579827
-0.01182560991831798,0.5114221490665662,0.9118404569259271,2.0826023045488697,0.4648256932813318
-0.012077299888735966,0.5111597613106179,0.9127664131695149,2.087725744784802,0.4645511045204802
-0.01232609136515396,0.5109612323669711,0.9133874127637998,2.09283342125389,0.464271805418616
-0.012571924638811877,0.5108268273501273,0.911460042962833,2.0979252331270275,0.46398329543802086
-0.012814740710904103,0.5107567259356969,0.909476767253943,2.1030009786605124,0.4636821159939991
-0.01305448130673885,0.5107510218983558,0.9074390211515688,2.1080604465903505,0.463369228003786
-0.013291088889723973,0.5108097228702552,0.9098610144935839,2.1131033708641906,0.46303108885177047
-0.01352450667517529,0.5109327503213403,0.9077592448784197,2.118129082146537,0.46266223794848266
-0.013754678643944748,0.5111199397617135,0.9084657326420467,2.123137306259379,0.4622863906345426
-0.013981549555864722,0.5113710411648021,0.9094845324675408,2.128127968327266,0.4619063317358901
-0.01420506496300535,0.5116857196087768,0.9101688899783803,2.1331010316870844,0.46152251115688386
-0.014425171222741865,0.5120635561323628,0.9108447671302905,2.1380564416684704,0.4611338854129891
-0.014641815510628467,0.5125040487999275,0.9115139530168254,2.1429941398305528,0.46074065148754784
-0.014854945833076002,0.5130066139695127,0.9162055649919482,2.147913994369064,0.46032815200481303
-0.01506451103983015,0.5135705877563851,0.9168198652960136,2.15281544968719,0.4598901236558435
-0.015270460836247234,0.5141952276835883,0.9177177449296171,2.1576983261903018,0.4594489647630266
-0.015472745795364744,0.5148797145100614,0.9183151084425458,2.162562606728066,0.459005021991728
-0.015671317369763474,0.515623154226008,0.9248147474076815,2.1674081932921623,0.45854399904366205
-0.01586612790321874,0.516424580204477,0.9256092228553234,2.1722345945733412,0.45806053535834396
-0.016057130642137676,0.5172829554974628,0.9261082829177933,2.1770416744339856,0.4575750771226772
-0.016244279746779774,0.5181971752643317,0.9265985798899672,2.1818294263245788,0.45708723309360394
-0.01642753030225824,0.5191660693199734,0.927141605314049,2.186597844231446,0.45659749582065584
-0.01660683832931945,0.5201884047898022,0.927626971064344,2.1913469347030516,0.45610605590114
-0.01678216079489759,0.5212628888585601,0.9352805499762276,2.1960766351485366,0.45560082951063713
-0.016953455622442548,0.5223881715998343,0.9356599308897682,2.2007865510724076,0.45507728733332803
-0.017120681702017866,0.5235628488732418,0.9362506657243985,2.205476585935296,0.4545527579892692
-0.01728379890016727,0.5247854652764068,0.9441367267974923,2.210146710020714,0.4540176246859933
-0.01744276806954616,0.5260545171390983,0.9444217996591833,2.2147966203356697,0.4534680705891696
-0.01759755105831694,0.5273684555472462,0.944864295047061,2.2194262576670085,0.4529182575937579
-0.01774811071930535,0.5287256893849587,0.9451430332977512,2.2240356576459743,0.45236827546176706
-0.017894410918915412,0.5301245883831694,0.9522008217182389,2.228624821459733,0.451811308291837
-0.018036416545801525,0.5315634861640789,0.9567659455214066,2.2331935388450663,0.4512410969169494
-0.01817409351929486,0.53304068327116,0.9569521409435037,2.2377416781063166,0.4506668817525844
-0.01830740879758272,0.5345544501751315,0.9571814807224445,2.2422692679873104,0.4500936111263706
-0.018436330385638158,0.5361030302469906,0.9564459434216255,2.24677637498839,0.4495231623263675
-0.01856082734289897,0.5376846426898744,0.9566251506955551,2.251263132862502,0.4489571792854086
-0.018680869790692993,0.539297485422244,0.9568045220197465,2.255729635074464,0.4483929223009035
-0.018796428919409015,0.5409397379055916,0.9570805774112474,2.2601759556527066,0.44783009719569733
-0.01890747699541079,0.5426095639106006,0.9572581014314514,2.26460215746505,0.44726851407299906
-0.019013987367693164,0.5443051142163807,0.9574345188061361,2.2690083144753794,0.4467088559837483
-0.019115934474278045,0.546024529238104,0.9576092683389837,2.2733945060010936,0.4461512234833201
-0.019213293848349293,0.5477659415790523,0.9578795524461259,2.277760811126322,0.44559521931685586
-0.01930604212412438,0.5495274785037146,0.9579462133744713,2.2821072926790733,0.44504017935816037
-0.01939415704246238,0.5513072643292225,0.958117313700132,2.2864340129941585,0.44448663750612577
-0.019477617456205867,0.553103422732989,0.9572370292123554,2.2907410658690495,0.4439383693674175
-0.01955640333525614,0.5549140789749771,0.9574066454725043,2.295028644247826,0.4433971228373945
-0.01963049577138044,0.5567373620335664,0.9575763107220963,2.2992968676555465,0.4428584674499711
-0.019699876982749696,0.5585714066544382,0.957742056990335,2.3035458276819134,0.4423225385591047
-0.019764530318206273,0.5604143553123918,0.9580196709295616,2.307775616653287,0.44178893936599767
-0.019824440261259988,0.5622643600863874,0.9581833561294887,2.3119863090394226,0.4412572109124016
-0.019879592433812168,0.5641195844484855,0.9614227668835508,2.316177981791884,0.44072623799483107
-0.019929973599606115,0.5659782049677226,0.9604366498233035,2.3203506805256984,0.4401993339549881
-0.01997557166740372,0.5678384129302104,0.9607082737243321,2.324504625613314,0.4396810814096357
-0.020016375693887856,0.569698415877069,0.9607148341411884,2.328639929126065,0.4391641366000804
-0.020052375886287877,0.5715564390619913,0.9608601597335699,2.332756659688998,0.4386493701780747
-0.020083563604730428,0.5734107268304574,0.9597670825978307,2.3368549375682184,0.4381427829389323
-0.020109931364312706,0.5752595439227889,0.9615390827106307,2.34093503233494,0.4376460485061836
-0.020131472836899117,0.5771011767033597,0.9616794848333485,2.3449970688702226,0.4371516747286233
-0.02014818285263963,0.5789339343184107,0.961818061082583,2.3490411514001455,0.4366612717573836
-0.02016005740121067,0.5807561497849816,0.9605999989820444,2.3530674231584032,0.4361804455918822
-0.0201670936327775,0.5825661810135753,0.9608970814874531,2.357076191781664,0.4357111037383792
-0.02016928985867843,0.5843624117671687,0.9610389473525401,2.361067593126087,0.43524431118584506
-0.02016664555182974,0.5861432525592614,0.9611793396609191,2.365041736674333,0.43478181455293724
-0.02015916134685236,0.587907141493607,0.9598523809661881,2.3689987698171806,0.43432962046053347
-0.02014683903991959,0.5896525450483259,0.9600008705092642,2.3729390340363286,0.4338915269870422
-0.020129681588325968,0.5913779588070198,0.9603138945675443,2.3768627131472244,0.43345685082995916
-0.020107693109777457,0.5930819081395259,0.9588868208442739,2.380769923058621,0.43303180333939906
-0.020080878881403422,0.5947629488348632,0.9590426448333044,2.384661020541782,0.43262199315534305
-0.020049245338489903,0.5964196676889103,0.9575086706669668,2.3885362414748093,0.43222450704200843
-0.020012800072935356,0.5980506830492658,0.9576766016947396,2.392395977614003,0.43184329909810903
-0.019971551831428642,0.599654645319686,0.9578425237932594,2.3962404367385615,0.4314672475060866
-0.019925510513349683,0.6012302374264377,0.9582300883593527,2.4000697549228684,0.4310968514421663
-0.019874687168393763,0.6027761752487961,0.9565968247182831,2.403884127319324,0.43074085608814694
-0.019819093993919703,0.604291208015875,0.9567793070489333,2.4076839838022703,0.4304026261114568
-0.01975874433202267,0.6057741186718685,0.9570075591383554,2.411469551511716,0.43007108400436156
-0.01969365266633164,0.6072237242117086,0.9572113027674083,2.4152410170742766,0.42974809852791684
-0.019623834618534126,0.608638875989075,0.9573992767579763,2.4189985727811107,0.4294324504759968
-0.019549306944626286,0.6100184599985705,0.9575851208548611,2.4227423716226832,0.4291225574559646
-0.019470087530892174,0.6113613971338367,0.9577690257251725,2.4264725566867282,0.4288184622463222
-0.01938619538961078,0.6126666434232626,0.9579518662962598,2.4301892708578765,0.4285201754487182
-0.01929765065449344,0.6139331902448838,0.9581330697109967,2.4338926583558536,0.42822780905315966
-0.019204474575851428,0.6151600645219675,0.9583122630162203,2.437582864297768,0.4279413743807613
-0.019106689515496444,0.6163463289007112,0.9582937724549404,2.4412600418288006,0.4276625089765198
-0.019004318941373534,0.6174910819114019,0.9584744119560684,2.4449243948715256,0.42739234701709494
-0.01889738742192897,0.6185934581142976,0.9584799333367299,2.448576082502488,0.4271266648761412
-0.018785920620214346,0.6196526282314416,0.9586571777097151,2.45221519272861,0.4268645263075736
-0.018669945287726943,0.620667799265515,0.9588306008213701,2.455841855626827,0.4266085455781295
-0.01854948925798977,0.6216382146067925,0.9590042950410165,2.459456220780196,0.42635875772984383
-0.018424581439871857,0.6225631541291907,0.9572949660511438,2.463058480121093,0.4261246135675307
-0.018295251810649865,0.6234419342763171,0.9576938357058096,2.4666491141538986,0.42590967565409016
-0.01816153140881414,0.6242739081383971,0.955900687009372,2.4702283560528953,0.425708388068344
-0.018023452326619057,0.6250584655208608,0.955853153177454,2.4737966824384325,0.42552689058350684
-0.017881047702381754,0.6257950330053521,0.9557533363760423,2.4773542923422225,0.4253514888904762
-0.01773435171252835,0.6264830740038231,0.955600382836634,2.480901395043994,0.4251844961684707
-0.017583399563392214,0.627122088806368,0.9537381841136618,2.4844381557144217,0.4250319047674402
-0.01742822748276461,0.6277116146233658,0.9539622412374992,2.487965078291337,0.42490170292494134
-0.01726887271120001,0.6282512256224693,0.954412621336147,2.4914824081739644,0.4247760901782291
-0.017105373493078658,0.6287405329609248,0.9524747265089312,2.4949902808569204,0.42466492645416765
-0.016937769067428065,0.6291791848136645,0.9527138113730845,2.4984892074751635,0.4245767450771257
-0.016766099658505857,0.6295668663975622,0.9532246641827761,2.501979438174268,0.42449319648299166
-0.0165904064661462,0.6299032999922185,0.9536916399941585,2.5054610413731524,0.42441118340848116
-0.01641073165587174,0.6301882449575659,0.9539162400427392,2.5089340753395617,0.42433278753572884
-0.016227118348774675,0.6304214977485946,0.9541385844830911,2.5123986719515683,0.42426121297271285
-0.016039610611167134,0.6306028919274069,0.9543560729790855,2.5158549846814258,0.424196489185716
-0.015848253444006217,0.6307322981728171,0.9545738708518728,2.519303167167149,0.4241386412687044
-0.01565309277209341,0.630809624287641,0.9550218024640733,2.5227433623710023,0.424085532737046
-0.015454175433053155,0.6308348152038096,0.9530523783230529,2.5261757066846515,0.4240476252637608
-0.01525154916609205,0.6308078529853871,0.9532853109780194,2.52960073522352,0.42403391722166733
-0.01504526260054155,0.6307287568295487,0.9535165928035514,2.5330187156354698,0.42402712119593766
-0.014835365244187028,0.6305975830655319,0.9537481158450861,2.5364298001908328,0.42402723282558585
-0.01462190747138662,0.6304144251515541,0.9539774431279882,2.539834141321101,0.42403431526035945
-0.014404940510981007,0.6301794136696194,0.9542008086077836,2.5432318914461907,0.42404834851433415
-0.014184516433999235,0.6298927163181577,0.9544265972060031,2.546623203007107,0.42406936484248536
-0.013960688141161871,0.629554537902344,0.9548893883491932,2.5500082180191592,0.4240952524625882
-0.013733509350184546,0.6291651203219547,0.9528708729188498,2.553387074229949,0.424136936260447
-0.013503034582886774,0.6287247425565501,0.9531136795146794,2.5567603223488025,0.4242036510567444
-0.013269319152106307,0.6282337206477622,0.9527738403705485,2.5601282580341396,0.42428219795531075
-0.013032419148424587,0.627692407678402,0.9524428372678896,2.5634912242112424,0.42437979058250014
-0.012792391426705492,0.6271011937480777,0.9521180564867335,2.566849612949305,0.42449672166278796
-0.012549293592449927,0.6264605059449628,0.9527605815554328,2.570203788421299,0.4246260403291548
-0.012303183987971191,0.6257708083133302,0.9530147307353682,2.573553870746311,0.424758957281593
-0.012054121678393164,0.6250326018163906,0.9532664593410464,2.576899984701338,0.4248988096097481
-0.011802166437474344,0.624246424293971,0.9535096281953874,2.5802422773620477,0.42504568122310665
-0.011547378733263317,0.6234128504144756,0.953748765638895,2.5835808970079297,0.4251995991867149
-0.011289819713585957,0.6225324916205642,0.9542347775200236,2.5869159806210376,0.4253583357170028
-0.011029551191370694,0.6216059960679037,0.9544739356475846,2.59024759820519,0.42552076498020547
-0.010766635629813507,0.6206340485563044,0.9547037861313988,2.5935758743320143,0.42569018037512835
-0.010501136127387187,0.6196173704525022,0.9549318733114155,2.5969009556337093,0.4258666203545943
-0.01023311640269776,0.6185567196037798,0.9551581608463035,2.600222988933326,0.4260500807364918
-0.009962640779192695,0.6174528902415627,0.9553887764594666,2.603542120150846,0.4262405307130157
-0.009689774169723218,0.6163067128740838,0.9556089384748326,2.6068584951341367,0.4264380076943468
-0.009414582060965852,0.6151190541670978,0.9558369611313204,2.610172259847991,0.42664251327448205
-0.009137130497705735,0.6138908168116162,0.956057458971465,2.6134835594399477,0.4268539833456913
-0.008857486066986213,0.6126229393775222,0.9562771319714655,2.616792537255178,0.4270723751863955
-0.008575715882128254,0.6113163961518729,0.9565016480734297,2.6200993377484725,0.42729782521356896
-0.00829188756662377,0.6099721969606138,0.9559841700098363,2.623404136500449,0.42753641143499577
-0.008006069237905937,0.6085913869723646,0.9558347323269922,2.626707279975692,0.4277889047545702
-0.007718329491001733,0.6071750464828369,0.9560526536899456,2.6300088930424863,0.42804497248021517
-0.007428737382069294,0.6057242906783882,0.9558148005780422,2.6333090844356652,0.4283057897137997
-0.007137362411824488,0.6042402693771238,0.9554805985501156,2.6366079067382695,0.4285679771216577
-0.006844274508861706,0.6027241667458645,0.956198485292962,2.6399053904160685,0.4288315299812078
-0.006549544012870617,0.6011772009912343,0.956402322776503,2.6432015756765432,0.42909863441444007
-0.00625324165775557,0.5996006240230286,0.956605849880972,2.646496581490622,0.4293727065294842
-0.00595543855465948,0.5979957210879324,0.9568074039772559,2.6497905492948384,0.4296537219672371
-0.0056562061748975535,0.5963638103715821,0.9570084730728863,2.653083620026809,0.42994170034806733
-0.005355616332804654,0.594706242566884,0.9572076607785072,2.6563759340476216,0.4302365772488037
-0.005053741168499867,0.593024400406406,0.9574056981725091,2.6596676304609725,0.4305383514583846
-0.004750653130573633,0.5913196981566088,0.9581237468574328,2.6629588375595437,0.4308447999170849
-0.0044464249587001905,0.5895935810715652,0.9583153876943024,2.666249615584398,0.4311547656143444
-0.0041411296661804315,0.5878475248037922,0.9585059362564479,2.6695400805753193,0.4314716156499222
-0.0038348405224190017,0.5860830347697135,0.9591826645039333,2.672830358979397,0.43179305563000575
-0.0035276310353402457,0.5843016454672463,0.9598035008725619,2.6761204983934137,0.43211576281174147
-0.003219574933746423,0.5825049197429236,0.9578986386939554,2.6794105981601595,0.4324544561718762
-0.0029107461496230957,0.5806944480059413,0.9558897236078602,2.682701270535958,0.4328310299090886
-0.002601218800396033,0.5788718473864843,0.9561124850347926,2.6859932054175437,0.43323273608523744
-0.0022910671711432818,0.5770387608356548,0.9540046423217766,2.6892867153649584,0.4336531909582697
-0.0019803656967671422,0.5751968561643406,0.9542522203941103,2.692582353932325,0.43409835376924505
-0.0016691889441299388,0.5733478250183471,0.9535780619356099,2.695880401817963,0.4345572143303605
-0.0013576115941585888,0.5714933817871634,0.9541059602302284,2.6991812283227747,0.4350312572796373
-0.0010457084239215548,0.5696352624437652,0.9543519380167654,2.7024849489940848,0.43550818380169376
-0.0007335542886824377,0.5677752233129367,0.954590613129707,2.7057916590622466,0.43599122563626724
-0.0004212241039353002,0.5659150397656673,0.954826949112125,2.709101474263358,0.4364803497111437
-0.0001087928274252048,0.564056504837306,0.9555946184230817,2.7124144988797205,0.4369733853376448
0.00020366455884116263,0.5622014277673056,0.9563002344068944,2.715730762285042,0.43746716463098134
0.0005160730665909992,0.5603516324585253,0.9565272987981652,2.7190502856504297,0.43796403384918847
0.0008283577192820692,0.5585089558543045,0.9543679987506895,2.722373223364803,0.4384787031054196
0.0011404435700966297,0.5566752462317303,0.9521055143618701,2.725700157455409,0.43902849918777276
0.0014522557199287073,0.5548523614097763,0.9497422242178866,2.729031773310767,0.4396125703211759
0.0017637193353590899,0.5530421668713267,0.9500267644788888,2.732368682124312,0.4402189369268726
0.0020747596666150685,0.5512465337984093,0.950824077640789,2.735711081262248,0.4408285668677783
0.002385302065510263,0.5494673370203407,0.9510963705554779,2.7390589962978122,0.4414405332760169
0.002695272003359588,0.547706452874926,0.9513643327565539,2.7424125012773435,0.44205769170961784
0.003004595088865866,0.5459657569832633,0.9516279238853477,2.7457716881611725,0.4426799798184297
0.003313197085973371,0.5442471219392303,0.9518868879853365,2.7491366476979513,0.4433073692296705
0.0036210039316841892,0.5425524149152389,0.9494364752741806,2.752507524738783,0.44395073001002744
0.003927941753832834,0.5408834951864049,0.9502507320935046,2.7558847778169198,0.4446133871433073
0.00423393688881538,0.5392422115758814,0.9477125708242712,2.7592685868137865,0.44528861281270254
0.004538915899268272,0.5376303998247137,0.948002674181854,2.7626593819867593,0.4459841494201287
0.00484280559169294,0.5360498798902541,0.9488153507510471,2.7660573344994606,0.44668232949693387
0.00514553303402198,0.5345024531778195,0.9479463952997935,2.7694624945363175,0.4473898688471838
0.005447025573122288,0.532989899710996,0.9487127058644318,2.7728751724552927,0.4481112475679756
0.005747210852231797,0.5315139752466836,0.9494112923380883,2.7762954439981504,0.44883250624993015
0.006046016828324413,0.5300764083417153,0.948549510267827,2.779723336696574,0.44956271804692466
0.0063433717894001975,0.5286788973785586,0.9488179780935326,2.783159157157686,0.45030793763384147
0.0066392043716959155,0.5273231075583811,0.9488591344371317,2.7866030322507593,0.45105527028098585
0.006933443576811771,0.526010667870392,0.9488249449687022,2.790054952516344,0.4518020886495616
0.0072260187887510435,0.5247431680470851,0.9479355156086744,2.7935149395553704,0.4525574947945478
0.007516859790867212,0.5235221555156399,0.9481922736827965,2.79698328493004,0.45332718542178657
0.0078058967827158736,0.5223491323563221,0.9484478861235637,2.8004601145721413,0.45410040816417924
0.00809306039680648,0.5212255522792858,0.945848092798709,2.8039455245546816,0.4548857540659179
0.008378281715249987,0.5201528176316645,0.9461206172181692,2.8074398663455975,0.4556871858923612
0.008661492286299165,0.5191322764472477,0.9463888157558848,2.8109432683819535,0.4564915444888852
0.008942624140776406,0.5181652195513784,0.9466528271505116,2.814455770979552,0.45729883547567424
0.0092216098083861,0.5172528777339666,0.9469128353679013,2.8179774143992873,0.4581090309178761
0.00949838233390725,0.5163964190036539,0.9442079428246815,2.8215082772392694,0.4589299230560489
0.009772875293262257,0.5155969459362316,0.9450341976646751,2.82504866259287,0.45976378934584156
0.010045022809458506,0.5148554931303408,0.9453089306240643,2.828598632511839,0.4605980390687177
0.010314759568398483,0.5141730247833428,0.9455748768349214,2.8321582005825894,0.46143457322705317
0.0105820208345548,0.513550432399922,0.9458362284818719,2.835727393145789,0.4622733537866014
0.010846742466506512,0.5129885326456302,0.9464886438876524,2.8393062288420037,0.46311302336691373
0.011108860932332664,0.5124880653570139,0.9471307524148643,2.8428946796258803,0.46395159039001127
0.011368313324859653,0.5120496917193688,0.9461261105857421,2.846492740158937,0.46479614001127384
0.011625037376758726,0.5116739926223833,0.9467637934213082,2.8501006121364405,0.4656498274079732
0.011878971475489736,0.5113614672031017,0.9475472376632174,2.853718319974132,0.46650232285774107
0.012130054678087924,0.5111125315846633,0.9448030636943493,2.8573458600916264,0.4673613359178286
0.012378226725789919,0.5109275178182275,0.9419560636461476,2.8609834893020545,0.46823745284735446
0.012623428058495532,0.5108066730343713,0.9426579424381218,2.864631479168099,0.4691224462683334
0.012865599829061939,0.5107501588090221,0.9397268544259691,2.868289879414834,0.4700123026065929
0.013104683917426687,0.5107580507477584,0.9400219468570978,2.871958863202104,0.470910812607902
0.013340622944556192,0.5108303382909775,0.9407502211116279,2.875638469209909,0.4718089240446774
0.013573360286216507,0.5109669247411186,0.9377325943347276,2.879328677455752,0.4727107667733038
0.013802840086562851,0.5111676275117768,0.93803970556192,2.883029625488255,0.47361963573239635
0.014029007271544615,0.511432178597192,0.9383412552528929,2.886741337025889,0.4745283798375841
0.014251807562123117,0.5117602252592836,0.938638252775628,2.8904637871851406,0.47543690021458074
0.014471187487298072,0.5121513309281026,0.9355232537310704,2.894196967639095,0.4763487876826431
0.014687094396940516,0.5126049763103119,0.9323154128189194,2.897940993969876,0.4772689250543478
0.014899476474428547,0.5131205606991545,0.9290183283053967,2.901695992224062,0.47819556481429765
0.015108282749082965,0.513697403478201,0.9277246535843076,2.9054620480006124,0.4791258692292847
0.015313463108400262,0.5143347458102088,0.9264107420320736,2.9092391707883056,0.48005615238062754
0.015514968310079088,0.5150317525014165,0.9272983693223685,2.913027315163321,0.4809842961605545
0.015712749993838235,0.5157875140308343,0.9276714269418851,2.916826406867187,0.4819096553463885
0.015906760693023072,0.5166010487333164,0.9285387739237757,2.9206363688888506,0.4828321712983512
0.016096953845997013,0.5174713051246214,0.9288904390417736,2.9244571215240263,0.4837518569669603
0.016283283807316407,0.5183971643561697,0.9255130903453844,2.928288592279886,0.48466947968414426
0.016465705858684846,0.5193774427868263,0.9241453385781064,2.9321307167314727,0.4855834635933411
0.01664417621968573,0.5204108946587903,0.9245304249903354,2.9359833603119516,0.4864915554605188
0.01681865205828911,0.5214962148645238,0.9249115588503036,2.939846411714602,0.48739582549058796
0.016989091501131225,0.5226320417916338,0.9214334299396445,2.943719769247492,0.4882953623388514
0.0171554536435639,0.523816960232684,0.9226817821901813,2.9476033042624428,0.4891898062585127
0.017317698559471587,0.5250495043471185,0.9191435877392621,2.951496908527102,0.4900791503900368
0.017475787310853266,0.5263281606627086,0.9155288441911132,2.9554004208353577,0.49096002555675333
0.017629681957167423,0.5276513711043446,0.916809807901437,2.9593136486760763,0.4918335296209444
0.017779345564437696,0.5290175360383849,0.9131320970377882,2.963236460061665,0.4927005213710237
0.017924742214116714,0.5304250173212915,0.9135917119430198,2.96716865504321,0.49355850759960834
0.01806583701170659,0.5318721413418632,0.9140506442680676,2.971110079491087,0.4944108289973393
0.018202596095133052,0.5333572020469358,0.9145025150077528,2.9750606008198255,0.4952573821117999
0.01833498664287263,0.5348784639411308,0.9154954134713752,2.97902008877041,0.496098828055433
0.018462976881829362,0.5364341650518551,0.9117748274954466,2.982988418249374,0.4969324030439075
0.018586536094960224,0.5380225198514881,0.9079861879443946,2.986965334003342,0.4977517403545148
0.018705634628647286,0.5396417221294029,0.9041339775464715,2.990950519883015,0.49855539025671336
0.018820243899814036,0.5412899478071607,0.9002247184109546,2.9949436346755935,0.49934226412857957
0.0189303364027856,0.5429653576909691,0.900753191663892,2.998944337547457,0.500115654322203
0.01903588571588974,0.5446661001561741,0.8990270952929726,3.0029523815062045,0.5008725980804078
0.019136866507797966,0.5463903137592503,0.8995703872529258,3.0069672799542846,0.5016079746837692
0.019233254543604875,0.5481361297734421,0.9000820517053945,3.010988771709347,0.5023355996567386
0.019325026690644672,0.549901674644833,0.8960946368096624,3.0150166632460236,0.503050133038391
0.01941216092404247,0.5516850723662494,0.8967767243079883,3.019050599114462,0.5037495353924163
0.019494636332000624,0.5534844467669948,0.8973215889013229,3.023090393129435,0.5044426921503611
0.0195724331208171,0.5552979237169554,0.89783121378074,3.027135883183355,0.5051277252187513
0.019645532619635947,0.5571236332441303,0.8938179284455018,3.031186868609894,0.5057988624257491
0.01971391728492848,0.5589597115651433,0.8943771183838599,3.03524296785418,0.5064527419029196
0.019777570704703092,0.5608043030286991,0.8948938566293153,3.0393039429564506,0.5070982082961617
0.0198364776024448,0.5626555619723865,0.8954330555603436,3.04336961725747,0.5077352712679675
0.019890623840780764,0.5645116544935705,0.8959656078010636,3.047439811158514,0.5083637574526058
0.01993999642487375,0.56637076013546,0.8964981068823645,3.051514344585464,0.5089836939116597
0.019984583505540526,0.5682310734897348,0.8924595152602912,3.0555930036135948,0.5095883499126728
0.02002437438209591,0.5700908057173479,0.8931647075426257,3.0596753825920664,0.5101758160456369
0.02005935950492028,0.5719481859893837,0.8917038710024411,3.0637612159499374,0.5107428650928478
0.02008953047775232,0.5738014628500089,0.8876152726617609,3.0678498106257033,0.511272858472881
0.020114880059703303,0.5756489055037448,0.8883048565462214,3.071940601304079,0.511784693461246
0.020135402166995255,0.5774888050294004,0.8894507477300416,3.076033392376517,0.5122912681678017
0.020151091874420903,0.5793194755231362,0.890005003784344,3.080128066136539,0.512790860544646
0.02016194541652576,0.5811392551731939,0.8905499569578936,3.0842244458334998,0.5132809879133365
0.020167960188511913,0.5829465072688987,0.8916614822338994,3.0883223473140315,0.5137633041244396
0.02016913474686289,0.5847396211465882,0.8927609985256779,3.0924216455666533,0.5142403756568502
0.020165468809690328,0.5865170130751213,0.8886982755330496,3.0965221877598856,0.5147031834602265
0.020156963256801597,0.5882771270836578,0.8898171060691873,3.1006235499792103,0.5151470896713879
0.02014362012948846,0.5900184357343567,0.885723511105381,3.1047254878050987,0.5155764620221331
0.020125442630037516,0.5917394408426533,0.8816025030610389,3.108827524511022,0.5159774371217545
0.020102435120961316,0.5934386741477022,0.8823492945210998,3.112929141156118,0.5163593979705083
0.02007460312395173,0.5951146979355668,0.8782169152921231,3.1170300941153757,0.5167266802546538
0.020041953318554274,0.5967661056176538,0.8789317882534478,3.1211299517143374,0.5170745966359509
0.020004493540565656,0.5983915222668453,0.8747976814500256,3.125228469341539,0.5174078897043742
0.01996223278015269,0.5999896051137092,0.8764740131374349,3.129325217095875,0.5177216929412037
0.01991518117969504,0.6015590440050951,0.8765593229751608,3.13341988602012,0.518008670121985
0.019863350031350927,0.6030985618273521,0.8771640213444425,3.1375116231334217,0.5182568865476977
0.0198067517743473,0.6046069148963198,0.8777599347871163,3.1416000475204444,0.5184954140403059
0.01974539999199396,0.6060828933161582,0.8735804482911951,3.145684935113238,0.5187168109381032
0.01967930940842436,0.6075253213090204,0.8742269414477251,3.149765838258389,0.5189172608962009
0.01960849588506113,0.6089330575174486,0.8745767982900267,3.15384239318584,0.5190876236134865
0.019532976416810066,0.6103049952813393,0.8752236327983411,3.1579137046065564,0.5192178477860391
0.019452769127981,0.6116400628911846,0.8762610190384336,3.1619792813918752,0.5193174217197734
0.019367893267938304,0.612937223819265,0.8769099432625143,3.166038212149374,0.5193761833216531
0.019278369206480832,0.6141954769303487,0.8775565905991097,3.170090112341381,0.5194254473559615
0.01918421842895375,0.615413856673383,0.8792737508558499,3.1741348132902263,0.5194666410698262
0.01908546353109175,0.6165914332555935,0.8798983309102626,3.1781721908733407,0.5195006321870483
0.0189821282135961,0.6177273128003183,0.8756559546394543,3.1822020543036214,0.5195186295982508
0.018874237276447124,0.6188206374898199,0.8713946707970888,3.186223968690895,0.5195111473149897
0.0187618166129517,0.6198705856942737,0.8671199139447207,3.190237452476432,0.5194793622916837
0.018644893203529644,0.6208763720880248,0.869438439050922,3.1942419722953224,0.51940897699965
0.01852349510923769,0.6218372477541603,0.8651141570196753,3.198236552033997,0.5192934076909521
0.018397651465035948,0.6227525002783746,0.8669235374993273,3.2022206659600143,0.5191632324391418
0.018267392472794873,0.6236214538330206,0.8716622682875392,3.206194046044023,0.5190043679825281
0.0181327493940473,0.6244434692522131,0.8763671248820541,3.2101556888013185,0.5187834885630345
0.01799375454248594,0.6252179440987593,0.8720278575280302,3.214104491099984,0.5185204548439318
0.01785044127620778,0.6259443127236466,0.8730702673125105,3.2180400224418415,0.5182469294548594
0.01770284398970901,0.6266220463187716,0.8737939126290222,3.221962177226937,0.5179680025806997
0.017550998105629767,0.6272506529635206,0.8747481152519686,3.225870857699821,0.517683139590968
0.017394940066253334,0.6278296776657842,0.8754570165440058,3.229765990524776,0.517393112136874
0.017234707324760058,0.6283587023979226,0.8711763886177403,3.2336474661454004,0.5170939689924308
0.017070338336238836,0.6288373461281563,0.8668855811522106,3.2375150904355667,0.5167832655402897
0.01690187254845783,0.6292652648478178,0.8625911609777421,3.241368679818092,0.5164629423535648
0.01672935039239745,0.6296421515948486,0.8703610025099716,3.2452079954335713,0.5161165319905437
0.016552813272546967,0.6299677364738835,0.8660951697228464,3.2490322985207136,0.5157376686276992
0.016372303556967883,0.6302417866732323,0.8735304605133691,3.2528412754075267,0.5153393663642438
0.01618786456712536,0.6304641064790193,0.8742767417799789,3.2566343352417024,0.514913952887282
0.015999540567491508,0.6306345372867085,0.8750112251847423,3.2604112813926562,0.5144850346563322
0.015807376754922487,0.6307529576101997,0.8757352769612156,3.2641720773639515,0.514052704749044
0.015611419247810725,0.630819283088652,0.8764473836554476,3.2679166893925378,0.5136172408693628
0.01541171507501728,0.6308334664911496,0.8774520549075785,3.2716450874246332,0.5131786422269837
0.01520831216458505,0.6307954977192832,0.8781437271362084,3.275357243502351,0.5127370612049064
0.01500125933223631,0.6307054038077032,0.8788251248012547,3.279053129933508,0.5122925255790892
0.014790606269656718,0.6305632489226447,0.8794975639351219,3.2827327223706297,0.5118452092270616
0.01457640353257021,0.630369134358399,0.8912452037394321,3.286395914746582,0.5113789896060962
0.014358702528605431,0.63012319853168,0.9019166899726521,3.2900420657602316,0.5108734440918833
0.014137555504958373,0.6298256169737797,0.9023505750143643,3.2936705555438524,0.510347060790466
0.013913015535853158,0.629476602320384,0.9027769261436399,3.2972812725199114,0.5098200786722171
0.013685136509804512,0.6290764042988802,0.9139805081634662,3.300874179783212,0.5092808188272372
0.013453973116684835,0.6286253097129553,0.923243513085363,3.3044488593171892,0.5087157814118111
0.013219580834598971,0.6281236424242299,0.9234328439808416,3.3080049510193907,0.5081393674283119
0.012982015916569199,0.6275717633306594,0.9236193794845898,3.311542437434653,0.5075646356676877
0.012741335377035725,0.6269700703413696,0.920314629487543,3.315061420087165,0.5069977062606454
0.012497596978172645,0.6263189983475709,0.9208235243773043,3.3185621825050493,0.5064411193470552
0.01225085921602575,0.6256190191891302,0.9219278018579832,3.322044826910981,0.5058840447732267
0.012001181306473555,0.62487064161637,0.9221244301537169,3.3255093796647284,0.5053273623262317
0.011748623171015792,0.6240744112465826,0.9188169072728495,3.328955945962053,0.5047800412649059
0.011493245422392714,0.6232309105147179,0.9190361131997357,3.332384858118801,0.5042459928698796
0.011235109350038075,0.6223407586176508,0.9192516794979034,3.335796276707795,0.5037147430052835
0.010974276905370103,0.6214046114513883,0.9239793262769951,3.3391902779411646,0.5031833200743542
0.010710810686923635,0.6204231615405027,0.924154381607337,3.3425668504124366,0.5026504386881323
0.01044477392532621,0.6193971379590535,0.9243266072217401,3.345926062370119,0.5021208800735384
0.010176230468123734,0.6183273062421601,0.9210859777609727,3.3492680574954257,0.5016031227939742
0.009905244764456806,0.6172144682873786,0.9178152607306664,3.3525932805028322,0.501110751281344
0.009631881849593541,0.6160594622449178,0.9145229468888261,3.3559022929029347,0.5006458490209181
0.0093562073293213,0.6148631623957136,0.9112164345940181,3.3591956942251766,0.5002101690902429
0.009078287364201673,0.6136264790162738,0.9115044081293716,3.36247406408399,0.49979477982701176
0.00879818865369214,0.6123503582291685,0.9117888791991838,3.36573763124785,0.49938407311028876
0.008515978420138872,0.6110357818379346,0.9085068466318917,3.368986575283832,0.49898929617562837
0.008231724392643157,0.6096837671451236,0.9092213731781091,3.372221403710281,0.49861441354439373
0.007945494790807086,0.6082953667521206,0.9095288628751605,3.375442292210085,0.49824178009235215
0.007657358308361126,0.6068716683392862,0.9101535546391747,3.378649353058778,0.4978747358964813
0.007367384096678062,0.6054137944249083,0.910460701395427,3.381842734384363,0.4975135858261939
0.007075641748176693,0.6039229021013471,0.9072599328319422,3.3850226308403593,0.49716960574430924
0.006782201279620278,0.6024001827466964,0.9040712239977742,3.388189657130269,0.4968614941487903
0.006487133115312667,0.6008468617101722,0.9048233470402391,3.3913444926343916,0.49657543538354487
0.006190508070196932,0.5992641979693867,0.901664950006999,3.3944873876552877,0.49630469035343167
0.00589239733286002,0.597653483757553,0.9015200224025792,3.397618916786961,0.496060817444995
0.005592872448447933,0.5960160441586082,0.901917614829391,3.4007394127380404,0.4958256246560919
0.005292005301495124,0.5943532366681235,0.8988485756808017,3.4038490993794377,0.4956096167716807
0.004989868098672658,0.5926664507178414,0.8958119705038012,3.4069486523937096,0.49543331292475334
0.004686533351458838,0.590957107161543,0.8962854669496475,3.410038824806837,0.4952836766597879
0.004382073858737059,0.5892266577199224,0.8967629788626718,3.4131198931783655,0.495140028904173
0.004076562689324026,0.5874765843820495,0.8938134653132213,3.416192066265074,0.4950165313360108
0.0037700731644338694,0.5857083987609412,0.8946649389195065,3.4192559665887763,0.4949182060868238
0.003462678840081475,0.5839236414007093,0.8951728655061156,3.4223117982733187,0.4948227305329485
0.0031544534894288913,0.582123881032698,0.8956663091015474,3.425359678487874,0.4947334384012645
0.002845471085080966,0.5803107137780009,0.8961671355279058,3.4283997485445417,0.49465055467712
0.00253580578133153,0.5784857622936714,0.8966534453436085,3.431432152419903,0.49457400797176937
0.0022255318963669414,0.5766506748599967,0.8974657636943154,3.4344570194749258,0.494501517874581
0.0019147238944302635,0.5748071244061261,0.897933428971454,3.437474413850202,0.4944320829541376
0.0016034563679500514,0.5729568074714212,0.898395344341391,3.440484454548959,0.4943688273218304
0.0012918040196384527,0.5711014430998738,0.8991840709149314,3.4434872683858107,0.4943096321381876
0.0009798416445631153,0.5692427716650335,0.8983441399054204,3.4464829379696655,0.4942571642171628
0.0006676441121965488,0.5673825536229247,0.8956764039645698,3.449471784003526,0.49423126811304685
0.00035528634844798755,0.5655225681905368,0.8961838263270395,3.452454500074713,0.4942339439725479
4.284331768129424e-05,0.5636646119476107,0.8952169234788334,3.4554313940155987,0.4942470265154631
-0.0002696099952759459,0.5618104973595618,0.8957634315767118,3.458402746179982,0.4942725845038633
-0.0005819986031284263,0.5599620512195685,0.8932335358884081,3.46136881144242,0.49431952075929597
-0.0008942475341098016,0.558121113008086,0.8937906800452272,3.4643302509805567,0.4943952702707013
-0.0012062818499755247,0.5562895331682375,0.8929096695443048,3.46728737388333,0.49448199877585036
-0.0015180266639875253,0.5544691712958564,0.8934739645391134,3.47024047547881,0.49458184630514335
-0.001829407158886962,0.552661894243231,0.894064672750318,3.473189735015949,0.4946880672296318
-0.0021403486048497213,0.5508695741359703,0.8946510195013713,3.4761352887628987,0.49480073354368387
-0.002450776377421347,0.549094086302771,0.8922881081136945,3.4790773472371157,0.49493481628533315
-0.0027606159754264862,0.5473373071183197,0.8899552711291696,3.4820166468074802,0.49511297928754716
-0.0030697930388489526,0.5456011117599815,0.8908355326825231,3.4849539881000204,0.4953179724762069
-0.003378233366677651,0.543887371879467,0.8914426386215732,3.487889574694692,0.4955259215942377
-0.0036858629347144836,0.5421979531911649,0.889164304901944,3.4908235901113285,0.4957553358924643
-0.003992607913339732,0.540534712979427,0.889800314600301,3.49375668936337,0.4960134257971762
-0.004298394685231017,0.5388994975276641,0.8885972904816762,3.4966891783148926,0.4962839961365821
-0.004603149863030934,0.537294139472768,0.8894843012581809,3.4996213888963434,0.49656782307717207
-0.004906800306959628,0.5357204550890213,0.8901158331184262,3.502553428831621,0.4968544945801486
-0.005209273142368188,0.5341802415063333,0.8914541026377722,3.5054853895602567,0.497145150619123
-0.005510495777228056,0.5326752738683456,0.890226333001573,3.508417348809215,0.49744508574492535
-0.0058103959195527416,0.531207302436672,0.8890133209432465,3.511349665889572,0.49776739808018283
-0.006108901594747732,0.529778049648217,0.8896595280177316,3.5142827561471943,0.4981056640029033
-0.006405941162883765,0.5283892071332924,0.8902947718682868,3.5172168056121142,0.4984500382940425
-0.0067014433358904444,0.5270424327029002,0.8891576962858283,3.5201519668143524,0.4988070194485139
-0.006995337194664643,0.5257393473142747,0.889817738404193,3.5230885886272354,0.4991799731530637
-0.0072875522060910445,0.5244815320244487,0.8887319316776141,3.526026887058577,0.49956550804250416
-0.0075780182399695604,0.5232705249421981,0.889406506710999,3.528967210236695,0.4999669430773113
-0.007866665585846389,0.5221078181893697,0.8875521722742162,3.531909809328856,0.5003885084238678
-0.008153424969744054,0.5209948548830664,0.8884444181310227,3.534855284599746,0.5008351422403005
-0.008438227570786942,0.5199330261506916,0.8891173189322972,3.5378038109937617,0.5012840739924197
-0.008721005037717876,0.5189236681902181,0.8904061252172853,3.5407554607389473,0.5017364371028704
-0.009001689505302219,0.5179680593883843,0.8910657168415145,3.543710264908642,0.5021912282601801
-0.009280213610615063,0.5170674175097459,0.8892711507113157,3.5466683779205006,0.5026655687079614
-0.009556510509208119,0.5162228969696444,0.8882850605759076,3.5496304270358503,0.5031733695348438
-0.009830513891152004,0.5154355862041858,0.8873458225837438,3.5525841694624476,0.502423165115436
-0.010102157996950288,0.5147065051502443,0.8882386055132485,3.5555170391440045,0.5016742031819763
-0.010371377633321587,0.5140366028483053,0.8865657916751287,3.558429087727803,0.5009262638683513
-0.010638108188845419,0.513426755180671,0.8874771111470244,3.561320398276504,0.5001800056665465
-0.010902285649468832,0.5128777627570952,0.8883770611566111,3.5641910171403954,0.49943327418096684
-0.011163846613869417,0.5123903489593981,0.8890979746709937,3.5670409756624104,0.498686068019007
-0.011422728308671207,0.5119651581559407,0.8898129251816238,3.569870306873111,0.49793846787968976
-0.011678868603510157,0.5116027540960515,0.8905217327186,3.57267904495863,0.4971905787927991
-0.011932206025945021,0.5113036184936378,0.8912255680210076,3.575467225932349,0.4964424621758475
-0.012182679776210502,0.511068149808235,0.8919239597095414,3.5782348868354097,0.495694138180346
-0.012430229741808838,0.5108966622306563,0.8906770220201579,3.580982070788697,0.494946949730683
-0.012674796511936596,0.5107893848792925,0.8893841618394774,3.58370887003763,0.4942030899514431
-0.012916321391742865,0.5107464612118615,0.8901083570026899,3.586415384478839,0.49346107248935706
-0.01315474641641593,0.5107679486561584,0.8908264433526439,3.5891016629230945,0.4927187626447951
-0.013390014365094316,0.5108538184620418,0.8915388694341875,3.5917677400567127,0.49197612471556096
-0.013622068774599653,0.5110039557755491,0.8927215438217612,3.5944136460428,0.49123286289353996
-0.013850853952987597,0.5112181599346909,0.8938366451447769,3.5970394099193723,0.4904890730716821
-0.014076314992913536,0.5114961449851421,0.8923607998056129,3.5996450678361085,0.48974605399335913
-0.014298397784810136,0.5118375404127047,0.8930699325768162,3.602230695227274,0.4890045427658818
-0.014517049029873408,0.5122418920881577,0.8917038603425649,3.6047963467084783,0.48826442511396023
-0.014732216252854105,0.5127086634188497,0.8924245576846053,3.607342115064157,0.48752653153028064
-0.014943847814651509,0.5132372367002396,0.893162149266966,3.6098680506665186,0.4867883483170622
-0.015151892924706707,0.5138269146594783,0.8939982744689103,3.612374188384498,0.4860499280149369
-0.015356301653191946,0.5144769221821222,0.8946942347192759,3.614860562660054,0.4853112849954935
-0.015557024942993564,0.5151864082121558,0.89538997434644,3.6173272103616463,0.4845725581924564
-0.015754014621485526,0.5159544478146889,0.8939701791804576,3.619774173391529,0.48383476164846884
-0.0159472234120906,0.5167800443900042,0.8946832143751213,3.622201526731313,0.48309840549281735
-0.01613660494562646,0.5176621320270256,0.8953898051169451,3.624609314330574,0.4823617222735113
-0.016322113771434114,0.5185995779838445,0.8960906246342637,3.6269975701457855,0.481624828205516
-0.01650370536828591,0.5195911852825553,0.8967785531061074,3.6293663279345774,0.480887620727904
-0.01668133615507024,0.5206356954054522,0.8974670553295147,3.6317156221617313,0.48015033193421075
-0.0168549635012509,0.5217317910794992,0.8981507157243002,3.6340454909416304,0.47941295547278756
-0.0170245457370983,0.5228780991359967,0.89882861494359,3.636355970306212,0.47867541534825037
-0.017190042163689846,0.5240731934324535,0.8996277043814507,3.6386470946575593,0.47793760008233327
-0.01735141306267763,0.5253155978238843,0.900290752278719,3.6409188973563977,0.4771995655288368
-0.017508619705820353,0.5266037891710353,0.9009477963689061,3.6431714138111384,0.4764614124397718
-0.017661624364278466,0.5279362003734217,0.9015985069758727,3.6454046800710516,0.47572312159451063
-0.017810390317668272,0.5293112234155003,0.9022428905382356,3.6476187321888722,0.4749847475339026
-0.017954881862875104,0.5307272124148295,0.9028800328257246,3.6498136082388286,0.47424641857448446
-0.01809506432262177,0.5321824866616245,0.9035107079861256,3.6519893467237012,0.47350802742384535
-0.01823090405379069,0.5336753336397573,0.9040922998122902,3.654145984143195,0.47276955354074734
-0.018362368455498504,0.5352040120198662,0.9047030583521034,3.6562835568941994,0.4720309899953599
-0.018489425976919875,0.5367667546159727,0.9032852330475515,3.658402108141996,0.47129362928880136
-0.018612046124859588,0.53836177129767,0.9039159983057824,3.6605017185075686,0.47055809936002996
-0.018730199471070703,0.5399872518506758,0.9045294122038707,3.6625824377646725,0.469822566850911
-0.018843857659317276,0.5416413687792578,0.9050739799215586,3.664644303987651,0.4690870566254785
-0.018952993412179698,0.5433222800447572,0.9055648652770183,3.666687355368787,0.4683515561966815
-0.01905758053760124,0.5450281317351299,0.9061781522862336,3.668711629637842,0.4676161066529838
-0.019157593935173765,0.5467570606611234,0.9067855343786425,3.6707171659132736,0.4668807207979821
-0.01925300960216193,0.548507196875372,0.9051280836529645,3.672704011421495,0.46614714678000974
-0.01934380463926372,0.5502766661113119,0.9057346640683211,3.6746722663380553,0.46541628680285246
-0.019429957256106047,0.5520635921394766,0.906334698252887,3.6766219861670826,0.46468543769721143
-0.019511446776474418,0.5538660990392549,0.9046211475967498,3.678553217160535,0.46395634284387705
-0.01958825364327508,0.5556823133847882,0.9052185208295069,3.6804660560959506,0.46322980385075113
-0.01966035942322876,0.557510366344157,0.9059412915086155,3.682360557308056,0.4625032728162336
-0.019727746811294355,0.5593483956915006,0.9065255516511505,3.684236756853855,0.4617767605828757
-0.019790399634822188,0.5611945477321467,0.9072340940651463,3.686094694722546,0.4610504871070185
-0.019848302857435347,0.5630469791412005,0.9078047412985917,3.687934412382585,0.4603245113116488
-0.019901442582638387,0.5649038587164371,0.9083694623710988,3.689755949569554,0.45959860912321615
-0.01994980605715232,0.5667633690466313,0.9089282212400126,3.691559346043879,0.4588728967831149
-0.01999338167397545,0.5686237080967715,0.9094810152964266,3.6933446413767443,0.45814736769399955
-0.020032158975168853,0.5704830907118246,0.9100279677764194,3.69511187502017,0.45742196233080007
-0.02006612865436646,0.5723397500409779,0.9105689815357494,3.696861085247214,0.4566967019484288
-0.02009528255900831,0.5741919388844227,0.9111039584116107,3.698592311806213,0.45597162729572954
-0.020119613692297124,0.5760379309649493,0.9116330483994889,3.7003055944229915,0.4552467794966652
-0.020139116214877798,0.5778760221267171,0.9121565312245627,3.7020009747250953,0.4545222550277979
-0.02015378544623857,0.5797045314636748,0.9126738641528088,3.7036784943948513,0.4537979852035259
-0.0201636178658343,0.5815218023802046,0.913325025376555,3.705338192975605,0.4530738579082539
-0.02016861111393142,0.5833262035865865,0.9138303340096711,3.7069801086611402,0.45234987715228747
-0.020168763992174363,0.585116130031956,0.9122557179671189,3.7086042887896635,0.45162769265690555
-0.02016407646387328,0.5868900037774004,0.9106904484306074,3.7102108338215665,0.4509093748713113
-0.020154549654012168,0.5886462748118977,0.9113380566892588,3.7117998484571983,0.4501934464484007
-0.020140185848979784,0.5903834218137263,0.9119527096451372,3.7133713845599434,0.4494775935850042
-0.02012098849602043,0.5920999528600105,0.9104839703662764,3.714925484787373,0.4487630721916544
-0.02009696220240666,0.5937944060869766,0.9109925591440434,3.7164622315713123,0.44805073074909435
-0.020068112734333628,0.5954653503034935,0.911497121048509,3.717981678060682,0.4473386330899285
-0.020034447015535178,0.5971113855603706,0.9098837128672528,3.719483869702356,0.4466281274914734
-0.019995973125622145,0.5987311436778712,0.9081362003025754,3.720968901731128,0.4459214647559301
-0.01995270029814342,0.6003232887337961,0.9086483012129295,3.7224368812632602,0.4452173738090358
-0.01990463891837003,0.6018865175144253,0.9067607164756898,3.723887868557692,0.444515014204708
-0.019851800520802303,0.6034195599305485,0.9072823844947113,3.7253219599861724,0.44381544901387443
-0.019794197786402012,0.6049211794007066,0.9052540763416119,3.7267392210874726,0.4431180740804695
-0.019731844539548973,0.6063901732037101,0.905778406468595,3.728139757614392,0.44242380547509025
-0.019664755744723122,0.6078253728023918,0.9036083046035744,3.7295236374286223,0.44173188105309064
-0.01959294750291316,0.609225644140495,0.9013107866648644,3.73089098131264,0.4410453675953707
-0.019516437047752397,0.6105898879144809,0.9018473974030843,3.7322419209304876,0.44036221029786576
-0.019435242741382815,0.6119170398219892,0.8994170719831897,3.7335765257284477,0.4396815952323508
-0.019349384070048273,0.6132060707885726,0.8999580515300825,3.7348949139578873,0.4390047124765581
-0.019258881639417656,0.614455987174264,0.9004912714965645,3.73619714751367,0.4383282015997462
-0.019163757169639924,0.6156658309614446,0.8979260546146232,3.737483276048811,0.43765419440549086
-0.01906403349013124,0.6168346799253948,0.8984617073650383,3.738753418626471,0.43698412169012885
-0.018959734534095916,0.6179616477888596,0.8989889760193186,3.7400076411973155,0.4363145948992103
-0.018850885332782796,0.6190458843618502,0.8962920173525947,3.741245996032034,0.43564782616606307
-0.01873751200947774,0.6200865756678491,0.8968214093949338,3.742468607063789,0.4349850708684275
-0.01861964177323403,0.6210829440575207,0.8940032150881065,3.743675549001359,0.434325187287053
-0.01849730291234268,0.6220342483109436,0.8910766216660562,3.7448669637368592,0.433672199865884
-0.018370524787542947,0.6229397837293295,0.8916177898365182,3.746043007843732,0.43302356001823067
-0.01823933782497628,0.623798882217121,0.8922594389907453,3.7472037448819173,0.4323750236488864
-0.01810377350888399,0.6246109123553024,0.8927835616094922,3.748349203516358,0.43172647564819405
-0.017963864374051224,0.6253752794667031,0.8932996785353815,3.7494794182777347,0.431078156164903
-0.01781964399799862,0.626091425674003,0.8916233224147525,3.7505944301248006,0.4304314934894597
-0.017671146992924273,0.6267588299511138,0.8921325949002585,3.7516943280768715,0.4297875421225199
-0.017518408997396588,0.6273770081685416,0.8930264613811928,3.7527791646691187,0.42914361880832375
-0.017361466667801185,0.6279455131332894,0.8939105616340894,3.7538489629735867,0.42849920909543016
-0.01720035766954406,0.62846393462382,0.894394118486792,3.754903746246351,0.4278547284922498
-0.0170351206680112,0.6289318994205414,0.8949661599281897,3.7559435477580245,0.42721037190113714
-0.016865795319289896,0.6293490713322332,0.8935822744050312,3.7569684023253522,0.42656717612328277
-0.016692422260651114,0.6297151512187944,0.894052892426178,3.757978384595249,0.42592608463782783
-0.016515043100796586,0.6300298770106529,0.8945183440073361,3.7589735434644536,0.4252853092351408
-0.01633370040987328,0.6302930237251249,0.8949734884472296,3.759953914783707,0.424644918300887
-0.016148437709256523,0.6305044034799817,0.8918882196635647,3.7609195506763013,0.42400777445012866
-0.015959299461105216,0.6306638655044507,0.8927633496866882,3.7618705863755157,0.4233749831347551
-0.015766331057690965,0.6307712961478238,0.893213235648539,3.7628070760154877,0.42274208963450927
-0.015569578810504336,0.630826618885811,0.8936551162795453,3.763729054520671,0.4221097616231835
-0.015369089939140214,0.6308297943247615,0.8940903577276913,3.7646365628055807,0.4214779587120635
-0.015164912559965278,0.6307808202038211,0.8945196158177092,3.7655296386289687,0.4208465799945269
-0.014957095674570535,0.6306797313950495,0.8913281767490155,3.7664083340647196,0.4202185386346754
-0.014745689158010729,0.6305265999015168,0.8903802262424093,3.767272791091655,0.419595989106067
-0.014530743746835316,0.6303215348533443,0.8908167926707009,3.7681231012655845,0.41897496694076397
-0.01431231102691102,0.6300646825016045,0.8912465941483743,3.768959310027607,0.4183544958565808
-0.01409044342104215,0.6297562262099973,0.8917314633506549,3.7697814539842898,0.4177341699995554
-0.013865194176389086,0.6293963864441546,0.8921466262157203,3.770589560136009,0.41711388011121375
-0.013636617351689327,0.6289854207583919,0.8925193151592106,3.771383661652391,0.4164938034121085
-0.013404767804283598,0.6285236237797022,0.8933692370129951,3.772163784981585,0.4158734361774262
-0.013169701176950398,0.6280113271887345,0.8937674747870253,3.7729299526571416,0.4152530567324411
-0.012931473884551828,0.6274488996974706,0.8941567707203174,3.7736821997192647,0.41463323499423155
-0.01269014310049453,0.6268367470232615,0.8945368543855967,3.7744205660298022,0.41401403284904853
-0.012445766743008317,0.6261753118588601,0.8949088909734917,3.775145090827055,0.41339535386571896
-0.012198403461245927,0.6254650738380331,0.8957260102296813,3.775855810013999,0.4127767992593255
-0.011948112621207587,0.6247065494962777,0.8960843383149025,3.776552747998725,0.4121582271086527
-0.01169495429149333,0.6239002922261572,0.8964402513671447,3.777235940939132,0.4115403059872151
-0.011438989228887269,0.6230468922266852,0.8930879335634542,3.7779054441620397,0.4109259666685713
-0.011180278863775648,0.6221469764461586,0.8934411641116449,3.778561399530725,0.41031663089081405
-0.01091888528540422,0.6212012085177826,0.8936057861635553,3.7792038747517154,0.40970761203998307
-0.010654871226977156,0.6202102886873732,0.890111113270481,3.7798329131551673,0.40910176400600384
-0.01038830005060107,0.6191749537323732,0.8904746847409448,3.7804486550803627,0.40850092664605964
-0.010119235732078721,0.6180959768713536,0.8908304907480052,3.7810511671167677,0.4079005939748112
-0.009847742845555013,0.616974167663109,0.8911761312095666,3.7816404858164434,0.40730079488077603
-0.009573886548019448,0.6158103718944,0.8918585017180055,3.7822166467280067,0.4067011637725933
-0.009297732563668932,0.614605471455324,0.892193927589809,3.7827796740668767,0.4061015401321447
-0.009019347168134054,0.613360384201232,0.892522702143183,3.7833296017603053,0.4055025409096856
-0.008738797172573537,0.6120760638000284,0.8928464157703904,3.783866470800005,0.404904332888301
-0.00845614990763949,0.6107534995636295,0.89365796346799,3.7843903193101127,0.40430635694538286
-0.00817147320731884,0.6093937162622801,0.8939671419484239,3.7849011726524737,0.403708504771963
-0.007884835392653153,0.607997773920342,0.8942720083677116,3.785399067937741,0.40311141854093857
-0.007596305255341949,0.606566767592092,0.8906949763875932,3.7858840603389154,0.40251796555841257
-0.007305952041233319,0.605101827115998,0.8870548447427662,3.786356306814691,0.4019325659966778
-0.007013845433704781,0.60360411684584,0.8878877730358853,3.7868159779471195,0.4013519216267509
-0.006720055536940051,0.6020748353569731,0.884203762684718,3.7872631421519274,0.4007742416991219
-0.0064246528591040105,0.6005152151259441,0.8804885921493957,3.787697951864956,0.40020463100594567
-0.0061277082954214225,0.5989265221815819,0.8767530888635352,3.788120590232721,0.399642852660392
-0.005829293111162209,0.5973100557256013,0.8771133114073052,3.78853122490825,0.3990861416975971
-0.0055294789245380884,0.5956671477206809,0.8733833025030355,3.7889299357807427,0.39853279776767925
-0.0052283376895146385,0.5939991624438896,0.8742566506529726,3.7893168550190017,0.39798395649009216
-0.004925941678542767,0.5923074960032451,0.874623739443074,3.789692034205655,0.39743517438622833
-0.00462236346521369,0.5905935758151258,0.8749857987734153,3.7900555048791698,0.39688697025215275
-0.004317675906841169,0.5888588600401965,0.8787237455563169,3.790407288146358,0.3963365710519662
-0.004011952126976783,0.5871048369753792,0.8796028216904326,3.790747319753149,0.39578217162888774
-0.003705265497860048,0.5853330243994246,0.8799473399684941,3.791075593234693,0.395227801283407
-0.0033976896228099813,0.5835449688695099,0.8762139020656555,3.7913921549524887,0.39467688975998383
-0.0030892983185599496,0.5817422449662787,0.8771060135406643,3.791697137983984,0.3941304872435857
-0.0027801655975427655,0.5799264544846894,0.8779564037272111,3.7919905911789376,0.39358372874135805
-0.0024703656501276175,0.5780992255680177,0.8783041147809261,3.7922725311977743,0.3930368942315864
-0.0021599728268146988,0.5762622117823334,0.874634713149921,3.792543001429067,0.39249337420508285
-0.0018490616203917227,0.5744170911287904,0.8709961026614217,3.792802146238748,0.391957270260446
-0.0015377066480556855,0.5725655649910598,0.8674015039765128,3.793050133584807,0.39142825791686386
-0.0012259826335055367,0.5707093570152985,0.8638612558012573,3.793287123709454,0.3909059956768048
-0.0009139643890082881,0.5688502119200829,0.864309968772407,3.793513258767182,0.3903878079224756
-0.000601726797445055,0.5669898942338111,0.8652404250818935,3.793728591220919,0.38986975041259475
-0.0002893447943387878,0.5651301869571954,0.8722276599019293,3.793933118661921,0.3893473187055169
2.3106650129131267e-05,0.5632728901485715,0.8726221247893702,3.7941267185856926,0.3888189210547604
0.0003355525491118144,0.5614198194299181,0.8730114558481202,3.7943093766680716,0.38829079037613556
0.0006479179170934479,0.5595728044116614,0.8733946008869201,3.7944811237556415,0.38776326196923144
0.000960127787884977,0.5577336870345411,0.8737705052965541,3.794641992560345,0.38723621385246204
0.0012721072326161993,0.555904319827094,0.8741407982765387,3.7947920146525704,0.38670972845041224
0.001583781377717885,0.5540865640775358,0.8707456886881998,3.79493123608878,0.3861861940682949
0.001895075422891272,0.5522822879192145,0.8716073894649399,3.795059769542366,0.3856663534197978
0.0022059146590598633,0.5504933643290936,0.868279568229401,3.795177669160308,0.385148780730288
0.002516224486299068,0.5487216690391512,0.8650228034063995,3.795285053334333,0.3846372883170603
0.00282593043173982,0.5469690783610105,0.8618457384834887,3.795382062987704,0.38413170002318936
0.0031349581674419117,0.5452374669245776,0.8587574780422814,3.7954688330762294,0.38363165429223556
0.0034432335282321676,0.5435287053319479,0.855765081095203,3.7955454927827095,0.38313696812267917
0.0037506825295037577,0.5418446577284322,0.8563181877774081,3.795612157397922,0.38264546735129296
0.004057231384972203,0.5401871792930705,0.853454257735032,3.795668879822136,0.3821560249071034
0.004362806524383706,0.5385581136516626,0.8540431547181417,3.795715749000059,0.3816695682018856
0.004667334611171587,0.536959290215929,0.8513156312294841,3.795752815384273,0.3811849850968388
0.004970742560056841,0.535392521453139,0.8522968508041855,3.7957801594184533,0.3807028074110585
0.005272957554588119,0.5338596000911681,0.8532670039663683,3.795797811927379,0.3802203331832191
0.005573907064617464,0.5323622962646903,0.8538730563106881,3.7958057863350927,0.37973765728158276
0.00587351886370708,0.5309023546089038,0.8544748451179013,3.7958041014040114,0.3792550110791218
0.006171721046463359,0.5294814913079233,0.8519333541077563,3.795792784507015,0.3787739770413021
0.006468442045793851,0.5281013911056556,0.8525742411557421,3.7957719119905855,0.37829535938819986
0.006763610650083086,0.526763704287719,0.8538914425180982,3.795741513989811,0.3778162331239349
0.007057156020282881,0.5254700436436267,0.8545205003312202,3.7957016003213693,0.37733690169149353
0.007349007706913437,0.5242219814191186,0.8554620637841853,3.795652188297106,0.3768573588545884
0.007639095666970954,0.5230210462691601,0.8560802510596182,3.795593290868421,0.376377620631791
0.007927350280737409,0.5218687202226941,0.8566945338818912,3.7955249261240387,0.37589792082762535
0.008213702368489282,0.5207664356707525,0.8573087701834045,3.7954471144551056,0.37541828991632603
0.008498083207100009,0.5197155723900017,0.857920954622385,3.795359875938037,0.37493872728358774
0.008780424546533406,0.5187174546141712,0.8585298975429144,3.795263230097442,0.3744591565988686
0.009060658626223305,0.5177733481661234,0.8640588895164889,3.7951571855893387,0.37397771334987184
0.009338718191335754,0.516884457663527,0.8646334279319965,3.7950416980877955,0.3734936126844669
0.009614536508909869,0.5160519238112118,0.8652052936681646,3.7949167698419215,0.37300957489706504
0.009888047383873397,0.5152768207932916,0.8657744303521974,3.794782419592376,0.37252545865362147
0.010159185174929294,0.5145601537780359,0.866340956445661,3.7946386640089007,0.37204125342853783
0.01042788481030919,0.513902856548255,0.8643240248324862,3.7944855273993676,0.37155825439984685
0.010694081803390394,0.5133057892696319,0.8649251497124617,3.794323069362913,0.37107694305336586
0.010957712268172382,0.5127697364089729,0.8657738780036918,3.794151317555765,0.37059539193510516
0.01121871293460909,0.5122954048137955,0.8676614732055861,3.7939702805812194,0.3701129390351885
0.011477021163793422,0.5118834219639664,0.8682534519578341,3.793779953847767,0.3696295576765389
0.011732574962990306,0.5115343344053244,0.8688404736407939,3.793580348324509,0.36914606956027485
0.011985313000514622,0.5112486063743138,0.8696579549716187,3.793371480730911,0.3686624557039623
0.012235174620450553,0.5110266186216539,0.8704665279857235,3.7931533643688935,0.3681785891799185
0.012482099857208743,0.5108686674419926,0.8714622567432473,3.792926018061507,0.3676947232601805
0.012726029449917622,0.5107749639153147,0.8726287788073634,3.7926894509572633,0.3672101640438595
0.012966904856645844,0.5107456333646715,0.8708848713458689,3.7924436754648636,0.36672621285697304
0.01320466826845207,0.5107807150334784,0.8714694732260659,3.7921887391366655,0.36624355799285546
0.013439262623258773,0.5108801619843587,0.8720479182722098,3.7919246683299486,0.3657608154518883
0.013670631619546883,0.5110438412201291,0.8731714774303738,3.7916514771199075,0.3652777464334759
0.013898719729867918,0.5112715340262037,0.8737328882271558,3.791369175744083,0.36479432867605266
0.014123472214170247,0.5115629365323358,0.8742876403326846,3.7910777793747625,0.3643108510941869
0.014344835132936527,0.5119176604903241,0.8745591762432994,3.7907773027219265,0.3638270596326946
0.014562755360128835,0.5123352342630004,0.8729072921065146,3.790467760784386,0.3633438924631145
0.014777180595938659,0.5128151040186362,0.8734755551102044,3.7901492035913806,0.36286222179152405
0.01498805937933874,0.5133566351237056,0.871830716199928,3.789821662925377,0.36238142013843627
0.015195341100433309,0.5139591137258951,0.8724087617659463,3.789485188873893,0.36190200645656756
0.015398976012604272,0.5146217485182442,0.8729796829243085,3.789139807614645,0.3614225122100698
0.015598915244450211,0.5153436726744118,0.8735425968434637,3.788785536251947,0.36094306102383544
0.015795110811515217,0.5161239459442852,0.8740988975572896,3.788422393580413,0.36046359127173333
0.015987515627805017,0.5169615568984625,0.8746481598123974,3.7880503951487445,0.35998400054072505
0.016176083517087256,0.5178554253095838,0.8753891096751303,3.7876695583217166,0.35950441811555517
0.016360769223973642,0.5188044046580534,0.8737685260134096,3.7872799030092827,0.35902567034243943
0.01654152842478108,0.5198072847493551,0.8745181200244811,3.786881481773069,0.3585484529716557
0.016718317738169043,0.5208627944299702,0.872880412796992,3.7864743253577835,0.35807215436126044
0.016891094735550942,0.5219696043888042,0.8723602808566581,3.7860584884449375,0.3575977469520189
0.017059817951276784,0.5231263300310651,0.8729319911748165,3.7856340110476916,0.3571239198380995
0.01722444689258472,0.5243315344116154,0.8734991950136578,3.785200914251126,0.35665006092654095
0.01738494204931902,0.5255837312150998,0.8740578973802806,3.784759216077186,0.35617628367731785
0.01754126490341251,0.5268813877703992,0.8732680320395505,3.784308937434086,0.3557030712908977
0.017693377938130594,0.5282229280873946,0.8738411630068277,3.7838501131257205,0.35523053927213816
0.0178412446470751,0.529606735904473,0.8748562723644799,3.78338276305504,0.354757821669252
0.01798482954294571,0.5310311577357295,0.875410731424051,3.7829069002708406,0.3542850387935434
0.018124098166056597,0.5324945059074189,0.8759570243541965,3.7824225425453126,0.35381229004774856
0.01825901709260675,0.5339950615738125,0.8744632954368772,3.78192971323213,0.3533406406407414
0.018389553942701448,0.5355310777033101,0.8751968790523884,3.7814284637284525,0.35287033965914577
0.018515677388123285,0.5371007820263082,0.8757491988642472,3.7809188187703677,0.3524000701772936
0.01863735715985075,0.5387023799370708,0.876295992697268,3.78040079821977,0.35192999104050415
0.018754564055322658,0.5403340573425263,0.876837617270643,3.779874421236928,0.3514600324109613
0.018867269945446824,0.5419939834516655,0.8777701204725947,3.779339709032003,0.35099028230699086
0.018975447781350543,0.5436803134999015,0.8762586568221056,3.778796683634593,0.35052146329974637
0.01907907160087258,0.5453911914034729,0.8768048226695349,3.778245396426002,0.35005418282689665
0.01917811653479353,0.5471247523396339,0.8773445425373405,3.777685875428675,0.3495869953806645
0.01927255881280477,0.5488791252490645,0.8782261648333338,3.7771181375676077,0.34911973382636713
0.019362375769212934,0.5506524352575359,0.8790571216634292,3.776542198480454,0.3486525472355082
0.01944754584837955,0.5524428060144941,0.8798373801410364,3.775958075761753,0.3481853176501382
0.019528048609894526,0.5542483619467985,0.8803448256183735,3.775365784214868,0.34771807753647616
0.01960386473348145,0.5560672304263613,0.8810240200357521,3.7747653423902614,0.34725099904229173
0.01967497602363467,0.5578975438509802,0.8794892818772567,3.774156773354259,0.3467849915820962
0.01974136541398588,0.5597374416380749,0.8799532813616545,3.7735401308657903,0.3463205775082878
0.019803016971400005,0.5615850721314973,0.8783686006258189,3.7729154468435113,0.34585729811726323
0.01985991589979932,0.5634385944219549,0.8767346636337618,3.772282783444963,0.34539691382863114
0.019912048543714048,0.5652961800819514,0.875058223800098,3.7716422162309597,0.3449396530358638
0.01995940239155999,0.5671560148164392,0.8756441226530421,3.770993818227306,0.34448428351604915
0.020001966078640923,0.5690163000307003,0.8752421160537041,3.7703376189714604,0.3440292008912865
0.020039729389876165,0.570875254317157,0.8749041300586717,3.7696736447307218,0.3435747467993393
0.02007268326225242,0.5727311148630879,0.8755316341241003,3.7690019210030092,0.3431205619902866
0.020100819786998434,0.5745821387813499,0.8740149823545282,3.7683224701847338,0.34266749031701754
0.02012413221148338,0.5764266043663981,0.8724536456761525,3.7676353521036283,0.3422171932620809
0.020142614940837227,0.5782628122780011,0.8731219616133854,3.766940632739752,0.34176856980932724
0.0201562635392938,0.5800890866551383,0.8736029510446526,3.766238335359109,0.34131967456231965
0.02016507473125474,0.5819037761626683,0.8742584643421297,3.765528470139065,0.3408705950488437
0.020169046402076465,0.5837052549733815,0.8749099985025721,3.76481104918922,0.34042136439352727
0.020168177598576947,0.5854919236880948,0.875556383374017,3.764086084302839,0.3399719996663292
0.02016246852926498,0.5872622101964655,0.876198547297127,3.763353590225401,0.33952268801280366
0.02015192056428963,0.5890145704811982,0.8768354073717813,3.7626135812760855,0.33907323255984495
0.020136536235112006,0.5907474893682922,0.877468398553634,3.761866069723798,0.3386236844436028
0.020116319233897176,0.5924594812259656,0.8780954660736106,3.7611110684090274,0.33817402603650093
0.020091274412628365,0.5941490906148409,0.8787188426643447,3.7603485911596852,0.3377243171702958
0.02006140778194256,0.5958148928919427,0.8790730500835153,3.759578650959757,0.33727450681477805
0.020026726509687714,0.5974554947709763,0.879686425620736,3.758801261240584,0.336824620090043
0.019987238919202597,0.5990695348413236,0.880292750321009,3.758016434165725,0.3363745514709403
0.019942954487319618,0.6006556840480981,0.8808941395701123,3.757224182171849,0.33592439384726075
0.019893883842089538,0.602212646135535,0.8814938529839254,3.7564245159132774,0.33547396803651564
0.019840038760231885,0.60373915805593,0.8820858099772777,3.7556174473199126,0.3350235046120912
0.01978143216430775,0.6052339903462258,0.8805808040917792,3.7548029971274013,0.3345742504990133
0.019718078119618912,0.6066959474742961,0.8811891286204787,3.753981221774077,0.3341267502463318
0.01964999183083198,0.6081238681568761,0.8796325142482242,3.7531521527928544,0.3336804439767374
0.019577189638329304,0.6095166256510098,0.8802513227443167,3.7523158477875826,0.3332359694890527
0.01949968901428779,0.6108731280207886,0.8786488872293291,3.7514723391724134,0.3327927442197686
0.019417508558485078,0.6121923183810933,0.8794526902900458,3.750621684352491,0.3323512719518728
0.01933066799383606,0.613473175119945,0.8800704813369054,3.749763907458681,0.33190972162560833
0.019239188161659527,0.6147147121010101,0.8806908171466705,3.7488990220984157,0.33146814271796476
0.019143091016675995,0.6159159788476922,0.8814743979587644,3.74802704048065,0.33102636315051637
0.019042399621738978,0.6170760607102093,0.8820823166475688,3.7471479716231113,0.33058436782184186
0.01893713814229994,0.6181940790169391,0.8826847622076378,3.746261827610821,0.3301423286675462
0.01882733184060866,0.6192691912112575,0.8832820188191688,3.7453686213312376,0.3297002044477195
0.018713007069650442,0.6203005909750172,0.8838737474120946,3.7444683672878676,0.32925826992206586
0.01859419126682161,0.6212875083397534,0.8841359331128246,3.743561083437273,0.32881638137830943
0.018470912947344473,0.6222292097866161,0.8847034467870413,3.7426467811657287,0.3283742951613575
0.01834320169742387,0.6231249983359922,0.8852645318657398,3.741725474766678,0.3279324681059475
0.018211088167146804,0.6239742136276752,0.8858307695624746,3.7407971828858506,0.32749073227006076
0.018074604063126422,0.6247762319924268,0.8863927811331224,3.739861919599392,0.32704897198136035
0.017933782140892432,0.6255304665156785,0.8869499936023595,3.73891969867893,0.3266072251143011
0.017788656197030288,0.6262363670940917,0.8875021399034855,3.737970534925801,0.3261655504633517
0.01763926106106979,0.6268934204856119,0.8876569790084493,3.737014443748799,0.32572397717256374
0.017485632587126557,0.6275011503536388,0.8884631457849184,3.7360514402251654,0.3252823393785749
0.017327807645296837,0.6280591173058439,0.8868943559254013,3.73508154153408,0.3248418661810134
0.01716582411280901,0.6285669189281508,0.8869825726741161,3.7341048061115467,0.3244033313039571
0.016999720864933437,0.6290241898143303,0.887529750168798,3.7331212586574183,0.3239646255041402
0.016829537765652266,0.6294306015916212,0.8863156985002759,3.732130914960465,0.32352682877488664
0.016655315658092383,0.6297858629427451,0.8847554509196933,3.7311338290267146,0.3230918317512432
0.016477096354723265,0.6300897196246493,0.8853252616659323,3.7301300703520335,0.3226588007644357
0.016294922627322267,0.6303419544842586,0.8838012336431371,3.7291196704884766,0.32222685376762655
0.016108838196709503,0.6305423874714822,0.8822345147593836,3.7281026866660643,0.32179773801453704
0.015918887722255037,0.6306908756496966,0.8805472674383361,3.727079192596075,0.3213718356309771
0.01572511679116107,0.6307873132038646,0.8789711766366437,3.726049267284496,0.32094922807761206
0.015527571907520885,0.6308316314464343,0.8773608250307265,3.725012988283758,0.3205298823504072
0.01532630048115816,0.6308237988211205,0.8779777647238104,3.7239704278436916,0.3201125128917134
0.01512135081624922,0.6307638209046244,0.8785884466219664,3.72292161019138,0.31969500710977344
0.014912772099729844,0.6306517404063319,0.8791940770296632,3.721866544542899,0.31927732948361853
0.014700614389490687,0.6304876371659759,0.8799643248436632,3.720805240374952,0.31885948377385187
0.014484928602363865,0.6302716281492308,0.880078307006351,3.719737705013152,0.3184413731193747
0.01426576650190296,0.630003867441159,0.8806660763229291,3.718663947234204,0.3180230980064399
0.014043180685960097,0.6296845462373934,0.8815960846002718,3.717583976390545,0.3176046758758018
0.013817224574062547,0.6293138928329222,0.8821689017631399,3.716497801502498,0.3171861256519241
0.013587952394592586,0.6288921726082758,0.8827357635538238,3.7154054341962794,0.3167675836406732
0.013355419171772874,0.6284196880129103,0.8832955677360665,3.7143068872339984,0.31634906100537313
0.01311968071246043,0.6278967785455069,0.8838497386279422,3.713202173016492,0.3159305376117115
0.012880793592754061,0.6273238207309177,0.8822362435716821,3.7120913108450933,0.3155133564179876
0.012638815144415812,0.6267012280933848,0.8829674172738191,3.710974358413569,0.315098031717332
0.012393803441111632,0.6260294511256782,0.8813134478519915,3.7098513439945506,0.3146838568401064
0.012145817284474265,0.625308977253712,0.8818619777867277,3.7087223239937854,0.31427160093738654
0.01189491618999091,0.6245403307961704,0.8824034447561615,3.707587321798855,0.3138592578204836
0.011641160372719924,0.6237240729186371,0.8833320037806496,3.7064463486344055,0.31344684474640283
0.011384610732839357,0.6228608015816435,0.8840457084009855,3.7052994123948197,0.313034177390924
0.011125328841031248,0.6219511514820438,0.8847523092911216,3.7041465209604514,0.3126213364320687
0.010863376923705086,0.6209957939870223,0.8848500703253195,3.7029876828541357,0.31220838233643794
0.01059881784806353,0.619995437060033,0.8831817393768053,3.701822916280704,0.3117968059998754
0.010331715107014893,0.6189508251778785,0.881470132772348,3.7006522876548367,0.3113886449608203
0.010062132803934852,0.6178627392380844,0.8819889920689097,3.6994758709080444,0.31098262516871134
0.009790135637281988,0.6167319964556887,0.8825014499029249,3.698293693531109,0.3105767311508654
0.00951578888507084,0.615559450248455,0.8807526725907937,3.697105777004191,0.31017234849061953
0.009239158389204952,0.6143459901094954,0.8790434595558454,3.6959121879631933,0.30977128188848224
0.008960310539675439,0.6130925414662051,0.8797456283632639,3.694712995696271,0.3093721146204829
0.008679312258627626,0.6118000655243193,0.8802650712738089,3.6935082258904917,0.308973166829406
0.008396230984300188,0.6104695590958671,0.8807776299827482,3.6922978936941924,0.3085743608206435
0.008111134654840087,0.6091020544096933,0.8812837346561806,3.6910820148879364,0.30817590790864047
0.007824091691997909,0.6076986189031549,0.8822076490958042,3.6898606061069206,0.3077775318051701
0.007535170984706809,0.6062603549935043,0.8830910933978144,3.688633676073701,0.3073789346888618
0.007244441872549731,0.6047883998274156,0.8814050605727913,3.6874012378224785,0.30698150629508836
0.006951974129117956,0.6032839250070108,0.8818964385640422,3.6861633488087566,0.3065861658040118
0.006657837945266088,0.6017481362906393,0.8823806813894975,3.6849200354116727,0.3061909334786275
0.006362103912266343,0.6001822732666428,0.8828603122830925,3.6836713088795685,0.3057956570480897
0.006064843004866993,0.5985876089981716,0.8812073283050504,3.6824171882015966,0.30540189296024745
0.005766126564258975,0.5969654496370984,0.8816902824074864,3.681157732190399,0.3050101089760067
0.005466026280954127,0.5953171340049609,0.880247241062574,3.6798929711702097,0.3046194949629914
0.0051646141775798324,0.593644033138794,0.880899562107339,3.6786229544946596,0.3042304857300967
0.00486196259159415,0.5919475497996145,0.8792720179674851,3.6773477072929386,0.3038425494801226
0.0045581441579248295,0.5902291179412862,0.8794542250162314,3.6760672806718504,0.30345638300582356
0.004253231791537722,0.5884902021373585,0.8799486883024966,3.674781697808175,0.30307033918905957
0.003947298669936967,0.5867322969634643,0.8804400589896023,3.673490970882269,0.3026843343768215
0.0036404182156032916,0.5849569263327612,0.8809274668292786,3.6721951112921096,0.30229843373719173
0.003332664078372698,0.5831656427818704,0.8814102825006471,3.670894132277641,0.30191270493236194
0.0030241101177607144,0.5813600267046924,0.8801036493865152,3.669588051747243,0.30152801936639073
0.0027148303852368833,0.5795416855314858,0.8809658464994731,3.6682769141048186,0.30114479324718546
0.0024048991064523264,0.5777122528505224,0.88145700273902,3.6669607391132404,0.30076158302301237
0.0020943906634262816,0.5758733874696684,0.8819460891734447,3.6656395381771634,0.3003784544911929
0.001783379576694484,0.5740267724151954,0.8803612531793696,3.6643133291844276,0.29999662742964556
0.001471940487424985,0.5721741138652,0.8808417929903414,3.6629821646771035,0.2996165443360572
0.001160148139504133,0.5703171400149964,0.8813208007108368,3.661646066581152,0.2992365759285601
0.0008480773615987802,0.5684575998719478,0.8800423732645022,3.660305051317097,0.29885754328671066
0.0005358030491976318,0.5665972619772507,0.8805424429080834,3.6589591610499865,0.2984799513706923
0.0002234001466367127,0.5647379130523251,0.8810397243448409,3.6576084166862404,0.29810247296680303
-8.905637088697693e-05,0.5628813565675511,0.8816683628874998,3.6562528295924035,0.2977250340132938
-0.0004014915153090841,0.5610294112313071,0.8821627618369636,3.654892410979935,0.29734772448054464
-0.0007138303036946592,0.5591839093973998,0.8826566911500006,3.653527172673707,0.29697049328020586
-0.0010259977762338336,0.557346695389237,0.8834660630267875,3.6521571239941464,0.29659312826919476
-0.0013379190142316704,0.5555196237393236,0.8842197274159208,3.650782272223166,0.29621569605336456
-0.001649519158088288,0.5537045573429743,0.8830213073261995,3.649402629089447,0.29583891907084914
-0.0019607234252649016,0.5519033655254301,0.8818424917149734,3.648018232339918,0.2954638791197163
-0.0022714571282312066,0.5501179220219621,0.8823775586661035,3.646629119052944,0.29508957401851754
-0.002581645692390173,0.5483501028709162,0.8807762295354454,3.6452353079979423,0.29471646304022636
-0.0028912146739752532,0.5466017842201102,0.8812982755117257,3.6438368520200006,0.2943452257432106
-0.003200089777916915,0.5448748400474647,0.8818172840338667,3.6424337719344044,0.29397389127855617
-0.003508196875672862,0.5431711397972466,0.8823347728745916,3.6410260749213252,0.2936024484773242
-0.003815462023018615,0.54149254593388,0.882720582632343,3.639613767815091,0.29323091009898294
-0.004121811477793723,0.5398409114158369,0.8832357918365632,3.6381968594694465,0.2928593798534415
-0.0044271717175996305,0.5382180770927498,0.8838643193400771,3.6367753576285256,0.29248770655886164
-0.004731469457444482,0.5366258690295187,0.8827610737603244,3.6353492713310582,0.29211646962664567
-0.005034631667331464,0.5350660957618676,0.8816671974589744,3.6339186309480813,0.291746598080954
-0.00533658558978544,0.5335405454884796,0.880120315436154,3.6324834734803737,0.29137853843416034
-0.005637258757314439,0.5320509832055611,0.8806806158736701,3.631043852753507,0.2910121608339186
-0.005936579009801548,0.5305991477903834,0.8812387130880455,3.629599786299037,0.2906456072980746
-0.006234474511822934,0.5291867490410744,0.8817951728866106,3.628151279784058,0.2902788835261568
-0.006530873769888146,0.5278154646806522,0.8806889723873791,3.626698340599877,0.28991245270533195
-0.00682570564959796,0.5264869373339869,0.8812684548353036,3.625240991156654,0.28954657477887685
-0.007118899392716502,0.5252027714870586,0.8801677287986235,3.6237792436168648,0.28918094443270714
-0.007410384634152827,0.5239645304385369,0.8807646294153652,3.6223131173663,0.2888156804240994
-0.007700091418848158,0.5227737332543179,0.8813574242828922,3.620842619028108,0.2884500702755965
-0.007987950218564854,0.5216318517362223,0.8802451676891999,3.6193677526664008,0.2880845861244857
-0.008273891948572715,0.5205403074165693,0.8808460304488402,3.6178885365688305,0.28771943534192473
-0.008557847984229141,0.5195004685907766,0.8814445978352956,3.6164049761259203,0.2873538817322017
-0.008839750177448596,0.5185136474005232,0.8821574988202024,3.6149170723173434,0.28698795334892374
-0.009119530873057904,0.5175810969802632,0.8827450320949208,3.6134248262500637,0.2866216433675307
-0.00939712292503315,0.5167040086801102,0.8833276044494385,3.611928239706235,0.2862550251526153
-0.009672459712614316,0.5158835093781583,0.8823177574029619,3.6104273200852743,0.28588908870806157
-0.009945475156294063,0.5151206588953281,0.8813525032153497,3.608922109214491,0.28552526943130696
-0.010216103733676445,0.5144164475256762,0.8818775252068475,3.6074126529368526,0.28516259583605585
-0.010484280495201947,0.5137717936948778,0.8826407837513018,3.605898963217292,0.2847996242322163
-0.010749941079735103,0.5131875417592148,0.8831990627512858,3.604381042952264,0.284436366646934
-0.011013021730010862,0.5126644599569584,0.8837513604845447,3.602858894612867,0.2840728138958212
-0.01127345930793598,0.5122032385233982,0.8844492737676791,3.601332520670281,0.28370899743696126
-0.011531191309741912,0.5118044879800953,0.8851271295346669,3.5998019265261196,0.2833450496901869
-0.0117861558809854,0.5114687376080989,0.8838893179811115,3.598267118205262,0.2829813164180118
-0.01203829183139319,0.5111964341139609,0.8844242754634725,3.5967281179412716,0.28261823736160796
-0.012287538649547526,0.5109879404963376,0.8849534019559774,3.595184936768822,0.2822549637426496
-0.012533836517408466,0.5108435351198981,0.8854753025157058,3.5936375774581397,0.28189139223575654
-0.012777126324670006,0.5107634110020564,0.884126746497889,3.5920860462390434,0.28152819406176444
-0.01301734968294623,0.5107476753168108,0.8846356179017241,3.5905303689302936,0.28116576592063325
-0.013254448939784275,0.5107963491186887,0.8831717287205558,3.588970560440113,0.28080389123144806
-0.013488367192500642,0.5109093672884716,0.8838442775651846,3.58740665153686,0.2804429860478645
-0.0137190483018375,0.5110865787010166,0.8843278003374044,3.5858386555629513,0.28008200602419925
-0.013946436905435951,0.5113277466141763,0.8848021558225052,3.5842665777645584,0.27972078434053455
-0.014170478431122614,0.5116325492764487,0.8831920950640484,3.582690427240287,0.2793603518799232
-0.014391119110006794,0.5120005807497046,0.8836454789439979,3.581110241555962,0.27900124209450755
-0.014608305989384656,0.5124313519420653,0.8840899584566921,3.5795260393633206,0.27864225257257463
-0.014821986945447691,0.5129242918447997,0.8847331937995639,3.5779378299392195,0.27828324612737887
-0.0150321106957922,0.5134787489659507,0.8851616653212919,3.576345619468366,0.2779241177989512
-0.015238626811726642,0.5140939929523666,0.8855814231447651,3.574749415667493,0.27756511713272863
-0.015441485730374595,0.5147692163908213,0.8859925945529765,3.5731492307857358,0.27720634756116935
-0.01564063876656933,0.515503536778047,0.8841810461676687,3.571545080379267,0.2768486706893216
-0.015836038124538078,0.5162959986487397,0.8845754848942482,3.5699370117455698,0.27649278560939977
-0.01602763690937295,0.5171455758499431,0.8849636102293627,3.5683250468870074,0.2761370313090597
-0.016215389138285276,0.5180511739496872,0.8856235192762242,3.5667091951042873,0.2757811824089355
-0.016399249751641344,0.5190116327673335,0.886252101304264,3.5650894577256778,0.2754249956802121
-0.01657917462377653,0.5200257290127924,0.8868636061467019,3.5634658399673573,0.2750688431804504
-0.016755120573585212,0.5210921790215769,0.8872236582391577,3.5618383525382713,0.2747129863695194
-0.016927045374883994,0.5222096415726124,0.8878321151973867,3.560207009739996,0.2743573062014157
-0.017094907766545833,0.5233767207757337,0.8889536152694676,3.5585718164,0.27400108391265315
-0.017258667462402476,0.5245919690159653,0.8892948032023188,3.556932764457877,0.2736443061741495
-0.017418285160913073,0.5258538899419141,0.8870831682204736,3.5552898686587118,0.2732892125692367
-0.01757372255459612,0.5271609414859185,0.8874064456185732,3.5536431920797535,0.2729365669084512
-0.017724942339223268,0.5285115389040318,0.8879753336445486,3.551992762541381,0.2725841540658932
-0.01787190822277211,0.5299040578243561,0.8884907822428493,3.5503385914481127,0.27223197638619784
-0.01801458493413603,0.53133683729283,0.8901986873425265,3.548680685072956,0.2718789687794617
-0.0181529382315892,0.5328081828061295,0.8904962627988848,3.5470190232200416,0.2715249702417958
-0.018286934911004363,0.5343163693219869,0.8922056951909728,3.545353607638356,0.2711703662031833
-0.018416542813821653,0.5358596442379144,0.8940190214910514,3.543684413103189,0.2708136026940824
-0.01854173083476656,0.5374362303299842,0.8964096401532632,3.54201140164521,0.2704542752473843
-0.018662468929314918,0.5390443286440639,0.8988224243855091,3.5403345230192533,0.27009191360427104
-0.01877872812090371,0.5406821213325778,0.9022337972821408,3.5386537207927296,0.2697258610676669
-0.018890480507884947,0.542347774430624,0.9024872944358308,3.536968928492843,0.2693573455239903
-0.018997699270222188,0.5440394405659524,0.902724109484506,3.5352801445330084,0.26898933147511106
-0.019100358675927145,0.5457552615980417,0.9029533429586208,3.533587386794669,0.2686218250000164
-0.019198434087235282,0.5474933711821436,0.9000399614266266,3.5318906834764667,0.26825683660246874
-0.01929190196651859,0.5492518972548762,0.9002585723470928,3.5301901235581976,0.2678954876466436
-0.019380739881934814,0.5510289644385297,0.9006569093212978,3.5284857492989303,0.26753473898553026
-0.019464926512810565,0.5528226963618728,0.9008647100169065,3.5267775735974194,0.2671742211645692
-0.019544441654758653,0.5546312178957991,0.9049988820024772,3.5250656016572077,0.26681188105180664
-0.01961926622452662,0.5564526573026951,0.9055913644337372,3.5233497673853584,0.26644628601848713
-0.019689382264576977,0.5582851482988932,0.9058711992104066,3.5216300568924996,0.2660807350500855
-0.019754772947396623,0.5601268320300368,0.9027930999785719,3.519906491329853,0.2657176472433347
-0.019815422579535606,0.5619758589595976,0.8995568495171088,3.5181791762540313,0.2653607945599672
-0.019871316605373283,0.5638303906711717,0.9001844237018705,3.5164482335007,0.2650076808938233
-0.01992244161061173,0.5656886015855178,0.9059423823344862,3.5147136790258218,0.2646516952704619
-0.01996878532549525,0.56754868059361,0.9060815456590233,3.5129754214300695,0.26429167823864286
-0.020010336627754626,0.5694088326072507,0.9066526740127624,3.511233450299938,0.2639321572174119
-0.020047085545276833,0.5712672800290238,0.9129800973033204,3.5094877606747565,0.26356952328594757
-0.020079023258498006,0.5731222641435737,0.9187413737177123,3.5077382369262904,0.2631993302720066
-0.020106142102520288,0.574972046432367,0.9236882698250216,3.5059847418220875,0.2628222803339168
-0.020128435568951296,0.5768149098142492,0.9237207124667735,3.5042271691853406,0.262441902532857
-0.020145898307466097,0.5786491598142097,0.9240292165976712,3.502465516400343,0.2620621983831652
-0.0201585261270913,0.5804731256628793,0.9240531140982108,3.500699800533145,0.2616829916820216
-0.020166315997210783,0.5822851613293347,0.9240726091360671,3.498930045329181,0.26130471668909966
-0.020169266048293128,0.5840836464898514,0.9240879886238764,3.49715627740892,0.26092736727952837
-0.02016737557234019,0.5858669874352703,0.9241027749214901,3.4953785232886294,0.26055094394573397
-0.02016064502305726,0.5876336179196353,0.9241098363752411,3.493596809519392,0.26017546576869227
-0.020149076015743648,0.5893819999527905,0.9241136352879635,3.491811163304194,0.25980097111033024
-0.020132671326905757,0.5911106245395839,0.9211422059893686,3.4900216230707484,0.2594295995472993
-0.020111434893590133,0.5928180123682806,0.9211484341699082,3.488228289621516,0.25906227439589985
-0.02008537181243878,0.594502714450801,0.9211529994046824,3.4864312092678102,0.2586958902712085
-0.02005448833846607,0.5961633127172765,0.921155006354018,3.484630408322976,0.25833040819045
-0.02001879188355751,0.5977984205674195,0.9211556451105072,3.4828259114166493,0.25796575685003886
-0.019978291014690966,0.5994066833811089,0.9278204871492488,3.481017727118089,0.2575989337518933
-0.019932995451880615,0.6009867789905131,0.9277552834681791,3.479205775696709,0.2572285001726014
-0.019882916065843897,0.6025374181160378,0.9276895086600092,3.477390052015131,0.25685898240261673
-0.01982806487539326,0.604057344768251,0.9279995032256361,3.4755705820333858,0.2564901905298826
-0.019768455044551027,0.605545336617916,0.9279320980809725,3.4737473822795772,0.25612185652831304
-0.01970410087939054,0.6070002053361281,0.9278642555331532,3.4719204761939357,0.25575460260608673
-0.019635017824602436,0.6084207969065021,0.9249297715588712,3.4700899036412136,0.2553905065490765
-0.01956122245978834,0.609805991911259,0.9218389851223048,3.468255776081719,0.2550326157947431
-0.01948273249548152,0.6111547057929725,0.9218022843287472,3.4664182152588703,0.25467892892467825
-0.01939956676889663,0.6124658890936655,0.9185947831557629,3.464577279022643,0.2543283742187653
-0.01931174523940889,0.6137385276728473,0.9185895374341904,3.4627330714397027,0.2539821199659316
-0.019219288983763776,0.6149716429060059,0.9185862686791697,3.4608856384767526,0.25363666424824777
-0.019122220191018856,0.6161642918650108,0.9185777745923903,3.459035002415329,0.2532920126305424
-0.019020562157218476,0.6173155674817561,0.9185704696559089,3.457181187168334,0.2529483192924531
-0.018914339279802638,0.6184245986963431,0.9153100826229373,3.455324228848986,0.25260774632602867
-0.01880357705175226,0.6194905505910091,0.9153394120417445,3.453464229244455,0.25227131941096964
-0.018688302055470188,0.6205126245109275,0.9120353486619297,3.451601242345334,0.2519379159581189
-0.018568541956402305,0.621490058172952,0.9124929233787857,3.449735369083044,0.2516084468419445
-0.018444325496397355,0.622422125763296,0.912551754430847,3.4478666407930274,0.25127908833135326
-0.018315682486809745,0.6233081380250889,0.9126117717273738,3.445995071467251,0.2509503273800064
-0.018182643801344017,0.6241474423366593,0.9126729120012533,3.4441206789446297,0.2506221629761249
-0.018045241368646242,0.624939422781382,0.913140875192661,3.442243479124808,0.250294277040482
-0.01790350816464061,0.6256835002098098,0.9131866738387631,3.440363478044079,0.2499664703038184
-0.017757478204615793,0.6263791322948112,0.9099208487350812,3.438480700247109,0.2496414853759577
-0.017607186535061103,0.6270258135803314,0.9066439935566339,3.4365952526728454,0.2493226257271476
-0.01745266922525601,0.6276230755243929,0.9065274685901963,3.43470725178498,0.24900764826824864
-0.01729396335861299,0.6281704865368459,0.9064384167916077,3.432816733088899,0.2486929838685157
-0.017131107023778343,0.6286676520123944,0.9065751014490372,3.430923707654895,0.24837865934570574
-0.01696413930549062,0.6291142143593094,0.907057875245725,3.429028187550369,0.2480645395885994
-0.016793100275200663,0.629509853024269,0.9039101740596419,3.4271301893370647,0.2477527209371954
-0.01661803098145485,0.6298542845136513,0.9040654189885756,3.4252298018583383,0.24744466834695938
-0.01643897344004325,0.6301472624116252,0.9039253591834691,3.423327060867963,0.24713704422864632
-0.016255970623916254,0.6303885773953016,0.9040943842258943,3.4214219790251916,0.2468297918327237
-0.016069066452871417,0.6305780572471946,0.9039502557079214,3.419514568509541,0.24652293883474824
-0.015878305783012466,0.6307155668651891,0.9041331412081829,3.417604842696293,0.24621655202731374
-0.015683734395984583,0.6308010082701837,0.9040455139551324,3.4156928145178904,0.24591050985009352
-0.015485398987986624,0.6308343206115337,0.9045236603745284,3.4137784937132043,0.24560455497130193
-0.015283347158564478,0.6308154801703922,0.9050517664750246,3.411861883939757,0.2452985060788062
-0.015077627399187296,0.6307445003610054,0.9052413273594988,3.4099429870365245,0.24499239993487903
-0.014868289081609788,0.6306214317299811,0.9054296816040448,3.408021811716635,0.2446866477744708
-0.014655382446023556,0.6304463619535169,0.9056168110494717,3.40609836844426,0.24438115739831137
-0.01443895858899886,0.6302194158325513,0.9027724104525756,3.404172676833314,0.2440778736197841
-0.014219069451222602,0.6299407552857419,0.9028341280960162,3.402244816100028,0.24377784357143417
-0.013995767805032411,0.6296105793401582,0.9028146492620693,3.4003148123308597,0.2434778026525487
-0.013769107241751389,0.6292291241195288,0.9001125200092868,3.3983826809187896,0.2431798706663683
-0.013539142158826793,0.6287966628298608,0.8974606062513442,3.3964485084241005,0.24288703598417433
-0.013305927746774608,0.6283135057421928,0.8948828151400082,3.3945123988174206,0.24259906465670722
-0.013069519975934175,0.6277800001722172,0.8951464819047119,3.392574442039513,0.2423140429817178
-0.012829975583035787,0.627196530456463,0.8956292487692236,3.390634665132776,0.24202920278885048
-0.012587352057583927,0.6265635179246901,0.8931605101628572,3.3886930817544743,0.241746176695647
-0.012341707628059903,0.6258814208681105,0.8934323431871072,3.3867497596183784,0.24146598570463118
-0.012093101247947827,0.6251507345029875,0.8910900919381142,3.3848047326922295,0.24118761962341884
-0.011841592581585495,0.6243719909291543,0.8913770499129912,3.3828580636737002,0.24091185530366407
-0.011587241989845521,0.623545759082899,0.891659780800108,3.3809097779028034,0.24063644284386207
-0.011330110515649023,0.6226726446836655,0.8921136218227402,3.3789598847273496,0.2403612286176016
-0.011070259869315539,0.6217532901739251,0.8923898835479912,3.37700838860742,0.24008606885197936
-0.010807752413752874,0.6207883746515451,0.8926633599853379,3.3750552962834544,0.2398111563244615
-0.010542651149490182,0.6197786137939291,0.8929383241968621,3.3731006166965605,0.23953656617408373
-0.010275019699558453,0.6187247597731109,0.8908142737202563,3.3711443656050597,0.23926356151894643
-0.010004922294220944,0.6176276011609807,0.891110031853504,3.3691865977579654,0.23899283916932176
-0.009732423755558392,0.616487962823708,0.8914035686200468,3.3672273359332503,0.23872245547980966
-0.009457589481912129,0.6153067058043895,0.8894684515547684,3.3652665952498997,0.2384535310506625
-0.00918048543218842,0.6140847271928722,0.8897884915072565,3.363304424763555,0.23818658731377265
-0.008901178110029167,0.6128229599816528,0.888037887036977,3.3613408486865133,0.23792090389315104
-0.008619734547850916,0.6115223729066352,0.8864544260681797,3.3593759139779187,0.23765774484635707
-0.00833622229075767,0.6101839702715276,0.8868377020335757,3.3574096651700467,0.23739597455224945
-0.008050709380330123,0.6088087917545009,0.8872210822161863,3.3554421161235015,0.23713436142077357
-0.007763264338296279,0.607397912195726,0.8877038721440897,3.353473272136026,0.23687279455133675
-0.007473956150086509,0.6059524413642792,0.888084713287136,3.351503136424071,0.23661132696053055
-0.007182854248277172,0.6044735237028444,0.8884625162696872,3.34953171331419,0.2363498665614323
-0.006890028495927391,0.6029623380485558,0.8889958802446224,3.347559004778292,0.23608834951383204
-0.006595549169812048,0.6014200973282369,0.8893698855231641,3.345585011457358,0.23582674719941196
-0.006299486943555999,0.5998480482262052,0.8897454519659699,3.343609734562885,0.23556503930476771
-0.006001912870672212,0.5982474708227414,0.8901207526001863,3.341633174546139,0.23530329167261255
-0.005702898367509949,0.5966196782012125,0.8904953897799057,3.339655335901965,0.23504174374428125
-0.005402515196114471,0.5949660160217923,0.8908710567542208,3.3376762238905227,0.23478024165263228
-0.005100835447005148,0.5932878620595913,0.8912457535736757,3.335695841497551,0.23451876194831708
-0.004797931521873538,0.5915866257049781,0.89162134792838,3.333714192675825,0.23425738510486696
-0.004493876116207758,0.589863747423771,0.892134374640019,3.3317312809762702,0.23399599703488588
-0.0041887422018456275,0.588120698174902,0.8920681656514906,3.329747107474579,0.2337344734674524
-0.0038826030094619036,0.5863589787831176,0.8920795611011478,3.3277616704086626,0.23347263856814607
-0.0035755320109930933,0.5845801192641826,0.8925986235893848,3.325774965373403,0.2332105241620242
-0.0032676029020050562,0.5827856781000358,0.8930195410056532,3.3237869916235616,0.23294828349121638
-0.0029588895840057007,0.5809772414612762,0.8934396364445267,3.321797748021688,0.23268581862407967
-0.0026494661467094177,0.5791564223743394,0.8938576133217085,3.3198072326966455,0.23242313264824382
-0.0023394068502559603,0.5773248598307025,0.8942801707530866,3.31781544434392,0.23216029450339873
-0.002028786107388113,0.5754842178354294,0.8941757831903814,3.315822382647589,0.23189730059543046
-0.0017176784655931491,0.5736361843924077,0.8946201148100419,3.3138280462751424,0.23163408383931722
-0.001406158589211668,0.5717824704236212,0.8950640600910507,3.3118324326232287,0.2313705633828729
-0.0010943012415186412,0.5699248086198633,0.8955079126441629,3.309835537038895,0.23110662102537963
-0.0007821812667805717,0.5680649522203468,0.8959518116438389,3.307837354442808,0.23084237950417688
-0.00046987357229319324,0.5662046737187764,0.8964009003466392,3.305837881734147,0.23057784248614047
-0.00015745311040397258,0.5643457634935203,0.896849902183579,3.3038371155640065,0.23031301001701707
0.00015500513947588822,0.5624900283597027,0.8973522951514739,3.3018350542499872,0.23004809291511738
0.0004674261888662592,0.560639290041159,0.8977996667906909,3.2998316983035707,0.22978295507958071
0.000779735058214942,0.5587953835604254,0.8972772359955873,3.2978270444269118,0.2295174525672419
0.0010918567948925296,0.55696015554515,0.8967823179506111,3.2958210856509105,0.22925139305398348
0.0014037164911803758,0.555135462449564,0.8962888030000803,3.293813812495412,0.2289846160625298
0.0017152393022483747,0.5533231686899719,0.8967746847557369,3.2918052107325138,0.2287170753010962
0.0020263504641172708,0.5515251446935235,0.8973094737743514,3.2897952736912384,0.22844926907559351
0.0023369753116015742,0.5497432648599347,0.896542515345885,3.2877840040479085,0.2281819985434105
0.0026470392962289705,0.5479794054361926,0.8958273070581565,3.285771426270988,0.22791603175261937
0.0029564680041315123,0.5462354423047625,0.895042055707001,3.283757567079186,0.22765124426043803
0.0032651871739046595,0.5445132486862683,0.8943053650631423,3.2817424550803316,0.2273878482102924
0.0035731227144294654,0.5428146927581644,0.8936150869340884,3.2797261197126706,0.22712574880243291
0.0038802007226544687,0.5411416351914428,0.8941623939994824,3.277708585125382,0.2268641972816934
0.004186347501331654,0.5394959266080382,0.8941227611344011,3.275689848853645,0.22660168772175646
0.0044914895767037485,0.5378794049621933,0.8935771507174781,3.273669888679663,0.22633848867700837
0.0047955537161373995,0.5362938928497046,0.8941342879866533,3.2716487122369835,0.2260756342333099
0.005098466945698666,0.5347411947496415,0.8941235093403762,3.2696263139292165,0.2258117206905814
0.005400156567666537,0.5332230942038234,0.8940279790191383,3.2676026668412903,0.22554617846417788
0.005700550177979929,0.5317413509400392,0.8946278766080373,3.2655777444071648,0.22527961836508345
0.0059995756836142685,0.5302976979457271,0.8951739124199333,3.2635515406989692,0.22501294919217718
0.00629716131988359,0.528893838499532,0.8956978589006089,3.261524056545899,0.22474619809305396
0.006593235667663652,0.5275314431688771,0.8945110041371129,3.2594952968236135,0.22448017911017248
0.006887727670532232,0.526212146782386,0.8933830341866802,3.2574652947906246,0.22421610768435699
0.007180566651822238,0.524937545386665,0.8938933153101991,3.255434088592382,0.2239532005686722
0.007471682331583886,0.5237091931976023,0.8943537540507672,3.2534016861226465,0.22369012801067986
0.0077610048434513515,0.522528599556941,0.8947610258147165,3.2513680868342516,0.2234269200613812
0.008048464751410671,0.5213972259054486,0.8953037243349384,3.249333290504134,0.22316352620857052
0.00833399306646376,0.5203164827844917,0.8956660333039281,3.2472972932624335,0.22289979737990026
0.008617521263185617,0.5192877268782533,0.8956774502795033,3.2452600897837813,0.22263527634456579
0.008898981296170028,0.5183122581091939,0.8961977185516441,3.2432216567937853,0.22236954942700504
0.009178305616360122,0.5173913167995987,0.8967106365200324,3.2411819837310807,0.2221034670872032
0.009455427187259837,0.5165260809122441,0.8972159065901919,3.2391410666896934,0.22183709113316333
0.009730279501022442,0.5157176633832771,0.8961752974524684,3.237098906285685,0.22157124711151724
0.010002796594411964,0.5149671095603585,0.8951986313004978,3.2350555323849792,0.2213071640298926
0.010272913064634116,0.5142753947589773,0.8942862669800489,3.233010981554198,0.22104474404483698
0.01054056408503265,0.5136434219495758,0.8934387942000342,3.230965288289547,0.22078386171482853
0.01080568542064745,0.5130720195877341,0.8937752284537801,3.2289184808227374,0.22052376630597859
0.011068213443630626,0.5125619395991758,0.8943417381956716,3.2268705641669295,0.22026340634824257
0.01132808514851681,0.5121138555307165,0.8932935129553179,3.224821538102976,0.22000358607959355
0.011585238167344305,0.511728360877562,0.8938679552091001,3.222771428338506,0.21974465371494953
0.01183961078462294,0.5114059675965199,0.8928962442415821,3.220720240404279,0.21948609193549287
0.012091141952145626,0.5111471048137325,0.8931819874782987,3.21866799882752,0.21922858255677646
0.012339771303639556,0.5109521177345167,0.8934154132901386,3.216614713523641,0.21897120043065907
0.012585439169253832,0.5108212667617735,0.8922292260233733,3.2145603927206965,0.2187146756480011
0.012828086589879972,0.5107547268282308,0.892819469849597,3.2125050672723705,0.21845925216566722
0.013067655331301768,0.510752586946531,0.8932238163843501,3.21044873620864,0.2182025667888107
0.013304087898171259,0.5108148499798947,0.8937966880027105,3.2083913651777043,0.21794426547472176
0.013537327547807324,0.5109414326347398,0.893991791281492,3.2063329356727834,0.21768487931053007
0.013767318303813628,0.5111321656752994,0.8939663515616226,3.204273419235156,0.21742387957650486
0.01399400496951275,0.5113867943589487,0.8926564449314343,3.2022127973143335,0.21716303488037508
0.01421733314119308,0.5117049790895966,0.8924487213043373,3.2001510976750924,0.21690327123504827
0.014437249221165361,0.512086296285223,0.8929803456847922,3.1980883198532006,0.21664284284156765
0.014653700430626113,0.5125302394543684,0.8935059396505597,3.1960244566728853,0.21638206006261299
0.014866634822324063,0.5130362204751928,0.8937549005703719,3.193959504204645,0.21612109487256823
0.015076001293027302,0.5136035710696012,0.8942712651843283,3.191893462061494,0.2158599574200324
0.015281749595787885,0.5142315444638788,0.8947803446451821,3.189826328198287,0.2155986037464562
0.015483830352000755,0.5149193172263347,0.8952837329146126,3.187758099908549,0.21533698913610533
0.015682195063254488,0.515665991271617,0.894742223360426,3.1856887753169443,0.21507529623526156
0.01587679612297054,0.5164705960205932,0.8949693170119606,3.1836183574211887,0.21481365267653682
0.016067586827828696,0.5173320907041011,0.8941935619055731,3.1815468502821416,0.21455233428617598
0.016254521388975634,0.5182493667983282,0.8947457620339336,3.1794742670826857,0.21429146979452796
0.016437554943014035,0.5192212505792153,0.893752015071048,3.1774006158200843,0.21403122329006105
0.01661664356276945,0.5202465057829877,0.894222099683988,3.1753259195526287,0.2137718100501317
0.016791744267832906,0.5213238363597704,0.8946875296337767,3.1732501845527965,0.21351231138515184
0.016962815034875598,0.5224518893071859,0.8934510793136864,3.171173415855676,0.21325364913492778
0.017129814807734685,0.523629257570906,0.8939139331673622,3.1690956459038597,0.2129962701829519
0.01729270350726626,0.5248544829992909,0.8924767277069912,3.167016889740066,0.21273990131121676
0.017451442040964386,0.5261260593394964,0.8930979165390128,3.164937184140514,0.21248492388322016
0.017605992312342895,0.5274424352627898,0.8935578699044577,3.1628565378569995,0.21222983638186382
0.017756317230078554,0.5288020174072302,0.8940127855017685,3.160774951699231,0.21197472896006989
0.017902380716912702,0.5302031734263603,0.8944618735664421,3.1586924278062254,0.2117196374898969
0.01804414771830964,0.5316442350331099,0.8928446406067698,3.156608973489173,0.2114656823790446
0.018181584210869534,0.533123501028714,0.8910863937222612,3.154524638067033,0.21121485230327905
0.01831465721049387,0.5346392403070944,0.8892202264627813,3.152439490451599,0.2109675525762902
0.01844333478030156,0.536189694825822,0.8896876385108606,3.1503535969429275,0.2107224333205167
0.01856758603829347,0.5377730825354702,0.8877421337169642,3.1482669812382476,0.21047883308033294
0.018687381164764153,0.5393876002599068,0.8859818243760581,3.1461797036421433,0.21023868987169075
0.018802691409458283,0.541031426520744,0.886458530877897,3.1440918229730292,0.21000044551454508
0.018913489098470657,0.5427027242999307,0.88472571367299,3.1420033600306527,0.20976333862102392
0.019019747640887784,0.544399643735139,0.8851878514490222,3.1399143536578467,0.2095278115316608
0.019121441535169478,0.5461203247433226,0.8856514178026924,3.1378248147906556,0.20929223514420622
0.019218546375269284,0.5478628995684713,0.8861104817305221,3.135734744222439,0.20905669855661713
0.019311038856491793,0.5496254952502586,0.8865797394662235,3.1336441435130644,0.2088210679847123
0.019398896781085338,0.5514062360108891,0.8870302746645696,3.1315530094579245,0.20858527533933066
0.01948209906356987,0.5532032455580523,0.8876979234363545,3.129461341712832,0.20834931909915183
0.019560625735796946,0.555014649302433,0.8860934775228608,3.12736914024309,0.20811412297668835
0.0196344579517422,0.5568385764887707,0.8867570794221562,3.1252764404353552,0.2078804051166142
0.01970357799202815,0.5586731622399331,0.8871897279853942,3.123183249521179,0.20764649904169152
0.019767969268177005,0.5605165495139147,0.8876186448626282,3.1210895678222275,0.2074126411550107
0.019827616326591514,0.5623668909740946,0.8856052831814538,3.118995404718414,0.20718032948424842
0.019882504852263925,0.5642223507734461,0.886041942420797,3.116900814708821,0.2069503248771403
0.019932621672211687,0.5660811062537271,0.8840440009254308,3.1148058226797324,0.20672192268593392
0.019977954758638478,0.5679413495610052,0.8820870100970127,3.1127104913876633,0.20649732092601386
0.020018493231821304,0.5698012891790826,0.8825433897516948,3.11061488818112,0.20627491667503764
0.020054227362720983,0.5716591513826746,0.8829938626515663,3.108519028486575,0.20605252244011074
0.02008514857531778,0.5735131816123552,0.8835132514169445,3.1064229122904647,0.20583000896855233
0.020111249448669124,0.5753616457734575,0.8839539678069552,3.104326536522824,0.20560738515999635
0.02013252371869058,0.5772028314612762,0.8820810012143897,3.1022299082662776,0.20538611539787024
0.02014896627965955,0.5790350491149956,0.882527199391648,3.100133075004345,0.20516685876183427
0.020160573185440286,0.5808566331028955,0.8829669424507904,3.0980360502784507,0.20494761145437582
0.020167341650431193,0.5826659427414177,0.8834025183319589,3.0959388351699397,0.2047283774076665
0.020169270050232984,0.5844613632507403,0.8816490561158032,3.0938414366576157,0.20451042491568092
0.020166357922039167,0.5862413066495197,0.882160147753638,3.09174389851613,0.2042942577814217
0.020158605964746487,0.5880042125914874,0.8825960845045607,3.089646230553737,0.20407797654066193
0.020146016038787365,0.5897485491465508,0.880958150830883,3.087548438192856,0.20386279935079804
0.020128591165683753,0.5914728135290622,0.8796947959418893,3.0854505634505736,0.2036499843015545
0.020106335527321443,0.5931755327758507,0.8801286695897238,3.0833526424862936,0.20343826477906388
0.020079254464946857,0.594855264376609,0.8805574220331519,3.0812546837295574,0.20322661432019024
0.02004735447788495,0.5965105968591291,0.8809805007150034,3.079156689083577,0.20301507810754468
0.02001064322197956,0.5981401503318728,0.8809006104458603,3.077058659812592,0.20280349908868903
0.01996912950775576,0.5997425769862358,0.8799550311849286,3.074960595073915,0.20259214838213016
0.01992282329830581,0.601316561560858,0.8803615616307332,3.0728625062740162,0.20238130557641948
0.019871735706897663,0.6028608217702097,0.8807630515321327,3.07076439873099,0.20217065591479713
0.019815878994308016,0.6043741086996129,0.8811592810740828,3.0686662759388663,0.20196017053060253
0.01975526656587972,0.605855207168795,0.8815491179110017,3.0665681413247716,0.20174983639957783
0.01968991296830475,0.6073029360659756,0.8819334895729718,3.06446999722263,0.2015395940332211
0.019619833886132653,0.6087161486543845,0.8803057228502073,3.062371850758096,0.2013304476258971
0.019545046138006995,0.6100937328530764,0.880697081304556,3.0602737383634993,0.2011229013255027
0.01946556767262817,0.6114346114937537,0.8812656828515254,3.058175671846344,0.20091536588742726
0.019381417564446394,0.6127377425552893,0.8797881348403266,3.0560776542002497,0.20070860629658233
0.019292616009083684,0.6140021193775144,0.8801877648690358,3.0539797135726436,0.20050307719176577
0.01919918431848703,0.6152267708557764,0.8797287190389366,3.051881859037306,0.2002976879554847
0.01910114491581383,0.6164107616176943,0.8803042810633145,3.049784095010916,0.2000924963559515
0.01899852133004989,0.6175531921834329,0.8808414194993796,3.047686421735851,0.19988719797084895
0.018891338190363396,0.6186531991107809,0.8806975010460423,3.0455888366645376,0.19968178752426866
0.01877962122019331,0.6197099551262157,0.8810563468269492,3.0434913373831085,0.1994763471739362
0.018663397231076097,0.6207226692430707,0.8814110427117908,3.0413939261640204,0.19927108859457945
0.018542694116211393,0.6216905868678686,0.8816367256486967,3.0392966052510504,0.19906573103600766
0.018417540843767215,0.6226129898957818,0.8798633002605057,3.037199371192867,0.1988610021206952
0.018287967449928468,0.6234891967961653,0.8799876669399955,3.035102258051916,0.19865774376845294
0.018154005031687397,0.6243185626889955,0.8803307897458953,3.033005269932548,0.19845423397874867
0.01801568573938149,0.6251004794130239,0.8785395493094689,3.030908412124048,0.19825182407604083
0.01787304276897691,0.6258343755863781,0.8788983586150372,3.0288117196604833,0.19805100092244107
0.017726110354101817,0.6265197166603038,0.8794943117979086,3.0267152059104765,0.19785025406374618
0.017574923757830527,0.627156004966662,0.8798430779095799,3.0246188665741482,0.19764921548834277
0.017419519264220366,0.6277427797597742,0.8803998012736105,3.0225226986529976,0.19744813099966066
0.01725993416960387,0.628279617253143,0.8807409756077809,3.020426700837071,0.19724703215288644
0.017096206773637736,0.6287661306515259,0.8810794072891782,3.018330872948071,0.19704593381694108
0.01692837637011102,0.6292019701788037,0.8814152863910477,3.016235214343497,0.19684480962530143
0.01675648323751488,0.62958682310204,0.8817489459434528,3.0141397239493584,0.19664367082386422
0.016580568629376142,0.6299204137520723,0.8820803511235008,3.01204440265033,0.1964426111075394
0.01640067476435643,0.6302025035409675,0.8824094156067616,3.009949250248556,0.1962415303739584
0.01621684481611955,0.6304328909765766,0.8830136560780131,3.0078542669212283,0.19604046079032536
0.01602912290297086,0.6306114116744623,0.8833338195934731,3.0057594517554196,0.19583942173091498
0.015837554077268366,0.630737938367357,0.8836520820692543,3.0036648066453484,0.19563851389399275
0.01564218431461064,0.6308123809123375,0.8841606554289755,3.001570333081878,0.19543766461852657
0.015443060502802999,0.6308346862958142,0.8847442949203247,2.9994760334595,0.19523699731152658
0.015240230430604258,0.6308048386364391,0.8857222928882715,2.9973819058060602,0.19503579731093074
0.015033742776258295,0.6307228591859684,0.8840633339226808,2.9952879358638453,0.19483450027558846
0.014823647095810917,0.6305888063281072,0.8824997011095552,2.993194143042176,0.19463467582900207
0.014609993811217033,0.6304027755753036,0.8810270507987144,2.991100553588145,0.19443604057123848
0.014392834198239156,0.6301648995634497,0.8825645806975255,2.989007183245015,0.1942374123562765
0.014172220374142199,0.6298753480443828,0.8810111915036356,2.986914017978916,0.1940383980924678
0.013948205285184782,0.629534327876084,0.8795251903601916,2.984821069356365,0.1938404734084091
0.013720842693913052,0.6291420830103847,0.8780957649128434,2.9827283589161246,0.1936435565888272
0.013490187166257498,0.6286988944779996,0.8788313260106052,2.9806358998174884,0.1934469261784086
0.013256294058437675,0.628205080370648,0.8792523790428237,2.9785436914471997,0.19325018793647905
0.013019219503676514,0.6276609958199675,0.87968416569359,2.976451731207879,0.1930532845240062
0.012779020398729314,0.6270670329729382,0.8802861093751088,2.9743600148554936,0.19285622292118762
0.012535754390228195,0.6264236209634242,0.8809965799332591,2.972268538624051,0.1926589680315263
0.012289479860847519,0.6257312258794581,0.883762623294502,2.970177293327868,0.1924605718293137
0.012040255915292113,0.6249903507258098,0.8823064106817174,2.968086242682098,0.19226087984581577
0.011788142366112649,0.6242015353813596,0.8808562622298423,2.965995387946548,0.19206197447361648
0.011533199719350753,0.6233653565507317,0.8813087726869973,2.9639047427753176,0.1918634861498397
0.011275489160017768,0.6224824277096033,0.8798597543874923,2.961814309500234,0.19166528097740698
0.011015072537410978,0.6215533990430531,0.8783860553873591,2.9597241017112803,0.19146798973533727
0.010752012350269713,0.6205789573762588,0.8768783334784384,2.957634138778512,0.19127178766129288
0.010486371731776132,0.6195598260967872,0.8773839680719783,2.9555444401868503,0.19107615714457651
0.010218214434403598,0.6184967650676902,0.8758386087357388,2.9534550081329,0.19088084962071367
0.009947604814616262,0.6173905705305215,0.8801201701485344,2.951365850631065,0.1906846794552455
0.009674607817423884,0.6162420749973568,0.8784491366260264,2.949276918053287,0.19048667611593426
0.009399288960795421,0.6150521471308302,0.8767076355729261,2.9471882191299192,0.1902903245595741
0.009121714319934634,0.6138216916111098,0.8748973283830839,2.9450997890178208,0.19009591992960664
0.00884195051142324,0.6125516489887011,0.875406839427499,2.9430116649645113,0.18990279822146008
0.008560064677232164,0.6112429955218646,0.8759137781162065,2.9409238536808084,0.1897096050692432
0.00827612446860856,0.6098967429973744,0.8764136908117418,2.9388363524163843,0.18951627145430133
0.007990198029839527,0.6085139385332686,0.8769051763723026,2.9367491585368617,0.18932289913141967
0.007702353981897877,0.6070956643621542,0.8773931842974216,2.934662271073557,0.18912947893011606
0.007412661405973439,0.6056430375935634,0.8754847320110987,2.932575692317921,0.18893695267995503
0.0071211898268937895,0.6041572099537591,0.8735051615914865,2.930489461398808,0.18874703970805007
0.006828009196438777,0.6026393675013224,0.8800021858410328,2.9284036156736244,0.1885565897702749
0.006533189876552508,0.6010907303167528,0.8779143010758429,2.9263180939635896,0.18836404305490956
0.00623680262245649,0.5995125521642476,0.8788844785954862,2.92423291616473,0.1881731754973202
0.005938918565668949,0.5979061201237209,0.8767387163276437,2.922148093993167,0.18798340962654095
0.005639609196933665,0.5962727541910555,0.8849331040475341,2.9200636602082666,0.1877931265362726
0.005338946349062368,0.5946138068444896,0.8852917056871256,2.91797953873542,0.18759908333046316
0.005037002179695332,0.5929306625749599,0.8856449885915454,2.9158957058849024,0.18740516956764458
0.0047338491539837485,0.5912247373781461,0.8859929038366748,2.913812162703632,0.18721134466920597
0.00442956002719873,0.5894974782058858,0.8863360413349415,2.9117289118855094,0.1870177037927419
0.004124207827269967,0.587750362374561,0.8869404637559823,2.909645954557093,0.18682399349914058
0.003817865837259695,0.5859848969279764,0.8872748390252803,2.9075632864710896,0.1866301468320065
0.0035106075777750485,0.584202617952222,0.887380673598009,2.9054809070170293,0.18643629306223652
0.003202506789323389,0.5824050898399283,0.8877065868213098,2.9033988134402593,0.18624235369612396
0.0028936374146149744,0.5805939045012983,0.8885912248048402,2.9013170052314114,0.18604835054136692
0.002584073580817103,0.5787706805192748,0.8894386473570007,2.899235477562933,0.18585406268191712
0.0022738895817639862,0.576937062246157,0.8897508632877346,2.8971542246461057,0.18565965229868756
0.0019631598601264058,0.5750947188390139,0.8972595040495996,2.89507323493058,0.1854630101243808
0.0016519589895459717,0.5732453432312112,0.9028202301207312,2.89299241949147,0.1852610744800341
0.001340361656737823,0.5713906510374325,0.902927656121115,2.890911688716711,0.18505626903442246
0.0010284426435661787,0.569532379389587,0.9033736665353594,2.8888310243700137,0.18485156481119036
0.0007162768090968338,0.5676722857011058,0.9040010377983719,2.8867504254447556,0.18464662006944488
0.0004039390716315674,0.565812146357182,0.9020805914425791,2.8846698932155355,0.18444292378308322
9.150439072821404e-05,0.5639537553286421,0.9034343577869481,2.8825894751334404,0.18424097564662834
-0.00022095225078961722,0.5620989227072848,0.9036233249696497,2.8805091708288875,0.1840385471693546
-0.0005333558648278426,0.5602494731606827,0.9038099206684683,2.8784289819364353,0.18383643332675725
-0.0008456314760186451,0.558407244304662,0.9017220026576582,2.8763489209788733,0.18363606839457247
-0.0011577041397143036,0.5565740849918814,0.8995261067854782,2.874269053214772,0.183439780586382
-0.0014694989599736302,0.5547518535152404,0.8972567318366444,2.8721894599819846,0.1832475807170183
-0.001780941107536329,0.5529424157251077,0.8974484592878295,2.870110216097258,0.18305806813139447
-0.0020919558377820546,0.5511476430597391,0.8979215053488203,2.868031342616994,0.18286869723250399
-0.002402468508668414,0.5493694104886152,0.8983145524017744,2.8659528356762696,0.18267890175022264
-0.00271240459864495,0.5476095943688275,0.898517104430653,2.863874685114967,0.1824888522376207
-0.0030216897245378387,0.5458700702151383,0.8989440338594352,2.861796891360192,0.18229880937237314
-0.0033302496594014444,0.5441527103847857,0.8991546614208296,2.8597194474235534,0.18210848928222254
-0.0036380103503325643,0.5424593816786623,0.899603290383956,2.857642352649804,0.18191806935267693
-0.003944897936242713,0.5407919428610481,0.8974670963872682,2.8555656050463587,0.18172869934883495
-0.004250838765584409,0.5391522421006688,0.8952930548237151,2.853489259549577,0.1815429509292533
-0.004555759414027089,0.537542114336489,0.8959985923270417,2.851413379611794,0.18135926603794295
-0.004859586702078883,0.5359633785723074,0.8962333368189821,2.849337975499731,0.18117550818061118
-0.005162247712649089,0.5344178351048677,0.8964698447146568,2.8472630497567275,0.18099206518861036
-0.005463669808547947,0.5329072626909406,0.8967033034953231,2.8451886053927584,0.1808086659126928
-0.005763780649919374,0.5314334156595069,0.8971416744055282,2.843114639993254,0.18062493297378696
-0.006062508211602016,0.5299980209759048,0.8973816148927188,2.8410411400950832,0.1804406644456693
-0.006359780800415019,0.5286027752655074,0.8978475149105348,2.838968099465907,0.18025597258453813
-0.0066555270723640415,0.5272493418052355,0.8980952739556846,2.8368955013799813,0.1800706158966321
-0.006949676049763461,0.5259393474918578,0.8983419302345754,2.83482334311626,0.17988545664720829
-0.00724215713827064,0.5246743797967537,0.8987554162603757,2.8327516242205037,0.17969996198077576
-0.007532900143828317,0.5234559837174061,0.8990065846653146,2.830680331114094,0.17951391928847263
-0.00782183528951078,0.5222856587365217,0.8996915892293958,2.828609457549428,0.17932761684447565
-0.008108893232270034,0.5211648558001966,0.8999401878513863,2.8265389954409916,0.1791410078165795
-0.00839400507957774,0.5200949743270317,0.9001872272747151,2.8244689410241706,0.17895434110801917
-0.008677102405959113,0.5190773592605379,0.90052113241927,2.822399291062284,0.17876731022336073
-0.008958117269414761,0.5181132981774602,0.9007736484895268,2.8203300323028824,0.1785797460569663
-0.009236982227726388,0.5172040184649412,0.9010181164986142,2.818261160292572,0.17839217468099758
-0.009513630354642585,0.5163506845795586,0.901266465721753,2.816192674163956,0.17820459478508316
-0.009787995255940861,0.5155543954013385,0.9017396789372554,2.8141245716594843,0.17801681254173096
-0.010060011085361918,0.5148161816957734,0.9020738640238085,2.8120568447087178,0.1778284411789962
-0.010329612560412442,0.5141370036967043,0.9001077202906007,2.809989483118615,0.17764058231657093
-0.010596734978032516,0.5135177488226363,0.9003724973941131,2.807922519962871,0.17745425116723276
-0.010861314230124186,0.5129592295386427,0.8982941012956449,2.8058559672866887,0.1772689215875243
-0.011123286818936965,0.5124621813754898,0.8985728773388473,2.8037898621292365,0.1770849691552019
-0.011382589872307048,0.5120272611169668,0.8988071557547718,2.8017242027444373,0.1769005115186028
-0.011639161158746369,0.5116550451656614,0.8990386394740832,2.7996589843974675,0.1767158272777649
-0.011892939102377726,0.5113460280965404,0.8995099954716793,2.7975941956892347,0.17653057061114658
-0.012143862797712873,0.5111006214067494,0.8997378110772625,2.7955298290538932,0.17634518259584914
-0.012391872024269385,0.5109191524689737,0.899961460064344,2.793465883738475,0.1761598597209762
-0.012636907261023386,0.5108018636945854,0.8999542468194653,2.7914023587871584,0.17597441398458752
-0.012878909700694276,0.5107489119115698,0.9001792191634375,2.7893392496596032,0.17578885553928328
-0.013117821263858197,0.510760367960994,0.9008316094580876,2.7872765551146013,0.17560320689384182
-0.013353584612886816,0.5108362165144442,0.9010487142749175,2.7852142701435127,0.17541740426064134
-0.013586143165708067,0.5109763561135376,0.9012603110390225,2.7831523952177735,0.1752318139963422
-0.013815441109385571,0.5111805994312889,0.9014668791858507,2.781090934259259,0.17504645568676735
-0.014041423413513584,0.5114486737537148,0.9016686030889297,2.779029889875329,0.1748612191013005
-0.014264035843423792,0.5117802216788025,0.9021166819352583,2.7769692633996312,0.17467601865447577
-0.014483224973201692,0.5121748020286223,0.9023121530367986,2.7749090529904707,0.17449080474372652
-0.014698938198508213,0.5126318909691372,0.902503080932725,2.772849259669252,0.17430572393956403
-0.014911123749204802,0.513150883331102,0.9026889448762571,2.7707898854565705,0.17412078651331653
-0.015119730701777783,0.5137310941242976,0.902870279729785,2.768730931821433,0.17393597553774034
-0.015324708991559887,0.5143717602363446,0.9030479283514316,2.766672401208962,0.17375132204696334
-0.015526009424745548,0.5150720423064206,0.9007091678988339,2.764614302773266,0.17356829965037665
-0.015723583690197086,0.5158310267633488,0.9008708746263021,2.7625566917270827,0.1733877344309567
-0.015917384371039105,0.5166477280168424,0.9010272391626412,2.7604995856476324,0.17320732252871718
-0.016107364956038584,0.517521090790071,0.901180805910346,2.7584429873461644,0.17302717321967925
-0.016293479850766953,0.5184499925812217,0.9013309897270402,2.756386902543789,0.17284738203488018
-0.016475684388542983,0.5194332462413832,0.9014789602916584,2.7543313361714903,0.17266786457324287
-0.016653934841152192,0.5204696026558152,0.9016215136101952,2.7522762928828812,0.1724886240736665
-0.016828188429341553,0.5215577535155332,0.9017626477089289,2.7502217773897244,0.17230970152427505
-0.016998403333086363,0.5226963341661188,0.9019006501125807,2.748167795353678,0.17213111375979825
-0.017164538701626823,0.5238839265207534,0.9020354331466715,2.7461143527568477,0.17195291671501936
-0.017326554663271935,0.5251190620246474,0.899426094889099,2.7440614650473356,0.17177685574143167
-0.017484412334968617,0.5264002246583223,0.8995497033745979,2.7420092003404557,0.17160380937692699
-0.017638073831633405,0.5277258539675622,0.8996705715984388,2.739957582585,0.17143116586898674
-0.01778750227524473,0.5290943481082889,0.8997819015541288,2.737906618492986,0.17125891772468113
-0.01793266180369336,0.5305040668951224,0.8998971240184727,2.735856314503124,0.17108703326967167
-0.018073517579389343,0.5319533348429523,0.9000096332644573,2.733806675400402,0.1709154169636461
-0.018210035797622568,0.5334404441914468,0.9001118991433865,2.7317577064356455,0.1707442226042436
-0.01834218369467601,0.5349636579030996,0.9003916262921549,2.729709414520209,0.17057325771595402
-0.01846992955568868,0.5365212126260642,0.9004964368273038,2.7276617988560425,0.17040237419253582
-0.01859324272226722,0.5381113216137562,0.9005990877124043,2.725614864031999,0.17023186908629837
-0.018712093599843476,0.5397321775938886,0.8978216976981017,2.7235686247389213,0.17006358525275111
-0.01882645366477743,0.5413819555803527,0.8982514725608848,2.721523153303762,0.16989841129756467
-0.01893629547120241,0.5430588156220403,0.8983543089943598,2.7194784678702315,0.16973327712509131
-0.019041592657612086,0.544760905483435,0.8989162120856208,2.7174345714554837,0.1695683544542484
-0.019142319953187305,0.5464863632524792,0.8990132315546596,2.7153914629704206,0.16940346568697812
-0.019238453183860478,0.5482333198718842,0.8995240461598133,2.713349144756741,0.16923872721488945
-0.01932996927811778,0.5499999015907187,0.8996195590593636,2.711307614196905,0.1690739387919388
-0.019416846272535912,0.5517842323337011,0.8994261724247452,2.709266872800879,0.1689093977721995
-0.019499063317053134,0.5535844359862334,0.8966912473901856,2.7072269323518126,0.16874691493952854
-0.01957660067997357,0.5553986385937284,0.8939447407583547,2.7051878706426193,0.16858936120983942
-0.019649439752702214,0.5572249704743412,0.8940698506678791,2.7031497745376614,0.16843484658784594
-0.019717563054211285,0.5590615682446537,0.891368866788699,2.701112675623757,0.16828243799974477
-0.019780954235235446,0.5609065767583309,0.8918114280088137,2.699076639307214,0.16813281340458364
-0.019839598082195466,0.5627581509581382,0.891951157987354,2.697041680915356,0.1679832369784015
-0.019893480520849657,0.5646144576421153,0.8920911439626565,2.6950078034648612,0.16783402505120354
-0.019942588619671332,0.56647367714499,0.8925291642361001,2.6929750104913692,0.16768490867615762
-0.01998691059295256,0.5683340049362237,0.892667965877512,2.6909432982880985,0.16753573182831058
-0.02002643580363249,0.5701936531363507,0.8931031390402762,2.6889126663118894,0.1673866157274256
-0.02006115476585023,0.5720508519534627,0.8932408276771401,2.686883109593222,0.16723728933905782
-0.02009105914722158,0.5739038510419189,0.8933765487005121,2.684854625996415,0.16708817422186728
-0.020116141770838553,0.5757509207854937,0.8908333346995153,2.6828272270082016,0.16694093297712992
-0.020136396616991875,0.5775903535073241,0.8909865440970165,2.6808009705079776,0.16679625332730288
-0.02015181882461566,0.579420464609127,0.8911452039831214,2.678775873389532,0.16665175238125926
-0.02016240469245405,0.5812395936422209,0.8913048531670227,2.6767519373509874,0.1665074471196844
-0.020168151679949797,0.5830461053129734,0.8914654435524052,2.6747291638360737,0.16636333314931587
-0.020169058407853314,0.5848383904253116,0.8916274421583698,2.672707554213639,0.16621941095570167
-0.02016512465855425,0.5866148667629729,0.8917899812069469,2.670687110208755,0.16607567034825166
-0.020156351376133655,0.5883739799141608,0.8894752266914586,2.668667839854731,0.16593348618280487
-0.020142740666137155,0.5901142040412813,0.8896616699810219,2.666649792063503,0.16579350621057648
-0.020124295795069743,0.5918340425983857,0.8875251421738024,2.664632986562302,0.16565479094596658
-0.02010102118961201,0.5935320289989434,0.8879630464209604,2.662617461921295,0.16551773415826213
-0.020072922435557614,0.5952067272364808,0.8877575203617845,2.6606032244049715,0.1653805521808252
-0.02004000627647253,0.5968567324606173,0.8859612436644984,2.6585902743513463,0.1652441823194581
-0.02000228061207694,0.5984806715109238,0.8862058934728975,2.656578638390379,0.1651091016829494
-0.01995975449634925,0.6000772034109936,0.8859086729450423,2.6545683230403117,0.16497405915095004
-0.019912438135353153,0.6016450198250248,0.8861286484947137,2.6525593274932833,0.16483912133458262
-0.019860342884788044,0.6031828454791411,0.8863946777721314,2.650551648227339,0.16470400973351207
-0.01980348124726411,0.604689438549605,0.8866613629181808,2.648545279787045,0.16456881639326723
-0.019741866869301343,0.6061635910199868,0.885287039354753,2.6465402207173443,0.16443398788795077
-0.01967551453805465,0.6076041290092778,0.8848292881157768,2.6445364829689897,0.16429998060134263
-0.01960444017776514,0.609009913072829,0.8844450914337847,2.642534074836755,0.16416625780139638
-0.019528660845938035,0.6103798384779625,0.8847778384298696,2.6405329951142686,0.16403241751826775
-0.01944819472924932,0.6117128354559512,0.8851110349313207,2.63853323755511,0.16389839149548704
-0.019363061139180536,0.6130078694320371,0.8854447624381286,2.6365347951058666,0.16376409150543883
-0.019273280507384846,0.6142639412350341,0.8858008192186246,2.6345376596043044,0.1636295347748657
-0.01917887438078285,0.6154800872880216,0.8850257119059005,2.6325418229539173,0.16349462130418255
-0.019079865416391863,0.6166553797815009,0.8854678370221737,2.630547273476556,0.16335929909129507
-0.01897627737588778,0.6177889268303679,0.8858181913857384,2.628554003933958,0.16322378542295207
-0.018868135119903415,0.6188798726159331,0.8849808904220652,2.6265620079541363,0.16308841817176636
-0.018755464602060904,0.6199273975141741,0.8853807962350222,2.624571295524391,0.1629535679306809
-0.018638292862743756,0.6209307182113193,0.8849777107177338,2.6225818603157283,0.16281795170050567
-0.018516648022606944,0.6218890878078069,0.8854182489568014,2.6205936802421923,0.1626815534452944
-0.01839055927582826,0.6228017959115778,0.8858335495173439,2.6186067450469968,0.16254485919163206
-0.01826005688310161,0.6236681687216161,0.8855732412275266,2.6166210415956557,0.16240721095545751
-0.018125172164374738,0.6244875691025771,0.886009569632709,2.6146365412457926,0.16226846172639037
-0.01798593749133277,0.6252593966512866,0.886572423251809,2.612653231673664,0.1621294922367378
-0.01784238627962893,0.6259830877558407,0.8871001982840275,2.6106711053707357,0.16199023515246413
-0.01769455298086476,0.6266581156479745,0.8869298485990852,2.6086901504358155,0.16185001705832508
-0.017542473074322582,0.627283990449327,0.8873197702257294,2.606710337621184,0.16170867188839333
-0.017386183058449804,0.6278602592121554,0.887706503222828,2.6047316529481255,0.1615669728717072
-0.01722572044210007,0.6283865059550383,0.8875886668452863,2.6027540840448986,0.16142432234156118
-0.017061123735530974,0.6288623516940299,0.8880084680504132,2.600777600385586,0.16128038894270358
-0.016892432441162085,0.6292874544696891,0.8879006319957581,2.5988021834701924,0.16113554392216514
-0.016719687044094236,0.6296615093703813,0.8877806093597447,2.596827802515811,0.16098903233957454
-0.01654292900239361,0.6299842485521844,0.8882042868830732,2.594854425471092,0.1608414330290126
-0.016362200737141612,0.6302554412557054,0.8886146682963947,2.5928820403898913,0.16069363265789158
-0.016177545622254458,0.6304748938200685,0.8884533122536966,2.590910638137497,0.1605451442467367
-0.015989007974073335,0.6306424496943047,0.8888573093638592,2.5889401968528976,0.16039574934742307
-0.01579663304072878,0.6307579894463156,0.889257480798796,2.586970705610361,0.16024615004468312
-0.015600466991281368,0.6308214307695736,0.8895856144861929,2.5850021582502745,0.16009634463955044
-0.015400556904641283,0.6308327284876784,0.8899833551104517,2.5830345478221517,0.15994620458245204
-0.01519695075826978,0.6307918745568158,0.8903782616579672,2.581067865946862,0.15979579514682746
-0.01498969741666464,0.630698898066203,0.8901428682857835,2.579102105322411,0.15964501841432174
-0.014778846619632937,0.6305538652364983,0.8898203063235228,2.577137255647537,0.1594938857625921
-0.014564448970353855,0.630356879416167,0.8902127778468062,2.5751733089694024,0.1593424486121689
-0.014346555923234037,0.6301080810757165,0.890602290817915,2.573210259098094,0.15919088047606464
-0.014125219771558973,0.6298076477997313,0.8910772344907023,2.571248101345862,0.1590391535279939
-0.01390049363494256,0.6294557942765571,0.8914633722508538,2.5692868310628145,0.1588872509996687
-0.013672431446578825,0.6290527722854606,0.8918972437748691,2.5673264417024195,0.15873508425698704
-0.013441087940298213,0.628598870681071,0.8914639387001728,2.565366927718137,0.15858287188147005
-0.013206518637431847,0.6280944153748449,0.8919112754086599,2.5634082877986906,0.1584306022289239
-0.012968779833486255,0.6275397693132784,0.89137002040345,2.561450517649875,0.1582783502182765
-0.012727928584633416,0.6269353324525325,0.891753581436742,2.5594936204514784,0.15812630430397243
-0.012484022694016795,0.6262815417291195,0.8921252330872252,2.557537593790626,0.1579741118875141
-0.012237120697879286,0.625578871026227,0.8925016535190035,2.5555824329037464,0.1578217697513116
-0.011987281851514901,0.624827831135235,0.8912349197138744,2.5536281373271557,0.1576700707180384
-0.011734566115047428,0.6240289697119188,0.8915988165846619,2.551674729007659,0.15751933128934492
-0.011479034139040696,0.6231828712268037,0.8918868502633062,2.549722209693129,0.15736835730600685
-0.011220747249942082,0.622290156909056,0.8920998089618528,2.5477705724492656,0.15721715982840156
-0.010959767435365296,0.6213514846832796,0.8924873420365922,2.545819811664725,0.15706575583134413
-0.01069615732921311,0.620367549098498,0.8928614658186157,2.543869921714303,0.1569142042964051
-0.0104299801966455,0.6193390812485795,0.893311306862835,2.5419208991664592,0.15676257601207774
-0.010161299918896655,0.6182668486832728,0.8937575336296638,2.5399727392158424,0.1566107461631613
-0.009890180977943584,0.6171516553089872,0.8941999747908765,2.538025436032742,0.15645871177105394
-0.009616688441030563,0.6159943412783668,0.89457521330159,2.5360789839068714,0.15630645366297935
-0.009340887945053711,0.6147957828676616,0.8949480153395746,2.53413337663954,0.1561540365969215
-0.0090628456808082,0.613556892340804,0.895319930177023,2.532188611016588,0.15600157011216426
-0.008782628377102725,0.6122786177990749,0.8941364179681416,2.5302446862880585,0.15584960029197956
-0.008500303284745079,0.6109619430151061,0.8929870267247103,2.5283016263836746,0.15569937225345262
-0.008215938160402265,0.6096078872499582,0.89189743454978,2.526359464293545,0.15555083619640717
-0.007929601250339076,0.6082175050518877,0.8915995721214276,2.524418227810525,0.15540333872945983
-0.007641361274039455,0.6067918860353578,0.8906759126573728,2.522477927682287,0.15525648600984582
-0.0073512874077141304,0.60533215463877,0.8898089259261603,2.520538581582944,0.15511077165102274
-0.007059449267698596,0.6038394698593033,0.8902588926099282,2.51860020725121,0.15496561043898702
-0.006765916893745615,0.6023150249631609,0.8907073045917835,2.516662802709889,0.1548201720495152
-0.006470760732215893,0.6007600471694614,0.8911540098094716,2.5147263603773378,0.1546744570034296
-0.006174051619171285,0.599175797305894,0.8916249658627778,2.51279087390177,0.15452855765925375
-0.00587586076337489,0.597563569434207,0.8920685457066282,2.510856336084471,0.15438231198775676
-0.005576259729200537,0.5959246904434882,0.89182630308483,2.508922739759602,0.15423603066582223
-0.005275320419458401,0.5942605196091265,0.8914367760823559,2.506990088207572,0.15409024898370693
-0.004973115058138158,0.5925724481152636,0.8918702808869098,2.5050583907570894,0.15394479370305447
-0.004669716173075936,0.5908618985384587,0.8923622165318641,2.5031276436862298,0.15379900453599304
-0.0043651965785477765,0.5891303242902257,0.8927879075342386,2.5011978373296904,0.15365286141537957
-0.004059629357794616,0.5873792090160173,0.8932106980667778,2.4992689646583317,0.15350649753679307
-0.0037530878454826388,0.5856100659481868,0.8937064604117025,2.497341018817599,0.15335985780698663
-0.003445645610103291,0.5838244372103819,0.8941247654735652,2.4954139925099854,0.1532129580823865
-0.0031373764363174287,0.5820238930707853,0.8946029158178805,2.4934878789819326,0.15306581550509374
-0.002828354307246835,0.580210031141579,0.8950150488583808,2.4915626703873763,0.15291830727498817
-0.00251865338671928,0.5783844755219746,0.8954203695262305,2.489638358407282,0.15277055433441195
-0.0022083480014689558,0.5765488758821348,0.8938461861674059,2.4877149418726354,0.15262353862716074
-0.0018975126232988744,0.5747049064853241,0.8942554884499574,2.4857924471581194,0.15247767858584937
-0.0015862218512076262,0.5728542651456173,0.8946606060343683,2.483870878135115,0.15233172986560378
-0.0012745503934863147,0.5709986721185426,0.8950617665110546,2.4819502311710044,0.15218562832249044
-0.0009625730497887495,0.5691398689220892,0.8934872261642189,2.480030503979283,0.15204014580176511
-0.0006503646931797967,0.5672796170855663,0.891953020560986,2.4781117273050364,0.15189679563405795
-0.0003380002521664277,0.5654196968239122,0.892360915272706,2.4761939353089097,0.15175452021038538
-2.555469271510735e-05,0.5635619056351675,0.892764547611801,2.4742771300402358,0.15161199886021784
0.00028689699973979586,0.5617080568189753,0.8931641739709335,2.472361303935281,0.15146918057135253
0.0005992798382918137,0.5598599779141492,0.893560369094725,2.470446450048731,0.15132616589917441
0.0009115188525592728,0.5580195090535658,0.8939526920427254,2.468532563210854,0.15118301962822078
0.0012235391066775477,0.5561885012348644,0.8943415577453105,2.4666196392019453,0.15103980411324697
0.0015352657172833127,0.5543688145057353,0.8947266229209164,2.4647076763192026,0.15089659757757096
0.0018466238714864905,0.552562316062872,0.8931324535577189,2.4627966753533896,0.15075416663866423
0.0021575388448245958,0.5507708782640167,0.8935171317208561,2.460886664455707,0.15061305902056749
0.0024679360191964786,0.5489963765529122,0.8938980149706981,2.458977649841639,0.15047187434679143
0.002777740900770236,0.5472406872974113,0.8942753090100513,2.45706962700455,0.1503305387887055
0.0030868791378614725,0.5455056855414285,0.893622306165608,2.45516259470022,0.15018974620443837
0.003395276538777182,0.5437932426719421,0.8941296878536695,2.4532565708168947,0.15004972942462935
0.003702859089621459,0.5421052240027832,0.8944878422234116,2.451351555955847,0.14990957216326276
0.004009552972058625,0.5404434862775053,0.8949236185271147,2.449447545947527,0.1497692834153985
0.004315284581029086,0.5388098750942615,0.8953569954402919,2.447544535011109,0.14962875632648615
0.004619980542414225,0.5372062222562007,0.8958174430627865,2.4456425152477896,0.14948792455851456
0.004923567730645868,0.5356343430516173,0.8961648703295797,2.4437414803909783,0.1493469773454699
0.0052259732862562375,0.5340960334687038,0.8965754299826358,2.44184142790352,0.14920601733100197
0.005527124633363496,0.5325930673505106,0.896916671295027,2.4399423530517717,0.14906485880558168
0.005826949497089938,0.5311271934963959,0.8972540229535949,2.438045962261515,0.14909476864693372
0.006125375920907509,0.5297001327169721,0.8975875507735082,2.436153954473735,0.14912431066984685
0.006422332283906975,0.5283135748502897,0.8979177391866943,2.4342663140435894,0.14915355490701526
0.0067177473179867,0.5269691757476686,0.898244574818401,2.4323830257881625,0.1491824137464041
0.007011550124956516,0.5256685542383265,0.8985685140935157,2.4305040737441264,0.14921097854970816
0.00730367019355306,0.5244132890825682,0.8969850624699306,2.4286294485069564,0.14924019449476747
0.007594037416362138,0.5232049159239648,0.8973047147488291,2.4267591682699434,0.14927052772430482
0.007882582106644045,0.5220449242515254,0.8963685778126519,2.4248932319319696,0.14930136963610283
0.008169235015058228,0.520934754383387,0.8966761603148707,2.423031653386594,0.14933314544560244
0.00845392734628264,0.5198757944840312,0.89698196710855,2.421174425805037,0.14936459583187894
0.008736590775524359,0.5188693776274276,0.8972851494057086,2.4193215353613087,0.14939584688946725
0.009017157464917193,0.5179167789188069,0.8975856978941085,2.4174729683655514,0.1494267890278411
0.009295560079802511,0.5170192126880147,0.8979944207500573,2.4156287099151132,0.1494573931743016
0.009571731804889065,0.5161778297675097,0.8982903112206481,2.4137887440626677,0.14948765982363052
0.009845606360288568,0.5153937148680849,0.8985784504815578,2.4119530565267446,0.14951765781968512
0.010117118017422343,0.5146678840653398,0.8988633653721164,2.410121633441636,0.14954739510132406
0.010386201614795988,0.5140012824096892,0.899145038316566,2.4082944607888814,0.1495768334385158
0.010652792573637793,0.5133947816724123,0.8976131311018141,2.406471527622016,0.1496066858948703
0.010916826913397314,0.5128491782397876,0.8961198640997832,2.4046528470843263,0.14963786499702872
0.011178241267100455,0.5123651911668353,0.8964001469621208,2.4028384306008603,0.1496694974493207
0.011436972896557129,0.5119434604014845,0.8966785258726203,2.401028268910675,0.1497009126530201
0.011692959707418252,0.511584545189236,0.8954346894434853,2.3992223528325334,0.14973280081088355
0.011946140264078009,0.5112889226674958,0.8940502015521994,2.3974206972304435,0.14976621071126858
0.012196453804418089,0.5110569866577644,0.8943211238872674,2.395623320856197,0.14980045138805953
0.012443840254390385,0.5108890466627974,0.8945908759442472,2.3938302170382086,0.14983441113591217
0.012688240242434404,0.5107853270747093,0.8930499953756313,2.392041373168714,0.14986845078890787
0.012929595113726187,0.5107459665987607,0.8933105911474933,2.3902567882429206,0.14990277541640618
0.01316784694425515,0.5107710178963055,0.8918393943019743,2.3884764533852096,0.149937062247991
0.013402938554725652,0.510860447449053,0.8904174946206705,2.3867003618500195,0.14997140544122348
0.013634813524279659,0.5110141356454749,0.8890240548477497,2.3849285038870778,0.15000555448513975
0.01386341620403752,0.5112318770888267,0.8892580863769569,2.383160864507386,0.15003936384873898
0.014088691730453408,0.5115133811249243,0.8880592669241721,2.381397428652929,0.15007264659264657
0.014310586038482368,0.5118582725864853,0.8882831561479088,2.3796381720166195,0.15010515173334588
0.014529045874555628,0.512266092749578,0.8864568947710845,2.3778830803814537,0.1501380884913751
0.01474401880936115,0.5127363004964623,0.8845996615515367,2.3761321684454026,0.15017244495796322
0.01495545325042651,0.5132682736779767,0.8848433858115023,2.3743854500664097,0.150207388642004
0.015163298454500783,0.5138613106674899,0.8837319122033641,2.372642913889542,0.15024143995812475
0.015367504539732681,0.514514632097471,0.8839642589711677,2.370904524487177,0.15027427461439363
0.015568022497641965,0.5152273827687965,0.884196390530967,2.369170261068082,0.15030675729273693
0.01576480420488129,0.5159986337221271,0.8844281650133401,2.3674401073228495,0.15033879115823223
0.01595780243478545,0.5168273844599781,0.8846593972998319,2.365714046391898,0.15037043303364697
0.016146970868705778,0.5177125653075562,0.8835502630372662,2.363992058583962,0.15040093801605242
0.01633226410712613,0.5186530398999347,0.8839828433392533,2.362274102921216,0.1504300047063344
0.016513637680558742,0.5196476077828458,0.8842026245230723,2.360560156315635,0.1504586598770813
0.01669104806021659,0.5206950071141001,0.8844220840293361,2.3588502029345877,0.15048694161664855
0.016864452668460234,0.5217939174525604,0.8823870165898879,2.3571442296669485,0.15051532041441704
0.017033809889015993,0.522942962621587,0.8803729226511617,2.3554422398263477,0.15054444344107998
0.017199079076963917,0.5241407136339763,0.880618840257541,2.353744236031542,0.1505737088581047
0.017360220568492235,0.5253856916656251,0.881066561768257,2.352050204614397,0.15060245222857524
0.017517195690416446,0.526676371065445,0.87909811258033,2.3503601271452284,0.15063085920675962
0.017669966769460862,0.5280111823894202,0.8794010257896271,2.3486739950912763,0.1506592086349457
0.017818497141299815,0.5293885154471838,0.879853282945523,2.346991791186492,0.1506868209716822
0.017962751159356995,0.5308067223499697,0.8801052334436514,2.3453134927250257,0.15071371646713705
0.018102694203360584,0.532264120549396,0.880353447884396,2.3436390777817997,0.15073990972283324
0.018238292687651727,0.5337589958571578,0.8806127241781481,2.3419685257427534,0.15076551373118435
0.01836951406924514,0.5352896054363369,0.8808714647596559,2.3403018169941,0.15079049967122074
0.01849632685563907,0.5368541807557646,0.8798471257379638,2.338638926080521,0.15081387345977382
0.018618700612373598,0.5384509304995296,0.8789041697916562,2.3369797941424197,0.15083414089909566
0.018736605970334424,0.5400780434244812,0.8780428358295108,2.33532434902738,0.15085104504690583
0.018850014632801664,0.5417336911592633,0.878698639437564,2.3336725191887306,0.1508654913598217
0.018958899382240726,0.5434160309391441,0.8789204593484162,2.332024270318925,0.15087917437619974
0.019063234086834354,0.5451232082716112,0.879193655460828,2.330379581776611,0.15089222736881644
0.019162993706754297,0.5468533595283717,0.8794127369364524,2.3287384339972133,0.15090468923396172
0.019258154300170666,0.5486046144600851,0.8796297807766839,2.3271008087507004,0.15091659288257842
0.019348693028997853,0.5503750986307697,0.8796033537247793,2.3254666781547404,0.15092607231952698
0.019434588164375436,0.5521629357694614,0.8772320658478822,2.3238359619965214,0.15093266243931594
0.01951581909188334,0.5539662500372515,0.8771591794791517,2.3222086291583013,0.15093750322973734
0.019592366316488852,0.555783168208405,0.8773557232789477,2.3205846028141504,0.15093909148427037
0.019664211467225513,0.5576118217647342,0.8775514394550874,2.318963847899663,0.15094016854986197
0.01973133730160201,0.5594503489029008,0.8787841309196643,2.3173463344690965,0.15093806783344296
0.01979372770974032,0.5612968964547377,0.8801706858408781,2.3157319379765995,0.15092858524597463
0.01985136771824198,0.5631496217210772,0.8803475938000012,2.3141205149351918,0.1509142611676539
0.01990424349378158,0.5650066942199274,0.8819678505468527,2.312512004695594,0.15089638028318544
0.01995234234642698,0.5668662973501652,0.8836971081354343,2.3109062707158867,0.15087041828165604
0.019995652732684215,0.5687266299721969,0.8855194683013856,2.309303143839997,0.15083620331681957
0.020034164258268535,0.5705859079072724,0.8862585763326947,2.307702468512635,0.1507966597435552
0.020067867680598733,0.5724423653573804,0.8864104653835473,2.3061041927593537,0.15075637889094404
0.020096754911015164,0.5742942562478216,0.8895493625874457,2.3045082825682632,0.15071185701574433
0.0201208190167213,0.5761398554947025,0.8898529935370509,2.3029145893984793,0.15066098854557547
0.020140054222447176,0.5779774601997463,0.8899954938444044,2.301323056931518,0.15060947557953994
0.0201544559118358,0.579805390774905,0.8901346017553703,2.2997336714612455,0.15055761820315697
0.020164020628550862,0.5816219919993181,0.8903758519616021,2.298146421704133,0.15050529473869684
0.02016874607710617,0.5834256340112571,0.8938951356126253,2.296561271100994,0.1504483535761321
0.020168631123416863,0.5852147132376944,0.8903250860792097,2.2949780717678796,0.150386277135138
0.020163675795071175,0.5869876532641718,0.8866291246062437,2.2933968261569153,0.15032733767011588
0.020153881281324292,0.58874290564765,0.8828558785649077,2.291817595805984,0.15027182229766523
0.02013924993281234,0.5904789506749826,0.8829604674627574,2.290240440522937,0.15021844793078448
0.020119785260988777,0.5921942980696645,0.8830627412233487,2.2886653682238194,0.15016487933009895
0.020095491937281447,0.59388748764944,0.8831625959544006,2.287092370583776,0.1501111199538054
0.020066375791971396,0.5955570899373251,0.8872581044705123,2.285521418517044,0.1500529588975605
0.020032443812793687,0.5972017067285388,0.8913691024043296,2.283952338184458,0.14998435133543098
0.019993704143260523,0.5988199716157653,0.892124329585878,2.282384939149329,0.14990936239087294
0.01995016608070656,0.600410550475129,0.8968659194418898,2.280819146101505,0.14982958780402536
0.019901840074057882,0.6019721419151438,0.901539708256088,2.279254778539171,0.14973894380215966
0.019848737721324092,0.6035034776908759,0.901600073832414,2.277691640243893,0.14964190748028472
0.019790871766815016,0.6050033230854351,0.9016586689302998,2.2761296873766397,0.1495449650394866
0.019728256098081796,0.6064704772608434,0.9072243072838833,2.2745688965935047,0.1494437164451991
0.01966090574258454,0.6079037735802614,0.907268451171877,2.2730091164926702,0.149336108070777
0.01958883686408518,0.6093020799034361,0.907308606269925,2.2714503035491878,0.1492285797401751
0.019512066758768615,0.6106642988571764,0.9073475398526999,2.269892457333309,0.14912111965718602
0.01943061385109165,0.6119893680825669,0.9073845267894954,2.2683355778932106,0.14901378627350906
0.019344497689361105,0.613276260460549,0.9074197648010629,2.266779665396603,0.1489065277763134
0.019253738941042403,0.6145239843174148,0.907452296614661,2.265224719592871,0.14879938028066422
0.01915835938779953,0.615731583611678,0.907481372741993,2.2636707409451087,0.14869234487264518
0.019058381920267438,0.6168981381037154,0.9075088242400283,2.262117729461293,0.14858540083240673
0.01895383053255837,0.618022763509475,0.9075339301669938,2.260565685613379,0.14847859937214763
0.018844730316503567,0.6191046116394994,0.9075548016752362,2.259014609960151,0.148371915895674
0.018731107455631054,0.6201428705244107,0.9033181665861991,2.257464515099401,0.14826774237706125
0.018612989218882187,0.6211367645279616,0.9033241082931245,2.255915484749932,0.14816728972808474
0.018490403954066773,0.6220855544486589,0.8989288416182611,2.2543675568688575,0.1480695058754169
0.01836338108105977,0.6229885376109292,0.8989400814375295,2.2528208181708855,0.1479755221514098
0.018231951084741266,0.6238450479467084,0.899205513320968,2.251275293034829,0.14788146828471252
0.018096145507679216,0.6246544560682904,0.8993874818432116,2.2497309704686903,0.14778680675946965
0.017955996942560306,0.625416169333206,0.9053528657650293,2.248187818426635,0.14768797019560978
0.01781153902436745,0.6261296319018483,0.9060717616445249,2.2466456966674406,0.14758308652254085
0.017662806422307577,0.6267943247885058,0.9015983528635131,2.2451045697385874,0.1474806655892145
0.017509834831491287,0.6274097659064015,0.8970566579130069,2.243564545142179,0.1473852040733207
0.017352660964366,0.6279755101073211,0.9033819199347439,2.2420257296395447,0.14729061878040298
0.01719132254190543,0.6284911492163059,0.9092462006344623,2.2404880174251107,0.147188064663481
0.017025858284556435,0.6289563120619075,0.9091967444085579,2.2389512702161465,0.14708122785142957
0.016856307902946642,0.6293706645024002,0.9091444098159626,2.2374154634697074,0.1469748805865674
0.01668271208835361,0.629733909448338,0.9095896353549722,2.235880603849451,0.14686868859914023
0.016505112502939595,0.6300457868817838,0.9163743959232898,2.234346672320743,0.14675955786721592
0.016323551769752743,0.6303060738725118,0.9162894877249815,2.2328135733621908,0.14664668111014023
0.016138073462497248,0.6305145845914244,0.9162021013312015,2.231281288216962,0.14653439757604883
0.01594872209507679,0.6306711703214192,0.9214021725018485,2.2297498156085935,0.14642055844346946
0.01575554311091033,0.6307757194658635,0.9171108010609744,2.2282191092500563,0.1463073458942422
0.015558582872026978,0.6308281575548339,0.9183758850518401,2.2266892639697513,0.14619880672652513
0.015357888647938585,0.6308284472492226,0.9140044743293254,2.225160317622006,0.1460932067133411
0.015153508604295464,0.6307765883427704,0.9138779974879947,2.2236323855802884,0.1459929828279982
0.014945491791327179,0.630672617762085,0.9137458673162651,2.222105511199474,0.14589347661277724
0.014733888132070246,0.6305166095646207,0.9136174400628877,2.220579704819007,0.14579449907993128
0.014518748410387057,0.6303086749345955,0.9135017946089701,2.2190549740031074,0.1456958926694337
0.014300124258778272,0.6300489621767835,0.9133705163353373,2.2175313210654775,0.14559754337914818
0.014078068145990793,0.6297376567080554,0.9132385238169869,2.216008753501499,0.14549981354907546
0.013852633364425684,0.629374981046551,0.9088791885378465,2.2144872968185756,0.14540576222139798
0.013623874017348462,0.62896119479828,0.9087526710930445,2.212967069247929,0.1453170251296802
0.013391845005904386,0.6284965946409602,0.9086261189744097,2.2114481123221132,0.1452289039424208
0.01315660201594232,0.6279815143048183,0.9084999750294936,2.209930436093564,0.14514144011797306
0.012918201504650707,0.6274163245500756,0.9083744378493483,2.208414051646795,0.14505467412382717
0.012676700687007828,0.6268014331407731,0.9088057315444548,2.2068989684572755,0.14496824487124102
0.012432157522050787,0.6261372848145728,0.9084966039394763,2.205385185317262,0.1448819443239101
0.012184630698965184,0.6254243612481043,0.9087184587823226,2.2038727064561017,0.14479590398877618
0.011934179623000444,0.624663181017407,0.9085948180739969,2.202361531118198,0.1447100955420072
0.011680864401212576,0.6238542995529429,0.9044426219441457,2.2008516818278596,0.14462784339803697
0.01142474582803891,0.6229983090886417,0.9004921948442993,2.1993432844524037,0.14455337374015723
0.011165885370707526,0.6220958386043439,0.9001968331698119,2.197836474115079,0.14448362032417514
0.010904345154485563,0.6211475537610187,0.9005374711913591,2.196331284122736,0.1444140988289226
0.010640187947769582,0.620154156827994,0.9009462384285951,2.1948277115851123,0.1443444849982075
0.01037347714702113,0.6191163866014763,0.9008814315738848,2.193325752258721,0.1442749889200279
0.010104276761552079,0.618035018313498,0.9008191671998922,2.191825409759788,0.14420593359296627
0.00983265139816281,0.6169108635304064,0.8973386114321109,2.190326702495593,0.14413975596336256
0.009558666245636654,0.6157447700399569,0.8971128879091446,2.18882971778724,0.1440774117658887
0.009282387059095001,0.6145376217259596,0.8971094799018517,2.1873344803881776,0.14401530908541707
0.009003880144216497,0.613290338429424,0.8971096777326334,2.1858409935586334,0.14395358577031223
0.008723212341323755,0.6120038757950108,0.8974478081195919,2.1843492610043267,0.14389214222696967
0.008440451009342272,0.6106792251015818,0.8974524066430657,2.182859281889559,0.14383082623276644
0.008155664009634371,0.6093174130755251,0.897457655164306,2.181371057735054,0.14376979804082496
0.007868919689712973,0.6079195016854751,0.8974705244660345,2.1798845904568034,0.14370907018208687
0.007580286866838378,0.6064865879169644,0.897593631827208,2.1783998820901402,0.14364848112788783
0.007289834811502688,0.6050198035254571,0.8976423014508642,2.176916928832046,0.14358782349568325
0.006997633230804867,0.6035203147661442,0.897658017801789,2.1754357267927618,0.14352726183257794
0.006703752251721689,0.6019893220987798,0.897674284079104,2.1739562778396917,0.14346706686781605
0.006408262404277497,0.6004280598657649,0.8976575038956208,2.1724785850249173,0.14340710450483996
0.006111234604617153,0.598837795941605,0.8975694766074591,2.1710026467101073,0.14334713381731418
0.005812740137986914,0.5972198313517715,0.8975947107280583,2.1695284591214627,0.1432872248271763
0.005512850641625889,0.5955754998589159,0.8976239934735794,2.1680560223925793,0.14322756061733266
0.005211638087573639,0.5939061675143121,0.8979619653429729,2.1665853379534377,0.1431680846412783
0.004909174765397282,0.592213232172313,0.8979958430909202,2.165116404269681,0.14310874708973442
0.004605533264842354,0.5904981229655337,0.8980336256094773,2.163649223321497,0.14304973715611644
0.004300786458411284,0.588762299738394,0.8980753929094781,2.1621837977397647,0.14299101049139334
0.003995007483874856,0.587007252436606,0.8955743371179852,2.1607201365465385,0.14293396330576708
0.0036882697267191667,0.5852345004500897,0.8956666017097251,2.159258290598809,0.14287927217520777
0.003380646802533585,0.5834455919067938,0.8957268179800605,2.1577982729777285,0.14282447313968777
0.0030722125393431174,0.5816421029147983,0.8958376005370873,2.156340072492047,0.14276916443483495
0.0027630409598905087,0.5798256367500981,0.8959606452874973,2.154883675130045,0.14271329591956405
0.002453206263870788,0.5779978229873716,0.8943205568998785,2.1534290701002328,0.1426577685770111
0.002142782810123544,0.5761603165710922,0.892971142928516,2.151976278185619,0.14260373691351366
0.0018318450987877637,0.5743147968242979,0.8918848647156221,2.150525319121078,0.14255055700100833
0.0015204677534215712,0.5724629663923585,0.892144408100807,2.1490761995774847,0.14249752862444476
0.001208725503093074,0.5706065501191367,0.8924007724243137,2.147628913746531,0.14244431368897523
0.0008966931644460644,0.568747293852971,0.8927589441377891,2.1461834532539013,0.14239078920852555
0.0005844456237439064,0.5668869631799973,0.8930155839090752,2.144739810032941,0.14233710867620128
0.00027205781889758405,0.5650273420824273,0.8934765526314273,2.1432979738074622,0.14228272594143232
-4.0395278519262946e-05,0.5631702315195242,0.8939560434327534,2.1418579179132426,0.14222692372720286
-0.00035283868126313565,0.5613174479291759,0.8932665883100733,2.140419612114124,0.14217020777418046
-0.0006651974044171174,0.5594708216481555,0.8926466072433539,2.138983047621179,0.14211357951890047
-0.000977396483387073,0.5576321952493549,0.8920527663697628,2.1375482235364203,0.1420571721121729
-0.0012893609918926475,0.555803421794553,0.8923032992642946,2.1361151422177125,0.14200096516615276
-0.0016010160599493203,0.5539863630015474,0.8925500666486167,2.1346838011563545,0.141944759487202
-0.0019122868918366488,0.5521828873247928,0.8925406153362035,2.1332541965694416,0.14188852462864085
-0.002223098784049281,0.550394867949074,0.8927870140961864,2.1318263239469837,0.14183217919780844
-0.0025333771432249933,0.5486241806960878,0.8930299022134641,2.130400177543263,0.14177576491291802
-0.002843047504046927,0.5468727018442944,0.8932693226833401,2.1289757525224258,0.14171923626372704
-0.0031520355471150027,0.5451423058628209,0.8935046661044986,2.1275530425817686,0.14166258766740603
-0.0034602671167821317,0.5434348630607394,0.8937367832476549,2.1261320432256374,0.14160592281505832
-0.003767668238951072,0.541752237153562,0.8939653370298583,2.1247127503978382,0.14154921088594147
-0.0040741651388281706,0.5400962827493899,0.8941898142743087,2.1232951599730985,0.14149247643917368
-0.004379684258628663,0.5384688427577466,0.8934834784563432,2.1218792703670752,0.14143621164802023
-0.004684152275230324,0.5368717457247837,0.8936894372355714,2.1204650963893577,0.14138077896569815
-0.004987496117770726,0.5353068030991918,0.8928841783777334,2.1190526443687996,0.141326091167439
-0.005289642985183726,0.5337758064338458,0.893160123598633,2.117641934778413,0.14127226496010553
-0.005590520363671539,0.5322805245289255,0.8933704880605046,2.1162329650654703,0.141218224409152
-0.005890056044107586,0.5308227005229357,0.8935736091468489,2.1148257319807877,0.1411642915824608
-0.006188178139366367,0.5294040489388138,0.8938896826796895,2.113420232736825,0.14111025438910216
-0.006484815101576098,0.5280262526929701,0.8932337430609342,2.112016463001965,0.1410567733113092
-0.006779895739289781,0.5266909600758733,0.892444866825953,2.1106144495330112,0.14100540574489012
-0.0070733492345707505,0.525399781713418,0.8928590884461765,2.1092142309351587,0.14095549073186553
-0.007365105159988782,0.5241542875190179,0.8929911396233081,2.107815810398124,0.14090538738684485
-0.00765509349552232,0.5229560036469604,0.8932017408488616,2.106419182715946,0.14085531289321537
-0.007943244645362777,0.5218064094581399,0.892409212373847,2.1050243517649094,0.14080645587467602
-0.0082294894546174,0.520706934509812,0.8914770546300962,2.1036313603102816,0.14076053126904775
-0.008513759225905982,0.51965895558146,0.8916916501960347,2.1022402599155527,0.140716564425696
-0.008795985735847958,0.5186637937492428,0.8920515571884073,2.100851062318788,0.14067277033251727
-0.009076101251435717,0.517722711521799,0.8925635274653814,2.099463766100757,0.1406290145196023
-0.009354038546290095,0.5168369100503696,0.8927928361345198,2.098078367368183,0.14058529292935162
-0.009629730916794487,0.5160075264263346,0.8929985087351328,2.0966948647807544,0.14054174364643832
-0.009903112198103373,0.5152356310792389,0.8932245367987367,2.095313257915423,0.1404983456712552
-0.010174116780021485,0.5145222252882707,0.8934492157826264,2.0939335460517317,0.14045512311113895
-0.01044267962275006,0.5138682388199655,0.8936725606983056,2.0925557290446575,0.14041207433633218
-0.010708736272495993,0.5132745277045188,0.8938949784258349,2.0911798064577596,0.14036918347921798
-0.010972222876940465,0.5127418721626769,0.8941154901114655,2.0898057771731824,0.14032640454800188
-0.01123307620056318,0.512270974694565,0.894299038940257,2.0884336393659275,0.1402836477116488
-0.011491233639818644,0.5118624583411469,0.8946405709998356,2.0870633858947314,0.1402406166175046
-0.011746633238160638,0.5115168651281894,0.8946249473960945,2.0856950110247783,0.14019782657155277
-0.011999213700911506,0.5112346547017047,0.8948431774835761,2.0843285216648546,0.1401555763210859
-0.012248914409972642,0.5110162031628512,0.8939787655921807,2.0829639269813267,0.14011478238956873
-0.012495675438372477,0.510861802109159,0.8929624170396074,2.081601276394355,0.14007732144476587
-0.012739437564648697,0.5107716578878051,0.8931911386444616,2.080240628525924,0.14004205111049217
-0.012980142287061095,0.5107458910654099,0.8936992059611637,2.0788819955922153,0.14000683019833174
-0.01321773183763173,0.510784536117564,0.892553532359155,2.077525379814178,0.1399730020406319
-0.013452149196008944,0.5108875413399535,0.8927810919965009,2.0761708285556204,0.1399414670361571
-0.013683338103151971,0.5110547689816303,0.8930074323310113,2.0748183559456126,0.13991016632048936
-0.013911243074832848,0.511285995599616,0.8931509686214875,2.073467963591387,0.13987933377792316
-0.014135809414952358,0.5115809126326996,0.8933995927743891,2.0721196600607446,0.1398490252802173
-0.014356983228666817,0.5119391271909587,0.8936464060638077,2.070773445998763,0.13981882564271195
-0.014574711435322666,0.5123601630562881,0.893890270317273,2.0694293189876616,0.13978871172936436
-0.01478894178119537,0.5128434618879644,0.8927593010359978,2.068087284299506,0.13976015020272406
-0.014999622852030317,0.5133883846261682,0.8929977224606701,2.0667473913211696,0.13973400467954292
-0.015206704085381826,0.5139942130852546,0.8917782119453473,2.065409662122737,0.13970945327595968
-0.01541013578274789,0.514660151727636,0.8920070685442729,2.064074145095831,0.1396871850557654
-0.015609869121497637,0.5153853296082068,0.8907305677034617,2.062740860113417,0.1396664878735091
-0.015805856166588608,0.5161688024784966,0.8894328275136428,2.0614098634010842,0.13964958409558756
-0.01599804988207066,0.5170095550390416,0.8896665963394176,2.060081217776196,0.13963489086781794
-0.01618640414237472,0.5179065033279286,0.8898984756639664,2.0587549336643987,0.13962027567923135
-0.016370873743382416,0.5188584972330289,0.8904820312013754,2.057431008387786,0.13960568631971867
-0.016551414413275015,0.5198643231151094,0.8910146347436776,2.056109435615569,0.1395909805878146
-0.016727982823158325,0.520922706528822,0.8914954699664878,2.054790208792656,0.13957621536014192
-0.0169005365974616,0.5220323150284877,0.8919252928812402,2.0534733217954435,0.13956133453048045
-0.017069034324107217,0.5231917610455925,0.8923044783780568,2.0521587667298817,0.13954625053968198
-0.01723343556444972,0.5243996048250663,0.8926951226600575,2.050846534338207,0.1395309378161916
-0.017393700862980498,0.5256543574076249,0.8930364693646917,2.04953661665396,0.13951551566414455
-0.017549791756797235,0.5269544836457721,0.8930844163180947,2.048229010340622,0.13950064348388697
-0.017701670784834693,0.5282984052414569,0.8933333045417685,2.0469237314176962,0.13948667012771426
-0.01784930149685516,0.5296845037938429,0.8935806287440761,2.0456207824761967,0.13947283950650735
-0.017992648462196444,0.5311111238461842,0.8925503095475403,2.044320168099946,0.1394604013823759
-0.018131677278274926,0.5325765759213896,0.8928474634337971,2.0430219321778287,0.1394503673194314
-0.01826635457884216,0.5340791395364661,0.8932075767394914,2.0417261005471703,0.13944139167676187
-0.01839664804199244,0.5356170661867299,0.8934765290479382,2.040432687135737,0.13943308085458245
-0.018522526397920024,0.5371885822913272,0.8937395790638258,2.0391416922909715,0.13942480498464813
-0.018643959436423815,0.5387918920923441,0.8929048486458225,2.037853117295198,0.13941768458117643
-0.01876091801415738,0.5404251805004792,0.8931536422847176,2.0365669983294707,0.13941236729009893
-0.018873374061623573,0.5420866158809798,0.8934000107635509,2.0352833439252613,0.1394071752612056
-0.01898130058991078,0.5437743527742563,0.8930629500881873,2.034002156636021,0.13940304162681488
-0.019084671697170236,0.5454865345462817,0.893462144895224,2.032723464972175,0.1394002425535721
-0.019183462574832506,0.5472212959645718,0.8927229646287903,2.031447276256456,0.13939845329812914
-0.01927764951356097,0.5489767656961891,0.8919217747619472,2.030173630643075,0.1393996055448072
-0.019367209908942733,0.5507510687248743,0.8922515595431267,2.0289025780956265,0.1394026990066375
-0.01945212226691255,0.5525423286849768,0.8914010448461532,2.0276341337957113,0.1394071015269518
-0.019532366208912254,0.5543486701104501,0.8917260725983537,2.0263683373694117,0.13941341876808458
-0.019607922476780858,0.556168220597712,0.8908463357197608,2.0251052028714813,0.13942107949815047
-0.019678772937376906,0.557999112881655,0.8904078130286166,2.023844777502361,0.13943177881297708
-0.019744900586929823,0.5598394868245666,0.8907370147886586,2.022587103331411,0.13944389389402254
-0.01980628955512117,0.5616874913181428,0.8900425798607641,2.021332189558292,0.1394571960745217
-0.019862925108893276,0.563541286099154,0.8893658896150756,2.0200800801667462,0.13947363414515113
-0.019914793655985048,0.5653990434796883,0.8897151844122846,2.0188308259722136,0.1394919374592721
-0.019961882748194226,0.5672589499931852,0.8894489638058053,2.0175844371822333,0.1395110449095318
-0.02000418108436474,0.5691192079577776,0.8890289354455545,2.0163409424743373,0.1395324620364662
-0.020041678513098855,0.5709780369586804,0.8893657356816711,2.0151003806549164,0.13955540431281013
-0.020074366035193775,0.5728336752515835,0.8895925728549263,2.013862755799394,0.1395783007514661
-0.02010223580580104,0.5746843810891819,0.8899319352718309,2.012628059400016,0.13960105410510754
-0.0201252811363095,0.5765284339731346,0.890272950493557,2.0113962844738382,0.13962379195778948
-0.02014349649595039,0.5783641358338444,0.8906154921613911,2.0101674239799214,0.13964643982570404
-0.020156877513124973,0.5801898121405729,0.8909593610914056,2.0089414706447837,0.13966902922100996
-0.020165420976453293,0.5820038129444625,0.8913049128840921,2.0077184180355063,0.13969159617557841
-0.02016912483554509,0.5838045138570888,0.8916515077764023,2.0064982586325377,0.13971403269286226
-0.020167988201492033,0.585590316967212,0.8919996009394843,2.0052809842330444,0.13973635165574003
-0.020162011347080896,0.5873596516983822,0.8923488169681352,2.0040665869090373,0.13975858707796068
-0.020151195706727926,0.5891109756100964,0.8926990242384373,2.002855060218535,0.1397808229779519
-0.020135543876135045,0.5908427751451312,0.893050145416021,2.0016463981983224,0.139803032939078
-0.02011505961166627,0.5925535663257102,0.8929202186946225,2.000440597933616,0.1398259347551539
-0.020089747829446898,0.5942418954010665,0.8933022116286933,1.9992376788111366,0.13984986649481695
-0.020059614604183065,0.5959063394489523,0.8930061505835156,1.9980376447714934,0.13987463177704573
-0.0200246671677043,0.5975455069335764,0.8934179997935705,1.9968405210467972,0.1399006894250625
-0.019984913907227436,0.5991580382223815,0.8940045130591906,1.9956463069707193,0.1399264347227525
-0.019940364363344426,0.6007426060640108,0.893536945201236,1.9944549962132436,0.13995308828853045
-0.019891029227731692,0.6022979160297403,0.8939724478950096,1.9932666186327201,0.13998117776395627
-0.01983692034058506,0.6038227069205667,0.8935084894271842,1.9920811805873289,0.14001028712918745
-0.01977805068777778,0.6053157511420669,0.8929143022797534,1.9908987211015938,0.140042259527775
-0.019714434397743796,0.6067758550490658,0.8933932446421159,1.9897192853912906,0.14007583546015773
-0.019646086738087543,0.6082018592620506,0.8940253740239263,1.9885428760696595,0.1401094638688086
-0.019573024111919142,0.6095926389572052,0.8945203225218561,1.987369491742905,0.1401431970632397
-0.019495264053918143,0.6109471041318307,0.8950163628537283,1.9861991223299444,0.14017655739266335
-0.019412825226125204,0.6122641998468701,0.895647023165968,1.9850317547775034,0.14020978905005732
-0.01932572741346327,0.613542906448114,0.8961505982421571,1.9838673862894998,0.14024311590052846
-0.01923399151898938,0.6147822397676498,0.8966531344685283,1.9827060052749153,0.14027595045304878
-0.019137639558877786,0.6159812513069821,0.8972377289866033,1.9815475961557216,0.14030834710308474
-0.019036694657136487,0.6171390284032033,0.8977362584041652,1.9803921442839276,0.14034027154626164
-0.018931181040057147,0.618254694379504,0.8982331475023513,1.979239634436931,0.14037176392482542
-0.018821124030401596,0.6193274086812441,0.8986394282764087,1.9780900514301676,0.1404027470570256
-0.01870655004132382,0.620356366998725,0.8976561469907337,1.9769433872762012,0.14043477302743837
-0.01858748657003114,0.6213408013777457,0.8983558161147357,1.9757996814158818,0.14046891536935016
-0.018463962191185165,0.6222799803189403,0.8988594860589995,1.9746589432997395,0.1405029788199771
-0.018336006550043974,0.6231732088668525,0.8993627384127918,1.9735211607286969,0.14053660892248893
-0.01820365035534704,0.6240198286896129,0.8998604317862394,1.9723863185389225,0.1405697538545359
-0.018066925371945878,0.6248192181500408,0.9003578479735374,1.9712544011260735,0.1406024217373801
-0.017925864413180233,0.6255707923689389,0.9007571205429106,1.9701253939673513,0.14063473993861708
-0.017780501333003004,0.6262740032812693,0.9012760422155748,1.9689992872299213,0.14066691257358943
-0.01763087101785572,0.6269283396858732,0.9017618787459503,1.9678760682703365,0.14069853387918793
-0.01747700937829575,0.6275333272893283,0.9022470197941892,1.966755719230954,0.1407295827609259
-0.017318953340378026,0.6280885287444863,0.9027254212573691,1.9656382246136992,0.14076021562815227
-0.01715674083679297,0.6285935436841995,0.9031975349449837,1.964523571774228,0.14079053993542118
-0.016990410797762666,0.6290480087506846,0.9037011628125252,1.963411749363354,0.1408207418368377
-0.016820003141698254,0.6294515976209348,0.902592522111864,1.962302760769626,0.1408524391599423
-0.016645558765619045,0.6298040210285489,0.9030579288748914,1.9611966467628181,0.14088595514910668
-0.016467119535338092,0.6301050267822952,0.9034741259544854,1.9600934081784003,0.14091906630128342
-0.016284728275413957,0.6303543997817095,0.9038546186290319,1.9589930325317977,0.1409518690757782
-0.01609842875887358,0.6305519620299586,0.9043100468853682,1.9578955065774502,0.14098424450453131
-0.015908265696706697,0.6306975726441822,0.9047684254609201,1.9568008156529966,0.14101613167255178
-0.015714284727135375,0.6307911278634935,0.9033355943781235,1.9557089538609649,0.14104940484961198
-0.015516532404661066,0.6308325610547529,0.9037959688244258,1.9546199696370263,0.14108492039616002
-0.015315056188892118,0.6308218427162374,0.9041659813717559,1.9535338675354756,0.14112013691799102
-0.015109904433153014,0.6307589804792442,0.9046212509218976,1.952450635346803,0.14115492653315437
-0.014901126372880503,0.6306440191076796,0.9049826577220479,1.9513702578457355,0.1411892656186689
-0.014688772113806793,0.6304770404956099,0.9054308418942107,1.9502927204851395,0.14122314481113665
-0.014472892619934648,0.6302581636627371,0.9058752771336646,1.949218009620003,0.1412567184493341
-0.014253539701306491,0.62998754474772,0.9063158513447238,1.9481461138185265,0.141289982663369
-0.014030766001569788,0.6296653769992354,0.9066307631768755,1.9470770204990284,0.1413228455500262
-0.013804624985343137,0.6292918907646201,0.9070646223292689,1.946010715726782,0.14135533338274428
-0.013575170925384895,0.6288673534759089,0.9074946238435618,1.9449471869114099,0.14138742745212257
-0.013342458889568025,0.6283920696330529,0.9079208091296961,1.9438864200163528,0.1414190952457928
-0.013106544727664055,0.6278663807840493,0.9083435907962355,1.9428284008835346,0.14145034420071026
-0.012867485057939405,0.6272906655016777,0.9070003268993021,1.9417731250736385,0.1414828932957886
-0.012625337253567353,0.6266653393565162,0.9073992282997353,1.9407206366802563,0.1415175430462448
-0.012380159428858537,0.6259908548858327,0.907633579716589,1.9396709413591684,0.14155198213928244
-0.01213201042531387,0.6252677015579404,0.9080371108893054,1.9386240286646008,0.1415861095355942
-0.011880949797503251,0.6244964057315345,0.9082882221364499,1.9375798863191678,0.1416199385672774
-0.011627037798772125,0.6236775306094979,0.908686957353833,1.9365385032115026,0.14165344365191002
-0.011370335366781283,0.6228116761865993,0.9074780618704033,1.9354998731775048,0.1416879871254707
-0.011110904108882352,0.6218994791904746,0.9062887350284858,1.9344640414038015,0.141725772269149
-0.010848806287331739,0.6209416130152154,0.9050598215917874,1.9334310636333367,0.14176647738510395
-0.01058410480434859,0.6199387876468282,0.9052794860335115,1.932400985319946,0.14180879070602637
-0.010316863187018197,0.618891749579807,0.9057104901585245,1.93137380715367,0.1418507003744945
-0.01004714557204591,0.6178012817239453,0.9061391338575421,1.9303495130502197,0.14189204254012613
-0.009775016690364565,0.6166682033005052,0.9064790106878045,1.9293280833023523,0.14193242348612659
-0.009500541851599572,0.615493369726769,0.9066497751937385,1.9283094876539715,0.1419714753941621
-0.009223786928394612,0.6142776724879303,0.9070749431762146,1.9272936959761124,0.14200946348092935
-0.008944818340602933,0.6130220389952353,0.9059214131511069,1.9262806905486225,0.1420478750064032
-0.008663703039346337,0.6117274324291837,0.905988688018403,1.925270493122218,0.14208715289625323
-0.0083805084909478,0.6103948515665547,0.9064223078716113,1.9242630851615206,0.14212519857664016
-0.008095302660739594,0.6090253305899221,0.9049482679612312,1.923258448291161,0.14216374959555383
-0.007808153996751818,0.6076199388782679,0.9053779234792764,1.9222566080117152,0.1422035438944168
-0.007519131413285548,0.606179780777194,0.9058039140426296,1.9212575576481183,0.14224265795268337
-0.0072283042743734194,0.6047059953471993,0.9062249822722267,1.920261277503645,0.1422810163169858
-0.006935742377132708,0.6031997560883449,0.9059900869127172,1.9192677450602589,0.14231836924045388
-0.006641515935014481,0.6016622706395967,0.9054710915839521,1.9182769326237217,0.14235469117561408
-0.006345695560952433,0.6000947804510325,0.904656967706452,1.9172888194203581,0.14239052470557217
-0.006048352250416371,0.5984985604270017,0.9035313275384838,1.9163033971811594,0.14242659903496502
-0.005749557364373502,0.5968749185382707,0.9020894085405442,1.9153206740182704,0.142463766756101
-0.005449382612162253,0.5952251954010818,0.9005370740254194,1.9143406725937795,0.14250258579552927
-0.005147900034282218,0.5935507638209704,0.9007759195229759,1.9133634191188122,0.1425423338503878
-0.0048451819851048706,0.5918530282991309,0.9010414728179484,1.9123889066901298,0.14258155401354813
-0.004541301115509067,0.5901334244990035,0.9013001020703832,1.911417121381649,0.1426204205585683
-0.004236330355444639,0.5883934186707305,0.9015517239709865,1.9104480506624917,0.14265892326108837
-0.0039303428964301635,0.5866345070310164,0.9017965861151758,1.909481681666442,0.14269705847241737
-0.0036234121739870044,0.5848582150959001,0.9020348561990194,1.9085180024406057,0.14273489946743315
-0.0033156118500152912,0.5830660969638729,0.9022663762361932,1.9075570015043914,0.1427724079201085
-0.0030070157951151122,0.5812597345467444,0.9003341746049506,1.9065986717336025,0.14281066909790843
-0.002697698070858422,0.5794407367456027,0.9005214426796118,1.905643041216589,0.1428503955890476
-0.0023877329120143348,0.5776107385692251,0.8989304554288711,1.9046901156825566,0.14289063796985613
-0.0020771947087329535,0.5757714001922473,0.8991098583194705,1.9037399092866178,0.14293165963162413
-0.0017661579886924525,0.5739244059504334,0.8968328300807654,1.9027924255565754,0.14297381837558698
-0.00145469739921261,0.5720714632703922,0.8969737329789335,1.9018477020819966,0.14301779608191692
-0.0011428876893399133,0.5702143015311381,0.8973651837851543,1.9009057422301823,0.14306146788554522
-0.0008308036919078378,0.5683546708549384,0.8975001967236078,1.8999665349147195,0.14310498567636373
-0.0005185203055778223,0.566494340824993,0.89763104417947,1.8990300726745843,0.1431484027577991
-0.0002061124768635403,0.5646350991275754,0.8977555609151452,1.8980963474450894,0.14319167692560017
0.00010634481785578908,0.5627787501164261,0.8978755598487675,1.8971653510690587,0.14323480521859058
0.00041877659032923254,0.56092711329731,0.8979891953161271,1.896237075559836,0.14327785165576593
0.0007311078584311609,0.5590820217308876,0.8980974033566473,1.8953115132144254,0.14332074481039206
0.0010432636641564015,0.5572453203522345,0.8984778791333013,1.8943886572300495,0.1433635599233716
0.001355169091610088,0.5554188642056205,0.8985796181472356,1.8934684951002985,0.1434058911196964
0.001666749284986819,0.5536045165934451,0.8986783262910014,1.8925510169839947,0.14344821459753787
0.0019779294665357673,0.551804147138547,0.8987728401319975,1.8916362168150131,0.14349045719449496
0.0022886349545071746,0.5500196297594925,0.8991474085315141,1.8907240870875748,0.14353249541992505
0.002598791181075324,0.5482528405588049,0.8992327351760578,1.8898146162150133,0.14357427027254138
0.002908323710234654,0.5465056556245953,0.8993163224914583,1.8889077979146451,0.1436161499160237
0.0032171582556639404,0.5447799487464764,0.8964749538422004,1.8880036379815586,0.14365987362701432
0.003525220698554828,0.5430775890471946,0.8965280282989003,1.8871021935539285,0.14370625107623078
0.003832437105399688,0.5414004385319434,0.8967458346888662,1.886203476067461,0.14375245261282998
0.004138733745735659,0.5397503495579222,0.8968007448852716,1.8853074735828992,0.1437983793677603
0.004444037109839326,0.5381291622272997,0.8968527896612672,1.8844141792664713,0.1438443593704577
0.004748273926368787,0.5365387017074099,0.8952979112387591,1.8835235909633739,0.14389068825911347
0.005051371179948505,0.5349807754826555,0.8953416114903393,1.8826357133496616,0.14393747104686694
0.005353256128692505,0.5334571705433019,0.8922409242770608,1.881750554003019,0.14398619381437405
0.005653856321662245,0.5319696505170374,0.8890624815253823,1.880868185700624,0.14403982229198004
0.005953099616254294,0.5305199527498977,0.8890764122038857,1.8799886912471275,0.14409640233536242
0.00625091419551441,0.5291097853438654,0.8891040631901895,1.8791120839735254,0.14415293013645344
0.0065472285853731445,0.5277408241591723,0.8875605817242677,1.8782383585129934,0.14420958969962602
0.006841971671799276,0.5264147097900276,0.8843477309976242,1.8773675221778243,0.14426831820673114
0.007135072717866914,0.5251330445231853,0.8828266595559966,1.8764996372221732,0.14432981931479105
0.00742646138073191,0.5238973892894074,0.883194060209681,1.8756347111656673,0.14439088351259202
0.007716067728513944,0.522709260618479,0.8832179285558367,1.8747727282187445,0.1444515448761127
0.008003822257079646,0.5215701276090359,0.8834243412257681,1.873913678087021,0.14451195711323295
0.008289655906723498,0.5204814089249133,0.8803179034905906,1.8730575550262432,0.14457370507517636
0.00857350007874163,0.5194444698302191,0.8803628085861724,1.8722044111500968,0.1446380889300131
0.008855286651895247,0.5184606192756622,0.88040951960656,1.8713542577908446,0.14470241806788445
0.009134947998759422,0.5175311070489533,0.8804583051625228,1.8705070879697445,0.1447667132604531
0.009412417001953345,0.5166571210022908,0.8776123722135983,1.8696629022130473,0.14483240752461504
0.009687627070248169,0.5158397843700183,0.8776931934657349,1.8688217441611499,0.144900198037629
0.009960512154548537,0.5150801531895224,0.8777769168035935,1.8679836183366656,0.1449677009529489
0.01023100676374415,0.5143792138383005,0.875262602211526,1.8671485204090004,0.14503625206963597
0.010499045980427195,0.5137378806999026,0.8730689277134285,1.8663164866807225,0.14510723199510825
0.010764565476472332,0.513156993971047,0.8712368163725228,1.8654875510453208,0.1451797858959598
0.011027501528475042,0.5126373176217661,0.8697872720553025,1.86466172957042,0.1452529717126891
0.011287791033044985,0.5121795375198066,0.8701967979737547,1.8638390186101272,0.14532587553196916
0.01154537152195051,0.5117842597298167,0.8704738889074174,1.8630194020064257,0.14539817536467584
0.011800181177110718,0.5114520089970097,0.8694261110017883,1.8622028611534054,0.14546977753558044
0.01205215884543151,0.511183227424076,0.8697486472644693,1.8613893739131044,0.1455405691697237
0.012301244053482032,0.5109782733491001,0.8683258300676185,1.8605789174684562,0.14561028316629493
0.012547377022007993,0.5108374204311044,0.8675505901054917,1.85977145730919,0.1456784311402113
0.012790498680278458,0.5107608569486962,0.8678157920125467,1.85896695889563,0.14574543358695344
0.013030550680262442,0.510748685316019,0.8681733248787399,1.8581653998725751,0.14581175057441095
0.013267475410632269,0.5108009218189392,0.8685332971318869,1.8573667596753385,0.14587728494821206
0.01350121601058995,0.5109174965730584,0.8688953838095306,1.8565710167339762,0.1459420439428329
0.013731716383513445,0.5110982537038128,0.8692593052650002,1.8557781494546224,0.14600598219551775
0.01395892121041973,0.5113429517475672,0.8696685222074625,1.8549881361508502,0.14606918380026612
0.014182775963240978,0.5116512642712704,0.8685285505746564,1.8542009535961297,0.14613092803780225
0.01440322691791105,0.5120227807069552,0.868878977134333,1.8534165538424094,0.14619069698320658
0.014620221167259025,0.5124570073960725,0.8692309408244405,1.8526349076979887,0.14624967735345523
0.014833706633706714,0.512953368837473,0.8694767615288883,1.851855994010465,0.14630791324239414
0.015043632081766916,0.5135112091316878,0.8698856166096957,1.8510797938536374,0.14636553507478126
0.015249947130339746,0.5141297936131211,0.8692141662047598,1.8503062840184799,0.14642133894916007
0.015452602264803928,0.5148083106607861,0.8685751645579717,1.8495354004019846,0.1464741250923254
0.015651548848900004,0.5155458736773758,0.8689268404781149,1.8487670962800953,0.14652557372593628
0.015846739136402704,0.516341523225673,0.8692775964863908,1.8480013482333697,0.14657633540167472
0.016038126282580046,0.5171942293106823,0.8696274056929298,1.8472381372706757,0.14662637776287932
0.01622566435543563,0.5181028937953375,0.8699765504165685,1.8464774437356668,0.1466756866679396
0.016409308346732144,0.5190663529372092,0.8703230550006271,1.8457192481848945,0.14672431348255469
0.016589014182793297,0.5200833800333603,0.8706699368338812,1.8449635325072677,0.14677225169774966
0.01676473873508092,0.5211526881603286,0.8710158397920144,1.8442102764315609,0.14681937878743942
0.016936439830546098,0.5222729329961278,0.8707160963568219,1.8434594566096048,0.14686518971204626
0.017104076261750093,0.5234427157112206,0.8710635746589798,1.8427110336393628,0.1469094432752187
0.017267607796754052,0.5246605859155771,0.8712690158838575,1.841964983774805,0.14695304159152814
0.017426995188774597,0.5259250446491316,0.8714294785161655,1.8412212887190258,0.14699597085200414
0.01758220018560273,0.5272345474033481,0.8712956471079512,1.840479928095385,0.14703765655119844
0.017733185538784238,0.528587507161953,0.8716510585796742,1.839740862883731,0.14707779203723137
0.017879915012559082,0.5299822974494103,0.8716793453849243,1.8390040666938738,0.1471166244415858
0.018022353392557894,0.5314172553762646,0.8718501750931159,1.8382694954665757,0.14715311306533108
0.018160466494253284,0.5328906846710338,0.8721605138687005,1.837537095306488,0.14718700794705009
0.018294221171163704,0.5344008586890133,0.8725759897816521,1.8368068125438282,0.14721895871759821
0.018423585322808803,0.5359460233889979,0.873038172153126,1.8360786144788626,0.14724919378077014
0.018548527902413157,0.5375244002696284,0.8734813854558272,1.8353524499327445,0.14727731210526465
0.018669018924357378,0.5391341892577806,0.8740862777176112,1.8346282841641117,0.14730354726599593
0.018785029471374667,0.5407735715421315,0.8747915114002927,1.833906057001768,0.1473265262583242
0.018896531701490513,0.5424407123457518,0.8755778388221521,1.8331856980632488,0.14734607362195842
0.019003498854704908,0.5441337636322809,0.8764306644789029,1.8324671335629594,0.1473620809307845
0.01910590525941466,0.5458508667409487,0.8773224184238281,1.8317502890655621,0.14737451401346716
0.019203726338574128,0.5475901549463686,0.8782423283367174,1.831035089478768,0.14738337309319044
0.01929693861559392,0.5493497559396978,0.8791688934277186,1.8303214594111785,0.14738855089666325
0.019385519719974917,0.55112779422838,0.8796628490309044,1.8296093258669235,0.14739101894106799
0.019469448392677367,0.5529223934522708,0.8801535192376662,1.8288986549540838,0.14739254278275843
0.01954870449122262,0.554731678614543,0.880313916448394,1.828189426444771,0.14739334556192474
0.019623268994527463,0.556553778226252,0.8804326821766236,1.8274816255512751,0.1473935928478377
0.0196931240074691,0.5583868263639734,0.8805104685229993,1.8267752387835525,0.14739334776511104
0.019758252765179757,0.5602289646403505,0.8809982335519475,1.826070251812532,0.1473923506971321
0.01981863963707013,0.5620783440878252,0.8810507396516064,1.8253666451620247,0.14739060416445193
0.019874270130580844,0.5639331269561844,0.8815335141508335,1.8246644034472808,0.14738818199721695
0.019925130894660532,0.5657914884249179,0.8819292014733005,1.8239635087218402,0.147385077121816
0.019971209722969924,0.5676516182316659,0.8824094739723071,1.8232639465839722,0.14738132025239098
0.020012495556811463,0.5695117222183226,0.8828775930005628,1.8225656984740515,0.14737669986340068
0.020048978487783153,0.5713700237965772,0.8833418327620854,1.8218687448712025,0.1473712661383333
0.020080649760156805,0.5732247653349072,0.8838121613118939,1.8211730679045919,0.1473650869375209
0.02010750177297885,0.5750742094691709,0.8846184553099223,1.8204786438208571,0.1473570328538898
0.020129528081895387,0.5769166403391265,0.8850798481350567,1.8197854179787405,0.1473466796573333
0.020146723400697803,0.5787503647533011,0.8857807769007224,1.8190933575213633,0.147334550726677
0.02015908360259212,0.5805737132847221,0.8863673562735256,1.818402405225336,0.14731924572504362
0.02016660572118937,0.5823850413001189,0.8868173301324636,1.8177125023920264,0.14730184419604653
0.02016928795121708,0.5841827299252045,0.8872436719256827,1.8170236222170786,0.14728364033867264
0.02016712964895291,0.5859651869487196,0.8876739706390764,1.8163357439337928,0.14726402067809988
0.020160131332379237,0.5877308476679057,0.8879574060361548,1.8156488233984025,0.14724203019549384
0.02014829468105815,0.5894781756780765,0.8880569829797804,1.8149628200249002,0.14721875063834836
0.02013162253572931,0.5912056636089403,0.8884532068042537,1.8142777167364232,0.14719487637881745
0.020110118897627566,0.5929118338102868,0.888865765217149,1.8135934979601709,0.14717028260574877
0.0200837889275228,0.5945952389896242,0.88898465364113,1.8129101463509707,0.1471446772622899
0.020052638944481588,0.596254462804291,0.8893877922034571,1.8122276358560614,0.1471179713880439
0.020016676424350094,0.5978881204104963,0.8893309756443679,1.8115459481542795,0.14709046830853387
0.019975909997960756,0.5994948589717273,0.8891806415604337,1.8108650632789582,0.1470620712527672
0.01993034944906005,0.6010733581288032,0.8889773311611305,1.8101849643250325,0.147032938897939
0.019880005711961062,0.6026223304338904,0.8891106918696065,1.809505635322987,0.1470031488632599
0.019824890868919132,0.6041405217506071,0.8892150955326961,1.8088270624790663,0.1469727717231655
0.019765018147231923,0.6056267116223485,0.8896344354843987,1.8081492328724447,0.1469418198128956
0.01970040191606528,0.6070797136108282,0.8893334608729285,1.8074721333081247,0.1469103603464962
0.01963105768300447,0.6084983756067756,0.8889279424960139,1.8067957553287677,0.14687866652035717
0.019557002090332665,0.6098815801146279,0.889053459557537,1.806120094047174,0.14684672521646325
0.019478252911036477,0.6112282445129814,0.8894248814686593,1.8054451386518449,0.1468141724864525
0.01939482904454109,0.6125373212924821,0.8897955797836896,1.8047708746503213,0.1467809797916382
0.019306750512173856,0.6138077982727413,0.8901650734923786,1.8040972895873204,0.1467472668304429
0.019214038452359892,0.6150386987997943,0.890532888804706,1.803424371239317,0.14671300064424592
0.01911671511554846,0.6162290819255326,0.8908995124849303,1.8027521068998047,0.146678156264275
0.019014803858873122,0.6173780425704678,0.8912643456422628,1.8020804844146268,0.1466427992992021
0.01890832914054643,0.6184847116710905,0.8916283842551607,1.8014094919902486,0.1466068964579618
0.018797316513989696,0.6195482563130434,0.891989863813717,1.8007391168185738,0.14657035994215106
0.018681792621700218,0.6205678798512276,0.8914885951712694,1.8000693454592214,0.14653343273791294
0.01856178518885785,0.6215428220179092,0.8918487307991224,1.7994001747027502,0.14649636565071295
0.018437323016670348,0.622472359019818,0.8922037656954525,1.7987315933074202,0.14645860784064002
0.018308435975461463,0.6233558036251603,0.891868578477971,1.7980635878829254,0.1464203061864643
0.018175154997502586,0.6241925052414248,0.8922221171177855,1.7973961465329267,0.14638147536049748
0.018037512069588528,0.6249818499847763,0.8925739705293355,1.7967292570030604,0.14634205885727772
0.01789554022536132,0.625723260741786,0.8929270646152438,1.7960629070034955,0.14630209619877582
0.01774927353738207,0.6264161972241993,0.8932781812953937,1.7953970843219933,0.14626154939181785
0.01759874710895376,0.6270601560173638,0.8926767875527458,1.7947317762243504,0.14622060841840434
0.01744399706569674,0.6276546706229235,0.8930244732624392,1.7940669793522293,0.14617951748680394
0.01728506054687853,0.6281993114963008,0.892351685891321,1.7934026851385083,0.14613810047721829
0.017121975696500702,0.628693686079464,0.8916300495868824,1.792738891553304,0.1460967401630096
0.01695478165414454,0.6291374388294249,0.8908749389754456,1.7920755970824374,0.14605525475322292
0.016783518545577567,0.6295302512428684,0.8921349096527929,1.7914127810823306,0.14601051244485264
0.016608227473123818,0.6298718418772604,0.8934754764260804,1.7907503198964196,0.14595824641298466
0.016428950505799223,0.6301619663687722,0.8939100254943535,1.79008807770851,0.1459012963240274
0.016245730669215405,0.6304004174472745,0.8927920225069096,1.789426015987579,0.14584404489172753
0.01605861193525364,0.6305870249486552,0.8930843782564577,1.788764134523889,0.1457867740476067
0.015867639211511898,0.6307216558246554,0.8933751630974628,1.7881024261245555,0.14572900352518164
0.01567285833052709,0.6308042141503875,0.8936624418201562,1.7874408810221438,0.14567076761957762
0.015474316038775748,0.6308346411296619,0.8940807348330093,1.7867794899365985,0.14561211803199595
0.015272059985454785,0.6308129150982087,0.8963434350108986,1.7861182273183527,0.14554976763627778
0.01506613871104623,0.6307390515248656,0.8966143923184415,1.785456971424265,0.14548210636291067
0.01485660163566735,0.6306131030107297,0.8968804380681059,1.784795679903694,0.14541397929768887
0.01464349904721063,0.6304351592862775,0.8971455658911573,1.7841343446671996,0.14534546877139987
0.01442688208927416,0.630205347206393,0.8974070986288415,1.783472959736519,0.14527677800595867
0.01420680274888802,0.6299238307432278,0.897819207899447,1.7828115199190695,0.14520762592986428
0.013983313844037676,0.6295908109767575,0.8980751116361916,1.7821500148173737,0.14513800105720848
0.013756469010987342,0.6292065260828938,0.898325062189738,1.781488437149229,0.14506805689167934
0.013526322691408101,0.6287712513189517,0.8985708097035331,1.7808267802996058,0.14499775706899798
0.013292930119311987,0.6282852990062301,0.8988127966001644,1.780165036929973,0.1449270544037239
0.013056347307795802,0.6277490185094606,0.8993293342008924,1.7795031980632356,0.14485580948354507
0.012816631035598854,0.6271627962127834,0.8995708659899972,1.7788412525096393,0.1447840517233437
0.012573838833475622,0.6265270554919269,0.8981023765293273,1.7781791936534246,0.1447122529415699
0.01232802897038927,0.6258422566821802,0.8983326967368606,1.7775170261279807,0.1446405871194354
0.012079260439526989,0.6251088970417283,0.8985612897890107,1.776854746172891,0.1445685768505502
0.011827592944142023,0.6243275107098692,0.8987771504303059,1.776192346747527,0.14449615861116755
0.01157308688322525,0.6234986686595755,0.898990037723492,1.7755298201885255,0.14442337720845205
0.011315803337009614,0.6226229786438315,0.8995291327159872,1.774867159068444,0.14435016789764585
0.011055804052311099,0.6217010851351108,0.8978890498911875,1.7742043566411396,0.14427686280063948
0.010793151427710106,0.6207336692573087,0.8961077965030645,1.7735414174640782,0.144203900787661
0.010527908498575708,0.6197214487093988,0.8941829087010794,1.7728783479693802,0.1441312144505955
0.01026013892193769,0.6186651776800123,0.8943664292458945,1.772215151598627,0.1440584598328911
0.009989906961209074,0.6175656467520824,0.8949195499913103,1.7715518220245916,0.14398522445231085
0.009717277470763336,0.6164236827966475,0.8951292221586926,1.7708883493859895,0.14391148085245922
0.009442315880369445,0.6152401488548137,0.895338375147901,1.7702247239662101,0.14383722393345114
0.009165088179489213,0.6140159440068402,0.8955454983483684,1.7695609350500834,0.14376239889716602
0.008885660901440133,0.6127520032272307,0.895721268447563,1.7688969732839754,0.14368720139944824
0.008604101107427712,0.6114492972246232,0.8962906986525313,1.7682328315810725,0.1436115341692896
0.008320476370450835,0.6101088322652324,0.8968201737573549,1.7675685000736505,0.1435354070005855
0.008034854759085016,0.6087316499784969,0.897309560269985,1.7669039709288505,0.14345890189749133
0.007747304821145906,0.6073188271435117,0.8977593015172604,1.7662392362099897,0.14338187909465797
0.007457895567238364,0.6058714754547437,0.8981770165799591,1.7655742845441316,0.1433042346659749
0.007166696454194028,0.6043907412654647,0.8960320098035474,1.764909105752992,0.14322631589417176
0.006873777368402231,0.6028778053072184,0.8964956813196318,1.764243699466879,0.14314826497067037
0.006579208609037594,0.6013338823835878,0.8940991193888232,1.7635780591610117,0.14307005224625585
0.006283060871188266,0.5997602210364362,0.8942227952456158,1.762912189434989,0.14299197363874488
0.005985405228889767,0.5981581031826848,0.8943413697095188,1.7622460876978954,0.14291367645728223
0.005686313118067598,0.5965288437196534,0.8944973468484958,1.761579749257595,0.14283501632966197
0.0053858563193925025,0.5948737900968571,0.8946477911997895,1.7609131653939616,0.14275583862060104
0.005084106941053943,0.5931943218521141,0.894793887490159,1.7602463265960182,0.1426761877886532
0.004781137401454289,0.5914918501097013,0.894934364464092,1.7595792238769214,0.14259605813389337
0.004477020411828665,0.5897678170382566,0.8947274562060717,1.7589118483352038,0.14251544214347955
0.004171828958794882,0.5880236952660246,0.8948641161741043,1.7582441905644,0.14243435479691044
0.0038656362868365736,0.586260987250988,0.8919411213339113,1.7575762471716816,0.14235378611068364
0.003558515880725347,0.5844812246033765,0.8920332845615867,1.7569080434908892,0.14227428014790167
0.0032505414478843342,0.5826859673579732,0.8925359509009476,1.7562395838558205,0.1421944562278143
0.0029417869006991087,0.5808768031936099,0.8929948483103664,1.7555708592185935,0.14211405700026433
0.002632326338778877,0.5790553465972099,0.8934248949466748,1.754901858487666,0.1420330869934144
0.002322234031173145,0.5772232379696982,0.8938114074085167,1.754232571716335,0.14195163251953968
0.0020115843985471153,0.5753821426711222,0.8938890099976011,1.7535629902553793,0.14186977086229632
0.0017004519953214274,0.5735337500023024,0.8939597402219732,1.7528931089320425,0.14178771872435778
0.0013889114917795408,0.5716797721203818,0.8985487114523104,1.7522229061847923,0.14170179523178641
0.0010770376561466688,0.5698219428856653,0.898608327044318,1.7515522528213872,0.1416104511068331
0.0007649053366463655,0.5679620166372331,0.8990053321188461,1.7508811140242508,0.14151892940534924
0.00045258944353703445,0.5661017668948632,0.9041867761831704,1.7502094641075323,0.14142339138767354
0.00014016493113381344,0.5642429849849483,0.9045564582517546,1.7495371749001112,0.14132232207078288
-0.00017229322017995628,0.5623874785881976,0.9011732566734727,1.7488642143838355,0.14122260124577002
-0.0004847100219479107,0.5605370702071095,0.9011749786921935,1.7481906375852017,0.14112525940012802
-0.0007970104956372619,0.558693595551375,0.9015189375366459,1.7475164605060518,0.14102768110969433
-0.0011091196906333476,0.5568589018396175,0.8976261622037295,1.7468416871516481,0.1409318544182612
-0.0014209627022276356,0.5550348460161375,0.8975794408919934,1.746166385808511,0.14083887582469987
-0.001732464689594205,0.5532232928816141,0.8975284085901256,1.7454905787592938,0.1407462083636551
-0.0020435508937513966,0.5514261131370755,0.8931504018120555,1.7448142850700832,0.140656216815397
-0.0023541466555034515,0.5496451813407865,0.8935448943562945,1.7441375943699113,0.14056987560920908
-0.002664177433358491,0.5478823737781617,0.888845808571661,1.74346054282844,0.1404862964533385
-0.0029735688214180293,0.5461395662452048,0.8839158713187246,1.742783249697055,0.1404104286232407
-0.0032822465672340583,0.5444186317464964,0.8788677216306279,1.7421058752523808,0.1403427468186014
-0.003590136589629296,0.5427214381092736,0.8792554719458738,1.741428568158193,0.14027992964137018
-0.003897164996476347,0.5410498455156741,0.8795970373919763,1.7407513554572769,0.14021674543901794
-0.004203258102431283,0.5394057039558391,0.874554655949619,1.7400742478316906,0.1401567821366446
-0.004508342446618075,0.537790850605185,0.8696300334443182,1.739397380820311,0.14010539318497048
-0.0048123448102584685,0.536207107129784,0.8695386568387338,1.7387209085677524,0.1400593284378933
-0.005115192234244553,0.534656276924496,0.8698627518223202,1.738044871522482,0.14001350515852792
-0.005416812036648267,0.5331401422891648,0.8701429584744006,1.7373692663962115,0.13996735210246553
-0.005717131830164849,0.5316604615489235,0.87055559763867,1.7366940860486608,0.13992087351776905
-0.006016079539485478,0.5302189661253355,0.8704628758485502,1.7360193236791572,0.13987435629298442
-0.006313583418594885,0.5288173575658552,0.8708729093346371,1.7353449838333137,0.13982802613486
-0.006609572067990212,0.527457304539772,0.8707808780673177,1.7346710633394133,0.13978165016536157
-0.006903974451816376,0.5261404398095091,0.8706893642320422,1.733997568559442,0.13973586094228435
-0.007196719914914449,0.524868357186836,0.8710953501124323,1.733324508257379,0.13969025564738066
-0.007487738199778519,0.5236426084841664,0.8710039899462328,1.732651879465164,0.13964460742623527
-0.007776959463417173,0.5224647004717555,0.866452529939028,1.7319797021981238,0.13960239620280404
-0.008064314294115438,0.5213360918521255,0.8622758462317288,1.7313081021064693,0.13956779466874122
-0.00834973372809333,0.5202581902635626,0.8585932675073877,1.730637222216345,0.1395399520417194
-0.008633149266056763,0.519232349324955,0.8555126144722687,1.7299671859549657,0.13951783246380522
-0.008914492889637042,0.5182598657345661,0.8555952965634702,1.7292980866204006,0.13949879386360145
-0.009193697077715026,0.5173419764356204,0.8532796237782773,1.728629952482921,0.13948122105468963
-0.009470694822625827,0.5164798558617336,0.8517279552631187,1.7279628323375371,0.13946633606194483
-0.009745419646240296,0.5156746132752695,0.8519715849043735,1.7272967603553842,0.1394523894631151
-0.0100178056159195,0.5149272902116901,0.8522238440441555,1.7266317389180201,0.13943828386141882
-0.01028778736033822,0.5142388580427789,0.8577192756218078,1.725967757650119,0.13942295847655192
-0.010555300085173755,0.5136102156713683,0.8622749875655505,1.7253047690428696,0.1394049807441551
-0.010820279588656277,0.513042187369786,0.8658844787997867,1.7246427250623644,0.13938506325334976
-0.01108266227697688,0.5125355207737572,0.8648397332620831,1.7239815972050279,0.13936472025509686
-0.011342385179549873,0.5120908850428454,0.8650901775126028,1.7233213907916651,0.13934490998381194
-0.011599385964125348,0.5117088691978026,0.8653491325343787,1.722662107254454,0.13932503173325564
-0.011853602951748652,0.5113899806443173,0.8651537228935716,1.7220037409420976,0.13930467057856705
-0.012104975131563073,0.5111346438917479,0.8656189236662333,1.7213462703447047,0.13928273853666512
-0.012353442175452067,0.5109431994743469,0.8658893186960688,1.7206896548699033,0.13925925757239044
-0.012598944452517805,0.51081590308137,0.8663106768539887,1.7200338798695476,0.1392354777720543
-0.012841423043392239,0.510752924901282,0.8667394056095703,1.7193789348372248,0.1392111640780169
-0.01308081975437751,0.5107543491839891,0.8671765654540243,1.7187248071984722,0.13918632573464007
-0.013317077131412131,0.5108201740237617,0.8685042028738073,1.7180714803028114,0.13916002221923188
-0.013550138473859686,0.5109503113641453,0.8689683441043623,1.7174189085340161,0.13913168652310906
-0.013779947848116751,0.5111445872248389,0.8694404683050844,1.716767068924834,0.1391028241858121
-0.014006450101036598,0.5114027421491649,0.8699186895844945,1.7161159487265338,0.13907329772061977
-0.014229590873165832,0.511724431869429,0.8702511925171552,1.7154655335426028,0.1390432851107125
-0.014449316611790212,0.5121092281861631,0.8718174185697543,1.7148158088569594,0.13901149926577408
-0.014665574583787231,0.512556620055998,0.8720829276830153,1.71416671462602,0.13897731914649925
-0.014878312888281649,0.5130660148817273,0.8726163451662109,1.7135182323044928,0.13894275669820644
-0.015087480469101628,0.513636739996982,0.872851986790212,1.712870347808561,0.13890761330873955
-0.01529302712703176,0.5142680443369138,0.873384914474251,1.7122230537609824,0.1388721588684962
-0.015494903531860827,0.5149591002853443,0.8739216694274801,1.7115763371822987,0.1388359844366548
-0.015693061234220727,0.5157090056879795,0.8759408441298359,1.7109301753504516,0.1387974308841614
-0.015887452677214083,0.5165167860205628,0.876518925664607,1.710284490695106,0.13875537873493787
-0.016078031207827716,0.5173813967002345,0.8782671567079345,1.7096392417794681,0.13871137216594068
-0.016264751088129047,0.518301725527825,0.8805805425693194,1.708994364189903,0.1386631695135672
-0.01644756750624314,0.5192765952484748,0.8811844438622338,1.7083497682229265,0.13861147044503072
-0.016626436587107146,0.5203047662176565,0.8835413493495797,1.707705410213203,0.13855722883838376
-0.01680131540300031,0.5213849391595535,0.8841268896766069,1.7070612139991834,0.13849964444891463
-0.016972161983846278,0.522515758004708,0.8864061477559397,1.706417139034829,0.13843977963945361
-0.017138935327285724,0.5236958127938963,0.8869732464430309,1.7057731173024702,0.13837693792915526
-0.017301595408516758,0.5249236426353882,0.887556296667094,1.7051291198157301,0.13831337863972998
-0.017460103189900707,0.5261977387029909,0.8877710997260649,1.7044851330581456,0.1382493269049333
-0.017614420630330873,0.5275165472626288,0.8883275992833033,1.7038411507739821,0.1381849318437516
-0.017764510694362343,0.5288784727156488,0.8889004445642692,1.7031971618227773,0.138119845530983
-0.017910337361100207,0.5302818806475231,0.8908967731113091,1.7025531454935334,0.13805283680889366
-0.018051865632844454,0.5317251008711844,0.891071686673222,1.7019090480426202,0.1379835889405032
-0.01818906154348918,0.5332064304548321,0.8915808294837052,1.7012648520312603,0.13791409690732742
-0.018321892166674444,0.5347241367246885,0.8920826820822689,1.7006205495331042,0.13784407737344978
-0.018450325623688268,0.5362764602338663,0.8940216744700827,1.6999761236561042,0.1377722463984933
-0.018574331091117554,0.5378616176891972,0.8959269602361254,1.6993315136039637,0.13769678916468403
-0.018693878808245214,0.5394778048286024,0.8977827311746417,1.6986866475260771,0.1376177112541515
-0.018808940084193124,0.5411231992422748,0.899226526437818,1.6980414583645242,0.1375358229324735
-0.018919487304807324,0.542795963131679,0.9001943155324197,1.6973959062198536,0.13745259384675995
-0.019025493939285505,0.5444942460010863,0.9017364685737772,1.6967499712930498,0.13736798212206014
-0.019126934546544266,0.5462161872770298,0.9020862920035707,1.6961036161208105,0.13728182573157724
-0.019223784781324783,0.5479599188517659,0.9024287827381184,1.6954568302413462,0.13719560826625868
-0.01931602140003566,0.5497235675474613,0.902764093435899,1.6948096141805111,0.13710943103241252
-0.019403622266331112,0.5515052574984445,0.9030407908871341,1.6941619697220345,0.13702325978112193
-0.019486566356423714,0.5533031124494707,0.9033680282309439,1.693513896924715,0.13693701820169468
-0.019564833764130027,0.5551152579684685,0.9036882831343828,1.6928653952638635,0.1368507261794163
-0.019638405705647916,0.5569398235727986,0.9040015036299088,1.6922164650218467,0.13676442237183686
-0.019707264524064537,0.5587749447685035,0.9043080949305636,1.6915671071065872,0.13667813502344114
-0.019771393693594035,0.5606187650025,0.9046082685718736,1.690917322700886,0.13659185898282808
-0.01983077782354353,0.5624694375280489,0.9049020282196675,1.69026711369121,0.13650567018489848
-0.019885402662006904,0.5643251271842342,0.9051893489272826,1.689616481630587,0.13641948893182465
-0.019935255099285114,0.5661840120904855,0.9054707234278606,1.6889654285959124,0.13633340581015668
-0.019980323171032568,0.5680442852575175,0.9057463591980234,1.6883139574867472,0.13624742211476915
-0.020020596061128357,0.5699041561162633,0.9069357576177327,1.687662067441524,0.13616082220410855
-0.020056064104272162,0.5717618519666711,0.90720737188044,1.6870097346650432,0.1360730533687048
-0.020086718788303863,0.5736156193483819,0.9068742191504592,1.6863569568137673,0.13598636642769912
-0.020112552756246516,0.5754637253354934,0.9060315695916841,1.685703780224747,0.13590280577144292
-0.020133559808071723,0.5773044587577492,0.904742761608753,1.6850502783035926,0.13582331723745913
-0.02014973490218807,0.5791361313506022,0.9030800930650413,1.6843965409687156,0.1357486655980974
-0.02016107415665037,0.5809570788366902,0.9031941684499384,1.68374266064692,0.13567727590047415
-0.020167574850092056,0.5827656619413207,0.9033046663925783,1.6830886643196024,0.1356062850092469
-0.02016923542237802,0.5845602673446071,0.9012902872427373,1.682434571040701,0.13553785403716845
-0.020166055474978895,0.5863393085729283,0.9015542281027731,1.6817804632040934,0.13547280436520961
-0.020158035771066583,0.5881012268323804,0.9017773219442303,1.6811263603682245,0.13540752617598498
-0.020145178235331723,0.5898444917868886,0.9019608001589383,1.6804722581115994,0.13534205517122533
-0.02012748595352112,0.5915676022836291,0.8997424122438729,1.6798181654986135,0.1352789268011521
-0.02010496317169745,0.5932690870283546,0.9000938260953693,1.6791641661916912,0.13521928783605924
-0.020077615295220216,0.5949475052132205,0.9001875328653971,1.6785102805665686,0.13515964312684794
-0.020045448887448643,0.5966014470995961,0.9002786885369037,1.6778565131624323,0.1351003413762271
-0.020008471668165956,0.5982295345583396,0.9004782479817482,1.677202869375084,0.135041144251778
-0.01996669251172753,0.599830421569907,0.9006411844930903,1.6765493466561723,0.13498174835618398
-0.01992012144493027,0.6014027946866274,0.9007317247560498,1.6758959415178432,0.13492227753042355
-0.019868769644606574,0.6029453734593699,0.9008201435558978,1.6752426556012776,0.13486303653264783
-0.019812649434942167,0.6044569108307788,0.9009065585158086,1.6745894947527549,0.134804140766939
-0.0197517742845178,0.6059361934971392,0.901443422462519,1.6739364646788453,0.13474538141592496
-0.019686158803077516,0.6073820422408903,0.9015366915169496,1.6732835645901383,0.13468666856500133
-0.019615818738021845,0.6087933122356783,0.9020565691356367,1.6726307991115066,0.13462815570865788
-0.019540770970628812,0.6101688933257933,0.902614002318273,1.6719781662321196,0.13456937553804665
-0.019461033512002214,0.6115077102817161,0.9027203061752983,1.6713256614111665,0.13451055070448822
-0.019376625498749567,0.6128087230334559,0.9028234446329304,1.6706732877737538,0.13445202961119834
-0.019287567188388595,0.614070926883235,0.9029234843316147,1.6700210522779386,0.13439390551198363
-0.01919387995448656,0.6152933526990246,0.9032735945869372,1.6693689621178887,0.13433607337255998
-0.01909558628152973,0.6164750670903529,0.9036581420542602,1.6687170200959334,0.13427833099665856
-0.01899270975952789,0.6176151725677068,0.9037737172835354,1.6680652295349778,0.13422088338073482
-0.018885275078352373,0.6187128076868076,0.901601844503648,1.6674136077219779,0.1341659435379546
-0.018773308021811055,0.6197671471789266,0.8992476773791844,1.6667622481745528,0.13411685512512375
-0.01865683546146001,0.6207774020683785,0.8967777578970555,1.6661112688474669,0.13407378420808258
-0.018535885350154588,0.6217428197782205,0.8942658204148475,1.6654607928787017,0.13403704827345356
-0.018410486715340967,0.6226626842251471,0.8943043977680079,1.6648109340392474,0.1340043008968616
-0.018280669652089618,0.6235363159044917,0.8943320369584473,1.6641617247858327,0.13397211782773621
-0.018146465315872454,0.6243630719661937,0.8946296250402271,1.6635131760632593,0.13394061131708815
-0.018007905915086008,0.6251423462825061,0.8944057760643901,1.6628652994866269,0.13390952281171994
-0.017865024703321505,0.6258735695082095,0.8921203701505653,1.6622181080458023,0.13388082570044563
-0.017717855971383638,0.6265562091339851,0.8899506235615516,1.6615716958071418,0.1338579798666732
-0.017566435039061842,0.6271897695335897,0.8900337488933776,1.6609261624452256,0.13383850665550553
-0.017410798246652967,0.6277737920054003,0.8880736215747038,1.66028154401723,0.13382139943157131
-0.017250982946240067,0.6283078548088682,0.8863634326088502,1.6596379221894924,0.13380921165265522
-0.017087027492728158,0.6287915731963446,0.886626231511938,1.6589953789947165,0.13379975236794464
-0.016918971234638976,0.6292245994407352,0.8867950354907571,1.6583539310915918,0.13379037647149586
-0.016746854504667927,0.6296066228593524,0.8869683414876888,1.6577135791163262,0.1337811649071598
-0.016570718610003803,0.6299373698343308,0.887146165596967,1.657074324119339,0.1337721361547134
-0.016390605822416013,0.6302166038299086,0.8873286304626554,1.6564361687579072,0.13376335496608585
-0.016206559368108917,0.6304441254068403,0.8875016629590944,1.655799114162256,0.13375468761820714
-0.016018623417348075,0.6306197722341723,0.8876783230855634,1.6551631604842125,0.13374616230014047
-0.015826843073859564,0.6307434190985823,0.8879481823790871,1.6545283092685663,0.13373780893719972
-0.015631264364005297,0.6308149779114188,0.8881279607260082,1.6538945595084735,0.13372947022169937
-0.015431934225736825,0.6308343977135841,0.8883641514231218,1.6532619098625199,0.13372115972033688
-0.015228900497330382,0.6308016646783178,0.8885628882336991,1.6526303580969486,0.13371284255060717
-0.015022211905906264,0.6307168021119574,0.8887667101315369,1.6519999016841986,0.13370453913006203
-0.014811918055734322,0.6305798704526606,0.889116670919138,1.6513705425103191,0.13369661092608667
-0.01459806941632899,0.6303909672670958,0.8882019681501129,1.6507422903339783,0.13368993133709087
-0.014380717310337453,0.630150227245014,0.8875196899596314,1.6501151858355216,0.1336856931160931
-0.0141599139012216,0.6298578221916349,0.8878177001395622,1.6494892657119726,0.13368268731916383
-0.013935712180739817,0.6295139610177051,0.887371410224501,1.6488645378780842,0.1336800740778033
-0.013708165956228794,0.629118889727067,0.8880151331379454,1.648241014288121,0.13367799221550317
-0.013477329837690172,0.6286728914015364,0.8878555293679742,1.6476186927607175,0.13367588988768947
-0.0132432592246843,0.6281762861828503,0.8878040609960522,1.6469975782442576,0.1336742894899792
-0.013006010293034704,0.6276294312514018,0.8881193516788063,1.646377674521907,0.13367276835595537
-0.012765639981346194,0.6270327208014557,0.8882645555785161,1.645758979996738,0.13367160222516913
-0.012522205977339699,0.6263865860124647,0.8885915339917053,1.6451415063171206,0.1336709884103191
-0.01227576670400777,0.6256914950161083,0.8889170308081958,1.6445252520765452,0.13367016526909628
-0.012026381305592887,0.6249479528585847,0.8891249481081082,1.6439102137094952,0.13366970821884477
-0.011774109633393665,0.6241565014576803,0.8893918684372352,1.6432964055159185,0.13367025966868434
-0.011519012231400455,0.6233177195540714,0.8897455929077238,1.6426838415679472,0.13367127335498385
-0.011261150321765263,0.6224322226562641,0.89009636002684,1.642072519001995,0.133671990595898
-0.011000585790108595,0.6215006629785377,0.8903987582598225,1.6414624300400846,0.1336725438447738
-0.010737381170667203,0.6205237293711966,0.890104836087746,1.6408535751142095,0.13367390726719633
-0.010471599631286452,0.6195021472423755,0.8904742367341912,1.6402459795973412,0.13367639757472446
-0.01020330495825986,0.6184366784706007,0.8902946633604927,1.6396396499305337,0.13367950243517618
-0.009932561541021298,0.6173281213072173,0.8906820133618109,1.6390346080003357,0.1336836222969301
-0.009659434356691012,0.6161773102677836,0.8909758306287332,1.6384308548631468,0.13368755573112653
-0.009383988954482371,0.6149851160114014,0.8913592400916415,1.6378283868300072,0.13369145925614084
-0.009106291439969664,0.6137524452069475,0.8916623779232165,1.6372271985223512,0.13369520885257646
-0.008826408459223339,0.612480240385052,0.8920390526799022,1.6366272852621657,0.13369879015800543
-0.008544407182815319,0.611169479774631,0.8918520263103361,1.6360286437948635,0.13370299576372735
-0.008260355289698252,0.6098211771226811,0.8917572532063344,1.6354313034023962,0.13370930909818737
-0.007974320950963022,0.6084363814959977,0.8929389485286268,1.6348352952992744,0.1337160985205502
-0.007686372813477886,0.6070161770633576,0.8933465889177724,1.6342405974762522,0.1337215985059718
-0.0073965799834136165,0.6055616828566683,0.8937505540205565,1.6336471957819967,0.13372689355614356
-0.007105012009658424,0.6040740525094838,0.8941400528608126,1.6330550828378545,0.13373192865427516
-0.00681173886712635,0.6025544739711902,0.8945346484502418,1.6324642509004461,0.13373669177652664
-0.006516830939963918,0.6010041691951318,0.8949264122414767,1.6318746914848399,0.13374112999913315
-0.00622035900465796,0.5994243937987802,0.8953153717106402,1.6312863952041643,0.13374521212063184
-0.005922394213049864,0.5978164366940567,0.8955198577096126,1.6306993560024208,0.13374965188032856
-0.005623008075259332,0.5961816196857633,0.8959341588680783,1.630113588899397,0.133754821848659
-0.005322272442522353,0.5945212970360325,0.8963460691828558,1.6295290920327297,0.1337596174396817
-0.0050202594899470794,0.5928368549926134,0.8974011743419763,1.6289458516534936,0.13376342051875834
-0.004717041699192528,0.5911297112787273,0.8977708735256017,1.6283638379268457,0.13376606906628183
-0.004412691841072926,0.5894013145421677,0.8985058712303434,1.627783034982534,0.1337680159351528
-0.004107282958093248,0.5876531437612292,0.8988455130807516,1.6272034206682315,0.1337690979066896
-0.0038008883469195435,0.5858867076050018,0.8986863960712178,1.6266249842216536,0.13377000633060196
-0.003493581540787529,0.5841035437454963,0.8990521390769289,1.6260477193975968,0.13377066777382565
-0.003185436291855663,0.5823052181190251,0.8993757533436965,1.6254716176136965,0.13377095757750412
-0.0028765265535045863,0.5804933241342161,0.8997147860609199,1.624896669409662,0.1337709518208207
-0.0025669264625885176,0.5786694818239999,0.9000507374923441,1.6243228671496923,0.13377068101770498
-0.0022567103216432557,0.576835336938924,0.9003836045928918,1.6237502040652863,0.1337702278555056
-0.0019459525810535314,0.5749925599790892,0.9002003663495103,1.6231786754224269,0.13376990243601403
-0.001634727821185369,0.5731428451620717,0.9005020985388671,1.6226082883635218,0.133770010945999
-0.001323110734487164,0.5712879093241823,0.9005332272239148,1.6220390450757776,0.13377061698292886
-0.0010111761075638917,0.5694294907524835,0.9008126854493512,1.6214709605329087,0.13377184336454656
-0.0006989988032287804,0.5675693479450463,0.9010883860704445,1.6209040354080773,0.13377307841401256
-0.00038665374253618525,0.565709258297024,0.9009315099810212,1.6203382706967162,0.13377503040361144
-7.421588680156688e-05,0.563851016710233,0.9012225126019723,1.6197736907823408,0.133778089698503
0.0002382397803896429,0.5619964341240901,0.9015085971544926,1.6192102985347934,0.13378101540689505
0.0005506382711770994,0.5601473359659013,0.9018351151670896,1.61864808951922,0.13378380405520315
0.0008629046114225674,0.5583055605187371,0.9021575601837566,1.6180870561966003,0.1337863046165436
0.001174963858703329,0.5564729572053312,0.9024308990109121,1.6175271930848119,0.13378872626275684
0.0014867411202980193,0.5546513847867419,0.9019335892407387,1.616968500063921,0.13379201705801644
0.0017981615711604047,0.5528427094747932,0.9022909794095293,1.6164110099878468,0.13379683079496418
0.002109150471877161,0.5510488029576771,0.9017403061770909,1.6158547316039447,0.1338022742408012
0.0024196331866049576,0.5492715403384683,0.9024135955466269,1.6152996894698894,0.13380884012729832
0.0027295352009826055,0.5475127979867214,0.9027852527538068,1.6147458841543008,0.13381506739743218
0.003038782140014238,0.5457744513037743,0.9034152082785057,1.6141933059388502,0.13382090749134448
0.003347299785918977,0.5440583724028802,0.9037149653487745,1.61364194561159,0.13382651131815365
0.003655014095942712,0.5423664277058219,0.9040105355641952,1.6130917974541472,0.13383197722804682
0.0039618512201281255,0.5407004754582033,0.9043019288185853,1.6125428567196958,0.13383735011113715
0.004267737519038261,0.5390623631662589,0.9031842582994901,1.6119951259088894,0.13384402107867233
0.004572599581429765,0.5374539249585921,0.9038090991000559,1.6114486494557105,0.13385258353537766
0.00487636424187101,0.5358769788769568,0.9040624420009525,1.610903432939449,0.13386092125782711
0.0051789585983016435,0.5343333241008493,0.9042557831027966,1.6103594729017139,0.13386936345076028
0.00548031002952862,0.5328247381113852,0.9026077216002634,1.6098167792158364,0.13387979958695082
0.00578034621265499,0.5313529738006327,0.903005289883313,1.609275415394772,0.13389291793875457
0.006078995140437041,0.5299197565333238,0.9030606059562949,1.608735391517493,0.1339056409979615
0.006376185138565663,0.5285267811685238,0.9032149263214393,1.6081966980066755,0.133918205136361
0.006671844882867895,0.5271757090496217,0.9023782305362364,1.60765933931446,0.13393213978317933
0.006965903416424303,0.5258681649716217,0.902600216859268,1.6071233589805072,0.13394805628528186
0.0072582901665984,0.5246057341354508,0.9028179744595333,1.6065887682302353,0.13396404923456826
0.007548934961973639,0.5233899590995847,0.9030319351279259,1.6060555659613405,0.1339801023315847
0.007837768049194288,0.5222223367399187,0.9032412741745818,1.6055237491823577,0.13399612701063787
0.00812472010970586,0.521104315229326,0.9011307185618093,1.6049933270355192,0.1340144661088814
0.008409722276391262,0.5200372910488531,0.9013076457830408,1.6044643768688562,0.13403626566373966
0.008692706150098569,0.5190226060428723,0.9004951439302469,1.6039369264416627,0.13405943863605946
0.00897360381605646,0.5180615445308877,0.9009047808507875,1.6034110189350015,0.13408448420040855
0.009252347860173453,0.5171553304888793,0.8985687731971879,1.6028866719038113,0.13411176075047557
0.009528871385216997,0.5163051248132566,0.8960114324188583,1.6023639792754043,0.13414528566505432
0.00980310802686845,0.5155120226805089,0.8961432973010324,1.6018430531730554,0.1341828126664897
0.010074991969650199,0.5147770510155727,0.8961962424931845,1.601323919125192,0.13422035129995277
0.010344457962721085,0.5141011660817772,0.8963242838140519,1.6008065698644376,0.13425777012058082
0.010611441335536247,0.5134852512049003,0.8935911454141635,1.600291016917425,0.13429794616354368
0.010875878013367778,0.5129301146434688,0.8935838946050487,1.5997773485764746,0.13434193977347486
0.011137704532682364,0.512436487616916,0.8936873057923636,1.5992655834506788,0.1343858391464266
0.011396858056372163,0.5120050225025199,0.8924956511168376,1.5987557283129312,0.13443147613759868
0.011653276388835506,0.5116362912113361,0.8931830209845223,1.5982478327356298,0.13447921612237326
0.011906897990903437,0.5113307837524264,0.8938201149947589,1.597741903142317,0.1345266790026176
0.01215766199460888,0.5110889069937358,0.8939285033417178,1.5972379305361493,0.13457404126157893
0.012405508217794703,0.5109109836269119,0.8940340890072352,1.5967359142661035,0.13462172685929577
0.01265037717855702,0.510797251342217,0.8944143116037697,1.5962358558135388,0.13466948551347457
0.01289221010952069,0.5107478622184589,0.8943952744244974,1.5957377473596097,0.13471691912983008
0.013130948971943095,0.510762882331634,0.8943262381801333,1.5952415785577274,0.13476400563227567
0.013366536469643269,0.5108422915846358,0.8942075508934294,1.5947473384995534,0.1348107573959543
0.013598916062752625,0.5109859837590636,0.8940396844785957,1.5942550167153398,0.13485719734351742
0.01382803198128428,0.5111937667888234,0.8938232025777613,1.593764603675342,0.13490333135251287
0.014053829238517591,0.5114653632538531,0.8935585900442023,1.593276088545837,0.1349491034535439
0.014276253644194698,0.5118004110910003,0.893961025855386,1.5927894608220443,0.13499456648814764
0.014495251817525917,0.5121984645177831,0.8940741944462017,1.5923047118503935,0.13503995679388897
0.014710771200000868,0.5126589951635117,0.8941849808836417,1.5918218408616247,0.1350856078986885
0.014922760068002316,0.5131813934010925,0.8948596592656408,1.5913408484656004,0.13513131173025167
0.015131167545219511,0.5137649698717157,0.8949619858898371,1.5908617287334776,0.1351769846392377
0.015335943614858327,0.5144089571936088,0.8947047843061998,1.590384480227338,0.13522264814592164
0.015537039131645013,0.5151125118451264,0.8932733696644346,1.5899091016270424,0.1352695591134179
0.015734405833620825,0.5158747162116184,0.8918859339633135,1.589435648162319,0.1353202549403717
0.015927996353724695,0.5166945807848022,0.8920067467829285,1.588964183436591,0.13537325530413283
0.016117764231161073,0.5175710465027965,0.8917054649780344,1.5884947216655334,0.13542635281844942
0.0163036639225503,0.5185029872184496,0.8901547368096321,1.588027263345667,0.13548070869060125
0.016485650812858844,0.5194892122832876,0.8886475926885518,1.5875618625210466,0.13553878001750355
0.01666368122610649,0.5205284692341182,0.8887933965349837,1.5870985806602387,0.1355990690111774
0.016837712435848758,0.5216194465692353,0.888931584682437,1.5866374310273585,0.13565956258981773
0.017007702675430596,0.5227607766011162,0.8890683871984515,1.5861784137602402,0.13572029001499777
0.017173611148010557,0.5239510383726385,0.888735225817851,1.5857215276131393,0.13578096303831882
0.017335398036351597,0.5251887606239781,0.8888813542322055,1.5852667639048488,0.13584147512298858
0.017493024512377137,0.5264724247976843,0.8890172076765551,1.5848141197205028,0.1359021885885213
0.017646452746489516,0.527800468069759,0.8865501224976166,1.5843636055900714,0.13596517501232308
0.017795645916649065,0.5291712863950256,0.8841694251121225,1.5839153021394887,0.13603321261577284
0.01794056821721115,0.5305832375555746,0.8843318059000197,1.5834692895568223,0.13610395636814335
0.018081184867519223,0.5320346442016484,0.8821489533717448,1.5830255903785184,0.13617627392295595
0.01821746212025223,0.5335237968749287,0.8805719412196554,1.5825842579648914,0.13625206918139668
0.018349367269523627,0.5350489570048533,0.8787727623235809,1.5821453531962308,0.13633082059161444
0.01847686865873086,0.5366083598692647,0.8772733184055987,1.581708920461225,0.13641154617769033
0.018599935688152443,0.5382002175113952,0.8776760502837113,1.5812749829042216,0.13649294923832617
0.018718538822292158,0.5398227216059123,0.8764911933221933,1.5808435358185864,0.1365742241976669
0.018832649596967076,0.5414740462674523,0.8768119690382342,1.5804145774216076,0.1366556169232021
0.018942240626139025,0.543152350795797,0.8759456359889003,1.5799880987586368,0.1367366418887533
0.019047285608487015,0.5448557823525572,0.876300095237014,1.5795640854514124,0.13681706280868677
0.019147759333719608,0.54658247856489,0.8771809614956457,1.5791425202421494,0.13689693187400684
0.01924363768862508,0.5483305700524794,0.8765857774676555,1.5787233867675725,0.13697604732169755
0.019334897662858338,0.550098182874634,0.8769540524790589,1.5783066626775686,0.13705439621360174
0.019421517354463718,0.5518834408949622,0.8773243073723742,1.5778923302234913,0.13713208439846364
0.01950347597513105,0.5536844680616935,0.8777330130923207,1.5774803714664691,0.13720916041965908
0.01958075385518474,0.5554993906022389,0.8781024795274966,1.5770707699596551,0.1372856312804134
0.019653332448304563,0.5573263391311096,0.8784706381945244,1.5766635081920652,0.13736144992740448
0.019721194335976543,0.5591634506707842,0.8788386432395786,1.5762585691530073,0.1374367011461199
0.01978432323167342,0.5610088705855518,0.8770722050742648,1.5758559448606817,0.13751292782665023
0.01984270398476319,0.5628607544287655,0.8774499849944368,1.575455672755929,0.13759085026133083
0.019896322584145396,0.5647172697042865,0.8778257334791811,1.5750577505367283,0.13766811036369886
0.019945166161613615,0.5665765975432493,0.8775383852062414,1.574662159358202,0.13774444629655697
0.019989222994943615,0.5684369342975437,0.8772855999538247,1.5742688705844818,0.13781952754467178
0.020028482510706932,0.5702964930516801,0.87765738684209,1.5738778586228626,0.13789382084862434
0.020062935286808258,0.5721535050549187,0.8785602681196034,1.5734891074681434,0.1379676393912314
0.02009257305474666,0.5740062210757375,0.8789040318232821,1.5731026038162366,0.13804103328071846
0.020117388701600146,0.5758529126808649,0.879244436067715,1.5727183338153103,0.13811391731941203
0.020137376271732555,0.577691873441257,0.8796061962308862,1.5723362831330308,0.13818635386649905
0.02015253096822307,0.5795214200674633,0.8799418727930697,1.571956438920416,0.13825838311884178
0.020162849154017174,0.5813398934769572,0.8802735966151495,1.5715787889112456,0.13833001367081812
0.020168328352799865,0.5831456597960336,0.8806018967146215,1.571203320698467,0.13840127301457153
0.020168967249589758,0.5849371112989097,0.8809270262161607,1.570830023129893,0.1384721856638306
0.020164765691054628,0.5867126672867239,0.8812493120722044,1.5704588842930867,0.13854271421680633
0.020155724685548434,0.5884707749090814,0.879572695405329,1.5700898992493764,0.138614199437594
0.02014184640286899,0.5902099099308269,0.8798981048360541,1.5697231024792666,0.13868730853497951
0.020123134173737654,0.5919285774466773,0.8782105461310405,1.569358501713212,0.13876128413908917
0.020099592488999472,0.5936253125463113,0.8785390272689075,1.5689961285280005,0.1388367508496371
0.020071226998545875,0.5952986809324842,0.878864511855765,1.5686359831775656,0.1389118117312982
0.020038044509958445,0.5969472794946591,0.8791897850536279,1.5682780533891914,0.13898649461799517
0.02000005298687494,0.5985697368406108,0.8795136009629175,1.5679223266526594,0.13906075176178145
0.01995726154707879,0.6001647137883542,0.8798329444125594,1.567568790129451,0.13913458965696518
0.01990968046031002,0.6017309038207244,0.8779717929170172,1.56721743585251,0.13920906989704673
0.01985732114580111,0.6032670335048071,0.8782851183540195,1.5668682917083943,0.1392849884423657
0.019800196169536106,0.6047718628783822,0.8764467834842092,1.5665213642950877,0.1393617066400015
0.01973831924123521,0.6062441858054354,0.8767580320628863,1.5661766822106038,0.1394397816594734
0.019671705211064153,0.6076828303027125,0.8770686905224403,1.5658342453366474,0.13951753010462875
0.019600370066070388,0.6090866588392202,0.8773790186851156,1.5654940426695305,0.13959493138140427
0.019524330926346267,0.6104545686104789,0.875552053334692,1.5651560683131494,0.1396730817075547
0.019443606040920443,0.6117854917892436,0.8737808105698561,1.5648203533638443,0.13975344414785765
0.019358214783377868,0.613078395754356,0.8720675637747914,1.5644869351824304,0.1398357880417764
0.019268177647210442,0.6143322832992658,0.872390647591123,1.5641558409709007,0.13991896602662196
0.019173516240898573,0.615546192821709,0.8726827936921696,1.5638270668120346,0.14000180845058366
0.01907425328272558,0.6167191984959446,0.870909768243137,1.5635006042128539,0.14008495230862414
0.01897041259532481,0.6178504104288614,0.8711979172943439,1.5631764657950513,0.14016884434963633
0.01886201909996274,0.6189389748012097,0.8714802281689144,1.5628546494319588,0.1402525447474119
0.018749098810558047,0.6199840739951225,0.871157385693184,1.5625351456426486,0.1403360674128722
0.01863167882743811,0.6209849267090315,0.8708810969817784,1.5622179503551856,0.14041972425265692
0.018509787330835286,0.6219407880610087,0.8711908787239631,1.5619030606457767,0.14050330318591475
0.018383453574123566,0.6228509496814983,0.8715251422548943,1.5615904660695386,0.14058649893149727
0.0182527078767982,0.6237147397963448,0.8718629416756998,1.5612801541613526,0.14066924819462354
0.01811758161719891,0.624531523300945,0.8721799492650151,1.5609721101509701,0.14075147767236673
0.01797810722497946,0.6253007018263265,0.8725250892687293,1.560666319504405,0.1408331651659629
0.017834318173324346,0.6260217137978517,0.8706498709530829,1.5603627693867046,0.14091494306111088
0.017686248970915853,0.6266940344872404,0.8709615752868971,1.5600614683053902,0.1409973271625748
0.01753393515365171,0.6273171760585025,0.8713033254418594,1.5597624140327964,0.1410795222464516
0.01737741327611699,0.6278906876083737,0.8716204361993404,1.5594655940996007,0.1411611873981857
0.017216720902810977,0.6284141552017495,0.8714554067224484,1.5591709950555868,0.1412425395243469
0.01705189659913192,0.6288872019025957,0.8717942618622387,1.5588786081384791,0.14132361255211645
0.016882979922121403,0.6293094878007721,0.872172059359963,1.5585884198412734,0.1414041443104609
0.016710011410971143,0.6296807100351273,0.8720869718712745,1.558300415735476,0.14148427913937855
0.016533032577293598,0.6300006028132336,0.8724888717712938,1.558014583464568,0.14156378611350848
0.016352085895159272,0.6302689374280371,0.8724638714066941,1.5577309024477461,0.14164258924543446
0.01616721479090326,0.6304855222716997,0.8724867857690791,1.5574493592560914,0.1417210188820955
0.01597846363270328,0.6306502028468441,0.8707944064990667,1.5571699421351282,0.14179926647238236
0.015785877719931063,0.630762861775394,0.8712034574680175,1.5568926483438497,0.14187747354335148
0.015589503272281445,0.6308234188051546,0.8712237342676097,1.556617463628157,0.1419548916264661
0.01538938741867906,0.6308318308142415,0.8713200151343151,1.5563443670003525,0.14203142273865063
0.015185578185968277,0.6307880918134375,0.871481187818532,1.5560733340975375,0.14210678808691696
0.014978124487386541,0.6306922329465244,0.8717172429039721,1.5558043349233515,0.14218072702220289
0.01476707611082577,0.6305443224885761,0.8720140049212293,1.5555373336342138,0.14225294164642982
0.014552483706883331,0.6303444658422067,0.8723623863482386,1.5552722924717914,0.14232380459370814
0.014334398776705866,0.6300928055316957,0.8708868203094506,1.5550091915802213,0.1423940971822473
0.014112873659629958,0.6297895211948916,0.8716219091771762,1.5547480131147755,0.14246367386408254
0.013887961520620306,0.6294348295727565,0.871980875709038,1.5544887399085778,0.14253255991339414
0.013659716337510591,0.629028984496391,0.8723380836552777,1.554231355691545,0.14260088393892006
0.013428192888049232,0.6285722768713107,0.8725387387118587,1.5539758411423157,0.14266798922703036
0.013193446736752597,0.6280650346587406,0.8732129595366952,1.5537221602901845,0.1427336331056967
0.012955534221570319,0.6275076228536376,0.8734325116233869,1.553470289986819,0.14279819739154115
0.012714512440364015,0.6269004434591096,0.8737701094634627,1.5532201958817955,0.14286131779126204
0.012470439237204058,0.6262439354568707,0.8741057505911032,1.5529718561662602,0.14292379845828257
0.01222337318848784,0.6255385747733098,0.8744349192501176,1.5527252546405423,0.1429856298858925
0.011973373588880882,0.624784874240728,0.8747537963198038,1.5524803743700841,0.14304681538426292
0.011720500437087143,0.623983383553235,0.8750841825293886,1.5522372010200423,0.14310749458237665
0.01146481442144926,0.6231346892167582,0.8754074692924351,1.5519957192236342,0.14316749918350413
0.01120637690538356,0.6222394144925636,0.8757280891997526,1.5517559125964344,0.14322688097979508
0.010945249912653337,0.6212982193336316,0.8760460252333466,1.5515177647396659,0.14328558385706575
0.010681496112483464,0.6203118003131962,0.8763611142104416,1.551281259300689,0.14334365517218126
0.010415178804519901,0.619280890544662,0.8764951822183666,1.5510463773130596,0.14340057664192227
0.010146361903638143,0.618206259592103,0.8768047758204259,1.5508130871943493,0.14345623254443812
0.009875109924604022,0.6170887133704438,0.8771144175968754,1.5505813670885038,0.14351107214799072
0.009601487966590523,0.6159290940343901,0.877411673423338,1.5503511990679866,0.14356527576254213
0.009325561697554042,0.6147282798550866,0.8777181552876213,1.5501225674444357,0.14361882316356045
0.009047397338474712,0.6134871850834357,0.8783147256647296,1.5498954567363488,0.14367185734968382
0.008767061647463388,0.6122067597989151,0.8786206286432718,1.549669855705917,0.14372448528750886
0.00848462190374039,0.6108879897426965,0.8772377322979319,1.5494457498660024,0.14377613514573329
0.008200145891488299,0.6095318961337322,0.8771326088655194,1.549223105784359,0.14382616395756037
0.007913701883584551,0.6081395354664747,0.8769639439251449,1.5490018961987926,0.1438752422683678
0.00762535862521617,0.6067119992887473,0.8767441828818288,1.5487821020701045,0.1439237071356108
0.007335185317380962,0.6052504139582555,0.877033630620469,1.5485637117906597,0.14397174667709747
0.007043251600279878,0.6037559403761079,0.8773635068451338,1.548346711450207,0.144019168478395
0.006749627536603777,0.6022297736956522,0.8779585635835874,1.5481310859711332,0.1440659846559966
0.006454383594718505,0.6006731430048534,0.8785120668071651,1.5479168218120742,0.1441123019623654
0.006157590631752763,0.5990873109803354,0.8787996879755444,1.5477039046809355,0.14415791525569696
0.005859319876593144,0.5974735735111341,0.87857120488971,1.5474923172922102,0.14420298413623892
0.005559642912788981,0.5958332592901389,0.8770331473560207,1.547282048524308,0.14424717571593557
0.00525863166137324,0.5941677293710945,0.8766760421917922,1.547073065978847,0.14429019252986164
0.004956358363601208,0.5924783766889635,0.8763339289354514,1.5468653649589692,0.14433368719879489
0.004652895563613504,0.5907666255413767,0.8766202110054717,1.5466589510805662,0.14437729075842534
0.004348316091025285,0.5890339310288257,0.8769053033090942,1.5464538155922074,0.14442036874130929
0.0040426930434481175,0.5872817784511687,0.8758748134907636,1.546249940574758,0.14446187465859026
0.003736099768946245,0.5855116826579656,0.8749150609936142,1.5460472681876454,0.14449990441526844
0.0034286098484339373,0.5837251873501161,0.8751658315989934,1.545845730135128,0.14453554323276455
0.003120297078015936,0.5819238643301871,0.8756863125117568,1.5456453031826827,0.1445708058642092
0.0028112354512773515,0.5801093126988304,0.8750635048808766,1.545445979622446,0.14460625317175727
0.0025014991415250156,0.5782831579946083,0.874538385435558,1.5452477750527382,0.1446429345259605
0.002191162483986421,0.5764470512745703,0.8741574290897222,1.5450507109733516,0.14468073731948305
0.0018802999579697296,0.5746026681329026,0.8744206282783585,1.5448548033346403,0.14471902216060203
0.0015689861689890136,0.572751707654998,0.874679139306154,1.5446600477028751,0.1447568184632669
0.0012572958308592365,0.5708958913043132,0.8751243662746732,1.5444664313342458,0.14479413976825417
0.0009453037477653301,0.5690369617394464,0.8749655327302632,1.5442739462958885,0.14483155820702395
0.0006330847963096959,0.5671766815589355,0.8753556996053834,1.5440825966774243,0.1448690377913356
0.0003207139075419209,0.5653168319713717,0.8745436592903882,1.5438923648425997,0.14490439930775234
8.266048975909545e-06,0.5634592113885611,0.874808248632383,1.543703182410347,0.1449368641407502
-0.0003041837934021462,0.561605633939593,0.874682309057175,1.543515024348902,0.14496926393583173
-0.0006165606331298433,0.559757927903879,0.8749668089763852,1.5433278916224498,0.14500171142682802
-0.0009287895012651703,0.5579179340614228,0.8752995395714152,1.543141777601005,0.14503380202458058
-0.0012407954643784743,0.5560875039588247,0.8755984185392269,1.542956672424171,0.14506552394473432
