x_mean,x_rms,order_parameter,residue_mean,mismatch_mean
0.013377080337122017,0.5108473862496795,0.011054406926739492,1.0054233099154005e-05,0.001006092739159617
0.013609314016076306,0.5109939720658194,0.011097411017171129,4.018973539508152e-05,0.0020121462423489766
0.013838281524994047,0.5112046380651253,0.011463970658669873,9.033824584851754e-05,0.0030127197978716013
0.014063927912772145,0.5114791029953715,0.026011296679029586,0.0001602430347007924,0.003999906255757694
0.014286199025360675,0.511817000998341,0.02623389002594289,0.0002496279850243706,0.004979228921522755
0.014505041518759561,0.5122178825430487,0.026456299070081967,0.0003583996183034835,0.0059583915998230015
0.014720402871820911,0.5126812155660728,0.04300363214648818,0.00048648972600002377,0.006932158593972696
0.014932231398853744,0.5132063868122205,0.0433222739497903,0.000633673642740806,0.007897897754562008
0.015140476262028385,0.5137927033677138,0.05976457558582381,0.0007998309259053568,0.008858275658246682
0.015345087483577274,0.5144393943770162,0.060183222796056056,0.0009847398243573121,0.009810714908817504
0.015546015957789447,0.5151456129335357,0.060599077027921985,0.001188306257471886,0.010762877522898558
0.01574321346279558,0.5159104381336161,0.06101049607775824,0.0014104874272945164,0.01171476450309253
0.01593663267214105,0.5167328772825117,0.06142959320971024,0.0016512406189138735,0.01266637244556209
0.016126227166144026,0.5176118682404652,0.06185103967555361,0.0019105231068240252,0.013617699827531261
0.016311951443036116,0.5185462818965297,0.06227356468284633,0.00218829231335545,0.01456874936194648
0.016493760929882344,0.5195349247574211,0.06269947020452213,0.002484505703228296,0.015519516089165892
0.016671611993278587,0.5205765416384444,0.06312425161620996,0.002799120703306315,0.01646999230412644
0.016845461949823337,0.5216698184434241,0.06354941386526262,0.003132094748659133,0.017420181233345468
0.01701526907636155,0.522813385020549,0.06397959485890709,0.003483385357990646,0.01837007505913617
0.01718099261999796,0.5240058180811389,0.0644147500449906,0.0038529501420273547,0.019319685304424065
0.017342592807877595,0.5252456441685391,0.06484685211045399,0.004240746815789061,0.020268999638102258
0.017500030856731068,0.5265313426646208,0.06527841172249547,0.004646733018004232,0.021218018287534203
0.01765326898218242,0.5278613488217567,0.06571255113592868,0.005070866576583435,0.02216674646126786
0.017802270407817112,0.529234056808562,0.06614935819102526,0.005513105343677021,0.02311517834117146
0.017946999374008187,0.530647822758228,0.06663988237921373,0.005973407280050921,0.024063312741860344
0.018087421146498556,0.53210096780882,0.06712819239451467,0.006451730099222218,0.0250111292644377
0.018223502024736816,0.5335917811255505,0.06756539295686405,0.006948031463999266,0.025958635113855533
0.018355209349965398,0.5351185228956667,0.06800928834574149,0.007462269506167654,0.026905850202864727
0.018482511513058537,0.5366794272872998,0.0684590418547577,0.007994402411766039,0.02785275806720043
0.01860537796210808,0.5382727053643056,0.06891644809457462,0.00854438826597997,0.028799358722956764
0.0187237792097561,0.5398965479498518,0.06937510954990662,0.009112185307463916,0.029745651680973713
0.01883768684027146,0.5415491284322158,0.06983147365772889,0.009697751706094663,0.030691638267680264
0.018947073516369702,0.5432286055069834,0.07029311951207459,0.01030104601575736,0.03163732507155782
0.019051912985773547,0.5449331258505286,0.07083122048603303,0.010922026588099987,0.032582688937883166
0.01915218008751364,0.5466608267203545,0.0713031779191414,0.011560651608063327,0.03352773599686369
0.01924785075796685,0.5484098384785333,0.07177762769965851,0.012216879673697424,0.03447247661190648
0.01933890203663152,0.5501782870351365,0.07225462669038515,0.012890669453003772,0.03541691688259891
0.01942531207163777,0.5519642962091498,0.07273924887637326,0.013581980026072981,0.03636105948886518
0.019507060124992086,0.5537659900049527,0.07322791941085947,0.014290770172479195,0.03730488490913788
0.019584126577554033,0.5555814948029881,0.07371987679870688,0.015016998507545185,0.03824837628694035
0.01965649293374489,0.5574089414637636,0.07430789599574415,0.015760623373409895,0.039191520108751876
0.019724141825986585,0.5592464673447936,0.07480575698576918,0.016521602976349508,0.04013431952042231
0.019787057018869687,0.5610922182305249,0.07530438385433304,0.017299896110322472,0.041076799784082144
0.01984522341304995,0.5629443501757052,0.07580241120180622,0.018095461780645746,0.042018962830411906
0.019898627048871933,0.5648010312629811,0.07630372437246025,0.018908259295189182,0.04296082213775266
0.019947255109719387,0.5666604432758803,0.07653417402258034,0.01973824887473055,0.04390250383488239
0.01999109592509119,0.5685207832885736,0.0770393556768525,0.020585393976408142,0.044844026535211294
0.020030138973402025,0.5703802651741094,0.07754754975687292,0.021449654783719952,0.04578521633968766
0.02006437488450777,0.5722371210329888,0.07804945896565511,0.022330990550809764,0.04672608631850459
0.020093795441954096,0.5740896025441924,0.07856740220225607,0.023229360957640284,0.04766665102596515
0.020118393584948397,0.5759359822408633,0.07906939542511142,0.02414472547116164,0.04860686025637647
0.020138163410054484,0.5777745547130474,0.07958841807411186,0.025077042787115523,0.04954670506277095
0.020153100172609177,0.5796036377399405,0.08010799496890321,0.026026272022470258,0.05048621329774482
0.020163200287861182,0.5814215733542093,0.08063358596489224,0.026992373051049793,0.05142541830463951
0.02016846133183135,0.583226728841004,0.08088951084994807,0.027975306403471872,0.05236440681769298
0.020168882041894334,0.5850174976742909,0.08140456705659033,0.028975036136263548,0.053303262154731516
0.02016446231708183,0.5867923003932026,0.08194044631969152,0.029991523327459933,0.054241776438784084
0.0201552032181065,0.5885495854210633,0.08248332857601838,0.03102472793796344,0.055179971496958004
0.02014110696710763,0.5902878298297489,0.09908603758726478,0.032074585549530056,0.056112970294041824
0.02012217694711784,0.5920055400520325,0.09971844328147507,0.03314088678185644,0.05703836235385601
0.020098417701251068,0.593701252544502,0.10034485294315948,0.034223543216871384,0.05796337807853577
0.0200698349316123,0.5953735344036183,0.10099332452890411,0.03532251425943449,0.058887987600094144
0.02003643549792899,0.5970209839373982,0.10165102226919502,0.03643775908220043,0.059812174378795636
0.01999822741590492,0.5986422311951777,0.10231441652405293,0.03756923684224496,0.06073595928690128
0.019955219855296424,0.600235938457814,0.10296739713115474,0.038716907200834254,0.06165934386274134
0.019907423137711464,0.6018008006906256,0.10362966916748216,0.03988072924472468,0.06258226992906965
0.01985484873413295,0.6033355459612969,0.10446157093293859,0.0410606615025607,0.06350473112181756
0.01979750926216538,0.6048389358248827,0.1051339745671906,0.04225666206025162,0.06442671540359088
0.01973541848300669,0.6063097656779676,0.10581084786684779,0.04346869008177099,0.06534827701703678
0.019668591298145858,0.60774686508397,0.1066644345750611,0.04469670487101822,0.06626937272362358
0.01959704374578655,0.6091490980714579,0.1073306374900678,0.045940664281233085,0.06718995600611305
0.019520792996997854,0.6105153634073067,0.10800230799111889,0.04720052718183419,0.06811011236616923
0.019439857351593454,0.6118445948464027,0.10868701197514703,0.04847625345206638,0.06902984560642006
0.019354256233739667,0.6131357613595447,0.10937283170335213,0.04976780253946525,0.0699491264540793
0.019264010187294005,0.6143878673410815,0.11006791517781218,0.05107513398747264,0.07086796456071622
0.019169140870874346,0.6155999527977792,0.11078919042950351,0.052398207191359576,0.07178634044545677
0.0190696710526612,0.6167710935202991,0.11149420918535481,0.05373698140406579,0.07270425742091322
0.01896562460493356,0.6179004012386096,0.11222613442101864,0.05509141627317174,0.07362172414746243
0.018857026498339386,0.6189870237625773,0.1129403902089404,0.056461471297282406,0.07453872109826262
0.018743902795903006,0.6200301451088905,0.11365789078384723,0.05784710583725339,0.0754552408232506
0.018626280646770008,0.6210289856154401,0.11438222155550573,0.05924827918038218,0.07637128355015595
0.018504188279691434,0.6219828020441558,0.11511696962638156,0.06066495071846918,0.07728684699173409
0.018377654996249486,0.6228908876732868,0.1316904163089174,0.06209705633100653,0.0781972368428283
0.018246711163824758,0.6237525723800065,0.13251712954624686,0.06354439192400015,0.07910011823412129
0.01811138820830829,0.6245672227141896,0.13335518476630237,0.06500687017562648,0.08000247941844968
0.0179717186065601,0.6253342419641403,0.13442600174007932,0.06648444985886191,0.08090423601033236
0.017827735878614057,0.626053070214982,0.13527824033458838,0.06797708779782548,0.08180535666298282
0.017679474579633796,0.626723184400392,0.13611051148646994,0.06948474243036669,0.08270595292002758
0.01752697029161924,0.6273440983482758,0.13720645265358705,0.07100737362563421,0.08360599078431064
0.017370259614867548,0.6279153628209652,0.13830156813238603,0.07254493824718727,0.08450531871999464
0.01720938015918893,0.6284365655504356,0.13916195445963392,0.074097392588767,0.08540399070771101
0.017044370534880494,0.6289073312690341,0.140044549763712,0.0756646952025166,0.08630213956127583
0.01687527034345996,0.6293273217361126,0.14091929592583122,0.07724680631587268,0.08719976762222717
0.01670212016816146,0.6296962357609769,0.14184313736039642,0.07884368545140893,0.08809684008471318
0.016524961564196156,0.6300138092224683,0.15820673120542045,0.08045526894643597,0.08898880385161959
0.016343837048778377,0.6302798150854868,0.15918408107619358,0.08208135818957565,0.08987342527313744
0.01615879009092252,0.6304940634147058,0.16017260915694678,0.08372186716298612,0.09075743290671523
0.01596986510101014,0.6306564013857124,0.16117011475738574,0.0853767546793997,0.09164081582948315
0.01577710742013206,0.630766713293737,0.16217215939303886,0.08704597927252802,0.0925235481139487
0.015580563309206241,0.6308249205601368,0.1631828658997708,0.0887294988170279,0.09340558292901953
0.015380279937875926,0.6308309817367295,0.16419362362030693,0.09042727110006897,0.09428695368378417
0.015176305373188906,0.630784892508061,0.16495548183455372,0.09213925499921567,0.09516780009446837
0.014968688568061512,0.6306866856916383,0.16570413208089035,0.0938654148197691,0.09604836633176396
0.014757479349530452,0.6305364312361394,0.16672851978492906,0.09560571633870756,0.09692853488472405
0.014542728406794237,0.6303342362175651,0.1677542315968712,0.0973601199375492,0.09780803490146149
0.014324487279048325,0.6300802448332622,0.1685240840149959,0.09912858456816337,0.09868701353764958
0.014102808343115824,0.6297746383937276,0.1696072556545963,0.1009110741312895,0.09956553384684352
0.013877744800877166,0.629417635312045,0.17037885336393022,0.1027075489292119,0.10044352087939092
0.013649350666502162,0.6290094910907863,0.18621123305566864,0.10451795139189823,0.10131677537304876
0.01341768075348676,0.628550498306163,0.1873180022866351,0.10634209208453772,0.10218292618164104
0.013182790661498058,0.628040986589177,0.1884536948395262,0.108179887022149,0.10304839226343936
0.012944736763030474,0.6274813226034893,0.18957078960204532,0.1100312946810668,0.10391312191594185
0.012703576189877113,0.6268719100196705,0.1906959336357434,0.11189627368915854,0.10477716823952461
0.012459366819417783,0.6262131894854625,0.1918290021839477,0.11377478307108149,0.10564049941083148
0.0122121672607292,0.6255056385916434,0.19297227237779993,0.11566678092340696,0.10650306608576617
0.011962036840518844,0.6247497718330373,0.1940572436365285,0.11757222558066481,0.10736496151760146
0.011709035588886868,0.6239461405641492,0.19523383356150606,0.11949107831326566,0.10822627886634373
0.011453224224919272,0.6230953329489054,0.19670422527504566,0.12142329875864029,0.10908678544233394
0.011194664142115429,0.6221979739038588,0.1978982938332529,0.12336884264941961,0.10994645340078113
0.010933417393653947,0.6212547250342326,0.1990994909755725,0.12532766848293134,0.11080540996082634
0.010669546677500674,0.6202662845620804,0.2002753099167919,0.12729973527309313,0.11166363848222466
0.010403115321360644,0.6192333872458075,0.20147115853135894,0.12928500190149825,0.11252111952517241
0.010134187267480574,0.6181568042902132,0.2026581691351532,0.13128342686984307,0.11337784714270477
0.00986282705730227,0.6170373432461944,0.21808524383983638,0.1332949474109169,0.11422958853204873
0.009589099815973825,0.6158758478991383,0.21946396047810462,0.1353193757982326,0.11507428686764018
0.009313071236719102,0.614673198145007,0.22085454514137476,0.1373566276433322,0.11591809681294295
0.009034807565072168,0.6134303098530249,0.22214124053987414,0.13940665970745741,0.11676105135424052
0.008754375582978416,0.6121481347138226,0.23722188725332813,0.1414694098010367,0.11759922894317108
0.008471842592767577,0.6108276600718056,0.23869989425732482,0.14354469898369418,0.11843068334304398
0.008187276401000945,0.6094699087404499,0.24018474027684433,0.14563244414128262,0.1192611359848319
0.007900745302198628,0.6080759387991589,0.24155212088836514,0.14773260117186546,0.12009068899362525
0.007612318062448943,0.6066468433702014,0.242928398005536,0.1498451281842863,0.1209193969641009
0.007322063902904888,0.6051837503742256,0.2444483263745006,0.15196998347208152,0.12174723221510693
0.007030052483171601,0.6036878222627018,0.24572630441054089,0.15410712433851545,0.12257421535815144
0.006736353884587853,0.6021602557256073,0.26003709300091243,0.15625649210685247,0.12339665593060545
0.006441038593407729,0.600602281372567,0.2614890123001953,0.15841791396952637,0.12421257715800989
0.006144177483883477,0.5990151633855688,0.26324741076346436,0.1605913102965548,0.12502753490302723
0.005845841801256385,0.597400199141313,0.2650065962919473,0.162776635926774,0.12584138567459777
0.005546103144658246,0.5957587188011411,0.2667650556947227,0.16497384520444816,0.12665416723591766
0.0052450334499277215,0.5940920848664337,0.2685260795975635,0.1671828932195707,0.12746586893842915
0.00494270497234649,0.5924016916972721,0.27002545442459314,0.1694037346353733,0.12827654464841953
0.004639190269297865,0.5906889649920803,0.27168780116508123,0.1716363269403313,0.12908626851443733
0.004334562182853747,0.5889553612258983,0.2733591257734785,0.17388062684752703,0.12989500180370872
0.004028893822292429,0.587202367044859,0.2748558647419575,0.17613659125500292,0.13070276703709977
0.0037222585465533095,0.5854314986143906,0.2763600870862576,0.17840417877228737,0.13150967946009964
0.003414729946630632,0.5836443009185902,0.2777439335778309,0.18068334982595055,0.13231583448422124
0.0031063818279122046,0.5818423470081837,0.2791357434069527,0.1829740676593682,0.13312134154834857
0.002797288192466382,0.5800272371944476,0.2808620214029043,0.1852762948150195,0.13392597527167213
0.002487523221281918,0.5782005981864186,0.2826896846828559,0.18758998759659876,0.1347294798283683
0.0021771612564649976,0.5763640821687409,0.2845140455961376,0.1899150998013217,0.13553180850567387
0.0018662767833974021,0.5745193658174633,0.28627957832781353,0.19225158612736065,0.13633307068679054
0.001554944412860301,0.5726681492511286,0.2878373394439435,0.1945994032692887,0.13713334183666986
0.0012432388631281866,0.570812154914547,0.28940220242032205,0.19695850914677135,0.13793264112304243
0.0009312349420367953,0.5689531263926659,0.29099045011397223,0.19932886275255732,0.1387310622396223
0.0006190075290295094,0.5670928271520522,0.2928008765712417,0.20171042350147683,0.1395285191395166
0.00030663155718666744,0.5652330392075887,0.30609627182159643,0.20410313079691306,0.1403213941955413
-5.818004757965567e-06,0.5633755617121103,0.3077281884147938,0.20650681915153093,0.14110802992687957
-0.0003182661704093149,0.561522209466865,0.3092126096523115,0.20892141238715173,0.14189376766205458
-0.0006306379537074759,0.5596748113508534,0.3111059312525099,0.21134687277368253,0.14267864518303106
-0.0009428583869238449,0.5578352086673343,0.3127605141013736,0.21378315708809417,0.14346238793629257
-0.0012548525386532124,0.5560052534059986,0.31442084034630347,0.21623022313640045,0.1442451274107979
-0.0015665455317967689,0.554186806419625,0.3160946019657042,0.21868802862025072,0.14502684203861166
-0.001877862561532354,0.5523817355143249,0.318039500501155,0.22115653209120786,0.1458075154958579
-0.002188728913267169,0.5505919134528453,0.31999165436547466,0.22363568964703115,0.14658701049092188
-0.0024990699805691424,0.5488192158707855,0.32166891315704516,0.22612545674932819,0.14736540880485463
-0.0028088112830716907,0.5470655191060125,0.32335589048102986,0.2286257919175539,0.14814283202022963
-0.00311787848434903,0.5453326979420222,0.32505391237034353,0.2311366547686445,0.1489192890504012
-0.003426197409756537,0.5436226232665008,0.32660305694270525,0.23365800505109086,0.1496948395555259
-0.0037336940642320703,0.5419371596468718,0.3283256645136639,0.23618980523727445,0.15046954992693154
-0.004040294650054509,0.5402781628251977,0.3408671129363137,0.23873199911325815,0.1512399667452927
-0.004345925584555146,0.5386474771354002,0.3530778261066592,0.2412844155607382,0.15200140758937133
-0.004650513517776644,0.5370469328464148,0.3648553468550185,0.2438468619545754,0.15275459795414983
-0.00495398535007719,0.5354783434355308,0.3664588145483482,0.2464191747656629,0.15350293953336103
-0.00525626824967377,0.5339435027968814,0.36829462594755463,0.2490012927427042,0.15425050916971364
-0.0055572896701214115,0.5324441823907379,0.370136412176836,0.2515931791387565,0.15499716466170857
-0.005856977367724285,0.5309821283399547,0.3719852409735307,0.2541947954184442,0.15574285413446973
-0.006155259418873409,0.5295590584806701,0.373841871781436,0.2568061029894808,0.15648758552164682
-0.006452064237308395,0.5281766593750448,0.3756755753601987,0.2594270636573077,0.1572313919648649
-0.00674732059129753,0.5268365832945454,0.3775154780528424,0.26205763954451716,0.15797425783507726
-0.007040957620733122,0.5255404451829688,0.3793713878554396,0.26469779242593483,0.15871616555390497
-0.007332904854137638,0.5242898196090495,0.38143814685085997,0.26734748391086144,0.15945705589910997
-0.007623092225576433,0.5230862377191373,0.38349381649741954,0.2700066723627219,0.1601967421637721
-0.007911450091473338,0.5219311842009999,0.38515965707039335,0.27267531576515497,0.16093544063868048
-0.00819790924732474,0.5208260942703292,0.38703593881599907,0.27535337921319236,0.16167337872553325
-0.008482400944308265,0.5197723506920066,0.3893015148826519,0.2780408263321451,0.16241029022952008
-0.008764856905782227,0.5187712808485466,0.39157413098213234,0.2807376160876252,0.16314608983534978
-0.009045209343671765,0.5178241538684805,0.39345479687996165,0.2834437083402269,0.16388086855822773
-0.009323390974737514,0.5169321778276105,0.3955102586291877,0.2861590649603945,0.1646146141801154
-0.009599335036723337,0.5160964970362274,0.3974002570454885,0.2888836456452415,0.16534731963840676
-0.009872975304378927,0.5153181894253744,0.3997195475127099,0.2916174123507699,0.16607900376268564
-0.010144246105353591,0.5145982640451426,0.4016213924835437,0.29436032496474845,0.1668096156562116
-0.01041308233595727,0.5139376586877843,0.40352865474418725,0.29711234497392214,0.16753923253320352
-0.010679419476785053,0.5133372376480906,0.4054423502638481,0.2998734345395228,0.16826789304080264
-0.010943193608201616,0.5127977896330493,0.41542006362548,0.30264354227625384,0.16899276468958815
-0.011204341425681592,0.5123200258322135,0.41738245832252047,0.3054225335339705,0.16971256136146476
-0.011462800255002339,0.5119045781595544,0.41935085274786427,0.3082103441164306,0.1704313753908216
-0.011718508067285497,0.5115519976767716,0.42109475589396045,0.31100693790455325,0.171149356814907
-0.011971403493883538,0.5112627532071365,0.430167411338672,0.31381226820675595,0.1718638557322255
-0.012221425841108026,0.5110372301479589,0.4326696426587487,0.31662620612844256,0.17257329819270648
-0.012468515104795777,0.5108757294886793,0.4347107171871744,0.31944868410699295,0.17328156622327312
-0.01271261198470962,0.510778467040433,0.43675704097359475,0.3222796641221323,0.17398884951365867
-0.012953657898770054,0.5107455728817081,0.4387770336382294,0.3251191098618763,0.17469517905795107
-0.013191594997114791,0.5107770910234392,0.44088217118099665,0.32796698451617373,0.1754004336528932
-0.013426366175982342,0.5108729792955562,0.44290560169645726,0.33082324864925994,0.17610458789626374
-0.013657915091416768,0.5110331094556895,0.44469248873919354,0.333687865985868,0.17680787687253657
-0.013886186172789815,0.5112572675193646,0.4467230920991682,0.3365608037945612,0.17751035608549678
-0.014111124636137718,0.511545154309685,0.448516433994453,0.33944202796129835,0.1782119770203264
-0.014332676497309014,0.511896386223195,0.4510831582338396,0.3423315060331194,0.17891270543540064
-0.014550788584920489,0.5123104962073272,0.4531242071555704,0.34522919956437437,0.17961230194507954
-0.014765408553118142,0.5127869349436089,0.4551547984843544,0.34813507209557515,0.180310952233907
-0.014976484894139802,0.5133250722296598,0.45718522089728064,0.35104908841405047,0.18100868892147476
-0.015183966950676801,0.5139241985518997,0.45925876124774034,0.3539712138881618,0.18170543665520042
-0.015387804928031578,0.5145835268399228,0.46131363672147335,0.3569014108631951,0.18240107209301215
-0.015587949906067997,0.5153021943925705,0.4631304441134196,0.35983964239977584,0.18309582052427828
-0.01578435385095209,0.5160792649649636,0.4712698765963874,0.3627858656733073,0.18378746333119278
-0.01597696962667983,0.5169137310050544,0.47394318176263067,0.3657399647010587,0.1844745518171689
-0.0161657510063897,0.5178045160277118,0.4766210630601388,0.36870187833523627,0.18516055344821114
-0.01635065268345664,0.5187504771138902,0.4787075711026983,0.3716715704389299,0.1858455863075858
-0.016531630282365803,0.5197504075221068,0.4807982816422706,0.3746490069759522,0.18652971561299672
-0.01670864036936218,0.5208030393992494,0.4828201580644203,0.37763415483453966,0.18721295222624196
-0.016881640462874544,0.5219070465776153,0.48552109838177954,0.38062697948116975,0.18789516910817836
-0.01705058904371093,0.523061047445113,0.4876306526309755,0.38362744439089463,0.18857633769166235
-0.017215445565022868,0.5242636078756684,0.4896241637799103,0.3866355144495118,0.1892565131739555
-0.01737617046203662,0.5255132442070847,0.49170801351964605,0.38965115451086363,0.18993575169448912
-0.017532725161548402,0.5268084262539183,0.49382849087682407,0.3926743318370523,0.19061411812236978
-0.017685072091181808,0.5281475803433179,0.4959084707863663,0.3957050139636902,0.191291606564319
-0.01783317468840509,0.5295290923622246,0.4978574975152165,0.3987431684268857,0.19196823280357797
-0.01797699740930573,0.5309513108048719,0.5005703363622913,0.4017887624401218,0.19264392199023206
-0.018116505737121192,0.5324125498100961,0.5024257319903622,0.40484176197307614,0.19331868085649292
-0.018251666190522445,0.5339110921785779,0.5099968965191681,0.407902125852723,0.1939907278080355
-0.01838244633164938,0.5354451923608259,0.5121018914984136,0.4109697567046431,0.19465913160906817
-0.01850881477389604,0.5370130794073746,0.5142064404455755,0.4140446044837406,0.19532667352539945
-0.018630741189442752,0.5386129598733878,0.5163045553168345,0.4171266387263265,0.19599348467280345
-0.01874819631653512,0.5402430206705655,0.5181659452814656,0.4202158311911813,0.1966596158910316
-0.018861151966506434,0.5419014318599835,0.5251312199320474,0.4233121451621396,0.1973233517270826
-0.01896958103054291,0.543586349380185,0.5272697340362134,0.4264154936138657,0.1979838472607599
-0.019073457486189726,0.5452959177055716,0.52940669597866,0.42952583090577606,0.19864362466513938
-0.019172756403596013,0.5470282724308027,0.5315621662676251,0.4326431290718841,0.1993026814599797
-0.019267453951498398,0.5487815427775871,0.5380271550186784,0.4357673524563002,0.1999595869463308
-0.01935752740293987,0.5505538540208859,0.5401862066746764,0.4388984234095586,0.2006137041619479
-0.019442955140724433,0.5523433298321456,0.5423406010291008,0.44203630167745367,0.20126720733579548
-0.019523716662605124,0.5541480945377618,0.5442137055095932,0.44518096110434896,0.20192004895800747
-0.019599792586204392,0.5559662752915169,0.5463572903637645,0.4483323737339168,0.20257213939389881
-0.019671164653665744,0.5577960041602156,0.5484995721562743,0.4514905117601173,0.203223579686263
-0.019737815736035516,0.5596354201222471,0.5506429195064056,0.45465535040393357,0.2038744936625092
-0.019799729837373936,0.5614826709791936,0.5527774637725252,0.457826865809155,0.20452491946936743
-0.019856892098593894,0.5633359151810091,0.5548959873024785,0.4610050360749564,0.20517492554549183
-0.019909288801027106,0.5651933235656633,0.5570244585399775,0.46418983883224013,0.20582449466535
-0.019956907369716424,0.5670530810144276,0.558883993886317,0.4673812532538045,0.20647365831715173
-0.019999736376433975,0.5689133880242793,0.5609853913458429,0.4705792556215806,0.20712226830851294
-0.02003776554242376,0.5707724621991601,0.5630949124191428,0.4737838235741845,0.2077704889710644
-0.020070985740868498,0.5726285396620101,0.5659783190950155,0.476994936851787,0.20841838261685275
-0.020099388999079995,0.5744798763896896,0.5688498270712999,0.48021257661829964,0.20906601185781365
-0.020122968500412692,0.5763247494730783,0.5709320164690082,0.4834367239435214,0.20971329017659893
-0.020141718585899304,0.578161458304715,0.572766472321787,0.4866673580857711,0.2103601359694423
-0.020155634755609445,0.5799883256965045,0.5748415883884126,0.4899044560027893,0.2110064814521961
-0.020164713669729203,0.5818036989300265,0.5769009263523813,0.4931479971730517,0.2116525395254046
-0.02016895314936269,0.5836059507421005,0.5789473199119742,0.4963979632493268,0.21229833617156613
-0.020168352177055125,0.5853934802482358,0.5806376543749396,0.499654336712494,0.21294383813921974
-0.020162910897037166,0.5871647138066589,0.5823048226761695,0.5029170948594959,0.21358871287905287
-0.020152630615189602,0.58891810582558,0.5843540740967492,0.5061862136574101,0.2142331617994545
-0.020137513798730942,0.5906521395163571,0.5865712781306033,0.5094616735058037,0.21487713945034795
-0.02011756407562454,0.592365327595191,0.5885953419833053,0.5127434484092424,0.21552054813705965
-0.0200927862337082,0.5940562129359471,0.5906025768861773,0.5160315206901193,0.21616384709161232
-0.02006318621954489,0.595723369176634,0.5926364483714085,0.5193258743696765,0.21680690622521875
-0.020028771136996113,0.5973654012820424,0.5946676540185827,0.522626491688149,0.21744973107639282
-0.01998954924551647,0.5989809460649634,0.5999554614763624,0.5259333550017125,0.21809209320717735
-0.019945529958171462,0.6005686726683339,0.6019698819405588,0.5292464381256405,0.21873388253141673
-0.01989672383937901,0.6021272830106057,0.6040205839514304,0.5325657234431828,0.21937553043327374
-0.01984314260237312,0.603655512196522,0.6068677808116455,0.5358911969924192,0.22001730446659465
-0.01978479910639361,0.6051521288954514,0.6089505821431548,0.5392228521977916,0.22065916977347383
-0.01972170735359942,0.6066159356892885,0.6109827071436523,0.5425606691422687,0.22130057641768372
-0.019653882485708245,0.608045769391912,0.6137979461531511,0.5459046341647792,0.22194226573742543
-0.019581340780363065,0.6094405013420386,0.617984685957622,0.5492547445473632,0.22258447953115024
-0.019504099647224687,0.6107990376712945,0.6223294695125127,0.5526109980728946,0.2232272846241825
-0.019422177623794487,0.6121203195491821,0.6252398059133538,0.5559733973259686,0.2238709203643393
-0.019335594370964812,0.6134033234065738,0.6267697376217931,0.5593419445736114,0.22451496953382688
-0.019244370668300672,0.614647061139274,0.628832712192425,0.5627166275439254,0.22515887197268183
-0.01914852840905275,0.6158505802930974,0.6303308069965418,0.5660974330141197,0.22580268279045657
-0.019048090594903325,0.6170129642318519,0.6323179084191394,0.5694843452270517,0.22644643340195844
-0.018943081330445574,0.6181333322895222,0.6343619691055601,0.5728773546588787,0.22709036433442673
-0.018833525817399076,0.619210839907875,0.6376446052499696,0.5762764557383058,0.2277352574213458
-0.018719450348560956,0.6202446787606558,0.6396381262226262,0.5796816696439674,0.22838166037992141
-0.018600882301496126,0.6212340768654412,0.6431020419345583,0.5830930029154799,0.22902932292175174
-0.018477850131966726,0.6221782986841736,0.6460557684950429,0.5865104838110902,0.22967902304350965
-0.018350383367102957,0.6230766452133251,0.6489842292048121,0.5899341313468291,0.23033012866904257
-0.018218512598316465,0.623928454064573,0.6518854877472796,0.5933639617993971,0.23098266395078376
-0.01808226947395873,0.6247330995368138,0.6538574806506584,0.5967999898344305,0.2316362616750084
-0.017941686691725595,0.625489992680285,0.6558893357695939,0.6002422155689235,0.23229025454751914
-0.017796797990810104,0.6261985813534968,0.6581058746460335,0.6036906429306932,0.23294630470808791
-0.017647638143804906,0.6268583502736359,0.6603292860625716,0.6071453344480331,0.23360707297464847
-0.017494242948357195,0.6274688210610406,0.6625113984894946,0.6106063758327711,0.23427290876448437
-0.01733664921857771,0.6280295522783087,0.664307441623907,0.6140738467949123,0.23494176976018724
-0.01717489477620498,0.6285401394645251,0.6663323314811789,0.6175477526121541,0.2356107231992017
-0.01700901844152886,0.629000215165092,0.667905580139924,0.6210281003825883,0.23628246910012624
-0.01683906002407327,0.6294094489575605,0.6699479215465667,0.6245149654859664,0.2369580806342287
-0.01666506031304271,0.6297675474738345,0.6719811719437682,0.6280083687193302,0.23763433146984075
-0.016487061067532484,0.6300742544190876,0.6740959842181137,0.631508310155678,0.23831120392984464
-0.016305105006507184,0.6303293505876723,0.6754033416349218,0.6350148007046253,0.2389911540929165
-0.01611923579854801,0.6305326538762742,0.6774547365659123,0.6385279276291962,0.2396755771663091
-0.015929498051372646,0.6306840192945279,0.6794930784113135,0.6420477180253952,0.24036080552252334
-0.015735937301129585,0.6307833389732678,0.6825697464129161,0.6455741785323503,0.2410475122714375
-0.01553860000146985,0.6308305421705386,0.6842797449800454,0.6491073322723013,0.24173558516162483
-0.015337533512398051,0.6308255952755009,0.6862609099518103,0.6526471752610596,0.24242393910008228
-0.015132786088906405,0.6307685018102568,0.6882605757880722,0.65619370761529,0.2431131696940461
-0.014924406869393829,0.6306593024296643,0.6899570632950847,0.6597469326784107,0.24380297042177346
-0.014712445863872547,0.6304980749191103,0.6920215958695012,0.6633068409217597,0.24449299425886603
-0.014496953941966647,0.6302849341902229,0.6940775711420545,0.6668734315119189,0.24518383316375042
-0.0142779828207028,0.6300200322744376,0.6970465758633678,0.6704467099259149,0.24587618175363057
-0.014055585052099119,0.6297035583143119,0.6999775461855964,0.6740267111072745,0.24657147071195615
-0.013829814010552409,0.629335738552443,0.7018610806465246,0.677613477289696,0.24726896432024356
-0.013600723880029027,0.6289168363178076,0.7047366083694002,0.6812070280190973,0.24796838214155217
-0.013368369641060543,0.6284471520093012,0.7075742311109265,0.6848074057794324,0.2486710697984203
-0.013132807057549028,0.6279270230762255,0.7094038222839265,0.6884146585987202,0.2493762504891282
-0.012894092663383743,0.6273568239954163,0.71218716394538,0.6920288104962236,0.250083559254562
-0.012652283748873448,0.6267369662446903,0.7139910119124295,0.69564990416613,0.25079350274617895
-0.012407438346996792,0.62606789827221,0.7157773016026522,0.6992779601277975,0.2515047083530606
-0.012159615219475,0.6253501054613654,0.7175531837738914,0.7029129896684708,0.25221717704490654
-0.011908873842669084,0.6245841100906919,0.7189096338342541,0.7065550026094534,0.2529305041745862
-0.011655274393305888,0.6237704712883132,0.7204871888360141,0.7102039926234865,0.2536439880941288
-0.011398877734035832,0.6229097849803459,0.7222383233835968,0.7138599510554596,0.2543581109864367
-0.011139745398826504,0.6220026838326574,0.723981538114807,0.7175228882405134,0.2550737476568008
-0.010877939578194395,0.6210498371853019,0.725707511202865,0.7211928193848449,0.2557907863898912
-0.010613523104279864,0.6200519509789253,0.7270268026985816,0.7248697564357581,0.25650877572406977
-0.01034655943576715,0.6190097676723549,0.7273113371242443,0.728553717262977,0.25723149577003795
-0.010077112642655447,0.6179240661505356,0.7290871288475717,0.7322448513890323,0.25796159880779373
-0.009805247390881686,0.6167956616219267,0.731791672853272,0.7359432169644715,0.2586941505152355
-0.009531028926801157,0.6156254055043835,0.7335070905696595,0.7396488654573227,0.25942976124773853
-0.009254523061529074,0.6144141852985087,0.7361586928101772,0.743361828042488,0.260167976045947
-0.008975796155145746,0.6131629244473678,0.7378889413180394,0.7470821586410868,0.2609093088163257
-0.008694915100770733,0.6118725821814023,0.7404849807295486,0.7508098882116772,0.26165330382821106
-0.00841194730850893,0.6105441533473137,0.7417826261748236,0.7545450715176726,0.2624000899550288
-0.00812696068927206,0.6091786682195814,0.7443425552691194,0.7582877229469155,0.2631488522304863
-0.007840023638480811,0.6077771922932361,0.7458503801834111,0.7620378962457385,0.26390058702170366
-0.007551205019649966,0.6063408260564143,0.7471143750851978,0.7657955969881425,0.2646523991725079
-0.007260574147861715,0.6048707047411302,0.7487919976883451,0.7695608148689143,0.26540488905566795
-0.006968200773130131,0.6033679980506447,0.7512719956502979,0.7733335666749999,0.26616021630329945
-0.0066741550636618295,0.6018339098616994,0.7527536364545553,0.7771139101676369,0.26691841936354
-0.006378507589015492,0.6002696778998104,0.7551836507415965,0.7809018592491724,0.2676785839777981
-0.006081329303165975,0.598676573385746,0.7567495073382856,0.7846974709703461,0.26844240759584914
-0.0057826915274752245,0.5970559006512035,0.7583724589493365,0.7885007780637151,0.2692080222411437
-0.005482665933575954,0.5954089967216274,0.7595946493570762,0.7923117977930824,0.26997476016200667
-0.005181324526170598,0.5937372308640435,0.7607796278836876,0.7961305239116749,0.27074165657692884
-0.004878739625750341,0.5920420040976727,0.7622308218427776,0.7999569445221384,0.2715086911644944
-0.004574983851238888,0.5903247486650435,0.7636778589002668,0.8037910461995084,0.2722758158228318
-0.004270130102563945,0.5885869274612233,0.7652777370451056,0.8076328182808552,0.27304365791493257
-0.003964251543161882,0.5868300334187391,0.7667879458875789,0.8114822737676256,0.27381331881448967
-0.0036574215824187045,0.5850555888456842,0.7682890843864075,0.815339435409647,0.27458493802703215
-0.0033497138580521496,0.5832651447144604,0.7698694005278659,0.8192043262821538,0.27535838055497003
-0.003041202218438981,0.5814602798985506,0.7713607714837828,0.8230769659315048,0.2761336463476983
-0.002731960704891816,0.5796426003546922,0.772928043014285,0.8269573771728094,0.2769107917438868
-0.0024220635338894686,0.5778137382477844,0.7751755613196657,0.8308455888768688,0.277691399075833
-0.0021115850792654003,0.5759753510158532,0.777375089211782,0.8347416889602317,0.2784780957866062
-0.0018005998543583726,0.5741291203724171,0.7788042627964257,0.8386457763615479,0.27926932720416003
-0.0014891824941296056,0.5722767512435848,0.7801916417031154,0.842557887982014,0.2800616922089828
-0.0011774077372506634,0.5704199706372846,0.7823201015742655,0.8464780264005033,0.28085652262105404
-0.0008653504081665714,0.5685605264420601,0.7833157359473393,0.8504062633560387,0.2816550954207425
-0.0005530853991385138,0.5667001861529651,0.784716776813498,0.854342610137062,0.28245441847654884
-0.0002406876522696071,0.5648407355221784,0.7867729967764978,0.8582870931291231,0.283257677863862
7.176785848043288e-05,0.5629839771320994,0.7879384840411153,0.862239796863113,0.28406491835798026
0.0003842061452889194,0.5611317288888437,0.7893048573903697,0.8662007366413057,0.28487307874311624
0.0006965522244667014,0.5592858224342337,0.7904190337259308,0.8701699278563632,0.2856826520432686
0.0010087311344541495,0.5574481014746182,0.7917764387102961,0.8741473694473635,0.2864931782993534
0.0013206679538113647,0.5556204200250885,0.7931286506006576,0.8781330795569745,0.2873058245208501
0.0016322878191990617,0.5538046405679558,0.7921533896231975,0.8821271154624152,0.2881268095377939
0.0019435159433453916,0.5520026321246784,0.7935327836350801,0.8861297188212788,0.2889591493882268
0.0022542776329945073,0.5502162682407835,0.7949110286457883,0.890140976552198,0.2897936187778707
0.002564498306832612,0.5484474248837218,0.7960190309221441,0.8941609093236499,0.2906293688085464
0.0028741035133870853,0.5466979782540418,0.7973861048083224,0.8981895132378565,0.2914660026752691
0.003183018948894556,0.5449698025107327,0.7987385123448073,0.9022268048297527,0.2923047145130904
0.0034911704751333403,0.5432647674120928,0.8006701982991805,0.9062728188893672,0.2931475961097904
0.0037984841372162956,0.5415847358740418,0.8019968362001403,0.9103276507834356,0.2939955693523231
0.004104886181339738,0.5399315614483575,0.8033174169281473,0.9143913445860413,0.2948456364074619
0.004410303072483807,0.5383070857239403,0.8045947923935275,0.9184639245326293,0.29569784798343496
0.004714661512060743,0.5367131356548541,0.8058682636448311,0.9225454173448896,0.2965523258834638
0.005017888455505997,0.5351515208195444,0.8043569463023305,0.926635884633967,0.29741589884163516
0.005319911129808727,0.5336240306163396,0.8056412160514006,0.9307355919533292,0.29829193292219996
0.005620657050976835,0.5321324314010348,0.8069146569053157,0.9348446335763553,0.29917020952162926
0.005920054041432858,0.5306784635730701,0.8081839664684796,0.9389630356783899,0.30005071057942295
0.006218030247336308,0.5292638386175453,0.8065864506385061,0.9430908584484321,0.30094038634908826
0.0065145141558280596,0.5278902361110089,0.8078799912529944,0.9472283654422783,0.3018416692588894
0.006809434612193268,0.5265593006996792,0.8086531259800112,0.9513756089356161,0.30274252995473333
0.007102720836938106,0.5252726390594247,0.8070753271117137,0.9555326037595313,0.30365121938844575
0.007394302442776434,0.5240318168474997,0.8084207289742761,0.9596996087722309,0.3045723631672272
0.0076841094515225136,0.5228383556566255,0.8096985735014393,0.9638767103087496,0.305495347040769
0.007972072310885365,0.5216937299826064,0.8109706612355665,0.9680639284476952,0.3064204769178993
0.008258121911161022,0.5205993642171549,0.8120984400714054,0.9722612817214301,0.30734684520650873
0.00854218960181852,0.5195566296780678,0.8105493454932173,0.9764687946766626,0.3082808785817353
0.008824207207975686,0.5185668416892522,0.8124305517024504,0.9806867332927462,0.30922945581265504
0.009104107046760795,0.5176312567234039,0.8142571062274272,0.9849152668876545,0.31018503590785573
0.009381821943556039,0.5167510696203166,0.8155149532770187,0.9891545049636312,0.31114567469938614
0.009657285248119353,0.5159274108939191,0.8167641740380022,0.9934044869529273,0.3121083260745808
0.00993043085057989,0.5151613441411022,0.8153244929142777,0.9976652664552236,0.31308003600849205
0.010201193197304202,0.5144538635653102,0.8171076825506333,1.0019371170847522,0.3140661504840404
0.0104695073066288,0.5138058916275995,0.818358793855676,1.0062201930868118,0.31505704341065394
0.010735308784455394,0.5132182768375441,0.8195008927669138,1.0105145220891527,0.31604876835923645
0.010998533839705222,0.5126917916958801,0.8207711842919952,1.0148200810377412,0.31704001397794923
0.01125911929962854,0.5122271308001983,0.8220015545537769,1.0191368425944527,0.31803172101905614
0.011517002624965833,0.5118249091242961,0.8205402731343665,1.0234648476282295,0.3190323756426306
0.011772121924956906,0.5114856604809761,0.8222716341934398,1.0278043666877723,0.3200472925900402
0.01202441597219437,0.5112098361771767,0.8234960092019552,1.0321555488885297,0.32106677019075336
0.012273824217317986,0.5109978038692905,0.8251579960189427,1.0365184325801253,0.32208985750644126
0.012520286803546093,0.5108498466254496,0.8263633110700755,1.040893096295001,0.3231175058782845
0.0127637445810411,0.5107661622003534,0.8245148870051884,1.0452796032307654,0.32415389084778784
0.013004139121105032,0.5107468625270094,0.8227363328290205,1.0496782458252356,0.3252094433260733
0.013241412730202207,0.5107919734284425,0.8238719824002654,1.0540893371950024,0.3262758405879467
0.013475508463805429,0.5109014345511244,0.825496118688627,1.0585129274033083,0.32734415082497353
0.013706370140062303,0.5110750995205264,0.8266964957579909,1.0629490736665748,0.32841647972878485
0.013933942353278727,0.5113127363178506,0.8278060005763865,1.067397789636684,0.3294892109260236
0.014158170487215934,0.5116140278756627,0.8293583288754108,1.0718590558614849,0.3305638084851247
0.014379000728198078,0.5119785728888345,0.8270450515975779,1.0763329622900388,0.33164930759273725
0.014596380078027401,0.5124058868359502,0.8282250294212458,1.0808197675735591,0.3327462711026421
0.014810256366703363,0.5128954032050841,0.828808311572391,1.0853195296813145,0.33384317138318365
0.01502057826494336,0.5134464749167604,0.8300401469095283,1.08983220456902,0.3349388485883227
0.015227295296501377,0.5140583759357886,0.8312036418260305,1.0943577479556144,0.33603425449742114
0.015430357850282166,0.5147303030627358,0.8323622277717073,1.0988961444126157,0.3371305436170147
0.015629717192247497,0.5154613778948929,0.8335233473626364,1.1034473870519235,0.33822785092457036
0.0158253254771123,0.5162506489458352,0.8346713731263806,1.1080114685766125,0.33932593317012477
0.016017135759827186,0.5170970939120214,0.8358079186848443,1.1125883783925683,0.3404247902443132
0.016205102006844992,0.5179996220743276,0.8369103357162828,1.1171781028443715,0.34152367409297385
0.016389179107168687,0.5189570768219912,0.838316617425831,1.1217806141294044,0.34262396716640564
0.016569322883177855,0.5199682382861426,0.8360232329026374,1.126395989823173,0.34373426038645916
0.016745490101230956,0.5210318260699058,0.8337717717517934,1.131024494143913,0.3448609707371364
0.016917638482041284,0.5221465020619581,0.8348590624360966,1.135666384412044,0.34599648405951466
0.01708572671082381,0.5233108733205201,0.8362238071107492,1.140321684371341,0.34713276423175604
0.017249714447210508,0.5245234950148293,0.8366655105969557,1.1449904140413647,0.34827069448055553
0.01740956233493176,0.5257828734114088,0.8342825689929474,1.1496725670933983,0.34941345665411605
0.01756523201126177,0.5270874688927861,0.8354074293683332,1.1543683126575948,0.35056476313195845
0.017716686116225636,0.5284356989966721,0.8367010923460105,1.1590776830878893,0.35171722411069667
0.01786388830156505,0.5298259414641352,0.8379306828535448,1.1638007029094568,0.3528728688199189
0.018006803239462136,0.5312565372857981,0.8390235512667147,1.1685373960098508,0.35402958037792714
0.01814539663101783,0.5327257937357102,0.8401968457833365,1.1732877280827396,0.35518636494892986
0.01827963521448343,0.5342319873831644,0.8413768814267453,1.1780516995759203,0.35634404449575513
0.018409486773243285,0.5357733670733867,0.8417211320347031,1.1828292647163257,0.3574998476771188
0.018534920143546674,0.5373481568687369,0.8427802442809947,1.1876203599010169,0.3586542414482605
0.018655905221986707,0.5389545589427582,0.8438540699928616,1.1924249431744616,0.35980819884143234
0.018772412972725375,0.5405907564201228,0.844902388224177,1.197242978420251,0.36096174575754947
0.018884415434461784,0.5422549161562533,0.8459466068331553,1.2020744309118738,0.3621148382642034
0.018991885727142672,0.5439451914510954,0.8469844470603921,1.2069192632338321,0.36326736245254027
0.01909479805841374,0.5456597246922217,0.8480184686504486,1.211777443187878,0.364420447070008
0.0191931277298095,0.5473966499231351,0.8489825810329533,1.2166489763386266,0.36557563555005673
0.019286851142680715,0.5491540953332744,0.8499964862496546,1.2215338707496015,0.3667316717579893
0.019375945803858336,0.5509301856668827,0.8510066073246098,1.2264320932486765,0.3678866844444056
0.01946039033105122,0.5527230445484863,0.8520098390485439,1.2313435970284772,0.3690408172997455
0.01954016445797829,0.5545307967232801,0.8530077705221701,1.23626833773161,0.37019399504551387
0.01961524903923189,0.5563515702112953,0.8540004151517411,1.2412062701368887,0.37134625323131343
0.01968562605487311,0.5581834983746707,0.8549889769461787,1.2461573479986436,0.3724974247754977
0.019751278614755882,0.5600247218978275,0.8561179102526699,1.2511215209835533,0.37364709986924644
0.019812190962581043,0.561873390680788,0.8570936260898366,1.2560987270600337,0.37479506473370966
0.019868348479677472,0.5637276656462112,0.857891926274975,1.2610889180419391,0.3759427591433952
0.019919737688510672,0.5655857204611261,0.8588550979683394,1.2660920740318689,0.37709044883151266
0.019966346255917203,0.5674457431745864,0.8598114968503758,1.271108151535724,0.37823682428898475
0.020008162996064567,0.5693059377728029,0.8607608667007677,1.2761370974405732,0.37938179187538973
0.020045177873135922,0.5711645256535134,0.8618625174351545,1.281178856008589,0.3805249926484122
0.020077382003738417,0.5730197470215509,0.8627975743798056,1.2862333612523666,0.38166624711437946
0.020104767659035308,0.5748698622077899,0.8637254952015108,1.291300555373663,0.3828060529617121
0.02012732826660073,0.5767131529137394,0.8646461846391104,1.296380382971189,0.38394429069913844
0.02014505841199722,0.5785479233842208,0.8652768828319902,1.301472790535586,0.38508157931389264
0.020157953840074957,0.5803725015106246,0.8658358288710087,1.3065777445908195,0.3862186186799736
0.02016601145599308,0.5821852398673398,0.8663245111062533,1.3116952122766141,0.38735514691671474
0.020169229325962646,0.5839845166839862,0.8667452103731136,1.3168251555321213,0.3884908536707169
0.020167606677710056,0.5857687367560972,0.8676369729083634,1.3219675274448077,0.38962502148056205
0.020161143900663214,0.5875363322969474,0.8685235086303762,1.3271222640701934,0.3907570284934985
0.0201498425458576,0.5892857637331752,0.8694014310553548,1.332289295548887,0.3918866669557616
0.020133705325563987,0.591015520446872,0.8696786821511984,1.3374685487128526,0.3930136867425154
0.020112736112637995,0.5927241214667409,0.8705474359359214,1.3426599425242332,0.3941379409533492
0.02008693993958997,0.5944101161109309,0.8685656672532308,1.347863407861816,0.39526076117025555
0.02005632299737751,0.5960720845840549,0.8688537833720952,1.3530789022342709,0.39638224405782047
0.020020892633920002,0.5977086385308927,0.8690701789506448,1.3583063536434448,0.3975007014908766
0.01998065735233447,0.5993184215491569,0.8704206514653972,1.363545675530274,0.3986160362421762
0.01993562680889537,0.6009001096637023,0.8715035626247779,1.368796784295793,0.39972838577114506
0.019885811810716972,0.6024524117644002,0.8716475814823196,1.374059593520933,0.40083739140155444
0.01983122431315971,0.6039740700099042,0.8717203957686087,1.3793340078669505,0.40194254877538615
0.019771877416961077,0.6054638601993847,0.8697720917432842,1.3846199207677754,0.4030427744434569
0.01970778536509104,0.6069205921142737,0.8678469260990693,1.389917183744509,0.40413544873151763
0.01963896353933457,0.608343109831949,0.8678127960742528,1.395225609611409,0.40522017166878255
0.01956542845659954,0.6097302920132137,0.8658512909887944,1.4005450262186365,0.40629607277130075
0.01948719776495272,0.611081052165352,0.8666869465968611,1.4058752004188577,0.40736248622803073
0.019404290239384645,0.6123943388824298,0.8647795560589793,1.4112159642414783,0.4084199988876431
0.019316725777303388,0.6136691360644612,0.8656105963597397,1.4165670513823285,0.40946607613332753
0.019224525393759666,0.6149044631169426,0.8637127210382944,1.421928269832941,0.4105016891404774
0.01912771121640288,0.616099375132219,0.8645345470005182,1.427299306952934,0.4115238053985052
0.019026306480170813,0.6172529630540194,0.8653494840305784,1.4326799790696592,0.41254035538518713
0.018920335521713454,0.618364353826468,0.866156733894315,1.4380701546920303,0.4135512358850062
0.01880982377355211,0.6194327105287653,0.8669562400571251,1.4434697005287835,0.4145563202754153
0.018694797757975935,0.6204572324966896,0.8677562008983967,1.4488784812265376,0.41555557353909767
0.01857528508067651,0.6214371554319803,0.8680511647451625,1.4542963646990095,0.41654955461405063
0.01845131442412273,0.6223717515006039,0.8688271318866706,1.4597232364698733,0.41753856903134656
0.01832291554067697,0.6232603294208505,0.869603133634382,1.4651589663575821,0.4185216294632895
0.0181901192454549,0.6241022345421032,0.8693471155579161,1.4706034070971037,0.4194966519610441
0.018052957408930096,0.6248968489151373,0.8690083993893813,1.4760563385365344,0.42046035653195085
0.017911462949284886,0.6256435913546552,0.8697786065000847,1.4815175235843063,0.42141447174327545
0.01776566982451024,0.6263419174947973,0.8705417429621862,1.486986795879976,0.42236209022908916
0.01761561302425648,0.6269913198382389,0.8712834573772485,1.492464008396203,0.4233031907005466
0.017461328561435147,0.6275913277994943,0.8727896642083394,1.4979490204840915,0.4242387248854453
0.01730285346357682,0.6281415077429473,0.8723309675968135,1.5034417072521022,0.42516676543056386
0.017140225763944392,0.6286414630161186,0.8733754798094383,1.5089418530086243,0.42608558348222325
0.016973484492404937,0.62909083397862,0.8741024588796555,1.5144493205961935,0.4269992001393176
0.016802669666063336,0.6294892980271856,0.8735518901492587,1.5199639580078723,0.4279035114151836
0.01662782227965799,0.6298365696171605,0.8718603815425341,1.5254854781992633,0.42878742634892064
0.01644898429572225,0.6301324002807593,0.872582234720637,1.531013359402106,0.42964943341644973
0.01626619863451383,0.6303765786423701,0.8709218431498909,1.5365472931848458,0.43049352089012355
0.016079509163714083,0.6305689304311636,0.8692984059504018,1.5420866910805526,0.43130282361104616
0.015888960687899828,0.6307093184911927,0.867712675739294,1.5476308284967095,0.4320755163298645
0.01569459893779056,0.6307976427891568,0.8661645257964578,1.5531789458275345,0.43280975177392217
0.01549647055927329,0.6308338404199673,0.8646545777434402,1.558730252733159,0.4335041117862331
0.015294623102207978,0.630817885610206,0.8657244147845156,1.5642840038129935,0.43417193871036397
0.015089105009015225,0.6307497897195249,0.8664639770863085,1.5698399463521493,0.43483346043928356
0.014879965603050977,0.6306296012400304,0.867193004685114,1.5753979195162333,0.4354863874595138
0.014667255076768759,0.6304574057936304,0.8664505264505884,1.5809577275447781,0.4361268521688992
0.014451024479673759,0.6302333261272955,0.8656322000594211,1.5865190434517784,0.4367493004106767
0.014231325706071387,0.629957522106161,0.8663433258311951,1.5920815219345545,0.4373573589755039
0.014008211482612644,0.6296301907043523,0.866825689915011,1.5976449553177545,0.43795813367472347
0.01378173535564025,0.6292515659933714,0.8678870290679604,1.603209226774706,0.4385539856291165
0.013551951678337554,0.6288219191278679,0.868936041756262,1.6087742380719785,0.4391450209475154
0.013318915597684096,0.628341558328556,0.8680376098100296,1.6143398635255206,0.4397257173489382
0.013082683041220445,0.6278108288620159,0.8687208137302267,1.6199058036653813,0.4402916339534422
0.012843310703626524,0.6272301130170792,0.8693973863606549,1.6254718427400243,0.4408488138792441
0.012600856033113969,0.6265998300774436,0.8704414477993047,1.6310378130418428,0.44139873353228704
0.012355377217640146,0.625920436290129,0.8711382707212045,1.6366035928965972,0.44194213003554333
0.012106933170942219,0.6251924248293533,0.8721641963572507,1.6421690274161744,0.4424781551983282
0.01185558351839908,0.62441632575534,0.8728452228419816,1.647733995866652,0.4430077470554677
0.011601388582720517,0.6235927059675291,0.8735304556751261,1.653298336799605,0.4435283106646222
0.011344409369471163,0.6227221691516399,0.8742081887504538,1.6588618706854943,0.4440398316600646
0.011084707552428383,0.6218053557199336,0.8748788683371282,1.664424418071817,0.4445422760088526
0.010822345458781883,0.6208429427440215,0.875495063068562,1.6699857997584717,0.44503569996650083
0.010557386054174608,0.6198356438794723,0.8761577719836272,1.6755458392026283,0.4455201489179932
0.010289892927591913,0.618784209281436,0.8750972175481554,1.6811043371242482,0.44599127917314213
0.010019930276100084,0.6176894255104364,0.8745146542642372,1.6866608745892198,0.4464286191037383
0.009747562889439633,0.6165521154274146,0.8740029368450748,1.692214500019582,0.44681106807533105
0.009472856134475953,0.6153731380770581,0.874075188962601,1.6977641123121545,0.44713680289844715
0.009195875939511588,0.6141533885583632,0.8742163551689852,1.7033085527876912,0.447403414302316
0.008916688778463695,0.6128937978813298,0.8749279985108099,1.708846755523363,0.44763122944343775
0.008635361654910925,0.6115953328085958,0.8767151203422137,1.7143783620035544,0.4478515352104159
0.008351962086012417,0.6102589956807662,0.8774018430587851,1.7199032576371185,0.44806503699620226
0.008066558086304345,0.6088858242240947,0.878079616879608,1.725421289974929,0.44826950600385784
0.007779218151376588,0.6074768913391162,0.8787508225480078,1.7309322924638384,0.44846494725870856
0.00749001124143431,0.6060333048687335,0.879414100815728,1.7364360980905553,0.4486513049042628
0.007199006764747617,0.6045562073441904,0.8800711760465648,1.7419325401437453,0.44882864683335794
0.006906274560994157,0.6030467757072802,0.8788167286612011,1.747421433758704,0.44899289928285446
0.006611884884497539,0.601506221007047,0.8794959387844404,1.7529024693944308,0.4491419056957557
0.006315908387366892,0.5999357880691593,0.8801479050359167,1.7583754407520884,0.4492819388356699
0.006018416102541018,0.598336755136051,0.8788051260580305,1.7638401659411156,0.44940901503138897
0.005719479426740129,0.5967104334758364,0.8799893960780173,1.7692962358043314,0.44949996109605
0.00541917010333146,0.5950581669579315,0.8806717018432119,1.7747427119158286,0.4495505249256865
0.005117560205111082,0.593381331593211,0.882126426030777,1.7801791254551949,0.44957152373304965
0.004814722117006853,0.5916813350364846,0.8835924438730661,1.7856044919524996,0.4495325147535646
0.004510728518706115,0.5899596160489652,0.8842758590232883,1.7910177579315547,0.4494554295614904
0.004205652367213358,0.5882176439183567,0.8827944096368925,1.7964185743318457,0.44936738398313947
0.0038995668793405263,0.5864569178341005,0.8855548225564345,1.8018065961815122,0.449246311629008
0.00359254551413533,0.5846789662152799,0.8882143889504569,1.8071808560503086,0.44906820661702845
0.003284661955251662,0.5828853459886097,0.8903081515461859,1.812540285176524,0.448837703055494
0.0029759900932658633,0.5810776418139056,0.8909805657390197,1.8178839988093185,0.4485755368271277
0.0026666040079430346,0.5792574652543929,0.8916448256881285,1.8232117391112177,0.44830753938352774
0.002356577950458578,0.577426453889184,0.8923086075721025,1.8285234220037108,0.4480337408830747
0.0020459863255780954,0.5755862703652557,0.8929640213554818,1.8338189641885372,0.44775418634860237
0.0017349036738006822,0.5737386013862541,0.8936140335157733,1.8390982832481682,0.44746895438236545
0.0014234046534694793,0.5718851566354884,0.8953454533540409,1.8443613032732773,0.4471787990999539
0.0011115640228540836,0.5700276676305004,0.8937323589740389,1.8496079567279144,0.44688212822319295
0.0007994566222090069,0.5681678865066786,0.8973095456605263,1.8548380292203885,0.4465613806730751
0.0004871573558122233,0.566307584727458,0.8956194491904834,1.8600508734163748,0.4462111734435736
0.00017474117398851585,0.5644485517187541,0.8938547299156815,1.865246240563922,0.44585466025198833
-0.0001377169448780521,0.5625925934254253,0.8920063792126951,1.8704240480361818,0.44549269279671194
-0.0004501420123388783,0.560741530787715,0.8900965778757693,1.8755842311172375,0.445126198630602
-0.0007624590478774654,0.5588971981358236,0.8881032272162123,1.8807267438528261,0.4447560933987832
-0.0010745930969044356,0.5570614415009769,0.8888266188338926,1.88585155596021,0.4443827542995933
-0.0013864692487463588,0.5552361168416298,0.896167870824905,1.8909585644777693,0.4439924531885934
-0.0016980126546238103,0.553423088183736,0.8968041693505844,1.8960472801242338,0.44357966972642954
-0.0020091485456149023,0.5516242256743309,0.9031369053742955,1.9011175024762115,0.44315408142143353
-0.002319802250599283,0.5498414035480712,0.903701875809759,1.9061688714471514,0.4427115480959549
-0.002629899214178982,0.5480764980067481,0.9148526893092641,1.9112012261786357,0.4422552106330478
-0.0029393650145711925,0.5463313850122516,0.9130875747527624,1.9162141709144123,0.4417819919127869
-0.0032481253814693823,0.5446079379939605,0.9135252938601428,1.9212076771250068,0.44131110554608494
-0.0035561062138675698,0.5429080254720036,0.9139567151452231,1.9261817943908501,0.44083988263524243
-0.0038632335978443914,0.5412335085984434,0.9152227298168498,1.931136553283869,0.440367844477596
-0.0041694338243019324,0.5395862386189891,0.9133676368163648,1.9360719783080507,0.4398970215013593
-0.004474633406655657,0.5379680542584698,0.9114277367044277,1.940988195501365,0.4394324221525462
-0.004778759098470813,0.5363807790339624,0.9118817819740292,1.9458853633012219,0.43897208214771444
-0.005081737911041244,0.5348262185001105,0.9098609969471274,1.9507635686639024,0.4385153426340328
-0.005383497130906282,0.533306157431897,0.9077559234732867,1.9556229869063813,0.43806726993742573
-0.005683964337301675,0.5318223569508076,0.9055806009295767,1.9604638375371866,0.43762879827602896
-0.00598306741954016,0.5303765516010649,0.9160507827845616,1.9652863038745347,0.43719003300542536
-0.006280734594317796,0.5289704463833108,0.9164501182074798,1.9700902484269072,0.4367426344318336
-0.006576894422941452,0.527605713753831,0.9247964570928331,1.9748756472706865,0.43629226400671517
-0.006871475828473927,0.52628399059813,0.9254704482594118,1.9796424143105162,0.4358364211946567
-0.0071644081127918815,0.5250068751883156,0.9257846167436756,1.9843905530038697,0.43538139508879636
-0.007455620973553272,0.5237759241344285,0.9238280430218366,1.9891201584361522,0.43493311676287105
-0.007745044521069351,0.5225926493404305,0.9241529383101721,1.9938314714801126,0.434494041889958
-0.008032609295078017,0.521458514976154,0.9284786133743417,1.9985246134776278,0.43405540125265146
-0.008318246281413887,0.5203749344769844,0.928781478408458,2.0031995991938887,0.4336163086285021
-0.008601886928571337,0.519343267583506,0.929438878826955,2.0078564940255994,0.4331789606374098
-0.008883463164156571,0.5183648174336837,0.9274208214438657,2.01249537833757,0.4327479491165992
-0.0091629074112247,0.517440827720409,0.9284886020500545,2.017116508369707,0.43232630136210093
-0.009440152604497792,0.5165724799274553,0.929406988265814,2.0217199777502026,0.4319043715673953
-0.009715132206460277,0.5157608906569039,0.9302536075080602,2.026305817249894,0.43148225506100646
-0.009987780223327683,0.5150071090611297,0.9305361360501553,2.0308740662401368,0.4310614516739158
-0.010258031220884705,0.5143121143922434,0.9308143573458909,2.035424816170012,0.4306442090647022
-0.01052582034018916,0.5136768136816515,0.9310887520242752,2.039958170865611,0.43023034357339585
-0.010791083313137878,0.5131020395620163,0.9320707157911369,2.044474225938388,0.42981847488232083
-0.011053756477890687,0.5125885482433955,0.9323327885569046,2.0489730348084314,0.4294079373917565
-0.011313776794148885,0.5121370176547313,0.9329487461860886,2.0534546819810386,0.428999740121325
-0.011571081858284739,0.5117480457611328,0.9331991213924141,2.0579192306243863,0.4285933302856369
-0.01182560991831798,0.5114221490665662,0.9334458264402625,2.0623667763355673,0.42819067054048754
-0.012077299888735966,0.5111597613106179,0.9336888658543644,2.0667974283990174,0.4277917996009288
-0.01232609136515396,0.5109612323669711,0.9343703028488997,2.07121129055784,0.42739541328746244
-0.012571924638811877,0.5108268273501273,0.9349860862813746,2.0756084172217775,0.4269993768674181
-0.012814740710904103,0.5107567259356969,0.9329368043776237,2.0799888874682617,0.42661129529075564
-0.01305448130673885,0.5107510218983558,0.9331802981974952,2.084353014981181,0.4262365004112526
-0.013291088889723973,0.5108097228702552,0.933419971527092,2.0887009758689388,0.4258658575271218
-0.01352450667517529,0.5109327503213403,0.9336560547890578,2.0930328862174394,0.42549944587214616
-0.013754678643944748,0.5111199397617135,0.9338884513128303,2.0973488634396498,0.42513732349108085
-0.013981549555864722,0.5113710411648021,0.9357605521630622,2.101649024269346,0.424779344900641
-0.01420506496300535,0.5116857196087768,0.9362789566379018,2.1059334740271676,0.42442403039517507
-0.014425171222741865,0.5120635561323628,0.9364972301146094,2.1102022792014195,0.4240709716457759
-0.014641815510628467,0.5125040487999275,0.9370702794398933,2.1144555395325466,0.4237210108743269
-0.014854945833076002,0.5130066139695127,0.9372790988997112,2.118693325695279,0.42337339724230383
-0.01506451103983015,0.5135705877563851,0.9378382340266975,2.122915737906512,0.4230288852938155
-0.015270460836247234,0.5141952276835883,0.9380385772459074,2.1271228468246712,0.4226867925665104
-0.015472745795364744,0.5148797145100614,0.938438566888753,2.1313147552174843,0.4223479980071439
-0.015671317369763474,0.515623154226008,0.9386303953070135,2.1354915370503096,0.42201175083396353
-0.01586612790321874,0.516424580204477,0.9365379621975684,2.139653339834954,0.4216875828485959
-0.016057130642137676,0.5172829554974628,0.934353338196702,2.1438005829610236,0.42138686647197954
-0.016244279746779774,0.5181971752643317,0.9320801973191725,2.1479337732079724,0.42111048656597105
-0.01642753030225824,0.5191660693199734,0.9297184576942652,2.152053433558995,0.4208593334314981
-0.01660683832931945,0.5201884047898022,0.93000672397297,2.1561600616873915,0.42062577241702725
-0.01678216079489759,0.5212628888585601,0.930702603375088,2.1602538621607734,0.42039571322624864
-0.016953455622442548,0.5223881715998343,0.9313866225708403,2.1643348951599464,0.4201665250941426
-0.017120681702017866,0.5235628488732418,0.9289721838239204,2.1684032559832684,0.4199486576024582
-0.01728379890016727,0.5247854652764068,0.9292694866777935,2.172459362415146,0.41974919988131454
-0.01744276806954616,0.5260545171390983,0.9295626293810625,2.1765034343822913,0.41955523460727007
-0.01759755105831694,0.5273684555472462,0.9298513708131176,2.180535605216196,0.41936669554290207
-0.01774811071930535,0.5287256893849587,0.9299900641157142,2.1845560181312047,0.41918573416703697
-0.017894410918915412,0.5301245883831694,0.9302772048575273,2.1885648793106505,0.4190134491007508
-0.018036416545801525,0.5315634861640789,0.9305603918078491,2.192562345679143,0.41884687858990594
-0.01817409351929486,0.53304068327116,0.9306841165646913,2.1965485649406005,0.41868818516091855
-0.01830740879758272,0.5345544501751315,0.9309693349175322,2.200523748885783,0.4185384056973086
-0.018436330385638158,0.5361030302469906,0.9312538520781298,2.204488056188174,0.4183945109388106
-0.01856082734289897,0.5376846426898744,0.9310415480106813,2.208441640592802,0.41825918572958315
-0.018680869790692993,0.539297485422244,0.9308270940647219,2.2123847464132567,0.4181363482082583
-0.018796428919409015,0.5409397379055916,0.9283456594662411,2.2163176809673484,0.4180331679893267
-0.01890747699541079,0.5426095639106006,0.9257835354019288,2.2202409987029044,0.4179603795462473
-0.019013987367693164,0.5443051142163807,0.923143244282797,2.2241553311519167,0.41791848098817663
-0.019115934474278045,0.546024529238104,0.9235298543614923,2.228061267007961,0.4178977483257204
-0.019213293848349293,0.5477659415790523,0.9208200351228539,2.2319590974011936,0.41789339784706586
-0.01930604212412438,0.5495274785037146,0.9201705093124519,2.2358493392846586,0.41791459550563853
-0.01939415704246238,0.5513072643292225,0.9207362493807466,2.239732363150474,0.4179458508640586
-0.019477617456205867,0.553103422732989,0.9211464387228689,2.2436082724269624,0.4179801066709302
-0.01955640333525614,0.5549140789749771,0.9183601356492972,2.247477236825455,0.41803111438207297
-0.01963049577138044,0.5567373620335664,0.9187967855369599,2.251339764051939,0.4181042551634263
-0.019699876982749696,0.5585714066544382,0.9159456496152213,2.255196151853011,0.41819442236199805
-0.019764530318206273,0.5604143553123918,0.9164024550306635,2.259046914746212,0.4183071492303664
-0.019824440261259988,0.5622643600863874,0.9168532828359128,2.2628922995893856,0.41842616072557726
-0.019879592433812168,0.5641195844484855,0.9172952631169736,2.2667324401878997,0.4185512703119241
-0.019929973599606115,0.5659782049677226,0.91773072426147,2.270567469657879,0.4186825752224264
-0.01997557166740372,0.5678384129302104,0.9181602596598665,2.2743975224005495,0.4188201116531281
-0.020016375693887856,0.569698415877069,0.9186853062730403,2.2782227221499167,0.4189617245876833
-0.020052375886287877,0.5715564390619913,0.9157916911406169,2.2820431830902077,0.41911739330145553
-0.020083563604730428,0.5734107268304574,0.9128226971608164,2.285859460302254,0.41930705026246373
-0.020109931364312706,0.5752595439227889,0.9133818582311095,2.289672175701255,0.4195174418019606
-0.020131472836899117,0.5771011767033597,0.9138474169211493,2.293481495201668,0.419730750142139
-0.02014818285263963,0.5789339343184107,0.914339942017803,2.297287516976087,0.41994812677311955
-0.02016005740121067,0.5807561497849816,0.9132735927051896,2.301090325369278,0.4201742497687203
-0.0201670936327775,0.5825661810135753,0.9137338372847144,2.304890230886601,0.42041522242655976
-0.02016928985867843,0.5843624117671687,0.914182045986648,2.308687421130717,0.4206624439015695
-0.02016664555182974,0.5861432525592614,0.9151244482678388,2.3124820153918737,0.4209135599449505
-0.02015916134685236,0.587907141493607,0.9140910708579681,2.3162740865664717,0.42117300896709675
-0.02014683903991959,0.5896525450483259,0.914527465610587,2.3200639464173616,0.4214476344930358
-0.020129681588325968,0.5913779588070198,0.9149631818611341,2.3238517833923287,0.4217284826219319
-0.020107693109777457,0.5930819081395259,0.911985522136162,2.327637782336714,0.42202686705318265
-0.020080878881403422,0.5947629488348632,0.9129529936382186,2.3314224547586013,0.4223460652651998
-0.020049245338489903,0.5964196676889103,0.913395755348981,2.335205958152273,0.4226679487421188
-0.020012800072935356,0.5980506830492658,0.9122314267500521,2.338988427614124,0.4230024851072463
-0.019971551831428642,0.599654645319686,0.9126725877590508,2.3427702028422916,0.42335064381345217
-0.019925510513349683,0.6012302374264377,0.9131111762719875,2.346551394805472,0.4237014843818068
-0.019874687168393763,0.6027761752487961,0.9135458867535601,2.3503321025976134,0.42405845760718675
-0.019819093993919703,0.604291208015875,0.9144704894087299,2.354112438419915,0.4244192450207047
-0.01975874433202267,0.6057741186718685,0.9148439169333082,2.3578924343715473,0.42478061934907757
-0.01969365266633164,0.6072237242117086,0.9118723906753228,2.361672175985222,0.42515643034657097
-0.019623834618534126,0.608638875989075,0.9123101600853611,2.365452159466383,0.42555512912524834
-0.019549306944626286,0.6100184599985705,0.9132468523979741,2.3692326052028503,0.42595756442851834
-0.019470087530892174,0.6113613971338367,0.9136678301931024,2.3730135532042675,0.4263626233696572
-0.01938619538961078,0.6126666434232626,0.9140813889367251,2.3767950997471625,0.4267736852258285
-0.01929765065449344,0.6139331902448838,0.9144906904466972,2.3805773648508146,0.4271908621894106
-0.019204474575851428,0.6151600645219675,0.9148938353673174,2.3843604686860944,0.4276140771534006
-0.019106689515496444,0.6163463289007112,0.9118882959464616,2.388144585806881,0.4280544822294385
-0.019004318941373534,0.6174910819114019,0.9122973133070443,2.3919302150246446,0.4285156402208134
-0.01889738742192897,0.6185934581142976,0.9126557241668665,2.3957175006714606,0.42897737976312683
-0.018785920620214346,0.6196526282314416,0.9096073813634371,2.3995065168390326,0.4294528787827263
-0.018669945287726943,0.620667799265515,0.9085441972310317,2.4032977757744955,0.42995763187817904
-0.01854948925798977,0.6216382146067925,0.908922059763838,2.4070917303782955,0.4304763436327995
-0.018424581439871857,0.6225631541291907,0.9078110144392262,2.410888514440893,0.4310043843038274
-0.018295251810649865,0.6234419342763171,0.908265231479166,2.4146884633303696,0.4315488727350768
-0.01816153140881414,0.6242739081383971,0.9087193902643574,2.4184917537447324,0.4320988327681774
-0.018023452326619057,0.6250584655208608,0.9091622101618622,2.4222984874072946,0.4326542068579651
-0.017881047702381754,0.6257950330053521,0.9060710724093984,2.4261088190883644,0.4332256129704736
-0.01773435171252835,0.6264830740038231,0.9065417964643846,2.4299232186502584,0.4338181553245645
-0.017583399563392214,0.627122088806368,0.9069470862042105,2.4337418784995286,0.43441394207789175
-0.01742822748276461,0.6277116146233658,0.9038079849660268,2.437564875108842,0.4350221231039041
-0.01726887271120001,0.6282512256224693,0.9005934029463796,2.4413926925105556,0.4356609927184569
-0.017105373493078658,0.6287405329609248,0.8973065131330298,2.4452259273335963,0.43632981281787114
-0.016937769067428065,0.6291791848136645,0.8978749030948358,2.4490651101264156,0.43701802442538307
-0.016766099658505857,0.6295668663975622,0.8945101487597568,2.4529104654608496,0.4377203686063714
-0.0165904064661462,0.6299032999922185,0.8910738572847855,2.4567624556751264,0.4384510868235758
-0.01641073165587174,0.6301882449575659,0.8916674033904373,2.46062156869069,0.4391980198048718
-0.016227118348774675,0.6304214977485946,0.8922746403691498,2.464487895723335,0.4399460115845257
-0.016039610611167134,0.6306028919274069,0.8928732339344831,2.4683614824371873,0.4406979774675483
-0.015848253444006217,0.6307322981728171,0.8934631463635003,2.472242393480184,0.4414538880513774
-0.01565309277209341,0.630809624287641,0.8940616764686115,2.476130691566281,0.44221356386799276
-0.015454175433053155,0.6308348152038096,0.8946369013945802,2.480026436094927,0.4429769338256184
-0.01525154916609205,0.6308078529853871,0.8952076816634766,2.483929686093874,0.44374401849413786
-0.01504526260054155,0.6307287568295487,0.8957733058926857,2.4878405002235158,0.444514751857808
-0.014835365244187028,0.6305975830655319,0.8964414953010144,2.4917589277730734,0.4452874106741353
-0.01462190747138662,0.6304144251515541,0.8969914066826176,2.495684966294337,0.4460611486397017
-0.014404940510981007,0.6301794136696194,0.8975367224497979,2.4996186555261577,0.44683846390104187
-0.014184516433999235,0.6298927163181577,0.8959996778696856,2.503560087667629,0.4476264908531022
-0.013960688141161871,0.629554537902344,0.8925796187008092,2.507509608210302,0.44843697734475213
-0.013733509350184546,0.6291651203219547,0.8908161020559804,2.511467664840038,0.4492701181748102
-0.013503034582886774,0.6287247425565501,0.8889569776655651,2.5154346619825976,0.45012341453765187
-0.013269319152106307,0.6282337206477622,0.8871061577065599,2.519410976616936,0.4509959530319969
-0.013032419148424587,0.627692407678402,0.88357700918204,2.5233969663099427,0.4518873592401124
-0.012792391426705492,0.6271011937480777,0.881740138752654,2.527392989720133,0.45279683658730474
-0.012549293592449927,0.6264605059449628,0.8799092855994541,2.531399356561125,0.45372168865357276
-0.012303183987971191,0.6257708083133302,0.8762911674588718,2.5354163443714017,0.4546614632585381
-0.012054121678393164,0.6250326018163906,0.8744764354512087,2.5394442296797566,0.45561521768936236
-0.011802166437474344,0.624246424293971,0.87517472071052,2.543483218644673,0.456576266490107
-0.011547378733263317,0.6234128504144756,0.8714776370581899,2.5475333703734426,0.45754285779938564
-0.011289819713585957,0.6225324916205642,0.8692729436647718,2.551594865544273,0.45852136595351584
-0.011029551191370694,0.6216059960679037,0.865499717179547,2.5556679006769487,0.45951016227099317
-0.010766635629813507,0.6206340485563044,0.8662714386202841,2.5597526295356676,0.4605044491728709
-0.010501136127387187,0.6196173704525022,0.8639604992977804,2.5638490733427632,0.461501333486999
-0.01023311640269776,0.6185567196037798,0.8647311070722935,2.567957303922575,0.4625019579123345
-0.009962640779192695,0.6174528902415627,0.8658639901409486,2.5720773038384097,0.46350080744888567
-0.009689774169723218,0.6163067128740838,0.8620619700856564,2.5762090219700733,0.4645007059203624
-0.009414582060965852,0.6151190541670978,0.8632005932337063,2.5803525055216543,0.465503113463984
-0.009137130497705735,0.6138908168116162,0.8642879335061702,2.584507710435753,0.46650268095382524
-0.008857486066986213,0.6126229393775222,0.8604858047460622,2.588674571623275,0.46750247541546963
-0.008575715882128254,0.6113163961518729,0.8616379234739342,2.5928531151923093,0.46850395783997795
-0.00829188756662377,0.6099721969606138,0.8578057606211841,2.597043304473794,0.4695051511822468
-0.008006069237905937,0.6085913869723646,0.8539192967243099,2.6012451558606964,0.4705091417044461
-0.007718329491001733,0.6071750464828369,0.8499798756632914,2.605458688034026,0.4715145206697731
-0.007428737382069294,0.6057242906783882,0.8459484503221363,2.609683892673191,0.4725200233906211
-0.007137362411824488,0.6042402693771238,0.8418549894444569,2.6139207358695886,0.4735243627742741
-0.006844274508861706,0.6027241667458645,0.8377088405210208,2.618169159276042,0.47452632572971437
-0.006549544012870617,0.6011772009912343,0.8335140462186386,2.622429079143581,0.47552464861698385
-0.00625324165775557,0.5996006240230286,0.8305393467659073,2.6267003796834305,0.4765163160037316
-0.00595543855465948,0.5979957210879324,0.8316059761433213,2.630982864692192,0.47749960193691665
-0.0056562061748975535,0.5963638103715821,0.832663361870919,2.6352763919028774,0.4784781453400108
-0.005355616332804654,0.594706242566884,0.8337104389709495,2.639580842430904,0.47945168841628893
-0.005053741168499867,0.593024400406406,0.8294636519209979,2.6438960878850084,0.4804190498719993
-0.004750653130573633,0.5913196981566088,0.8305277967918793,2.648221964163721,0.4813794260605968
-0.0044464249587001905,0.5895935810715652,0.8262449951778568,2.6525583244992177,0.48233287813887854
-0.0041411296661804315,0.5878475248037922,0.8219144765648329,2.656904974283163,0.4832764960034529
-0.0038348405224190017,0.5860830347697135,0.8230338739196382,2.6612616965608926,0.48421132648077914
-0.0035276310353402457,0.5843016454672463,0.8186577923529388,2.6656283194500543,0.4851377781565099
-0.003219574933746423,0.5825049197429236,0.8198267460352321,2.6700046198190512,0.48605443627143613
-0.0029107461496230957,0.5806944480059413,0.821673031428204,2.674390430155748,0.4869653454160929
-0.002601218800396033,0.5788718473864843,0.8172799321633722,2.6787856129430776,0.4878681154481983
-0.0022910671711432818,0.5770387608356548,0.8181440866210692,2.6831899344275465,0.488760760286438
-0.0019803656967671422,0.5751968561643406,0.8193036927148732,2.6876032354215034,0.4896474991742322
-0.0016691889441299388,0.5733478250183471,0.821167437490151,2.6920253702383685,0.4905281123778539
-0.0013576115941585888,0.5714933817871634,0.8223018600053642,2.6964562102824687,0.49140282064927954
-0.0010457084239215548,0.5696352624437652,0.8234412606344753,2.7008956030728983,0.49227050149334667
-0.0007335542886824377,0.5677752233129367,0.8241791636213504,2.7053433958098623,0.49313184816505345
-0.0004212241039353002,0.5659150397656673,0.8252985160320185,2.7097994544136097,0.4939871001215734
-0.0001087928274252048,0.564056504837306,0.8264151634699837,2.7142636245535,0.4948349906438394
0.00020366455884116263,0.5622014277673056,0.8275116845734848,2.7187357414267637,0.49567543700148015
0.0005160730665909992,0.5603516324585253,0.8285982856457587,2.723215642412817,0.49650859410701587
0.0008283577192820692,0.5585089558543045,0.8292093802493622,2.7277031681648394,0.49733508132769483
0.0011404435700966297,0.5566752462317303,0.8297451019623328,2.7321981883803916,0.49815628175073007
0.0014522557199287073,0.5548523614097763,0.8254699181300005,2.736700558312311,0.4989675037206797
0.0017637193353590899,0.5530421668713267,0.8211430008600699,2.741209970321571,0.4997615539972605
0.0020747596666150685,0.5512465337984093,0.822278110952168,2.745726080005243,0.5005417421815246
0.002385302065510263,0.5494673370203407,0.8192998272482266,2.750248626425233,0.5013041757306173
0.002695272003359588,0.547706452874926,0.8204409574646617,2.7547770903452427,0.5020434428423318
0.003004595088865866,0.5459657569832633,0.8160494503461131,2.7593111684140585,0.5027696032866534
0.003313197085973371,0.5442471219392303,0.8116044694162237,2.763850496359711,0.5034756898760231
0.0036210039316841892,0.5425524149152389,0.8084896738782297,2.7683946241498774,0.5041544221589463
0.003927941753832834,0.5408834951864049,0.8039677111571848,2.7729428862093206,0.5048017041752438
0.00423393688881538,0.5392422115758814,0.8051572839101377,2.7774948031367774,0.505432348553177
0.004538915899268272,0.5376303998247137,0.8020408447997075,2.7820500707093845,0.5060413337258616
0.00484280559169294,0.5360498798902541,0.7974583015267779,2.78660803884792,0.5066173783382704
0.00514553303402198,0.5345024531778195,0.7987294316522251,2.791168213808859,0.5071763050108845
0.005447025573122288,0.532989899710996,0.7995106402269637,2.7957303554443116,0.5077270657871175
0.005747210852231797,0.5315139752466836,0.8007634008152203,2.8002943192162713,0.5082702730413745
0.006046016828324413,0.5300764083417153,0.8019364975369767,2.8048599171257105,0.5088035156259559
0.0063433717894001975,0.5286788973785586,0.8031654097702257,2.8094269495308084,0.5093269390833917
0.0066392043716959155,0.5273231075583811,0.8043919278806352,2.8139952152170133,0.5098403787072293
0.006933443576811771,0.526010667870392,0.8055300741617385,2.818564512268185,0.510343969318102
0.0072260187887510435,0.5247431680470851,0.8067412717285121,2.8231346482228523,0.5108380716735262
0.007516859790867212,0.5235221555156399,0.8078586258771,2.8277054255178573,0.5113222523137817
0.0078058967827158736,0.5223491323563221,0.8089637043451497,2.8322766462400546,0.511796634061924
0.00809306039680648,0.5212255522792858,0.8101474381337761,2.8368481148978018,0.512261244329024
0.008378281715249987,0.5201528176316645,0.8119709097288642,2.8414196394998616,0.5127173102527834
0.008661492286299165,0.5191322764472477,0.8074510158636677,2.845991044520715,0.5131600542648864
0.008942624140776406,0.5181652195513784,0.809764034993727,2.850561958890282,0.5135860269470776
0.0092216098083861,0.5172528777339666,0.8109572547652346,2.8551321822668565,0.514004253706162
0.00949838233390725,0.5163964190036539,0.8127711285310287,2.859701535382635,0.5144137633133226
0.009772875293262257,0.5155969459362316,0.8112035568940844,2.8642697906142285,0.5147993652911527
0.010045022809458506,0.5148554931303408,0.8123785100945855,2.8688361971375436,0.5151504150301304
0.010314759568398483,0.5141730247833428,0.8078300723151662,2.8734003636987633,0.5154857424581512
0.0105820208345548,0.513550432399922,0.8090413213833038,2.8779618992567366,0.5158025912302266
0.010846742466506512,0.5129885326456302,0.8102202413387375,2.8825205483778444,0.5161091289679172
0.011108860932332664,0.5124880653570139,0.8114126544986637,2.8870761123973487,0.516405499745645
0.011368313324859653,0.5120496917193688,0.8125932993906664,2.8916283918335384,0.5166914390894906
0.011625037376758726,0.5116739926223833,0.8080191060232971,2.8961771572891672,0.5169615730359498
0.011878971475489736,0.5113614672031017,0.803388925229509,2.9007219973442258,0.5172084281528962
0.012130054678087924,0.5111125315846633,0.7987068370633902,2.9052624620931553,0.5174327020357269
0.012378226725789919,0.5109275178182275,0.7996669069296071,2.9097981495309293,0.5176416556905262
0.012623428058495532,0.5108066730343713,0.7949584081824758,2.9143288622719035,0.517838694889282
0.012865599829061939,0.5107501588090221,0.796863835803382,2.9188542755809634,0.5180203424118542
0.013104683917426687,0.5107580507477584,0.7981216466575078,2.9233742060969568,0.5181942071543186
0.013340622944556192,0.5108303382909775,0.7993705281805081,2.9278884806278453,0.5183581476176992
0.013573360286216507,0.5109669247411186,0.8006094259925253,2.9323969094212847,0.5185118880689705
0.013802840086562851,0.5111676275117768,0.8018383025649224,2.936899299875654,0.5186553991421444
0.014029007271544615,0.511432178597192,0.8030482168755342,2.9413954619671476,0.5187889645530561
0.014251807562123117,0.5117602252592836,0.8048600569904046,2.9458852179078585,0.5189141130628875
0.014471187487298072,0.5121513309281026,0.8074863113824138,2.9503683342840934,0.5190116555368064
0.014687094396940516,0.5126049763103119,0.8084600784071091,2.954843956354153,0.5190713213397242
0.014899476474428547,0.5131205606991545,0.8096431428087631,2.9593117632718453,0.5191236966216215
0.015108282749082965,0.513697403478201,0.8108131005157664,2.9637715942940113,0.519166489084938
0.015313463108400262,0.5143347458102088,0.8119887497627033,2.9682232754413067,0.5191998880555351
0.015514968310079088,0.5150317525014165,0.8073234390454013,2.9726666155413524,0.5192200080952604
0.015712749993838235,0.5157875140308343,0.8112682870877033,2.9771012098335508,0.519205113815603
0.015906760693023072,0.5166010487333164,0.815119076243833,2.9815260623096576,0.519132370900731
0.016096953845997013,0.5174713051246214,0.8163240326016292,2.9859401585803442,0.5190228314009977
0.016283283807316407,0.5183971643561697,0.8189001043130084,2.9903431658635315,0.5189056016428515
0.016465705858684846,0.5193774427868263,0.8200778765948525,2.994734965105889,0.5187811021385564
0.01664417621968573,0.5204108946587903,0.8154071572940584,2.9991154065224173,0.5186459997627245
0.01681865205828911,0.5214962148645238,0.817942417070203,3.0034842751508726,0.5185001848986972
0.016989091501131225,0.5226320417916338,0.8191218640897868,3.007841431172782,0.5183469960626997
0.0171554536435639,0.523816960232684,0.8272879468135731,3.0121866332083065,0.5181646103195605
0.017317698559471587,0.5250495043471185,0.8226456300990153,3.0165190083635585,0.5179421627854354
0.017475787310853266,0.5263281606627086,0.8238148898036929,3.020838190644756,0.5177109547456604
0.017629681957167423,0.5276513711043446,0.8249683753492245,3.0251440511339958,0.5174725703250732
0.017779345564437696,0.5290175360383849,0.8202654061618693,3.0294364766803534,0.5172271783700033
0.017924742214116714,0.5304250173212915,0.8154934695003823,3.033715353070633,0.5169751262757467
0.01806583701170659,0.5318721413418632,0.8180761172679358,3.03798058880151,0.5167174023885419
0.018202596095133052,0.5333572020469358,0.8132510047585416,3.0422320951815713,0.5164543770317418
0.01833498664287263,0.5348784639411308,0.808362580361183,3.0464698195919366,0.5161884275745627
0.018462976881829362,0.5364341650518551,0.803414730056038,3.050693747647291,0.5159213241651593
0.018586536094960224,0.5380225198514881,0.8046849794333925,3.0549038926171836,0.5156524167769391
0.018705634628647286,0.5396417221294029,0.7996855049589651,3.0591002136457677,0.5153810919736985
0.018820243899814036,0.5412899478071607,0.7946344613352292,3.0632827572359607,0.5151128950027489
0.0189303364027856,0.5429653576909691,0.7959485975359101,3.0674516103484986,0.5148453869782487
0.01903588571588974,0.5446661001561741,0.790852001172636,3.0716067630244726,0.5145774264930156
0.019136866507797966,0.5463903137592503,0.7857058969076774,3.0757483241668337,0.5143162398740836
0.019233254543604875,0.5481361297734421,0.7870526479361154,3.079876448058128,0.5140582745630934
0.019325026690644672,0.549901674644833,0.8044238479547381,3.083991041518333,0.5137787835142661
0.01941216092404247,0.5516850723662494,0.8058756000359634,3.0880914420336287,0.5134691680443685
0.019494636332000624,0.5534844467669948,0.8070322129650529,3.092177429351793,0.5131563248254707
0.0195724331208171,0.5552979237169554,0.8095875004723644,3.0962489715348886,0.5128399143667213
0.019645532619635947,0.5571236332441303,0.825859734860151,3.100305932525475,0.5125040618886129
0.01971391728492848,0.5589597115651433,0.8401759025643194,3.104347689710708,0.5121309089967073
0.019777570704703092,0.5608043030286991,0.8409910010813261,3.1083736569774687,0.5117381937235788
0.0198364776024448,0.5626555619723865,0.8418010925186987,3.112383730934988,0.5113451853617133
0.019890623840780764,0.5645116544935705,0.8438953616108378,3.1163779320574103,0.5109507071714564
0.01993999642487375,0.56637076013546,0.844683723356877,3.120356245457679,0.5105543479803218
0.019984583505540526,0.5682310734897348,0.8467188668880569,3.1243186824560594,0.5101564425372411
0.02002437438209591,0.5700908057173479,0.8486983535013258,3.1282652185066095,0.5097551910848143
0.02005935950492028,0.5719481859893837,0.8603517238413807,3.132195781375971,0.5093432221549045
0.02008953047775232,0.5738014628500089,0.8609896466945671,3.1361100912215507,0.5089187984953987
0.020114880059703303,0.5756489055037448,0.8616156598188572,3.1400081112057574,0.5084954672585227
0.020135402166995255,0.5774888050294004,0.8573184981783979,3.1438899330784174,0.508080988052571
0.020151091874420903,0.5793194755231362,0.8529390660701902,3.1477559320242308,0.5076882742145977
0.02016194541652576,0.5811392551731939,0.8536170080615492,3.151606547479642,0.5073100401092837
0.020167960188511913,0.5829465072688987,0.8542872358490149,3.155441928741,0.5069334596184994
0.02016913474686289,0.5847396211465882,0.8549427913119004,3.1592621409240977,0.5065586832638937
0.020165468809690328,0.5865170130751213,0.8608839383897403,3.1630672331475305,0.5061824554928362
0.020156963256801597,0.5882771270836578,0.8615119857128194,3.1668571633490754,0.505803618696486
0.02014362012948846,0.5900184357343567,0.8621265470804457,3.170631975197392,0.5054270816796673
0.020125442630037516,0.5917394408426533,0.862734517081475,3.1743917443101166,0.5050528367412268
0.020102435120961316,0.5934386741477022,0.8678333749774442,3.178136537306777,0.5046787655224976
0.02007460312395173,0.5951146979355668,0.8687475476306381,3.1818663464660846,0.5043024402693864
0.020041953318554274,0.5967661056176538,0.8693055173760442,3.1855811842251978,0.5039267519834311
0.020004493540565656,0.5983915222668453,0.8723133895259351,3.189281115141319,0.5035526835493008
0.01996223278015269,0.5999896051137092,0.8728557035366655,3.192966185819616,0.503179819891557
0.01991518117969504,0.6015590440050951,0.8733922810035746,3.1966364737763375,0.5028099843030445
0.019863350031350927,0.6030985618273521,0.873936786878357,3.2002920728033275,0.502443515362848
0.0198067517743473,0.6046069148963198,0.8750085027392369,3.2039330706322433,0.5020787065215582
0.01974539999199396,0.6060828933161582,0.8755197219890951,3.207559504977573,0.501714735103573
0.01967930940842436,0.6075253213090204,0.8760410847773982,3.211171455084786,0.5013541304993353
0.01960849588506113,0.6089330575174486,0.8718513667959079,3.2147690734518894,0.5010081003093908
0.019532976416810066,0.6103049952813393,0.8723816981095286,3.218352849854102,0.5006825472328682
0.019452769127981,0.6116400628911846,0.8729065638350484,3.221923000746395,0.5003609637130558
0.019367893267938304,0.612937223819265,0.8734265738463447,3.225479634423431,0.5000435039268836
0.019278369206480832,0.6141954769303487,0.8744900173990716,3.229022850641355,0.4997282826277997
0.01918421842895375,0.615413856673383,0.8761109303555004,3.232552682081805,0.4994121496468993
0.01908546353109175,0.6165914332555935,0.8776799367377155,3.2360691424927257,0.4990969789069431
0.0189821282135961,0.6177273128003183,0.8786101538696873,3.239572314997183,0.4987843687357054
0.018874237276447124,0.6188206374898199,0.8801578123627951,3.2430622374590636,0.4984710940722951
0.0187618166129517,0.6198705856942737,0.8806070407301133,3.2465389277350556,0.498158984823641
0.018644893203529644,0.6208763720880248,0.8810506536005784,3.25000248382349,0.49785167567155764
0.01852349510923769,0.6218372477541603,0.8814966598827673,3.2534530244742546,0.49754880340555685
0.018397651465035948,0.6227525002783746,0.8819345441867296,3.2568906645452946,0.49725048688538886
0.018267392472794873,0.6236214538330206,0.8823670979918354,3.260315523765368,0.496956980492254
0.0181327493940473,0.6244434692522131,0.8832214183808937,3.2637277137497724,0.4966663097989287
0.01799375454248594,0.6252179440987593,0.8841733216702937,3.2671272917212706,0.4963782510835481
0.01785044127620778,0.6259443127236466,0.8845734735598331,3.2705143828860903,0.4960959747479763
0.01770284398970901,0.6266220463187716,0.8849684509189916,3.2738891167340443,0.4958186894338042
0.017550998105629767,0.6272506529635206,0.8853703516723831,3.2772516176773694,0.49554644791886854
0.017394940066253334,0.6278296776657842,0.8855285674197735,3.2806020203624584,0.49528085422167845
0.017234707324760058,0.6283587023979226,0.8864784134794349,3.2839404915670722,0.4950204339119266
0.017070338336238836,0.6288373461281563,0.8868489727969415,3.2872670996634357,0.4947621247537351
0.01690187254845783,0.6292652648478178,0.8872123355411975,3.2905819538536116,0.49450919412117206
0.01672935039239745,0.6296421515948486,0.8875746385099537,3.2938851860331866,0.49426175069877065
0.016552813272546967,0.6299677364738835,0.8879245285665314,3.297176930207376,0.49401989895198034
0.016372303556967883,0.6302417866732323,0.8893255911030122,3.3004573096010126,0.49378126361672986
0.01618786456712536,0.6304641064790193,0.8902271937434985,3.3037263630506306,0.49354238527218286
0.015999540567491508,0.6306345372867085,0.886208041553965,3.3069841944948033,0.4933197591908887
0.015807376754922487,0.6307529576101997,0.8865654500456559,3.310231403465936,0.49312373346519484
0.015611419247810725,0.630819283088652,0.8861726173942321,3.313468280150595,0.4929361464210714
0.01541171507501728,0.6308334664911496,0.886528739072883,3.316695047992441,0.4927580086747387
0.01520831216458505,0.6307954977192832,0.8868652250405042,3.3199118697807277,0.49258592815090213
0.01500125933223631,0.6307054038077032,0.8857937819363777,3.3231189021933893,0.49242289705562176
0.014790606269656718,0.6305632489226447,0.8861287705301427,3.326316389169067,0.492270387316401
0.01457640353257021,0.630369134358399,0.8870451986084968,3.329504490217481,0.49212165973643773
0.014358702528605431,0.63012319853168,0.8883873504022034,3.3326832504454242,0.49197291994792514
0.014137555504958373,0.6298256169737797,0.889683886106814,3.335852685995077,0.4918240107925188
0.013913015535853158,0.629476602320384,0.890006990578228,3.3390128251361415,0.49167755502773614
0.013685136509804512,0.6290764042988802,0.8912532084049033,3.342163776227152,0.49153498986385485
0.013453973116684835,0.6286253097129553,0.8915422322781229,3.345305594633846,0.4913948966185104
0.013219580834598971,0.6281236424242299,0.8924746691843446,3.348438390286285,0.4912589832290949
0.012982015916569199,0.6275717633306594,0.8927749738811461,3.351562228783724,0.49112603456610227
0.012741335377035725,0.6269700703413696,0.8930713300290878,3.3546772354573657,0.4909996840670415
0.012497596978172645,0.6263189983475709,0.8933637747848925,3.357783559683262,0.4908799169654993
0.01225085921602575,0.6256190191891302,0.8942197491835567,3.360881337849446,0.49076427567833314
0.012001181306473555,0.62487064161637,0.8929561655321919,3.3639706521645008,0.49065522504006714
0.011748623171015792,0.6240744112465826,0.8932012257298223,3.3670517526691497,0.49055818759809006
0.011493245422392714,0.6232309105147179,0.8934466060699928,3.370124826701481,0.4904680131297764
0.011235109350038075,0.6223407586176508,0.8937290036980035,3.3731900279153764,0.49038471818080076
0.010974276905370103,0.6214046114513883,0.8939568493990443,3.3762475094084974,0.49030832579897665
0.010710810686923635,0.6204231615405027,0.8947713714229132,3.3792974126798985,0.4902363717011458
0.01044477392532621,0.6193971379590535,0.8949989025232762,3.382339804017788,0.4901676140007726
0.010176230468123734,0.6183273062421601,0.8910747387744661,3.3853748903360676,0.49012144831075655
0.009905244764456806,0.6172144682873786,0.8919347677055096,3.388403360312823,0.490103234737217
0.009631881849593541,0.6160594622449178,0.8922215825842734,3.3914254359462364,0.4900883467600121
0.0093562073293213,0.6148631623957136,0.8924649072528253,3.394441246314071,0.49008045041195414
0.009078287364201673,0.6136264790162738,0.8909683037192946,3.3974509650122395,0.4900839526789445
0.00879818865369214,0.6123503582291685,0.8894884971341813,3.4004549208041306,0.49010553891989017
0.008515978420138872,0.6110357818379346,0.8897875619230092,3.4034534660154896,0.4901409232958525
0.008231724392643157,0.6096837671451236,0.8900447054336844,3.4064467975445223,0.490183357271823
0.007945494790807086,0.6082953667521206,0.8861094166477433,3.4094351485682393,0.4902491353250767
0.007657358308361126,0.6068716683392862,0.8820979818155111,3.4124193188632894,0.4903625259365567
0.007367384096678062,0.6054137944249083,0.8780190475749461,3.415400268942576,0.490523612221851
0.007075641748176693,0.6039229021013471,0.8783625294256708,3.4183788769830663,0.49071614503192523
0.006782201279620278,0.6024001827466964,0.8787017830500284,3.4213554510061237,0.49091572117941007
0.006487133115312667,0.6008468617101722,0.8799188415382657,3.424330120393538,0.491119390969085
0.006190508070196932,0.5992641979693867,0.875796554867988,3.4273030120873686,0.4913422572590517
0.00589239733286002,0.597653483757553,0.8761114474972251,3.4302748118519344,0.49159648977152565
0.005592872448447933,0.5960160441586082,0.877062552661611,3.4332458100378793,0.49185510188310894
0.005292005301495124,0.5943532366681235,0.8773613471454396,3.4362160572271936,0.4921168120931028
0.004989868098672658,0.5926664507178414,0.8777029230400358,3.4391856680571387,0.49238541655399864
0.004686533351458838,0.590957107161543,0.8759670186463968,3.4421548130664146,0.49266717697726525
0.004382073858737059,0.5892266577199224,0.8741144364619745,3.4451238781687272,0.4929713497455174
0.004076562689324026,0.5874765843820495,0.8722549570178944,3.448093316752508,0.49329839077459203
0.0037700731644338694,0.5857083987609412,0.870287060918419,3.451063586771109,0.4936485525430167
0.003462678840081475,0.5839236414007093,0.8714413109658624,3.4540351055198046,0.49401281781180817
0.0031544534894288913,0.582123881032698,0.8723787792960346,3.457007967350395,0.4943773297451273
0.002845471085080966,0.5803107137780009,0.8733063679303171,3.4599821777215123,0.49474242956099873
0.00253580578133153,0.5784857622936714,0.8736031891727408,3.462957758776681,0.4951105789786261
0.0022255318963669414,0.5766506748599967,0.8745151551926733,3.465934804780076,0.49548295274517035
0.0019147238944302635,0.5748071244061261,0.875417299026327,3.4689133476321574,0.49585581973270704
0.0016034563679500514,0.5729568074714212,0.8757528235127389,3.4718934053705643,0.4962315124063386
0.0012918040196384527,0.5711014430998738,0.8738779447531289,3.4748751160582456,0.49662072546259994
0.0009798416445631153,0.5692427716650335,0.871887936219126,3.477858882801565,0.4970336854276387
0.0006676441121965488,0.5673825536229247,0.8699263688270332,3.4808451787442563,0.497470631239388
0.00035528634844798755,0.5655225681905368,0.8660121959796936,3.483834517011874,0.49793959116842834
4.284331768129424e-05,0.5636646119476107,0.8664064456509487,3.4868276184640212,0.4984375044364616
-0.0002696099952759459,0.5618104973595618,0.8624595228254097,3.4898248221844885,0.4989562888414433
-0.0005819986031284263,0.5599620512195685,0.8634283394291677,3.4928267469393135,0.49950092140478
-0.0008942475341098016,0.558121113008086,0.8594590532111411,3.495833639796279,0.5000622845223982
-0.0012062818499755247,0.5562895331682375,0.8605282091892177,3.4988460742594634,0.5006487133820579
-0.0015180266639875253,0.5544691712958564,0.8565288056413264,3.501864288654193,0.5012513681800396
-0.001829407158886962,0.552661894243231,0.8524983267843925,3.504888914967463,0.5018939473331027
-0.0021403486048497213,0.5508695741359703,0.8484434547471158,3.50792072402016,0.5025749573123275
-0.002450776377421347,0.549094086302771,0.8489776708678486,3.51096038906398,0.5032801310072851
-0.0027606159754264862,0.5473373071183197,0.8449162452040011,3.514008178469621,0.5040023511472616
-0.0030697930388489526,0.5456011117599815,0.8408160076251986,3.5170646611941963,0.5047595957576433
-0.003378233366677651,0.543887371879467,0.8414080935853039,3.5201304459624803,0.5055387170735847
-0.0036858629347144836,0.5421979531911649,0.8427847255990591,3.523205701306822,0.5063199054760102
-0.003992607913339732,0.540534712979427,0.8433582468250567,3.5262904221350544,0.5071021006252208
-0.004298394685231017,0.5388994975276641,0.8438436987293837,3.5293846451435282,0.5078880592454618
-0.004603149863030934,0.537294139472768,0.8397767593671405,3.532488483259587,0.5086889193141026
-0.004906800306959628,0.5357204550890213,0.8402910857161656,3.5356023771297806,0.5095098517350876
-0.005209273142368188,0.5341802415063333,0.8414226706639952,3.538726477271815,0.5103324345154191
-0.005510495777228056,0.5326752738683456,0.8419188947765456,3.5418607679220453,0.5111556130499829
-0.0058103959195527416,0.531207302436672,0.8424083395831851,3.545005275629351,0.5119820151219311
-0.006108901594747732,0.529778049648217,0.8428860556569462,3.548160044428754,0.5128116544649355
-0.006405941162883765,0.5283892071332924,0.8439077317084518,3.5513251092105174,0.5136427518959397
-0.0067014433358904444,0.5270424327029002,0.8443609178847471,3.554500453562119,0.5144744723087371
-0.006995337194664643,0.5257393473142747,0.8420595182207218,3.557686135923565,0.5153158990387027
-0.0072875522060910445,0.5244815320244487,0.8425225082289132,3.5608824236788523,0.5161699338304814
-0.0075780182399695604,0.5232705249421981,0.8435857740719741,3.56408940981293,0.5170252704525551
-0.007866665585846389,0.5221078181893697,0.8440317534322429,3.567307074466671,0.5178810431360085
-0.008153424969744054,0.5209948548830664,0.8417934981511784,3.5705354672584924,0.5187456974109331
-0.008438227570786942,0.5199330261506916,0.8379423941995161,3.5737748758176195,0.5196305720118362
-0.008721005037717876,0.5189236681902181,0.8388811373686685,3.5770256780692424,0.5205291172628379
-0.009001689505302219,0.5179680593883843,0.8393597279656664,3.5802879316112652,0.5214276625411375
-0.009280213610615063,0.5170674175097459,0.8398350781494449,3.583561639823036,0.5223281786571591
-0.009556510509208119,0.5162228969696444,0.8403037578126352,3.5868468191005776,0.5232306410289922
-0.009830513891152004,0.5154355862041858,0.8407671146282036,3.590127545902523,0.5225399000842218
-0.010102157996950288,0.5147065051502443,0.8369937169814234,3.593387936673212,0.5218528051953881
-0.010371377633321587,0.5140366028483053,0.8332279793484446,3.5966281707396006,0.5211742705278947
-0.010638108188845419,0.513426755180671,0.8337652593465193,3.599848441237035,0.5205008462738032
-0.010902285649468832,0.5128777627570952,0.8348623406972696,3.6030488226447472,0.519827180972475
-0.011163846613869417,0.5123903489593981,0.8353869185842088,3.606229342400948,0.5191530277483136
-0.011422728308671207,0.5119651581559407,0.8362602145496477,3.6093900384663553,0.518478724035596
-0.011678868603510157,0.5116027540960515,0.8367737576630374,3.6125309410906103,0.5178040475879946
-0.011932206025945021,0.5113036184936378,0.8375829383139989,3.615652089497889,0.5171293212440004
-0.012182679776210502,0.511068149808235,0.8380788426331172,3.6187535163824442,0.5164543526461868
-0.012430229741808838,0.5108966622306563,0.8385762195153655,3.621835263665902,0.5157796497057526
-0.012674796511936596,0.5107893848792925,0.8361544898577475,3.624897386703612,0.5151073340991031
-0.012916321391742865,0.5107464612118615,0.833784157069193,3.6279400111124263,0.5144402481545377
-0.01315474641641593,0.5107679486561584,0.8342874114910815,3.630963270764982,0.5137764615164565
-0.013390014365094316,0.5108538184620418,0.8318046245622501,3.6339672426034437,0.5131151448100516
-0.013622068774599653,0.5110039557755491,0.8282762488563934,3.6369520559076465,0.5124600571754009
-0.013850853952987597,0.5112181599346909,0.8288278835880216,3.6399178815327646,0.5118098863349667
-0.014076314992913536,0.5114961449851421,0.8298801386529334,3.6428647902803473,0.5111594353069517
-0.014298397784810136,0.5118375404127047,0.8306251951501576,3.6457928076083648,0.5105082664054779
-0.014517049029873408,0.5122418920881577,0.8311548113070675,3.648701960561744,0.5098569625576517
-0.014732216252854105,0.5127086634188497,0.8277274896901637,3.6515923091427487,0.5092091765105768
-0.014943847814651509,0.5132372367002396,0.8243323587236175,3.6544640157622137,0.5085689681669792
-0.015151892924706707,0.5138269146594783,0.820976008284184,3.657317268176341,0.5079362000298127
-0.015356301653191946,0.5144769221821222,0.8216340812790627,3.660152236538373,0.5073079714550183
-0.015557024942993564,0.5151864082121558,0.8222898409685035,3.662968991399332,0.5066799769849314
-0.015754014621485526,0.5159544478146889,0.8229449743689716,3.665767571465625,0.5060520421369807
-0.0159472234120906,0.5167800443900042,0.8235968879620539,3.668548014859068,0.5054241757945848
-0.01613660494562646,0.5176621320270256,0.8242456295345267,3.671310357679079,0.5047962618584088
-0.016322113771434114,0.5185995779838445,0.821066735481765,3.6740546495292157,0.5041711372494704
-0.01650370536828591,0.5195911852825553,0.8217585869763423,3.6767810234248204,0.5035501304802518
-0.01668133615507024,0.5206356954054522,0.8224469732915806,3.679489542947391,0.5029292593722627
-0.0168549635012509,0.5217317910794992,0.8231342499598815,3.682180247423071,0.5023084965719709
-0.0170245457370983,0.5228780991359967,0.8238178763816351,3.684853173435572,0.5016877512470163
-0.017190042163689846,0.5240731934324535,0.8244995088995192,3.687508355515168,0.5010669210750888
-0.01735141306267763,0.5253155978238843,0.8251760812568136,3.6901458277013903,0.5004460284394499
-0.017508619705820353,0.5266037891710353,0.8258500484096938,3.692765624146073,0.4998250765551218
-0.017661624364278466,0.5279362003734217,0.8269222189705793,3.6953677779924456,0.49920380146342735
-0.017810390317668272,0.5293112234155003,0.827581766525991,3.697952313685596,0.49858211725837503
-0.017954881862875104,0.5307272124148295,0.8282388506734432,3.7005192663180235,0.4979606478633409
-0.01809506432262177,0.5321824866616245,0.8288927589967908,3.7030686740865626,0.49733925715610394
-0.01823090405379069,0.5336753336397573,0.8265085198137208,3.705600583411155,0.4967199189339584
-0.018362368455498504,0.5352040120198662,0.8241873161250515,3.7081151097522205,0.4961055828086628
-0.018489425976919875,0.5367667546159727,0.8248258199768861,3.7106123777485664,0.4954943111113624
-0.018612046124859588,0.53836177129767,0.8254639029077008,3.713092444760141,0.4948832262195328
-0.018730199471070703,0.5399872518506758,0.826099845473828,3.7155553513723714,0.49427258811220676
-0.018843857659317276,0.5416413687792578,0.8267366395584247,3.7180011390652727,0.4936621921280879
-0.018952993412179698,0.5433222800447572,0.8248074752183585,3.7204298557657935,0.4930537239628378
-0.01905758053760124,0.5450281317351299,0.8254315534693677,3.722841596000549,0.49244776868721263
-0.019157593935173765,0.5467570606611234,0.8261486557521615,3.725236410436829,0.49184164907315486
-0.01925300960216193,0.548507196875372,0.8267611767452671,3.7276143249374405,0.4912352223552418
-0.01934380463926372,0.5502766661113119,0.827406954081511,3.729975373511612,0.4906287967968543
-0.019429957256106047,0.5520635921394766,0.8280103089025953,3.732319584323942,0.49002210510338795
-0.019511446776474418,0.5538660990392549,0.8262594961762573,3.7346469987281847,0.4894170422512925
-0.01958825364327508,0.5556823133847882,0.8268487010993654,3.736957704056794,0.4888142896535921
-0.01966035942322876,0.557510366344157,0.8274358159901701,3.7392517510936307,0.4882117059692426
-0.019727746811294355,0.5593483956915006,0.8284124877330992,3.741529175393003,0.4876090242441368
-0.019790399634822188,0.5611945477321467,0.8255540534979786,3.743790018260226,0.4870087237336353
-0.019848302857435347,0.5630469791412005,0.826176667622884,3.746034402713412,0.4864124568490402
-0.019901442582638387,0.5649038587164371,0.824551621710928,3.748262395141109,0.4858174980755271
-0.01994980605715232,0.5667633690466313,0.8229959587598765,3.7504740849333773,0.4852260833441845
-0.01999338167397545,0.5686237080967715,0.81999645898263,3.7526695786024393,0.4846391973968464
-0.020032158975168853,0.5704830907118246,0.8184561266090292,3.7548490159375496,0.4840573012934988
-0.02006612865436646,0.5723397500409779,0.8190877513297172,3.757012497507561,0.4834773025505559
-0.02009528255900831,0.5741919388844227,0.8197175497084312,3.7591600681592134,0.48289732173757427
-0.020119613692297124,0.5760379309649493,0.8203440341639996,3.761291761154327,0.4823175251200401
-0.020139116214877798,0.5778760221267171,0.8213791080781505,3.7634076135728844,0.4817378241485621
-0.02015378544623857,0.5797045314636748,0.8224039039089941,3.7655076509648078,0.48115759506454286
-0.0201636178658343,0.5815218023802046,0.8230108650012047,3.767591894619561,0.4805770338395024
-0.02016861111393142,0.5833262035865865,0.8236167034282015,3.7696603748978026,0.4799965017941513
-0.020168763992174363,0.585116130031956,0.8242210394915848,3.7717131236273103,0.47941603966107305
-0.02016407646387328,0.5868900037774004,0.8247294055206456,3.773750171675949,0.4788352049015878
-0.020154549654012168,0.5886462748118977,0.8253230499927778,3.775771538378402,0.4782538927029444
-0.020140185848979784,0.5903834218137263,0.8257513176058056,3.777777250148743,0.4776723715486432
-0.02012098849602043,0.5920999528600105,0.8263390808635415,3.7797673322485155,0.47709059164658874
-0.02009696220240666,0.5937944060869766,0.8269210313645502,3.7817418150116158,0.4765088883948554
-0.020068112734333628,0.5954653503034935,0.8277882130090057,3.7837007285829234,0.4759268440943502
-0.020034447015535178,0.5971113855603706,0.8283626215293005,3.7856440927943154,0.47534433985565894
-0.019995973125622145,0.5987311436778712,0.8289357895952125,3.78757193646709,0.4747619332201479
-0.01995270029814342,0.6003232887337961,0.8282622917367641,3.7894842961949995,0.4741802303254717
-0.01990463891837003,0.6018865175144253,0.8288252785014338,3.791381224960623,0.47359953485215495
-0.019851800520802303,0.6034195599305485,0.8260143844110065,3.7932627749247216,0.4730213085479691
-0.019794197786402012,0.6049211794007066,0.8256750727319955,3.7951290621938756,0.47244706676404874
-0.019731844539548973,0.6063901732037101,0.8265986923052998,3.7969801541203685,0.47187324792886437
-0.019664755744723122,0.6078253728023918,0.8274916828441564,3.7988160797157087,0.47129909508347945
-0.01959294750291316,0.609225644140495,0.8280718223963103,3.8006368592515556,0.47072436069668233
-0.019516437047752397,0.6105898879144809,0.8286501599006267,3.8024425139758717,0.47014933969029976
-0.019435242741382815,0.6119170398219892,0.8296145174199814,3.804233070828199,0.46957402405536425
-0.019349384070048273,0.6132060707885726,0.8301829677680499,3.806008550660733,0.46899843067221525
-0.019258881639417656,0.614455987174264,0.8307487619411796,3.8077689851950276,0.46842307943812256
-0.019163757169639924,0.6156658309614446,0.8313137510920956,3.809514406025661,0.46784758198245996
-0.01906403349013124,0.6168346799253948,0.8285684161426146,3.811244853537398,0.4672745809984507
-0.018959734534095916,0.6179616477888596,0.8258334467390028,3.8129604561303907,0.46670762910687746
-0.018850885332782796,0.6190458843618502,0.8268059620632896,3.814661347456144,0.46614382380726
-0.01873751200947774,0.6200865756678491,0.8277413574473088,3.816347567730033,0.4655791994075507
-0.01861964177323403,0.6210829440575207,0.8250611178104306,3.8180191433317257,0.4650164197233668
-0.01849730291234268,0.6220342483109436,0.8223905725480626,3.819676190304686,0.46445915106515184
-0.018370524787542947,0.6229397837293295,0.8197345887932624,3.8213188470779653,0.46390741477133474
-0.01823933782497628,0.623798882217121,0.8170882039619057,3.8229472539581395,0.4633612252649935
-0.01810377350888399,0.6246109123553024,0.8183131959911757,3.8245615345751616,0.4628176348035953
-0.017963864374051224,0.6253752794667031,0.8190600853741256,3.826161714411418,0.4622729019762379
-0.01781964399799862,0.626091425674003,0.8163303686733051,3.8277478240984846,0.46173041137580695
-0.017671146992924273,0.6267588299511138,0.8136220223105006,3.8293199819852,0.46119352895290305
-0.017518408997396588,0.6273770081685416,0.8144248664959073,3.8308783155799007,0.4606598311100941
-0.017361466667801185,0.6279455131332894,0.8152211105514847,3.8324228680391297,0.4601257332734416
-0.01720035766954406,0.62846393462382,0.8125648523401354,3.833953671797468,0.4595936281882858
-0.0170351206680112,0.6289318994205414,0.8133888067862796,3.835470827820986,0.45906461455554004
-0.016865795319289896,0.6293490713322332,0.8172306486365932,3.836974368581836,0.45853302875639756
-0.016692422260651114,0.6297151512187944,0.8145129153251476,3.8384642477194113,0.45800011053114204
-0.016515043100796586,0.6300298770106529,0.8156754143734462,3.839940544641238,0.4574701413616292
-0.01633370040987328,0.6302930237251249,0.8169391694253677,3.84140329320759,0.45693915914660466
-0.016148437709256523,0.6305044034799817,0.8180771913034378,3.842852501346916,0.4564073289393031
-0.015959299461105216,0.6306638655044507,0.8154138628756074,3.8442881928377384,0.4558772094692117
-0.015766331057690965,0.6307712961478238,0.8162501424797947,3.845710465541986,0.45535011200952485
-0.015569578810504336,0.630826618885811,0.8170802214311478,3.8471193628344156,0.4548228201443165
-0.015369089939140214,0.6308297943247615,0.8179051743099534,3.848514907982016,0.45429530802640644
-0.015164912559965278,0.6307808202038211,0.8242725205759079,3.8498971020803414,0.45376356021381803
-0.014957095674570535,0.6306797313950495,0.8250560461563894,3.851265831409436,0.4532259019843221
-0.014745689158010729,0.6305265999015168,0.8255777039687673,3.852621081305616,0.4526879045779422
-0.014530743746835316,0.6303215348533443,0.8229817400979188,3.853962879918065,0.45215164364570143
-0.01431231102691102,0.6300646825016045,0.8237901346628465,3.8552913237866857,0.4516183436704154
-0.01409044342104215,0.6297562262099973,0.8248978504588115,3.8566064535939986,0.4510845089413626
-0.013865194176389086,0.6293963864441546,0.822334176677469,3.857908293302196,0.4505521817542361
-0.013636617351689327,0.6289854207583919,0.823165101348001,3.8591969349555972,0.4500226913598462
-0.013404767804283598,0.6285236237797022,0.8206361312977475,3.8604724312515435,0.44949512244424217
-0.013169701176950398,0.6280113271887345,0.8215038403005751,3.861734878130766,0.4489704770948476
-0.012931473884551828,0.6274488996974706,0.8220747526561456,3.86298431592417,0.4484453420683066
-0.01269014310049453,0.6268367470232615,0.8229297032600813,3.864220759429167,0.44791968792828896
-0.012445766743008317,0.6261753118588601,0.8243022845181333,3.8654442249653465,0.4473934107292809
-0.012198403461245927,0.6254650738380331,0.8251427896620286,3.8666547227657935,0.44686643713963875
-0.011948112621207587,0.6247065494962777,0.8259793434113167,3.8678522692909705,0.44633908114730175
-0.01169495429149333,0.6239002922261572,0.8235771604281125,3.86903689342123,0.4458134481265361
-0.011438989228887269,0.6230468922266852,0.8330447823691439,3.8702086590837026,0.4452851089179424
-0.011180278863775648,0.6221469764461586,0.8340873357767188,3.8713674152472834,0.44474825329450635
-0.01091888528540422,0.6212012085177826,0.8351187650593604,3.8725131218438333,0.44421053789283077
-0.010654871226977156,0.6202102886873732,0.8358859286512805,3.873645789857302,0.4436723510052185
-0.01038830005060107,0.6191749537323732,0.8366488095256153,3.8747654389523074,0.44313385002743044
-0.010119235732078721,0.6180959768713536,0.8374079400965931,3.87587208823786,0.4425950108130689
-0.009847742845555013,0.616974167663109,0.8381628087954796,3.8769657582147286,0.4420559753138622
-0.009573886548019448,0.6158103718944,0.8389166285077626,3.878046470846461,0.4415166751969086
-0.009297732563668932,0.614605471455324,0.8396665544144442,3.8791142459662358,0.4409770784385222
-0.009019347168134054,0.613360384201232,0.8404159792040949,3.880169103309085,0.440437158537313
-0.008738797172573537,0.6120760638000284,0.8382347766362019,3.881211071828958,0.4398988191877805
-0.00845614990763949,0.6107534995636295,0.8491816378674206,3.882240204762843,0.4393567893317547
-0.00817147320731884,0.6093937162622801,0.847150439536451,3.883256338003451,0.43880724689047923
-0.007884835392653153,0.607997773920342,0.8478545059593081,3.884259494487307,0.43826018204052497
-0.007596305255341949,0.606566767592092,0.8485554573407337,3.885249713436419,0.4377128045395055
-0.007305952041233319,0.605101827115998,0.8492517387536779,3.886227014666112,0.43716516945110034
-0.007013845433704781,0.60360411684584,0.8499447787374614,3.88719141928135,0.4366173266033273
-0.006720055536940051,0.6020748353569731,0.8479328972864569,3.8881429567451518,0.4360708482936087
-0.0064246528591040105,0.6005152151259441,0.8458799762277227,3.8890817129977053,0.435528269408678
-0.0061277082954214225,0.5989265221815819,0.8464238749809696,3.8900077846869006,0.43498801539095905
-0.005829293111162209,0.5973100557256013,0.8468928693858171,3.8909212097278036,0.43444754728468854
-0.0055294789245380884,0.5956671477206809,0.8476511244058763,3.8918220048844807,0.4339063932597718
-0.0052283376895146385,0.5939991624438896,0.8483920533560919,3.8927101828658954,0.4333647822264626
-0.004925941678542767,0.5923074960032451,0.8463555450000606,3.893585769197984,0.43282439379124626
-0.00462236346521369,0.5905935758151258,0.847344668548296,3.8944488353099933,0.4322857438687117
-0.004317675906841169,0.5888588600401965,0.848102469018129,3.895299408447026,0.4317465484389511
-0.004011952126976783,0.5871048369753792,0.8488557128557725,3.896137504828262,0.43120693781929476
-0.003705265497860048,0.5853330243994246,0.850241630488468,3.896963141238673,0.43066684646510894
-0.0033976896228099813,0.5835449688695099,0.8511975300793634,3.897776330133441,0.43012610370815835
-0.0030892983185599496,0.5817422449662787,0.8519302054098727,3.8985770855138857,0.4295849484760163
-0.0027801655975427655,0.5799264544846894,0.8499229598814236,3.8993654335517913,0.429045053470459
-0.0024703656501276175,0.5780992255680177,0.8504585086806463,3.9001414472484504,0.42850712283035636
-0.0021599728268146988,0.5762622117823334,0.8484039131750875,3.90090516545876,0.4279702974718742
-0.0018490616203917227,0.5744170911287904,0.8462924205744946,3.9016566675537017,0.4274370382354848
-0.0015377066480556855,0.5725655649910598,0.8470907115277597,3.9023960396490947,0.42690551561796924
-0.0012259826335055367,0.5707093570152985,0.8449167001184861,3.9031233162400234,0.4263750696962644
-0.0009139643890082881,0.5688502119200829,0.8457626870487862,3.9038385733136614,0.42584699821301947
-0.000601726797445055,0.5669898942338111,0.8465701941216792,3.9045418445944944,0.42531825012897484
-0.0002893447943387878,0.5651301869571954,0.8474044874830597,3.9052331398106337,0.42478886327425036
2.3106650129131267e-05,0.5632728901485715,0.8451671549987277,3.905912478761096,0.42426054893945436
0.0003355525491118144,0.5614198194299181,0.8467124033789055,3.9065799309294156,0.42373394215795174
0.0006479179170934479,0.5595728044116614,0.8444095175533248,3.907235528434638,0.42320831053155805
0.000960127787884977,0.5577336870345411,0.8459447090228387,3.907879340822628,0.42268444008523626
0.0012721072326161993,0.555904319827094,0.8470352517234621,3.9085113902311592,0.42215961745674274
0.001583781377717885,0.5540865640775358,0.8478701074326591,3.9091316814662553,0.421633905036068
0.001895075422891272,0.5522822879192145,0.8455161513136942,3.90974023260515,0.4211093898097581
0.0022059146590598633,0.5504933643290936,0.8463624341151141,3.910337116802371,0.42058687083508056
0.002516224486299068,0.5487216690391512,0.8439451317692607,3.910922372338839,0.4200656395589861
0.00282593043173982,0.5469690783610105,0.8414416797002827,3.911496083160847,0.4195483027697054
0.0031349581674419117,0.5452374669245776,0.838853618704811,3.9120583511159266,0.4190350167551235
0.0034432335282321676,0.5435287053319479,0.8361816269094497,3.9126092838724733,0.4185261303135624
0.0037506825295037577,0.5418446577284322,0.8334366078133908,3.913148992274027,0.41802165772977823
0.004057231384972203,0.5401871792930705,0.8346765521937773,3.913677576959777,0.41751948846744136
0.004362806524383706,0.5385581136516626,0.8318684709192805,3.9141950731919835,0.4170185522190121
0.004667334611171587,0.536959290215929,0.8327837335758914,3.9147015625520516,0.41652012959475865
0.004970742560056841,0.535392521453139,0.8298766753798837,3.915197085289242,0.41602317539943956
0.005272957554588119,0.5338596000911681,0.8269031511603545,3.9156817368802805,0.4155310949327932
0.005573907064617464,0.5323622962646903,0.8238675120506455,3.9161556393845784,0.4150441234700585
0.00587351886370708,0.5309023546089038,0.8207764219864273,3.9166189156196918,0.41456217892385916
0.006171721046463359,0.5294814913079233,0.8176366197828794,3.9170716876301124,0.41408534414882725
0.006468442045793851,0.5281013911056556,0.8186131153759946,3.9175140681362106,0.41361132393085265
0.006763610650083086,0.526763704287719,0.8154327907050017,3.917946095927908,0.4131387194852459
0.007057156020282881,0.5254700436436267,0.8164154517708878,3.9183678585484536,0.4126690253921151
0.007349007706913437,0.5242219814191186,0.8183205014983942,3.9187793864776506,0.41219844278473244
0.007639095666970954,0.5230210462691601,0.8201706627985549,3.9191806758725205,0.4117264071857186
0.007927350280737409,0.5218687202226941,0.8185763829200088,3.9195717268827095,0.4112547198347951
0.008213702368489282,0.5207664356707525,0.8155077938022292,3.9199526054104292,0.4107868342605719
0.008498083207100009,0.5197155723900017,0.813677961161823,3.920323423352914,0.41032339167556575
0.008780424546533406,0.5187174546141712,0.8146899256626586,3.9206842646937052,0.40986156907649773
0.009060658626223305,0.5177733481661234,0.8156920913367615,3.921035151426068,0.4093991155604084
0.009338718191335754,0.516884457663527,0.8175343018936576,3.9213760886388203,0.4089356730556779
0.009614536508909869,0.5160519238112118,0.8145399081795632,3.921707084624754,0.4084734695775804
0.009888047383873397,0.5152768207932916,0.8125919531885004,3.9220282311696817,0.40801556889749785
0.010159185174929294,0.5145601537780359,0.8144230847801353,3.9223396112965627,0.40755917280412657
0.01042788481030919,0.513902856548255,0.8154288896432099,3.9226412387180294,0.40710172126635746
0.010694081803390394,0.5133057892696319,0.8164248354142409,3.922933116821771,0.4066435847016622
0.010957712268172382,0.5127697364089729,0.8181798529343648,3.9232152496786123,0.40618444648052576
0.01121871293460909,0.5122954048137955,0.8191527589544706,3.9234876318216503,0.40572411238463474
0.011477021163793422,0.5118834219639664,0.8201148923957267,3.9237502653645713,0.40526310591710957
0.011732574962990306,0.5115343344053244,0.8217915690600476,3.9240031550618557,0.40480113724778666
0.011985313000514622,0.5112486063743138,0.8234115729878617,3.9242462956584325,0.40433781734005364
0.012235174620450553,0.5110266186216539,0.8243395468272452,3.924479683382513,0.40387363984434976
0.012482099857208743,0.5108686674419926,0.8252555130542105,3.92470332438169,0.40340884634667423
0.012726029449917622,0.5107749639153147,0.8261611152789151,3.9249172261101823,0.4029434635960006
0.012966904856645844,0.5107456333646715,0.8270565755584912,3.925121397175943,0.4024776048908167
0.01320466826845207,0.5107807150334784,0.8279403459861109,3.9253158480652814,0.4020113354444777
0.013439262623258773,0.5108801619843587,0.8262710437475003,3.92550059735917,0.4015460157016442
0.013670631619546883,0.5110438412201291,0.8246425104764509,3.925675709714972,0.40108362208329246
0.013898719729867918,0.5112715340262037,0.8255635994940544,3.925841255077776,0.40062266627423876
0.014123472214170247,0.5115629365323358,0.8268058926900558,3.925997252058372,0.40016087146944407
0.014344835132936527,0.5119176604903241,0.8280356537085122,3.9261437004215565,0.3996980605076233
0.014562755360128835,0.5123352342630004,0.8260483036332958,3.926280609161873,0.3992361675469524
0.014777180595938659,0.5128151040186362,0.8241266548400079,3.926408051882915,0.39877780912730487
0.01498805937933874,0.5133566351237056,0.8250569036597888,3.9265261063366292,0.39832112987158624
0.015195341100433309,0.5139591137258951,0.8259767540028268,3.9266347949235705,0.3978638964758401
0.015398976012604272,0.5146217485182442,0.8274753481159163,3.926734124344234,0.3974058949615084
0.015598915244450211,0.5153436726744118,0.8249820263706182,3.9268241032208113,0.3969488551744125
0.015795110811515217,0.5161239459442852,0.822441860730786,3.926904814090887,0.3964961783730205
0.015987515627805017,0.5169615568984625,0.8233793001458053,3.9269763520241385,0.3960458125654018
0.016176083517087256,0.5178554253095838,0.824872813443691,3.9270387428524614,0.3955947614495561
0.016360769223973642,0.5188044046580534,0.8223044026044033,3.9270919979992787,0.3951448863418233
0.01654152842478108,0.5198072847493551,0.8232414189260182,3.9271361912632634,0.394697309662616
0.016718317738169043,0.5208627944299702,0.8241705026845242,3.9271713468426257,0.3942490591338462
0.016891094735550942,0.5219696043888042,0.8250927636969614,3.9271974699641095,0.3938001927935881
0.017059817951276784,0.5231263300310651,0.8260059105759211,3.9272145664928466,0.39335072227136136
0.01722444689258472,0.5243315344116154,0.8273595803460466,3.9272226402977686,0.3929003504734229
0.01738494204931902,0.5255837312150998,0.8247665799625481,3.9272216997745457,0.39245109409606
0.01754126490341251,0.5268813877703992,0.8221195477896948,3.92721183017749,0.3920064268540494
0.017693377938130594,0.5282229280873946,0.8194212125253251,3.9271931422075976,0.3915663884581263
0.0178412446470751,0.529606735904473,0.8203505138103103,3.9271657363509025,0.3911289995398057
0.01798482954294571,0.5310311577357295,0.8218159731984102,3.92712964084096,0.3906909720151411
0.018124098166056597,0.5324945059074189,0.8227210895078878,3.9270848557325797,0.39025201335325677
0.01825901709260675,0.5339950615738125,0.8199774743374382,3.9270313944960407,0.3898146316936369
0.018389553942701448,0.5355310777033101,0.8208796513126957,3.926969337678916,0.3893798511409897
0.018515677388123285,0.5371007820263082,0.8217725889325567,3.9268987147066263,0.3889447619551718
0.01863735715985075,0.5387023799370708,0.8189789136508316,3.926819547100296,0.3885114816635811
0.018754564055322658,0.5403340573425263,0.8202401030076844,3.9267319190920644,0.3880808526213519
0.018867269945446824,0.5419939834516655,0.8174091375823491,3.926635864844742,0.3876517118123773
0.018975447781350543,0.5436803134999015,0.8145382527196796,3.926531478800649,0.38722756500375766
0.01907907160087258,0.5453911914034729,0.8159672880013485,3.926418863293319,0.3868058599571223
0.01917811653479353,0.5471247523396339,0.8168489288673426,3.9262980370426135,0.38638326983162596
0.01927255881280477,0.5488791252490645,0.8139441264296408,3.926169014492704,0.3859624101805837
0.019362375769212934,0.5506524352575359,0.8110130211412644,3.9260318942062047,0.38554686971370977
0.01944754584837955,0.5524428060144941,0.8080656140958481,3.9258867974564904,0.38513655460047896
0.019528048609894526,0.5542483619467985,0.805467060769691,3.9257338435685756,0.38473118371537013
0.01960386473348145,0.5560672304263613,0.8063722953184247,3.925573131994588,0.3843284795055771
0.01967497602363467,0.5578975438509802,0.8076545246920543,3.9254046925321284,0.3839253404908063
0.01974136541398588,0.5597374416380749,0.8089258221526539,3.92522852536846,0.3835212125865591
0.019803016971400005,0.5615850721314973,0.8060516789859231,3.925044637726382,0.3831185468624794
0.01985991589979932,0.5634385944219549,0.8031788373991658,3.924853124645654,0.38272109642471686
0.019912048543714048,0.5652961800819514,0.8044683065556443,3.924654091464635,0.38232629024555026
0.01995940239155999,0.5671560148164392,0.8018231753029763,3.9244475702089625,0.38193282764854236
0.020001966078640923,0.5690163000307003,0.8031909611925423,3.9242336355203897,0.38154178178831016
0.020039729389876165,0.570875254317157,0.8040724540506966,3.9240123054977665,0.38114988035545716
0.02007268326225242,0.5727311148630879,0.8012214649913239,3.923783594833005,0.38075982897772315
0.020100819786998434,0.5745821387813499,0.8021134828548593,3.9235475899811116,0.3803729532561811
0.02012413221148338,0.5764266043663981,0.8029968039197561,3.9233043262365523,0.3799859515876936
0.020142614940837227,0.5782628122780011,0.8002143332877738,3.923053823438176,0.3796007011550058
0.0201562635392938,0.5800890866551383,0.7974756210252408,3.9227961713646975,0.3792201784323954
0.02016507473125474,0.5819037761626683,0.7947910615711777,3.92253147810274,0.37884432223120945
0.020169046402076465,0.5837052549733815,0.7957478650484561,3.922259839826538,0.3784710260186656
0.020168177598576947,0.5854919236880948,0.7931464091467796,3.9219812902160127,0.378099125649037
0.02016246852926498,0.5872622101964655,0.7945130505468295,3.92169589892683,0.377729407880059
0.02015192056428963,0.5890145704811982,0.7954843617482836,3.9214036804175394,0.37735870623979273
0.020136536235112006,0.5907474893682922,0.7966489467578388,3.921104632319585,0.3769873180113155
0.020116319233897176,0.5924594812259656,0.7979343233886125,3.9207987538041356,0.3766151228370978
0.020091274412628365,0.5941490906148409,0.7988788532395131,3.9204860419520093,0.37624223712989957
0.02006140778194256,0.5958148928919427,0.7998170087944421,3.920166500759539,0.3758689624742678
0.020026726509687714,0.5974554947709763,0.797345432982895,3.9198401442058115,0.375496975554236
0.019987238919202597,0.5990695348413236,0.7983072340822811,3.9195070387243276,0.3751272583884027
0.019942954487319618,0.6006556840480981,0.7992647896576002,3.9191672083081026,0.37475713133434707
0.019893883842089538,0.602212646135535,0.8002181166635614,3.9188206553197578,0.374386385614574
0.019840038760231885,0.60373915805593,0.8011659510507295,3.9184673797103406,0.3740148953834075
0.01978143216430775,0.6052339903462258,0.7989215301031296,3.9181073920851874,0.37364476560790993
0.019718078119618912,0.6066959474742961,0.7998503777447377,3.9177407586239497,0.3732767289542021
0.01964999183083198,0.6081238681568761,0.8007731879889516,3.9173674975570587,0.37290799512190237
0.019577189638329304,0.6095166256510098,0.8016911063405846,3.9169876077356145,0.372538501628298
0.01949968901428779,0.6108731280207886,0.8029539419291536,3.91660108572938,0.37216807945052266
0.019417508558485078,0.6121923183810933,0.8038579440482474,3.916207923839834,0.3717966941019043
0.01933066799383606,0.613473175119945,0.8047581116589015,3.9158081239730715,0.3714249768030034
0.019239188161659527,0.6147147121010101,0.8056537280240825,3.9154016922051156,0.37105289498169497
0.019143091016675995,0.6159159788476922,0.803327842109009,3.914988642492064,0.37068201948571533
0.019042399621738978,0.6170760607102093,0.8042456745037386,3.9145690351754334,0.3703130346587829
0.01893713814229994,0.6181940790169391,0.8054564658697035,3.9141428878785076,0.36994341394890806
0.01882733184060866,0.6192691912112575,0.806359519527145,3.913710200095349,0.3695731503952215
0.018713007069650442,0.6203005909750172,0.8072982649659762,3.913270974440098,0.3692024431683447
0.01859419126682161,0.6212875083397534,0.8081846680426049,3.9128252129534222,0.368831028659342
0.018470912947344473,0.6222292097866161,0.8090632845170247,3.9123729144524493,0.3684589484923919
0.01834320169742387,0.6231249983359922,0.8099371558529375,3.911914079378794,0.3680862712589801
0.018211088167146804,0.6239742136276752,0.8108046765112684,3.911448709782116,0.36771309746738906
0.018074604063126422,0.6247762319924268,0.8116671852627295,3.9109768092807853,0.3673394313188451
0.017933782140892432,0.6255304665156785,0.8125242157796484,3.910498380863263,0.3669652729060583
0.017788656197030288,0.6262363670940917,0.8133748336592316,3.910013426320672,0.36659047221405544
0.01763926106106979,0.6268934204856119,0.814220172367586,3.9095219431436945,0.3662147148283536
0.017485632587126557,0.6275011503536388,0.8150071674998526,3.90902392768968,0.3658383266682844
0.017327807645296837,0.6280591173058439,0.8158376542175775,3.9085193808689542,0.3654613699398947
0.01716582411280901,0.6285669189281508,0.8169453682320332,3.9080083054249393,0.3650838283230194
0.016999720864933437,0.6290241898143303,0.8177632773673915,3.907490700657155,0.36470563952264934
0.016829537765652266,0.6294306015916212,0.8161915220279837,3.906966577321594,0.36432853482873956
0.016655315658092383,0.6297858629427451,0.8147276821634972,3.906435998040478,0.3639545369453274
0.016477096354723265,0.6300897196246493,0.8123911927885725,3.9058990394155098,0.36358399831789284
0.016294922627322267,0.6303419544842586,0.8136020157369166,3.905355778172027,0.3632152650588846
0.016108838196709503,0.6305423874714822,0.8144053662922381,3.904806224842774,0.3628456523768447
0.015918887722255037,0.6306908756496966,0.815202916657682,3.904250380973458,0.3624756784968508
0.01572511679116107,0.6307873132038646,0.8159949149450302,3.9036882515333278,0.3621052859135551
0.015527571907520885,0.6308316314464343,0.8167806206667318,3.903119839676233,0.3617343575442797
0.01532630048115816,0.6308237988211205,0.8175626320467512,3.9025451476907356,0.3613630131839664
0.01512135081624922,0.6307638209046244,0.8165625369079231,3.901964187064689,0.36099245977514044
0.014912772099729844,0.6306517404063319,0.8173334734836589,3.9013770021823237,0.36062323531312174
0.014700614389490687,0.6304876371659759,0.8184286659177166,3.900783608620927,0.36025343703060225
0.014484928602363865,0.6302716281492308,0.8191001066444308,3.9001840027980306,0.35988271148483303
0.01426576650190296,0.630003867441159,0.8198433219106267,3.8995781817120947,0.35951145457697614
0.014043180685960097,0.6296845462373934,0.8210241098806214,3.898966148706066,0.3591396487571596
0.013817224574062547,0.6293138928329222,0.8217534382683932,3.898347902302154,0.35876716524573177
0.013587952394592586,0.6288921726082758,0.822481781912994,3.897723444699042,0.3583942469350926
0.013355419171772874,0.6284196880129103,0.8231982733363674,3.8970927806360933,0.35802106682216234
0.01311968071246043,0.6278967785455069,0.8239157183712715,3.8964559187752226,0.35764771669783324
0.012880793592754061,0.6273238207309177,0.8215392012223472,3.895812876397062,0.3572757770502802
0.012638815144415812,0.6267012280933848,0.8191296383539415,3.895163723767369,0.35690749861159965
0.012393803441111632,0.6260294511256782,0.8203088714761197,3.894508538425527,0.35654113020771905
0.012145817284474265,0.625308977253712,0.8210266327982091,3.893847334115508,0.3561740875853861
0.01189491618999091,0.6245403307961704,0.8217375587928969,3.8931801132543464,0.3558066252787728
0.011641160372719924,0.6237240729186371,0.8229541580843448,3.8925068774977305,0.3554382559837499
0.011384610732839357,0.6228608015816435,0.8243442165553032,3.8918276084501557,0.3550679805743745
0.011125328841031248,0.6219511514820438,0.8258476991661814,3.8911422761402386,0.3546954373886381
0.010863376923705086,0.6209957939870223,0.8265352427126166,3.8904508507729063,0.3543214408158939
0.01059881784806353,0.619995437060033,0.8291913117158448,3.8897533249349943,0.35394563541125323
0.010331715107014893,0.6189508251778785,0.8303038536211252,3.889049646307158,0.3535667370079099
0.010062132803934852,0.6178627392380844,0.830970534916908,3.888339795540397,0.35318720653561725
0.009790135637281988,0.6167319964556887,0.8316311219600464,3.887623777308929,0.35280744842418854
0.00951578888507084,0.615559450248455,0.8322845762687349,3.8869016010250212,0.35242752563360336
0.009239158389204952,0.6143459901094954,0.8329315435740561,3.8861732739735184,0.3520473601304194
0.008960310539675439,0.6130925414662051,0.8335715577715379,3.8854388049270816,0.35166706597560393
0.008679312258627626,0.6118000655243193,0.830591300922436,3.8846982151986773,0.351288785958832
0.008396230984300188,0.6104695590958671,0.8312326404056481,3.883951586434189,0.35091344191297824
0.008111134654840087,0.6091020544096933,0.8318663477612032,3.8831989501772943,0.35053808434953415
0.007824091691997909,0.6076986189031549,0.8324938433668058,3.8824403166555266,0.35016257562176284
0.007535170984706809,0.6062603549935043,0.8337425330364437,3.8816756925855938,0.3497865554814809
0.007244441872549731,0.6047883998274156,0.8306726456694147,3.8809050855662512,0.3494119735649897
0.006951974129117956,0.6032839250070108,0.8317456574561949,3.880128573781068,0.3490401938142863
0.006657837945266088,0.6017481362906393,0.8286011728631111,3.8793461902528596,0.3486701122964639
0.006362103912266343,0.6001822732666428,0.8292208392697029,3.8785580198163467,0.3483034468195417
0.006064843004866993,0.5985876089981716,0.8334797226104257,3.8777640871828596,0.3479343225454349
0.005766126564258975,0.5969654496370984,0.8340796502316218,3.876964313462232,0.3475612406486802
0.005466026280954127,0.5953171340049609,0.8346720590616402,3.876158681484148,0.34718795646443046
0.0051646141775798324,0.593644033138794,0.8352585026066935,3.875347200308277,0.3468146624554716
0.00486196259159415,0.5919475497996145,0.8358394325945636,3.874529883081882,0.34644143485172907
0.0045581441579248295,0.5902291179412862,0.8364160955072134,3.873706740866463,0.3460681150051199
0.004253231791537722,0.5884902021373585,0.8374665404083559,3.872877783585629,0.34569460707462285
0.003947298669936967,0.5867322969634643,0.8380273138485741,3.8720430141295936,0.34532063417583486
0.0036404182156032916,0.5849569263327612,0.839062713639669,3.8712024384580523,0.34494631596092223
0.003332664078372698,0.5831656427818704,0.8396953084036533,3.87035605586767,0.34457127643434854
0.0030241101177607144,0.5813600267046924,0.8402369828945079,3.8695038668953927,0.34419596900952376
0.0027148303852368833,0.5795416855314858,0.8414945869310254,3.86864588180044,0.34382043232154214
0.0024048991064523264,0.5777122528505224,0.8381711779725217,3.867782112004402,0.3434466485236163
0.0020943906634262816,0.5758733874696684,0.8394108542826485,3.866912644027731,0.34307598585520893
0.001783379576694484,0.5740267724151954,0.8399400914969853,3.8660375011671446,0.34270487638441754
0.001471940487424985,0.5721741138652,0.8404634164351644,3.8651566947588325,0.3423340849709986
0.001160148139504133,0.5703171400149964,0.840981844223374,3.8642702418808437,0.341963444519036
0.0008480773615987802,0.5684575998719478,0.8414949412957375,3.863378154761976,0.34159277909407526
0.0005358030491976318,0.5665972619772507,0.8420025210667191,3.8624804430583777,0.34122204444462306
0.0002234001466367127,0.5647379130523251,0.8472590799091133,3.8615771025143544,0.34084825449957906
-8.905637088697693e-05,0.5628813565675511,0.8477359593514461,3.8606680379968124,0.34046993903006106
-0.0004014915153090841,0.5610294112313071,0.8442263812357697,3.8597532437362445,0.34009409978930194
-0.0007138303036946592,0.5591839093973998,0.8406266402955938,3.858832828521515,0.3397243278772181
-0.0010259977762338336,0.557346695389237,0.8369560022885244,3.857906925456469,0.3393607005556249
-0.0013379190142316704,0.5555196237393236,0.8374780918245494,3.856975657180034,0.339000853646085
-0.001649519158088288,0.5537045573429743,0.833755425728481,3.8560390725362557,0.3386435086257827
-0.0019607234252649016,0.5519033655254301,0.8420505543804836,3.855097247806265,0.33828564428262525
-0.0022714571282312066,0.5501179220219621,0.84253381894663,3.8541500697659066,0.33792143078206344
-0.002581645692390173,0.5483501028709162,0.8512479384541732,3.853197485412668,0.3375527019071215
-0.0028912146739752532,0.5466017842201102,0.8593157494012719,3.852239323229471,0.3371727100993178
-0.003200089777916915,0.5448748400474647,0.8684320026688931,3.8512753722045163,0.3367814130708411
-0.003508196875672862,0.5431711397972466,0.8692145319419229,3.850305433695263,0.33638284467745555
-0.003815462023018615,0.54149254593388,0.8695033458107924,3.8493294669118936,0.33598413529857396
-0.004121811477793723,0.5398409114158369,0.866014914309052,3.8483474979409107,0.3355880397989993
-0.0044271717175996305,0.5382180770927498,0.8624003603017234,3.8473596407345925,0.3351983573934766
-0.004731469457444482,0.5366258690295187,0.8627048573692863,3.8463660227935756,0.3348125720589626
-0.005034631667331464,0.5350660957618676,0.863002903711786,3.8453666846561307,0.3344270983532301
-0.00533658558978544,0.5335405454884796,0.8592775390876052,3.8443616609716185,0.3340448408820338
-0.005637258757314439,0.5320509832055611,0.8601136677997918,3.8433510608262282,0.3336664392681538
-0.005936579009801548,0.5305991477903834,0.8604124259185932,3.8423349163914486,0.3332878968206565
-0.006234474511822934,0.5291867490410744,0.8566092286339667,3.8413132553077176,0.3329122599667071
-0.006530873769888146,0.5278154646806522,0.8569235311361144,3.840286183825507,0.33254069409555015
-0.00682570564959796,0.5264869373339869,0.8577638930625565,3.839253742009438,0.3321691289644294
-0.007118899392716502,0.5252027714870586,0.8580650776246375,3.838215936273787,0.3317974391287888
-0.007410384634152827,0.5239645304385369,0.8542261082892285,3.837172793411846,0.3314285662659163
-0.007700091418848158,0.5227737332543179,0.8545443622036892,3.8361244172219213,0.33106365897569634
-0.007987950218564854,0.5216318517362223,0.8578329711478405,3.83507084025676,0.33069775010843755
-0.008273891948572715,0.5205403074165693,0.8581248315084659,3.8340120371170583,0.33033038817577426
-0.008557847984229141,0.5195004685907766,0.8584136088584403,3.83294801285603,0.32996337616357235
-0.008839750177448596,0.5185136474005232,0.854596864763636,3.83187879770388,0.3295992075313086
-0.009119530873057904,0.5175810969802632,0.8553425070202287,3.8308044940282944,0.329238738554891
-0.00939712292503315,0.5167040086801102,0.855843150857977,3.829725130206138,0.3288778854805585
-0.009672459712614316,0.5158835093781583,0.8567570730792895,3.8286407095777713,0.32851665269580566
-0.009945475156294063,0.5151206588953281,0.8575737488292984,3.8275512342707185,0.32815501728833407
-0.010216103733676445,0.5144164475256762,0.8538726902289564,3.8264567189747694,0.3277955873282158
-0.010484280495201947,0.5137717936948778,0.8547119987921462,3.825357258048147,0.3274397314176714
-0.010749941079735103,0.5131875417592148,0.8550499275969128,3.8242528808816356,0.327083716195447
-0.011013021730010862,0.5126644599569584,0.8553843235492812,3.823143599711788,0.32672797046177937
-0.01127345930793598,0.5122032385233982,0.8557179044933494,3.82202943030431,0.3263725751366576
-0.011531191309741912,0.5118044879800953,0.852063930013457,3.8209104022265112,0.3260199093681489
-0.0117861558809854,0.5114687376080989,0.8529100399793234,3.819786611111912,0.3256706746728949
-0.01203829183139319,0.5111964341139609,0.8532683124791275,3.8186580843888454,0.3253212453882169
-0.012287538649547526,0.5109879404963376,0.8541010624383779,3.81752483089614,0.32497168850730734
-0.012533836517408466,0.5108435351198981,0.8505011275066354,3.8163868649946524,0.3246241786576905
-0.012777126324670006,0.5107634110020564,0.8469274306856,3.8152442887331746,0.32428255072917395
-0.01301734968294623,0.5107476753168108,0.8434006223210931,3.8140972274072684,0.32394669570904305
-0.013254448939784275,0.5107963491186887,0.8399390730228208,3.8129458034394017,0.32361637724784137
-0.013488367192500642,0.5109093672884716,0.8404397898288803,3.8117901226772535,0.3232891895431978
-0.0137190483018375,0.5110865787010166,0.8409372255036464,3.8106302120225353,0.3229618722061616
-0.013946436905435951,0.5113277466141763,0.8376074708027809,3.8094660892896304,0.3226365468263405
-0.014170478431122614,0.5116325492764487,0.8343779708582313,3.8082978411560995,0.3223160702481593
-0.014391119110006794,0.5120005807497046,0.8352866295559869,3.8071255606418175,0.32199819766198046
-0.014608305989384656,0.5124313519420653,0.8361425173388635,3.8059492670168167,0.32167993814756113
-0.014821986945447691,0.5129242918447997,0.8330309988211746,3.804768970217108,0.32136318843010525
-0.0150321106957922,0.5134787489659507,0.830043549819977,3.8035847474563718,0.32105079518008534
-0.015238626811726642,0.5140939929523666,0.8306869794383163,3.802396681179306,0.32074074484229914
-0.015441485730374595,0.5147692163908213,0.8306002588611509,3.801204791005919,0.3204304298821937
-0.01564063876656933,0.515503536778047,0.8306121728381313,3.800009080062952,0.32011988408439934
-0.015836038124538078,0.5162959986487397,0.8307169607294128,3.798809549698708,0.31980892382910053
-0.01602763690937295,0.5171455758499431,0.8314462934461976,3.7976061978824895,0.3194974727311462
-0.016215389138285276,0.5180511739496872,0.8321711336065984,3.7963990241955847,0.31918570547953107
-0.016399249751641344,0.5190116327673335,0.8328922552439851,3.795188028743229,0.31887343594970463
-0.01657917462377653,0.5200257290127924,0.8305769856625317,3.7939732164486157,0.31856212962977387
-0.016755120573585212,0.5210921790215769,0.8283739514518109,3.7927546406863484,0.3182536878960418
-0.016927045374883994,0.5222096415726124,0.8291545012026909,3.791532357548023,0.31794668132940773
-0.017094907766545833,0.5233767207757337,0.8299293446554551,3.790306377046943,0.3176391349253941
-0.017258667462402476,0.5245919690159653,0.8308132221642954,3.78907669620028,0.3173310221372155
-0.017418285160913073,0.5258538899419141,0.8318148149921418,3.787843309021184,0.3170222158013269
-0.01757372255459612,0.5271609414859185,0.8325638306195349,3.7866062096110005,0.31671275307488633
-0.017724942339223268,0.5285115389040318,0.8333082279613476,3.785365393339931,0.31640277631433994
-0.01787190822277211,0.5299040578243561,0.8340445808321666,3.784120858476919,0.3160923681311366
-0.01801458493413603,0.53133683729283,0.8347765999059628,3.7828726036584084,0.31578149166691744
-0.0181529382315892,0.5328081828061295,0.8347875855859425,3.7816206280840348,0.3154702947532509
-0.018286934911004363,0.5343163693219869,0.8329792261898534,3.780364938750731,0.3151597829346537
-0.018416542813821653,0.5358596442379144,0.8337639297621569,3.7791055670327363,0.31485006558797707
-0.01854173083476656,0.5374362303299842,0.8320505798284352,3.7778425227599937,0.3145407268089537
-0.018662468929314918,0.5390443286440639,0.8328554283529489,3.7765758328367696,0.31423208668863273
-0.01877872812090371,0.5406821213325778,0.8312408948856523,3.7753055062401186,0.3139237578875125
-0.018890480507884947,0.542347774430624,0.8296968047626444,3.774031571715523,0.31361683659852563
-0.018997699270222188,0.5440394405659524,0.8282186771133132,3.7727540626158063,0.3133111212671078
-0.019100358675927145,0.5457552615980417,0.8267999084899247,3.7714730088739814,0.3130064929407738
-0.019198434087235282,0.5474933711821436,0.8276984994061666,3.77018843495901,0.31270220336445836
-0.01929190196651859,0.5492518972548762,0.827004536369809,3.7689003439017177,0.3123977915123792
-0.019380739881934814,0.5510289644385297,0.8279284446306714,3.767608748480195,0.3120935128380865
-0.019464926512810565,0.5528226963618728,0.828843711715655,3.766313647409242,0.3117885960100399
-0.019544441654758653,0.5546312178957991,0.8281027926422364,3.765015039637793,0.31148376959277696
-0.01961926622452662,0.5564526573026951,0.827118476325328,3.763712945298597,0.31117973694824574
-0.019689382264576977,0.5582851482988932,0.8280758965140729,3.762407378880724,0.31087556627379986
-0.019754772947396623,0.5601268320300368,0.8290257225002153,3.7610983353956087,0.3105706057296347
-0.019815422579535606,0.5619758589595976,0.8280819758057546,3.7597858089011877,0.3102652856258239
-0.019871316605373283,0.5638303906711717,0.8290391532196675,3.7584698027466734,0.3099595215704459
-0.01992244161061173,0.5656886015855178,0.8279907329026632,3.7571503128654817,0.30965388514026515
-0.01996878532549525,0.56754868059361,0.8270417538918998,3.7558273679765777,0.30934975513166685
-0.020010336627754626,0.5694088326072507,0.8264374493173593,3.7545010001111723,0.3090462757375047
-0.020047085545276833,0.5712672800290238,0.8274561756247756,3.753171214380006,0.3087423122622786
-0.020079023258498006,0.5731222641435737,0.825975059440994,3.7518380116164596,0.30843891039798316
-0.020106142102520288,0.574972046432367,0.8270098706811463,3.7505014288769885,0.30813666732747064
-0.020128435568951296,0.5768149098142492,0.8280344010215825,3.7491614692231883,0.3078335670486709
-0.020145898307466097,0.5786491598142097,0.8290501707357866,3.7478181228040395,0.3075296696653048
-0.0201585261270913,0.5804731256628793,0.8300598725366634,3.7464713800238076,0.3072248995999503
-0.020166315997210783,0.5822851613293347,0.8312183753845339,3.745121230608325,0.3069193430008076
-0.020169266048293128,0.5840836464898514,0.8322125503167509,3.7437676652687983,0.3066129136459741
-0.02016737557234019,0.5858669874352703,0.8317651648284049,3.742410673044124,0.30630563548855055
-0.02016064502305726,0.5876336179196353,0.8327879417012813,3.741050244926333,0.3059975822667337
-0.020149076015743648,0.5893819999527905,0.8311808030657366,3.7396863803392626,0.30569025737885164
-0.020132671326905757,0.5911106245395839,0.8321956609631848,3.738319121373989,0.30538434922487406
-0.020111434893590133,0.5928180123682806,0.8331946845507908,3.736948476469608,0.3050778473980417
-0.02008537181243878,0.594502714450801,0.8343475832474536,3.735574438699635,0.3047706334482753
-0.02005448833846607,0.5961633127172765,0.8353345560574797,3.734197002146532,0.3044627764445935
-0.02001879188355751,0.5977984205674195,0.8360896737128675,3.7328161590385007,0.30415421575810914
-0.019978291014690966,0.5994066833811089,0.8370592445548105,3.7314319059890546,0.3038452155893601
-0.019932995451880615,0.6009867789905131,0.8354376134411917,3.7300442446310145,0.303536881289209
-0.019882916065843897,0.6025374181160378,0.8364240994098354,3.728653214832402,0.30322978942467194
-0.01982806487539326,0.604057344768251,0.8362218455891232,3.7272588191160265,0.30292172639108056
-0.019768455044551027,0.605545336617916,0.8359165710916665,3.7258610446864755,0.30261277127719116
-0.01970410087939054,0.6070002053361281,0.8368911105867688,3.7244598850521338,0.30230329343263335
-0.019635017824602436,0.6084207969065021,0.8378694514079229,3.7230553341867476,0.30199309169372346
-0.01956122245978834,0.609805991911259,0.8388388612088035,3.721647384334963,0.30168207357432086
-0.01948273249548152,0.6111547057929725,0.8397859730679438,3.7202360245371313,0.30137020123630515
-0.01939956676889663,0.6124658890936655,0.8407404465465904,3.71882124479375,0.30105745878540924
-0.01931174523940889,0.6137385276728473,0.8416891569600943,3.717403034720431,0.3007438762023564
-0.019219288983763776,0.6149716429060059,0.8411986864691903,3.715981385671129,0.3004296997197453
-0.019122220191018856,0.6161642918650108,0.8421341615100438,3.7145562955878977,0.300114971027366
-0.019020562157218476,0.6173155674817561,0.8433405079135238,3.713127756818123,0.2997994757142702
-0.018914339279802638,0.6184245986963431,0.8445081113120753,3.7116957612825585,0.29948326540204573
-0.01880357705175226,0.6194905505910091,0.8454256360034751,3.710260302325743,0.2991663872883529
-0.018688302055470188,0.6205126245109275,0.846378110996598,3.708821373570399,0.2988488835724478
-0.018568541956402305,0.621490058172952,0.8472577527971819,3.7073789706149505,0.29853075980917915
-0.018444325496397355,0.622422125763296,0.8481511356516449,3.7059330856781187,0.29821192409361175
-0.018315682486809745,0.6233081380250889,0.8490359922458025,3.7044837138788043,0.2978925271533833
-0.018182643801344017,0.6241474423366593,0.849913510881757,3.703030849785416,0.29757245570905577
-0.018045241368646242,0.624939422781382,0.8492140069735059,3.7015744884159223,0.29725208879108433
-0.01790350816464061,0.6256835002098098,0.8475904275022098,3.7001146437771295,0.2969329948140265
-0.017757478204615793,0.6263791322948112,0.848473296593344,3.6986513614371,0.2966153180916279
-0.017607186535061103,0.6270258135803314,0.8493474995236704,3.6971846499797363,0.29629710954787264
-0.01745266922525601,0.6276230755243929,0.8502123344859325,3.6957145058210905,0.29597834921934496
-0.01729396335861299,0.6281704865368459,0.8510690888428648,3.694240924788596,0.29565905283266924
-0.017131107023778343,0.6286676520123944,0.8518267050790169,3.692763901937111,0.2953390948486085
-0.01696413930549062,0.6291142143593094,0.8524999053823495,3.691283431424848,0.2950185509679767
-0.016793100275200663,0.629509853024269,0.8533392068073173,3.6897995091837843,0.2946974932248674
-0.01661803098145485,0.6298542845136513,0.8513044378498129,3.6883121400770547,0.2943775536254781
-0.01643897344004325,0.6301472624116252,0.8518963112564961,3.686821377566364,0.29405950418565074
-0.016255970623916254,0.6303885773953016,0.8510793198714001,3.685327236284714,0.29374146158775155
-0.016069066452871417,0.6305780572471946,0.8519050829086372,3.6838297299935894,0.2934235580852366
-0.015878305783012466,0.6307155668651891,0.8527235383237738,3.682328858345405,0.2931051087572899
-0.015683734395984583,0.6308010082701837,0.8535345338255254,3.680824617757111,0.29278615477592346
-0.015485398987986624,0.6308343206115337,0.8543378388114722,3.679317005647047,0.2924667951275506
-0.015283347158564478,0.6308154801703922,0.853189710738277,3.677806024485058,0.29214775453404923
-0.015077627399187296,0.6307445003610054,0.8539823791842036,3.6762916984186873,0.29182940517973277
-0.014868289081609788,0.6306214317299811,0.8547674004026793,3.6747740322370834,0.29151050126988987
-0.014655382446023556,0.6304463619535169,0.8555445401951985,3.6732530213767465,0.2911911002432045
-0.01443895858899886,0.6302194158325513,0.8563080999677655,3.6717286622308882,0.29087110791702486
-0.014219069451222602,0.6299407552857419,0.8542601878950309,3.6702009574027623,0.2905521596484044
-0.013995767805032411,0.6296105793401582,0.8550260116990386,3.6686699604559645,0.2902352132521438
-0.013769107241751389,0.6292291241195288,0.8557837958854491,3.667135684062667,0.2899176882110019
-0.013539142158826793,0.6287966628298608,0.8537456002092878,3.6655981330532996,0.28960138985954864
-0.013305927746774608,0.6283135057421928,0.8522680962883011,3.664057366963632,0.2892880328615873
-0.013069519975934175,0.6277800001722172,0.8535152474217689,3.6625134331272173,0.2889755754301999
-0.012829975583035787,0.627196530456463,0.8547222969095492,3.6609663326576807,0.2886622582932867
-0.012587352057583927,0.6265635179246901,0.85545213139013,3.6594160558634523,0.2883482955014406
-0.012341707628059903,0.6258814208681105,0.8561729723289802,3.6578625996409326,0.2880339421582058
-0.012093101247947827,0.6251507345029875,0.8544023139913027,3.6563059685800874,0.2877204007830068
-0.011841592581585495,0.6243719909291543,0.8550497176775609,3.6547462021767387,0.2874081323563309
-0.011587241989845521,0.623545759082899,0.8557438198564488,3.6531833083685066,0.28709544630854544
-0.011330110515649023,0.6226726446836655,0.8564288496674078,3.651617286426971,0.28678244856339363
-0.011070259869315539,0.6217532901739251,0.8542223183706612,3.650048145789059,0.2864708728695021
-0.010807752413752874,0.6207883746515451,0.8554171181757502,3.648475944376497,0.2861613060084814
-0.010542651149490182,0.6197786137939291,0.8533097561408218,3.6469006993634703,0.28585257970319244
-0.010275019699558453,0.6187247597731109,0.8510562049679224,3.6453224666444526,0.28554731400537964
-0.010004922294220944,0.6176276011609807,0.848665370516322,3.6437413268258423,0.2852458949409312
-0.009732423755558392,0.616487962823708,0.8460324154011915,3.6421573607364257,0.28494820610816085
-0.009457589481912129,0.6153067058043895,0.8431741591747415,3.640570651022299,0.2846545945673376
-0.00918048543218842,0.6140847271928722,0.8437753132696508,3.6389812801307038,0.284363539748869
-0.008901178110029167,0.6128229599816528,0.8443682062914359,3.6373892679750837,0.28407236113686996
-0.008619734547850916,0.6115223729066352,0.8455989835131816,3.6357946175735503,0.2837808714028924
-0.00833622229075767,0.6101839702715276,0.8424873697055594,3.6341973322553494,0.28349086017077196
-0.008050709380330123,0.6088087917545009,0.8400645486259687,3.6325974926131455,0.2832055621934072
-0.007763264338296279,0.607397912195726,0.8406244132458673,3.6309951824725544,0.2829227449930335
-0.007473956150086509,0.6059524413642792,0.8372897196511118,3.6293904331962104,0.2826420035643685
-0.007182854248277172,0.6044735237028444,0.8378933884988345,3.6277833220872457,0.2823642101858213
-0.006890028495927391,0.6029623380485558,0.834386863575445,3.626173877799567,0.2820882223157496
-0.006595549169812048,0.6014200973282369,0.8356174983776526,3.6245621758475197,0.28181508275108047
-0.006299486943555999,0.5998480482262052,0.8361349949866037,3.6229482301898903,0.28154144093550737
-0.006001912870672212,0.5982474708227414,0.8366453071299882,3.62133204189763,0.2812678288300551
-0.005702898367509949,0.5966196782012125,0.8371387303704031,3.619713616304062,0.2809942197012178
-0.005402515196114471,0.5949660160217923,0.8376740207916378,3.618092955211834,0.2807202693406937
-0.005100835447005148,0.5932878620595913,0.8381628325260739,3.616470054371721,0.28044601866143765
-0.004797931521873538,0.5915866257049781,0.8386442291358772,3.614844917125225,0.28017184106284104
-0.004493876116207758,0.589863747423771,0.8349199777946709,3.613217562625455,0.2799001937001024
-0.0041887422018456275,0.588120698174902,0.8310865719138956,3.6115880908365683,0.27963444728647474
-0.0038826030094619036,0.5863589787831176,0.8315541184545377,3.6099566124832196,0.27937225070276933
-0.0035755320109930933,0.5845801192641826,0.8320153175997069,3.608323156225658,0.279110182140849
-0.0032676029020050562,0.5827856781000358,0.8280996893114493,3.606687740581366,0.2788506485876037
-0.0029588895840057007,0.5809772414612762,0.8258886253494959,3.6050504644275714,0.2785962751880657
-0.0026494661467094177,0.5791564223743394,0.8268553549397221,3.6034114023798764,0.27834363643578813
-0.0023394068502559603,0.5773248598307025,0.8247134461903001,3.60177056938008,0.27809196437601835
-0.002028786107388113,0.5754842178354294,0.8251479468640557,3.600128013106869,0.27784233549503273
-0.0017176784655931491,0.5736361843924077,0.8255769394530899,3.5984837519682387,0.2775927776288093
-0.001406158589211668,0.5717824704236212,0.8214974479531281,3.596837802704328,0.27734579055089664
-0.0010943012415186412,0.5699248086198633,0.8219301093978608,3.595190260492178,0.2771028909885687
-0.0007821812667805717,0.5680649522203468,0.8231553966982535,3.5935411564379893,0.2768597495351424
-0.00046987357229319324,0.5662046737187764,0.8235750545732182,3.5918904834289096,0.2766161621700429
-0.00015745311040397258,0.5643457634935203,0.8240340145270157,3.590238240949673,0.27637242101697607
0.00015500513947588822,0.5624900283597027,0.8252235318478598,3.588584425406694,0.27612821964431283
0.0004674261888662592,0.560639290041159,0.8256205923308116,3.5869290311642374,0.2758838103067356
0.000779735058214942,0.5587953835604254,0.8260105350065967,3.5852720641200446,0.27563970948517724
0.0010918567948925296,0.55696015554515,0.8263957242670894,3.583613533894043,0.27539592951836667
0.0014037164911803758,0.555135462449564,0.8267758119728095,3.5819534502198436,0.27515248089241684
0.0017152393022483747,0.5533231686899719,0.8227278975959957,3.5802918327618207,0.27491160910844803
0.0020263504641172708,0.5515251446935235,0.8231207555882526,3.578628773372014,0.2746745836408248
0.0023369753116015742,0.5497432648599347,0.8235086347545653,3.576964302926141,0.2744377596595183
0.0026470392962289705,0.5479794054361926,0.8238969588253693,3.5752984269395007,0.27420089069991105
0.0029564680041315123,0.5462354423047625,0.8242746813284617,3.5736311441233437,0.27396385656547134
0.0032651871739046595,0.5445132486862683,0.8203198402089406,3.5719624704497015,0.2737294014613077
0.0035731227144294654,0.5428146927581644,0.8164737146667369,3.570292508060686,0.2735010639143488
0.0038802007226544687,0.5411416351914428,0.8127747550945982,3.5686213782307292,0.27327845899646075
0.004186347501331654,0.5394959266080382,0.8132347703408508,3.5669491826856143,0.27305908779169186
0.0044914895767037485,0.5378794049621933,0.8136924799012429,3.5652759466243484,0.2728399122288879
0.0047955537161373995,0.5362938928497046,0.8141485102821409,3.563601676799668,0.27262089880360507
0.005098466945698666,0.5347411947496415,0.8146019339029307,3.5619263769360066,0.2724020064583053
0.005400156567666537,0.5332230942038234,0.8150532970112174,3.5602500530027297,0.27218331455825484
0.005700550177979929,0.5317413509400392,0.8116836850706387,3.558572720551829,0.2719667143657935
0.0059995756836142685,0.5302976979457271,0.8085269333191573,3.556894458964642,0.2717547335421951
0.00629716131988359,0.528893838499532,0.8080751975480168,3.555215350650965,0.27154554287055344
0.006593235667663652,0.5275314431688771,0.8085903587738265,3.5535354209542223,0.2713365747619012
0.006887727670532232,0.526212146782386,0.8097738178905636,3.551854670950213,0.27112735480228306
0.007180566651822238,0.524937545386665,0.8109122939736111,3.5501730933442137,0.27091758790829706
0.007471682331583886,0.5237091931976023,0.8120004840484017,3.5484906787594883,0.2707072373150406
0.0077610048434513515,0.522528599556941,0.813202455602234,3.546807414250875,0.2704957528311282
0.008048464751410671,0.5213972259054486,0.8141353670879427,3.5451232696059085,0.2702827575517537
0.00833399306646376,0.5203164827844917,0.8152168139749578,3.5434382286539785,0.27006923157512425
0.008617521263185617,0.5192877268782533,0.8156776460738531,3.541752284593705,0.269855475832127
0.008898981296170028,0.5183122581091939,0.8167085469964476,3.5400654382288,0.2696415741307038
0.009178305616360122,0.5173913167995987,0.8171604046057256,3.538377683253548,0.26942727939697386
0.009455427187259837,0.5165260809122441,0.8176119066326885,3.536689018924696,0.26921298397511123
0.009730279501022442,0.5157176633832771,0.8180625373536246,3.5349994468731243,0.26899868552765993
0.010002796594411964,0.5149671095603585,0.8190511570845221,3.5333089676158855,0.2687841623108558
0.010272913064634116,0.5142753947589773,0.8194908121172141,3.531617576195788,0.2685693952276111
0.01054056408503265,0.5136434219495758,0.8199306334810842,3.529925273344592,0.26835463607602394
0.01080568542064745,0.5130720195877341,0.8166927838655335,3.52823206984949,0.26814165188473654
0.011068213443630626,0.5125619395991758,0.8171647426839387,3.5265380296249638,0.2679313937550244
0.01132808514851681,0.5121138555307165,0.8141615201564839,3.524843181927693,0.2677227592028104
0.011585238167344305,0.511728360877562,0.8113788603445369,3.5231475900931977,0.26751784480356977
0.01183961078462294,0.5114059675965199,0.8088304797900544,3.5214513257515567,0.2673162271733106
0.012091141952145626,0.5111471048137325,0.8092499611991267,3.51975444533506,0.2671162895746845
0.012339771303639556,0.5109521177345167,0.8069611036618546,3.518056963693633,0.26691720321456175
0.012585439169253832,0.5108212667617735,0.8075892541340852,3.51635891510098,0.2667194995997775
0.012828086589879972,0.5107547268282308,0.8084869964967449,3.5146603062845427,0.26652146978257524
0.013067655331301768,0.510752586946531,0.8091051707890871,3.512961129588994,0.26632296822233903
0.013304087898171259,0.5108148499798947,0.8097196294788676,3.5112613791565352,0.2661242165084046
0.013537327547807324,0.5109414326347398,0.8128054790174744,3.509561044880777,0.26592388143870027
0.013767318303813628,0.5111321656752994,0.8133996912492549,3.5078600745543898,0.26572114227865584
0.01399400496951275,0.5113867943589487,0.8170533377767593,3.506158439165802,0.26551630959862477
0.01421733314119308,0.5117049790895966,0.8208863412447123,3.5044560672310707,0.2653070413442494
0.014437249221165361,0.512086296285223,0.8182637522453896,3.502752883050475,0.2650960626591549
0.014653700430626113,0.5125302394543684,0.8188525943399243,3.501048911661474,0.26488699870301957
0.014866634822324063,0.5130362204751928,0.8194382076038607,3.4993441660441835,0.2646777079756949
0.015076001293027302,0.5136035710696012,0.8200212572779095,3.4976386409933267,0.2644680546714848
0.015281749595787885,0.5142315444638788,0.8206007668125843,3.495932332586969,0.2642581797537656
0.015483830352000755,0.5149193172263347,0.8211764575181152,3.494225238539619,0.264048189069897
0.015682195063254488,0.515665991271617,0.8188487342881219,3.4925173644972136,0.2638392018486583
0.01587679612297054,0.5164705960205932,0.8166865422028581,3.490808751526336,0.2636325690132078
0.016067586827828696,0.5173320907041011,0.8173173088305983,3.4890994416716192,0.2634272565972971
0.016254521388975634,0.5182493667983282,0.8153483248684499,3.4873894466715596,0.26322252532259066
0.016437554943014035,0.5192212505792153,0.8135494079524512,3.4856787962766544,0.2630195934498428
0.01661664356276945,0.5202465057829877,0.814453915076733,3.483967520012157,0.2628173408826561
0.016791744267832906,0.5213238363597704,0.815138715776389,3.4822556172074277,0.2626146523332269
0.016962815034875598,0.5224518893071859,0.8159954574462865,3.480543081143023,0.2624115534184966
0.017129814807734685,0.523629257570906,0.8166664920313174,3.4788299049039155,0.26220806042380274
0.01729270350726626,0.5248544829992909,0.8150518073546488,3.477116084270622,0.26200474623535164
0.017451442040964386,0.5261260593394964,0.8209420054799669,3.475401625270013,0.2618000592956192
0.017605992312342895,0.5274424352627898,0.8192897080255794,3.4736864603977753,0.26159252734974764
0.017756317230078554,0.5288020174072302,0.8199866189319855,3.471970586084733,0.2613857091209483
0.017902380716912702,0.5302031734263603,0.8206805856843734,3.4702540043122188,0.2611785411002097
0.01804414771830964,0.5316442350331099,0.8213694764136509,3.4685367106178964,0.2609711218909842
0.018181584210869534,0.533123501028714,0.8199223795372136,3.466818703773179,0.2607639713910135
0.01831465721049387,0.5346392403070944,0.8206463809111085,3.4650999975398276,0.26055719216584194
0.01844333478030156,0.536189694825822,0.8285205209933952,3.4633805758913914,0.26034737954156717
0.01856758603829347,0.5377730825354702,0.8291757546352718,3.4616603426681642,0.260133346458369
0.018687381164764153,0.5393876002599068,0.8298289263940286,3.459939266194487,0.25991890816136237
0.018802691409458283,0.541031426520744,0.8304804595519977,3.4582173400460845,0.2597040939406848
0.018913489098470657,0.5427027242999307,0.831129353581915,3.4564945594119076,0.2594889851918495
0.019019747640887784,0.544399643735139,0.8317756628115847,3.4547709181612327,0.25927336791547556
0.019121441535169478,0.5461203247433226,0.8324188894746198,3.4530464080955645,0.2590572977873909
0.019218546375269284,0.5478628995684713,0.8332265511568222,3.451321022367533,0.25884082622029836
0.019311038856491793,0.5496254952502586,0.8338618807749567,3.4495947544727494,0.25862392006716184
0.019398896781085338,0.5514062360108891,0.8344940580090509,3.4478675981314155,0.2584066110811842
0.01948209906356987,0.5532032455580523,0.8425903505493807,3.446139533869719,0.25818634034485866
0.019560625735796946,0.555014649302433,0.843244057138783,3.444410465940155,0.25796184689101304
0.0196344579517422,0.5568385764887707,0.8438518642049316,3.4426803652942075,0.25773716177320616
0.01970357799202815,0.5586731622399331,0.8444058749337239,3.440949230244142,0.2575122606716207
0.019767969268177005,0.5605165495139147,0.8449583276484463,3.439217057060507,0.2572870145497457
0.019827616326591514,0.5623668909740946,0.8455065220079824,3.4374838416774893,0.2570614910601494
0.019882504852263925,0.5642223507734461,0.8460552847497254,3.4357495794643738,0.256835584930673
0.019932621672211687,0.5660811062537271,0.8448625387457919,3.4340142663488242,0.2566096142787352
0.019977954758638478,0.5679413495610052,0.843652527168696,3.432277911288791,0.25638426479757437
0.020018493231821304,0.5698012891790826,0.8442522304775318,3.4305405274529117,0.2561591370386268
0.020054227362720983,0.5716591513826746,0.8531870219090417,3.4288020991302104,0.2559308196691546
0.02008514857531778,0.5735131816123552,0.8521269090966136,3.427062521558369,0.2556979980960411
0.020111249448669124,0.5753616457734575,0.8526584801127424,3.4253217705956978,0.25546528098879645
0.02013252371869058,0.5772028314612762,0.8533212905400368,3.4235798448862296,0.2552322962792055
0.02014896627965955,0.5790350491149956,0.8538461749130363,3.4218367411046233,0.254998949946554
0.020160573185440286,0.5808566331028955,0.8543682922432897,3.420092454524835,0.2547652535221378
0.020167341650431193,0.5826659427414177,0.8532256181107278,3.418346980392239,0.2545313781374549
0.020169270050232984,0.5844613632507403,0.851966116162321,3.4166003246211654,0.2542979459736312
0.020166357922039167,0.5862413066495197,0.8505795414350719,3.4148525025438152,0.2540653764873099
0.020158605964746487,0.5880042125914874,0.8513023869070688,3.413103533575448,0.2538332748465648
0.020146016038787365,0.5897485491465508,0.8497853556891009,3.411353420211053,0.2536013867270685
0.020128591165683753,0.5914728135290622,0.851407804466959,3.4096021749189074,0.2533690473008208
0.020106335527321443,0.5931755327758507,0.8519453070137876,3.4078497608584093,0.2531347200971467
0.020079254464946857,0.594855264376609,0.8524843690354034,3.4060961632593356,0.25290008590315277
0.02004735447788495,0.5965105968591291,0.8530134355083009,3.404341378382938,0.25266517176829806
0.02001064322197956,0.5981401503318728,0.8541403315862159,3.4025853991479673,0.25242906006822974
0.01996912950775576,0.5997425769862358,0.8524125481788994,3.4008281920014602,0.25219200067170694
0.01992282329830581,0.601316561560858,0.8504674007213074,3.3990697769151,0.25195676807333983
0.019871735706897663,0.6028608217702097,0.8483077239030105,3.39731019865154,0.25172397329918267
0.019815878994308016,0.6043741086996129,0.8459414809338726,3.3955495128292665,0.25149412252274445
0.01975526656587972,0.605855207168795,0.8464144824459684,3.3937877781067294,0.25126611368811735
0.01968991296830475,0.6073029360659756,0.8468815055091286,3.3920250045617104,0.25103780312011365
0.019619833886132653,0.6087161486543845,0.8474784844931121,3.3902611885639318,0.2508091700908643
0.019545046138006995,0.6100937328530764,0.847935294507532,3.3884963262346326,0.2505803746200043
0.01946556767262817,0.6114346114937537,0.8487100056988793,3.386730416636002,0.25035127401277146
0.019381417564446394,0.6127377425552893,0.8491580833047939,3.384963454356015,0.2501219126610332
0.019292616009083684,0.6140021193775144,0.8499267778415991,3.38319543885931,0.24989236459216246
0.01919918431848703,0.6152267708557764,0.8506350385919326,3.3814263628944126,0.24966193102779605
0.01910114491581383,0.6164107616176943,0.8480447461583815,3.379656212234953,0.2494320847101859
0.01899852133004989,0.6175531921834329,0.8486861027701221,3.377885034168515,0.2492039614513886
0.018891338190363396,0.6186531991107809,0.8459107195616888,3.3761128333313652,0.24897666988762426
0.01877962122019331,0.6197099551262157,0.8464152602100028,3.374339665946805,0.24875165201557045
0.018663397231076097,0.6207226692430707,0.8468254357765344,3.3725655365769605,0.24852594010707224
0.018542694116211393,0.6216905868678686,0.8472259581935413,3.370790440943603,0.24830012918497663
0.018417540843767215,0.6226129898957818,0.8442394423479184,3.36901438943908,0.2480762006091888
0.018287967449928468,0.6234891967961653,0.8446077618580774,3.367237451952278,0.2478553075090943
0.018154005031687397,0.6243185626889955,0.8453686124380317,3.365459652677039,0.24763443715112066
0.01801568573938149,0.6251004794130239,0.8421780818848414,3.363681000388845,0.24741549146204597
0.01787304276897691,0.6258343755863781,0.8424828867763605,3.3619015691974363,0.24719957208834767
0.017726110354101817,0.6265197166603038,0.8428357096783263,3.3601213756632267,0.2469834519279325
0.017574923757830527,0.627156004966662,0.8395788686029654,3.3583404338532623,0.24676965998323414
0.017419519264220366,0.6277427797597742,0.839920177598317,3.356558823027491,0.2465592749191665
0.01725993416960387,0.628279617253143,0.8402528456170815,3.354776571923465,0.24634924303617683
0.017096206773637736,0.6287661306515259,0.8405790652616189,3.3529936885633504,0.24613953009145778
0.01692837637011102,0.6292019701788037,0.8371893990684266,3.3512101909190344,0.24593220203272229
0.01675648323751488,0.62958682310204,0.8371460081123626,3.3494261568051864,0.24572803128325318
0.016580568629376142,0.6299204137520723,0.8374998373152093,3.347641607125092,0.24552382538261822
0.01640067476435643,0.6302025035409675,0.8382475965289893,3.3458565432426393,0.24531952519565967
0.01621684481611955,0.6304328909765766,0.8385916911082398,3.344070961035905,0.24511507971441926
0.01602912290297086,0.6306114116744623,0.8383970411280325,3.3422848643322767,0.2449109074964524
0.015837554077268366,0.630737938367357,0.839161068652386,3.340498257543091,0.24470664445663248
0.01564218431461064,0.6308123809123375,0.8395266010479584,3.3387111353385315,0.24450213379780827
0.015443060502802999,0.6308346862958142,0.8398890783747028,3.3369234999480777,0.24429783906455488
0.015240230430604258,0.6308048386364391,0.8402483167741547,3.3351353558525774,0.24409369881553977
0.015033742776258295,0.6307228591859684,0.8402286040169655,3.3333467064573594,0.24388955605170978
0.014823647095810917,0.6305888063281072,0.8406188077733704,3.3315575510569704,0.2436853874153247
0.014609993811217033,0.6304027755753036,0.8413724943476564,3.3297678919137126,0.24348118812153596
0.014392834198239156,0.6301648995634497,0.8417538299830425,3.3279777264742187,0.24327687472660184
0.014172220374142199,0.6298753480443828,0.8421307206040564,3.326187055993424,0.24307258988972713
0.013948205285184782,0.629534327876084,0.8425063535039544,3.3243958826797693,0.24286841193724631
0.013720842693913052,0.6291420830103847,0.8428779232062571,3.3226042095162702,0.2426643075836507
0.013490187166257498,0.6286988944779996,0.8432455493137655,3.32081203778116,0.2424601816660684
0.013256294058437675,0.628205080370648,0.8436138603991746,3.319019368934137,0.24225610400312303
0.013019219503676514,0.6276609958199675,0.843980705563302,3.317226204320414,0.2420520193568951
0.012779020398729314,0.6270670329729382,0.8411135565785266,3.315432554024841,0.2418497008528322
0.012535754390228195,0.6264236209634242,0.8411418686374165,3.313638478438565,0.241649789825173
0.012289479860847519,0.6257312258794581,0.8418157368327811,3.311843988961774,0.24144940714978588
0.012040255915292113,0.6249903507258098,0.8424141268594115,3.3100490736715367,0.24124824246033322
0.011788142366112649,0.6242015353813596,0.8429374164778045,3.308253718578645,0.24104642637506477
0.011533199719350753,0.6233653565507317,0.8402774471894158,3.306457921110029,0.24084577388070533
0.011275489160017768,0.6224824277096033,0.8407132817714177,3.3046617317174096,0.24064723762306223
0.011015072537410978,0.6215533990430531,0.8408891131169045,3.3028651620391813,0.2404483594071256
0.010752012350269713,0.6205789573762588,0.8416693029630604,3.301068201369078,0.2402488321016996
0.010486371731776132,0.6195598260967872,0.8421294791002139,3.299270840039551,0.24004892057806998
0.010218214434403598,0.6184967650676902,0.8425874552654955,3.2974730741379084,0.23984888464663714
0.009947604814616262,0.6173905705305215,0.8430447081804222,3.2956749019664793,0.23964867237851928
0.009674607817423884,0.6162420749973568,0.8435004137058885,3.293876319786821,0.23944823131484655
0.009399288960795421,0.6150521471308302,0.8439544088616986,3.2920773243456507,0.23924756572607164
0.009121714319934634,0.6138216916111098,0.8447172372396828,3.2902779115991154,0.239046612780927
0.00884195051142324,0.6125516489887011,0.8451938773108729,3.2884780737005825,0.23884510348532673
0.008560064677232164,0.6112429955218646,0.8456403887007737,3.2866778011850815,0.23864322876254768
0.00827612446860856,0.6098967429973744,0.8431571845746143,3.2848770971847006,0.2384425295957671
0.007990198029839527,0.6085139385332686,0.8436163045393975,3.2830760065252917,0.23824370839223966
0.007702353981897877,0.6070956643621542,0.8440733459838097,3.2812745399569416,0.23804465406840228
0.007412661405973439,0.6056430375935634,0.844527147199668,3.2794726930950673,0.2378453693574176
0.0071211898268937895,0.6041572099537591,0.8449733769029296,3.277670462150376,0.23764582032400283
0.006828009196438777,0.6026393675013224,0.8454167084512464,3.2758678432085166,0.2374461166810568
0.006533189876552508,0.6010907303167528,0.8458631507720247,3.2740648342316825,0.2372462435655026
0.00623680262245649,0.5995125521642476,0.8463057925281898,3.2722614319976437,0.23704611217436541
0.005938918565668949,0.5979061201237209,0.8462481622247516,3.270457631943542,0.2368457764017206
0.005639609196933665,0.5962727541910555,0.8470706710919856,3.268653430004872,0.23664503664487954
0.005338946349062368,0.5946138068444896,0.847539111761403,3.2668488159811804,0.23644375770599052
0.005037002179695332,0.5929306625749599,0.8480047220015371,3.265043783849543,0.236242256765497
0.0047338491539837485,0.5912247373781461,0.8456478661621263,3.2632383354413976,0.2360417426217635
0.00442956002719873,0.5894974782058858,0.843227908567276,3.2614325184142916,0.23584423640562485
0.004124207827269967,0.587750362374561,0.84076899945372,3.2596263924277284,0.23564967028835687
0.003817865837259695,0.5859848969279764,0.8382961145776655,3.2578200171223433,0.23545802189768422
0.0035106075777750485,0.584202617952222,0.8358333007170472,3.2560134501324756,0.23526915945464025
0.003202506789323389,0.5824050898399283,0.8363268200295559,3.2542067381862836,0.23508163207981952
0.0028936374146149744,0.5805939045012983,0.8339021295823895,3.2523998932160345,0.23489507711040644
0.002584073580817103,0.5787706805192748,0.8329055228998625,3.2505929549407337,0.23471061664466106
0.0022738895817639862,0.576937062246157,0.8307416122643231,3.2487859544445863,0.23452762847902922
0.0019631598601264058,0.5750947188390139,0.831281306300939,3.246978922773364,0.23434564701820365
0.0016519589895459717,0.5732453432312112,0.8318243563558185,3.245171863087616,0.23416340966568064
0.001340361656737823,0.5713906510374325,0.8323630569001622,3.24336476913022,0.2339808328484418
0.0010284426435661787,0.569532379389587,0.830304630875177,3.2415576408386246,0.23379894137084378
0.0007162768090968338,0.5676722857011058,0.8312446679225979,3.239750503034866,0.23361805105002964
0.0004039390716315674,0.565812146357182,0.8317879500325202,3.2379433582869876,0.23343681515339984
9.150439072821404e-05,0.5639537553286421,0.8323264883538865,3.236136199847564,0.2332552251563863
-0.00022095225078961722,0.5620989227072848,0.8328505275460933,3.234329020561625,0.23307332353294544
-0.0005333558648278426,0.5602494731606827,0.833371586784112,3.2325218142095262,0.23289107230928957
-0.0008456314760186451,0.558407244304662,0.8338881667936984,3.2307145732416616,0.23270841798669628
-0.0011577041397143036,0.5565740849918814,0.8324075305819972,3.2289072953400186,0.23252633676636528
-0.0014694989599736302,0.5547518535152404,0.8329484475010754,3.2271000019532905,0.23234498231807763
-0.001780941107536329,0.5529424157251077,0.8334951050174214,3.2252926936540818,0.23216342573074208
-0.0020919558377820546,0.5511476430597391,0.8344112008814201,3.223485366687876,0.23198163482414388
-0.002402468508668414,0.5493694104886152,0.8349499365179391,3.2216780143755734,0.23179940955521192
-0.00271240459864495,0.5476095943688275,0.8358253179692697,3.219870628779714,0.23161680449139185
-0.0030216897245378387,0.5458700702151383,0.836652414899445,3.218063201935966,0.23143385890522727
-0.0033302496594014444,0.5441527103847857,0.8371784384863714,3.2162557280294233,0.2312505974897563
-0.0036380103503325643,0.5424593816786623,0.8374777840922087,3.214448201840597,0.2310671689984156
-0.003944897936242713,0.5407919428610481,0.8358224011485548,3.212640623115544,0.23088407165203187
-0.004250838765584409,0.5391522421006688,0.836350462283827,3.210833005948331,0.23070152270997255
-0.004555759414027089,0.537542114336489,0.8349497448958731,3.2090253549575944,0.23051958368027126
-0.004859586702078883,0.5359633785723074,0.8355058481545614,3.207217694238404,0.23033861218043283
-0.005162247712649089,0.5344178351048677,0.8357336525531436,3.2054100267813386,0.23015734896802173
-0.005463669808547947,0.5329072626909406,0.8362808076482731,3.2036023457498963,0.22997573472568486
-0.005763780649919374,0.5314334156595069,0.8348866116870285,3.2017946464794336,0.22979415292780067
-0.006062508211602016,0.5299980209759048,0.835442900586259,3.199986934107406,0.22961269370153842
-0.006359780800415019,0.5286027752655074,0.8340790838882016,3.1981792056348723,0.22943117246028122
-0.0066555270723640415,0.5272493418052355,0.8346451687846753,3.196371465583012,0.22924982233251298
-0.006949676049763461,0.5259393474918578,0.8352079041301398,3.1945637090974794,0.229067968284688
-0.00724215713827064,0.5246743797967537,0.8338654944173223,3.192755928378155,0.22888602514014783
-0.007532900143828317,0.5234559837174061,0.832446189747571,3.190948130567162,0.22870489707989297
-0.00782183528951078,0.5222856587365217,0.8330454516259045,3.189140336255653,0.228524441281206
-0.008108893232270034,0.5211648558001966,0.8340585025264022,3.1873325446008427,0.22834361808857973
-0.00839400507957774,0.5200949743270317,0.8350297824117936,3.1855247479997835,0.22816238482816795
-0.008677102405959113,0.5190773592605379,0.8356221984371744,3.183716938449619,0.22798075519676875
-0.008958117269414761,0.5181132981774602,0.8365553902394031,3.1819091075803407,0.2277986842007441
-0.009236982227726388,0.5172040184649412,0.837142773162856,3.1801012472949863,0.22761626399446383
-0.009513630354642585,0.5163506845795586,0.8380398548814714,3.1782933501222588,0.22743339466642376
-0.009787995255940861,0.5155543954013385,0.8386217513476729,3.1764854064137684,0.22725002142785308
-0.010060011085361918,0.5148161816957734,0.8368664473775876,3.174677412368385,0.22706737718124803
-0.010329612560412442,0.5141370036967043,0.8351725377150592,3.172869407237379,0.22688729597889443
-0.010596734978032516,0.5135177488226363,0.8357887462152466,3.1710614352107296,0.22670849554015707
-0.010861314230124186,0.5129592295386427,0.8364035112800304,3.169253498008889,0.22652918850477902
-0.011123286818936965,0.5124621813754898,0.8370169214376607,3.167445585272483,0.2263493436779576
-0.011382589872307048,0.5120272611169668,0.8376266276823314,3.1656376845012737,0.22616879296283898
-0.011639161158746369,0.5116550451656614,0.8385309294019756,3.1638297833728997,0.2259877667217123
-0.011892939102377726,0.5113460280965404,0.839388811420863,3.162021873737104,0.22580637328706238
-0.012143862797712873,0.5111006214067494,0.8402005544247934,3.160213948804629,0.22562466201157738
-0.012391872024269385,0.5109191524689737,0.8403807594960326,3.158406002756397,0.22544269174281836
-0.012636907261023386,0.5108018636945854,0.8409812088315874,3.1565980300263283,0.22526035962083119
-0.012878909700694276,0.5107489119115698,0.8411153479724818,3.1547900222500833,0.22507763701024494
-0.013117821263858197,0.510760367960994,0.8417111864545782,3.1529819735348723,0.22489460162378563
-0.013353584612886816,0.5108362165144442,0.8423694909347511,3.1511738755929577,0.22471111036531558
-0.013586143165708067,0.5109763561135376,0.8429621898611391,3.149365718394261,0.2245270243530532
-0.013815441109385571,0.5111805994312889,0.8435481576473816,3.1475574900014336,0.2243423712623062
-0.014041423413513584,0.5114486737537148,0.8441309477979967,3.145749180182376,0.22415721757778578
-0.014264035843423792,0.5117802216788025,0.8422100602731041,3.1439407851003356,0.2239727992763215
-0.014483224973201692,0.5121748020286223,0.8428119703631483,3.142132338083063,0.22378974100600674
-0.014698938198508213,0.5126318909691372,0.8422888398059152,3.1403238428988622,0.22360626372501077
-0.014911123749204802,0.513150883331102,0.8403351269998255,3.1385152961298015,0.2234234995710751
-0.015119730701777783,0.5137310941242976,0.840944405199485,3.1367067301619915,0.22324201365653057
-0.015324708991559887,0.5143717602363446,0.8415642420035808,3.1348981463510572,0.22306000805079648
-0.015526009424745548,0.5150720423064206,0.8394243312801032,3.1330895415739635,0.22287891694185455
-0.015723583690197086,0.5158310267633488,0.8400369400073381,3.1312809562587574,0.2226994956763159
-0.015917384371039105,0.5166477280168424,0.8406618570417174,3.129472393765707,0.2225194745560708
-0.016107364956038584,0.517521090790071,0.8383912974980163,3.127663850193319,0.22234049453078253
-0.016293479850766953,0.5184499925812217,0.8390182173368307,3.125855370139493,0.22216332827616747
-0.016475684388542983,0.5194332462413832,0.838579447125378,3.1240469586375026,0.2219856529735414
-0.016653934841152192,0.5204696026558152,0.8379949266029556,3.122238605116787,0.22180753298321285
-0.016828188429341553,0.5215577535155332,0.8372450699275981,3.12043030409391,0.2216292846735963
-0.016998403333086363,0.5226963341661188,0.8363126610948272,3.118622055559086,0.22145119495757692
-0.017164538701626823,0.5238839265207534,0.8370407402495144,3.1168138643313696,0.22127318902921708
-0.017326554663271935,0.5251190620246474,0.8359215105097201,3.115005726617559,0.22109519292478677
-0.017484412334968617,0.5264002246583223,0.8365194394286259,3.1131976507558785,0.22091748808158254
-0.017638073831633405,0.5277258539675622,0.8375127482341894,3.1113896331724473,0.2207394009313089
-0.01778750227524473,0.5290943481082889,0.8384641258885075,3.1095816647374512,0.22056077890377088
-0.01793266180369336,0.5305040668951224,0.837090912035608,3.1077737373322782,0.22038232764719332
-0.018073517579389343,0.5319533348429523,0.8354861874647896,3.105965871985545,0.22020550777551415
-0.018210035797622568,0.5334404441914468,0.833658265119237,3.104158105380026,0.22003071870450389
-0.01834218369467601,0.5349636579030996,0.834398678215745,3.1023504768606567,0.21985721269222092
-0.01846992955568868,0.5365212126260642,0.8349078818339375,3.1005429897657053,0.21968340984413112
-0.01859324272226722,0.5381113216137562,0.8354087324094285,3.0987356400978108,0.21950948050524152
-0.018712093599843476,0.5397321775938886,0.8363022795793131,3.0969284244086834,0.21933529985731842
-0.01882645366477743,0.5413819555803527,0.8342023642262535,3.095121342412327,0.2191620640576512
-0.01893629547120241,0.5430588156220403,0.8350500206700093,3.0933144316948282,0.21899036373065514
-0.019041592657612086,0.544760905483435,0.8355098497617136,3.091507697567562,0.2188184423844109
-0.019142319953187305,0.5464863632524792,0.8359625135204469,3.0897011374744983,0.21864642903749523
-0.019238453183860478,0.5482333198718842,0.8364077905955537,3.087894749360149,0.21847435575878704
-0.01932996927811778,0.5499999015907187,0.8368467920190645,3.0860885329078296,0.21830234703500942
-0.019416846272535912,0.5517842323337011,0.8372789022644441,3.084282488711728,0.21813035625990784
-0.019499063317053134,0.5535844359862334,0.837704237259192,3.082476617556773,0.21795845809419542
-0.01957660067997357,0.5553986385937284,0.8381226599778734,3.0806709204504727,0.2177866074119442
-0.019649439752702214,0.5572249704743412,0.8385337610111957,3.078865398271273,0.2176148388576485
-0.019717563054211285,0.5590615682446537,0.838938839737612,3.0770600526089797,0.21744314889606706
-0.019780954235235446,0.5609065767583309,0.8393378054732651,3.075254883768125,0.21727149416611963
-0.019839598082195466,0.5627581509581382,0.8397303605650669,3.0734498930790903,0.2170999340743606
-0.019893480520849657,0.5646144576421153,0.8401165823145504,3.0716450824206487,0.21692852800871637
-0.019942588619671332,0.56647367714499,0.840496922617722,3.0698404534277155,0.21675715390760703
-0.01998691059295256,0.5683340049362237,0.8383166217388222,3.068036013295098,0.2165871356294194
-0.02002643580363249,0.5701936531363507,0.8357328524991733,3.0662318154445005,0.21642068935474798
-0.02006115476585023,0.5720508519534627,0.8365124434025555,3.0644279279629103,0.21625645772731183
-0.02009105914722158,0.5739038510419189,0.83687359220008,3.0626243600512386,0.2160920116199241
-0.020116141770838553,0.5757509207854937,0.8341073017658581,3.0608211198180717,0.21592939014195
-0.020136396616991875,0.5775903535073241,0.8344670526456369,3.059018268147209,0.21576942088833875
-0.02015181882461566,0.579420464609127,0.8348235100468585,3.057215824728498,0.21560969374904881
-0.02016240469245405,0.5812395936422209,0.8325701149486741,3.0554137995365376,0.21545141993588582
-0.020168151679949797,0.5830461053129734,0.8332636611169967,3.053612238368902,0.21529499579238037
-0.020169058407853314,0.5848383904253116,0.8303421337690505,3.051811157910022,0.21514020964687694
-0.02016512465855425,0.5866148667629729,0.8273552128477752,3.0500106281325987,0.2149899073208439
-0.020156351376133655,0.5883739799141608,0.827730033406259,3.0482107307822597,0.21484251394874967
-0.020142740666137155,0.5901142040412813,0.8281049766134992,3.0464114843515224,0.21469507842658087
-0.020124295795069743,0.5918340425983857,0.8284802124097981,3.0446128877228475,0.21454771254363847
-0.02010102118961201,0.5935320289989434,0.8261762198823164,3.0428149482699407,0.2144018088086584
-0.020072922435557614,0.5952067272364808,0.8265129005464915,3.0410177140619012,0.2142580779683457
-0.02004000627647253,0.5968567324606173,0.826872681620691,3.0392212005077477,0.2141144882927914
-0.02000228061207694,0.5984806715109238,0.8238345400431636,3.0374254161245395,0.21397256837798936
-0.01995975449634925,0.6000772034109936,0.8242222173025908,3.0356304188936414,0.21383331454816792
-0.019912438135353153,0.6016450198250248,0.8246114091309514,3.033836225291264,0.21369398147065793
-0.019860342884788044,0.6031828454791411,0.825442765894905,3.032042832403352,0.21355456465939152
-0.01980348124726411,0.604689438549605,0.8262462086546125,3.0302502328949603,0.21341468514049003
-0.019741866869301343,0.6061635910199868,0.8266333473342012,3.0284584155929566,0.21327446338881303
-0.01967551453805465,0.6076041290092778,0.8270225652643247,3.0266673779327724,0.2131343603347892
-0.01960444017776514,0.609009913072829,0.8274119942972943,3.0248771201412064,0.2129942894633927
-0.019528660845938035,0.6103798384779625,0.8278034604611142,3.023087639039512,0.21285408471922607
-0.01944819472924932,0.6117128354559512,0.828196733059486,3.0212989325388135,0.2127139234436479
-0.019363061139180536,0.6130078694320371,0.8253424434099276,3.019511006884867,0.21257522351665098
-0.019273280507384846,0.6142639412350341,0.822540894249113,3.0177239169881154,0.212439907637687
-0.01917887438078285,0.6154800872880216,0.8229880182565487,3.015937718602799,0.21230635836228992
-0.019079865416391863,0.6166553797815009,0.8234414545280446,3.014152417863776,0.21217256206296073
-0.01897627737588778,0.6177889268303679,0.8238892020118935,3.0123680101914982,0.21203867807558663
-0.018868135119903415,0.6188798726159331,0.8242583058604377,3.0105844895361495,0.2119044060253212
-0.018755464602060904,0.6199273975141741,0.824708692483937,3.0088018447326372,0.21176969498096965
-0.018638292862743756,0.6209307182113193,0.8251591316057539,3.0070200668988862,0.2116346496824658
-0.018516648022606944,0.6218890878078069,0.8256089932955117,3.005239147109937,0.21149921375411485
-0.01839055927582826,0.6228017959115778,0.8260604470828864,3.0034590760070685,0.21136343935386467
-0.01826005688310161,0.6236681687216161,0.8265114273942276,3.0016798454370925,0.21122733787407477
-0.018125172164374738,0.6244875691025771,0.8273811858915028,2.999901446694297,0.21109079742499612
-0.01798593749133277,0.6252593966512866,0.8282216538526144,2.998123867098279,0.2109536587662156
-0.01784238627962893,0.6259830877558407,0.8256429388695691,2.99634709850469,0.21081703634993637
-0.01769455298086476,0.6266581156479745,0.8232612445456082,2.994571174873515,0.21068309997865137
-0.017542473074322582,0.627283990449327,0.8211162786294466,2.992796156905614,0.21055242631853613
-0.017386183058449804,0.6278602592121554,0.821548063560114,2.9910220971794512,0.2104233639977254
-0.01722572044210007,0.6283865059550383,0.8219783135119995,2.989248999919824,0.21029394798486947
-0.017061123735530974,0.6288623516940299,0.8224071295555188,2.9874768556782794,0.2101641491829751
-0.016892432441162085,0.6292874544696891,0.8197090067267341,2.9857056611721022,0.2100351098750924
-0.016719687044094236,0.6296615093703813,0.8170996188578874,2.9839354502610953,0.20990831286881453
-0.01654292900239361,0.6299842485521844,0.8145941056803818,2.982166261881649,0.20978332480013173
-0.016362200737141612,0.6302554412557054,0.8150502509366666,2.980398123378856,0.20965921910695068
-0.016177545622254458,0.6304748938200685,0.8155027816684073,2.9786310354939047,0.20953482755089176
-0.015989007974073335,0.6306424496943047,0.8159483039686548,2.9768649892320065,0.20941009390781457
-0.01579663304072878,0.6307579894463156,0.8163899065084009,2.9750999770317814,0.20928511808301745
-0.015600466991281368,0.6308214307695736,0.8168280945529393,2.9733359912375064,0.20915983203205893
-0.015400556904641283,0.6308327284876784,0.8144803192457045,2.971573026428914,0.20903482560074016
-0.01519695075826978,0.6307918745568158,0.8153364905865204,2.969811095023236,0.2089103626190231
-0.01498969741666464,0.630698898066203,0.8157701109643232,2.9680501941199084,0.20878565991941236
-0.014778846619632937,0.6305538652364983,0.814739465746174,2.966290323541605,0.20866160373106607
-0.014564448970353855,0.630356879416167,0.815157879890428,2.9645315010275515,0.20853826634198827
-0.014346555923234037,0.6301080810757165,0.8142444550674204,2.962773728255526,0.20841521315773462
-0.014125219771558973,0.6298076477997313,0.8116586190081172,2.961017021623251,0.20829350959706935
-0.01390049363494256,0.6294557942765571,0.8115361175892701,2.959261406377991,0.20817276332490423
-0.013672431446578825,0.6290527722854606,0.8119266070653532,2.957506883596732,0.20805172521059084
-0.013441087940298213,0.628598870681071,0.8123151639453424,2.955753445545647,0.20793048006985465
-0.013206518637431847,0.6280944153748449,0.8127026395154687,2.9540010878501657,0.2078091382948882
-0.012968779833486255,0.6275397693132784,0.8135685942528992,2.952249802949685,0.20768736076488528
-0.012727928584633416,0.6269353324525325,0.8145459820099985,2.9504995768921547,0.2075646002346201
-0.012484022694016795,0.6262815417291195,0.8149083775489356,2.948750379976352,0.20744067494844703
-0.012237120697879286,0.625578871026227,0.8152662993434437,2.9470022010902066,0.20731666018099462
-0.011987281851514901,0.624827831135235,0.8156214377979852,2.9452550349145246,0.2071923867590616
-0.011734566115047428,0.6240289697119188,0.8126760970280874,2.9435088798639013,0.2070689712192167
-0.011479034139040696,0.6231828712268037,0.8130353401056685,2.941763766458857,0.20694690354899975
-0.011220747249942082,0.622290156909056,0.8138651529176898,2.940019699043047,0.20682463375220025
-0.010959767435365296,0.6213514846832796,0.8142169567448329,2.938276670354949,0.20670209350573526
-0.01069615732921311,0.620367549098498,0.8145665032844908,2.9365346738468854,0.20657937160152806
-0.0104299801966455,0.6193390812485795,0.8149138631819381,2.9347937054910176,0.20645660683219488
-0.010161299918896655,0.6182668486832728,0.8152589425687947,2.9330537614959242,0.20633370470861026
-0.009890180977943584,0.6171516553089872,0.8124363030961064,2.9313148417845976,0.20621162355683884
-0.009616688441030563,0.6159943412783668,0.8131966442351463,2.9295769746254194,0.2060907642787468
-0.009340887945053711,0.6147957828676616,0.8104569031379317,2.9278401665146827,0.2059705897039277
-0.0090628456808082,0.613556892340804,0.8078367072079429,2.9261044505277067,0.2058526914492923
-0.008782628377102725,0.6122786177990749,0.808222374301671,2.9243698629023114,0.2057359176862418
-0.008500303284745079,0.6109619430151061,0.8091386925653454,2.922636404871586,0.205618676052967
-0.008215938160402265,0.6096078872499582,0.8097801316660235,2.9209040585185315,0.2055006594318942
-0.007929601250339076,0.6082175050518877,0.80701337710485,2.919172817278125,0.20538339899683958
-0.007641361274039455,0.6067918860353578,0.807399576736233,2.9174427128709066,0.2052676567699535
-0.0073512874077141304,0.60533215463877,0.8077843879488231,2.9157137495974066,0.20515162082837443
-0.007059449267698596,0.6038394698593033,0.8084655362698235,2.913985920447947,0.2050353599265189
-0.006765916893745615,0.6023150249631609,0.8088428259464564,2.9122592177674558,0.20491883079389364
-0.006470760732215893,0.6007600471694614,0.8092190330584421,2.9105336347478015,0.20480215065390775
-0.006174051619171285,0.599175797305894,0.8095946603365426,2.9088091687052127,0.20468550333210883
-0.00587586076337489,0.597563569434207,0.8102244741427322,2.9070858161634723,0.20456868632145134
-0.005576259729200537,0.5959246904434882,0.8108200826262092,2.905363570708222,0.20445164544421138
-0.005275320419458401,0.5942605196091265,0.8111835943022124,2.9036424259079507,0.204334460544858
-0.004973115058138158,0.5925724481152636,0.8115456329666589,2.901922378435369,0.2042172433880796
-0.004669716173075936,0.5908618985384587,0.8089562071092834,2.9002034301111883,0.20410097936518262
-0.0043651965785477765,0.5891303242902257,0.8093388080447583,2.8984856120557634,0.2039860904114176
-0.004059629357794616,0.5873792090160173,0.8097202531428273,2.896768930364732,0.20387118449094616
-0.0037530878454826388,0.5856100659481868,0.8114084095156776,2.8950533796917357,0.20375562321899526
-0.003445645610103291,0.5838244372103819,0.8117682373930615,2.8933389334222657,0.2036389524415608
-0.0031373764363174287,0.5820238930707853,0.812304494618788,2.8916255803964535,0.20352214827710058
-0.002828354307246835,0.580210031141579,0.8126579914822263,2.8899133149673557,0.20340518151086073
-0.00251865338671928,0.5783844755219746,0.8130047553395311,2.888202133386624,0.20328819177410057
-0.0022083480014689558,0.5765488758821348,0.8136854557414922,2.8864920323313252,0.20317103049108612
-0.0018975126232988744,0.5747049064853241,0.8142903815076595,2.8847830032039203,0.20305351127497195
-0.0015862218512076262,0.5728542651456173,0.8146370849200582,2.883075041348448,0.20293611633550224
-0.0012745503934863147,0.5709986721185426,0.8149770723345487,2.881368145608437,0.20281861771256987
-0.0009625730497887495,0.5691398689220892,0.815519297046117,2.8796623107484094,0.20270083434679007
-0.0006503646931797967,0.5672796170855663,0.81601032230386,2.8779575253360146,0.2025825249400172
-0.0003380002521664277,0.5654196968239122,0.8163427833164787,2.8762537799628625,0.2024640448786112
-2.555469271510735e-05,0.5635619056351675,0.8193853355931788,2.8745510647177954,0.20234431589448876
0.00028689699973979586,0.5617080568189753,0.8198494688031451,2.8728493359175826,0.20222277469119274
0.0005992798382918137,0.5598599779141492,0.8232897682872133,2.871148568304912,0.20209950695587342
0.0009115188525592728,0.5580195090535658,0.8235749824126725,2.8694487062494387,0.2019740079887697
0.0012235391066775477,0.5561885012348644,0.8240595234131908,2.8677497327625607,0.20184843378248415
0.0015352657172833127,0.5543688145057353,0.8243458474791125,2.866051643977658,0.20172284677655725
0.0018466238714864905,0.552562316062872,0.8246256089518331,2.864354438442875,0.20159718744378177
0.0021575388448245958,0.5507708782640167,0.8288189182462814,2.8626581044367954,0.2014697389205252
0.0024679360191964786,0.5489963765529122,0.8253388045202291,2.86096258364772,0.20134106373614813
0.002777740900770236,0.5472406872974113,0.8256024916302642,2.859267911656871,0.20121480088407093
0.0030868791378614725,0.5455056855414285,0.8297137849871055,2.8575740956882614,0.2010869145828452
0.003395276538777182,0.5437932426719421,0.8301684225154632,2.8558810732368953,0.20095632659153487
0.003702859089621459,0.5421052240027832,0.8308641270848065,2.8541888222071945,0.20082547957437452
0.004009552972058625,0.5404434862775053,0.8362673019214364,2.8524973222483814,0.20069196479507037
0.004315284581029086,0.5388098750942615,0.8324249545979937,2.850806497302534,0.20055689924937223
0.004619980542414225,0.5372062222562007,0.8331292592790727,2.8491163908332444,0.20042467361385818
0.004923567730645868,0.5356343430516173,0.8292353903743885,2.8474270265523156,0.20029425229861542
0.0052259732862562375,0.5340960334687038,0.8253234870551077,2.8457384831138754,0.20016902684459456
0.005527124633363496,0.5325930673505106,0.8214424461710859,2.8440508651503906,0.20004918232219498
0.005826949497089938,0.5311271934963959,0.81764218976509,2.842370494898839,0.20055723743961562
0.006125375920907509,0.5297001327169721,0.8184024424568265,2.840703694100478,0.20106965285645892
0.006422332283906975,0.5283135748502897,0.8147366890482548,2.839050470081273,0.2015845674817675
0.0067177473179867,0.5269691757476686,0.8112449462983002,2.8374109102830154,0.2021067094466575
0.007011550124956516,0.5256685542383265,0.807974940827544,2.8357851283937596,0.20263575152085672
0.00730367019355306,0.5244132890825682,0.8083852791366516,2.83417321610459,0.20316851270615324
0.007594037416362138,0.5232049159239648,0.8087961397069787,2.832575165392321,0.20370094347454143
0.007882582106644045,0.5220449242515254,0.8095713883902159,2.8309909419021557,0.20423287032149606
0.008169235015058228,0.520934754383387,0.8099811883794882,2.82942050314796,0.20476405843853995
0.00845392734628264,0.5198757944840312,0.8179307814783517,2.827863818989726,0.20529636873548773
0.008736590775524359,0.5188693776274276,0.8254636140796715,2.8263209110309115,0.20583129420220153
0.009017157464917193,0.5179167789188069,0.8258804214845699,2.824791780157158,0.2063664585983726
0.009295560079802511,0.5170192126880147,0.8262559283950186,2.8232763863407655,0.20690054471733052
0.009571731804889065,0.5161778297675097,0.8265848707501319,2.8217746818307257,0.2074337490406274
0.009845606360288568,0.5153937148680849,0.8269308092761477,2.820286623623878,0.2079661290078096
0.010117118017422343,0.5146678840653398,0.8238874484900985,2.8188121752992035,0.20849954368452636
0.010386201614795988,0.5140012824096892,0.824217755694368,2.8173513616597967,0.20903499693469824
0.010652792573637793,0.5133947816724123,0.8245749872714636,2.815904154276626,0.20956945762742013
0.010916826913397314,0.5128491782397876,0.8248389138006434,2.814470508651949,0.21010298167581842
0.011178241267100455,0.5123651911668353,0.8255441776348452,2.813050374812217,0.21063527921417746
0.011436972896557129,0.5119434604014845,0.8227320560799897,2.8116437115859765,0.21116829554689417
0.011692959707418252,0.511584545189236,0.8229483852254166,2.8102505330886136,0.21170282125666998
0.011946140264078009,0.5112889226674958,0.8231209040418566,2.808870804868754,0.21223603336271427
0.012196453804418089,0.5110569866577644,0.8318905189524126,2.8075044709333716,0.21276716686663155
0.012443840254390385,0.5108890466627974,0.8293169802464753,2.8061514528715334,0.2132968518612203
0.012688240242434404,0.5107853270747093,0.8375461107746609,2.8048117268638233,0.21382552910458358
0.012929595113726187,0.5107459665987607,0.837857928142156,2.8034851911718524,0.21435021439419732
0.01316784694425515,0.5107710178963055,0.8381702847914049,2.8021717778134483,0.21487374146422056
0.013402938554725652,0.510860447449053,0.8384834365378399,2.8008714363920313,0.2153960577407379
0.013634813524279659,0.5110141356454749,0.8435403458548132,2.79958411087623,0.21591583929017297
0.01386341620403752,0.5112318770888267,0.8413399739958969,2.7983097048727736,0.2164328419757054
0.014088691730453408,0.5115133811249243,0.8416474313834718,2.7970481739756616,0.21694947250693833
0.014310586038482368,0.5118582725864853,0.8419824765849058,2.795799472583926,0.21746470264322154
0.014529045874555628,0.512266092749578,0.8422759955750468,2.794563545146944,0.21797845733912255
0.01474401880936115,0.5127363004964623,0.8425888818059282,2.793340338945439,0.2184908944708131
0.01495545325042651,0.5132682736779767,0.8428977904876233,2.792129799829078,0.2190017980980184
0.015163298454500783,0.5138613106674899,0.8444683693787369,2.79093186968535,0.2195105195205691
0.015367504539732681,0.514514632097471,0.8447732239911376,2.7897464659141327,0.22001655710691767
0.015568022497641965,0.5152273827687965,0.8450775372569425,2.7885735280009367,0.22052123555848796
0.01576480420488129,0.5159986337221271,0.845381189720953,2.7874130031604083,0.22102453607807937
0.01595780243478545,0.5168273844599781,0.8433431357467763,2.7862648405541983,0.22152671973955174
0.016146970868705778,0.5177125653075562,0.8413315457228647,2.7851289966303754,0.22202793387328376
0.01633226410712613,0.5186530398999347,0.8393586031971515,2.7840054249838597,0.22252794710745852
0.016513637680558742,0.5196476077828458,0.8396773185443921,2.7828940736440657,0.22302645920777014
0.01669104806021659,0.5206950071141001,0.8377525649142796,2.7817948866602107,0.2235232528258742
0.016864452668460234,0.5217939174525604,0.8358776780742764,2.780707801297387,0.22401791552882275
0.017033809889015993,0.522942962621587,0.8362043896821771,2.779632748933005,0.22451051069033104
0.017199079076963917,0.5241407136339763,0.8365297972953208,2.7785696714171775,0.22500159061474703
0.017360220568492235,0.5253856916656251,0.8347110726992099,2.777518511707857,0.225490584295275
0.017517195690416446,0.526676371065445,0.8329399387290533,2.7764791928341324,0.22597658661293618
0.017669966769460862,0.5280111823894202,0.8335210300467519,2.7754516309004447,0.22645988470179929
0.017818497141299815,0.5293885154471838,0.8317982051282753,2.774435757431141,0.22694069759178181
0.017962751159356995,0.5308067223499697,0.8321653643814211,2.7734314872546317,0.22741859863565725
0.018102694203360584,0.532264120549396,0.8304908417815559,2.7724387491947042,0.22789373304266258
0.018238292687651727,0.5337589958571578,0.8308646433354889,2.7714574515634407,0.22836570147803403
0.01836951406924514,0.5352896054363369,0.8312018156502131,2.770487526341301,0.22883587338501307
0.01849632685563907,0.5368541807557646,0.8315749283575629,2.769528915443449,0.2293042683673434
0.018618700612373598,0.5384509304995296,0.831946729023295,2.768581560364734,0.22977084758821434
0.018736605970334424,0.5400780434244812,0.8323174313514475,2.767645401693701,0.2302355890666576
0.018850014632801664,0.5417336911592633,0.8326873633194993,2.766720381962557,0.23069860815809515
0.018958899382240726,0.5434160309391441,0.833056236184549,2.765806443064719,0.2311597669235893
0.019063234086834354,0.5451232082716112,0.8334237722748883,2.7649035263110138,0.23161912681147842
0.019162993706754297,0.5468533595283717,0.8337931467744518,2.764011571631757,0.23207648903193032
0.019258154300170666,0.5486046144600851,0.8341580058018041,2.7631305176055974,0.23253189696782406
0.019348693028997853,0.5503750986307697,0.8345254312925464,2.762260304185987,0.23298541264282419
0.019434588164375436,0.5521629357694614,0.8348916770695965,2.7614008712219684,0.2334369979741448
0.01951581909188334,0.5539662500372515,0.8353729584126662,2.760552158766978,0.23388669494954914
0.019592366316488852,0.555783168208405,0.8359406367348085,2.7597141104378826,0.23433472671134628
0.019664211467225513,0.5576118217647342,0.834315138774778,2.758886664987377,0.2347797813642785
0.01973133730160201,0.5594503489029008,0.8326518305205407,2.7580697156159677,0.23521989486179254
0.01979372770974032,0.5612968964547377,0.8309552322257494,2.757263141426026,0.23565489337751805
0.01985136771824198,0.5631496217210772,0.8315342507320114,2.756466823458547,0.23608593588650373
0.01990424349378158,0.5650066942199274,0.8298123027082941,2.755680682794792,0.23651364353581625
0.01995234234642698,0.5668662973501652,0.8303347730447957,2.7549046115259785,0.23693739695035224
0.019995652732684215,0.5687266299721969,0.8308218649889797,2.754138538776143,0.23735924848490034
0.020034164258268535,0.5705859079072724,0.8312732141253163,2.7533824053911076,0.23777910853159878
0.020067867680598733,0.5724423653573804,0.8317006444271398,2.7526361520196123,0.23819703726171138
0.020096754911015164,0.5742942562478216,0.8320836069635262,2.75189972074997,0.23861301354895248
0.0201208190167213,0.5761398554947025,0.832464638116588,2.751173050853884,0.23902685481629685
0.020140054222447176,0.5779774601997463,0.8328471847251254,2.750456081046001,0.23943866610222211
0.0201544559118358,0.579805390774905,0.8332292129154355,2.749748750874105,0.23984837899835107
0.020164020628550862,0.5816219919993181,0.8336109331835853,2.7490509985152625,0.24025594065184286
0.02016874607710617,0.5834256340112571,0.8339914789244062,2.748362762174346,0.24066140232113134
0.020168631123416863,0.5852147132376944,0.8341994092822252,2.7476839817554546,0.24106485490070612
0.020163675795071175,0.5869876532641718,0.8345810120979134,2.7470145986756935,0.24146629518724816
0.020153881281324292,0.58874290564765,0.8347247056011908,2.7463545533390032,0.24186570763963622
0.02013924993281234,0.5904789506749826,0.8352997419996029,2.7457037871018715,0.2422631362010332
0.020119785260988777,0.5921942980696645,0.8363175387825206,2.7450622355238137,0.24265716886864278
0.020095491937281447,0.59388748764944,0.8374178894354076,2.7444297796615724,0.24304526902066753
0.020066375791971396,0.5955570899373251,0.8359966231914039,2.7438062802130267,0.24342708582968678
0.020032443812793687,0.5972017067285388,0.8364698169647272,2.743191597257987,0.24380403777148027
0.019993704143260523,0.5988199716157653,0.8370571331071621,2.742585654533195,0.24417907128782093
0.01995016608070656,0.600410550475129,0.8376439482883007,2.7419883964996212,0.2445521547050298
0.019901840074057882,0.6019721419151438,0.836092902706544,2.7413997560619663,0.2449213489490321
0.019848737721324092,0.6035034776908759,0.8370344566983713,2.74081960333365,0.24528412638774422
0.019790871766815016,0.6050033230854351,0.8374769706417645,2.7402478038335656,0.24564224034470142
0.019728256098081796,0.6064704772608434,0.8379219034760326,2.739684277676439,0.24599791023897874
0.01966090574258454,0.6079037735802614,0.8363504213795949,2.7391289502788285,0.24634938002061432
0.01958883686408518,0.6093020799034361,0.8367822200104336,2.7385816953553253,0.24669576464838797
0.019512066758768615,0.6106642988571764,0.8372135733654883,2.7380424310623233,0.24703979940921258
0.01943061385109165,0.6119893680825669,0.8354531562065606,2.7375110850644755,0.24737974121449077
0.019344497689361105,0.613276260460549,0.8358721948622099,2.7369875379111157,0.2477150270206791
0.019253738941042403,0.6145239843174148,0.8368966758621841,2.7364717038441833,0.24804615100364522
0.01915835938779953,0.615731583611678,0.8351259646227613,2.7359634467867453,0.2483704669405785
0.019058381920267438,0.6168981381037154,0.8355483884449957,2.735462629869514,0.24869007384448716
0.01895383053255837,0.618022763509475,0.8359764066707206,2.7349691767049262,0.24900740249467737
0.018844730316503567,0.6191046116394994,0.8364017255618172,2.73448302585446,0.24932234143894205
0.018731107455631054,0.6201428705244107,0.8368240672783904,2.734004114500876,0.24963483512790277
0.018612989218882187,0.6211367645279616,0.8372433560415913,2.733532380342231,0.24994504308341886
0.018490403954066773,0.6220855544486589,0.8377737799677765,2.7330677574913524,0.2502514913305516
0.01836338108105977,0.6229885376109292,0.8384250439567461,2.7326101297025702,0.2505531765653796
0.018231951084741266,0.6238450479467084,0.8388641615346752,2.732159422339874,0.25085265723507827
0.018096145507679216,0.6246544560682904,0.839299777612207,2.7317155748647353,0.2511496977920072
0.017955996942560306,0.625416169333206,0.8397320136628794,2.7312785243745816,0.2514442452026084
0.01781153902436745,0.6261296319018483,0.8379045375527744,2.730848199126582,0.2517347604209278
0.017662806422307577,0.6267943247885058,0.8383172353384313,2.730424481446092,0.2520203305080514
0.017509834831491287,0.6274097659064015,0.8363487796276673,2.730007284475712,0.252302102195716
0.017352660964366,0.6279755101073211,0.8363462703886357,2.729596501172495,0.2525796394297589
0.01719132254190543,0.6284911492163059,0.8362759005367144,2.729192064110296,0.25285521582793935
0.017025858284556435,0.6289563120619075,0.8366747836426928,2.7287939208380307,0.2531287187918439
0.016856307902946642,0.6293706645024002,0.8365399073843103,2.728402015358949,0.2533999925794271
0.01668271208835361,0.629733909448338,0.8369359313039029,2.728016290534872,0.2536690100128782
0.016505112502939595,0.6300457868817838,0.8348333034917396,2.727636682884147,0.25393458002529024
0.016323551769752743,0.6303060738725118,0.8349500615644213,2.7272630840744885,0.25419423234710614
0.016138073462497248,0.6305145845914244,0.835353578086863,2.7268953593293164,0.25444880210936555
0.01594872209507679,0.6306711703214192,0.8357583288340659,2.726533432521052,0.25470105258407993
0.01575554311091033,0.6307757194658635,0.8361597223727112,2.726177246220238,0.25495104887793907
0.015558582872026978,0.6308281575548339,0.8367509342705797,2.7258267449704765,0.2551989090498541
0.015357888647938585,0.6308284472492226,0.8373399217857699,2.7254818749501744,0.2554447023786742
0.015153508604295464,0.6307765883427704,0.8353750840466087,2.7251425780760594,0.255687033529579
0.014945491791327179,0.630672617762085,0.8333967617686395,2.7248087449350398,0.2559238051424175
0.014733888132070246,0.6305166095646207,0.8329224004007596,2.724480251363141,0.2561545296212036
0.014518748410387057,0.6303086749345955,0.833341621728587,2.724156966516412,0.25638036772600176
0.014300124258778272,0.6300489621767835,0.8330136858875722,2.7238388076214664,0.2566020874298742
0.014078068145990793,0.6297376567080554,0.8324257168662257,2.723525647976485,0.2568172233120609
0.013852633364425684,0.629374981046551,0.832334713938295,2.72321734387132,0.25702527956896865
0.013623874017348462,0.62896119479828,0.8329437095604045,2.722913749104738,0.25722809436713423
0.013391845005904386,0.6284965946409602,0.8325013394977272,2.722614782994722,0.25742688648291306
0.01315660201594232,0.6279815143048183,0.8330736224390198,2.7223203256130737,0.25762052348528863
0.012918201504650707,0.6274163245500756,0.8324114091654216,2.7220302891483863,0.257809400629388
0.012676700687007828,0.6268014331407731,0.8329843932222452,2.7217445355723537,0.2579923481448091
0.012432157522050787,0.6261372848145728,0.8323242982840844,2.7214629713196494,0.2581704826467707
0.012184630698965184,0.6254243612481043,0.8319860719202535,2.7211854473717234,0.2583405673570155
0.011934179623000444,0.624663181017407,0.8325918591330521,2.7209118103777565,0.2585051063890039
0.011680864401212576,0.6238542995529429,0.8331942534802189,2.720641982099713,0.2586670769421023
0.01142474582803891,0.6229983090886417,0.8337992428980545,2.7203759023337075,0.2588263444698168
0.011165885370707526,0.6220958386043439,0.8343943067587265,2.720113510103467,0.2589830066088237
0.010904345154485563,0.6211475537610187,0.8349908862432225,2.719854745839841,0.259137013809302
0.010640187947769582,0.620154156827994,0.8355855304491736,2.719599549875268,0.2592884611085297
0.01037347714702113,0.6191163866014763,0.8351554702648089,2.7193478513369786,0.2594348202836358
0.010104276761552079,0.618035018313498,0.8357579855964303,2.7190995056001728,0.25957510575959114
0.00983265139816281,0.6169108635304064,0.8363384182289566,2.7188544377500947,0.2597131288877509
0.009558666245636654,0.6157447700399569,0.8369147574326287,2.7186125912120582,0.25984856583666127
0.009282387059095001,0.6145376217259596,0.8364163659108277,2.7183738962489445,0.2599790162462766
0.009003880144216497,0.613290338429424,0.8358616477724624,2.718138198490114,0.26010088760671923
0.008723212341323755,0.6120038757950108,0.8364043009802263,2.7179053343739135,0.26021672688030323
0.008440451009342272,0.6106792251015818,0.8357832974050424,2.7176752135557303,0.26032768949605184
0.008155664009634371,0.6093174130755251,0.8363077482109569,2.717447696087349,0.2604325417112814
0.007868919689712973,0.6079195016854751,0.8368281027876182,2.717222705145338,0.2605350994708707
0.007580286866838378,0.6064865879169644,0.8373426803072348,2.7170001883961112,0.26063517344379533
0.007289834811502688,0.6050198035254571,0.8378524452052697,2.7167800913216116,0.26073283270827063
0.006997633230804867,0.6035203147661442,0.8374776976995705,2.7165623634896923,0.2608285210854898
0.006703752251721689,0.6019893220987798,0.8379785914893001,2.7163469677746637,0.2609225397227837
0.006408262404277497,0.6004280598657649,0.8384777175437979,2.7161338582408336,0.2610142769774136
0.006111234604617153,0.598837795941605,0.838972302962365,2.715922982876455,0.26110356114172584
0.005812740137986914,0.5972198313517715,0.8394591048044138,2.7157142895986355,0.2611905587684499
0.005512850641625889,0.5955754998589159,0.8386590604893254,2.7155077185735332,0.2612731312721928
0.005211638087573639,0.5939061675143121,0.8379753789833831,2.7153031315398874,0.2613478273669241
0.004909174765397282,0.592213232172313,0.8384894568123946,2.7151003769291475,0.26141676627226
0.004605533264842354,0.5904981229655337,0.8390440249323461,2.7148993833094575,0.26148366757890923
0.004300786458411284,0.588762299738394,0.8386684833910809,2.714700112000099,0.26154906041990106
0.003995007483874856,0.587007252436606,0.8380405475874646,2.714502518992683,0.26161043007721496
0.0036882697267191667,0.5852345004500897,0.8385469297905231,2.714306477077265,0.26166601067672707
0.003380646802533585,0.5834455919067938,0.8397745553035947,2.7141119171305363,0.2617196464210058
0.0030722125393431174,0.5816421029147983,0.840331826669189,2.7139188009856547,0.26177168790976496
0.0027630409598905087,0.5798256367500981,0.8408198875169948,2.7137270944543297,0.2618219787863301
0.002453206263870788,0.5779978229873716,0.8413153194139072,2.7135367542858773,0.2618701168985039
0.002142782810123544,0.5761603165710922,0.8418190184225662,2.7133477338254846,0.26191600997708714
0.0018318450987877637,0.5743147968242979,0.8423717039882339,2.7131599874167662,0.26195996948019235
0.0015204677534215712,0.5724629663923585,0.8428726249624687,2.7129734786859903,0.26200224974648334
0.001208725503093074,0.5706065501191367,0.8433711392445502,2.7127881651187327,0.26204228857175865
0.0008966931644460644,0.568747293852971,0.8438695711150755,2.712604000985888,0.26208024366127786
0.0005844456237439064,0.5668869631799973,0.8443694982666959,2.7124209411493734,0.2621159768145898
0.00027205781889758405,0.5650273420824273,0.8456331088292215,2.71223893937595,0.26214966479699386
-4.0395278519262946e-05,0.5631702315195242,0.844886363426793,2.712057945247559,0.2621792070503
-0.00035283868126313565,0.5613174479291759,0.8453872428228338,2.7118778363533287,0.2622032543473196
-0.0006651974044171174,0.5594708216481555,0.8458812523105793,2.7116985475626274,0.2622252403167403
-0.000977396483387073,0.5576321952493549,0.8449772536398973,2.7115200240077604,0.2622429132400625
-0.0012893609918926475,0.555803421794553,0.845474294682034,2.7113421452536777,0.2622551713924813
-0.0016010160599493203,0.5539863630015474,0.8443991881488631,2.711164835839589,0.2622633181949472
-0.0019122868918366488,0.5521828873247928,0.8449139842143786,2.7109879820874956,0.26226634021138273
-0.002223098784049281,0.550394867949074,0.8454287149639317,2.7108115216995525,0.2622673367821631
-0.0025333771432249933,0.5486241806960878,0.8441559545481451,2.710635404178068,0.26226443180727993
-0.002843047504046927,0.5468727018442944,0.8446697617505162,2.7104595226608152,0.2622566507103767
-0.0031520355471150027,0.5451423058628209,0.845180810471397,2.710283815463249,0.2622467036241962
-0.0034602671167821317,0.5434348630607394,0.8456904424019894,2.7101082392802875,0.26223463802343755
-0.003767668238951072,0.541752237153562,0.8461967685304779,2.709932752111437,0.26222049092817823
-0.0040741651388281706,0.5400962827493899,0.8466724492378943,2.709757311887572,0.26220424607242515
-0.004379684258628663,0.5384688427577466,0.8450997012608298,2.7095818693000258,0.262184463951522
-0.004684152275230324,0.5368717457247837,0.8457517588985293,2.709406334201338,0.26216068408564647
-0.004987496117770726,0.5353068030991918,0.8439247289012473,2.7092306526111907,0.26213405415184415
-0.005289642985183726,0.5337758064338458,0.8418357761625503,2.709054742035892,0.2621027753144097
-0.005590520363671539,0.5322805245289255,0.8394816686882274,2.7088785186034725,0.26206772972942366
-0.005890056044107586,0.5308227005229357,0.8407965721888185,2.708701917929514,0.2620300304550321
-0.006188178139366367,0.5294040489388138,0.8412044781243297,2.7085248981059133,0.26199048898490446
-0.006484815101576098,0.5280262526929701,0.8385318328062984,2.708347423869815,0.26194905370215366
-0.006779895739289781,0.5266909600758733,0.8391901818983029,2.708169457039425,0.2619058254487235
-0.0070733492345707505,0.525399781713418,0.8404312211431064,2.7079909672554052,0.2618610507234201
-0.007365105159988782,0.5241542875190179,0.83747903820239,2.707811923537126,0.2618148264852686
-0.00765509349552232,0.5229560036469604,0.8352120715212933,2.7076322997109683,0.2617667604767994
-0.007943244645362777,0.5218064094581399,0.8321875593666528,2.707452050763594,0.26171694588551153
-0.0082294894546174,0.520706934509812,0.8333334613901375,2.7072711647146215,0.26166661354224496
-0.008513759225905982,0.51965895558146,0.8301216454983906,2.707089625152378,0.2616158391970106
-0.008795985735847958,0.5186637937492428,0.8267957308015824,2.706907445141883,0.2615663490784829
-0.009076101251435717,0.517722711521799,0.8270638400519548,2.706724653344308,0.26151764768981667
-0.009354038546290095,0.5168369100503696,0.824588180774013,2.70654124567921,0.26146806597413913
-0.009629730916794487,0.5160075264263346,0.8221440525355085,2.706357202961564,0.2614174008481002
-0.009903112198103373,0.5152356310792389,0.8190942442158983,2.7061725118078184,0.26136703416399903
-0.010174116780021485,0.5145222252882707,0.8168337344926062,2.705987201737515,0.26131791204440347
-0.01044267962275006,0.5138682388199655,0.8140602234934581,2.705801281609125,0.26126954776431116
-0.010708736272495993,0.5132745277045188,0.811571054621358,2.7056147893403213,0.26122301538539117
-0.010972222876940465,0.5127418721626769,0.8119265794484174,2.705427743334566,0.2611766159811947
-0.01123307620056318,0.512270974694565,0.8094953150448371,2.705240146738081,0.2611311755077542
-0.011491233639818644,0.5118624583411469,0.8072838102713623,2.7050520466044716,0.2610886606791607
-0.011746633238160638,0.5115168651281894,0.8053325674903196,2.7048635013473583,0.26104895894631125
-0.011999213700911506,0.5112346547017047,0.8060206415601364,2.7046745598666093,0.2610106212064652
-0.012248914409972642,0.5110162031628512,0.8070753107202381,2.704485223466503,0.26097160334711605
-0.012495675438372477,0.510861802109159,0.8075283937022274,2.7042954770068297,0.2609317726082725
-0.012739437564648697,0.5107716578878051,0.8085346410427902,2.704105308632881,0.2608913310586286
-0.012980142287061095,0.5107458910654099,0.8094972155343073,2.703914702423168,0.2608499405432793
-0.01321773183763173,0.510784536117564,0.8099757177632405,2.703723642102453,0.26080782226919214
-0.013452149196008944,0.5108875413399535,0.8104560138765684,2.7035321170055524,0.2607651291166752
-0.013683338103151971,0.5110547689816303,0.810938477781258,2.703340113579763,0.26072174464044695
-0.013911243074832848,0.511285995599616,0.8114227146320134,2.7031476234593392,0.26067792098439696
-0.014135809414952358,0.5115809126326996,0.8119083932226069,2.702954634710417,0.2606333641129721
-0.014356983228666817,0.5119391271909587,0.8123957463058379,2.7027611352648844,0.26058818899871633
-0.014574711435322666,0.5123601630562881,0.8109873442511202,2.702567120487493,0.2605436904886465
-0.01478894178119537,0.5128434618879644,0.811900558099598,2.702372621338124,0.2605002369390125
-0.014999622852030317,0.5133883846261682,0.8124199905419739,2.702177634391676,0.26045602783785915
-0.015206704085381826,0.5139942130852546,0.8097547462226923,2.701982157165292,0.2604130798560725
-0.01541013578274789,0.514660151727636,0.8102757520051742,2.701786244757325,0.26037247463006125
-0.015609869121497637,0.5153853296082068,0.8109186121955664,2.701589908717167,0.26033145358592924
-0.015805856166588608,0.5161688024784966,0.8115591329666162,2.7013931395941704,0.2602898462487593
-0.01599804988207066,0.5170095550390416,0.8120766488452065,2.701195926544907,0.26024772809908936
-0.01618640414237472,0.5179065033279286,0.8125944652029765,2.7009982628860723,0.2602052659877859
-0.016370873743382416,0.5188584972330289,0.8131133453478278,2.7008001405075106,0.26016225700827134
-0.016551414413275015,0.5198643231151094,0.8122048071791013,2.70060155558355,0.26011992149310154
-0.016727982823158325,0.520922706528822,0.8127547625853238,2.7004025409028185,0.2600789700119043
-0.0169005365974616,0.5220323150284877,0.8121240466750028,2.700203106850086,0.2600386037165735
-0.017069034324107217,0.5231917610455925,0.8126995562449361,2.7000032794403337,0.25999923284705423
-0.01723343556444972,0.5243996048250663,0.8132735313025979,2.6998030611242396,0.25995949465017554
-0.017393700862980498,0.5256543574076249,0.8138862500574895,2.6996024444738835,0.25991930260346513
-0.017549791756797235,0.5269544836457721,0.8147245296935864,2.699401419937764,0.2598785159998205
-0.017701670784834693,0.5282984052414569,0.8152875341620922,2.6991999763642283,0.25983719721809023
-0.01784930149685516,0.5296845037938429,0.8158495812006505,2.69899810658475,0.25979558294480026
-0.017992648462196444,0.5311111238461842,0.8155738166983563,2.6987958104280505,0.25975460854161003
-0.018131677278274926,0.5325765759213896,0.816154455990799,2.6985931157550005,0.25971477214688593
-0.01826635457884216,0.5340791395364661,0.816733629825349,2.698390029072079,0.25967485288188175
-0.01839664804199244,0.5356170661867299,0.8143560883770561,2.698186562805485,0.259637494082647
-0.018522526397920024,0.5371885822913272,0.8149230939712518,2.697982809196438,0.2596040295065293
-0.018643959436423815,0.5387918920923441,0.8154888135577958,2.697778792829944,0.2595704586215227
-0.01876091801415738,0.5404251805004792,0.8160543234665759,2.697574512020211,0.2595367558410553
-0.018873374061623573,0.5420866158809798,0.8166216120002122,2.697369964461734,0.25950285907732484
-0.01898130058991078,0.5437743527742563,0.8171889790054803,2.697165145414435,0.2594686686155741
-0.019084671697170236,0.5454865345462817,0.8172585112825362,2.6969600547515316,0.2594351933505758
-0.019183462574832506,0.5472212959645718,0.8175458533301277,2.69675472657785,0.25940382020996633
-0.01927764951356097,0.5489767656961891,0.8181694764428511,2.6965491977067657,0.2593736700147367
-0.019367209908942733,0.5507510687248743,0.8186995727715722,2.6963434810218025,0.2593441945710833
-0.01945212226691255,0.5525423286849768,0.816184564487591,2.6961376182094114,0.25931953286589554
-0.019532366208912254,0.5543486701104501,0.8167771009769037,2.6959317555333753,0.25930142483614493
-0.019607922476780858,0.556168220597712,0.8176050105082427,2.6957259589838287,0.25928488968637636
-0.019678772937376906,0.557999112881655,0.8150002789073265,2.6955202786284045,0.2592740766314111
-0.019744900586929823,0.5598394868245666,0.8157043982459364,2.695314890980893,0.25927061655429795
-0.01980628955512117,0.5616874913181428,0.8162864405885816,2.6951098446844046,0.25926714295016196
-0.019862925108893276,0.563541286099154,0.8169901665507454,2.6949051377501627,0.25926353723053125
-0.019914793655985048,0.5653990434796883,0.8177023919941987,2.6947007663340456,0.259259822306538
-0.019961882748194226,0.5672589499931852,0.8184147385424481,2.6944967293400666,0.2592561591802913
-0.02000418108436474,0.5691192079577776,0.8191364372356019,2.694293025907509,0.2592523480791771
-0.020041678513098855,0.5709780369586804,0.8198630910426757,2.694089651299884,0.25924832358223526
-0.020074366035193775,0.5728336752515835,0.8207250043732314,2.6938865997205172,0.259244009166187
-0.02010223580580104,0.5746843810891819,0.8214552112793575,2.6936838645804846,0.2592394116069717
-0.0201252811363095,0.5765284339731346,0.8221901957038498,2.6934814408082253,0.259234614119671
-0.02014349649595039,0.5783641358338444,0.8197292084746213,2.6932793513511912,0.25923523728303327
-0.020156877513124973,0.5801898121405729,0.820445220051874,2.693077789419342,0.2592441539305946
-0.020165420976453293,0.5820038129444625,0.818046729351164,2.692876836445132,0.25925886799548253
-0.02016912483554509,0.5838045138570888,0.818743813117847,2.692676697327255,0.25928245825715346
-0.020167988201492033,0.585590316967212,0.8194472910051048,2.692477428626332,0.25930594129333767
-0.020162011347080896,0.5873596516983822,0.8201567394446443,2.692279025136976,0.259329230183194
-0.020151195706727926,0.5891109756100964,0.8208717610175987,2.6920814833013194,0.2593525179914251
-0.020135543876135045,0.5908427751451312,0.8215925636807204,2.6918848007506457,0.259375731775852
-0.02011505961166627,0.5925535663257102,0.8223193282893845,2.6916889731129254,0.2593987361427375
-0.020089747829446898,0.5942418954010665,0.823050814188334,2.691493995020415,0.25942161282070625
-0.020059614604183065,0.5959063394489523,0.8237890772888793,2.6912998629544123,0.25944444243479264
-0.0200246671677043,0.5975455069335764,0.8245315696372254,2.6911065730127417,0.2594670236245325
-0.019984913907227436,0.5991580382223815,0.8224735709698054,2.690914149400958,0.25949583679059013
-0.019940364363344426,0.6007426060640108,0.823198049130118,2.690722817327899,0.2595345047146093
-0.019891029227731692,0.6022979160297403,0.823930261082478,2.690532638892922,0.259573059763798
-0.01983692034058506,0.6038227069205667,0.8250458942055132,2.6903436156709777,0.25961265158463354
-0.01977805068777778,0.6053157511420669,0.8258213041360422,2.690155781663755,0.25965370536771154
-0.019714434397743796,0.6067758550490658,0.8266007190582172,2.6899691410175692,0.259694573445515
-0.019646086738087543,0.6082018592620506,0.8273816341756377,2.6897836883723616,0.2597352804541515
-0.019573024111919142,0.6095926389572052,0.828234279815674,2.6895994162084764,0.25977556748534325
-0.019495264053918143,0.6109471041318307,0.8294922089117501,2.689416317418585,0.2598164820557421
-0.019412825226125204,0.6122641998468701,0.8302929989853647,2.689234420928789,0.2598587651911423
-0.01932572741346327,0.613542906448114,0.8315212669852677,2.6890537361476206,0.25990199102091827
-0.01923399151898938,0.6147822397676498,0.832361154635259,2.688874297222211,0.2599467231153112
-0.019137639558877786,0.6159812513069821,0.833495224163514,2.68869611407208,0.2599924670747004
-0.019036694657136487,0.6171390284032033,0.8344678237704969,2.6885192327512017,0.2600415203628864
-0.018931181040057147,0.618254694379504,0.8324869180989599,2.6883437535970924,0.2601007568841727
-0.018821124030401596,0.6193274086812441,0.8332794321471299,2.6881699695797923,0.2601719996209832
-0.01870655004132382,0.620356366998725,0.8340403593703475,2.6879979533251865,0.26024298533285395
-0.01858748657003114,0.6213408013777457,0.8327010319956476,2.687827739192429,0.2603220700305629
-0.018463962191185165,0.6222799803189403,0.8334266912179368,2.6876596076532753,0.2604133651498291
-0.018336006550043974,0.6231732088668525,0.8341461023423478,2.6874936379292227,0.26050484814290287
-0.01820365035534704,0.6240198286896129,0.8345399576022655,2.6873298396223606,0.26059864297334884
-0.018066925371945878,0.6248192181500408,0.8352312200901265,2.6871682881867804,0.2606958161876784
-0.017925864413180233,0.6255707923689389,0.835893327463314,2.687009000096133,0.2607929121521226
-0.017780501333003004,0.6262740032812693,0.8365669058145346,2.686851969389928,0.26088999032788746
-0.01763087101785572,0.6269283396858732,0.8372306830405254,2.6866971960045096,0.26098752858240354
-0.01747700937829575,0.6275333272893283,0.8378866898879097,2.6865446857834976,0.2610855124517983
-0.017318953340378026,0.6280885287444863,0.8378908858571382,2.6863944526148265,0.26118627824096136
-0.01715674083679297,0.6285935436841995,0.8373043111302735,2.6862466309819824,0.26129976719131137
-0.016990410797762666,0.6290480087506846,0.8378932966739115,2.686101543681401,0.2614261325946458
-0.016820003141698254,0.6294515976209348,0.8384779279737655,2.6859592734718483,0.26155286848204423
-0.016645558765619045,0.6298040210285489,0.8390549073090166,2.6858198255075263,0.26168019245296065
-0.016467119535338092,0.6301050267822952,0.8392639776580821,2.685683246603495,0.2618161263745773
-0.016284728275413957,0.6303543997817095,0.8398230718658598,2.6855498221847602,0.26196467006857654
-0.01609842875887358,0.6305519620299586,0.8403669913788967,2.6854196389877334,0.2621138770825815
-0.015908265696706697,0.6306975726441822,0.8409823918432727,2.6852927015901478,0.2622633855418277
-0.015714284727135375,0.6307911278634935,0.8415198561576754,2.68516900486889,0.262413066496769
-0.015516532404661066,0.6308325610547529,0.8420468406314057,2.685048554214198,0.26256356396775354
-0.015315056188892118,0.6308218427162374,0.8425724917715723,2.6849313569540203,0.26271449823777787
-0.015109904433153014,0.6307589804792442,0.8430895388794588,2.684817410786348,0.2628656926167489
-0.014901126372880503,0.6306440191076796,0.8435022301574553,2.684706760561355,0.26302564000355555
-0.014688772113806793,0.6304770404956099,0.8422101487447884,2.684599712162329,0.26320201509482943
-0.014472892619934648,0.6302581636627371,0.8426603892632493,2.684496484378031,0.2633847527425485
-0.014253539701306491,0.62998754474772,0.8409322316367499,2.684397142078691,0.2635723609501589
-0.014030766001569788,0.6296653769992354,0.8415460030119303,2.6843018339017637,0.2637664827599832
-0.013804624985343137,0.6292918907646201,0.8420199777534761,2.684210593297942,0.263960488579467
-0.013575170925384895,0.6288673534759089,0.8424132541054142,2.6841234137220544,0.2641549360762134
-0.013342458889568025,0.6283920696330529,0.842801137531842,2.6840403027637922,0.2643503041905301
-0.013106544727664055,0.6278663807840493,0.8441690777431778,2.683961310061056,0.26455443563337216
-0.012867485057939405,0.6272906655016777,0.844538013914558,2.6838867177375905,0.26477111076678617
-0.012625337253567353,0.6266653393565162,0.8448993414767006,2.6838166134102694,0.26498877207857047
-0.012380159428858537,0.6259908548858327,0.8452473364537394,2.6837510080717073,0.2652074238122376
-0.01213201042531387,0.6252677015579404,0.845590147837803,2.6836899128295006,0.2654271327626943
-0.011880949797503251,0.6244964057315345,0.8459214777185712,2.683633338394583,0.2656477180604356
-0.011627037798772125,0.6236775306094979,0.8462496218092268,2.683581294547518,0.2658693433949788
-0.011370335366781283,0.6228116761865993,0.8435425455322901,2.683533816752307,0.2660967283174944
-0.011110904108882352,0.6218994791904746,0.8404646238969685,2.683491105014963,0.26633697088450997
-0.010848806287331739,0.6209416130152154,0.8407008474824671,2.6834533840589656,0.2665853670898183
-0.01058410480434859,0.6199387876468282,0.8409314609721342,2.6834207123950122,0.2668348602432412
-0.010316863187018197,0.618891749579807,0.8374787822660836,2.6833931252914605,0.2670902445609325
-0.01004714557204591,0.6178012817239453,0.8337867738394522,2.6833708299286365,0.2673591058975437
-0.009775016690364565,0.6166682033005052,0.8299343447414042,2.683354085884887,0.26764138217279443
-0.009500541851599572,0.615493369726769,0.8260057091289671,2.6833431453179055,0.26793660317788626
-0.009223786928394612,0.6142776724879303,0.8261692002881499,2.683338229394149,0.26823994286153735
-0.008944818340602933,0.6130220389952353,0.826332162856594,2.683339395360514,0.2685443761784989
-0.008663703039346337,0.6117274324291837,0.8269444333692716,2.683346649378607,0.2688493750163763
-0.0083805084909478,0.6103948515665547,0.8271051550442337,2.6833599836088924,0.2691546825367627
-0.008095302660739594,0.6090253305899221,0.8272641195430904,2.68337940096473,0.26946094212455046
-0.007808153996751818,0.6076199388782679,0.8274238561049692,2.683404908102935,0.26976818239452616
-0.007519131413285548,0.606179780777194,0.8275828400131897,2.683436512384838,0.27007633197826997
-0.0072283042743734194,0.6047059953471993,0.8277399224685279,2.6834742190767202,0.27038535857782936
-0.006935742377132708,0.6031997560883449,0.8281466771761233,2.6835180314814755,0.27069484645423353
-0.006641515935014481,0.6016622706395967,0.8283014145636423,2.6835679402493073,0.2710045771832553
-0.006345695560952433,0.6000947804510325,0.8284573627852801,2.683623948048491,0.27131535989854894
-0.006048352250416371,0.5984985604270017,0.8286130405597449,2.6836860597643435,0.2716267015233624
-0.005749557364373502,0.5968749185382707,0.8287698206755875,2.6837542748476957,0.271938769651532
-0.005449382612162253,0.5952251954010818,0.8289227767377839,2.6838285951104495,0.27225146432322406
-0.005147900034282218,0.5935507638209704,0.8250797282276864,2.6839090449041625,0.27256941080486197
-0.0048451819851048706,0.5918530282991309,0.8256885431918514,2.6839957789789333,0.27289418424606354
-0.004541301115509067,0.5901334244990035,0.8258567848007817,2.6840888265233898,0.27321894000778046
-0.004236330355444639,0.5883934186707305,0.8221357625279841,2.6841882048679384,0.27354859247710245
-0.0039303428964301635,0.5866345070310164,0.822326958521101,2.684294061472563,0.2738851975755006
-0.0036234121739870044,0.5848582150959001,0.8229393510101833,2.684406435293751,0.274221922307581
-0.0033156118500152912,0.5830660969638729,0.8270603648813584,2.6845253394250337,0.27456440418726236
-0.0030070157951151122,0.5812597345467444,0.8272257946791644,2.684650967550982,0.27491594923402163
-0.002697698070858422,0.5794407367456027,0.8318810972038698,2.6847834020899897,0.2752734152746836
-0.0023877329120143348,0.5776107385692251,0.8320233816811702,2.684922822432837,0.27563914719249794
-0.0020771947087329535,0.5757714001922473,0.8321660387170481,2.6850692778793843,0.2760055382713215
-0.0017661579886924525,0.5739244059504334,0.8323090863026448,2.6852227679613927,0.27637256821286516
-0.00145469739921261,0.5720714632703922,0.8283034015534353,2.6853833093724795,0.27674403938769193
-0.0011428876893399133,0.5702143015311381,0.8284662018832138,2.6855510344252265,0.27712178754565964
-0.0008308036919078378,0.5683546708549384,0.8286296742836227,2.6857259767870514,0.2775000482831167
-0.0005185203055778223,0.566494340824993,0.8290273430545861,2.685908130942843,0.27787846472796396
-0.0002061124768635403,0.5646350991275754,0.8346492177288759,2.6860974976512737,0.27826053718960936
0.00010634481785578908,0.5627787501164261,0.8306462740285099,2.6862942165969184,0.2786521784422752
0.00041877659032923254,0.56092711329731,0.831002482595553,2.686498440623425,0.2790491603904457
0.0007311078584311609,0.5590820217308876,0.8311690718652649,2.6867101837932195,0.2794458901862037
0.0010432636641564015,0.5572453203522345,0.8313376047396882,2.686929433043011,0.2798428448839995
0.001355169091610088,0.5554188642056205,0.8315079043149972,2.6871561777158415,0.28024006039992994
0.001666749284986819,0.5536045165934451,0.8316792198766476,2.687390408348276,0.28063753503556876
0.0019779294665357673,0.551804147138547,0.8318523447286355,2.68763211526002,0.2810352470786511
0.0022886349545071746,0.5500196297594925,0.8320267417553957,2.687881285943762,0.28143300032026947
0.002598791181075324,0.5482528405588049,0.8384868673368128,2.688137921067861,0.28183349357417925
0.002908323710234654,0.5465056556245953,0.8346817980711839,2.688402112124407,0.2822410342487799
0.0032171582556639404,0.5447799487464764,0.8412660086162826,2.6886739892108844,0.28265483384681234
0.003525220698554828,0.5430775890471946,0.8414191285338584,2.6889536180034925,0.2830706006209676
0.003832437105399688,0.5414004385319434,0.8376837710787421,2.689241006594025,0.28348888761483715
0.004138733745735659,0.5397503495579222,0.8378657023183406,2.689536230299706,0.28391099435606715
0.004444037109839326,0.5381291622272997,0.8342985477653481,2.6898393072344993,0.28433527817363186
0.004748273926368787,0.5365387017074099,0.834513630750125,2.690150302007322,0.284762932256477
0.005051371179948505,0.5349807754826555,0.8347297013572389,2.690469216721378,0.2851902591801974
0.005353256128692505,0.5334571705433019,0.8314156065826357,2.6907960363608687,0.28561908194432045
0.005653856321662245,0.5319696505170374,0.8316650816787219,2.6911308104505456,0.28605076444380256
0.005953099616254294,0.5305199527498977,0.8319824857807596,2.6914735343349276,0.2864817177884617
0.00625091419551441,0.5291097853438654,0.8322603714133947,2.691824172613296,0.28691150500523743
0.0065472285853731445,0.5277408241591723,0.829188914966557,2.6921826974210705,0.28734237871171525
0.006841971671799276,0.5264147097900276,0.8294673186324035,2.69254914645074,0.2877754766624371
0.007135072717866914,0.5251330445231853,0.8297463322053525,2.6929235116609336,0.288208029157531
0.00742646138073191,0.5238973892894074,0.8300266413575167,2.6933057627965247,0.2886397270659896
0.007716067728513944,0.522709260618479,0.8303081186025921,2.6936958679669583,0.2890706812430768
0.008003822257079646,0.5215701276090359,0.8305903223451727,2.6940937972936356,0.2895009542849268
0.008289655906723498,0.5204814089249133,0.8308761797761072,2.6944995210899836,0.2899304805215989
0.00857350007874163,0.5194444698302191,0.8314877467563154,2.694913008014379,0.29035913773081024
0.008855286651895247,0.5184606192756622,0.8317731036481715,2.6953342231903745,0.2907868277669433
0.009134947998759422,0.5175311070489533,0.8320592243930831,2.695763133927047,0.29121371908075594
0.009412417001953345,0.5166571210022908,0.8323455722861107,2.6961997087018075,0.2916397520905304
0.009687627070248169,0.5158397843700183,0.8326329822954291,2.696643915324211,0.29206499817375414
0.009960512154548537,0.5150801531895224,0.8329193120483922,2.6970957227873624,0.2924894437227766
0.01023100676374415,0.5143792138383005,0.8332073280195311,2.6975550999881603,0.29291308970202534
0.010499045980427195,0.5137378806999026,0.8334956214165196,2.6980220163911994,0.2933359979013767
0.010764565476472332,0.513156993971047,0.8337815355694566,2.6984964415625083,0.29375809036131995
0.011027501528475042,0.5126373176217661,0.8312548084534863,2.698978351026726,0.2941807463792986
0.011287791033044985,0.5121795375198066,0.8289048446795116,2.699467767147397,0.2946058011553401
0.01154537152195051,0.5117842597298167,0.8291116731500061,2.6999647124079007,0.2950316077420688
0.011800181177110718,0.5114520089970097,0.8292820342452579,2.7004691590102605,0.29545610027291097
0.01205215884543151,0.511183227424076,0.8294147106969072,2.700981066397837,0.2958792739446895
0.012301244053482032,0.5109782733491001,0.8297202338727907,2.701500392303751,0.29630123356330745
0.012547377022007993,0.5108374204311044,0.8300376634591704,2.7020271045175637,0.29672245814161197
0.012790498680278458,0.5107608569486962,0.8303545389104786,2.7025611706350245,0.2971426986735011
0.013030550680262442,0.510748685316019,0.8309393421206227,2.703102556495859,0.29756192626195943
0.013267475410632269,0.5108009218189392,0.8312378270530537,2.7036512251574027,0.2979800337018054
0.01350121601058995,0.5109174965730584,0.8315349836026459,2.7042071414713216,0.29839714710398607
0.013731716383513445,0.5110982537038128,0.8318474884699217,2.704770271281305,0.298813275977577
0.01395892121041973,0.5113429517475672,0.8321422649616225,2.7053405783024576,0.29922821408669725
0.014182775963240978,0.5116512642712704,0.8324534389959368,2.705918025703006,0.2996421148469602
0.01440322691791105,0.5120227807069552,0.8327648407896541,2.706502579292241,0.3000550241123242
0.014620221167259025,0.5124570073960725,0.8333366587278697,2.7070942052992377,0.30046695351470853
0.014833706633706714,0.512953368837473,0.833627088887472,2.7076928679723147,0.3008777077954847
0.015043632081766916,0.5135112091316878,0.8339158366739633,2.7082985306522596,0.3012874376986575
0.015249947130339746,0.5141297936131211,0.8342021110261783,2.7089111602904126,0.3016962215564696
0.015452602264803928,0.5148083106607861,0.8345099740248244,2.709530723674213,0.30210403113708345
0.015651548848900004,0.5155458736773758,0.834818093614646,2.710157186710106,0.3025107906849272
0.015846739136402704,0.516341523225673,0.8351266653737717,2.7107905150184486,0.3029165102002719
0.016038126282580046,0.5171942293106823,0.8330034583839452,2.7114306764305587,0.30332190078891985
0.01622566435543563,0.5181028937953375,0.8333255437878455,2.7120776649925387,0.30372750812973826
0.016409308346732144,0.5190663529372092,0.8336479808488574,2.712731454623839,0.30413209507103206
0.016589014182793297,0.5200833800333603,0.8339341016958305,2.7133920103847307,0.3045355357772307
0.01676473873508092,0.5211526881603286,0.8342567476285168,2.7140592950510967,0.30493775945093
0.016936439830546098,0.5222729329961278,0.834543676039188,2.714733270692627,0.30533876552406164
0.017104076261750093,0.5234427157112206,0.8325150383680867,2.7154139038928844,0.30573929864504473
0.017267607796754052,0.5246605859155771,0.8328528245966518,2.716101178620333,0.30613938140996994
0.017426995188774597,0.5259250446491316,0.8334238782959881,2.716795060429116,0.306538095936958
0.01758220018560273,0.5272345474033481,0.8337106952914377,2.717495509215311,0.30693553815937535
0.017733185538784238,0.528587507161953,0.8339952583101566,2.7182024868990444,0.3073317785494249
0.017879915012559082,0.5299822974494103,0.8342775783505192,2.718915958255682,0.3077269496954955
0.018022353392557894,0.5314172553762646,0.8346096961167215,2.7196358884799623,0.3081209231718712
0.018160466494253284,0.5328906846710338,0.8326276423759608,2.7203622398422316,0.308514017381301
0.018294221171163704,0.5344008586890133,0.8329685911925029,2.721094992359782,0.30890664204992047
0.018423585322808803,0.5359460233889979,0.8333095211860131,2.721834110556806,0.3092977708229501
0.018548527902413157,0.5375244002696284,0.8336493405108919,2.722579552444932,0.30968747778459027
0.018669018924357378,0.5391341892577806,0.8316829343557579,2.723331279481343,0.3100762680889826
0.018785029471374667,0.5407735715421315,0.831729048242262,2.724089269588976,0.3104644954126579
0.018896531701490513,0.5424407123457518,0.8320702500904442,2.7248534878095394,0.3108512688088879
0.019003498854704908,0.5441337636322809,0.8324082508100106,2.7256238905185612,0.3112364125310919
0.01910590525941466,0.5458508667409487,0.8337896847407893,2.7264004282960874,0.3116188972772693
0.019203726338574128,0.5475901549463686,0.8343479968842794,2.7271830174871434,0.31199803738610277
0.01929693861559392,0.5493497559396978,0.8349044580724261,2.727971602376957,0.31237562426844356
0.019385519719974917,0.55112779422838,0.8352359054896357,2.7287661409441246,0.3127516561207892
0.019469448392677367,0.5529223934522708,0.8355671804992324,2.7295665886097917,0.313126047916561
0.01954870449122262,0.554731678614543,0.835893524474286,2.730372900799021,0.3134988196702922
0.019623268994527463,0.556553778226252,0.8364439705098795,2.7311850357936924,0.31387016982920574
0.0196931240074691,0.5583868263639734,0.8369928374059782,2.7320029523153195,0.31423996265585025
0.019758252765179757,0.5602289646403505,0.8373127401347218,2.732826607664425,0.3146082269817101
0.01981863963707013,0.5620783440878252,0.8376316882058609,2.7336559599745844,0.3149749446656094
0.019874270130580844,0.5639331269561844,0.8379449100495566,2.734490966006373,0.315340024992852
0.019925130894660532,0.5657914884249179,0.839006486648272,2.7353315761290125,0.3157024332327215
0.019971209722969924,0.5676516182316659,0.8400823010267904,2.7361777073109237,0.3160607859846279
0.020012495556811463,0.5695117222183226,0.840405273688483,2.7370292712373643,0.3164159912754297
0.020048978487783153,0.5713700237965772,0.8407132807519285,2.7378862157984374,0.3167697393788516
0.020080649760156805,0.5732247653349072,0.8406962484038886,2.7387485012590584,0.3171219630749379
0.02010750177297885,0.5750742094691709,0.8417334817751096,2.739616080407523,0.31747155204987904
0.020129528081895387,0.5769166403391265,0.8420338993667884,2.740488871614148,0.31781776298708014
0.020146723400697803,0.5787503647533011,0.842328519630504,2.7413668198450925,0.3181623320211439
0.02015908360259212,0.5805737132847221,0.8433360883469184,2.742249876630443,0.3185041576378239
0.02016660572118937,0.5823850413001189,0.8436336423573636,2.7431379605101793,0.31884272721115087
0.02016928795121708,0.5841827299252045,0.8439098503804194,2.7440310191263055,0.3191797220028698
0.02016712964895291,0.5859651869487196,0.8441802810933333,2.7449290092538337,0.3195149894836763
0.020160131332379237,0.5877308476679057,0.8444619358401101,2.7458318876261534,0.3198486286254015
0.02014829468105815,0.5894781756780765,0.8447379210677516,2.7467396097862475,0.3201803997722319
0.02013162253572931,0.5912056636089403,0.8450122419723989,2.747652130057116,0.3205105302277864
0.020110118897627566,0.5929118338102868,0.8452808615742938,2.748569407780769,0.3208391413313463
0.0200837889275228,0.5945952389896242,0.8461552193799191,2.749491399096861,0.3211652519836699
0.020052638944481588,0.596254462804291,0.8438040329834556,2.750418027209908,0.3214884182878003
0.020016676424350094,0.5978881204104963,0.843604600905791,2.7513492521557397,0.3218105146253835
0.019975909997960756,0.5994948589717273,0.843737141461596,2.7522850352287187,0.32213095845626516
0.01993034944906005,0.6010733581288032,0.843977003571287,2.753225334638503,0.32244975011972143
0.019880005711961062,0.6026223304338904,0.8440862092658606,2.754170110272586,0.3227671148261796
0.019824890868919132,0.6041405217506071,0.8446065788859607,2.7551193250356416,0.3230830457290677
0.019765018147231923,0.6056267116223485,0.8451251677667403,2.7560729389275798,0.32339725902021516
0.01970040191606528,0.6070797136108282,0.8453599562596109,2.7570309074386836,0.32370967837884973
0.01963105768300447,0.6084983756067756,0.8455900460356089,2.7579931858167366,0.32402027958993745
0.019557002090332665,0.6098815801146279,0.8458134295064652,2.7589597308758536,0.3243292287987645
0.019478252911036477,0.6112282445129814,0.8429570705532161,2.7599305026548806,0.324637041199936
0.01939482904454109,0.6125373212924821,0.8397339674774353,2.7609054868396172,0.32494524003745473
0.019306750512173856,0.6138077982727413,0.839900890807784,2.7618846845386162,0.3252532947400605
0.019214038452359892,0.6150386987997943,0.8400654015365308,2.7628680640718524,0.3255596870254266
0.01911671511554846,0.6162290819255326,0.8406086366789818,2.763855585138617,0.3258645208617285
0.019014803858873122,0.6173780425704678,0.8407702598647396,2.7648472064406353,0.32616764463803566
0.01890832914054643,0.6184847116710905,0.8409196671305338,2.7658428884655706,0.32646937551268884
0.018797316513989696,0.6195482563130434,0.8373042502805356,2.766842601773387,0.3267709014139392
0.018681792621700218,0.6205678798512276,0.8334881026015758,2.7678463584552957,0.32707409508212704
0.01856178518885785,0.6215428220179092,0.8336227218827946,2.768854177365192,0.3273776275979766
0.018437323016670348,0.622472359019818,0.8337544878487118,2.7698660321582222,0.3276796709991325
0.018308435975461463,0.6233558036251603,0.8338858291302398,2.7708818857541186,0.3279802644298161
0.018175154997502586,0.6241925052414248,0.8340171164370663,2.771901700593711,0.32827937212329916
0.018037512069588528,0.6249818499847763,0.8341476193465116,2.7729254390181852,0.32857698014371395
0.01789554022536132,0.625723260741786,0.8342773208903494,2.7739530634623875,0.32887311114663775
0.01774927353738207,0.6264161972241993,0.8343847224553079,2.7749845371766533,0.32916778376377653
0.01759874710895376,0.6270601560173638,0.8349493589915995,2.7760198196406782,0.3294606411574443
0.01744399706569674,0.6276546706229235,0.8350818856989232,2.7770588673360495,0.3297517654987825
0.01728506054687853,0.6281993114963008,0.8352102137338282,2.7781016398436122,0.330041325039165
0.017121975696500702,0.628693686079464,0.8349498804648937,2.779148098187624,0.33032921481015964
0.01695478165414454,0.6291374388294249,0.8350887149557881,2.7801981994048943,0.33061530961925895
0.016783518545577567,0.6295302512428684,0.835613205340447,2.7812519016353874,0.33089965673714483
0.016608227473123818,0.6298718418772604,0.8357547339883049,2.7823091610892856,0.33118212499897676
0.016428950505799223,0.6301619663687722,0.835895043154252,2.7833699339475775,0.3314628454274297
0.016245730669215405,0.6304004174472745,0.8360351284515752,2.7844341775220056,0.33174165076175405
0.01605861193525364,0.6305870249486552,0.8365673871031226,2.7855018468507473,0.33201862374451774
0.015867639211511898,0.6307216558246554,0.836714917090072,2.786572899439524,0.33229389427137834
0.01567285833052709,0.6308042141503875,0.8368593223476839,2.787647294974547,0.3325674606389606
0.015474316038775748,0.6308346411296619,0.8372992416756591,2.7887249896257966,0.3328385144746279
0.015272059985454785,0.6308129150982087,0.8374755470969089,2.789805909462088,0.3331063187185758
0.01506613871104623,0.6307390515248656,0.8380386964663816,2.790890001890249,0.333372255142768
0.01485660163566735,0.6306131030107297,0.834449954309777,2.791977227152927,0.3336371904423878
0.01464349904721063,0.6304351592862775,0.834643932912744,2.7930675724773417,0.333901562478075
0.01442688208927416,0.630205347206393,0.8310830306124889,2.7941610060459565,0.33416481330741266
0.01420680274888802,0.6299238307432278,0.8276393712552217,2.795257515959552,0.33442807346739256
0.013983313844037676,0.6295908109767575,0.8278937346439548,2.796357087815427,0.33469028364760767
0.013756469010987342,0.6292065260828938,0.8286815295379392,2.79745968059561,0.33495041505304746
0.013526322691408101,0.6287712513189517,0.8289419782104345,2.7985652476318132,0.3352085209008237
0.013292930119311987,0.6282852990062301,0.8295552180914891,2.7996737433559593,0.335464689598416
0.013056347307795802,0.6277490185094606,0.8303385660128628,2.800785123119371,0.33571893081652243
0.012816631035598854,0.6271627962127834,0.8306029659963533,2.801899343263655,0.3359712488603957
0.012573838833475622,0.6265270554919269,0.8308714074532006,2.8030163572461,0.3362214286686366
0.01232802897038927,0.6258422566821802,0.8278157611943611,2.804136117486209,0.3364696342859069
0.012079260439526989,0.6251088970417283,0.8250036995178229,2.8052585795869462,0.33671568795750895
0.011827592944142023,0.6243275107098692,0.8258721756156203,2.806383692274143,0.33695954072184836
0.01157308688322525,0.6234986686595755,0.8233838307566929,2.807511405750554,0.33720076594258014
0.011315803337009614,0.6226229786438315,0.8242605437464915,2.808641653082965,0.33743898986529225
0.011055804052311099,0.6217010851351108,0.8221135726460272,2.809774376652808,0.33767425085371783
0.010793151427710106,0.6207336692573087,0.8225088250587407,2.810909497709775,0.33790588315951403
0.010527908498575708,0.6197214487093988,0.8229048132189268,2.812046953243821,0.33813497982460955
0.01026013892193769,0.6186651776800123,0.821141310976618,2.8131866829869936,0.3383603724514506
0.009989906961209074,0.6175656467520824,0.8197053679667591,2.8143285802898785,0.3385797363256581
0.009717277470763336,0.6164236827966475,0.8201398809785828,2.815472522237838,0.3387941999549089
0.009442315880369445,0.6152401488548137,0.8205740836960833,2.8166184370475214,0.3390060000274515
0.009165088179489213,0.6140159440068402,0.821008364542496,2.8177662663153744,0.3392150480559698
0.008885660901440133,0.6127520032272307,0.8214423004879352,2.8189159537559036,0.33942154391385476
0.008604101107427712,0.6114492972246232,0.8216885920506685,2.8200674354995967,0.33962381986730705
0.008320476370450835,0.6101088322652324,0.8209167000927977,2.8212205882715518,0.3398187521348133
0.008034854759085016,0.6087316499784969,0.8213868932554117,2.8223752596662295,0.34000760770964855
0.007747304821145906,0.6073188271435117,0.8208361917833525,2.823531356609591,0.3401910585018358
0.007457895567238364,0.6058714754547437,0.8213393062551634,2.8246887282560853,0.34036769924922883
0.007166696454194028,0.6043907412654647,0.8222798610427204,2.825847287966209,0.34054163432557694
0.006873777368402231,0.6028778053072184,0.8227813665146101,2.827006985913575,0.3407132047332344
0.006579208609037594,0.6013338823835878,0.823281305927482,2.828167765770698,0.34088185550147976
0.006283060871188266,0.5997602210364362,0.8229022363916357,2.829329553839059,0.34104492480256254
0.005985405228889767,0.5981581031826848,0.8234416908338726,2.8304921983115388,0.3412015557798755
0.005686313118067598,0.5965288437196534,0.823933880566756,2.831655629340841,0.34135589474827055
0.0053858563193925025,0.5948737900968571,0.8244718746761459,2.8328197910445634,0.34150767855872427
0.005084106941053943,0.5931943218521141,0.8249621245720985,2.833984640865459,0.3416573557195649
0.004781137401454289,0.5914918501097013,0.8249287728802662,2.835150116680111,0.3418024799076296
0.004477020411828665,0.5897678170382566,0.8250089245302022,2.8363160914694037,0.34194033404271035
0.004171828958794882,0.5880236952660246,0.8255447162299411,2.8374824286163642,0.3420730770642276
0.0038656362868365736,0.586260987250988,0.8260990317277984,2.838649067461621,0.34220353581510254
0.003558515880725347,0.5844812246033765,0.8266496591017769,2.8398159507104346,0.34233087713857047
0.0032505414478843342,0.5826859673579732,0.8271977713850578,2.8409830164804717,0.3424551882199914
0.0029417869006991087,0.5808768031936099,0.8277406776660765,2.8421502030383063,0.34257640124054783
0.002632326338778877,0.5790553465972099,0.8282794415564192,2.8433174497908658,0.3426946151433524
0.002322234031173145,0.5772232379696982,0.8288139034486578,2.844484695555532,0.3428097956084153
0.0020115843985471153,0.5753821426711222,0.8283613991477341,2.845651873950761,0.34292056215763883
0.0017004519953214274,0.5735337500023024,0.8289315981478491,2.846818873641379,0.34302605218565396
0.0013889114917795408,0.5716797721203818,0.8294970676760991,2.8479856161358925,0.34312821712663505
0.0010770376561466688,0.5698219428856653,0.830058418283192,2.8491520360573825,0.34322707476558906
0.0007649053366463655,0.5679620166372331,0.8306157236426591,2.85031806831763,0.3433227325106447
0.00045258944353703445,0.5661017668948632,0.8311651481274152,2.851483651039918,0.34341535468733464
0.00014016493113381344,0.5642429849849483,0.831709115594044,2.8526487242973957,0.3435047801291744
-0.00017229322017995628,0.5623874785881976,0.8319047552246897,2.853813207187895,0.34358757940114165
-0.0004847100219479107,0.5605370702071095,0.8315911349077406,2.8549769088463663,0.3436602467854796
-0.0007970104956372619,0.558693595551375,0.832117948341925,2.8561396672954302,0.34372686390424845
-0.0011091196906333476,0.5568589018396175,0.8322372983662437,2.857301386295433,0.34378707117675644
-0.0014209627022276356,0.5550348460161375,0.8319899904537168,2.858461874209178,0.34383626593889005
-0.001732464689594205,0.5532232928816141,0.8313472965579971,2.859620927072944,0.34387572210075873
-0.0020435508937513966,0.5514261131370755,0.8318230215553343,2.8607783773756696,0.34390916609449074
-0.0023541466555034515,0.5496451813407865,0.8321855295952925,2.861934165226187,0.3439405699017987
-0.002664177433358491,0.5478823737781617,0.8310796829733279,2.8630882342799984,0.3439672770107046
-0.0029735688214180293,0.5461395662452048,0.831410280738966,2.8642404660242367,0.3439885484467173
-0.0032822465672340583,0.5444186317464964,0.8317348797844801,2.865390796719802,0.34400738789036567
-0.003590136589629296,0.5427214381092736,0.8320535085846994,2.8665391823292934,0.34402396524877177
-0.003897164996476347,0.5410498455156741,0.8331075275755881,2.8676855829219265,0.34403840032839944
-0.004203258102431283,0.5394057039558391,0.8333917403617214,2.8688299606426715,0.34405069852534415
-0.004508342446618075,0.537790850605185,0.833859405528793,2.8699722756877706,0.3440609498056068
-0.0048123448102584685,0.536207107129784,0.832152412215099,2.87111248865205,0.34406792863897295
-0.005115192234244553,0.534656276924496,0.8331855085115728,2.8722505133279084,0.3440706651823816
-0.005416812036648267,0.5331401422891648,0.8334503402371612,2.873386299138643,0.34407142484351605
-0.005717131830164849,0.5316604615489235,0.8339210663947595,2.874519810929367,0.3440702697084593
-0.006016079539485478,0.5302189661253355,0.8341803475391979,2.8756510169618434,0.34406720816960634
-0.006313583418594885,0.5288173575658552,0.8344351236104512,2.8767798805823808,0.34406207257657667
-0.006609572067990212,0.527457304539772,0.8346839204286814,2.877906366117744,0.34405494242437434
-0.006903974451816376,0.5261404398095091,0.8349304462493181,2.8790304376954077,0.34404570611599394
-0.007196719914914449,0.524868357186836,0.8351734102695079,2.880152057823115,0.344034370816209
-0.007487738199778519,0.5236426084841664,0.83540824246542,2.881271188463038,0.34402078002668857
-0.007776959463417173,0.5224647004717555,0.8356424575134773,2.8823877888555485,0.3440049838121496
-0.008064314294115438,0.5213360918521255,0.835872280937271,2.8835018212031964,0.34398701749828314
-0.00834973372809333,0.5202581902635626,0.8360979978365007,2.8846132472109356,0.34396691039657634
-0.008633149266056763,0.519232349324955,0.8363144009403082,2.885722029793867,0.34394469860209764
-0.008914492889637042,0.5182598657345661,0.8337146554392532,2.8868281297247744,0.34391997814315933
-0.009193697077715026,0.5173419764356204,0.8307243106697008,2.8879314988684195,0.3438928408143532
-0.009470694822625827,0.5164798558617336,0.8274309113801965,2.8890321088976156,0.3438647361824124
-0.009745419646240296,0.5156746132752695,0.823936884328002,2.8901299576356614,0.34383673261285547
-0.0100178056159195,0.5149272902116901,0.8232781918816161,2.8912250473397267,0.34380671010056324
-0.01028778736033822,0.5142388580427789,0.8199955241898295,2.89231730162136,0.3437733795134001
-0.010555300085173755,0.5136102156713683,0.8167398020792918,2.893406717549632,0.3437410653377549
-0.010820279588656277,0.513042187369786,0.8136165906775212,2.8944933223972247,0.3437098717707745
-0.01108266227697688,0.5125355207737572,0.8138244255786928,2.8955771386047107,0.3436786878804134
-0.011342385179549873,0.5120908850428454,0.8147859956510637,2.8966581487628673,0.34364569737491474
-0.011599385964125348,0.5117088691978026,0.8153571368403261,2.897736321901132,0.343610928010702
-0.011853602951748652,0.5113899806443173,0.8124468078257954,2.8988116342093804,0.3435754875639359
-0.012104975131563073,0.5111346438917479,0.812903334249371,2.899884093229044,0.3435398869035027
-0.012353442175452067,0.5109431994743469,0.8102591558820516,2.900953686407214,0.3435034870853936
-0.012598944452517805,0.51081590308137,0.8106387118876504,2.902020415958009,0.3434668271233494
-0.012841423043392239,0.510752924901282,0.808329535199415,2.9030842714705143,0.3434293549466713
-0.01308081975437751,0.5107543491839891,0.8086553537247407,2.9041452491464392,0.34339127142236137
-0.013317077131412131,0.5108201740237617,0.8068174880262258,2.9052033320008603,0.3433518238166562
-0.013550138473859686,0.5109503113641453,0.8054595137828927,2.906258497372359,0.3433105810316343
-0.013779947848116751,0.5111445872248389,0.8046210013627695,2.9073107059014682,0.3432666757701879
-0.014006450101036598,0.5114027421491649,0.8043091748947844,2.9083598987961454,0.34321892298556417
-0.014229590873165832,0.511724431869429,0.8047996867192029,2.909406000917832,0.34316771859356254
-0.014449316611790212,0.5121092281861631,0.8052932810944309,2.9104489727347205,0.34311482324332815
-0.014665574583787231,0.512556620055998,0.8057899539971182,2.9114887871729778,0.3430602149799593
-0.014878312888281649,0.5130660148817273,0.8061362822069102,2.9125254062446775,0.34300204134225293
-0.015087480469101628,0.513636739996982,0.8069508452379379,2.9135587283581135,0.3429372591509503
-0.01529302712703176,0.5142680443369138,0.8075412541567208,2.914588629375927,0.342867393717569
-0.015494903531860827,0.5149591002853443,0.8088226637675753,2.915615044292097,0.34279291290732367
-0.015693061234220727,0.5157090056879795,0.8094619303987475,2.916637848209037,0.3427125607508988
-0.015887452677214083,0.5165167860205628,0.8111337326609183,2.917656969148115,0.34262727969520973
-0.016078031207827716,0.5173813967002345,0.8130757150159867,2.918672253692077,0.34253224793007225
-0.016264751088129047,0.518301725527825,0.8133068616489895,2.919683530693958,0.3424311180740772
-0.01644756750624314,0.5192765952484748,0.8140411957214866,2.9206907585740773,0.3423288681800941
-0.016626436587107146,0.5203047662176565,0.8162297650224882,2.9216938930831025,0.34222111613678435
-0.01680131540300031,0.5213849391595535,0.8169964272925974,2.922692783039015,0.34210630494120514
-0.016972161983846278,0.522515758004708,0.8177479418309089,2.923687360497682,0.341989167131549
-0.017138935327285724,0.5236958127938963,0.8185004090255538,2.9246775873085737,0.3418697292244318
-0.017301595408516758,0.5249236426353882,0.8193455757349714,2.9256634291253913,0.3417485064275533
-0.017460103189900707,0.5261977387029909,0.820149584852523,2.9266448677858894,0.34162613100037803
-0.017614420630330873,0.5275165472626288,0.8225038707400307,2.9276218695545833,0.34149873817179777
-0.017764510694362343,0.5288784727156488,0.823290530034934,2.9285942824529987,0.34136391115711207
-0.017910337361100207,0.5302818806475231,0.824049768139633,2.92956203835956,0.34122709571263277
-0.018051865632844454,0.5317251008711844,0.8248345685881548,2.930525106873209,0.3410882001499719
-0.01818906154348918,0.5332064304548321,0.8253794408291553,2.9314834560507728,0.34094757245149915
-0.018321892166674444,0.5347241367246885,0.826207771816221,2.932437071443532,0.34080595480903364
-0.018450325623688268,0.5362764602338663,0.8269971678791237,2.933385940234307,0.3406631657895681
-0.018574331091117554,0.5378616176891972,0.8249162242972997,2.9343300500297973,0.34051946004092776
-0.018693878808245214,0.5394778048286024,0.8274010199438189,2.9352693758749946,0.34037114570851007
-0.018808940084193124,0.5411231992422748,0.8282020177992853,2.9362037753631407,0.3402160157593415
-0.018919487304807324,0.542795963131679,0.8286488139335503,2.9371331959496985,0.340059747881045
-0.019025493939285505,0.5444942460010863,0.8290479960680828,2.938057628781646,0.3399026190647627
-0.019126934546544266,0.5462161872770298,0.8268119728957396,2.938977068982872,0.339745145003989
-0.019223784781324783,0.5479599188517659,0.8271718065803135,2.93989152890529,0.3395876917297144
-0.01931602140003566,0.5497235675474613,0.8280027951520081,2.940801005991348,0.3394290838953207
-0.019403622266331112,0.5515052574984445,0.825694326645518,2.9417054854840186,0.3392699383200129
-0.019486566356423714,0.5533031124494707,0.8265268605660546,2.942604984993124,0.3391108029727008
-0.019564833764130027,0.5551152579684685,0.8273583258946056,2.9434994870964277,0.3389495922352167
-0.019638405705647916,0.5569398235727986,0.8250556119531485,2.9443889688248785,0.3387879833606084
-0.019707264524064537,0.5587749447685035,0.8258915376169988,2.945273458206652,0.33862697718518286
-0.019771393693594035,0.5606187650025,0.8262562073811924,2.9461529498366024,0.3384648823718672
-0.01983077782354353,0.5624694375280489,0.8270982259373888,2.9470274380071726,0.3383017014381149
-0.019885402662006904,0.5643251271842342,0.8279385898973781,2.9478968976391684,0.33813648538148644
-0.019935255099285114,0.5661840120904855,0.8287713659538763,2.9487613025431543,0.3379696094221287
-0.019980323171032568,0.5680442852575175,0.8295242631354325,2.9496206301678978,0.33780129338096976
-0.020020596061128357,0.5699041561162633,0.830352537159878,2.9504748663368088,0.33763164397534967
-0.020056064104272162,0.5717618519666711,0.8311770447800768,2.9513239870502903,0.33746008310914966
-0.020086718788303863,0.5736156193483819,0.828860904296493,2.952167976155444,0.33728880281615087
-0.020112552756246516,0.5754637253354934,0.8265561771574074,2.9530068914162375,0.3371211327064141
-0.020133559808071723,0.5773044587577492,0.824406628295838,2.9538408221724035,0.33695774122936256
-0.02014973490218807,0.5791361313506022,0.825213689962797,2.9546698567341254,0.3367966184978376
-0.02016107415665037,0.5809570788366902,0.8260178032637694,2.955494002585191,0.336634190676165
-0.020167574850092056,0.5827656619413207,0.8237000678934637,2.956313257182597,0.33647320415655835
-0.02016923542237802,0.5845602673446071,0.8214248853133843,2.9571277147386277,0.33631797629282123
-0.020166055474978895,0.5863393085729283,0.8221999428800215,2.9579374924774093,0.3361660999484163
-0.020158035771066583,0.5881012268323804,0.8229749925680564,2.9587426032593314,0.33601289748758023
-0.020145178235331723,0.5898444917868886,0.8207573976007639,2.959543053032478,0.3358621939503155
-0.02012748595352112,0.5915676022836291,0.8186448538409525,2.960338968707046,0.3357192259969291
-0.02010496317169745,0.5932690870283546,0.819379369910561,2.9611304993859373,0.33558063751094697
-0.020077615295220216,0.5949475052132205,0.8201138346708058,2.9619176701941954,0.3354411197828795
-0.020045448887448643,0.5966014470995961,0.8222973309415613,2.9627004669815746,0.33529979316071257
-0.020008471668165956,0.5982295345583396,0.8242468260156766,2.9634788462392465,0.3351556673878638
-0.01996669251172753,0.599830421569907,0.8247455742024777,2.9642527726018186,0.3350101150731126
-0.01992012144493027,0.6014027946866274,0.8254700563536486,2.965022240965878,0.3348641396546481
-0.019868769644606574,0.6029453734593699,0.826200984049182,2.9657872499452766,0.3347176091485673
-0.019812649434942167,0.6044569108307788,0.8269172602852959,2.9665477975659518,0.33457061781834946
-0.0197517742845178,0.6059361934971392,0.8247282609148465,2.9673039076654684,0.33442781630608254
-0.019686158803077516,0.6073820422408903,0.8254297470532713,2.9680557450100236,0.3342918822740613
-0.019615818738021845,0.6087933122356783,0.8261310984031129,2.968803362470331,0.3341556695479983
-0.019540770970628812,0.6101688933257933,0.826832883230304,2.969546757035876,0.33401870583357307
-0.019461033512002214,0.6115077102817161,0.8274997991508698,2.9702859239579604,0.33388117091975916
-0.019376625498749567,0.6128087230334559,0.8279861487780431,2.9710208622889382,0.33374330625334064
-0.019287567188388595,0.614070926883235,0.8286841936787306,2.9717515754323385,0.3336051890605195
-0.01919387995448656,0.6152933526990246,0.8300787114868241,2.972478065813969,0.33346691774244386
-0.01909558628152973,0.6164750670903529,0.8307665000613683,2.9732003452351563,0.3333288004764501
-0.01899270975952789,0.6176151725677068,0.8314544137369564,2.9739184183580347,0.33319032268975995
-0.018885275078352373,0.6187128076868076,0.8323980238309294,2.9746322906105136,0.3330524059182458
-0.018773308021811055,0.6197671471789266,0.8329205773399643,2.9753419966883605,0.332915534295575
-0.01865683546146001,0.6207774020683785,0.8334410190866373,2.9760475521956273,0.3327797312139022
-0.018535885350154588,0.6217428197782205,0.8312171116113711,2.9767490455030856,0.33265219522500294
-0.018410486715340967,0.6226626842251471,0.8292140725670459,2.9774467351983445,0.3325394030117869
-0.018280669652089618,0.6235363159044917,0.8301245083654808,2.978140899345194,0.3324356046272074
-0.018146465315872454,0.6243630719661937,0.8307367722853138,2.9788315974576163,0.33233144812944354
-0.018007905915086008,0.6251423462825061,0.8313109817709079,2.9795188351126165,0.3322273103972813
-0.017865024703321505,0.6258735695082095,0.8319174592080645,2.9802026177173833,0.3321230582031234
-0.017717855971383638,0.6265562091339851,0.8317237399121853,2.980882964600003,0.3320214873470904
-0.017566435039061842,0.6271897695335897,0.8296989309406035,2.981560010186568,0.3319308251449035
-0.017410798246652967,0.6277737920054003,0.8290067339458291,2.9822340487047803,0.33185410147840855
-0.017250982946240067,0.6283078548088682,0.8295480378822385,2.982905278146241,0.3317828355619886
-0.017087027492728158,0.6287915731963446,0.8276118040768945,2.983573783950548,0.3317193540606982
-0.016918971234638976,0.6292245994407352,0.8262473310104106,2.9842398739825526,0.33167466204314716
-0.016746854504667927,0.6296066228593524,0.8248534363177231,2.984903912390251,0.33164570034902335
-0.016570718610003803,0.6299373698343308,0.8253338229341489,2.9855661343748854,0.33162345072676275
-0.016390605822416013,0.6302166038299086,0.823722615546052,2.9862266143199094,0.33160607138613063
-0.016206559368108917,0.6304441254068403,0.8242973810106115,2.9868855212972356,0.3315957134651864
-0.016018623417348075,0.6306197722341723,0.8225451900585695,2.9875429288552047,0.3315902120699978
-0.015826843073859564,0.6307434190985823,0.8207202397998336,2.988199033681285,0.3315968226296071
-0.015631264364005297,0.6308149779114188,0.8211676241631041,2.988854061791144,0.33161137707478405
-0.015431934225736825,0.6308343977135841,0.8193415729451528,2.989508102724983,0.33163132497046005
-0.015228900497330382,0.6308016646783178,0.8197870249258673,2.9901613382240644,0.33165923416122917
-0.015022211905906264,0.6307168021119574,0.8180582627410687,2.990813858753037,0.3316926536844924
-0.014811918055734322,0.6305798704526606,0.8170650998701884,2.9914658836534063,0.3317419729730874
-0.01459806941632899,0.6303909672670958,0.8167693446529382,2.992117805776395,0.3318125954382773
-0.014380717310337453,0.630150227245014,0.8166314024093705,2.9927700423282007,0.33190384221598024
-0.0141599139012216,0.6298578221916349,0.8173676616761094,2.9934229647371198,0.33200754280457123
-0.013935712180739817,0.6295139610177051,0.8177347121082549,2.9940766575876427,0.3321118410183695
-0.013708165956228794,0.629118889727067,0.8183508328346414,2.994731140218492,0.332217035133752
-0.013477329837690172,0.6286728914015364,0.8187152900383069,2.9953864186098826,0.3323226664785374
-0.0132432592246843,0.6281762861828503,0.8190800569309487,2.9960425116575866,0.3324296165455668
-0.013006010293034704,0.6276294312514018,0.816543004821485,2.996699468696182,0.3325429599515835
-0.012765639981346194,0.6270327208014557,0.8170115113636333,2.9973574917119614,0.3326648874481423
-0.012522205977339699,0.6263865860124647,0.8173796844172254,2.9980166394729055,0.33278739761605947
-0.01227576670400777,0.6256914950161083,0.8179920716120526,2.99867692734178,0.33291052288899015
-0.012026381305592887,0.6249479528585847,0.8184300281953656,2.999338354032034,0.33303357554618424
-0.011774109633393665,0.6241565014576803,0.8161229309138026,3.0000009474992573,0.3331621976726023
-0.011519012231400455,0.6233177195540714,0.8164991297368173,3.0006648946690793,0.33329915004117555
-0.011261150321765263,0.6224322226562641,0.816873794745011,3.001330263108806,0.33343728565183434
-0.011000585790108595,0.6215006629785377,0.8172478724849728,3.0019970742631115,0.3335766269065888
-0.010737381170667203,0.6205237293711966,0.8176184640524315,3.0026653490068336,0.3337171730009141
-0.010471599631286452,0.6195021472423755,0.8155778198596882,3.0033351317573405,0.3338634588979664
-0.01020330495825986,0.6184366784706007,0.8137846307924025,3.0040066217625454,0.334021865642157
-0.009932561541021298,0.6173281213072173,0.8122701536244373,3.004680051470571,0.3341917577313261
-0.009659434356691012,0.6161773102677836,0.8110594068207295,3.005355636438561,0.3343720316631622
-0.009383988954482371,0.6149851160114014,0.8101567862012765,3.006033567370311,0.33456153712308995
-0.009106291439969664,0.6137524452069475,0.8106037439246401,3.006713998662016,0.33475624996747155
-0.008826408459223339,0.612480240385052,0.8111795605250917,3.0073969638583793,0.33495110347388213
-0.008544407182815319,0.611169479774631,0.8116238325599484,3.008082456038743,0.33514603850837416
-0.008260355289698252,0.6098211771226811,0.811065388601582,3.0087704969105555,0.335344713173226
-0.007974320950963022,0.6084363814959977,0.8115276046397881,3.009461194666043,0.3355481467384544
-0.007686372813477886,0.6070161770633576,0.8119898725205741,3.0101545828936955,0.3357522316041522
-0.0073965799834136165,0.6055616828566683,0.8117001017825689,3.0108506834307738,0.3359595338834792
-0.007105012009658424,0.6040740525094838,0.8115934272796699,3.0115496027910216,0.3361735271911465
-0.00681173886712635,0.6025544739711902,0.8120836656791977,3.0122514540315586,0.33639164335935184
-0.006516830939963918,0.6010041691951318,0.812561660189028,3.0129562660541147,0.3366102969268424
-0.00622035900465796,0.5994243937987802,0.8125968689451274,3.0136640586360857,0.3368320378739049
-0.005922394213049864,0.5978164366940567,0.812692275913642,3.0143749292540774,0.3370599144625563
-0.005623008075259332,0.5961816196857633,0.8131940495326827,3.015088978905874,0.3372913245047778
-0.005322272442522353,0.5945212970360325,0.8137551490436397,3.015806227405549,0.33752282602824707
-0.0050202594899470794,0.5928368549926134,0.8144123311512118,3.0165266663466603,0.3377541047469135
-0.004717041699192528,0.5911297112787273,0.8144987406938157,3.0172502956816336,0.33798755477563924
-0.004412691841072926,0.5894013145421677,0.814973052145472,3.0179771924933476,0.33822479248499066
-0.004107282958093248,0.5876531437612292,0.8154666959676133,3.0187073819298575,0.3384624859917548
-0.0038008883469195435,0.5858867076050018,0.815958045898251,3.019440864371103,0.33870050042495314
-0.003493581540787529,0.5841035437454963,0.8159125496405243,3.0201776518157435,0.33894113893426014
-0.003185436291855663,0.5823052181190251,0.8157013817395826,3.0209178351264865,0.33918783559725907
-0.0028765265535045863,0.5804933241342161,0.8162742046680632,3.021661519214198,0.33943828584863667
-0.0025669264625885176,0.5786694818239999,0.8167383885832687,3.0224087203578787,0.3396887723254877
-0.0022567103216432557,0.576835336938924,0.8171995736531841,3.0231594376098894,0.33993967489121607
-0.0019459525810535314,0.5749925599790892,0.8176585140610514,3.023913671740576,0.34019095651361886
-0.001634727821185369,0.5731428451620717,0.8181149588054901,3.024671424044952,0.34044264373120764
-0.001323110734487164,0.5712879093241823,0.8185677715019507,3.0254326920626164,0.3406944853171419
-0.0010111761075638917,0.5694294907524835,0.8190192073054733,3.026197475351535,0.3409467819486047
-0.0006989988032287804,0.5675693479450463,0.8194677180939827,3.026965775611181,0.3411994939052816
-0.00038665374253618525,0.565709258297024,0.8199127209449315,3.027737595786508,0.3414528129341802
-7.421588680156688e-05,0.563851016710233,0.8192672729662063,3.028512954665576,0.3417094736306952
0.0002382397803896429,0.5619964341240901,0.8196820266190366,3.029291951570334,0.3419706078561743
0.0005506382711770994,0.5601473359659013,0.818685177108366,3.0300746290968728,0.3422352271530863
0.0008629046114225674,0.5583055605187371,0.819067175091612,3.0308610932340283,0.34250469118127036
0.001174963858703329,0.5564729572053312,0.8194469190758995,3.031651374274869,0.34277453153274867
0.0014867411202980193,0.5546513847867419,0.8198242931776477,3.0324454691094562,0.3430445584896338
0.0017981615711604047,0.5528427094747932,0.8201975945566874,3.033243376787565,0.34331504398437473
0.002109150471877161,0.5510488029576771,0.8237761489287166,3.0340451263130497,0.3435911873312809
0.0024196331866049576,0.5492715403384683,0.8241244140075185,3.034850896117421,0.34387533446092466
0.0027295352009826055,0.5475127979867214,0.8244697713361377,3.0356607371230777,0.34415983876885803
0.003038782140014238,0.5457744513037743,0.8227104637959612,3.0364746656384716,0.3444482242457973
0.003347299785918977,0.5440583724028802,0.8230176944823733,3.0372928026563764,0.3447421694224652
0.003655014095942712,0.5423664277058219,0.8233215171811429,3.0381151822618553,0.34503653227511893
0.0039618512201281255,0.5407004754582033,0.8211185616729889,3.0389418224985967,0.3453349700444848
0.004267737519038261,0.5390623631662589,0.8185968245482473,3.0397728705765137,0.34564317807083056
0.004572599581429765,0.5374539249585921,0.8188435481652592,3.040608497757569,0.34595763136681085
0.00487636424187101,0.5358769788769568,0.8190885178995728,3.041448742299266,0.3462725189184499
0.0051789585983016435,0.5343333241008493,0.8193310197797131,3.0422936041263506,0.3465878470340183
0.00548031002952862,0.5328247381113852,0.8199222853967979,3.043143081979339,0.34690334355401287
0.00578034621265499,0.5313529738006327,0.8205126466786004,3.0439971592346105,0.3472181328511539
0.006078995140437041,0.5299197565333238,0.8210485345404372,3.0448558134490677,0.34753230279803493
0.006376185138565663,0.5285267811685238,0.8216381513513635,3.0457190215995387,0.34784570850071306
0.006671844882867895,0.5271757090496217,0.8218763633481011,3.0465867598577083,0.3481586152652422
0.006965903416424303,0.5258681649716217,0.8190270506572801,3.047459039858164,0.34847591423920704
0.0072582901665984,0.5246057341354508,0.815991642994763,3.0483360198786817,0.3488035203763512
0.007548934961973639,0.5233899590995847,0.8162021451299857,3.0492178763241546,0.34913744632603916
0.007837768049194288,0.5222223367399187,0.8164108726781804,3.050104645405472,0.349471675497235
0.00812472010970586,0.521104315229326,0.816620439161279,3.050996325274477,0.3498063884187093
0.008409722276391262,0.5200372910488531,0.8168302630188405,3.0518929160801025,0.3501415524736505
0.008692706150098569,0.5190226060428723,0.8174588454998846,3.0527944129985496,0.35047659441231893
0.00897360381605646,0.5180615445308877,0.8176691538711559,3.0537007970333816,0.3508112689902862
0.009252347860173453,0.5171553304888793,0.8182609690516722,3.0546120586980754,0.3511459055137705
0.009528871385216997,0.5163051248132566,0.8188149043970767,3.0555281778381724,0.3514797680488916
0.00980310802686845,0.5155120226805089,0.8190272783873187,3.056449131865317,0.3518132886831688
0.010074991969650199,0.5147770510155727,0.8159081681060797,3.0573749325753505,0.35215113150181
0.010344457962721085,0.5141011660817772,0.8161164678239909,3.0583057166233303,0.3524952957695905
0.010611441335536247,0.5134852512049003,0.8130094924427314,3.0592415390758427,0.3528434755119133
0.010875878013367778,0.5129301146434688,0.813224210009474,3.0601825254172037,0.3531974824983747
0.011137704532682364,0.512436487616916,0.8102382678257158,3.061128724127171,0.35355515737025245
0.011396858056372163,0.5120050225025199,0.8104842924714558,3.062080249126529,0.3539181375403896
0.011653276388835506,0.5116362912113361,0.811014656913775,3.063037122319577,0.3542805992736531
0.011906897990903437,0.5113307837524264,0.8112416543414643,3.063999317875846,0.35464248967388845
0.01215766199460888,0.5110889069937358,0.8084917529441021,3.0649668362691607,0.3550074515826105
0.012405508217794703,0.5109109836269119,0.8060095369066181,3.065939794268132,0.35538036203202794
0.01265037717855702,0.510797251342217,0.8038631950956884,3.06691832963076,0.35576010930042584
0.01289221010952069,0.5107478622184589,0.804182997495886,3.067902547166778,0.3561436107455461
0.013130948971943095,0.510762882331634,0.8047061981190095,3.0688924586896116,0.35652678555815526
0.013366536469643269,0.5108422915846358,0.8029721342273173,3.0698880522992846,0.35691149558555435
0.013598916062752625,0.5109859837590636,0.808884475725765,3.0708893781654703,0.35729827470766207
0.01382803198128428,0.5111937667888234,0.8092844294175258,3.0718964104402984,0.3576832783938016
0.014053829238517591,0.5114653632538531,0.8095897512346328,3.0729091151888546,0.35806754495107823
0.014276253644194698,0.5118004110910003,0.8160754383407977,3.073927458670485,0.35844925699489805
0.014495251817525917,0.5121984645177831,0.8216385810622553,3.0749513326089595,0.35882434223277027
0.014710771200000868,0.5126589951635117,0.8218810682806216,3.0759805878524813,0.35919414304794856
0.014922760068002316,0.5131813934010925,0.82212361890424,3.0770151661818077,0.35956311569659216
0.015131167545219511,0.5137649698717157,0.8223647637868898,3.0780550427724025,0.35993134424930645
0.015335943614858327,0.5144089571936088,0.8226060910080623,3.079100190988526,0.36029881626055094
0.015537039131645013,0.5151125118451264,0.8228479652083506,3.0801505839709904,0.3606653192713006
0.015734405833620825,0.5158747162116184,0.8232829229144192,3.0812061887910986,0.3610305481307808
0.015927996353724695,0.5166945807848022,0.8235230237597079,3.082266969701507,0.36139459920335587
0.016117764231161073,0.5175710465027965,0.8237636788143058,3.083332892847388,0.36175748824248966
0.0163036639225503,0.5185029872184496,0.8258598825567292,3.0844039218799706,0.3621182954901642
0.016485650812858844,0.5194892122832876,0.82610212502447,3.0854799870724614,0.3624763930161376
0.01666368122610649,0.5205284692341182,0.8263445504170015,3.086561047017851,0.36283347407104566
0.016837712435848758,0.5216194465692353,0.8246192301043666,3.0876470763765385,0.3631905868882715
0.017007702675430596,0.5227607766011162,0.8248732877496611,3.088738080884727,0.3635481702958121
0.017173611148010557,0.5239510383726385,0.825128298438546,3.089834040957266,0.36390484413750185
0.017335398036351597,0.5251887606239781,0.8269092548186808,3.0909349222092612,0.36425935936893195
0.017493024512377137,0.5264724247976843,0.8286813663893929,3.092040645687813,0.36460971657277197
0.017646452746489516,0.527800468069759,0.8289556934505886,3.093151125360106,0.36495718417990347
0.017795645916649065,0.5291712863950256,0.8292488196788887,3.0942663164531656,0.36530342434960655
0.01794056821721115,0.5305832375555746,0.8294946270805659,3.095386186427746,0.36564857144870794
0.018081184867519223,0.5320346442016484,0.8297628888893509,3.0965107011430715,0.36599228501316555
0.01821746212025223,0.5335237968749287,0.8283304571129836,3.0976398254368824,0.3663352564358157
0.018349367269523627,0.5350489570048533,0.8269292321657492,3.0987735468667315,0.36667814050849806
0.01847686865873086,0.5366083598692647,0.8272169897431314,3.099911847180097,0.3670201672904108
0.018599935688152443,0.5382002175113952,0.8276000497916965,3.101054693783539,0.36736087939639744
0.018718538822292158,0.5398227216059123,0.8278895292159852,3.1022020485474235,0.3676999974483407
0.018832649596967076,0.5414740462674523,0.8281922684263445,3.103353873186184,0.36803778112664504
0.018942240626139025,0.543152350795797,0.8269057528151836,3.1045101309344347,0.3683741423554393
0.019047285608487015,0.5448557823525572,0.8272365540518242,3.1056707851958305,0.36870911631025066
0.019147759333719608,0.54658247856489,0.8275702410820708,3.1068357984377144,0.36904254105772183
0.01924363768862508,0.5483305700524794,0.8278934502630225,3.1080051271388363,0.36937409736111154
0.019334897662858338,0.550098182874634,0.8282191394638104,3.1091787266475546,0.36970397211064415
0.019421517354463718,0.5518834408949622,0.828561194108609,3.110356556460578,0.3700322394358911
0.01950347597513105,0.5536844680616935,0.8306804310435129,3.11153856735414,0.3703572705533814
0.01958075385518474,0.5554993906022389,0.8310465010104241,3.112724661614137,0.37067818806214153
0.019653332448304563,0.5573263391311096,0.8314138796653663,3.1139147818399295,0.370997467394004
0.019721194335976543,0.5591634506707842,0.8304515448440835,3.1151088849703186,0.3713146455927686
0.01978432323167342,0.5610088705855518,0.8308180872973706,3.1163069103800507,0.3716291677294222
0.01984270398476319,0.5628607544287655,0.8312608747840226,3.1175088089764005,0.3719419895913282
0.019896322584145396,0.5647172697042865,0.8316287112599587,3.1187145396335776,0.37225308860983186
0.019945166161613615,0.5665765975432493,0.8319973570558997,3.1199240579981105,0.37256228808433783
0.019989222994943615,0.5684369342975437,0.8310857714394229,3.1211373132207583,0.37286863081079796
0.020028482510706932,0.5702964930516801,0.8315337540597401,3.122354229631081,0.37317187185664574
0.020062935286808258,0.5721535050549187,0.8320164180978594,3.1235747558858273,0.3734733654787126
0.02009257305474666,0.5740062210757375,0.8342663319912214,3.1247988393808397,0.3737710975115565
0.020117388701600146,0.5758529126808649,0.83351920589808,3.126026364022438,0.37406302896000476
0.020137376271732555,0.577691873441257,0.8327505423922604,3.1272572214850216,0.37435018911819734
0.02015253096822307,0.5795214200674633,0.8331606967877987,3.1284913136850663,0.3746335254846415
0.020162849154017174,0.5813398934769572,0.8323976266017599,3.129728573268436,0.37491344883586236
0.020168328352799865,0.5831456597960336,0.8328682118822482,3.1309689048402247,0.3751890582662998
0.020168967249589758,0.5849371112989097,0.8350409566077535,3.132212230802502,0.375460284122484
0.020164765691054628,0.5867126672867239,0.8344456859391176,3.133458422000784,0.3757248575501676
0.020155724685548434,0.5884707749090814,0.8345653608099337,3.134707361167704,0.37598544241590626
0.02014184640286899,0.5902099099308269,0.8365187651835073,3.135958984392864,0.3762422342179923
0.020123134173737654,0.5919285774466773,0.8384942283380894,3.1372131681774285,0.3764920500139653
0.020099592488999472,0.5936253125463113,0.8382231152600282,3.1384697675502613,0.3767349085236343
0.020071226998545875,0.5952986809324842,0.8386902195638539,3.1397286466643104,0.3769724740802453
0.020038044509958445,0.5969472794946591,0.8392420419712535,3.140989734532742,0.3772079085044778
0.02000005298687494,0.5985697368406108,0.8397723056243208,3.1422529855014822,0.3774410430458552
0.01995726154707879,0.6001647137883542,0.8402351512452614,3.1435183442528203,0.37767159024352726
0.01990968046031002,0.6017309038207244,0.8407617556133294,3.14478575470061,0.3778994563477983
0.01985732114580111,0.6032670335048071,0.8424052970511807,3.1460551497683484,0.37812285839202675
0.019800196169536106,0.6047718628783822,0.8421942182136631,3.1473263991335756,0.37833872844002187
0.01973831924123521,0.6062441858054354,0.8418210549042572,3.148599338548577,0.3785463436410016
0.019671705211064153,0.6076828303027125,0.8436894714676133,3.149873801623817,0.3787457530136332
0.019600370066070388,0.6090866588392202,0.8442419428501577,3.151149631731294,0.3789393878811066
0.019524330926346267,0.6104545686104789,0.8446929481518904,3.1524267616189987,0.379130866009141
0.019443606040920443,0.6117854917892436,0.8451395771966154,3.15370513827124,0.3793196187443337
0.019358214783377868,0.613078395754356,0.8446774100319192,3.1549846936359,0.3795033858130799
0.019268177647210442,0.6143322832992658,0.845283031888426,3.1562652929428845,0.3796812851601096
0.019173516240898573,0.615546192821709,0.8456856926972459,3.1575468641505062,0.379856691689705
0.01907425328272558,0.6167191984959446,0.8461527896246873,3.1588293533385396,0.38002946721141545
0.01897041259532481,0.6178504104288614,0.846613883425912,3.160112703469068,0.380199310958116
0.01886201909996274,0.6189389748012097,0.8457755543667931,3.1613968418710696,0.3803640787470563
0.018749098810558047,0.6199840739951225,0.8461175854312063,3.1626816370334048,0.3805229634215602
0.01863167882743811,0.6209849267090315,0.8464535362846298,3.1639670159481286,0.38067947694312765
0.018509787330835286,0.6219407880610087,0.8469851468201655,3.1652529288957063,0.3808335866748456
0.018383453574123566,0.6228509496814983,0.8475149339882533,3.1665393318818515,0.3809857623177766
0.0182527078767982,0.6237147397963448,0.8479113034456629,3.1678261853197394,0.38113577836723606
0.01811758161719891,0.624531523300945,0.8484394520804619,3.1691134397271647,0.38128342780808444
0.01797810722497946,0.6253007018263265,0.8487581740275293,3.1704010513870116,0.3814288296882619
0.017834318173324346,0.6260217137978517,0.8491371878032927,3.1716889686998058,0.38157156473293763
0.017686248970915853,0.6266940344872404,0.8495084332255247,3.1729771366428703,0.3817114842626979
0.01753393515365171,0.6273171760585025,0.8498773989948395,3.1742654996401765,0.3818487189745265
0.01737741327611699,0.6278906876083737,0.8502394169899634,3.1755540023601596,0.3819831432534842
0.017216720902810977,0.6284141552017495,0.8508073451047455,3.1768425901267086,0.38211508995523263
0.01705189659913192,0.6288872019025957,0.8513461239570159,3.178131220059984,0.38224508336975654
0.016882979922121403,0.6293094878007721,0.8518563864002402,3.1794198514089955,0.38237293656878296
0.016710011410971143,0.6296807100351273,0.8522045021338959,3.180708440632755,0.3824984700512316
0.016533032577293598,0.6300006028132336,0.8525453325729282,3.181996936047434,0.3826212650157275
0.016352085895159272,0.6302689374280371,0.8530344165409871,3.1832852859073335,0.3827417780181342
0.01616721479090326,0.6304855222716997,0.8534952804816892,3.184573450195711,0.38286032966508304
0.01597846363270328,0.6306502028468441,0.8540077690757787,3.1858613896843426,0.3829769305445941
0.015785877719931063,0.630762861775394,0.854334925910141,3.1871490642503404,0.38309121883203245
0.015589503272281445,0.6308234188051546,0.8546541913333114,3.1884364225832327,0.38320283095309216
0.01538938741867906,0.6308318308142415,0.8549655334391988,3.1897234099703775,0.38331152729584744
0.015185578185968277,0.6307880918134375,0.8552686050954936,3.191009970024881,0.3834175027350205
0.014978124487386541,0.6306922329465244,0.8555297867602676,3.192296052488843,0.383521203387841
0.01476707611082577,0.6305443224885761,0.8558282112895874,3.1935816191613773,0.3836229276621289
0.014552483706883331,0.6303444658422067,0.8561178743327873,3.1948666231246823,0.38372192589729553
0.014334398776705866,0.6300928055316957,0.8540188348283795,3.196150999868942,0.3838164042018859
0.014112873659629958,0.6297895211948916,0.8545173376181783,3.197434640565732,0.3839060603824322
0.013887961520620306,0.6294348295727565,0.8547350101935066,3.1987174878875733,0.3839936270698324
0.013659716337510591,0.629028984496391,0.8551687479766665,3.1999994993638814,0.3840790809931947
0.013428192888049232,0.6285722768713107,0.8556654551604946,3.2012806383048686,0.3841626714505702
0.013193446736752597,0.6280650346587406,0.8558747685072162,3.202560867928941,0.38424423635193694
0.012955534221570319,0.6275076228536376,0.8560432027584662,3.203840138579942,0.3843217863185681
0.012714512440364015,0.6269004434591096,0.856282529406394,3.2051183334266375,0.38439232621267
0.012470439237204058,0.6262439354568707,0.853965758303449,3.2063953119278077,0.3844558450349841
0.01222337318848784,0.6255385747733098,0.8511143383655809,3.2076709463794586,0.38451342142655265
0.011973373588880882,0.624784874240728,0.8505640499622561,3.208945128322674,0.3845654827645048
0.011720500437087143,0.623983383553235,0.8507463695578368,3.210217754608614,0.3846131733089585
0.01146481442144926,0.6231346892167582,0.850919936219494,3.2114887660673017,0.38465838126835716
0.01120637690538356,0.6222394144925636,0.8477197113505694,3.2127581124971782,0.3847003440396801
0.010945249912653337,0.6212982193336316,0.8440721562502618,3.2140257209650063,0.3847385776243109
0.010681496112483464,0.6203118003131962,0.8445711773530733,3.2152915343350017,0.38477435904616497
0.010415178804519901,0.619280890544662,0.8447219521234629,3.2165555152320873,0.38480831407176563
0.010146361903638143,0.618206259592103,0.8452221379928345,3.217817629462576,0.3848402467475566
0.009875109924604022,0.6170887133704438,0.8456577073430737,3.2190778407444403,0.3848703643176639
0.009601487966590523,0.6159290940343901,0.8461584922403022,3.220336120261408,0.38489887523549554
0.009325561697554042,0.6147282798550866,0.8462295490607514,3.221592437223345,0.3849254959134996
0.009047397338474712,0.6134871850834357,0.8463086241034258,3.2228467557962595,0.38495015787187503
0.008767061647463388,0.6122067597989151,0.8463829196418201,3.2240990425133873,0.38497294321942555
0.00848462190374039,0.6108879897426965,0.84643969408643,3.2253492612214774,0.3849935729946743
0.008200145891488299,0.6095318961337322,0.8422334312773083,3.2265973745554906,0.3850124649588219
0.007913701883584551,0.6081395354664747,0.83767498939777,3.227843363181911,0.38503077615743425
0.00762535862521617,0.6067119992887473,0.8328626006884016,3.229087230797348,0.38504956427949233
0.007335185317380962,0.6052504139582555,0.8279067174841586,3.230329003963003,0.3850700736721231
0.007043251600279878,0.6037559403761079,0.8283793306568611,3.2315687201782275,0.385091216339448
0.006749627536603777,0.6022297736956522,0.8283602106043018,3.2328063660411477,0.38511079993468994
0.006454383594718505,0.6006731430048534,0.8288124218811954,3.2340419127613287,0.3851286204702969
0.006157590631752763,0.5990873109803354,0.828791906591914,3.235275330330752,0.38514476707221024
0.005859319876593144,0.5974735735111341,0.8238156817354639,3.23650659933133,0.38516119623889333
0.005559642912788981,0.5958332592901389,0.8242551793702336,3.2377357593944343,0.3851789836497506
0.00525863166137324,0.5941677293710945,0.8242327987370272,3.2389628028247097,0.38519512475922246
0.004956358363601208,0.5924783766889635,0.8242147074648771,3.240187701293658,0.3852097130170791
0.004652895563613504,0.5907666255413767,0.8241971399992114,3.2414104286404286,0.3852227655702858
0.004348316091025285,0.5890339310288257,0.819346723654745,3.242630967260483,0.3852361588061003
0.0040426930434481175,0.5872817784511687,0.8186620216005337,3.243849350396581,0.3852491963773786
0.003736099768946245,0.5855116826579656,0.8186989656163444,3.245065508875962,0.38525808541091167
0.0034286098484339373,0.5837251873501161,0.8173554568723793,3.246279393132763,0.3852640441628866
0.003120297078015936,0.5819238643301871,0.8174342107757178,3.2474909281927133,0.3852664401287508
0.0028112354512773515,0.5801093126988304,0.8175157112924676,3.248700075486882,0.38526732968822863
0.0025014991415250156,0.5782831579946083,0.8175848919212476,3.2499068096805717,0.3852667174160437
0.002191162483986421,0.5764470512745703,0.8176551840039299,3.2511111067240956,0.38526473203473627
0.0018802999579697296,0.5746026681329026,0.818129266477239,3.2523129429461237,0.3852612163263006
0.0015689861689890136,0.572751707654998,0.8143277497910609,3.253512300163764,0.3852576606238241
0.0012572958308592365,0.5708958913043132,0.8147884242379513,3.2547092026638023,0.3852546620595066
0.0009453037477653301,0.5690369617394464,0.8152138703652398,3.255903638129246,0.38525012309288886
0.0006330847963096959,0.5671766815589355,0.8153130965613298,3.2570955849048886,0.3852444987214135
0.0003207139075419209,0.5653168319713717,0.8157179974886439,3.2582850267489243,0.38523770164430376
8.266048975909545e-06,0.5634592113885611,0.8158209355747136,3.2594719415884374,0.385229369867113
-0.0003041837934021462,0.561605633939593,0.8159261812548125,3.2606563017500214,0.38521942421584726
-0.0006165606331298433,0.559757927903879,0.8160345308979976,3.2618380829941094,0.38520806160585447
-0.0009287895012651703,0.5579179340614228,0.8164275979226671,3.2630172585437283,0.38519494200641885
-0.0012407954643784743,0.5560875039588247,0.8131673565096185,3.264193807175001,0.3851814467889849
